sd,s_high,s_low,s_close,on_high,on_low,rth_first_hm,open0930,rth_high,rth_low,rth_close,rth_last_hm,ib_high,ib_low,atr14,pdh,pdl,pclose
2022-01-03,19872.5,19656.5,19860.25,19817.0,19720.5,933.0,19747.5,19862.5,19656.5,19854.25,1600.0,19849.25,19656.5,,,,
2022-01-04,19928.5,19504.0,19625.75,19928.5,19841.5,933.0,19874.25,19876.5,19504.0,19637.25,1600.0,19876.5,19729.75,,19862.5,19656.5,19854.25
2022-01-05,19633.5,19117.25,19118.75,19633.5,19536.25,933.0,19564.75,19611.75,19123.5,19129.5,1600.0,19611.75,19467.5,,19876.5,19504.0,19637.25
2022-01-06,19260.25,18963.0,19158.5,19177.5,18984.75,933.0,19056.0,19260.25,18963.0,19122.5,1600.0,19215.0,18963.0,,19611.75,19123.5,19129.5
2022-01-07,19217.25,18874.5,18934.75,19217.25,18988.5,933.0,19122.0,19192.25,18874.5,18949.25,1600.0,19192.25,19013.75,,19260.25,18963.0,19122.5
2022-01-10,19033.5,18517.0,18980.0,19033.5,18720.25,933.0,18741.5,18981.5,18517.0,18968.5,1600.0,18779.5,18559.5,,19192.25,18874.5,18949.25
2022-01-11,19204.0,18839.5,19189.0,19098.5,18908.25,933.0,18930.0,19202.5,18839.5,19197.25,1600.0,19017.25,18839.5,,18981.5,18517.0,18968.5
2022-01-12,19373.75,19127.0,19259.75,19343.75,19127.0,933.0,19303.25,19373.75,19161.75,19260.25,1600.0,19373.75,19249.0,,19202.5,18839.5,19197.25
2022-01-13,19344.25,18822.75,18866.25,19326.25,19184.5,933.0,19315.0,19344.25,18822.75,18862.5,1600.0,19344.25,19195.75,,19373.75,19161.75,19260.25
2022-01-14,18985.5,18677.0,18981.25,18919.0,18677.0,933.0,18752.5,18971.5,18744.25,18957.25,1600.0,18965.0,18744.25,,19344.25,18822.75,18862.5
2022-01-17,19017.75,18871.75,18923.75,19017.75,18871.75,933.0,18962.25,18976.25,18908.0,18923.75,1300.0,18976.25,18911.0,,18971.5,18744.25,18957.25
2022-01-18,18967.75,18535.25,18604.0,18967.75,18634.5,933.0,18711.5,18799.25,18535.25,18576.75,1600.0,18799.25,18636.25,,18976.25,18908.0,18923.75
2022-01-19,18736.5,18375.75,18401.5,18687.25,18415.25,933.0,18631.25,18736.5,18389.0,18401.75,1600.0,18736.5,18615.75,,18799.25,18535.25,18576.75
2022-01-20,18704.75,18011.25,18090.25,18570.75,18358.25,933.0,18533.25,18704.75,18181.0,18201.25,1600.0,18658.0,18524.75,,18736.5,18389.0,18401.75
2022-01-21,18223.0,17773.0,17775.5,18181.0,17966.75,933.0,18110.0,18223.0,17779.25,17780.25,1600.0,18183.0,17896.75,,18704.75,18181.0,18201.25
2022-01-24,17946.5,17070.5,17867.25,17946.5,17470.5,933.0,17555.5,17886.5,17070.5,17869.0,1600.0,17628.0,17341.5,401.51785714285717,18223.0,17779.25,17780.25
2022-01-25,17863.5,17254.5,17286.75,17863.5,17493.0,933.0,17584.0,17764.75,17378.5,17515.5,1600.0,17669.25,17401.0,433.76785714285717,17886.5,17070.5,17869.0
2022-01-26,18004.25,17310.0,17515.25,17870.75,17310.0,933.0,17840.25,18004.25,17340.75,17512.75,1600.0,17879.5,17714.75,440.6607142857143,17764.75,17378.5,17515.5
2022-01-27,17773.75,17209.0,17478.25,17703.5,17209.0,933.0,17697.5,17773.75,17309.5,17351.5,1600.0,17773.75,17596.5,470.67857142857144,18004.25,17340.75,17512.75
2022-01-28,17806.5,17195.5,17794.75,17548.0,17195.5,933.0,17433.0,17802.75,17224.75,17798.5,1600.0,17466.75,17224.75,486.5357142857143,17773.75,17309.5,17351.5
2022-01-31,18279.25,17717.75,18232.5,17911.5,17717.75,933.0,17852.75,18279.25,17780.75,18261.0,1600.0,18089.0,17780.75,493.2857142857143,17802.75,17224.75,17798.5
2022-02-01,18501.5,18093.75,18481.25,18329.5,18182.5,933.0,18308.5,18384.0,18093.75,18355.5,1600.0,18316.5,18093.75,507.35714285714283,18279.25,17780.75,18261.0
2022-02-02,18624.5,18189.5,18227.75,18624.5,18468.75,933.0,18532.25,18542.5,18306.0,18477.0,1600.0,18542.5,18391.25,518.8571428571429,18384.0,18093.75,18355.5
2022-02-03,18234.5,17820.75,18168.25,18234.5,18039.5,933.0,18068.5,18207.0,17820.75,17866.75,1600.0,18196.75,18042.0,512.6785714285714,18542.5,18306.0,18477.0
2022-02-04,18190.25,17727.25,18009.5,18190.25,17727.25,933.0,17883.75,18184.0,17797.25,18045.5,1600.0,18031.25,17797.25,520.1964285714286,18207.0,17820.75,17866.75
2022-02-07,18170.75,17876.0,17966.25,18123.5,17965.0,933.0,18072.75,18170.75,17876.0,17929.5,1600.0,18170.75,18034.5,542.8392857142857,18184.0,17797.25,18045.5
2022-02-08,18140.5,17832.0,18110.25,17988.5,17848.5,933.0,17880.75,18140.5,17832.0,18097.75,1600.0,17952.5,17832.0,533.0,18170.75,17876.0,17929.5
2022-02-09,18432.5,18105.5,18416.5,18311.0,18105.5,933.0,18283.5,18408.75,18217.75,18407.75,1600.0,18315.75,18217.75,529.2678571428571,18140.5,17832.0,18097.75
2022-02-10,18426.75,17986.5,18060.0,18426.75,18085.5,933.0,18106.75,18393.75,17986.5,18067.0,1600.0,18355.5,18099.5,503.0892857142857,18408.75,18217.75,18407.75
2022-02-11,18131.25,17545.5,17621.25,18103.25,17892.0,933.0,18065.25,18131.25,17545.5,17602.25,1600.0,18131.25,17954.5,502.39285714285717,18393.75,17986.5,18067.0
2022-02-14,17758.5,17395.5,17625.25,17662.5,17395.5,933.0,17573.75,17758.5,17466.5,17620.75,1600.0,17699.25,17546.5,481.6607142857143,18131.25,17545.5,17602.25
2022-02-15,17979.25,17587.75,17946.25,17938.75,17587.75,933.0,17836.75,17979.25,17792.0,17973.5,1600.0,17886.5,17809.5,463.82142857142856,17758.5,17466.5,17620.75
2022-02-16,18033.0,17745.5,17957.0,18033.0,17860.0,933.0,17878.5,18009.5,17745.5,17965.75,1600.0,17881.5,17745.5,440.5357142857143,17979.25,17792.0,17973.5
2022-02-17,17984.0,17496.0,17521.25,17984.0,17806.5,933.0,17827.0,17859.5,17512.5,17530.75,1600.0,17859.5,17702.5,420.73214285714283,18009.5,17745.5,17965.75
2022-02-18,17663.5,17270.75,17358.25,17663.5,17493.25,933.0,17569.0,17585.25,17270.75,17369.25,1600.0,17585.25,17450.25,411.94642857142856,17859.5,17512.5,17530.75
2022-02-21,17522.0,17080.75,17100.0,17522.0,17139.0,933.0,17226.75,17248.25,17080.75,17100.0,1300.0,17248.25,17167.0,399.89285714285717,17585.25,17270.75,17369.25
2022-02-22,17472.75,16944.75,17284.75,17331.5,16944.75,933.0,17246.0,17472.75,17075.25,17230.25,1600.0,17472.5,17226.5,402.2857142857143,17248.25,17080.75,17100.0
2022-02-23,17433.25,16835.75,16852.0,17433.25,17276.75,933.0,17360.0,17395.5,16859.0,16871.75,1600.0,17395.5,17159.25,408.92857142857144,17472.75,17075.25,17230.25
2022-02-24,17347.75,16390.25,17275.5,16882.25,16390.25,933.0,16438.25,17347.75,16422.5,17330.25,1600.0,16847.75,16422.5,422.05357142857144,17395.5,16859.0,16871.75
2022-02-25,17560.75,17124.75,17552.25,17472.0,17124.75,933.0,17359.0,17551.5,17196.25,17546.5,1600.0,17378.0,17196.25,457.375,17347.75,16422.5,17330.25
2022-02-28,17656.75,17047.5,17582.5,17432.75,17047.5,933.0,17406.5,17656.75,17360.25,17596.75,1600.0,17521.75,17391.75,467.4642857142857,17551.5,17196.25,17546.5
2022-03-01,17692.25,17264.5,17393.0,17692.25,17434.75,933.0,17539.5,17637.5,17264.5,17369.0,1600.0,17637.5,17511.5,488.94642857142856,17656.75,17360.25,17596.75
2022-03-02,17654.5,17276.0,17561.25,17509.5,17276.0,933.0,17432.0,17654.5,17315.5,17601.0,1600.0,17494.25,17315.5,496.14285714285717,17637.5,17264.5,17369.0
2022-03-03,17755.5,17319.5,17423.0,17755.5,17524.5,933.0,17715.0,17720.0,17319.5,17399.5,1600.0,17720.0,17491.5,491.73214285714283,17654.5,17315.5,17601.0
2022-03-04,17451.0,17098.25,17163.25,17451.0,17109.75,933.0,17299.0,17360.0,17098.25,17198.5,1600.0,17360.0,17164.0,481.0357142857143,17720.0,17319.5,17399.5
2022-03-07,17244.25,16629.5,16634.5,17212.5,16892.25,933.0,17195.5,17244.25,16678.25,16685.75,1600.0,17244.25,16935.75,480.30357142857144,17360.0,17098.25,17198.5
2022-03-08,17030.5,16467.75,16564.0,16789.5,16467.75,933.0,16650.75,17030.5,16482.75,16619.0,1600.0,16738.5,16502.25,496.25,17244.25,16678.25,16685.75
2022-03-09,17186.25,16554.25,17138.5,17008.75,16554.25,933.0,16968.5,17160.25,16860.5,17106.5,1600.0,17012.5,16860.5,515.9107142857143,17030.5,16482.75,16619.0
2022-03-10,17141.75,16759.0,16940.5,17141.75,16876.0,933.0,16930.5,17001.25,16759.0,16956.25,1600.0,16975.75,16853.75,526.1964285714286,17160.25,16860.5,17106.5
2022-03-11,17226.5,16646.0,16671.5,17226.5,16820.0,933.0,17074.25,17090.25,16646.0,16665.25,1600.0,17090.25,16873.0,525.4821428571429,17001.25,16759.0,16956.25
2022-03-14,16810.0,16384.0,16447.25,16810.0,16590.5,933.0,16615.0,16757.75,16384.0,16417.25,1600.0,16757.75,16568.5,535.4285714285714,17090.25,16646.0,16665.25
2022-03-15,16855.0,16311.0,16811.75,16553.0,16311.0,933.0,16524.0,16855.0,16456.0,16823.0,1600.0,16630.0,16456.0,528.1428571428571,16757.75,16384.0,16417.25
2022-03-16,17394.25,16785.75,17368.0,17088.75,16785.75,933.0,16987.25,17326.0,16831.5,17323.5,1600.0,17205.75,16980.75,524.3214285714286,16855.0,16456.0,16823.0
2022-03-17,17501.0,17187.5,17422.75,17390.75,17201.0,933.0,17240.75,17490.5,17187.5,17487.75,1600.0,17381.25,17187.5,499.39285714285717,17326.0,16831.5,17323.5
2022-03-18,17811.25,17335.0,17803.75,17440.75,17335.0,933.0,17414.5,17792.5,17363.5,17778.0,1600.0,17613.75,17363.5,490.64285714285717,17490.5,17187.5,17487.75
2022-03-21,17835.25,17552.25,17763.25,17803.5,17675.5,933.0,17740.0,17835.25,17552.25,17741.25,1600.0,17835.25,17596.5,481.14285714285717,17792.5,17363.5,17778.0
2022-03-22,18059.25,17662.0,18023.0,17816.75,17662.0,933.0,17759.0,18059.25,17742.5,18023.5,1600.0,17959.25,17742.5,470.80357142857144,17835.25,17552.25,17741.25
2022-03-23,18050.75,17809.5,17832.25,18045.5,17888.5,933.0,17900.25,18050.75,17809.5,17812.75,1600.0,17964.0,17829.25,472.14285714285717,18059.25,17742.5,18023.5
2022-03-24,18138.25,17802.0,18131.5,17939.75,17816.75,933.0,17892.25,18137.25,17802.0,18135.0,1600.0,17924.5,17813.5,458.23214285714283,18050.75,17809.5,17812.75
2022-03-25,18209.0,17941.0,18121.0,18209.0,18061.75,933.0,18131.75,18176.5,17941.0,18124.75,1600.0,18157.0,18062.75,457.05357142857144,18137.25,17802.0,18135.0
2022-03-28,18365.5,18027.25,18349.5,18181.0,18027.25,933.0,18121.75,18356.5,18069.5,18355.75,1600.0,18280.75,18118.25,432.2857142857143,18176.5,17941.0,18124.75
2022-03-29,18637.25,18325.0,18592.75,18542.0,18325.0,933.0,18516.25,18637.25,18401.0,18609.75,1600.0,18588.0,18401.0,416.25,18356.5,18069.5,18355.75
2022-03-30,18630.75,18380.75,18473.5,18630.75,18495.5,933.0,18534.25,18603.25,18380.75,18449.0,1600.0,18598.5,18509.75,393.4107142857143,18637.25,18401.0,18609.75
2022-03-31,18549.25,18224.0,18285.75,18549.25,18440.75,933.0,18448.75,18463.75,18224.0,18236.25,1600.0,18458.5,18334.5,383.92857142857144,18603.25,18380.75,18449.0
2022-04-01,18328.5,18093.5,18220.75,18328.5,18244.0,933.0,18267.75,18300.5,18093.5,18229.5,1600.0,18300.5,18175.0,365.69642857142856,18463.75,18224.0,18236.25
2022-04-04,18543.0,18169.5,18528.0,18307.5,18169.5,933.0,18263.75,18535.5,18252.0,18533.25,1600.0,18437.25,18252.0,352.05357142857144,18300.5,18093.5,18229.5
2022-04-05,18566.5,18148.75,18230.0,18566.5,18468.75,933.0,18473.75,18504.75,18148.75,18199.5,1600.0,18504.75,18303.75,339.875,18535.5,18252.0,18533.25
2022-04-06,18229.75,17763.25,17864.5,18229.75,17949.75,933.0,17971.25,18021.25,17763.25,17873.75,1600.0,18012.0,17824.75,326.25,18504.75,18148.75,18199.5
2022-04-07,18002.25,17685.5,17902.5,17972.5,17802.25,933.0,17835.75,18002.25,17685.5,17911.5,1600.0,17976.5,17827.75,337.19642857142856,18021.25,17763.25,17873.75
2022-04-08,18010.75,17679.0,17696.5,18010.75,17829.5,933.0,17836.5,17866.75,17679.0,17704.25,1600.0,17845.25,17681.0,325.80357142857144,18002.25,17685.5,17911.5
2022-04-11,17750.5,17353.25,17372.0,17750.5,17496.5,933.0,17526.75,17565.5,17353.25,17369.0,1600.0,17565.5,17430.75,329.2857142857143,17866.75,17679.0,17704.25
2022-04-12,17652.75,17249.75,17322.0,17652.75,17271.25,933.0,17568.25,17646.0,17249.75,17310.5,1600.0,17646.0,17481.5,329.2857142857143,17565.5,17353.25,17369.0
2022-04-13,17635.0,17289.5,17580.75,17467.25,17294.0,933.0,17321.75,17635.0,17289.5,17590.0,1600.0,17466.0,17289.5,340.8392857142857,17646.0,17249.75,17310.5
2022-04-14,17664.75,17245.0,17260.75,17664.75,17544.75,933.0,17592.5,17615.25,17254.0,17262.25,1600.0,17615.25,17401.75,341.5,17635.0,17289.5,17590.0
2022-04-18,17371.0,17098.0,17333.5,17272.25,17098.0,933.0,17218.75,17371.0,17154.5,17285.5,1600.0,17371.0,17195.5,352.3392857142857,17615.25,17254.0,17262.25
2022-04-19,17610.5,17196.5,17464.25,17387.5,17196.5,933.0,17244.0,17610.5,17202.0,17581.0,1600.0,17466.0,17202.0,347.67857142857144,17371.0,17154.5,17285.5
2022-04-20,17666.5,17325.0,17438.5,17666.5,17410.75,933.0,17620.25,17638.5,17325.0,17372.25,1600.0,17638.5,17405.75,354.94642857142856,17610.5,17202.0,17581.0
2022-04-21,17651.5,17036.0,17084.0,17562.25,17423.0,933.0,17541.0,17651.5,17048.5,17090.25,1600.0,17651.5,17484.25,361.48214285714283,17638.5,17325.0,17372.25
2022-04-22,17149.5,16665.5,16684.0,17149.5,16980.75,933.0,17094.0,17146.25,16708.5,16725.5,1600.0,17146.25,16951.5,382.2142857142857,17651.5,17048.5,17090.25
2022-04-25,16918.25,16552.5,16896.5,16728.5,16552.5,933.0,16657.5,16911.75,16604.5,16900.75,1600.0,16775.5,16604.5,400.0,17146.25,16708.5,16725.5
2022-04-26,16952.25,16170.0,16184.0,16952.25,16796.25,933.0,16811.75,16819.25,16374.75,16378.75,1600.0,16819.25,16536.25,399.44642857142856,16911.75,16604.5,16900.75
2022-04-27,16623.75,16246.75,16537.0,16552.0,16246.75,933.0,16390.25,16623.75,16298.75,16371.5,1600.0,16623.75,16314.0,425.48214285714283,16819.25,16374.75,16378.75
2022-04-28,16910.5,16401.5,16676.5,16715.75,16501.25,933.0,16581.25,16910.5,16401.5,16831.75,1600.0,16649.25,16432.0,423.55357142857144,16623.75,16298.75,16371.5
2022-04-29,16801.5,16200.25,16259.0,16789.0,16546.25,933.0,16656.0,16801.5,16200.25,16224.25,1600.0,16801.5,16584.75,437.2857142857143,16910.5,16401.5,16831.75
2022-05-02,16453.0,16078.25,16419.75,16348.75,16134.5,933.0,16209.25,16450.5,16078.25,16438.75,1600.0,16362.75,16111.25,456.5357142857143,16801.5,16200.25,16224.25
2022-05-03,16552.25,16337.0,16489.5,16540.0,16370.75,933.0,16441.75,16552.25,16337.0,16459.0,1600.0,16520.75,16337.0,454.92857142857144,16450.5,16078.25,16438.75
2022-05-04,16923.75,16251.5,16864.25,16524.0,16448.75,933.0,16475.25,16923.75,16251.5,16901.25,1600.0,16482.75,16299.5,441.51785714285717,16552.25,16337.0,16459.0
2022-05-05,16916.5,16073.75,16265.5,16916.5,16701.25,933.0,16711.0,16714.75,16073.75,16228.5,1600.0,16714.75,16373.0,464.85714285714283,16923.75,16251.5,16901.25
2022-05-06,16297.25,15887.5,16032.0,16263.25,16076.75,933.0,16127.75,16297.25,15887.5,16062.25,1600.0,16209.0,15887.5,495.07142857142856,16714.75,16073.75,16228.5
2022-05-09,16005.75,15503.75,15574.0,16005.75,15712.25,933.0,15817.75,15924.25,15503.75,15565.5,1600.0,15924.25,15714.75,504.8392857142857,16297.25,15887.5,16062.25
2022-05-10,15915.5,15470.75,15702.75,15886.5,15470.75,933.0,15865.0,15915.5,15538.5,15713.0,1600.0,15915.5,15704.75,513.0,15924.25,15503.75,15565.5
2022-05-11,15921.75,15307.0,15380.0,15921.75,15469.75,933.0,15614.0,15847.0,15307.0,15342.75,1600.0,15847.0,15514.5,520.375,15915.5,15538.5,15713.0
2022-05-12,15501.25,15057.5,15241.75,15440.75,15124.0,933.0,15160.25,15501.25,15057.5,15316.5,1600.0,15414.5,15061.75,520.3214285714286,15847.0,15307.0,15342.75
2022-05-13,15800.5,15260.0,15732.5,15576.0,15260.0,933.0,15500.5,15800.5,15433.25,15753.0,1600.0,15707.25,15433.25,517.4464285714286,15501.25,15057.5,15316.5
2022-05-16,15867.25,15558.75,15605.25,15867.25,15598.75,933.0,15680.0,15771.5,15558.75,15615.75,1600.0,15743.75,15572.0,531.2321428571429,15800.5,15433.25,15753.0
2022-05-17,15946.5,15602.5,15942.25,15912.5,15602.5,933.0,15859.75,15946.5,15697.0,15932.25,1600.0,15904.25,15771.75,497.39285714285717,15771.5,15558.75,15615.75
2022-05-18,15962.5,15231.25,15261.0,15962.5,15726.25,933.0,15736.75,15768.25,15256.0,15308.75,1600.0,15768.25,15658.25,490.55357142857144,15946.5,15697.0,15932.25
2022-05-19,15445.25,15072.5,15266.75,15322.0,15072.5,933.0,15232.75,15445.25,15163.75,15244.75,1600.0,15377.75,15163.75,506.42857142857144,15768.25,15256.0,15308.75
2022-05-20,15465.25,14859.75,15206.5,15465.25,15263.5,933.0,15394.75,15421.5,14859.75,15204.0,1600.0,15421.5,15244.25,490.10714285714283,15445.25,15163.75,15244.75
2022-05-23,15444.0,15152.25,15424.5,15414.25,15226.5,933.0,15253.25,15422.5,15152.25,15403.5,1600.0,15346.0,15152.25,506.5892857142857,15421.5,14859.75,15204.0
2022-05-24,15286.5,14944.75,15179.25,15286.5,15122.0,933.0,15185.0,15216.0,14944.75,15150.25,1600.0,15216.0,14944.75,512.0535714285714,15422.5,15152.25,15403.5
2022-05-25,15404.5,15040.5,15261.75,15261.0,15040.5,933.0,15085.75,15404.5,15076.5,15318.0,1600.0,15259.25,15076.5,498.30357142857144,15216.0,14944.75,15150.25
2022-05-26,15711.5,15216.75,15626.5,15389.0,15216.75,933.0,15281.25,15711.5,15267.5,15643.5,1600.0,15564.25,15267.5,464.10714285714283,15404.5,15076.5,15318.0
2022-05-27,16088.75,15590.5,16086.0,15805.5,15590.5,933.0,15776.0,16051.75,15770.5,16050.75,1600.0,15951.0,15770.5,470.17857142857144,15711.5,15267.5,15643.5
2022-05-30,16251.5,16041.25,16178.5,16251.5,16041.25,933.0,16125.5,16204.25,16105.0,16178.5,1300.0,16145.5,16105.0,468.0357142857143,16051.75,15770.5,16050.75
2022-05-31,16194.25,15848.5,16021.75,16194.25,15963.25,933.0,16045.25,16137.0,15848.5,16014.25,1600.0,16056.5,15848.5,451.2857142857143,16204.25,16105.0,16178.5
2022-06-01,16192.0,15823.25,15916.5,16111.25,15950.0,933.0,16102.0,16192.0,15823.25,15918.25,1600.0,16192.0,15974.25,432.07142857142856,16137.0,15848.5,16014.25
2022-06-02,16272.25,15811.0,16265.25,16024.0,15856.5,933.0,15871.0,16267.75,15811.0,16262.5,1600.0,16001.0,15811.0,426.7142857142857,16192.0,15823.25,15918.25
2022-06-03,16313.75,15871.5,15918.0,16313.75,16039.25,933.0,16041.75,16099.75,15871.5,15922.5,1600.0,16099.75,15977.75,419.75,16267.75,15811.0,16262.5
2022-06-06,16178.5,15895.5,15975.25,16134.5,15895.5,933.0,16110.0,16178.5,15901.25,15968.75,1600.0,16178.5,16042.0,429.30357142857144,16099.75,15871.5,15922.5
2022-06-07,16108.75,15781.0,16050.0,15983.0,15794.25,933.0,15825.5,16108.75,15781.0,16080.0,1600.0,15968.75,15781.0,424.94642857142856,16178.5,15901.25,15968.75
2022-06-08,16151.5,15947.75,15987.75,16090.75,15992.75,933.0,16042.25,16151.5,15947.75,15987.5,1600.0,16151.5,15996.0,396.125,16108.75,15781.0,16080.0
2022-06-09,16089.0,15618.75,15660.0,16089.0,15892.0,933.0,15905.25,16041.75,15632.5,15633.25,1600.0,16017.0,15869.25,384.05357142857144,16151.5,15947.75,15987.5
2022-06-10,15702.5,15183.0,15222.0,15702.5,15360.0,933.0,15401.5,15453.0,15183.0,15199.0,1600.0,15453.0,15213.75,374.39285714285717,16041.75,15632.5,15633.25
2022-06-13,15145.5,14619.0,14693.75,15145.5,14790.25,933.0,14828.5,14938.25,14619.0,14660.25,1600.0,14938.25,14746.25,390.6607142857143,15453.0,15183.0,15199.0
2022-06-14,14868.25,14569.75,14695.25,14868.25,14678.0,933.0,14748.25,14789.0,14569.75,14684.5,1600.0,14775.75,14626.25,399.4642857142857,14938.25,14619.0,14660.25
2022-06-15,15128.0,14692.25,14960.5,14850.5,14692.25,933.0,14821.0,15128.0,14705.0,14966.5,1600.0,14907.75,14793.5,394.7857142857143,14789.0,14569.75,14684.5
2022-06-16,15108.0,14402.25,14538.0,15108.0,14602.25,933.0,14663.25,14683.5,14402.25,14500.5,1600.0,14683.5,14536.75,390.57142857142856,15128.0,14705.0,14966.5
2022-06-17,14729.75,14452.75,14641.5,14655.5,14496.25,933.0,14524.25,14729.75,14452.75,14626.25,1600.0,14682.25,14516.25,405.39285714285717,14683.5,14402.25,14500.5
2022-06-20,14771.25,14607.5,14754.5,14771.25,14607.5,933.0,14700.0,14764.5,14666.75,14754.5,1300.0,14719.0,14666.75,410.1607142857143,14729.75,14452.75,14626.25
2022-06-21,15012.0,14732.25,14915.25,14880.75,14732.25,933.0,14814.5,15012.0,14809.5,14913.0,1600.0,15000.0,14809.5,397.1607142857143,14764.5,14666.75,14754.5
2022-06-22,15079.5,14654.25,14878.5,14916.75,14654.25,933.0,14804.0,15079.5,14780.5,14892.0,1600.0,15049.75,14780.5,390.80357142857144,15012.0,14809.5,14913.0
2022-06-23,15100.5,14794.25,15021.75,15038.75,14794.25,933.0,14994.5,15100.5,14876.75,15067.0,1600.0,15020.75,14876.75,388.23214285714283,15079.5,14780.5,14892.0
2022-06-24,15482.25,15018.5,15466.5,15209.5,15018.5,933.0,15183.25,15482.0,15172.5,15481.25,1600.0,15416.25,15172.5,378.51785714285717,15100.5,14876.75,15067.0
2022-06-27,15595.75,15328.0,15408.5,15595.75,15406.25,933.0,15523.0,15545.75,15328.0,15377.75,1600.0,15545.75,15354.75,391.42857142857144,15482.0,15172.5,15481.25
2022-06-28,15508.0,14995.25,15014.25,15497.5,15304.75,933.0,15397.5,15508.0,15001.25,15007.75,1600.0,15508.0,15338.5,387.14285714285717,15545.75,15328.0,15377.75
2022-06-29,15082.75,14898.25,15024.75,15057.25,14950.25,933.0,15002.75,15082.75,14898.25,15022.5,1600.0,15081.0,14898.25,409.2142857142857,15508.0,15001.25,15007.75
2022-06-30,15030.5,14684.75,14845.0,15030.5,14795.0,933.0,14889.25,15018.75,14684.75,14868.75,1600.0,14921.75,14684.75,388.80357142857144,15082.75,14898.25,15022.5
2022-07-01,14963.5,14715.5,14944.25,14889.75,14715.5,933.0,14814.0,14963.5,14734.75,14947.0,1600.0,14951.0,14750.75,376.39285714285717,15018.75,14684.75,14868.75
2022-07-04,14952.5,14833.75,14887.75,14952.5,14833.75,933.0,14901.5,14908.25,14864.5,14887.75,1300.0,14904.5,14864.5,351.0357142857143,14963.5,14734.75,14947.0
2022-07-05,15149.5,14723.0,15145.25,15082.75,14765.75,933.0,14786.25,15148.5,14723.0,15146.5,1600.0,14852.75,14723.0,338.19642857142856,14908.25,14864.5,14887.75
2022-07-06,15308.0,15061.5,15236.25,15207.5,15061.5,933.0,15159.25,15308.0,15087.0,15219.0,1600.0,15216.25,15087.75,337.5357142857143,15148.5,14723.0,15146.5
2022-07-07,15502.25,15170.25,15453.5,15298.25,15170.25,933.0,15252.5,15502.25,15252.0,15470.0,1600.0,15385.5,15252.0,304.73214285714283,15308.0,15087.0,15219.0
2022-07-08,15544.75,15286.25,15494.0,15464.5,15286.25,933.0,15350.75,15544.75,15312.0,15489.25,1600.0,15458.25,15312.0,308.6607142857143,15502.25,15252.0,15470.0
2022-07-11,15483.5,15186.75,15234.25,15483.5,15330.25,933.0,15384.25,15395.5,15186.75,15224.5,1600.0,15395.5,15186.75,315.42857142857144,15544.75,15312.0,15489.25
2022-07-12,15359.25,15045.75,15114.5,15286.5,15092.0,933.0,15277.25,15359.25,15045.75,15112.0,1600.0,15359.25,15138.75,317.39285714285717,15395.5,15186.75,15224.5
2022-07-13,15303.75,14813.0,15066.5,15303.75,14813.0,933.0,14878.25,15188.25,14856.25,15089.5,1600.0,15033.75,14856.25,309.4107142857143,15359.25,15045.75,15112.0
2022-07-14,15168.75,14845.0,15141.0,15099.0,14934.75,933.0,14976.0,15168.75,14845.0,15134.0,1600.0,15018.25,14845.0,322.5892857142857,15188.25,14856.25,15089.5
2022-07-15,15355.25,15074.0,15353.0,15266.5,15074.0,933.0,15257.5,15347.0,15187.25,15343.0,1600.0,15323.75,15187.25,312.5892857142857,15168.75,14845.0,15134.0
2022-07-18,15520.25,15190.75,15250.0,15514.0,15361.75,933.0,15458.0,15520.25,15190.75,15240.25,1600.0,15520.25,15423.5,313.55357142857144,15347.0,15187.25,15343.0
2022-07-19,15662.25,15223.25,15653.75,15397.5,15223.25,933.0,15394.5,15620.75,15326.75,15602.75,1600.0,15429.25,15326.75,300.4642857142857,15520.25,15190.75,15240.25
2022-07-20,15851.25,15569.5,15761.75,15692.25,15569.5,933.0,15622.75,15851.25,15591.25,15799.75,1600.0,15727.5,15591.25,318.64285714285717,15620.75,15326.75,15602.75
2022-07-21,15989.0,15707.25,15906.25,15894.25,15729.25,933.0,15817.25,15979.75,15707.25,15978.75,1600.0,15875.0,15707.25,314.07142857142856,15851.25,15591.25,15799.75
2022-07-22,16032.25,15677.5,15762.75,15952.75,15857.0,933.0,15941.0,16032.25,15677.5,15758.0,1600.0,16032.25,15876.5,316.48214285714283,15979.75,15707.25,15978.75
2022-07-25,15832.25,15600.25,15661.25,15832.25,15717.75,933.0,15758.0,15777.75,15600.25,15689.0,1600.0,15777.75,15621.75,333.3392857142857,16032.25,15677.5,15758.0
2022-07-26,15667.75,15405.75,15530.0,15667.75,15584.75,933.0,15612.5,15625.0,15408.5,15444.0,1600.0,15625.0,15513.0,319.44642857142856,15777.75,15600.25,15689.0
2022-07-27,16023.75,15525.5,15914.0,15665.0,15525.5,933.0,15636.25,16023.75,15610.25,15949.25,1600.0,15768.25,15610.25,320.55357142857144,15625.0,15408.5,15444.0
2022-07-28,16281.75,15782.75,16258.0,15960.0,15814.0,933.0,15940.25,16098.25,15782.75,16072.5,1600.0,15987.75,15785.75,332.42857142857144,16023.75,15610.25,15949.25
2022-07-29,16345.75,16078.0,16310.75,16273.75,16125.75,933.0,16137.25,16345.75,16078.0,16305.0,1600.0,16264.5,16078.0,349.60714285714283,16098.25,15782.75,16072.5
2022-08-01,16442.5,16185.5,16314.0,16332.5,16212.5,933.0,16230.75,16442.5,16185.5,16296.5,1600.0,16402.0,16185.5,346.7857142857143,16345.75,16078.0,16305.0
2022-08-02,16430.75,16148.5,16254.0,16309.5,16148.5,933.0,16198.5,16430.75,16153.75,16256.0,1600.0,16290.5,16153.75,342.75,16442.5,16185.5,16296.5
2022-08-03,16644.0,16201.0,16581.75,16350.5,16201.0,933.0,16327.25,16644.0,16323.25,16605.75,1600.0,16507.0,16323.25,327.85714285714283,16430.75,16153.75,16256.0
2022-08-04,16689.75,16518.5,16661.75,16689.75,16561.0,933.0,16608.75,16680.5,16518.5,16664.5,1600.0,16672.75,16565.25,336.375,16644.0,16323.25,16605.75
2022-08-05,16718.25,16418.75,16550.25,16718.25,16440.75,933.0,16452.0,16643.75,16418.75,16560.0,1600.0,16643.75,16448.25,328.51785714285717,16680.5,16518.5,16664.5
2022-08-08,16753.0,16454.25,16546.75,16682.75,16501.5,933.0,16598.0,16753.0,16454.25,16515.5,1600.0,16753.0,16565.75,326.375,16643.75,16418.75,16560.0
2022-08-09,16567.5,16297.0,16389.5,16567.5,16410.25,933.0,16435.0,16446.0,16297.0,16366.0,1600.0,16446.0,16307.0,316.35714285714283,16753.0,16454.25,16515.5
2022-08-10,16741.75,16315.75,16714.75,16708.75,16315.75,933.0,16674.0,16741.75,16571.5,16727.0,1600.0,16688.75,16571.5,315.55357142857144,16446.0,16297.0,16366.0
2022-08-11,16908.75,16618.75,16680.5,16844.0,16703.75,933.0,16823.25,16908.75,16618.75,16651.0,1600.0,16908.75,16789.25,325.85714285714283,16741.75,16571.5,16727.0
2022-08-12,16917.0,16645.75,16913.75,16751.0,16645.75,933.0,16736.25,16917.0,16693.0,16913.0,1600.0,16796.25,16693.0,321.23214285714283,16908.75,16618.75,16651.0
2022-08-15,17039.75,16829.0,17012.5,16908.25,16829.0,933.0,16868.5,17039.75,16868.0,17019.0,1600.0,16968.25,16868.0,324.0357142857143,16917.0,16693.0,16913.0
2022-08-16,17074.5,16856.5,16997.25,17021.75,16960.25,933.0,16975.25,17074.5,16856.5,16987.5,1600.0,16993.0,16892.25,320.375,17039.75,16868.0,17019.0
2022-08-17,17005.75,16740.0,16844.75,17005.75,16839.5,933.0,16851.0,16949.75,16740.0,16830.0,1600.0,16899.5,16799.25,300.35714285714283,17074.5,16856.5,16987.5
2022-08-18,16909.25,16744.5,16873.75,16892.75,16744.5,933.0,16825.25,16909.25,16756.25,16862.25,1600.0,16836.0,16756.25,283.69642857142856,16949.75,16740.0,16830.0
2022-08-19,16868.25,16562.5,16583.75,16868.25,16692.0,933.0,16732.75,16759.0,16562.5,16597.0,1600.0,16759.0,16614.75,276.3392857142857,16909.25,16756.25,16862.25
2022-08-22,16560.25,16208.25,16267.25,16560.25,16380.5,933.0,16413.75,16426.0,16208.25,16250.0,1600.0,16426.0,16298.5,280.2142857142857,16759.0,16562.5,16597.0
2022-08-23,16352.25,16157.25,16223.0,16298.75,16157.25,933.0,16232.25,16352.25,16199.75,16233.0,1600.0,16352.25,16199.75,286.875,16426.0,16208.25,16250.0
2022-08-24,16345.0,16159.5,16289.75,16271.75,16159.5,933.0,16210.25,16345.0,16185.25,16268.0,1600.0,16283.0,16185.25,269.1607142857143,16352.25,16199.75,16233.0
2022-08-25,16495.25,16258.75,16478.5,16419.25,16258.75,933.0,16341.5,16495.25,16295.75,16492.75,1600.0,16435.25,16295.75,270.17857142857144,16345.0,16185.25,16268.0
2022-08-26,16553.75,15891.25,15892.75,16553.75,16402.25,933.0,16479.75,16532.25,15950.0,15952.5,1600.0,16532.25,16294.25,265.67857142857144,16495.25,16295.75,16492.75
2022-08-29,15944.0,15735.25,15839.0,15867.75,15735.25,933.0,15837.25,15944.0,15782.0,15828.25,1600.0,15944.0,15812.5,291.6607142857143,16532.25,15950.0,15952.5
2022-08-30,15992.0,15581.25,15694.25,15992.0,15817.25,933.0,15897.25,15921.0,15581.25,15687.5,1600.0,15921.0,15717.25,287.25,15944.0,15782.0,15828.25
2022-08-31,15846.75,15610.0,15639.25,15832.0,15680.75,933.0,15811.0,15846.75,15610.0,15615.75,1600.0,15846.75,15708.75,286.1607142857143,15921.0,15581.25,15687.5
2022-09-01,15633.25,15351.5,15626.0,15627.5,15447.25,933.0,15506.0,15633.25,15351.5,15619.0,1600.0,15557.75,15429.5,282.35714285714283,15846.75,15610.0,15615.75
2022-09-02,15795.25,15374.0,15464.0,15754.75,15566.25,933.0,15738.5,15795.25,15374.0,15443.5,1600.0,15748.75,15606.25,283.5357142857143,15633.25,15351.5,15619.0
2022-09-05,15501.25,15387.75,15469.75,15483.25,15387.75,933.0,15446.5,15501.25,15438.0,15469.75,1300.0,15481.75,15438.0,298.57142857142856,15795.25,15374.0,15443.5
2022-09-06,15578.25,15263.75,15354.0,15578.25,15445.75,933.0,15462.0,15502.75,15263.75,15355.25,1600.0,15502.75,15263.75,291.10714285714283,15501.25,15438.0,15469.75
2022-09-07,15640.0,15255.25,15597.25,15411.5,15255.25,933.0,15373.5,15640.0,15363.25,15595.75,1600.0,15462.0,15363.25,294.5892857142857,15502.75,15263.75,15355.25
2022-09-08,15710.75,15449.0,15678.75,15663.5,15484.5,933.0,15507.0,15710.75,15449.0,15659.25,1600.0,15618.25,15449.0,310.30357142857144,15640.0,15363.25,15595.75
2022-09-09,15948.5,15662.25,15926.5,15813.25,15662.25,933.0,15749.75,15948.5,15748.75,15925.0,1600.0,15879.75,15748.75,306.76785714285717,15710.75,15449.0,15659.25
2022-09-12,16114.0,15905.25,16111.75,16031.75,15905.25,933.0,15985.75,16095.5,15977.0,16082.25,1600.0,16095.5,15977.0,300.39285714285717,15948.5,15748.75,15925.0
2022-09-13,16244.25,15339.5,15384.25,16244.25,15685.0,933.0,15712.75,15765.75,15339.5,15377.0,1600.0,15765.75,15616.0,301.375,16095.5,15977.0,16082.25
2022-09-14,15510.25,15337.5,15507.25,15477.0,15337.5,933.0,15427.75,15510.25,15350.0,15475.0,1600.0,15471.25,15356.0,352.75,15765.75,15339.5,15377.0
2022-09-15,15526.0,15194.75,15230.25,15526.0,15383.25,933.0,15388.5,15491.25,15194.75,15261.75,1600.0,15491.25,15364.0,348.19642857142856,15510.25,15350.0,15475.0
2022-09-16,15218.5,15035.75,15218.0,15213.25,15082.5,933.0,15123.75,15205.75,15035.75,15184.0,1600.0,15143.25,15039.25,324.5357142857143,15491.25,15194.75,15261.75
2022-09-19,15323.5,15049.5,15302.75,15207.5,15049.5,933.0,15077.0,15288.0,15073.0,15284.25,1600.0,15193.0,15073.0,323.51785714285717,15205.75,15035.75,15184.0
2022-09-20,15349.75,15085.5,15206.25,15349.75,15170.0,933.0,15174.0,15280.5,15085.5,15182.75,1600.0,15205.25,15144.25,313.75,15288.0,15073.0,15284.25
2022-09-21,15397.75,14904.75,14925.25,15247.0,15118.75,933.0,15219.75,15397.75,14960.25,14961.25,1600.0,15256.25,15195.25,315.7142857142857,15280.5,15085.5,15182.75
2022-09-22,15053.25,14767.25,14823.75,15053.25,14807.25,933.0,14899.25,14942.5,14767.25,14820.25,1600.0,14939.5,14823.5,330.375,15397.75,14960.25,14961.25
2022-09-23,14857.5,14486.25,14645.25,14857.5,14636.75,933.0,14718.25,14728.25,14486.25,14631.0,1600.0,14728.25,14595.5,320.7142857142857,14942.5,14767.25,14820.25
2022-09-26,14795.0,14513.75,14572.75,14679.0,14513.75,933.0,14609.25,14795.0,14550.25,14576.25,1600.0,14795.0,14599.75,339.125,14728.25,14486.25,14631.0
2022-09-27,14825.5,14490.75,14611.5,14780.75,14555.5,933.0,14727.75,14825.5,14490.75,14590.25,1600.0,14825.5,14662.5,336.75,14795.0,14550.25,14576.25
2022-09-28,14870.75,14398.75,14796.5,14649.75,14398.75,933.0,14588.0,14870.75,14523.25,14811.25,1600.0,14666.5,14523.25,333.17857142857144,14825.5,14490.75,14590.25
2022-09-29,14824.5,14348.75,14491.25,14824.5,14589.75,933.0,14644.25,14659.5,14348.75,14488.5,1600.0,14659.5,14416.25,348.19642857142856,14870.75,14523.25,14811.25
2022-09-30,14614.5,14281.5,14315.5,14608.25,14421.75,933.0,14443.75,14614.5,14281.5,14287.25,1600.0,14532.5,14400.25,361.73214285714283,14659.5,14348.75,14488.5
2022-10-03,14615.5,14148.0,14566.0,14392.75,14148.0,933.0,14362.25,14615.5,14297.0,14548.75,1600.0,14471.25,14297.0,370.60714285714283,14614.5,14281.5,14287.25
2022-10-04,14932.25,14538.75,14902.5,14811.0,14538.75,933.0,14773.25,14932.25,14771.5,14900.75,1600.0,14924.5,14771.5,339.375,14615.5,14297.0,14548.75
2022-10-05,14968.25,14623.75,14885.25,14902.5,14734.25,933.0,14743.25,14968.25,14623.75,14893.75,1600.0,14796.25,14641.5,355.14285714285717,14932.25,14771.5,14900.75
2022-10-06,14987.0,14762.5,14763.0,14987.0,14781.0,933.0,14847.75,14978.75,14783.75,14799.5,1600.0,14978.75,14784.0,356.0892857142857,14968.25,14623.75,14893.75
2022-10-07,14821.75,14300.5,14353.5,14821.75,14557.75,933.0,14603.0,14607.25,14300.5,14355.75,1600.0,14607.25,14461.75,358.23214285714283,14978.75,14783.75,14799.5
2022-10-10,14393.75,14134.0,14250.75,14393.75,14243.25,933.0,14365.25,14383.25,14134.0,14238.25,1600.0,14383.25,14240.25,375.89285714285717,14607.25,14300.5,14355.75
2022-10-11,14296.75,14024.5,14137.75,14288.5,14110.5,933.0,14177.25,14296.75,14024.5,14101.25,1600.0,14202.0,14045.75,375.57142857142856,14383.25,14134.0,14238.25
2022-10-12,14234.0,14062.75,14110.25,14234.0,14093.25,933.0,14122.75,14203.0,14062.75,14094.25,1600.0,14203.0,14062.75,359.80357142857144,14296.75,14024.5,14101.25
2022-10-13,14400.0,13742.0,14322.75,14256.25,13754.25,933.0,13780.25,14400.0,13742.0,14338.75,1600.0,13954.25,13742.0,351.60714285714283,14203.0,14062.75,14094.25
2022-10-14,14510.75,13984.0,14003.5,14510.75,14245.5,933.0,14438.5,14464.75,13984.0,14004.5,1600.0,14464.75,14117.25,372.0892857142857,14400.0,13742.0,14338.75
2022-10-17,14403.5,13970.25,14391.25,14262.25,13970.25,933.0,14258.5,14403.5,14256.25,14367.75,1600.0,14390.5,14256.25,389.625,14464.75,13984.0,14004.5
2022-10-18,14689.0,14338.75,14580.0,14667.75,14417.25,933.0,14660.75,14689.0,14338.75,14460.5,1600.0,14689.0,14515.75,396.6607142857143,14403.5,14256.25,14367.75
2022-10-19,14640.0,14306.25,14408.25,14640.0,14362.0,933.0,14387.0,14541.75,14306.25,14411.75,1600.0,14540.25,14367.25,387.9642857142857,14689.0,14338.75,14460.5
2022-10-20,14586.0,14265.25,14317.0,14476.25,14265.25,933.0,14369.0,14586.0,14298.5,14344.5,1600.0,14586.0,14348.25,377.82142857142856,14541.75,14306.25,14411.75
2022-10-21,14643.5,14192.75,14635.25,14359.0,14192.75,933.0,14301.0,14631.5,14252.5,14611.0,1600.0,14482.5,14252.5,376.94642857142856,14586.0,14298.5,14344.5
2022-10-24,14787.5,14465.0,14716.5,14787.5,14518.0,933.0,14616.75,14773.0,14465.0,14737.0,1600.0,14683.25,14465.0,375.75,14631.5,14252.5,14611.0
2022-10-25,14991.25,14687.5,14843.0,14784.5,14687.5,933.0,14773.0,14984.75,14772.25,14970.0,1600.0,14922.0,14772.25,370.67857142857144,14773.0,14465.0,14737.0
2022-10-26,14960.75,14672.25,14731.5,14825.75,14693.5,933.0,14731.75,14960.75,14690.25,14710.75,1600.0,14845.75,14690.25,367.76785714285717,14984.75,14772.25,14970.0
2022-10-27,14794.75,14178.75,14352.75,14794.75,14613.0,933.0,14658.25,14721.25,14477.5,14497.5,1600.0,14721.25,14521.0,372.3392857142857,14960.75,14690.25,14710.75
2022-10-28,14883.25,14319.25,14882.75,14481.25,14319.25,933.0,14470.75,14862.75,14463.5,14841.75,1600.0,14656.75,14463.5,379.10714285714283,14721.25,14477.5,14497.5
2022-10-31,14852.25,14624.5,14710.0,14852.25,14741.0,933.0,14745.5,14779.75,14624.5,14707.5,1600.0,14779.75,14645.75,400.8392857142857,14862.75,14463.5,14841.75
2022-11-01,14876.25,14546.0,14577.75,14871.75,14704.0,933.0,14852.5,14876.25,14573.0,14587.5,1600.0,14876.25,14632.5,399.8392857142857,14779.75,14624.5,14707.5
2022-11-02,14717.25,14166.25,14199.0,14647.25,14552.75,933.0,14587.25,14717.25,14194.0,14195.75,1600.0,14598.25,14517.0,411.19642857142856,14876.25,14573.0,14587.5
2022-11-03,14253.25,13965.25,13985.75,14253.25,14055.25,933.0,14086.5,14145.75,13965.25,13982.0,1600.0,14105.75,13965.25,403.55357142857144,14717.25,14194.0,14195.75
2022-11-04,14231.5,13893.25,14128.5,14194.25,13893.25,933.0,14189.5,14231.5,13920.0,14150.25,1600.0,14221.0,13981.75,386.5,14145.75,13965.25,13982.0
2022-11-07,14295.75,14008.25,14271.25,14229.25,14008.25,933.0,14196.0,14295.75,14104.5,14271.0,1600.0,14226.0,14104.5,379.7142857142857,14231.5,13920.0,14150.25
2022-11-08,14488.5,14186.0,14346.0,14361.75,14212.0,933.0,14333.75,14488.5,14186.0,14351.0,1600.0,14368.75,14264.0,375.23214285714283,14295.75,14104.5,14271.0
2022-11-09,14421.5,14079.5,14100.0,14421.5,14263.0,933.0,14275.5,14306.25,14079.5,14089.0,1600.0,14306.25,14218.75,373.0,14488.5,14186.0,14351.0
2022-11-10,14934.25,14065.25,14932.5,14620.0,14065.25,933.0,14613.75,14902.0,14526.5,14885.75,1600.0,14726.25,14526.5,374.51785714285717,14306.25,14079.5,14089.0
2022-11-11,15134.0,14826.5,15093.5,15034.5,14872.0,933.0,14881.5,15134.0,14826.5,15105.25,1600.0,15018.5,14826.5,404.39285714285717,14902.0,14526.5,14885.75
2022-11-14,15155.75,14959.25,15025.75,15083.75,15003.0,933.0,15017.5,15155.75,14959.25,14999.0,1600.0,15073.25,14959.25,403.32142857142856,15134.0,14826.5,15105.25
2022-11-15,15376.0,15019.0,15151.25,15376.0,15019.0,933.0,15278.5,15320.75,15021.75,15162.5,1600.0,15320.75,15220.25,395.6607142857143,15155.75,14959.25,14999.0
2022-11-16,15220.25,14963.75,15028.75,15220.25,15070.5,933.0,15080.75,15093.5,14963.75,14997.5,1600.0,15093.5,14981.25,400.55357142857144,15320.75,15021.75,15162.5
2022-11-17,15084.75,14785.5,15003.75,15084.75,14785.5,933.0,14808.0,15032.25,14801.0,14969.5,1600.0,14930.0,14801.0,374.875,15093.5,14963.75,14997.5
2022-11-18,15100.25,14864.25,14968.25,15100.25,14929.5,933.0,15095.0,15099.75,14864.25,14965.25,1600.0,15099.75,14933.0,355.9642857142857,15032.25,14801.0,14969.5
2022-11-21,15013.25,14810.25,14846.25,15013.25,14852.5,933.0,14906.75,14957.0,14810.25,14844.5,1600.0,14957.0,14844.5,354.375,15099.75,14864.25,14965.25
2022-11-22,15016.5,14783.75,14996.5,14899.25,14783.75,933.0,14874.5,15016.5,14784.5,15008.5,1600.0,14885.5,14784.5,345.2857142857143,14957.0,14810.25,14844.5
2022-11-23,15150.0,14977.25,15135.0,15050.75,14977.25,933.0,15007.0,15150.0,14999.0,15126.0,1600.0,15125.5,15002.5,322.55357142857144,15016.5,14784.5,15008.5
2022-11-24,15190.25,15130.5,15168.0,15190.25,15130.5,933.0,15171.25,15182.25,15156.0,15168.0,1300.0,15175.75,15156.0,314.32142857142856,15150.0,14999.0,15126.0
2022-11-25,15181.25,15023.5,15044.0,15181.25,15047.25,933.0,15055.5,15084.75,15023.5,15044.0,1315.0,15084.75,15023.5,294.42857142857144,15182.25,15156.0,15168.0
2022-11-28,15045.75,14832.5,14880.5,15004.25,14899.5,933.0,14960.25,15045.75,14832.5,14868.0,1600.0,15045.75,14939.0,285.1607142857143,15084.75,15023.5,15044.0
2022-11-29,14961.75,14722.25,14776.5,14961.75,14868.5,933.0,14879.25,14895.75,14722.25,14780.75,1600.0,14885.25,14818.5,278.7857142857143,15045.75,14832.5,14868.0
2022-11-30,15335.75,14755.0,15334.25,14855.0,14755.0,933.0,14791.25,15310.75,14755.25,15308.0,1600.0,14838.75,14776.0,271.4642857142857,14895.75,14722.25,14780.75
2022-12-01,15402.25,15200.5,15293.75,15390.0,15249.75,933.0,15313.75,15402.25,15200.5,15317.0,1600.0,15402.25,15213.75,250.875,15310.75,14755.25,15308.0
2022-12-02,15325.0,14997.75,15236.25,15325.0,14997.75,933.0,15103.0,15304.75,15094.5,15271.0,1600.0,15210.0,15094.5,243.32142857142858,15402.25,15200.5,15317.0
2022-12-05,15273.0,15002.75,15070.75,15273.0,15176.0,933.0,15178.25,15229.5,15002.75,15060.0,1600.0,15229.5,15121.5,252.66071428571428,15304.75,15094.5,15271.0
2022-12-06,15103.5,14759.25,14823.5,15103.5,15038.25,933.0,15056.25,15063.0,14759.25,14819.75,1600.0,15063.0,14868.25,246.46428571428572,15229.5,15002.75,15060.0
2022-12-07,14853.5,14679.75,14756.0,14853.25,14679.75,933.0,14766.75,14853.5,14697.75,14765.25,1600.0,14853.5,14697.75,252.73214285714286,15063.0,14759.25,14819.75
2022-12-08,14943.0,14690.25,14894.5,14855.25,14690.25,933.0,14822.75,14943.0,14734.5,14902.5,1600.0,14921.0,14734.5,243.76785714285714,14853.5,14697.75,14765.25
2022-12-09,15005.25,14774.25,14810.25,15005.25,14774.25,933.0,14859.25,14975.5,14807.25,14828.0,1600.0,14918.0,14807.25,244.96428571428572,14943.0,14734.5,14902.5
2022-12-12,14980.5,14781.75,14960.5,14876.5,14781.75,933.0,14839.25,14980.5,14793.5,14980.0,1600.0,14871.5,14804.75,246.96428571428572,14975.5,14807.25,14828.0
2022-12-13,15485.0,14943.25,15097.25,15485.0,14943.25,933.0,15434.5,15449.75,14993.0,15105.75,1600.0,15449.75,15246.0,244.53571428571428,14980.5,14793.5,14980.0
2022-12-14,15215.5,14875.0,15034.75,15160.0,15065.5,933.0,15077.0,15215.5,14875.0,15008.75,1600.0,15190.0,15076.0,270.89285714285717,15449.75,14993.0,15105.75
2022-12-15,15044.0,14550.0,14597.0,15044.0,14788.5,933.0,14832.0,14861.5,14550.0,14605.5,1600.0,14861.5,14672.5,290.94642857142856,15215.5,14875.0,15008.75
2022-12-16,14637.5,14421.5,14466.0,14633.75,14458.5,933.0,14575.0,14637.5,14421.5,14488.25,1600.0,14637.5,14483.75,314.9642857142857,14861.5,14550.0,14605.5
2022-12-19,14557.0,14277.75,14331.0,14557.0,14466.5,933.0,14500.0,14505.0,14277.75,14334.0,1600.0,14505.0,14376.25,315.1607142857143,14637.5,14421.5,14488.25
2022-12-20,14393.0,14189.5,14339.0,14374.5,14189.5,933.0,14279.5,14393.0,14212.75,14321.75,1600.0,14365.5,14212.75,318.0,14505.0,14277.75,14334.0
2022-12-21,14535.75,14327.0,14501.5,14409.75,14333.0,933.0,14363.5,14535.75,14327.0,14482.0,1600.0,14449.0,14327.0,291.05357142857144,14393.0,14212.75,14321.75
2022-12-22,14530.75,14016.5,14190.25,14530.75,14333.5,933.0,14349.0,14354.25,14016.5,14200.5,1600.0,14354.25,14169.25,291.55357142857144,14535.75,14327.0,14482.0
2022-12-23,14289.0,14062.25,14213.0,14289.0,14125.25,933.0,14143.0,14249.25,14062.25,14226.25,1600.0,14200.5,14062.25,304.9107142857143,14354.25,14016.5,14200.5
2022-12-27,14329.75,14042.0,14058.0,14329.75,14186.25,933.0,14197.5,14202.0,14042.0,14064.75,1600.0,14202.0,14042.0,301.80357142857144,14249.25,14062.25,14226.25
2022-12-28,14142.5,13904.75,13929.25,14100.5,14037.5,933.0,14046.25,14142.5,13904.75,13916.0,1600.0,14142.5,14007.75,297.76785714285717,14202.0,14042.0,14064.75
2022-12-29,14217.5,13923.5,14176.0,14050.25,13923.5,933.0,14031.75,14217.5,14002.5,14178.0,1600.0,14162.75,14002.5,302.3392857142857,14142.5,13904.75,13916.0
2022-12-30,14197.5,14001.5,14187.75,14182.25,14050.25,933.0,14057.5,14172.0,14001.5,14168.5,1600.0,14093.75,14001.5,305.2857142857143,14217.5,14002.5,14178.0
2023-01-03,14328.0,13990.75,14087.0,14317.0,14098.0,933.0,14265.25,14328.0,13990.75,14088.5,1600.0,14328.0,14071.25,302.7857142857143,14172.0,14001.5,14168.5
2023-01-04,14214.5,14009.5,14129.75,14197.25,14066.25,933.0,14179.5,14214.5,14009.5,14142.25,1600.0,14192.5,14009.5,312.67857142857144,14328.0,13990.75,14088.5
2023-01-05,14192.75,13951.0,13983.25,14192.75,14035.0,933.0,14069.0,14073.25,13951.0,13966.0,1600.0,14073.25,13960.75,288.625,14214.5,14009.5,14142.25
2023-01-06,14311.75,13897.0,14254.75,14115.5,13897.0,933.0,14037.0,14311.75,13912.25,14260.75,1600.0,14091.0,13912.25,281.57142857142856,14073.25,13951.0,13966.0
2023-01-09,14531.5,14266.25,14330.75,14351.25,14266.25,933.0,14345.75,14531.5,14305.75,14333.75,1600.0,14471.0,14340.75,275.9107142857143,14311.75,13912.25,14260.75
2023-01-10,14434.75,14240.0,14427.25,14351.75,14240.0,933.0,14288.75,14432.25,14266.75,14432.25,1600.0,14429.25,14284.0,280.25,14531.5,14305.75,14333.75
2023-01-11,14625.5,14385.75,14621.0,14479.75,14385.75,933.0,14469.5,14625.5,14437.0,14622.25,1600.0,14534.0,14437.0,274.2142857142857,14432.25,14266.75,14432.25
2023-01-12,14725.75,14437.0,14667.5,14725.75,14437.0,933.0,14636.5,14720.75,14457.25,14677.25,1600.0,14664.75,14457.25,276.80357142857144,14625.5,14437.0,14622.25
2023-01-13,14765.5,14535.0,14747.5,14682.25,14535.0,933.0,14570.5,14765.5,14554.75,14753.75,1600.0,14668.0,14554.75,282.51785714285717,14720.75,14457.25,14677.25
2023-01-16,14784.75,14656.25,14710.0,14784.75,14656.25,933.0,14737.25,14757.25,14706.5,14710.0,1300.0,14757.25,14728.0,262.25,14765.5,14554.75,14753.75
2023-01-17,14831.0,14676.5,14769.25,14750.25,14676.5,933.0,14744.75,14831.0,14695.5,14773.0,1600.0,14831.0,14695.5,255.23214285714286,14757.25,14706.5,14710.0
2023-01-18,14905.5,14614.0,14628.0,14867.75,14727.75,933.0,14841.0,14905.5,14616.5,14625.5,1600.0,14905.5,14818.25,245.71428571428572,14831.0,14695.5,14773.0
2023-01-19,14633.0,14454.5,14539.5,14633.0,14490.75,933.0,14553.25,14600.25,14454.5,14506.5,1600.0,14592.5,14494.75,249.55357142857142,14905.5,14616.5,14625.5
2023-01-20,14832.75,14511.25,14823.75,14594.5,14511.25,933.0,14574.25,14832.75,14529.5,14822.25,1600.0,14637.75,14529.5,241.30357142857142,14600.25,14454.5,14506.5
2023-01-23,15129.0,14796.5,15081.5,14869.25,14796.5,933.0,14849.75,15129.0,14817.75,15077.5,1600.0,15005.5,14817.75,250.26785714285714,14832.75,14529.5,14822.25
2023-01-24,15156.5,14981.75,15116.25,15090.75,14981.75,933.0,15006.0,15097.5,14984.25,15051.25,1600.0,15097.5,14984.25,249.92857142857142,15129.0,14817.75,15077.5
2023-01-25,15122.5,14750.5,15019.5,15122.5,14847.0,933.0,14858.5,15049.5,14750.5,15022.0,1600.0,14870.0,14760.75,247.76785714285714,15097.5,14984.25,15051.25
2023-01-26,15259.0,15013.25,15206.5,15171.75,15013.25,933.0,15163.75,15257.25,15050.25,15250.75,1600.0,15221.0,15093.0,257.07142857142856,15049.5,14750.5,15022.0
2023-01-27,15454.5,15162.0,15367.0,15224.75,15162.0,933.0,15193.25,15454.5,15187.75,15369.5,1600.0,15339.25,15187.75,245.0,15257.25,15050.25,15250.75
2023-01-30,15398.0,15106.0,15134.75,15398.0,15185.0,933.0,15229.0,15289.25,15106.0,15117.0,1600.0,15289.25,15173.5,246.125,15454.5,15187.75,15369.5
2023-01-31,15302.0,15017.0,15265.25,15163.25,15017.0,933.0,15120.5,15302.0,15115.0,15300.0,1600.0,15207.5,15115.0,253.07142857142858,15289.25,15106.0,15117.0
2023-02-01,15670.5,15201.25,15651.25,15314.75,15230.75,933.0,15289.75,15662.25,15201.25,15566.25,1600.0,15304.0,15247.25,256.30357142857144,15302.0,15115.0,15300.0
2023-02-02,16095.75,15647.75,15816.25,15825.25,15647.75,933.0,15824.5,16080.5,15793.25,16001.0,1600.0,15894.25,15793.25,269.19642857142856,15662.25,15201.25,15566.25
2023-02-03,16024.0,15697.25,15762.5,15907.0,15697.25,933.0,15720.25,16024.0,15704.5,15768.75,1600.0,15980.0,15704.5,284.73214285714283,16080.5,15793.25,16001.0
2023-02-06,15754.5,15601.75,15659.0,15751.5,15603.25,933.0,15655.0,15754.5,15601.75,15659.25,1600.0,15738.25,15619.5,298.89285714285717,16024.0,15704.5,15768.75
2023-02-07,15964.5,15605.25,15886.0,15719.5,15621.5,933.0,15650.0,15964.5,15605.25,15918.25,1600.0,15700.25,15623.0,299.3392857142857,15754.5,15601.75,15659.25
2023-02-08,15954.5,15658.75,15705.0,15954.5,15845.5,933.0,15859.75,15898.0,15658.75,15689.75,1600.0,15898.0,15801.25,304.17857142857144,15964.5,15605.25,15918.25
2023-02-09,15874.5,15512.5,15595.75,15872.25,15687.25,933.0,15868.5,15874.5,15512.5,15573.25,1600.0,15874.5,15764.0,312.55357142857144,15898.0,15658.75,15689.75
2023-02-10,15597.5,15389.25,15488.0,15597.5,15416.5,933.0,15481.25,15568.0,15389.25,15491.75,1600.0,15568.0,15430.5,315.44642857142856,15874.5,15512.5,15573.25
2023-02-13,15713.0,15411.25,15691.0,15579.5,15411.25,933.0,15548.0,15713.0,15498.0,15690.75,1600.0,15619.0,15498.0,306.57142857142856,15568.0,15389.25,15491.75
2023-02-14,15833.0,15536.5,15764.0,15833.0,15606.0,933.0,15620.0,15819.5,15536.5,15776.75,1600.0,15819.5,15536.5,315.64285714285717,15713.0,15498.0,15690.75
2023-02-15,15902.5,15670.25,15893.5,15769.75,15677.25,933.0,15699.25,15880.5,15670.25,15880.0,1600.0,15777.5,15670.25,310.25,15819.5,15536.5,15776.75
2023-02-16,15938.75,15601.25,15612.25,15938.75,15660.0,933.0,15670.0,15840.25,15621.75,15627.5,1600.0,15768.25,15642.5,309.2857142857143,15880.5,15670.25,15880.0
2023-02-17,15612.25,15411.75,15530.25,15612.25,15484.0,933.0,15535.5,15569.75,15411.75,15538.0,1600.0,15569.75,15442.25,312.5,15840.25,15621.75,15627.5
2023-02-20,15563.75,15492.5,15512.75,15563.75,15492.5,933.0,15539.25,15541.75,15512.0,15512.75,1300.0,15541.75,15517.25,305.9642857142857,15569.75,15411.75,15538.0
2023-02-21,15525.5,15236.25,15257.5,15525.5,15370.5,933.0,15375.0,15436.0,15236.25,15244.25,1600.0,15436.0,15327.75,290.69642857142856,15541.75,15512.0,15512.75
2023-02-22,15336.5,15180.0,15312.5,15309.25,15209.25,933.0,15266.25,15336.5,15180.0,15249.0,1600.0,15320.5,15186.0,277.8392857142857,15436.0,15236.25,15244.25
2023-02-23,15407.0,15174.5,15339.0,15407.0,15296.75,933.0,15398.5,15405.75,15174.5,15352.0,1600.0,15405.75,15310.75,257.01785714285717,15336.5,15180.0,15249.0
2023-02-24,15360.5,15069.0,15145.75,15360.5,15119.5,933.0,15139.75,15189.0,15069.0,15143.5,1600.0,15189.0,15080.0,250.28571428571428,15405.75,15174.5,15352.0
2023-02-27,15335.5,15136.0,15241.5,15299.0,15136.0,933.0,15277.0,15335.5,15204.5,15230.0,1600.0,15335.5,15252.25,259.625,15189.0,15069.0,15143.5
2023-02-28,15318.75,15171.75,15187.25,15292.25,15175.5,933.0,15201.75,15318.75,15187.5,15210.5,1600.0,15270.0,15187.5,248.21428571428572,15335.5,15204.5,15230.0
2023-03-01,15287.75,15070.75,15131.25,15287.75,15135.25,933.0,15198.0,15225.5,15070.75,15111.0,1600.0,15225.5,15099.0,237.58928571428572,15318.75,15187.5,15210.5
2023-03-02,15242.25,14978.5,15198.25,15137.75,14978.5,933.0,15003.5,15242.25,14992.25,15212.0,1600.0,15077.25,14992.25,227.23214285714286,15225.5,15070.75,15111.0
2023-03-03,15475.0,15158.0,15470.5,15300.75,15158.0,933.0,15280.5,15467.25,15257.5,15459.0,1600.0,15371.5,15257.5,231.19642857142858,15242.25,14992.25,15212.0
2023-03-06,15632.25,15422.25,15467.25,15528.25,15422.25,933.0,15506.75,15632.25,15460.25,15470.0,1600.0,15588.25,15493.25,232.28571428571428,15467.25,15257.5,15459.0
2023-03-07,15527.25,15288.25,15321.5,15527.25,15458.25,933.0,15470.25,15508.75,15288.25,15315.0,1600.0,15508.75,15326.25,226.10714285714286,15632.25,15460.25,15470.0
2023-03-08,15400.5,15254.25,15384.25,15363.25,15284.75,933.0,15331.25,15400.5,15254.25,15377.0,1600.0,15362.0,15254.25,226.58928571428572,15508.75,15288.25,15315.0
2023-03-09,15499.5,15123.5,15155.25,15422.25,15282.25,933.0,15392.25,15499.5,15123.5,15152.5,1600.0,15499.5,15376.0,212.92857142857142,15400.5,15254.25,15377.0
2023-03-10,15255.0,14941.0,15038.5,15255.0,15067.5,933.0,15164.0,15225.5,14941.0,14987.25,1600.0,15173.5,15011.0,225.46428571428572,15499.5,15123.5,15152.5
2023-03-13,15238.5,14822.0,15088.75,15238.5,14822.0,933.0,14902.25,15229.25,14837.75,15069.5,1600.0,15083.5,14837.75,242.80357142857142,15225.5,14941.0,14987.25
2023-03-14,15372.25,15048.0,15351.75,15233.75,15048.0,933.0,15223.5,15372.25,15184.25,15342.75,1600.0,15325.25,15216.5,251.89285714285714,15229.25,14837.75,15069.5
2023-03-15,15423.25,15112.5,15413.0,15390.0,15112.5,933.0,15226.25,15423.25,15168.0,15407.25,1600.0,15292.0,15198.0,263.875,15372.25,15184.25,15342.75
2023-03-16,15751.5,15329.75,15727.25,15478.25,15349.0,933.0,15361.0,15751.5,15329.75,15732.5,1600.0,15450.75,15329.75,269.4642857142857,15423.25,15168.0,15407.25
2023-03-17,15827.0,15585.25,15664.25,15783.5,15676.0,933.0,15725.75,15827.0,15585.25,15663.25,1600.0,15827.0,15685.5,278.76785714285717,15751.5,15329.75,15732.5
2023-03-20,15765.75,15541.0,15716.75,15765.75,15541.0,933.0,15638.75,15723.75,15545.25,15708.75,1600.0,15648.75,15545.25,281.7857142857143,15827.0,15585.25,15663.25
2023-03-21,15914.0,15692.25,15892.0,15807.75,15692.25,933.0,15791.0,15914.0,15728.25,15893.25,1600.0,15853.0,15749.75,287.3392857142857,15723.75,15545.25,15708.75
2023-03-22,16097.75,15693.75,15714.5,15902.25,15825.0,933.0,15888.25,16097.75,15711.75,15714.5,1600.0,15954.75,15867.0,287.67857142857144,15914.0,15728.25,15893.25
2023-03-23,16046.75,15710.0,15888.25,15873.75,15710.0,933.0,15871.0,16046.75,15749.25,15863.0,1600.0,15974.25,15863.0,297.69642857142856,16097.75,15711.75,15714.5
2023-03-24,15940.5,15743.75,15938.5,15936.0,15769.25,933.0,15842.5,15911.75,15743.75,15909.75,1600.0,15860.5,15752.0,299.10714285714283,16046.75,15749.25,15863.0
2023-03-27,16000.25,15781.25,15830.0,16000.25,15864.5,933.0,15935.0,15981.0,15781.25,15815.5,1600.0,15981.0,15896.5,298.1607142857143,15911.75,15743.75,15909.75
2023-03-28,15849.25,15650.0,15763.75,15849.25,15767.0,933.0,15792.0,15793.0,15650.0,15748.75,1600.0,15793.0,15688.75,296.73214285714283,15981.0,15781.25,15815.5
2023-03-29,16009.75,15757.75,15976.0,15905.75,15757.75,933.0,15903.5,16009.75,15870.25,15985.25,1600.0,15948.5,15896.75,300.51785714285717,15793.0,15650.0,15748.75
2023-03-30,16127.5,15947.25,16105.5,16090.5,15947.25,933.0,16080.5,16127.5,16027.0,16100.75,1600.0,16119.25,16044.0,291.6607142857143,16009.75,15870.25,15985.25
2023-03-31,16327.25,16073.25,16323.75,16154.5,16073.25,933.0,16107.75,16327.25,16096.0,16318.75,1600.0,16178.5,16096.0,282.10714285714283,16127.5,16027.0,16100.75
2023-04-03,16294.5,16169.75,16277.5,16291.25,16195.25,933.0,16226.0,16294.5,16169.75,16284.25,1600.0,16284.0,16214.0,270.5,16327.25,16096.0,16318.75
2023-04-04,16364.5,16184.0,16247.0,16364.5,16242.25,933.0,16300.5,16342.5,16184.0,16239.0,1600.0,16342.5,16245.75,258.3392857142857,16294.5,16169.75,16284.25
2023-04-05,16263.0,16021.75,16076.5,16263.0,16188.5,933.0,16189.5,16197.75,16021.75,16076.5,1403.0,16197.75,16103.75,249.03571428571428,16342.5,16184.0,16239.0
2023-04-06,16206.75,15969.0,16179.25,16095.5,16001.0,933.0,16028.25,16206.75,15969.0,16187.25,1600.0,16069.75,15969.0,236.14285714285714,16197.75,16021.75,16076.5
2023-04-07,16208.0,16137.75,16200.0,16208.0,16137.75,,,,,,,,,235.85714285714286,16206.75,15969.0,16187.25
2023-04-10,16219.0,15983.25,16181.75,16219.0,16052.5,933.0,16059.5,16180.5,15983.25,16180.25,1600.0,16066.0,15983.25,224.82142857142858,,,
2023-04-11,16224.5,16069.25,16097.0,16224.5,16141.25,933.0,16175.0,16176.25,16069.25,16092.25,1600.0,16176.25,16084.25,225.82142857142858,16180.5,15983.25,16180.25
2023-04-12,16257.5,15953.5,15973.25,16257.5,16054.25,933.0,16172.75,16196.25,15953.5,15973.75,1600.0,16196.25,16049.25,208.05357142857142,16176.25,16069.25,16092.25
2023-04-13,16243.75,15941.25,16196.25,16053.75,15941.25,933.0,16043.5,16243.75,16035.5,16226.75,1600.0,16154.0,16035.5,205.71428571428572,16196.25,15953.5,15973.75
2023-04-14,16270.75,16073.75,16215.25,16233.0,16116.75,933.0,16155.0,16270.75,16073.75,16196.5,1600.0,16270.75,16148.25,213.26785714285714,16243.75,16035.5,16226.75
2023-04-17,16233.75,16092.5,16196.75,16233.75,16172.0,933.0,16178.25,16221.75,16092.5,16205.5,1600.0,16221.75,16154.0,211.69642857142858,16270.75,16073.75,16196.5
2023-04-18,16314.5,16153.75,16202.75,16314.5,16176.0,933.0,16295.75,16313.5,16153.75,16205.25,1600.0,16313.5,16182.75,207.55357142857142,16221.75,16092.5,16205.5
2023-04-19,16242.5,16080.75,16184.0,16202.5,16080.75,933.0,16101.0,16242.5,16096.25,16199.25,1600.0,16148.5,16096.25,201.03571428571428,16313.5,16153.75,16205.25
2023-04-20,16215.75,16037.5,16106.75,16181.5,16040.75,933.0,16067.25,16215.75,16037.5,16093.5,1600.0,16167.5,16062.0,199.71428571428572,16242.5,16096.25,16199.25
2023-04-21,16137.75,15998.25,16091.75,16123.5,16020.75,933.0,16073.25,16137.75,15998.25,16104.0,1600.0,16097.5,15998.25,194.30357142857142,16215.75,16037.5,16093.5
2023-04-24,16149.75,15983.0,16065.25,16115.25,16030.0,933.0,16093.25,16149.75,15983.0,16075.0,1600.0,16149.75,16069.75,193.26785714285714,16137.75,15998.25,16104.0
2023-04-25,16075.25,15815.75,15934.5,16075.25,15982.5,933.0,16004.25,16031.25,15821.75,15824.25,1600.0,16031.25,15952.75,192.28571428571428,16149.75,15983.0,16075.0
2023-04-26,16028.0,15879.5,15976.25,16012.25,15901.0,933.0,15966.0,16028.0,15879.5,15898.0,1600.0,15983.25,15912.25,193.58928571428572,16031.25,15821.75,15824.25
2023-04-27,16348.75,15951.75,16276.5,16063.75,15951.75,933.0,16056.5,16269.0,16029.25,16247.5,1600.0,16107.75,16029.25,187.21428571428572,16028.0,15879.5,15898.0
2023-04-28,16351.75,16184.75,16341.5,16251.75,16184.75,933.0,16236.0,16340.0,16188.0,16339.75,1600.0,16308.0,16188.0,210.55357142857142,16269.0,16029.25,16247.5
2023-05-01,16386.0,16274.5,16304.75,16386.0,16301.0,933.0,16316.5,16379.25,16274.5,16319.75,1600.0,16344.0,16295.25,205.64285714285714,16340.0,16188.0,16339.75
2023-05-02,16350.5,16126.0,16185.0,16350.5,16283.5,933.0,16316.5,16329.0,16126.0,16200.75,1600.0,16329.0,16213.5,202.51785714285714,16379.25,16274.5,16319.75
2023-05-03,16329.75,16095.75,16104.75,16247.25,16172.75,933.0,16214.75,16329.75,16108.25,16115.75,1600.0,16257.75,16203.5,196.83928571428572,16329.0,16126.0,16200.75
2023-05-04,16188.75,16017.5,16062.25,16188.75,16060.0,933.0,16098.5,16147.0,16017.5,16064.0,1600.0,16101.75,16020.75,191.94642857142858,16329.75,16108.25,16115.75
2023-05-05,16374.75,16071.5,16326.25,16173.25,16071.5,933.0,16155.0,16374.75,16140.0,16339.25,1600.0,16257.75,16140.0,190.10714285714286,16147.0,16017.5,16064.0
2023-05-08,16383.75,16270.25,16352.0,16350.75,16303.5,933.0,16316.75,16383.75,16270.25,16370.0,1600.0,16326.0,16277.0,202.33928571428572,16374.75,16140.0,16339.25
2023-05-09,16362.75,16266.25,16277.0,16362.75,16284.75,933.0,16296.5,16333.25,16266.25,16281.75,1600.0,16333.25,16290.25,198.96428571428572,16383.75,16270.25,16370.0
2023-05-10,16462.5,16218.5,16424.5,16424.25,16218.5,933.0,16382.25,16462.5,16278.0,16426.25,1600.0,16449.5,16337.0,194.30357142857142,16333.25,16266.25,16281.75
2023-05-11,16486.0,16377.25,16462.75,16483.25,16419.25,933.0,16443.0,16486.0,16377.25,16462.75,1600.0,16449.0,16388.0,199.0,16462.5,16278.0,16426.25
2023-05-12,16510.0,16326.25,16386.25,16510.0,16460.5,933.0,16483.75,16503.0,16326.25,16413.25,1600.0,16503.0,16418.0,196.80357142857142,16486.0,16377.25,16462.75
2023-05-15,16495.75,16365.75,16479.75,16463.25,16365.75,933.0,16432.25,16495.75,16367.25,16488.0,1600.0,16444.0,16367.25,198.01785714285714,16503.0,16326.25,16413.25
2023-05-16,16570.25,16442.0,16519.0,16507.75,16442.0,933.0,16451.5,16570.25,16450.25,16497.75,1600.0,16531.5,16450.25,188.76785714285714,16495.75,16367.25,16488.0
2023-05-17,16684.75,16490.0,16656.5,16542.25,16490.0,933.0,16540.75,16684.75,16491.25,16660.5,1600.0,16555.75,16491.25,187.32142857142858,16570.25,16450.25,16497.75
2023-05-18,16928.75,16644.0,16928.25,16699.0,16644.0,933.0,16669.5,16917.0,16668.5,16905.75,1600.0,16791.5,16668.5,172.875,16684.75,16491.25,16660.5
2023-05-19,16976.0,16830.0,16856.75,16976.0,16893.25,933.0,16913.75,16944.75,16830.0,16874.0,1600.0,16944.75,16877.5,181.28571428571428,16917.0,16668.5,16905.75
2023-05-22,16962.5,16810.0,16931.25,16895.0,16810.0,933.0,16863.75,16962.5,16862.75,16921.75,1600.0,16962.5,16862.75,183.75,16944.75,16830.0,16874.0
2023-05-23,16995.0,16725.75,16748.5,16995.0,16840.75,933.0,16846.75,16893.75,16725.75,16741.25,1600.0,16893.75,16838.0,178.60714285714286,16962.5,16862.75,16921.75
2023-05-24,16861.5,16582.25,16858.0,16771.5,16643.5,933.0,16658.75,16721.5,16582.25,16669.0,1600.0,16690.75,16601.75,181.125,16893.75,16725.75,16741.25
2023-05-25,17047.0,16818.75,16997.25,16991.75,16818.75,933.0,16970.5,17047.0,16867.0,16994.0,1600.0,16981.5,16867.0,188.83928571428572,16721.5,16582.25,16669.0
2023-05-26,17384.75,16940.25,17383.0,17060.5,16940.25,933.0,17034.25,17384.25,17030.5,17348.75,1600.0,17220.75,17030.5,182.82142857142858,17047.0,16867.0,16994.0
2023-05-29,17475.5,17383.25,17420.5,17475.5,17383.25,933.0,17394.0,17428.0,17383.75,17420.5,1300.0,17400.25,17383.75,206.46428571428572,17384.25,17030.5,17348.75
2023-05-30,17585.75,17352.5,17418.5,17585.75,17394.25,933.0,17525.75,17575.25,17352.5,17413.0,1600.0,17575.25,17415.75,206.17857142857142,17428.0,17383.75,17420.5
2023-05-31,17444.75,17267.0,17304.5,17444.75,17330.75,933.0,17345.75,17428.0,17267.0,17315.75,1600.0,17428.0,17290.0,205.41071428571428,17575.25,17352.5,17413.0
2023-06-01,17544.0,17264.0,17512.5,17352.25,17264.0,933.0,17313.75,17544.0,17267.75,17489.5,1600.0,17357.75,17267.75,210.33928571428572,17428.0,17267.0,17315.75
2023-06-02,17643.5,17484.0,17603.5,17580.75,17488.75,933.0,17559.0,17643.5,17484.0,17595.0,1600.0,17643.5,17484.0,217.21428571428572,17544.0,17267.75,17489.5
2023-06-05,17710.5,17528.5,17598.0,17595.25,17528.5,933.0,17584.5,17710.5,17559.25,17603.0,1600.0,17668.0,17583.5,219.32142857142858,17643.5,17484.0,17595.0
2023-06-06,17639.5,17520.25,17610.25,17630.75,17572.25,933.0,17576.75,17639.5,17520.25,17599.5,1600.0,17597.5,17520.25,223.16071428571428,17710.5,17559.25,17603.0
2023-06-07,17690.75,17321.25,17331.75,17630.0,17552.5,933.0,17608.0,17690.75,17321.25,17346.75,1600.0,17690.75,17547.0,217.76785714285714,17639.5,17520.25,17599.5
2023-06-08,17542.5,17272.5,17537.0,17387.75,17272.5,933.0,17353.75,17539.25,17343.75,17515.5,1600.0,17439.0,17343.75,223.82142857142858,17690.75,17321.25,17346.75
2023-06-09,17703.25,17476.0,17582.0,17580.5,17476.0,933.0,17577.5,17703.25,17512.0,17572.25,1600.0,17703.25,17572.75,232.67857142857142,17539.25,17343.75,17515.5
2023-06-12,17850.75,17571.25,17848.75,17671.0,17571.25,933.0,17643.25,17830.0,17603.25,17827.75,1600.0,17658.5,17603.25,238.01785714285714,17703.25,17512.0,17572.25
2023-06-13,17990.5,17802.25,17946.75,17990.5,17818.75,933.0,17936.25,17969.25,17802.25,17935.75,1600.0,17969.25,17802.25,238.75,17830.0,17603.25,17827.75
2023-06-14,18082.75,17815.25,18072.75,17991.25,17920.25,933.0,17934.75,18055.25,17815.25,18042.75,1600.0,18011.0,17891.75,232.25,17969.25,17802.25,17935.75
2023-06-15,18280.25,17905.25,18207.0,18068.25,17905.25,933.0,17980.25,18280.25,17953.75,18216.25,1600.0,18109.5,17953.75,235.05357142857142,18055.25,17815.25,18042.75
2023-06-16,18314.75,18097.75,18140.0,18313.75,18154.25,933.0,18310.25,18314.75,18097.75,18114.75,1600.0,18314.75,18172.25,230.08928571428572,18280.25,17953.75,18216.25
2023-06-19,18161.75,18069.75,18078.5,18161.75,18073.25,933.0,18090.25,18092.25,18069.75,18078.5,1300.0,18092.25,18069.75,238.98214285714286,18314.75,18097.75,18114.75
2023-06-20,18150.0,17965.75,18083.5,18097.0,18008.0,933.0,18050.75,18150.0,17965.75,18092.75,1600.0,18150.0,17969.75,228.89285714285714,18092.25,18069.75,18078.5
2023-06-21,18112.5,17841.5,17877.25,18112.5,18021.0,933.0,18041.0,18058.5,17841.5,17884.75,1600.0,18058.5,17915.25,229.35714285714286,18150.0,17965.75,18092.75
2023-06-22,18077.25,17803.25,18072.5,17897.25,17809.25,933.0,17820.75,18057.25,17803.25,18053.0,1600.0,17988.25,17803.25,228.71428571428572,18058.5,17841.5,17884.75
2023-06-23,18075.25,17824.5,17892.5,18075.25,17858.25,933.0,17882.75,17994.5,17824.5,17899.5,1600.0,17927.0,17824.5,236.89285714285714,18057.25,17803.25,18053.0
2023-06-26,17991.75,17692.75,17712.0,17953.25,17838.0,933.0,17875.75,17991.75,17692.75,17696.75,1600.0,17991.75,17863.75,241.80357142857142,17994.5,17824.5,17899.5
2023-06-27,17978.5,17701.5,17927.75,17776.5,17701.5,933.0,17757.25,17978.5,17727.25,17949.0,1600.0,17818.25,17727.25,254.64285714285714,17991.75,17692.75,17696.75
2023-06-28,18058.25,17860.5,17995.75,17932.0,17860.5,933.0,17868.75,18058.25,17864.75,17978.75,1600.0,17984.0,17864.75,248.03571428571428,17978.5,17727.25,17949.0
2023-06-29,18042.0,17867.75,17947.5,18042.0,17940.5,933.0,17958.5,17984.0,17867.75,17942.0,1600.0,17984.0,17874.5,242.875,18058.25,17864.75,17978.75
2023-06-30,18216.0,17938.25,18155.75,18103.0,17938.25,933.0,18091.25,18216.0,18077.75,18169.25,1600.0,18216.0,18077.75,239.08928571428572,17984.0,17867.75,17942.0
2023-07-03,18231.25,18147.25,18196.25,18231.25,18169.75,933.0,18194.5,18229.25,18147.25,18196.25,1315.0,18229.25,18176.5,238.96428571428572,18216.0,18077.75,18169.25
2023-07-04,18207.75,18173.5,18183.75,18204.0,18173.5,933.0,18203.0,18207.75,18179.75,18183.75,1300.0,18207.75,18188.25,231.51785714285714,18229.25,18147.25,18196.25
2023-07-05,18271.25,18094.5,18193.75,18195.75,18094.5,933.0,18132.75,18271.25,18131.75,18199.25,1600.0,18262.75,18131.75,214.85714285714286,18207.75,18179.75,18183.75
2023-07-06,18205.25,17950.75,18061.5,18205.25,18003.75,933.0,18035.25,18091.25,17950.75,18075.0,1600.0,18053.5,17950.75,200.69642857142858,18271.25,18131.75,18199.25
2023-07-07,18199.0,18011.5,18031.75,18153.25,18015.75,933.0,18059.75,18199.0,18011.5,18022.75,1600.0,18117.25,18028.0,203.375,18091.25,17950.75,18075.0
2023-07-10,18057.5,17902.5,18032.25,18037.75,17917.25,933.0,18007.75,18054.0,17902.5,18029.25,1600.0,18054.0,17924.75,210.19642857142858,18199.0,18011.5,18022.75
2023-07-11,18118.0,17948.75,18101.75,18079.0,18015.25,933.0,18040.75,18118.0,17948.75,18098.5,1600.0,18072.75,17948.75,208.10714285714286,18054.0,17902.5,18029.25
2023-07-12,18347.0,18093.75,18297.5,18277.25,18093.75,933.0,18269.5,18347.0,18183.25,18291.0,1600.0,18347.0,18247.75,200.83928571428572,18118.0,17948.75,18098.5
2023-07-13,18580.5,18295.75,18539.0,18420.5,18295.75,933.0,18415.5,18580.5,18391.5,18545.25,1600.0,18460.75,18391.5,199.35714285714286,18347.0,18183.25,18291.0
2023-07-14,18696.5,18502.25,18533.0,18577.75,18519.25,933.0,18561.0,18696.5,18502.25,18542.25,1600.0,18696.5,18560.75,201.78571428571428,18580.5,18391.5,18545.25
2023-07-17,18722.0,18500.75,18665.5,18568.75,18500.75,933.0,18569.0,18722.0,18548.0,18684.25,1600.0,18620.75,18548.0,194.30357142857142,18696.5,18502.25,18542.25
2023-07-18,18869.0,18572.25,18787.5,18683.0,18635.25,933.0,18654.5,18869.0,18572.25,18812.25,1600.0,18655.25,18572.25,190.32142857142858,18722.0,18548.0,18684.25
2023-07-19,18902.0,18750.5,18778.75,18856.75,18784.25,933.0,18852.0,18902.0,18750.5,18796.0,1600.0,18876.25,18810.25,197.39285714285714,18869.0,18572.25,18812.25
2023-07-20,18765.0,18386.25,18435.5,18765.0,18644.5,933.0,18673.0,18734.25,18386.25,18427.5,1600.0,18734.25,18584.5,195.76785714285714,18902.0,18750.5,18796.0
2023-07-21,18558.5,18361.5,18394.25,18556.75,18393.75,933.0,18527.5,18558.5,18361.5,18376.75,1600.0,18558.5,18389.75,203.96428571428572,18734.25,18386.25,18427.5
2023-07-24,18458.0,18323.0,18408.25,18433.5,18366.25,933.0,18417.75,18458.0,18323.0,18403.0,1600.0,18458.0,18323.0,212.03571428571428,18558.5,18361.5,18376.75
2023-07-25,18575.5,18388.5,18566.25,18468.5,18388.5,933.0,18428.25,18575.5,18427.0,18508.5,1600.0,18511.5,18427.0,219.23214285714286,18458.0,18323.0,18403.0
2023-07-26,18578.5,18354.25,18464.25,18578.5,18445.5,933.0,18458.25,18523.75,18354.25,18452.0,1600.0,18478.5,18405.25,219.96428571428572,18575.5,18427.0,18508.5
2023-07-27,18743.25,18350.5,18423.5,18683.75,18470.75,933.0,18674.0,18743.25,18350.5,18404.75,1600.0,18743.25,18609.75,217.80357142857142,18523.75,18354.25,18452.0
2023-07-28,18735.25,18385.5,18685.25,18601.25,18385.5,933.0,18577.0,18735.25,18555.0,18689.0,1600.0,18668.5,18555.0,232.46428571428572,18743.25,18350.5,18404.75
2023-07-31,18756.25,18630.5,18708.25,18756.25,18630.5,933.0,18699.25,18744.25,18639.5,18701.25,1600.0,18744.25,18644.5,246.375,18735.25,18555.0,18689.0
2023-08-01,18728.5,18567.5,18647.75,18728.5,18595.0,933.0,18635.75,18688.5,18567.5,18656.0,1600.0,18654.5,18567.5,243.26785714285714,18744.25,18639.5,18701.25
2023-08-02,18629.0,18253.25,18290.25,18629.0,18429.5,933.0,18506.75,18508.0,18253.25,18307.25,1600.0,18508.0,18363.75,236.67857142857142,18688.5,18567.5,18656.0
2023-08-03,18391.0,18178.75,18286.75,18346.75,18178.75,933.0,18197.25,18362.75,18190.5,18270.75,1600.0,18306.0,18190.5,244.51785714285714,18508.0,18253.25,18307.25
2023-08-04,18449.5,18175.75,18202.0,18401.75,18241.0,933.0,18351.0,18449.5,18175.75,18197.25,1600.0,18422.75,18232.0,245.80357142857142,18362.75,18190.5,18270.75
2023-08-07,18334.75,18173.5,18329.75,18305.75,18197.0,933.0,18272.75,18330.5,18173.5,18325.5,1600.0,18312.5,18196.25,249.55357142857142,18449.5,18175.75,18197.25
2023-08-08,18337.0,18057.25,18190.25,18337.0,18158.0,933.0,18218.25,18218.75,18057.25,18189.5,1600.0,18218.75,18083.25,239.875,18330.5,18173.5,18325.5
2023-08-09,18271.75,17985.75,18043.0,18271.75,18182.75,933.0,18201.25,18207.75,17985.75,18019.25,1600.0,18207.75,18096.5,249.03571428571428,18218.75,18057.25,18189.5
2023-08-10,18281.5,17975.25,18057.0,18196.75,18040.0,933.0,18140.0,18281.5,17975.25,18040.0,1600.0,18281.5,18112.5,241.42857142857142,18207.75,17985.75,18019.25
2023-08-11,18106.0,17876.5,17943.0,18106.0,17918.5,933.0,17931.0,18013.5,17876.5,17940.25,1600.0,18013.5,17891.25,249.23214285714286,18281.5,17975.25,18040.0
2023-08-14,18121.25,17860.0,18119.25,18064.25,17860.0,933.0,17907.5,18112.75,17874.25,18111.75,1600.0,18012.25,17874.25,255.98214285714286,18013.5,17876.5,17940.25
2023-08-15,18174.25,17914.0,17949.25,18174.25,17991.25,933.0,18063.75,18098.5,17914.0,17944.5,1600.0,18098.5,17952.25,261.2857142857143,18112.75,17874.25,18111.75
2023-08-16,18005.25,17760.75,17776.25,18005.25,17903.25,933.0,17919.0,17983.25,17777.5,17778.25,1600.0,17983.25,17890.25,263.85714285714283,18098.5,17914.0,17944.5
2023-08-17,17857.5,17577.5,17582.75,17857.5,17726.75,933.0,17833.5,17846.75,17593.75,17611.5,1600.0,17846.75,17721.25,253.26785714285714,17983.25,17777.5,17778.25
2023-08-18,17642.0,17448.5,17583.25,17630.25,17459.25,933.0,17468.5,17642.0,17448.5,17589.5,1600.0,17536.25,17448.5,248.28571428571428,17846.75,17593.75,17611.5
2023-08-21,17853.0,17559.75,17811.25,17697.75,17559.75,933.0,17648.0,17853.0,17628.0,17826.25,1600.0,17771.75,17644.75,253.125,17642.0,17448.5,17589.5
2023-08-22,17957.5,17771.25,17802.5,17957.5,17782.25,933.0,17930.75,17931.5,17771.25,17799.75,1600.0,17931.5,17837.0,262.57142857142856,17853.0,17628.0,17826.25
2023-08-23,18196.0,17796.5,18195.0,17922.25,17796.5,933.0,17848.25,18081.75,17838.75,18037.25,1600.0,17984.25,17838.75,247.69642857142858,17931.5,17771.25,17799.75
2023-08-24,18257.25,17656.25,17671.75,18257.25,18133.25,933.0,18174.5,18179.0,17694.0,17698.5,1600.0,18179.0,17911.0,261.07142857142856,18081.75,17838.75,18037.25
2023-08-25,17888.0,17591.0,17811.5,17757.5,17624.5,933.0,17736.25,17888.0,17591.0,17816.5,1600.0,17888.0,17709.25,284.44642857142856,18179.0,17694.0,17698.5
2023-08-28,17965.75,17812.75,17937.25,17946.0,17812.75,933.0,17936.75,17965.75,17822.75,17930.0,1600.0,17965.75,17843.75,294.14285714285717,17888.0,17591.0,17816.5
2023-08-29,18269.75,17889.0,18265.5,17986.5,17889.0,933.0,17916.0,18269.75,17902.0,18253.0,1600.0,18136.75,17902.0,285.17857142857144,17965.75,17822.75,17930.0
2023-08-30,18362.0,18200.75,18352.25,18307.25,18200.75,933.0,18256.5,18362.0,18214.25,18341.25,1600.0,18346.5,18214.25,291.94642857142856,18269.75,17902.0,18253.0
2023-08-31,18446.0,18299.25,18375.75,18383.5,18299.25,933.0,18331.5,18446.0,18328.0,18371.75,1600.0,18433.5,18328.0,281.5892857142857,18362.0,18214.25,18341.25
2023-09-01,18500.5,18293.25,18350.5,18500.5,18341.25,933.0,18472.25,18492.0,18293.25,18359.25,1600.0,18492.0,18338.0,275.67857142857144,18446.0,18328.0,18371.75
2023-09-04,18418.0,18339.75,18363.0,18409.75,18339.75,933.0,18394.25,18418.0,18351.5,18363.0,1300.0,18418.0,18387.75,271.82142857142856,18492.0,18293.25,18359.25
2023-09-05,18426.0,18257.5,18356.75,18374.0,18257.5,933.0,18321.0,18426.0,18282.0,18373.25,1600.0,18362.75,18282.0,258.82142857142856,18418.0,18351.5,18363.0
2023-09-06,18372.25,18149.75,18226.0,18372.25,18278.0,933.0,18338.75,18353.5,18149.75,18237.25,1600.0,18353.5,18224.75,253.39285714285714,18426.0,18282.0,18373.25
2023-09-07,18235.0,17996.75,18125.5,18235.0,18022.25,933.0,18039.75,18151.0,17996.75,18116.0,1600.0,18080.25,17996.75,249.28571428571428,18353.5,18149.75,18237.25
2023-09-08,18230.0,18062.25,18152.25,18183.0,18062.25,933.0,18112.25,18230.0,18095.0,18134.25,1600.0,18230.0,18109.25,252.48214285714286,18151.0,17996.75,18116.0
2023-09-11,18338.0,18134.75,18312.0,18276.0,18134.75,933.0,18260.5,18338.0,18179.25,18316.5,1600.0,18288.75,18179.25,243.51785714285714,18230.0,18095.0,18134.25
2023-09-12,18322.0,18125.75,18148.0,18322.0,18233.25,933.0,18242.5,18300.75,18125.75,18139.75,1600.0,18300.75,18222.25,244.73214285714286,18338.0,18179.25,18316.5
2023-09-13,18261.75,18048.0,18215.0,18171.75,18048.0,933.0,18145.75,18261.75,18096.25,18196.5,1600.0,18203.5,18096.25,230.21428571428572,18300.75,18125.75,18139.75
2023-09-14,18356.5,18173.0,18319.25,18289.75,18205.25,933.0,18262.0,18356.5,18173.0,18314.0,1600.0,18280.75,18173.0,202.55357142857142,18261.75,18096.25,18196.5
2023-09-15,18361.75,17998.75,18025.0,18361.75,18234.25,933.0,18252.5,18269.5,17998.75,18033.75,1600.0,18269.5,18111.25,194.44642857142858,18356.5,18173.0,18314.0
2023-09-18,18103.0,17972.5,18067.25,18070.75,17972.5,933.0,17998.25,18103.0,17985.0,18055.0,1600.0,18081.5,17985.0,209.35714285714286,18269.5,17998.75,18033.75
2023-09-19,18084.25,17890.5,18025.0,18084.25,17987.0,933.0,17997.0,18050.0,17890.5,18019.25,1600.0,18015.25,17915.0,191.48214285714286,18103.0,17985.0,18055.0
2023-09-20,18078.25,17769.0,17775.75,18078.25,17984.25,933.0,18061.25,18077.25,17789.5,17794.0,1600.0,18077.25,18003.0,193.80357142857142,18050.0,17890.5,18019.25
2023-09-21,17791.0,17483.0,17491.75,17791.0,17584.25,933.0,17630.0,17662.25,17501.25,17503.25,1600.0,17662.25,17561.0,205.41071428571428,18077.25,17789.5,17794.0
2023-09-22,17669.5,17478.25,17518.25,17614.5,17478.25,933.0,17579.5,17669.5,17494.5,17509.25,1600.0,17606.0,17530.0,212.60714285714286,17662.25,17501.25,17503.25
2023-09-25,17597.75,17424.25,17593.0,17588.0,17424.25,933.0,17466.5,17581.25,17424.5,17578.75,1600.0,17538.5,17424.5,220.67857142857142,17669.5,17494.5,17509.25
2023-09-26,17591.0,17308.25,17367.25,17591.0,17437.0,933.0,17467.0,17488.25,17308.25,17350.75,1600.0,17488.25,17366.5,221.03571428571428,17581.25,17424.5,17578.75
2023-09-27,17463.5,17228.0,17408.5,17438.0,17355.5,933.0,17395.25,17463.5,17228.0,17387.0,1600.0,17448.0,17348.0,225.48214285714286,17488.25,17308.25,17350.75
2023-09-28,17589.5,17300.0,17518.5,17436.0,17319.75,933.0,17337.25,17589.5,17300.0,17500.25,1600.0,17415.25,17300.0,225.28571428571428,17463.5,17228.0,17387.0
2023-09-29,17702.75,17453.0,17533.5,17651.75,17467.5,933.0,17643.5,17702.75,17453.0,17510.25,1600.0,17702.75,17612.0,233.98214285714286,17589.5,17300.0,17500.25
2023-10-02,17688.0,17468.0,17634.5,17652.5,17468.0,933.0,17515.75,17688.0,17489.75,17630.25,1600.0,17634.25,17489.75,237.30357142857142,17702.75,17453.0,17510.25
2023-10-03,17673.0,17293.5,17356.5,17673.0,17489.25,933.0,17522.25,17616.75,17293.5,17361.75,1600.0,17616.75,17412.75,239.0,17688.0,17489.75,17630.25
2023-10-04,17598.0,17231.0,17544.5,17441.75,17231.0,933.0,17395.25,17598.0,17376.5,17561.25,1600.0,17476.5,17376.5,250.83928571428572,17616.75,17293.5,17361.75
2023-10-05,17600.75,17358.25,17502.75,17600.75,17492.75,933.0,17551.0,17568.5,17358.25,17508.0,1600.0,17568.5,17405.5,263.94642857142856,17598.0,17376.5,17561.25
2023-10-06,17802.25,17302.0,17781.5,17564.0,17302.0,933.0,17378.0,17802.25,17344.25,17755.25,1600.0,17486.75,17344.25,255.33928571428572,17568.5,17358.25,17508.0
2023-10-09,17854.75,17591.5,17837.0,17682.5,17613.75,933.0,17654.5,17854.75,17591.5,17832.5,1600.0,17708.75,17591.5,281.75,17802.25,17344.25,17755.25
2023-10-10,18025.5,17813.75,17924.0,17881.25,17813.75,933.0,17842.5,18025.5,17822.0,17911.5,1600.0,17937.0,17822.0,286.7142857142857,17854.75,17591.5,17832.5
2023-10-11,18058.75,17895.0,18052.75,17987.75,17915.25,933.0,17967.25,18029.25,17895.0,18019.0,1600.0,18029.25,17942.75,279.75,18025.5,17822.0,17911.5
2023-10-12,18110.75,17858.25,17966.0,18090.0,18003.5,933.0,18035.25,18110.75,17858.25,17956.25,1600.0,18103.0,18008.0,269.44642857142856,18029.25,17895.0,18019.0
2023-10-13,18008.75,17704.25,17749.5,17990.75,17859.25,933.0,17984.25,18008.75,17704.25,17763.75,1600.0,18008.75,17908.25,273.82142857142856,18110.75,17858.25,17956.25
2023-10-16,17978.75,17725.0,17946.75,17829.5,17725.0,933.0,17818.0,17978.75,17810.75,17935.75,1600.0,17942.5,17810.75,283.17857142857144,18008.75,17704.25,17763.75
2023-10-17,17951.25,17692.25,17884.5,17948.5,17778.5,933.0,17780.5,17951.25,17692.25,17883.5,1600.0,17846.25,17692.25,280.9642857142857,17978.75,17810.75,17935.75
2023-10-18,17880.25,17621.25,17703.25,17880.25,17766.0,933.0,17772.75,17865.75,17621.25,17665.0,1600.0,17865.75,17763.75,282.64285714285717,17951.25,17692.25,17883.5
2023-10-19,17780.25,17481.5,17492.5,17749.0,17579.0,933.0,17729.5,17780.25,17494.25,17527.75,1600.0,17751.0,17645.0,280.76785714285717,17865.75,17621.25,17665.0
2023-10-20,17529.5,17287.0,17291.0,17529.5,17438.0,933.0,17504.5,17528.0,17293.75,17303.25,1600.0,17528.0,17402.25,284.26785714285717,17780.25,17494.25,17527.75
2023-10-23,17495.75,17156.25,17391.0,17358.0,17162.5,933.0,17244.5,17495.75,17156.25,17348.0,1600.0,17329.75,17156.25,285.875,17528.0,17293.75,17303.25
2023-10-24,17590.75,17348.0,17472.75,17467.0,17362.0,933.0,17420.25,17520.0,17348.0,17488.5,1600.0,17491.5,17400.5,283.01785714285717,17495.75,17156.25,17348.0
2023-10-25,17497.0,17086.0,17109.75,17497.0,17355.0,933.0,17383.5,17391.25,17093.25,17118.75,1600.0,17391.25,17238.75,274.14285714285717,17520.0,17348.0,17488.5
2023-10-26,17101.0,16782.25,16851.5,17072.75,16899.0,933.0,17063.25,17101.0,16782.25,16836.25,1600.0,17101.0,16911.75,286.17857142857144,17391.25,17093.25,17118.75
2023-10-27,17049.75,16851.75,16912.0,16985.5,16888.5,933.0,16949.0,17049.75,16851.75,16907.75,1600.0,17011.5,16933.0,273.8392857142857,17101.0,16782.25,16836.25
2023-10-30,17118.5,16945.0,17054.75,17033.75,16945.0,933.0,17007.75,17118.5,16948.25,17060.75,1600.0,17118.5,16972.75,269.19642857142856,17049.75,16851.75,16907.75
2023-10-31,17145.75,16953.25,17094.0,17096.0,16962.25,933.0,17061.5,17145.75,16953.25,17130.0,1600.0,17070.75,16953.25,268.82142857142856,17118.5,16948.25,17060.75
2023-11-01,17404.0,17052.75,17403.25,17176.5,17052.75,933.0,17162.25,17404.0,17157.25,17384.25,1600.0,17280.5,17157.25,270.875,17145.75,16953.25,17130.0
2023-11-02,17659.25,17402.0,17612.5,17595.5,17402.0,933.0,17562.5,17650.5,17511.5,17640.75,1600.0,17594.5,17511.5,277.92857142857144,17404.0,17157.25,17384.25
2023-11-03,17870.5,17567.5,17828.25,17707.5,17567.5,933.0,17693.0,17870.5,17682.5,17816.5,1600.0,17805.25,17682.5,274.55357142857144,17650.5,17511.5,17640.75
2023-11-06,17899.5,17780.0,17864.5,17867.25,17804.75,933.0,17846.0,17899.5,17780.0,17875.5,1600.0,17899.5,17827.0,278.07142857142856,17870.5,17682.5,17816.5
2023-11-07,18054.25,17818.0,18018.0,17926.5,17818.0,933.0,17917.75,18054.25,17866.0,18017.0,1600.0,17986.25,17866.0,268.10714285714283,17899.5,17780.0,17875.5
2023-11-08,18059.5,17928.75,18001.5,18032.0,17978.25,933.0,18030.5,18059.5,17928.75,18026.25,1600.0,18059.5,17981.75,266.17857142857144,18054.25,17866.0,18017.0
2023-11-09,18095.75,17878.75,17897.5,18053.0,17987.25,933.0,18046.5,18095.75,17878.75,17900.25,1600.0,18074.75,17994.5,254.17857142857142,18059.5,17928.75,18026.25
2023-11-10,18254.75,17849.25,18225.0,17973.0,17849.25,933.0,17969.75,18246.5,17947.5,18239.25,1600.0,18032.75,17947.5,252.35714285714286,18095.75,17878.75,17900.25
2023-11-13,18243.25,18107.25,18199.25,18243.25,18151.5,933.0,18171.75,18231.5,18107.25,18190.0,1600.0,18181.0,18107.25,257.07142857142856,18246.5,17947.5,18239.25
2023-11-14,18560.75,18194.0,18535.0,18481.75,18194.0,933.0,18454.0,18560.75,18432.25,18521.75,1600.0,18529.5,18432.25,249.44642857142858,18231.5,18107.25,18190.0
2023-11-15,18691.5,18474.25,18487.25,18691.5,18537.0,933.0,18599.25,18619.25,18474.5,18532.5,1600.0,18615.5,18548.0,246.28571428571428,18560.75,18432.25,18521.75
2023-11-16,18548.75,18438.75,18540.75,18525.25,18464.0,933.0,18493.5,18548.75,18438.75,18539.0,1600.0,18547.75,18467.25,238.41071428571428,18619.25,18474.5,18532.5
2023-11-17,18582.0,18467.0,18516.25,18561.75,18502.0,933.0,18504.75,18582.0,18467.0,18539.5,1600.0,18522.75,18469.0,232.10714285714286,18548.75,18438.75,18539.0
2023-11-20,18758.75,18479.25,18731.5,18574.0,18479.25,933.0,18537.25,18758.75,18536.75,18730.75,1600.0,18644.25,18536.75,225.57142857142858,18582.0,18467.0,18539.5
2023-11-21,18764.5,18554.0,18610.5,18764.5,18642.25,933.0,18655.0,18662.75,18558.75,18631.0,1600.0,18662.75,18564.0,231.78571428571428,18758.75,18536.75,18730.75
2023-11-22,18815.5,18584.75,18687.5,18721.25,18584.75,933.0,18711.75,18815.5,18647.5,18689.75,1600.0,18815.5,18647.5,221.73214285714286,18662.75,18558.75,18631.0
2023-11-23,18728.5,18676.5,18704.5,18728.5,18676.5,933.0,18705.0,18716.75,18693.5,18704.5,1300.0,18711.25,18693.5,219.83928571428572,18815.5,18647.5,18689.75
2023-11-24,18719.0,18623.75,18653.0,18719.0,18666.5,933.0,18670.5,18695.5,18623.75,18653.0,1315.0,18695.5,18632.5,201.91071428571428,18716.75,18693.5,18704.5
2023-11-27,18731.25,18580.75,18646.75,18663.75,18580.75,933.0,18640.75,18731.25,18612.25,18649.25,1600.0,18692.25,18612.25,200.17857142857142,18695.5,18623.75,18653.0
2023-11-28,18713.5,18587.25,18693.5,18656.0,18587.25,933.0,18616.5,18713.5,18600.5,18690.0,1600.0,18649.5,18600.5,194.05357142857142,18731.25,18612.25,18649.25
2023-11-29,18850.5,18655.5,18683.25,18815.25,18682.5,933.0,18789.25,18850.5,18655.5,18667.5,1600.0,18850.5,18727.0,193.73214285714286,18713.5,18600.5,18690.0
2023-11-30,18740.5,18498.0,18599.0,18740.5,18669.25,933.0,18674.25,18693.5,18498.0,18620.75,1600.0,18693.5,18560.75,192.16071428571428,18850.5,18655.5,18667.5
2023-12-01,18692.0,18506.0,18672.25,18642.75,18561.25,933.0,18575.25,18692.0,18506.0,18667.25,1600.0,18605.5,18515.5,180.51785714285714,18693.5,18498.0,18620.75
2023-12-04,18668.0,18363.25,18499.5,18668.0,18490.5,933.0,18504.5,18527.75,18363.25,18513.5,1600.0,18518.5,18388.75,184.08928571428572,18692.0,18506.0,18667.25
2023-12-05,18603.0,18403.25,18541.75,18505.25,18403.25,933.0,18433.25,18603.0,18425.25,18553.75,1600.0,18578.75,18425.25,179.96428571428572,18527.75,18363.25,18513.5
2023-12-06,18679.75,18444.0,18456.5,18679.0,18533.0,933.0,18675.5,18679.75,18444.0,18457.0,1600.0,18679.75,18517.75,178.71428571428572,18603.0,18425.25,18553.75
2023-12-07,18708.0,18433.0,18660.0,18582.0,18433.0,933.0,18576.25,18708.0,18529.5,18678.25,1600.0,18639.0,18529.5,187.69642857142858,18679.75,18444.0,18457.0
2023-12-08,18760.75,18530.25,18736.0,18680.75,18530.25,933.0,18598.0,18760.75,18589.25,18740.75,1600.0,18755.5,18589.25,199.125,18708.0,18529.5,18678.25
2023-12-11,18892.25,18688.5,18887.75,18755.0,18688.5,933.0,18721.75,18891.75,18713.75,18879.75,1600.0,18819.75,18713.75,195.625,18760.75,18589.25,18740.75
2023-12-12,19032.25,18828.75,19029.0,18980.25,18872.5,933.0,18876.5,19012.0,18828.75,19009.5,1600.0,18922.5,18828.75,195.14285714285714,18891.75,18713.75,18879.75
2023-12-13,19238.75,19008.25,19194.75,19068.0,19022.25,933.0,19041.75,19238.75,19008.25,19213.0,1600.0,19089.5,19029.5,193.19642857142858,19012.0,18828.75,19009.5
2023-12-14,19317.25,19060.25,19175.25,19317.25,19207.5,933.0,19252.75,19309.5,19060.25,19188.5,1600.0,19309.5,19218.25,205.94642857142858,19238.75,19008.25,19213.0
2023-12-15,19319.5,19164.5,19247.25,19250.75,19164.5,933.0,19219.75,19319.5,19194.75,19251.25,1600.0,19298.25,19212.25,217.5,19309.5,19060.25,19188.5
2023-12-18,19406.25,19234.5,19354.0,19291.0,19234.5,933.0,19278.75,19406.25,19264.75,19370.25,1600.0,19337.75,19264.75,217.82142857142858,19319.5,19194.75,19251.25
2023-12-19,19461.75,19343.0,19458.25,19421.5,19343.0,933.0,19384.5,19459.75,19376.75,19453.5,1600.0,19430.0,19376.75,221.07142857142858,19406.25,19264.75,19370.25
2023-12-20,19505.75,19190.75,19227.0,19478.25,19394.25,933.0,19417.75,19505.75,19192.5,19196.5,1600.0,19486.75,19403.25,215.625,19459.75,19376.75,19453.5
2023-12-21,19402.5,19222.5,19381.75,19402.5,19222.5,933.0,19354.5,19398.25,19247.25,19382.75,1600.0,19391.0,19275.5,220.80357142857142,19505.75,19192.5,19196.5
2023-12-22,19473.75,19323.75,19394.75,19446.25,19323.75,933.0,19431.5,19473.75,19328.25,19412.75,1600.0,19473.75,19421.5,220.375,19398.25,19247.25,19382.75
2023-12-26,19543.5,19396.75,19522.25,19469.5,19396.75,933.0,19441.75,19543.5,19437.75,19516.25,1600.0,19489.25,19437.75,209.01785714285714,19473.75,19328.25,19412.75
2023-12-27,19565.25,19487.75,19562.25,19538.5,19505.0,933.0,19524.0,19560.0,19487.75,19548.75,1600.0,19557.0,19487.75,205.375,19543.5,19437.75,19516.25
2023-12-28,19597.5,19510.0,19521.75,19597.5,19550.5,933.0,19580.75,19591.25,19510.0,19523.25,1600.0,19591.25,19535.0,194.07142857142858,19560.0,19487.75,19548.75
2023-12-29,19563.25,19370.5,19436.0,19563.25,19498.25,933.0,19521.25,19539.75,19370.5,19451.25,1600.0,19539.75,19506.0,180.67857142857142,19591.25,19510.0,19523.25
2024-01-02,19470.75,19054.75,19164.0,19470.75,19249.25,933.0,19294.25,19305.75,19054.75,19153.0,1600.0,19305.75,19149.0,177.98214285714286,19539.75,19370.5,19451.25
2024-01-03,19169.5,18954.25,18975.0,19169.5,19023.75,933.0,19042.0,19085.75,18954.25,18974.25,1600.0,19085.75,18988.75,193.14285714285714,19305.75,19054.75,19153.0
2024-01-04,19019.5,18868.25,18883.0,19019.5,18876.25,933.0,18885.5,19016.0,18868.25,18876.0,1600.0,18965.5,18875.5,193.98214285714286,19085.75,18954.25,18974.25
2024-01-05,19009.5,18766.5,18897.25,18901.25,18766.5,933.0,18881.5,19009.5,18836.0,18895.0,1600.0,18987.5,18869.75,188.32142857142858,19016.0,18868.25,18876.0
2024-01-08,19243.5,18810.5,19220.5,18946.5,18810.5,933.0,18944.25,19243.5,18937.75,19234.0,1600.0,19076.75,18937.75,187.32142857142858,19009.5,18836.0,18895.0
2024-01-09,19300.75,19090.0,19261.75,19228.25,19090.0,933.0,19101.5,19300.75,19092.75,19264.0,1600.0,19179.25,19092.75,207.17857142857142,19243.5,18937.75,19234.0
2024-01-10,19415.25,19233.75,19389.25,19338.5,19238.5,933.0,19272.25,19415.25,19233.75,19374.0,1600.0,19306.25,19233.75,209.96428571428572,19300.75,19092.75,19264.0
2024-01-11,19489.25,19185.25,19390.5,19489.25,19324.5,933.0,19416.75,19475.75,19185.25,19397.75,1600.0,19475.75,19256.75,214.44642857142858,19415.25,19233.75,19374.0
2024-01-12,19474.75,19298.75,19387.5,19441.0,19298.75,933.0,19440.25,19474.75,19345.75,19404.5,1600.0,19474.75,19367.5,213.66071428571428,19475.75,19185.25,19397.75
2024-01-15,19456.5,19368.5,19402.25,19456.5,19371.0,933.0,19390.0,19411.25,19368.5,19402.25,1300.0,19398.5,19368.5,213.375,19474.75,19345.75,19404.5
2024-01-16,19466.0,19244.0,19410.25,19397.25,19244.0,933.0,19349.0,19466.0,19287.25,19400.0,1600.0,19436.0,19287.25,208.94642857142858,19411.25,19368.5,19402.25
2024-01-17,19414.25,19121.5,19292.5,19414.25,19237.5,933.0,19257.5,19317.25,19121.5,19301.0,1600.0,19275.25,19121.5,214.17857142857142,19466.0,19287.25,19400.0
2024-01-18,19558.0,19266.5,19549.5,19477.0,19266.5,933.0,19429.25,19558.0,19374.75,19541.25,1600.0,19486.5,19418.5,229.55357142857142,19317.25,19121.5,19301.0
2024-01-19,19903.5,19539.5,19895.0,19687.5,19539.5,933.0,19623.0,19880.25,19598.5,19876.25,1600.0,19665.0,19598.5,244.125,19558.0,19374.75,19541.25
2024-01-22,20017.25,19866.25,19887.75,20014.75,19898.25,933.0,19961.0,20017.25,19866.25,19892.25,1600.0,20017.25,19915.5,256.35714285714283,19880.25,19598.5,19876.25
2024-01-23,19990.5,19841.75,19984.75,19957.75,19852.75,933.0,19919.75,19971.25,19841.75,19961.75,1600.0,19920.25,19841.75,237.42857142857142,20017.25,19866.25,19892.25
2024-01-24,20225.75,19984.5,20062.5,20126.75,19984.5,933.0,20124.75,20225.75,20036.25,20057.5,1600.0,20151.25,20069.75,232.67857142857142,19971.25,19841.75,19961.75
2024-01-25,20184.25,19974.25,20011.75,20159.5,20021.5,933.0,20154.25,20184.25,19974.25,20070.25,1600.0,20167.0,20081.5,239.10714285714286,20225.75,20036.25,20057.5
2024-01-26,20064.25,19898.25,19937.0,20043.75,19898.25,933.0,19990.0,20064.25,19935.75,19961.25,1600.0,20014.25,19936.25,236.75,20184.25,19974.25,20070.25
2024-01-29,20148.5,19889.75,20132.5,20023.75,19889.75,933.0,19980.25,20148.5,19952.0,20139.75,1600.0,20015.75,19958.25,217.67857142857142,20064.25,19935.75,19961.25
2024-01-30,20168.0,19899.25,19902.5,20168.0,20077.5,933.0,20094.0,20117.0,19980.5,20016.0,1600.0,20117.0,20048.75,221.10714285714286,20148.5,19952.0,20139.75
2024-01-31,19916.25,19653.75,19697.5,19901.0,19766.0,933.0,19832.25,19916.25,19662.75,19673.5,1600.0,19858.75,19750.25,227.33928571428572,20117.0,19980.5,20016.0
2024-02-01,20079.0,19695.0,20060.25,19796.0,19695.0,933.0,19739.25,19885.5,19696.25,19872.5,1600.0,19801.5,19702.25,224.375,19916.25,19662.75,19673.5
2024-02-02,20207.75,19897.75,20119.25,20075.5,19915.5,933.0,19940.25,20207.75,19897.75,20162.0,1600.0,20056.25,19897.75,239.23214285714286,19885.5,19696.25,19872.5
2024-02-05,20177.75,19986.5,20134.75,20171.5,20096.25,933.0,20155.0,20177.75,19986.5,20129.5,1600.0,20169.5,20033.0,255.08928571428572,20207.75,19897.75,20162.0
2024-02-06,20201.25,19993.0,20082.5,20201.25,20102.75,933.0,20173.25,20200.0,19993.0,20094.0,1600.0,20200.0,20030.5,252.89285714285714,20177.75,19986.5,20129.5
2024-02-07,20307.75,20062.0,20288.5,20211.75,20062.0,933.0,20205.75,20307.75,20151.0,20273.75,1600.0,20300.0,20151.0,246.85714285714286,20200.0,19993.0,20094.0
2024-02-08,20328.75,20224.5,20292.5,20294.75,20224.5,933.0,20268.0,20328.75,20240.25,20297.5,1600.0,20298.25,20240.25,243.58928571428572,20307.75,20151.0,20273.75
2024-02-09,20503.25,20284.5,20470.5,20404.25,20284.5,933.0,20341.25,20503.25,20307.25,20471.25,1600.0,20402.0,20307.25,225.03571428571428,20328.75,20240.25,20297.5
2024-02-12,20553.75,20343.5,20361.75,20491.5,20435.25,933.0,20462.0,20553.75,20368.5,20395.75,1600.0,20483.25,20439.5,229.875,20503.25,20307.25,20471.25
2024-02-13,20395.5,19974.25,20132.0,20395.5,20048.0,933.0,20060.25,20224.0,19974.25,20112.25,1600.0,20175.0,20019.0,234.26785714285714,20553.75,20368.5,20395.75
2024-02-14,20319.25,20101.5,20305.75,20244.0,20101.5,933.0,20221.0,20319.25,20122.5,20301.5,1600.0,20279.25,20175.25,247.125,20224.0,19974.25,20112.25
2024-02-15,20400.5,20212.75,20387.25,20365.75,20276.25,933.0,20320.25,20365.25,20212.75,20345.75,1600.0,20335.5,20229.25,247.67857142857142,20319.25,20122.5,20301.5
2024-02-16,20458.25,20147.25,20153.75,20458.25,20335.25,933.0,20359.0,20362.25,20149.25,20179.25,1600.0,20362.25,20149.25,249.23214285714286,20365.25,20212.75,20345.75
2024-02-19,20239.75,20158.5,20221.0,20235.75,20158.5,933.0,20221.5,20239.75,20204.75,20221.0,1300.0,20239.75,20208.5,252.96428571428572,20362.25,20149.25,20179.25
2024-02-20,20225.25,19884.75,20014.75,20225.25,20046.25,933.0,20094.0,20156.25,19884.75,20044.25,1600.0,20156.25,19935.75,239.91071428571428,20239.75,20204.75,20221.0
2024-02-21,20155.25,19805.0,20142.25,20022.25,19912.75,933.0,19927.5,19974.75,19805.0,19969.5,1600.0,19957.75,19880.5,245.48214285714286,20156.25,19884.75,20044.25
2024-02-22,20519.25,20108.25,20455.75,20358.0,20108.25,933.0,20328.25,20519.25,20296.25,20477.25,1600.0,20402.5,20296.25,243.07142857142858,19974.75,19805.0,19969.5
2024-02-23,20577.0,20378.25,20393.0,20545.25,20431.5,933.0,20537.75,20577.0,20378.25,20418.25,1600.0,20577.0,20476.0,250.28571428571428,20519.25,20296.25,20477.25
2024-02-26,20491.75,20354.25,20381.25,20460.25,20354.25,933.0,20449.5,20491.75,20398.25,20409.5,1600.0,20483.0,20398.25,250.82142857142858,20577.0,20378.25,20418.25
2024-02-27,20472.5,20341.0,20444.5,20472.5,20359.75,933.0,20450.75,20464.75,20341.0,20449.75,1600.0,20464.75,20373.25,245.76785714285714,20491.75,20398.25,20409.5
2024-02-28,20452.0,20278.5,20292.75,20452.0,20324.5,933.0,20356.0,20407.25,20308.25,20349.75,1600.0,20378.75,20308.25,237.60714285714286,20464.75,20341.0,20449.75
2024-02-29,20541.75,20258.25,20503.0,20467.25,20258.25,933.0,20462.5,20541.75,20330.5,20499.25,1600.0,20504.75,20413.25,242.55357142857142,20407.25,20308.25,20349.75
2024-03-01,20805.0,20461.75,20753.25,20595.25,20461.75,933.0,20528.75,20805.0,20526.0,20767.25,1600.0,20629.0,20526.0,247.17857142857142,20541.75,20330.5,20499.25
2024-03-04,20810.0,20666.5,20676.5,20810.0,20743.0,933.0,20762.25,20778.75,20684.5,20690.75,1600.0,20767.0,20712.5,256.67857142857144,20805.0,20526.0,20767.25
2024-03-05,20684.25,20264.75,20415.5,20684.25,20539.5,933.0,20566.25,20567.5,20264.75,20364.25,1600.0,20567.5,20384.5,236.83928571428572,20778.75,20684.5,20690.75
2024-03-06,20606.5,20374.75,20472.5,20538.0,20374.75,933.0,20536.5,20606.5,20395.75,20476.5,1600.0,20558.75,20395.75,251.25,20567.5,20264.75,20364.25
2024-03-07,20792.25,20348.0,20686.25,20620.75,20348.0,933.0,20614.5,20792.25,20551.0,20741.25,1600.0,20671.0,20551.0,254.39285714285714,20606.5,20395.75,20476.5
2024-03-08,20868.75,20444.75,20488.25,20807.5,20643.25,933.0,20753.25,20868.75,20444.75,20472.75,1600.0,20867.0,20720.25,263.9107142857143,20792.25,20551.0,20741.25
2024-03-11,20494.5,20322.75,20429.0,20494.5,20355.75,933.0,20409.75,20456.0,20322.75,20401.0,1600.0,20433.25,20322.75,288.05357142857144,20868.75,20444.75,20472.75
2024-03-12,20675.75,20358.75,20655.75,20565.75,20388.75,933.0,20496.0,20675.75,20358.75,20660.5,1600.0,20552.0,20358.75,276.0,20456.0,20322.75,20401.0
2024-03-13,20691.5,20466.5,20540.25,20691.5,20596.75,933.0,20613.25,20614.5,20466.5,20515.5,1600.0,20614.5,20487.5,273.625,20675.75,20358.75,20660.5
2024-03-14,20613.0,20346.0,20451.0,20613.0,20522.25,933.0,20560.0,20582.75,20346.0,20461.75,1600.0,20582.75,20388.0,260.3392857142857,20614.5,20466.5,20515.5
2024-03-15,20507.5,20191.0,20248.25,20507.5,20314.75,933.0,20337.25,20359.25,20191.0,20243.25,1600.0,20359.25,20213.75,265.2142857142857,20582.75,20346.0,20461.75
2024-03-18,20565.75,20247.0,20412.5,20480.75,20247.0,933.0,20469.0,20565.75,20403.75,20414.25,1600.0,20565.75,20462.25,278.0,20359.25,20191.0,20243.25
2024-03-19,20474.0,20238.0,20457.75,20437.5,20262.5,933.0,20328.0,20474.0,20238.0,20454.75,1600.0,20337.25,20238.0,291.375,20565.75,20403.75,20414.25
2024-03-20,20729.75,20412.25,20726.75,20516.0,20412.25,933.0,20502.75,20682.5,20429.5,20668.75,1600.0,20519.25,20430.5,295.8392857142857,20474.0,20238.0,20454.75
2024-03-21,20893.75,20711.5,20764.5,20880.5,20711.5,933.0,20872.5,20893.75,20737.25,20743.5,1600.0,20893.75,20810.75,298.26785714285717,20682.5,20429.5,20668.75
2024-03-22,20810.75,20676.75,20748.5,20791.75,20676.75,933.0,20722.25,20810.75,20684.75,20757.0,1600.0,20749.75,20684.75,286.76785714285717,20893.75,20737.25,20743.5
2024-03-25,20786.0,20599.5,20718.25,20786.0,20641.25,933.0,20644.0,20756.5,20599.5,20694.25,1600.0,20726.75,20599.5,286.0892857142857,20810.75,20684.75,20757.0
2024-03-26,20803.75,20624.0,20664.75,20803.75,20701.5,933.0,20753.5,20793.25,20624.0,20635.25,1600.0,20793.25,20732.75,269.44642857142856,20756.5,20599.5,20694.25
2024-03-27,20756.5,20563.25,20693.0,20756.5,20652.75,933.0,20751.25,20756.5,20563.25,20691.5,1600.0,20756.5,20563.25,265.73214285714283,20793.25,20624.0,20635.25
2024-03-28,20723.5,20632.25,20649.75,20712.5,20644.0,933.0,20685.0,20723.5,20633.5,20647.75,1600.0,20723.5,20642.0,247.80357142857142,20756.5,20563.25,20691.5
2024-04-01,20796.75,20599.25,20682.5,20796.75,20662.75,933.0,20685.25,20791.75,20599.25,20680.0,1600.0,20791.75,20667.25,224.03571428571428,20723.5,20633.5,20647.75
2024-04-02,20695.75,20386.25,20529.25,20695.75,20453.75,933.0,20472.0,20531.75,20386.25,20515.25,1600.0,20476.75,20386.25,225.875,20791.75,20599.25,20680.0
2024-04-03,20636.5,20417.25,20572.5,20529.75,20417.25,933.0,20425.25,20636.5,20424.25,20555.75,1600.0,20603.25,20424.25,225.33928571428572,20531.75,20386.25,20515.25
2024-04-04,20752.75,20240.0,20257.25,20736.75,20562.75,933.0,20726.0,20752.75,20254.0,20260.25,1600.0,20752.75,20671.5,224.92857142857142,20636.5,20424.25,20555.75
2024-04-05,20593.0,20236.25,20495.75,20375.0,20236.25,933.0,20323.75,20593.0,20287.25,20478.0,1600.0,20437.25,20287.25,242.48214285714286,20752.75,20254.0,20260.25
2024-04-08,20560.75,20422.25,20496.25,20557.0,20431.25,933.0,20515.0,20560.75,20422.25,20481.75,1600.0,20526.0,20422.25,245.35714285714286,20593.0,20287.25,20478.0
2024-04-09,20592.0,20345.5,20569.5,20580.25,20438.25,933.0,20576.0,20589.75,20345.5,20547.0,1600.0,20589.75,20455.25,232.48214285714286,20560.75,20422.25,20481.75
2024-04-10,20659.0,20238.25,20377.0,20659.0,20238.25,933.0,20324.75,20418.75,20292.5,20376.25,1600.0,20392.75,20292.5,233.23214285714286,20589.75,20345.5,20547.0
2024-04-11,20703.5,20272.75,20670.25,20471.0,20272.75,933.0,20450.0,20703.5,20354.25,20667.0,1600.0,20458.75,20354.25,240.60714285714286,20418.75,20292.5,20376.25
2024-04-12,20692.5,20305.0,20357.25,20692.5,20459.5,933.0,20481.5,20528.0,20305.0,20365.75,1600.0,20528.0,20443.5,258.35714285714283,20703.5,20354.25,20667.0
2024-04-15,20535.5,20026.25,20059.75,20535.5,20331.5,933.0,20520.0,20523.75,20026.25,20061.25,1600.0,20523.75,20375.75,276.4642857142857,20528.0,20305.0,20365.75
2024-04-16,20172.75,19976.75,20078.75,20103.25,19976.75,933.0,20053.0,20172.75,20002.75,20061.25,1600.0,20116.25,20006.75,299.51785714285717,20523.75,20026.25,20061.25
2024-04-17,20153.25,19800.0,19848.0,20153.25,19962.75,933.0,20142.0,20144.25,19800.0,19838.75,1600.0,20144.25,19993.0,300.67857142857144,20172.75,20002.75,20061.25
2024-04-18,19955.5,19691.0,19714.25,19955.5,19848.25,933.0,19857.75,19930.75,19706.25,19730.0,1600.0,19863.5,19736.75,312.10714285714283,20144.25,19800.0,19838.75
2024-04-19,19738.0,19298.0,19364.0,19738.0,19366.5,933.0,19679.25,19701.75,19298.0,19367.0,1600.0,19701.75,19525.75,324.48214285714283,19930.75,19706.25,19730.0
2024-04-22,19632.75,19333.25,19529.75,19499.0,19380.5,933.0,19473.5,19632.75,19333.25,19536.5,1600.0,19516.25,19367.0,341.80357142857144,19701.75,19298.0,19367.0
2024-04-23,19850.75,19471.0,19841.25,19621.75,19471.0,933.0,19613.0,19842.0,19598.5,19791.75,1600.0,19755.5,19598.5,341.0892857142857,19632.75,19333.25,19536.5
2024-04-24,19980.25,19666.5,19692.0,19939.5,19849.0,933.0,19917.75,19980.25,19752.0,19843.5,1600.0,19980.25,19896.25,352.55357142857144,19842.0,19598.5,19791.75
2024-04-25,20012.25,19493.0,20001.25,19709.75,19516.75,933.0,19539.25,19789.75,19493.0,19754.0,1600.0,19631.75,19493.0,338.3392857142857,19980.25,19752.0,19843.5
2024-04-26,20086.25,19853.0,20021.5,20011.75,19861.25,933.0,19882.0,20086.25,19853.0,20024.75,1600.0,20025.25,19853.0,349.94642857142856,19789.75,19493.0,19754.0
2024-04-29,20133.75,19976.0,20096.75,20113.75,20038.0,933.0,20106.25,20133.75,19976.0,20090.0,1600.0,20133.75,20014.75,356.7142857142857,20086.25,19853.0,20024.75
2024-04-30,20105.0,19658.25,19693.25,20105.0,19975.25,933.0,20020.5,20080.0,19748.25,19749.0,1600.0,20080.0,20008.75,350.375,20133.75,19976.0,20090.0
2024-05-01,19978.0,19584.0,19659.5,19714.0,19596.75,933.0,19685.5,19978.0,19584.0,19616.5,1600.0,19702.25,19610.5,352.23214285714283,20080.0,19748.25,19749.0
2024-05-02,19940.0,19571.0,19927.75,19804.5,19671.75,933.0,19767.75,19870.25,19571.0,19833.25,1600.0,19787.25,19571.0,349.60714285714283,19978.0,19584.0,19616.5
2024-05-03,20235.0,19904.25,20210.25,20152.75,19904.25,933.0,20142.25,20235.0,20078.5,20186.25,1600.0,20235.0,20078.5,348.2857142857143,19870.25,19571.0,19833.25
2024-05-06,20386.0,20168.5,20370.25,20263.0,20168.5,933.0,20259.0,20383.0,20227.5,20382.0,1600.0,20301.75,20227.5,335.5357142857143,20235.0,20078.5,20186.25
2024-05-07,20451.0,20335.75,20382.5,20398.25,20335.75,933.0,20396.0,20451.0,20351.25,20381.25,1600.0,20420.75,20366.5,337.07142857142856,20383.0,20227.5,20382.0
2024-05-08,20427.0,20257.25,20345.5,20401.5,20257.25,933.0,20268.25,20427.0,20263.25,20368.25,1600.0,20395.75,20263.25,320.07142857142856,20451.0,20351.25,20381.25
2024-05-09,20425.0,20288.5,20405.5,20395.25,20288.5,933.0,20371.5,20424.0,20293.5,20400.25,1600.0,20388.75,20293.5,313.30357142857144,20427.0,20263.25,20368.25
2024-05-10,20532.75,20373.25,20424.0,20491.5,20398.25,933.0,20459.0,20532.75,20373.25,20439.25,1600.0,20532.75,20410.25,291.625,20424.0,20293.5,20400.25
2024-05-13,20521.0,20413.5,20470.75,20520.0,20413.5,933.0,20516.5,20521.0,20419.75,20480.5,1600.0,20521.0,20437.0,281.625,20532.75,20373.25,20439.25
2024-05-14,20617.75,20350.25,20595.25,20493.5,20350.25,933.0,20459.0,20617.75,20450.25,20596.0,1600.0,20555.5,20450.25,262.17857142857144,20521.0,20419.75,20480.5
2024-05-15,20891.75,20577.75,20879.25,20732.5,20577.75,933.0,20694.25,20891.75,20631.5,20878.0,1600.0,20727.25,20631.5,258.875,20617.75,20450.25,20596.0
2024-05-16,20945.5,20818.0,20823.0,20923.5,20863.0,933.0,20863.5,20945.5,20828.5,20836.0,1600.0,20907.75,20856.75,244.21428571428572,20891.75,20631.5,20878.0
2024-05-17,20871.5,20729.75,20818.5,20871.5,20801.75,933.0,20836.5,20861.75,20729.75,20823.0,1600.0,20852.25,20805.25,236.66071428571428,20945.5,20828.5,20836.0
2024-05-20,20979.25,20817.75,20930.0,20874.25,20817.75,933.0,20827.25,20979.25,20820.0,20950.75,1600.0,20943.25,20820.0,235.51785714285714,20861.75,20729.75,20823.0
2024-05-21,20993.5,20862.75,20983.5,20948.0,20865.25,933.0,20870.75,20993.5,20862.75,20984.75,1600.0,20916.25,20862.75,215.14285714285714,20979.25,20820.0,20950.75
2024-05-22,21075.75,20869.0,21001.0,21008.75,20939.75,933.0,20992.5,21023.5,20869.0,20978.5,1600.0,21017.5,20973.5,196.33928571428572,20993.5,20862.75,20984.75
2024-05-23,21208.0,20806.25,20871.25,21208.0,21028.0,933.0,21166.75,21167.25,20806.25,20881.5,1600.0,21167.25,21022.75,184.75,21023.5,20869.0,20978.5
2024-05-24,21110.75,20864.75,21055.5,20957.5,20864.75,933.0,20947.0,21110.75,20917.25,21058.75,1600.0,21022.75,20917.25,189.82142857142858,21167.25,20806.25,20881.5
2024-05-27,21140.75,21018.25,21135.5,21073.75,21018.25,933.0,21063.75,21140.75,21060.75,21135.5,1300.0,21095.75,21060.75,191.85714285714286,21110.75,20917.25,21058.75
2024-05-28,21165.25,21004.25,21135.25,21165.25,21069.75,933.0,21105.0,21130.25,21004.25,21128.25,1600.0,21121.25,21023.75,192.375,21140.75,21060.75,21135.5
2024-05-29,21134.5,20924.75,20931.5,21134.5,20940.0,933.0,20950.0,21064.5,20945.75,20995.0,1600.0,21052.5,20945.75,191.75,21130.25,21004.25,21128.25
2024-05-30,20971.75,20731.0,20780.75,20971.75,20842.5,933.0,20949.5,20954.25,20731.0,20787.75,1600.0,20954.25,20869.0,197.03571428571428,21064.5,20945.75,20995.0
2024-05-31,20853.0,20426.0,20755.5,20853.0,20669.75,933.0,20786.75,20816.25,20426.0,20783.75,1600.0,20816.25,20599.75,202.83928571428572,20954.25,20731.0,20787.75
2024-06-03,20940.25,20620.5,20847.0,20901.25,20724.0,933.0,20897.75,20940.25,20620.5,20837.5,1600.0,20940.25,20830.25,225.66071428571428,20816.25,20426.0,20783.75
2024-06-04,20938.0,20696.0,20891.25,20861.75,20696.0,933.0,20822.5,20938.0,20752.5,20886.25,1600.0,20848.75,20752.5,229.39285714285714,20940.25,20620.5,20837.5
2024-06-05,21275.25,20881.0,21272.0,21038.5,20881.0,933.0,21033.5,21264.25,20984.75,21262.25,1600.0,21078.75,20984.75,224.25,20938.0,20752.5,20886.25
2024-06-06,21309.25,21202.0,21253.75,21309.25,21241.75,933.0,21287.5,21300.5,21202.0,21250.75,1600.0,21300.5,21217.0,243.30357142857142,21264.25,20984.75,21262.25
2024-06-07,21339.75,21124.75,21215.0,21331.5,21124.75,933.0,21225.5,21339.75,21177.25,21226.0,1600.0,21249.75,21177.25,240.83928571428572,21300.5,21202.0,21250.75
2024-06-10,21314.5,21159.0,21292.5,21244.5,21159.0,933.0,21173.5,21314.5,21162.5,21297.5,1600.0,21222.25,21162.5,244.66071428571428,21339.75,21177.25,21226.0
2024-06-11,21442.25,21179.25,21432.25,21298.25,21214.25,933.0,21242.75,21432.25,21179.25,21427.25,1600.0,21276.0,21179.25,246.42857142857142,21314.5,21162.5,21297.5
2024-06-12,21797.0,21418.25,21795.0,21643.5,21418.25,933.0,21586.75,21773.5,21559.5,21677.0,1600.0,21728.75,21559.5,250.44642857142858,21432.25,21179.25,21427.25
2024-06-13,21875.75,21684.75,21792.5,21875.75,21767.0,933.0,21821.5,21848.25,21684.75,21777.25,1600.0,21848.25,21719.5,248.80357142857142,21773.5,21559.5,21677.0
2024-06-14,21884.25,21686.25,21881.0,21843.25,21686.25,933.0,21762.5,21877.25,21742.0,21872.25,1600.0,21833.25,21742.0,244.875,21848.25,21684.75,21777.25
2024-06-17,22195.25,21828.0,22111.0,21936.75,21854.25,933.0,21882.0,22195.25,21828.0,22120.5,1600.0,21908.0,21828.0,250.26785714285714,21877.25,21742.0,21872.25
2024-06-18,22194.5,22051.0,22134.0,22194.5,22082.0,933.0,22115.5,22153.5,22051.0,22124.0,1600.0,22143.0,22088.25,265.0,22195.25,21828.0,22120.5
2024-06-19,22176.5,22128.0,22155.0,22174.5,22128.0,933.0,22166.75,22176.5,22147.5,22155.0,1300.0,22176.5,22159.25,260.2142857142857,22153.5,22051.0,22124.0
2024-06-20,22295.0,21882.25,21977.5,22295.0,22151.5,933.0,22169.75,22187.25,21882.25,21959.75,1600.0,22187.25,22042.5,246.48214285714286,22176.5,22147.5,22155.0
2024-06-21,22010.0,21838.25,21933.75,22010.0,21871.75,933.0,21941.0,21996.75,21838.25,21899.0,1600.0,21952.0,21838.25,245.46428571428572,22187.25,21882.25,21959.75
2024-06-24,21954.25,21652.0,21676.5,21954.25,21819.5,933.0,21846.5,21919.5,21664.5,21669.5,1600.0,21919.5,21790.75,234.89285714285714,21996.75,21838.25,21899.0
2024-06-25,21905.25,21650.0,21894.5,21775.0,21650.0,933.0,21754.0,21905.25,21716.25,21891.0,1600.0,21822.0,21716.25,239.19642857142858,21919.5,21664.5,21669.5
2024-06-26,21994.5,21825.0,21877.75,21994.5,21825.0,933.0,21853.25,21952.0,21836.0,21929.0,1600.0,21948.0,21843.25,229.26785714285714,21905.25,21716.25,21891.0
2024-06-27,22040.75,21798.25,21991.5,21932.0,21798.25,933.0,21914.5,22040.75,21878.0,21971.75,1600.0,22040.75,21913.75,233.71428571428572,21952.0,21836.0,21929.0
2024-06-28,22197.25,21830.25,21890.5,22102.0,21982.5,933.0,21994.5,22197.25,21830.25,21856.25,1600.0,22197.25,21963.25,235.67857142857142,22040.75,21878.0,21971.75
2024-07-01,21998.0,21735.75,21966.5,21944.75,21825.5,933.0,21895.75,21998.0,21735.75,21973.25,1600.0,21909.75,21735.75,250.78571428571428,22197.25,21830.25,21856.25
2024-07-02,22183.25,21834.0,22164.0,21978.5,21834.0,933.0,21906.0,22183.25,21900.75,22180.0,1600.0,22022.0,21900.75,250.73214285714286,21998.0,21735.75,21973.25
2024-07-03,22359.25,22129.0,22343.5,22207.75,22129.0,933.0,22140.25,22359.25,22140.0,22343.5,1315.0,22224.0,22140.0,248.625,22183.25,21900.75,22180.0
2024-07-04,22344.5,22293.75,22305.25,22344.5,22314.25,933.0,22329.25,22330.25,22293.75,22305.25,1300.0,22330.25,22296.0,251.42857142857142,22359.25,22140.0,22343.5
2024-07-05,22563.5,22285.0,22515.5,22420.0,22285.0,933.0,22365.5,22563.5,22352.25,22546.0,1600.0,22468.25,22352.25,240.91071428571428,22330.25,22293.75,22305.25
2024-07-08,22612.0,22503.25,22608.5,22565.75,22503.25,933.0,22556.5,22612.0,22512.0,22590.0,1600.0,22577.5,22520.75,234.57142857142858,22563.5,22352.25,22546.0
2024-07-09,22695.75,22539.75,22611.75,22672.75,22596.5,933.0,22647.25,22695.75,22539.75,22603.75,1600.0,22695.75,22617.25,232.08928571428572,22612.0,22512.0,22590.0
2024-07-10,22840.75,22608.5,22820.5,22691.25,22608.5,933.0,22682.0,22840.75,22627.0,22818.5,1600.0,22720.5,22645.5,239.76785714285714,22695.75,22539.75,22603.75
2024-07-11,22907.75,22301.25,22356.75,22907.75,22777.25,933.0,22818.75,22826.25,22301.25,22353.75,1600.0,22826.25,22581.0,226.875,22840.75,22627.0,22818.5
2024-07-12,22665.0,22259.0,22464.0,22392.5,22259.0,933.0,22368.0,22665.0,22349.25,22464.5,1600.0,22511.0,22349.25,257.92857142857144,22826.25,22301.25,22353.75
2024-07-15,22721.0,22430.25,22549.25,22576.5,22432.0,933.0,22534.0,22721.0,22430.25,22517.5,1600.0,22611.5,22505.75,265.3392857142857,22665.0,22349.25,22464.5
2024-07-16,22608.5,22388.5,22512.5,22579.0,22465.75,933.0,22573.25,22608.5,22388.5,22524.25,1600.0,22608.5,22409.5,267.875,22721.0,22430.25,22517.5
2024-07-17,22521.75,21889.75,21940.75,22521.75,22178.5,933.0,22184.25,22205.5,21911.75,21916.25,1600.0,22205.5,22021.75,271.48214285714283,22608.5,22388.5,22524.25
2024-07-18,22086.5,21682.75,21858.75,22086.5,21942.5,933.0,22065.0,22073.25,21682.75,21816.0,1600.0,22073.25,21943.75,299.30357142857144,22205.5,21911.75,21916.25
2024-07-19,21903.75,21578.0,21625.5,21903.75,21677.5,933.0,21793.0,21900.5,21578.0,21636.25,1600.0,21900.5,21722.75,301.92857142857144,22073.25,21682.75,21816.0
2024-07-22,21968.75,21642.75,21904.75,21882.5,21642.75,933.0,21878.75,21968.75,21733.75,21922.5,1600.0,21950.75,21806.75,306.4642857142857,21900.5,21578.0,21636.25
2024-07-23,22008.75,21792.25,21870.25,21939.5,21792.25,933.0,21881.75,22008.75,21828.0,21849.0,1600.0,21971.75,21857.5,306.0357142857143,21968.75,21733.75,21922.5
2024-07-24,21807.0,21092.75,21193.5,21807.0,21531.5,933.0,21563.0,21577.75,21092.75,21129.0,1600.0,21577.75,21390.25,305.05357142857144,22008.75,21828.0,21849.0
2024-07-25,21314.5,20807.25,20918.75,21228.5,20986.0,933.0,21141.5,21314.5,20807.25,20915.75,1600.0,21150.75,20807.25,356.9642857142857,21577.75,21092.75,21129.0
2024-07-26,21221.75,20919.0,21099.75,21160.5,20919.0,933.0,21087.0,21221.75,20964.25,21100.25,1600.0,21116.25,20969.25,373.30357142857144,21314.5,20807.25,20915.75
2024-07-29,21301.25,21037.25,21146.5,21286.0,21091.75,933.0,21209.0,21301.25,21037.25,21133.0,1600.0,21301.25,21146.0,387.17857142857144,21221.75,20964.25,21100.25
2024-07-30,21243.75,20649.0,20785.25,21217.25,21000.0,933.0,21212.0,21243.75,20727.0,20863.0,1600.0,21243.75,21083.0,394.89285714285717,21301.25,21037.25,21133.0
2024-07-31,21572.0,20785.75,21505.75,21304.75,20785.75,933.0,21296.5,21497.25,21234.75,21421.0,1600.0,21395.75,21234.75,420.7857142857143,21243.75,20727.0,20863.0
2024-08-01,21641.0,20778.0,20891.75,21641.0,21428.75,933.0,21449.25,21606.0,20792.25,20951.25,1600.0,21606.0,21369.0,433.6607142857143,21497.25,21234.75,21421.0
2024-08-02,20903.75,20309.75,20437.25,20903.75,20432.5,933.0,20574.5,20685.0,20309.75,20486.25,1600.0,20685.0,20309.75,466.30357142857144,21606.0,20792.25,20951.25
2024-08-05,20314.0,19275.0,20070.75,20314.0,19275.0,933.0,19486.0,20213.0,19433.25,19950.0,1600.0,20036.5,19433.25,487.9642857142857,20685.0,20309.75,20486.25
2024-08-06,20407.25,19890.0,20023.0,20361.0,19940.5,933.0,20002.0,20407.25,19890.0,20095.5,1600.0,20153.75,19890.0,555.2678571428571,20213.0,19433.25,19950.0
2024-08-07,20482.5,19760.25,19778.5,20385.75,19954.25,933.0,20377.25,20482.5,19875.75,19895.5,1600.0,20482.5,20329.75,547.0714285714286,20407.25,19890.0,20095.5
2024-08-08,20517.5,19665.75,20482.0,20176.25,19665.75,933.0,20148.5,20479.25,19988.25,20443.5,1600.0,20314.0,19988.25,569.8214285714286,20482.5,19875.75,19895.5
2024-08-09,20598.5,20307.0,20526.5,20575.0,20307.0,933.0,20375.0,20598.5,20328.5,20533.75,1600.0,20490.5,20328.5,607.3928571428571,20479.25,19988.25,20443.5
2024-08-12,20689.25,20439.0,20550.25,20617.5,20439.0,933.0,20565.25,20689.25,20447.5,20570.0,1600.0,20652.0,20447.5,603.6964285714286,20598.5,20328.5,20533.75
2024-08-13,21046.5,20552.5,21023.25,20771.0,20552.5,933.0,20745.75,21036.5,20740.25,21025.25,1600.0,20846.5,20740.25,606.1071428571429,20689.25,20447.5,20570.0
2024-08-14,21127.5,20849.5,21071.0,21087.5,20924.0,933.0,21061.25,21127.5,20849.5,21032.25,1600.0,21099.5,20890.0,586.0178571428571,21036.5,20740.25,21025.25
2024-08-15,21527.25,21024.5,21492.25,21295.5,21024.5,933.0,21275.75,21527.25,21260.25,21511.25,1600.0,21413.75,21260.25,569.6428571428571,21127.5,20849.5,21032.25
2024-08-16,21607.0,21371.5,21528.0,21607.0,21371.5,933.0,21427.5,21584.75,21386.5,21527.5,1600.0,21515.25,21386.5,583.9107142857143,21527.25,21260.25,21511.25
2024-08-19,21795.75,21449.25,21777.5,21612.0,21449.25,933.0,21528.5,21785.25,21453.0,21783.0,1600.0,21549.5,21453.0,581.875,21584.75,21386.5,21527.5
2024-08-20,21855.0,21667.0,21728.75,21855.0,21736.25,933.0,21741.75,21849.0,21667.0,21735.75,1600.0,21849.0,21727.25,564.1428571428571,21785.25,21453.0,21783.0
2024-08-21,21905.75,21695.5,21841.75,21787.75,21709.5,933.0,21766.0,21905.75,21695.5,21829.5,1600.0,21835.25,21737.0,521.375,21849.0,21667.0,21735.75
2024-08-22,21949.25,21466.0,21536.25,21927.5,21790.0,933.0,21921.25,21949.25,21466.0,21509.25,1600.0,21949.25,21807.25,474.75,21905.75,21695.5,21829.5
2024-08-23,21828.25,21515.75,21700.75,21702.25,21536.5,933.0,21680.0,21828.25,21515.75,21713.25,1600.0,21828.25,21630.5,466.8392857142857,21949.25,21466.0,21509.25
2024-08-26,21770.25,21429.5,21473.0,21770.25,21640.25,933.0,21687.0,21725.5,21429.5,21517.5,1600.0,21725.5,21532.5,406.14285714285717,21828.25,21515.75,21713.25
2024-08-27,21618.25,21365.5,21560.0,21571.0,21400.0,933.0,21447.5,21618.25,21365.5,21576.0,1600.0,21558.0,21365.5,393.5357142857143,21725.5,21429.5,21517.5
2024-08-28,21615.0,21151.25,21234.25,21615.0,21484.75,933.0,21549.75,21580.5,21202.5,21345.25,1600.0,21580.5,21437.25,360.0,21618.25,21365.5,21576.0
2024-08-29,21617.5,21064.25,21369.5,21440.25,21064.25,933.0,21422.0,21617.5,21261.0,21315.25,1600.0,21609.0,21402.25,332.2857142857143,21580.5,21202.5,21345.25
2024-08-30,21556.75,21294.5,21518.5,21497.0,21318.0,933.0,21483.25,21556.75,21294.5,21534.5,1600.0,21552.75,21438.0,350.98214285714283,21617.5,21261.0,21315.25
2024-09-02,21594.25,21435.0,21571.0,21561.75,21435.0,933.0,21542.75,21594.25,21511.5,21571.0,1300.0,21569.5,21511.5,351.8392857142857,21556.75,21294.5,21534.5
2024-09-03,21607.0,20835.0,20913.75,21607.0,21369.5,933.0,21401.5,21407.25,20835.0,20936.0,1600.0,21407.25,21207.0,327.76785714285717,21594.25,21511.5,21571.0
2024-09-04,21038.75,20749.75,20888.5,20929.75,20749.75,933.0,20802.25,21038.75,20762.25,20881.25,1600.0,20926.0,20762.25,363.05357142857144,21407.25,20835.0,20936.0
2024-09-05,21074.5,20751.25,20848.75,20930.0,20751.25,933.0,20810.75,21074.5,20766.0,20899.5,1600.0,21074.5,20809.0,347.7857142857143,21038.75,20762.25,20881.25
2024-09-06,20896.25,20263.75,20301.5,20896.25,20627.0,933.0,20853.75,20891.25,20354.25,20383.0,1600.0,20891.25,20564.0,354.05357142857144,21074.5,20766.0,20899.5
2024-09-09,20658.5,20310.0,20646.75,20569.75,20310.0,933.0,20552.75,20654.0,20421.25,20612.75,1600.0,20644.75,20528.75,374.48214285714283,20891.25,20354.25,20383.0
2024-09-10,20802.5,20506.25,20759.0,20702.0,20506.25,933.0,20682.0,20802.5,20513.75,20779.5,1600.0,20745.75,20610.75,386.55357142857144,20654.0,20421.25,20612.75
2024-09-11,21217.5,20471.0,21172.0,20851.5,20629.0,933.0,20826.25,21217.5,20471.0,21179.0,1600.0,20830.5,20567.5,392.69642857142856,20802.5,20513.75,20779.5
2024-09-12,21407.5,21109.0,21337.5,21266.75,21150.25,933.0,21182.75,21407.5,21109.0,21375.5,1600.0,21274.0,21109.0,411.5,21217.5,20471.0,21179.0
2024-09-13,21501.25,21322.25,21427.5,21412.5,21330.0,933.0,21333.25,21501.25,21322.25,21451.5,1600.0,21453.25,21322.25,410.5,21407.5,21109.0,21375.5
2024-09-16,21473.0,21218.0,21339.25,21473.0,21345.5,933.0,21359.75,21386.5,21218.0,21359.25,1600.0,21386.5,21250.25,398.94642857142856,21501.25,21322.25,21451.5
2024-09-17,21539.25,21263.5,21375.25,21508.5,21322.0,933.0,21484.0,21539.25,21263.5,21371.0,1600.0,21517.75,21398.0,399.10714285714283,21386.5,21218.0,21359.25
2024-09-18,21589.0,21247.0,21321.75,21425.0,21346.25,933.0,21419.5,21589.0,21247.0,21273.75,1600.0,21425.5,21336.0,385.67857142857144,21539.25,21263.5,21371.0
2024-09-19,21890.75,21325.75,21751.75,21746.25,21325.75,933.0,21741.25,21890.75,21653.0,21770.25,1600.0,21825.0,21653.0,370.5892857142857,21589.0,21247.0,21273.75
2024-09-20,21773.0,21549.0,21704.5,21764.0,21670.0,933.0,21724.75,21773.0,21549.0,21721.5,1600.0,21771.5,21661.25,392.5,21890.75,21653.0,21770.25
2024-09-23,21853.0,21644.25,21752.25,21853.0,21644.25,933.0,21766.25,21815.75,21707.75,21765.5,1600.0,21809.25,21720.25,397.125,21773.0,21549.0,21721.5
2024-09-24,21903.75,21642.0,21874.25,21868.25,21711.5,933.0,21824.0,21903.75,21642.0,21858.75,1600.0,21843.0,21653.0,356.89285714285717,21815.75,21707.75,21765.5
2024-09-25,21960.0,21753.25,21931.0,21881.25,21753.25,933.0,21830.0,21960.0,21824.5,21883.75,1600.0,21960.0,21827.0,354.94642857142856,21903.75,21642.0,21858.75
2024-09-26,22227.0,21877.0,22034.75,22227.0,21921.0,933.0,22192.5,22206.5,21877.0,22030.5,1600.0,22206.5,22027.25,346.625,21960.0,21824.5,21883.75
2024-09-27,22084.75,21862.0,21882.0,22084.75,21924.0,933.0,22066.5,22072.0,21862.0,21912.5,1600.0,22072.0,21974.25,326.44642857142856,22206.5,21877.0,22030.5
2024-09-30,21976.0,21745.0,21922.25,21976.0,21808.5,933.0,21868.5,21975.75,21745.0,21960.0,1600.0,21951.5,21816.5,316.85714285714283,22072.0,21862.0,21912.5
2024-10-01,22020.75,21507.0,21651.25,22020.75,21902.25,933.0,21941.0,21955.0,21507.0,21668.5,1600.0,21955.0,21571.0,312.19642857142856,21975.75,21745.0,21960.0
2024-10-02,21779.25,21522.5,21745.25,21699.75,21567.75,933.0,21632.0,21779.25,21522.5,21696.5,1600.0,21703.75,21522.5,295.57142857142856,21955.0,21507.0,21668.5
2024-10-03,21802.75,21541.0,21647.25,21757.0,21541.0,933.0,21601.0,21802.75,21568.0,21677.0,1600.0,21802.75,21583.75,292.5892857142857,21779.25,21522.5,21696.5
2024-10-04,21952.75,21630.5,21891.25,21952.75,21630.5,933.0,21916.25,21934.5,21702.25,21915.75,1600.0,21928.0,21702.25,298.5,21802.75,21568.0,21677.0
2024-10-07,21956.25,21637.0,21706.0,21956.25,21747.0,933.0,21826.0,21876.25,21637.0,21688.75,1600.0,21870.75,21777.5,303.30357142857144,21934.5,21702.25,21915.75
2024-10-08,22018.5,21591.5,21975.25,21795.75,21591.5,933.0,21792.5,22018.5,21758.75,21989.0,1600.0,21891.5,21758.75,306.4107142857143,21876.25,21637.0,21688.75
2024-10-09,22171.75,21885.0,22138.25,21989.75,21885.0,933.0,21971.0,22171.75,21927.5,22149.75,1600.0,22043.75,21927.5,312.48214285714283,22018.5,21758.75,21989.0
2024-10-10,22197.25,21990.5,22122.0,22167.5,22011.25,933.0,22048.25,22197.25,21990.5,22118.25,1600.0,22104.75,21990.5,292.32142857142856,22171.75,21927.5,22149.75
2024-10-11,22183.25,22003.75,22102.25,22157.25,22028.5,933.0,22029.25,22183.25,22003.75,22138.0,1600.0,22170.25,22003.75,291.0892857142857,22197.25,21990.5,22118.25
2024-10-14,22369.0,22072.25,22327.5,22255.5,22072.25,933.0,22239.5,22369.0,22214.0,22310.25,1600.0,22369.0,22230.0,289.0,22183.25,22003.75,22138.0
2024-10-15,22348.25,21943.0,22022.25,22340.0,22252.5,933.0,22320.75,22348.25,21943.0,22033.5,1600.0,22348.25,22199.25,291.5,22369.0,22214.0,22310.25
2024-10-16,22087.5,21895.25,22017.0,22087.5,21995.0,933.0,22042.25,22068.25,21895.25,22036.0,1600.0,22046.25,21895.25,305.67857142857144,22348.25,21943.0,22033.5
2024-10-17,22283.75,21965.75,22072.5,22283.75,21965.75,933.0,22262.25,22265.0,22042.75,22052.75,1600.0,22265.0,22055.5,294.4107142857143,22068.25,21895.25,22036.0
2024-10-18,22218.75,22009.75,22173.25,22197.5,22009.75,933.0,22155.25,22218.75,22122.0,22171.0,1600.0,22212.25,22122.0,301.2142857142857,22265.0,22042.75,22052.75
2024-10-21,22243.5,22032.75,22227.75,22215.0,22032.75,933.0,22116.75,22243.5,22034.0,22209.5,1600.0,22243.5,22111.75,299.64285714285717,22218.75,22122.0,22171.0
2024-10-22,22291.25,22049.25,22208.0,22233.0,22049.25,933.0,22091.5,22291.25,22058.5,22229.25,1600.0,22209.0,22058.5,278.0,22243.5,22034.0,22209.5
2024-10-23,22231.5,21768.0,21963.5,22231.5,22112.75,933.0,22124.0,22151.75,21768.0,21907.5,1600.0,22151.75,22035.0,276.94642857142856,22291.25,22058.5,22229.25
2024-10-24,22117.5,21950.75,22080.0,22117.5,21957.0,933.0,22061.5,22097.5,21950.75,22069.25,1600.0,22067.5,21985.25,291.35714285714283,22151.75,21768.0,21907.5
2024-10-25,22396.25,22053.0,22165.0,22201.0,22053.0,933.0,22180.25,22396.25,22149.0,22183.5,1600.0,22396.25,22179.25,280.25,22097.5,21950.75,22069.25
2024-10-28,22365.5,22175.0,22196.25,22365.5,22214.25,933.0,22314.25,22315.75,22175.0,22189.25,1600.0,22315.75,22217.5,281.9642857142857,22396.25,22149.0,22183.5
2024-10-29,22449.25,22121.25,22397.25,22243.75,22140.0,933.0,22200.0,22435.5,22121.25,22384.0,1600.0,22292.0,22121.25,265.7857142857143,22315.75,22175.0,22189.25
2024-10-30,22477.5,22161.5,22196.0,22477.5,22328.75,933.0,22350.25,22388.5,22203.75,22223.5,1600.0,22388.5,22231.75,268.73214285714283,22435.5,22121.25,22384.0
2024-10-31,22184.75,21697.5,21732.0,22184.75,21976.0,933.0,22055.0,22058.25,21698.25,21702.5,1600.0,22058.25,21808.0,276.5357142857143,22388.5,22203.75,22223.5
2024-11-01,21977.0,21706.0,21859.25,21835.5,21706.0,933.0,21758.0,21977.0,21746.5,21835.25,1600.0,21960.0,21746.5,299.32142857142856,22058.25,21698.25,21702.5
2024-11-04,21937.5,21702.0,21803.5,21937.5,21759.5,933.0,21809.25,21915.75,21702.0,21774.5,1600.0,21893.25,21702.0,297.48214285714283,21977.0,21746.5,21835.25
2024-11-05,22074.5,21730.75,22051.75,21860.25,21730.75,933.0,21841.25,22061.75,21836.0,22030.75,1600.0,22010.25,21836.0,285.35714285714283,21915.75,21702.0,21774.5
2024-11-06,22624.25,22012.5,22611.5,22420.25,22012.5,933.0,22373.75,22620.0,22333.0,22583.5,1600.0,22494.25,22333.0,296.17857142857144,22061.75,21836.0,22030.75
2024-11-07,22942.0,22550.5,22914.25,22709.5,22550.5,933.0,22695.5,22942.0,22693.0,22911.0,1600.0,22818.25,22693.0,317.1607142857143,22620.0,22333.0,22583.5
2024-11-08,22954.0,22810.75,22915.75,22952.25,22810.75,933.0,22874.5,22954.0,22850.25,22922.5,1600.0,22921.25,22850.25,330.19642857142856,22942.0,22693.0,22911.0
2024-11-11,23029.75,22787.25,22899.25,23029.75,22938.0,933.0,22972.0,22981.75,22787.25,22909.25,1600.0,22981.75,22844.25,325.375,22954.0,22850.25,22922.5
2024-11-12,22940.75,22743.75,22867.0,22938.5,22817.5,933.0,22903.25,22940.75,22743.75,22874.25,1600.0,22940.75,22868.5,325.4107142857143,22981.75,22787.25,22909.25
2024-11-13,22957.5,22745.5,22855.0,22932.5,22790.25,933.0,22847.75,22957.5,22745.5,22846.75,1600.0,22873.5,22745.5,306.375,22940.75,22743.75,22874.25
2024-11-14,22879.25,22639.5,22670.75,22879.25,22779.25,933.0,22826.75,22863.75,22660.25,22697.5,1600.0,22863.75,22729.5,309.60714285714283,22957.5,22745.5,22846.75
2024-11-15,22670.5,22094.25,22192.25,22670.5,22441.5,933.0,22447.75,22462.75,22094.25,22181.0,1600.0,22462.75,22271.75,302.2142857142857,22863.75,22660.25,22697.5
2024-11-18,22413.25,22165.0,22319.5,22346.0,22165.0,933.0,22246.0,22413.25,22190.0,22320.25,1600.0,22342.0,22190.0,329.07142857142856,22462.75,22094.25,22181.0
2024-11-19,22481.5,22071.5,22443.5,22386.0,22071.5,933.0,22210.75,22481.5,22197.0,22454.25,1600.0,22294.0,22197.0,323.375,22413.25,22190.0,22320.25
2024-11-20,22532.25,22166.0,22427.75,22532.25,22421.75,933.0,22442.25,22453.5,22166.0,22442.0,1600.0,22445.0,22166.0,330.0892857142857,22481.5,22197.0,22454.25
2024-11-21,22594.75,22203.25,22482.75,22577.75,22284.25,933.0,22565.0,22594.75,22203.25,22512.75,1600.0,22594.75,22212.25,320.64285714285717,22453.5,22166.0,22442.0
2024-11-22,22569.0,22382.25,22567.75,22533.5,22382.25,933.0,22480.25,22569.0,22411.25,22536.75,1600.0,22562.0,22411.25,329.25,22594.75,22203.25,22512.75
2024-11-25,22770.0,22469.25,22588.5,22734.5,22617.5,933.0,22705.5,22770.0,22469.25,22567.25,1600.0,22770.0,22558.25,325.76785714285717,22569.0,22411.25,22536.75
2024-11-26,22713.75,22444.0,22687.75,22668.5,22444.0,933.0,22627.75,22713.75,22592.75,22679.25,1600.0,22713.75,22608.5,322.69642857142856,22770.0,22469.25,22567.25
2024-11-27,22708.0,22364.0,22495.5,22708.0,22593.25,933.0,22625.25,22628.5,22364.0,22505.5,1600.0,22628.5,22454.5,298.26785714285717,22713.75,22592.75,22679.25
2024-11-28,22598.5,22496.25,22579.0,22567.0,22496.25,933.0,22563.0,22598.5,22563.0,22579.0,1300.0,22591.0,22563.0,294.875,22628.5,22364.0,22505.5
2024-11-29,22706.5,22494.5,22680.25,22626.75,22501.25,933.0,22519.5,22706.5,22494.5,22680.25,1315.0,22662.5,22494.5,292.0,22598.5,22563.0,22579.0
2024-12-02,22948.75,22629.0,22900.0,22735.5,22629.0,933.0,22731.75,22948.75,22715.5,22906.25,1600.0,22885.5,22715.5,289.82142857142856,22706.5,22494.5,22680.25
2024-12-03,23018.0,22823.25,23013.25,22932.5,22833.5,933.0,22847.0,22978.75,22823.25,22967.75,1600.0,22923.0,22823.25,298.5892857142857,22948.75,22715.5,22906.25
2024-12-04,23237.5,22994.75,23206.0,23146.0,22994.75,933.0,23106.5,23237.5,23077.25,23226.5,1600.0,23153.25,23077.25,297.35714285714283,22978.75,22823.25,22967.75
2024-12-05,23256.25,23126.5,23142.25,23226.75,23178.0,933.0,23224.5,23256.25,23148.0,23164.5,1600.0,23240.5,23186.75,297.57142857142856,23237.5,23077.25,23226.5
2024-12-06,23358.25,23113.75,23323.0,23218.75,23113.75,933.0,23180.5,23358.25,23175.0,23348.25,1600.0,23334.25,23175.0,265.6607142857143,23256.25,23148.0,23164.5
2024-12-09,23395.25,23125.0,23162.25,23395.25,23275.0,933.0,23304.0,23337.75,23125.0,23175.25,1600.0,23337.75,23234.0,265.39285714285717,23358.25,23175.0,23348.25
2024-12-10,23295.75,23041.75,23123.75,23227.0,23137.0,933.0,23221.75,23295.75,23041.75,23097.75,1600.0,23295.75,23194.5,255.41071428571428,23337.75,23125.0,23175.25
2024-12-11,23509.0,23094.75,23444.75,23279.0,23094.75,933.0,23279.0,23509.0,23262.0,23480.0,1600.0,23425.25,23262.0,247.39285714285714,23295.75,23041.75,23097.75
2024-12-12,23461.5,23293.25,23319.25,23461.5,23337.75,933.0,23382.75,23434.0,23313.75,23333.0,1600.0,23408.25,23313.75,249.01785714285714,23509.0,23262.0,23480.0
2024-12-13,23597.0,23355.5,23449.5,23532.75,23387.0,933.0,23484.25,23597.0,23355.5,23486.5,1600.0,23597.0,23479.0,247.69642857142858,23434.0,23313.75,23333.0
2024-12-16,23853.0,23453.5,23810.75,23612.25,23453.5,933.0,23597.25,23853.0,23594.75,23812.25,1600.0,23693.75,23594.75,246.05357142857142,23597.0,23355.5,23486.5
2024-12-17,23828.75,23647.25,23707.75,23828.75,23726.5,933.0,23738.5,23789.0,23647.25,23716.25,1600.0,23769.75,23647.25,255.60714285714286,23853.0,23594.75,23812.25
2024-12-18,23790.75,22714.0,22862.5,23790.75,23609.0,933.0,23683.5,23754.75,22833.0,22900.5,1600.0,23719.0,23614.25,244.0,23789.0,23647.25,23716.25
2024-12-19,23100.75,22748.75,22811.25,23085.0,22830.75,933.0,23080.0,23100.75,22766.0,22780.25,1600.0,23100.75,22900.0,313.55357142857144,23754.75,22833.0,22900.5
2024-12-20,23215.25,22409.5,22955.5,22832.25,22409.5,933.0,22614.25,23215.25,22563.5,22971.5,1600.0,22864.25,22563.5,323.55357142857144,23100.75,22766.0,22780.25
2024-12-23,23179.75,22879.75,23140.25,23144.75,22947.25,933.0,23022.5,23179.75,22879.75,23158.75,1600.0,23078.5,22879.75,358.26785714285717,23215.25,22563.5,22971.5
2024-12-24,23452.75,23112.0,23449.5,23250.5,23112.0,933.0,23229.25,23452.75,23202.25,23449.5,1315.0,23344.25,23202.25,365.7857142857143,23179.75,22879.75,23158.75
2024-12-26,23514.25,23273.25,23387.25,23514.25,23297.25,933.0,23364.5,23479.25,23273.25,23410.25,1600.0,23411.0,23273.25,372.7857142857143,23452.75,23202.25,23449.5
2024-12-27,23411.0,22901.75,23122.75,23411.0,23247.0,933.0,23249.0,23266.0,22901.75,23106.25,1600.0,23266.0,22915.75,380.73214285714283,23479.25,23273.25,23410.25
2024-12-30,23145.75,22656.0,22791.25,23145.75,22761.5,933.0,22812.0,22974.0,22656.0,22813.5,1600.0,22819.0,22656.0,399.64285714285717,23266.0,22901.75,23106.25
2024-12-31,22927.75,22585.0,22637.25,22927.75,22746.5,933.0,22859.0,22891.5,22585.0,22623.75,1600.0,22891.5,22736.5,415.32142857142856,22974.0,22656.0,22813.5
2025-01-02,22893.5,22386.75,22585.5,22893.5,22524.75,933.0,22750.75,22847.0,22386.75,22572.5,1600.0,22847.0,22569.5,421.6607142857143,22891.5,22585.0,22623.75
2025-01-03,22962.25,22547.0,22896.0,22706.0,22547.0,933.0,22696.75,22962.25,22664.5,22911.5,1600.0,22843.75,22664.5,428.26785714285717,22847.0,22386.75,22572.5
2025-01-06,23299.75,22881.25,23183.5,23163.5,22881.25,933.0,23135.75,23299.75,23050.75,23153.5,1600.0,23289.75,23126.5,445.9107142857143,22962.25,22664.5,22911.5
2025-01-07,23209.0,22682.5,22778.5,23200.25,23064.0,933.0,23195.0,23209.0,22682.5,22762.25,1600.0,23209.0,22928.25,455.9642857142857,23299.75,23050.75,23153.5
2025-01-08,22851.25,22569.25,22728.5,22851.25,22624.5,933.0,22758.5,22834.75,22569.25,22765.0,1600.0,22809.25,22634.0,464.75,23209.0,22682.5,22762.25
2025-01-09,22750.25,22621.0,22704.5,22750.25,22621.0,,,,,,,,,471.92857142857144,22834.75,22569.25,22765.0
2025-01-10,22775.5,22277.75,22400.75,22775.5,22448.0,933.0,22596.5,22600.25,22277.75,22419.5,1600.0,22600.25,22277.75,404.25,,,
2025-01-13,22440.0,22097.0,22395.25,22440.0,22097.0,933.0,22168.75,22367.5,22105.0,22350.5,1600.0,22258.5,22105.0,414.6607142857143,22600.25,22277.75,22419.5
2025-01-14,22546.75,22176.5,22380.5,22546.75,22347.0,933.0,22474.5,22532.75,22176.5,22325.25,1600.0,22532.75,22369.25,381.60714285714283,22367.5,22105.0,22350.5
2025-01-15,22855.75,22312.0,22779.75,22732.0,22312.0,933.0,22654.25,22855.75,22589.75,22798.75,1600.0,22811.0,22589.75,386.625,22532.75,22176.5,22325.25
2025-01-16,22970.25,22575.25,22617.25,22970.25,22756.0,933.0,22897.5,22901.0,22646.5,22650.5,1600.0,22901.0,22739.25,401.125,22855.75,22589.75,22798.75
2025-01-17,23085.5,22612.25,22992.0,23085.5,22612.25,933.0,23051.0,23075.0,22884.25,23004.0,1600.0,23056.75,22884.25,412.125,22901.0,22646.5,22650.5
2025-01-20,23181.75,22929.5,23086.0,23129.75,22929.5,933.0,23126.75,23181.75,23023.0,23086.0,1300.0,23181.75,23080.0,409.55357142857144,23075.0,22884.25,23004.0
2025-01-21,23186.5,22780.75,23175.5,23149.25,22780.75,933.0,23114.25,23175.0,22928.75,23117.5,1600.0,23121.25,22928.75,392.5892857142857,23181.75,23023.0,23086.0
2025-01-22,23496.5,23171.25,23388.0,23337.25,23171.25,933.0,23317.25,23496.5,23305.5,23400.75,1600.0,23440.0,23305.5,397.0892857142857,23175.0,22928.75,23117.5
2025-01-23,23453.5,23266.0,23424.75,23387.75,23266.0,933.0,23291.75,23446.75,23269.0,23444.75,1600.0,23321.0,23269.0,384.125,23496.5,23305.5,23400.75
2025-01-24,23481.25,23247.0,23310.75,23461.5,23374.75,933.0,23447.0,23481.25,23247.0,23311.5,1600.0,23481.25,23390.25,367.85714285714283,23446.75,23269.0,23444.75
2025-01-27,23174.0,22166.75,22707.5,23174.0,22166.75,933.0,22527.75,22821.5,22498.0,22662.0,1600.0,22773.25,22512.0,354.69642857142856,23481.25,23247.0,23311.5
2025-01-28,23029.0,22562.5,22961.5,22826.5,22622.0,933.0,22705.75,23029.0,22562.5,22978.5,1600.0,22884.75,22562.5,398.80357142857144,22821.5,22498.0,22662.0
2025-01-29,23100.0,22770.0,22975.25,23100.0,22933.5,933.0,23003.0,23009.25,22770.0,22933.5,1600.0,23009.25,22883.5,411.98214285714283,23029.0,22562.5,22978.5
2025-01-30,23151.75,22822.5,23011.75,23118.5,22908.75,933.0,23053.0,23151.75,22822.5,23027.5,1600.0,23151.75,22925.0,426.32142857142856,23009.25,22770.0,22933.5
2025-01-31,23369.0,22936.75,22974.0,23216.0,23063.0,933.0,23177.5,23369.0,22938.75,22983.5,1600.0,23326.5,23168.0,414.2857142857143,23151.75,22822.5,23027.5
2025-02-03,22982.75,22346.0,22956.25,22675.0,22346.0,933.0,22618.5,22922.75,22516.25,22807.5,1600.0,22765.5,22516.25,420.6607142857143,23369.0,22938.75,22983.5
2025-02-04,23097.0,22645.5,22986.5,23003.0,22645.5,933.0,22824.25,23097.0,22808.25,23071.25,1600.0,23066.5,22808.25,439.69642857142856,22922.75,22516.25,22807.5
2025-02-05,23198.0,22832.75,23173.5,23026.75,22832.75,933.0,22953.75,23172.0,22904.0,23164.5,1600.0,23016.75,22904.0,433.10714285714283,23097.0,22808.25,23071.25
2025-02-06,23285.25,23108.75,23248.25,23235.75,23108.75,933.0,23180.5,23285.25,23114.5,23274.5,1600.0,23251.75,23141.25,430.98214285714283,23172.0,22904.0,23164.5
2025-02-07,23371.0,22955.75,22978.25,23333.0,23193.25,933.0,23289.0,23371.0,22955.75,22991.75,1600.0,23371.0,23089.0,409.7857142857143,23285.25,23114.5,23274.5
2025-02-10,23297.0,22821.0,23240.0,23194.5,22821.0,933.0,23167.25,23297.0,23147.0,23246.5,1600.0,23276.5,23147.0,421.42857142857144,23371.0,22955.75,22991.75
2025-02-11,23274.5,23072.5,23195.5,23235.25,23072.5,933.0,23108.5,23274.5,23103.75,23193.5,1600.0,23248.25,23103.75,426.44642857142856,23297.0,23147.0,23246.5
2025-02-12,23265.5,22913.75,23264.75,23253.0,22913.75,933.0,22953.75,23242.0,22939.25,23203.75,1600.0,23142.5,22939.25,417.64285714285717,23274.5,23103.75,23193.5
2025-02-13,23527.0,23156.0,23478.0,23330.0,23156.0,933.0,23273.0,23527.0,23237.75,23512.75,1600.0,23399.5,23237.75,429.375,23242.0,22939.25,23203.75
2025-02-14,23628.0,23445.5,23606.5,23566.5,23445.5,933.0,23511.0,23628.0,23493.0,23597.25,1600.0,23563.0,23493.0,439.14285714285717,23527.0,23237.75,23512.75
2025-02-17,23684.75,23595.5,23638.25,23684.75,23599.25,933.0,23644.25,23654.75,23595.5,23638.25,1300.0,23646.0,23595.5,370.4642857142857,23628.0,23493.0,23597.25
2025-02-18,23722.75,23505.75,23627.25,23722.75,23601.25,933.0,23660.75,23671.0,23505.75,23641.5,1600.0,23671.0,23533.25,343.51785714285717,23654.75,23595.5,23638.25
2025-02-19,23702.75,23521.0,23625.25,23694.25,23582.5,933.0,23610.25,23702.75,23521.0,23649.75,1600.0,23624.5,23521.0,335.44642857142856,23671.0,23505.75,23641.5
2025-02-20,23638.5,23354.0,23538.75,23638.5,23544.0,933.0,23612.5,23628.5,23354.0,23548.5,1600.0,23628.5,23354.0,324.9107142857143,23702.75,23521.0,23649.75
2025-02-21,23648.5,23055.75,23063.0,23648.5,23506.75,933.0,23588.75,23591.0,23065.5,23084.75,1600.0,23591.0,23395.25,314.35714285714283,23628.5,23354.0,23548.5
2025-02-24,23216.0,22810.5,22830.25,23216.0,23079.75,933.0,23155.5,23204.75,22811.75,22824.0,1600.0,23204.75,22839.25,311.2142857142857,23591.0,23065.5,23084.75
2025-02-25,22856.75,22393.0,22599.0,22856.75,22689.0,933.0,22794.0,22800.5,22393.0,22552.75,1600.0,22800.5,22431.25,307.92857142857144,23204.75,22811.75,22824.0
2025-02-26,22812.25,22458.0,22675.75,22735.5,22603.0,933.0,22641.75,22812.25,22467.5,22595.0,1600.0,22776.0,22592.0,314.9642857142857,22800.5,22393.0,22552.75
2025-02-27,22789.5,21986.25,22036.25,22789.5,22511.0,933.0,22743.75,22784.0,22000.75,22013.0,1600.0,22784.0,22299.25,327.6607142857143,22812.25,22467.5,22595.0
2025-02-28,22347.25,21863.5,22312.0,22091.0,21918.5,933.0,21993.25,22347.25,21863.5,22322.75,1600.0,22161.5,21863.5,355.375,22784.0,22000.75,22013.0
2025-03-03,22524.0,21719.75,21933.75,22504.0,22240.75,933.0,22458.5,22524.0,21719.75,21876.0,1600.0,22524.0,22163.0,355.92857142857144,22347.25,21863.5,22322.75
2025-03-04,22135.5,21478.25,21940.0,21995.0,21665.0,933.0,21745.5,22135.5,21478.25,21799.5,1600.0,21833.0,21478.25,398.94642857142856,22524.0,21719.75,21876.0
2025-03-05,22128.0,21618.0,22014.75,22032.75,21782.5,933.0,21823.75,22128.0,21618.0,22062.25,1600.0,21900.0,21673.25,420.76785714285717,22135.5,21478.25,21799.5
2025-03-06,22050.5,21406.0,21576.5,22050.5,21702.0,933.0,21713.5,21916.25,21406.0,21497.25,1600.0,21886.75,21631.25,430.69642857142856,22128.0,21618.0,22062.25
2025-03-07,21689.25,21168.5,21610.25,21676.75,21429.5,933.0,21440.5,21689.25,21168.5,21628.0,1600.0,21645.0,21426.75,463.69642857142856,21916.25,21406.0,21497.25
2025-03-10,21559.5,20675.25,20875.0,21559.5,21264.0,933.0,21284.0,21307.5,20675.25,20867.5,1600.0,21307.5,21057.25,494.51785714285717,21689.25,21168.5,21628.0
2025-03-11,21089.75,20542.25,20804.25,20988.0,20542.25,933.0,20824.5,21089.75,20604.0,20795.25,1600.0,21017.0,20716.5,545.8035714285714,21307.5,20675.25,20867.5
2025-03-12,21191.75,20790.0,20975.75,21191.75,20790.0,933.0,21099.5,21180.75,20798.25,21012.25,1600.0,21180.75,20983.0,571.9285714285714,21089.75,20604.0,20795.25
2025-03-13,21097.0,20573.0,20696.0,21097.0,20803.75,933.0,20974.75,20980.0,20573.0,20654.75,1600.0,20980.0,20727.5,580.3035714285714,21180.75,20798.25,21012.25
2025-03-14,21145.5,20699.75,21070.5,20936.5,20699.75,933.0,20867.75,21145.5,20839.75,21108.75,1600.0,21023.75,20839.75,575.3928571428571,20980.0,20573.0,20654.75
2025-03-17,21367.25,20956.5,21236.75,21187.25,20956.5,933.0,21110.5,21367.25,21032.5,21237.75,1600.0,21256.75,21092.25,578.5357142857143,21145.5,20839.75,21108.75
2025-03-18,21266.0,20803.75,20903.5,21266.0,21085.0,933.0,21097.5,21099.75,20803.75,20904.0,1600.0,21099.75,20834.0,574.75,21367.25,21032.5,21237.75
2025-03-19,21342.5,20859.5,21144.5,20997.0,20859.5,933.0,20988.5,21342.5,20905.75,21150.5,1600.0,21100.25,20905.75,582.4642857142857,21099.75,20803.75,20904.0
2025-03-20,21304.5,20934.75,21093.75,21292.25,20934.75,933.0,20986.0,21304.5,20955.5,21081.5,1600.0,21286.25,20955.5,559.5892857142857,21342.5,20905.75,21150.5
2025-03-21,21177.0,20801.75,21170.25,21132.25,20801.75,933.0,20857.75,21173.5,20807.0,21150.0,1600.0,20973.0,20807.0,551.4464285714286,21304.5,20955.5,21081.5
2025-03-24,21609.0,21250.0,21556.75,21485.5,21250.0,933.0,21455.75,21609.0,21428.75,21566.5,1600.0,21547.0,21428.75,520.8035714285714,21173.5,20807.0,21150.0
2025-03-25,21724.25,21492.5,21716.75,21647.0,21492.5,933.0,21600.75,21694.75,21561.25,21688.25,1600.0,21654.25,21561.25,505.19642857142856,21609.0,21428.75,21566.5
2025-03-26,21736.25,21244.5,21290.0,21736.25,21629.0,933.0,21638.5,21674.5,21244.5,21312.5,1600.0,21674.5,21426.5,485.32142857142856,21694.75,21561.25,21688.25
2025-03-27,21399.0,21136.75,21196.75,21347.25,21202.75,933.0,21228.0,21399.0,21136.75,21194.75,1600.0,21321.5,21136.75,474.4107142857143,21674.5,21244.5,21312.5
2025-03-28,21211.25,20557.0,20560.5,21211.25,21044.75,933.0,21110.75,21141.0,20621.0,20660.25,1600.0,21141.0,20830.75,455.94642857142856,21399.0,21136.75,21194.75
2025-03-31,20689.25,20176.25,20612.5,20564.5,20318.0,933.0,20366.5,20689.25,20176.25,20649.5,1600.0,20391.25,20176.25,435.89285714285717,21141.0,20621.0,20660.25
2025-04-01,20843.5,20460.75,20797.5,20710.5,20482.75,933.0,20580.0,20843.5,20460.75,20803.0,1600.0,20662.0,20460.75,433.42857142857144,20689.25,20176.25,20649.5
2025-04-02,21243.75,20276.25,20351.75,20896.5,20519.0,933.0,20527.5,21089.75,20516.0,20947.0,1600.0,20820.25,20516.0,432.07142857142856,20843.5,20460.75,20803.0
2025-04-03,20376.5,19813.5,19848.0,20376.5,20018.5,933.0,20123.0,20273.75,19864.25,19887.25,1600.0,20273.75,20055.75,463.75,21089.75,20516.0,20947.0
2025-04-04,19912.5,18587.0,18682.75,19912.5,19020.25,933.0,19354.0,19448.25,18728.0,18734.25,1600.0,19448.25,19112.25,471.85714285714283,20273.75,19864.25,19887.25
2025-04-07,19561.0,17659.5,18828.25,18477.5,17659.5,933.0,18124.5,19561.0,17873.0,18758.75,1600.0,19561.0,17873.0,537.1964285714286,19448.25,18728.0,18734.25
2025-04-08,19556.75,18173.0,18431.5,19369.5,18844.0,933.0,19350.0,19556.75,18173.0,18433.75,1600.0,19556.75,19258.75,640.0,19561.0,17873.0,18758.75
2025-04-09,20586.25,17934.5,20553.0,18624.5,17934.5,933.0,18408.0,20586.25,18401.75,20451.25,1600.0,18797.0,18401.75,704.3392857142857,19556.75,18173.0,18433.75
2025-04-10,20583.0,19118.5,19701.0,20583.0,19903.0,933.0,19989.75,20071.0,19118.5,19685.25,1600.0,20071.0,19768.0,867.3392857142857,20586.25,18401.75,20451.25
2025-04-11,20073.0,19266.5,20020.0,19994.5,19266.5,933.0,19613.0,20073.0,19469.5,20009.0,1600.0,19847.25,19475.5,945.1428571428571,20071.0,19118.5,19685.25
2025-04-14,20455.5,19937.0,20102.0,20455.5,20131.0,933.0,20431.5,20454.25,19937.0,20139.25,1600.0,20454.25,20187.25,971.4107142857143,20073.0,19469.5,20009.0
2025-04-15,20344.25,20008.5,20137.5,20240.0,20008.5,933.0,20186.75,20344.25,20083.75,20160.25,1600.0,20344.25,20124.0,991.8928571428571,20454.25,19937.0,20139.25
2025-04-16,20060.75,19315.75,19568.75,20060.75,19704.0,933.0,19783.75,19934.5,19315.75,19586.5,1600.0,19879.0,19708.75,980.75,20344.25,20083.75,20160.25
2025-04-17,19852.25,19461.0,19627.25,19852.25,19544.75,933.0,19697.75,19725.5,19461.0,19572.75,1600.0,19709.0,19514.75,1020.7142857142857,19934.5,19315.75,19586.5
2025-04-21,19583.0,18899.5,19113.5,19583.0,19279.5,933.0,19328.75,19364.5,18899.5,19122.5,1600.0,19364.5,19099.25,1001.9285714285714,19725.5,19461.0,19572.75
2025-04-22,19713.5,19063.25,19558.5,19371.0,19063.25,933.0,19351.75,19713.5,19300.0,19579.5,1600.0,19505.5,19300.0,1017.2678571428571,19364.5,18899.5,19122.5
2025-04-23,20365.0,19823.25,20049.5,20171.5,19823.25,933.0,20148.5,20365.0,19929.25,19987.5,1600.0,20344.0,20116.0,1036.375,19713.5,19300.0,19579.5
2025-04-24,20617.5,19794.25,20547.0,20076.5,19794.25,933.0,20074.75,20537.75,20046.0,20519.25,1600.0,20342.0,20046.0,1024.875,20365.0,19929.25,19987.5
2025-04-25,20788.5,20415.75,20754.25,20697.0,20415.75,933.0,20502.0,20753.75,20433.25,20729.75,1600.0,20605.25,20435.25,1043.4642857142858,20537.75,20046.0,20519.25
2025-04-28,20822.5,20456.75,20683.25,20769.0,20591.75,933.0,20747.75,20822.5,20456.75,20724.25,1600.0,20822.5,20632.75,975.4107142857143,20753.75,20433.25,20729.75
2025-04-29,20888.0,20577.5,20813.75,20830.5,20577.5,933.0,20626.5,20888.0,20603.25,20844.25,1600.0,20800.75,20603.25,865.7142857142857,20822.5,20456.75,20724.25
2025-04-30,21079.5,20303.25,21048.0,20822.25,20431.5,933.0,20500.75,20915.25,20303.25,20842.75,1600.0,20514.5,20303.25,789.0535714285714,20888.0,20603.25,20844.25
2025-05-01,21325.25,20956.75,20998.5,21235.25,21004.5,933.0,21170.5,21325.25,21057.25,21077.0,1600.0,21205.0,21059.5,655.0892857142857,20915.25,20303.25,20842.75
2025-05-02,21476.25,20949.0,21404.0,21340.75,20949.0,933.0,21290.5,21476.25,21219.25,21385.5,1600.0,21379.75,21219.25,576.8035714285714,21325.25,21057.25,21077.0
2025-05-05,21401.25,21165.5,21241.75,21401.25,21165.5,933.0,21210.25,21391.0,21184.75,21264.25,1600.0,21310.5,21184.75,556.8571428571429,21476.25,21219.25,21385.5
2025-05-06,21236.25,20938.5,21046.25,21236.25,20983.5,933.0,20995.0,21225.75,20938.5,21075.25,1600.0,21109.0,20938.5,536.8571428571429,21391.0,21184.75,21264.25
2025-05-07,21333.25,20878.25,21157.0,21333.25,20999.0,933.0,21098.5,21253.0,20878.25,21148.75,1600.0,21176.5,21057.0,534.5357142857143,21225.75,20938.5,21075.25
2025-05-08,21536.75,21110.25,21355.75,21462.0,21110.25,933.0,21362.5,21536.75,21178.5,21354.0,1600.0,21373.5,21224.5,508.3392857142857,21253.0,20878.25,21148.75
2025-05-09,21488.25,21257.5,21346.0,21488.25,21280.25,933.0,21426.5,21479.25,21257.5,21335.75,1600.0,21479.25,21311.25,510.85714285714283,21536.75,21178.5,21354.0
2025-05-12,22195.5,21576.25,22156.5,22191.0,21576.25,933.0,22118.5,22153.75,21889.5,22149.0,1600.0,22121.75,21923.0,475.35714285714283,21479.25,21257.5,21335.75
2025-05-13,22546.0,22017.5,22454.25,22265.25,22017.5,933.0,22204.0,22546.0,22172.25,22470.5,1600.0,22446.0,22172.25,489.5892857142857,22153.75,21889.5,22149.0
2025-05-14,22619.0,22437.75,22599.25,22582.0,22437.75,933.0,22514.0,22619.0,22473.25,22596.25,1600.0,22604.75,22473.25,469.73214285714283,22546.0,22172.25,22470.5
2025-05-15,22729.25,22391.5,22596.0,22611.5,22391.5,933.0,22502.5,22729.25,22447.25,22619.0,1600.0,22546.0,22447.25,423.875,22619.0,22473.25,22596.25
2025-05-16,22711.5,22519.75,22599.75,22704.25,22548.25,933.0,22667.5,22711.5,22519.75,22705.0,1600.0,22669.5,22587.75,421.375,22729.25,22447.25,22619.0
2025-05-19,22744.0,22312.0,22716.5,22617.5,22312.0,933.0,22402.75,22744.0,22401.75,22721.75,1600.0,22662.0,22401.75,408.94642857142856,22711.5,22519.75,22705.0
2025-05-20,22761.75,22497.5,22619.5,22761.75,22593.25,933.0,22612.25,22673.75,22497.5,22646.75,1600.0,22639.25,22554.25,417.625,22744.0,22401.75,22721.75
2025-05-21,22758.0,22272.25,22345.0,22643.5,22429.25,933.0,22478.25,22758.0,22272.25,22349.75,1600.0,22640.75,22476.5,381.05357142857144,22673.75,22497.5,22646.75
2025-05-22,22537.0,22239.5,22414.0,22443.0,22239.5,933.0,22370.75,22537.0,22313.25,22383.5,1600.0,22530.0,22313.25,389.42857142857144,22758.0,22272.25,22349.75
2025-05-23,22435.5,21926.5,22152.75,22435.5,21926.5,933.0,22049.5,22282.5,22022.0,22178.0,1600.0,22193.75,22022.0,373.01785714285717,22537.0,22313.25,22383.5
2025-05-26,22507.25,22153.75,22483.0,22488.5,22153.75,933.0,22459.5,22507.25,22415.0,22483.0,1300.0,22507.25,22458.25,392.3392857142857,22282.5,22022.0,22178.0
2025-05-27,22688.0,22341.0,22676.5,22559.25,22341.0,933.0,22459.0,22688.0,22392.25,22665.75,1600.0,22583.0,22392.25,396.0,22507.25,22415.0,22483.0
2025-05-28,22767.0,22520.75,22724.5,22737.0,22606.5,933.0,22704.75,22767.0,22548.5,22572.25,1600.0,22767.0,22637.75,388.2857142857143,22688.0,22392.25,22665.75
2025-05-29,23058.25,22500.5,22584.5,23058.25,22688.5,933.0,22873.25,22879.25,22500.5,22610.75,1600.0,22879.25,22580.0,375.4107142857143,22767.0,22548.5,22572.25
2025-05-30,22633.0,22271.0,22568.5,22620.5,22425.75,933.0,22581.5,22633.0,22271.0,22568.75,1600.0,22592.25,22434.25,398.76785714285717,22879.25,22500.5,22610.75
2025-06-02,22775.75,22362.5,22754.0,22548.0,22362.5,933.0,22487.5,22743.25,22434.25,22733.25,1600.0,22657.5,22434.25,363.94642857142856,22633.0,22271.0,22568.75
2025-06-03,22959.25,22598.75,22887.5,22757.5,22598.75,933.0,22746.5,22959.25,22709.25,22904.0,1600.0,22838.0,22709.25,355.7142857142857,22743.25,22434.25,22733.25
2025-06-04,23002.5,22840.5,22947.5,22966.5,22854.75,933.0,22925.25,23002.5,22840.5,22957.25,1600.0,22992.75,22840.5,368.51785714285717,22959.25,22709.25,22904.0
2025-06-05,23134.5,22703.0,22714.5,23097.5,22912.0,933.0,23011.5,23134.5,22703.0,22787.5,1600.0,23040.0,22891.0,355.9642857142857,23002.5,22840.5,22957.25
2025-06-06,23073.0,22670.5,23009.0,23011.5,22670.5,933.0,22997.5,23073.0,22921.5,22988.75,1600.0,23063.75,22962.25,373.0892857142857,23134.5,22703.0,22787.5
2025-06-09,23090.25,22915.5,23021.75,23023.75,22915.5,933.0,22997.0,23090.25,22950.25,23018.0,1600.0,23065.75,22950.25,370.98214285714283,23073.0,22921.5,22988.75
2025-06-10,23191.75,22931.5,23150.5,23172.75,22931.5,933.0,23035.75,23191.75,22942.25,23164.5,1600.0,23092.75,23017.5,364.5892857142857,23090.25,22950.25,23018.0
2025-06-11,23305.5,22990.25,23082.75,23305.5,23065.25,933.0,23216.75,23265.75,22990.25,23086.75,1600.0,23242.75,23115.25,348.48214285714283,23191.75,22942.25,23164.5
2025-06-12,23176.75,22912.75,23108.5,23093.75,22912.75,933.0,23027.75,23176.75,23018.0,23136.5,1600.0,23130.0,23018.0,349.75,23265.75,22990.25,23086.75
2025-06-13,23115.25,22670.5,22851.5,23115.25,22670.5,933.0,22879.25,23054.25,22799.75,22851.75,1600.0,22994.25,22816.5,332.25,23176.75,23018.0,23136.5
2025-06-16,23207.0,22711.0,23147.75,23047.75,22711.0,933.0,22999.5,23207.0,22999.0,23160.75,1600.0,23186.5,22999.0,338.69642857142856,23054.25,22799.75,22851.75
2025-06-17,23162.25,22894.5,22937.0,23162.25,22981.0,933.0,23049.0,23120.0,22894.5,22941.5,1600.0,23118.5,23011.0,349.3392857142857,23207.0,22999.0,23160.75
2025-06-18,23082.75,22847.25,22946.75,23051.25,22847.25,933.0,22978.0,23082.75,22867.25,22934.25,1600.0,23068.0,22911.25,350.875,23120.0,22894.5,22941.5
2025-06-19,22955.75,22635.25,22688.0,22955.75,22720.25,933.0,22769.5,22771.75,22635.25,22688.0,1300.0,22771.75,22635.25,327.85714285714283,23082.75,22867.25,22934.25
2025-06-20,23115.5,22730.75,22859.0,23088.0,22730.75,933.0,23059.75,23115.5,22750.0,22826.75,1600.0,23115.5,22873.5,324.89285714285717,22771.75,22635.25,22688.0
2025-06-23,23078.0,22551.75,23057.25,22929.25,22551.75,933.0,22854.25,23078.0,22723.25,23058.25,1600.0,22997.25,22743.5,325.9107142857143,23115.5,22750.0,22826.75
2025-06-24,23433.25,23050.75,23392.75,23369.5,23050.75,933.0,23271.25,23433.25,23245.0,23391.25,1600.0,23318.5,23245.0,337.75,23078.0,22723.25,23058.25
2025-06-25,23533.25,23369.5,23457.5,23496.5,23369.5,933.0,23484.25,23533.25,23373.5,23448.0,1600.0,23533.25,23448.75,353.5,23433.25,23245.0,23391.25
2025-06-26,23679.0,23422.75,23657.5,23570.0,23422.75,933.0,23537.25,23679.0,23461.0,23658.0,1600.0,23560.0,23461.0,334.375,23533.25,23373.5,23448.0
2025-06-27,23810.5,23585.0,23725.25,23773.0,23645.25,933.0,23692.5,23810.5,23585.0,23737.0,1600.0,23810.5,23670.25,323.92857142857144,23679.0,23461.0,23658.0
2025-06-30,23919.75,23736.5,23851.75,23900.0,23736.5,933.0,23856.75,23919.75,23766.0,23870.75,1600.0,23860.5,23779.25,327.55357142857144,23810.5,23585.0,23737.0
2025-07-01,23899.75,23579.5,23676.75,23899.75,23740.75,933.0,23787.25,23833.25,23579.5,23676.5,1600.0,23833.25,23733.75,322.85714285714283,23919.75,23766.0,23870.75
2025-07-02,23843.75,23567.0,23837.75,23766.25,23567.0,933.0,23639.25,23839.0,23636.25,23829.75,1600.0,23783.25,23636.25,323.2142857142857,23833.25,23579.5,23676.5
2025-07-03,24087.5,23812.0,24044.0,23925.5,23812.0,933.0,23917.0,24087.5,23915.25,24044.0,1315.0,24051.0,23915.25,324.125,23839.0,23636.25,23829.75
2025-07-04,24047.5,23867.0,23891.75,24047.5,23867.0,933.0,23903.0,23930.5,23873.0,23891.75,1300.0,23920.0,23873.0,312.0357142857143,24087.5,23915.25,24044.0
2025-07-07,24013.5,23764.75,23824.0,24013.5,23893.25,933.0,23928.25,23962.5,23764.75,23869.5,1600.0,23962.5,23885.5,289.5,23930.5,23873.0,23891.75
2025-07-08,23957.75,23793.5,23888.25,23957.75,23793.5,933.0,23920.5,23947.75,23826.0,23877.25,1600.0,23928.5,23834.0,288.14285714285717,23962.5,23764.75,23869.5
2025-07-09,24097.0,23828.5,24028.5,23963.75,23828.5,933.0,23963.75,24097.0,23904.75,24036.5,1600.0,24097.0,23963.0,283.05357142857144,23947.75,23826.0,23877.25
2025-07-10,24075.0,23886.25,23995.0,24063.75,23961.5,933.0,24057.25,24075.0,23886.25,24001.0,1600.0,24075.0,23886.25,279.3392857142857,24097.0,23904.75,24036.5
2025-07-11,24033.75,23816.5,23923.0,24033.75,23816.5,933.0,23899.75,24006.5,23848.0,23940.5,1600.0,23989.5,23848.0,262.2857142857143,24075.0,23886.25,24001.0
2025-07-14,24051.5,23788.0,24021.25,23929.5,23788.0,933.0,23928.25,24051.5,23827.25,24019.0,1600.0,23974.25,23827.25,240.21428571428572,24006.5,23848.0,23940.5
2025-07-15,24207.75,23981.0,24002.75,24204.0,23981.0,933.0,24185.25,24207.75,24035.0,24038.5,1600.0,24207.75,24105.5,231.71428571428572,24051.5,23827.25,24019.0
2025-07-16,24085.0,23820.5,24048.25,24070.0,23914.0,933.0,24059.25,24085.0,23820.5,24060.25,1600.0,24074.5,23933.75,236.21428571428572,24207.75,24035.0,24038.5
2025-07-17,24264.75,24002.0,24250.5,24143.5,24002.0,933.0,24085.25,24264.75,24050.75,24243.5,1600.0,24160.25,24050.75,236.80357142857142,24085.0,23820.5,24060.25
2025-07-18,24305.75,24154.5,24213.5,24305.75,24230.25,933.0,24285.75,24295.0,24154.5,24211.5,1600.0,24295.0,24171.75,239.46428571428572,24264.75,24050.75,24243.5
2025-07-21,24409.75,24188.75,24332.0,24293.5,24188.75,933.0,24241.25,24409.75,24240.25,24329.5,1600.0,24404.25,24240.25,236.375,24295.0,24154.5,24211.5
2025-07-22,24352.0,24093.0,24184.0,24352.0,24252.5,933.0,24331.0,24334.75,24093.0,24206.25,1600.0,24334.75,24093.0,229.28571428571428,24409.75,24240.25,24329.5
2025-07-23,24403.0,24131.75,24396.25,24268.75,24155.25,933.0,24246.5,24309.75,24131.75,24309.0,1600.0,24248.75,24131.75,228.01785714285714,24334.75,24093.0,24206.25
2025-07-24,24409.5,24283.25,24380.0,24407.75,24312.25,933.0,24359.0,24409.5,24283.25,24361.25,1600.0,24386.0,24283.25,227.71428571428572,24309.75,24131.75,24309.0
2025-07-25,24461.0,24315.75,24432.75,24426.75,24331.75,933.0,24345.0,24461.0,24315.75,24407.5,1600.0,24401.0,24315.75,223.83928571428572,24409.5,24283.25,24361.25
2025-07-28,24570.25,24421.75,24494.25,24570.25,24451.25,933.0,24457.75,24514.0,24421.75,24477.25,1600.0,24514.0,24449.75,216.44642857142858,24461.0,24315.75,24407.5
2025-07-29,24637.5,24406.25,24437.0,24598.5,24488.0,933.0,24580.5,24637.5,24406.25,24442.25,1600.0,24637.5,24523.75,215.32142857142858,24514.0,24421.75,24477.25
2025-07-30,24674.0,24341.5,24646.75,24507.0,24434.25,933.0,24472.0,24574.5,24341.5,24468.5,1600.0,24511.25,24435.75,212.66071428571428,24637.5,24406.25,24442.25
2025-07-31,24830.0,24275.5,24314.5,24830.0,24671.0,933.0,24732.25,24737.0,24290.5,24337.75,1600.0,24737.0,24594.25,222.92857142857142,24574.5,24341.5,24468.5
2025-08-01,24332.5,23760.0,23855.0,24332.5,24016.5,933.0,24073.0,24080.75,23760.0,23866.0,1600.0,24080.75,23785.0,247.01785714285714,24737.0,24290.5,24337.75
2025-08-04,24337.5,23806.75,24335.75,24083.25,23806.75,933.0,24079.25,24292.25,24073.75,24281.5,1600.0,24249.25,24073.75,269.0892857142857,24080.75,23760.0,23866.0
2025-08-05,24389.25,24069.5,24077.0,24389.25,24297.5,933.0,24333.25,24382.25,24098.5,24118.5,1600.0,24382.25,24246.75,290.80357142857144,24292.25,24073.75,24281.5
2025-08-06,24430.25,24030.5,24398.25,24212.0,24030.5,933.0,24153.75,24430.25,24133.5,24408.75,1600.0,24270.0,24133.5,294.75,24382.25,24098.5,24118.5
2025-08-07,24656.0,24314.0,24506.75,24624.0,24369.5,933.0,24586.0,24656.0,24314.0,24486.25,1600.0,24656.0,24527.5,304.5357142857143,24430.25,24133.5,24408.75
2025-08-08,24752.75,24488.0,24750.5,24568.0,24488.0,933.0,24526.75,24709.0,24515.0,24699.0,1600.0,24668.5,24515.0,318.1607142857143,24656.0,24314.0,24486.25
2025-08-11,24789.5,24572.5,24614.5,24758.0,24652.75,933.0,24700.75,24789.5,24572.5,24623.5,1600.0,24752.5,24665.75,321.2857142857143,24709.0,24515.0,24699.0
2025-08-12,24938.5,24581.0,24934.5,24807.25,24581.0,933.0,24718.0,24935.0,24607.0,24919.25,1600.0,24793.25,24607.0,318.2857142857143,24789.5,24572.5,24623.5
2025-08-13,25053.5,24871.0,24912.75,25031.25,24906.75,933.0,25029.5,25053.5,24871.0,24927.75,1600.0,25053.5,24932.0,324.44642857142856,24935.0,24607.0,24919.25
2025-08-14,24992.75,24778.25,24876.5,24951.75,24778.25,933.0,24843.25,24992.75,24826.25,24906.5,1600.0,24945.25,24826.25,328.4642857142857,25053.5,24871.0,24927.75
2025-08-15,24948.0,24719.5,24781.75,24948.0,24856.0,933.0,24894.0,24896.0,24719.5,24791.0,1600.0,24896.0,24755.25,333.4107142857143,24992.75,24826.25,24906.5
2025-08-18,24866.75,24704.0,24773.0,24866.75,24724.5,933.0,24753.25,24809.25,24704.0,24781.75,1600.0,24809.25,24720.0,339.125,24896.0,24719.5,24791.0
2025-08-19,24823.0,24411.0,24458.5,24823.0,24715.75,933.0,24747.0,24755.5,24411.0,24455.25,1600.0,24755.5,24608.0,334.23214285714283,24809.25,24704.0,24781.75
2025-08-20,24470.5,24020.0,24304.0,24470.5,24319.25,933.0,24411.25,24417.0,24020.0,24309.75,1600.0,24417.0,24048.5,339.9107142857143,24755.5,24411.0,24455.25
2025-08-21,24354.25,24104.0,24206.75,24354.25,24193.25,933.0,24245.5,24333.25,24104.0,24202.75,1600.0,24333.25,24141.0,332.48214285714283,24417.0,24020.0,24309.75
2025-08-22,24635.0,24061.75,24567.75,24265.75,24061.75,933.0,24249.5,24635.0,24190.5,24553.0,1600.0,24618.0,24190.5,309.4642857142857,24333.25,24104.0,24202.75
2025-08-25,24601.25,24428.25,24487.25,24592.5,24447.0,933.0,24481.0,24601.25,24428.25,24480.5,1600.0,24546.0,24428.25,312.5,24635.0,24190.5,24553.0
2025-08-26,24596.0,24356.5,24592.5,24505.25,24356.5,933.0,24455.75,24585.0,24412.0,24571.75,1600.0,24533.0,24412.0,302.01785714285717,24601.25,24428.25,24480.5
2025-08-27,24674.0,24419.75,24527.0,24614.0,24521.0,933.0,24526.0,24642.5,24472.5,24605.25,1600.0,24591.5,24472.5,290.57142857142856,24585.0,24412.0,24571.75
2025-08-28,24788.75,24472.5,24747.0,24647.0,24472.5,933.0,24625.25,24788.75,24557.5,24751.25,1600.0,24727.25,24557.5,284.30357142857144,24642.5,24472.5,24605.25
2025-08-29,24747.0,24382.5,24439.5,24747.0,24597.5,933.0,24637.0,24653.0,24382.5,24457.75,1600.0,24653.0,24413.0,287.98214285714283,24788.75,24557.5,24751.25
2025-09-01,24537.5,24355.5,24487.25,24537.5,24355.5,933.0,24461.0,24491.75,24426.75,24487.25,1300.0,24479.75,24426.75,298.51785714285717,24653.0,24382.5,24457.75
2025-09-02,24494.5,24010.25,24364.5,24494.5,24045.25,933.0,24085.25,24275.25,24010.25,24261.5,1600.0,24265.0,24010.25,285.98214285714283,24491.75,24426.75,24487.25
2025-09-03,24510.25,24283.25,24440.75,24443.5,24283.25,933.0,24408.5,24510.25,24303.25,24436.75,1600.0,24457.25,24355.0,307.5357142857143,24275.25,24010.25,24261.5
2025-09-04,24693.75,24395.0,24669.0,24520.0,24416.25,933.0,24465.5,24665.25,24395.0,24650.75,1600.0,24533.25,24395.0,308.42857142857144,24510.25,24303.25,24436.75
2025-09-05,24887.0,24490.0,24658.25,24882.75,24676.75,933.0,24860.0,24887.0,24490.0,24675.75,1600.0,24887.0,24613.5,313.44642857142856,24665.25,24395.0,24650.75
2025-09-08,24873.0,24635.25,24783.5,24780.0,24635.25,933.0,24769.25,24873.0,24745.0,24787.75,1600.0,24861.25,24756.75,330.17857142857144,24887.0,24490.0,24675.75
2025-09-09,24906.25,24711.0,24874.75,24870.25,24775.75,933.0,24820.5,24875.0,24711.0,24852.5,1600.0,24842.75,24766.25,317.73214285714283,24873.0,24745.0,24787.75
2025-09-10,25029.25,24770.0,24843.0,25029.25,24859.0,933.0,24983.5,24985.5,24770.0,24859.0,1600.0,24985.5,24885.25,299.5,24875.0,24711.0,24852.5
2025-09-11,25031.0,24823.0,24991.75,24963.0,24823.0,933.0,24962.25,25031.0,24894.75,24996.75,1600.0,24989.0,24894.75,300.14285714285717,24985.5,24770.0,24859.0
2025-09-12,25144.0,24954.0,25100.25,25036.5,24954.0,933.0,25025.25,25144.0,24986.5,25094.75,1600.0,25061.25,24986.5,274.05357142857144,25031.0,24894.75,24996.75
2025-09-15,25304.25,25065.25,25285.5,25170.5,25065.25,933.0,25166.0,25304.25,25160.25,25300.75,1600.0,25255.5,25160.25,275.26785714285717,25144.0,24986.5,25094.75
2025-09-16,25394.75,25246.75,25277.75,25394.75,25271.5,933.0,25335.75,25348.0,25246.75,25271.75,1600.0,25348.0,25268.25,275.23214285714283,25304.25,25160.25,25300.75
2025-09-17,25300.5,24989.5,25249.5,25300.5,25203.75,933.0,25268.5,25298.25,24989.5,25223.25,1600.0,25288.25,25183.5,267.64285714285717,25348.0,25246.75,25271.75
2025-09-18,25563.5,25242.75,25461.25,25510.25,25242.75,933.0,25427.0,25563.5,25346.25,25445.0,1600.0,25536.0,25346.25,267.26785714285717,25298.25,24989.5,25223.25
2025-09-19,25635.5,25402.5,25608.5,25532.25,25402.5,933.0,25515.75,25635.5,25455.5,25607.25,1600.0,25565.0,25485.0,264.14285714285717,25563.5,25346.25,25445.0
2025-09-22,25774.75,25496.25,25743.75,25623.5,25496.25,933.0,25563.0,25774.75,25561.75,25746.0,1600.0,25653.5,25561.75,267.7857142857143,25635.5,25455.5,25607.25
2025-09-23,25773.5,25528.0,25581.25,25773.5,25720.5,933.0,25748.5,25757.25,25528.0,25578.75,1600.0,25757.25,25677.0,253.08928571428572,25774.75,25561.75,25746.0
2025-09-24,25661.0,25374.5,25495.0,25661.0,25558.0,933.0,25632.75,25646.75,25374.5,25487.0,1600.0,25646.75,25532.0,254.41071428571428,25757.25,25528.0,25578.75
2025-09-25,25541.0,25170.0,25383.0,25541.0,25288.0,933.0,25323.75,25444.25,25170.0,25379.25,1600.0,25389.25,25170.0,253.53571428571428,25646.75,25374.5,25487.0
2025-09-26,25495.0,25267.5,25474.0,25495.0,25316.75,933.0,25401.75,25484.5,25267.5,25473.0,1600.0,25480.75,25267.5,251.67857142857142,25444.25,25170.0,25379.25
2025-09-29,25723.0,25469.25,25558.75,25657.0,25469.25,933.0,25598.25,25723.0,25528.0,25584.75,1600.0,25723.0,25595.75,250.94642857142858,25484.5,25267.5,25473.0
2025-09-30,25661.25,25469.75,25585.75,25604.25,25502.25,933.0,25568.0,25661.25,25469.75,25645.0,1600.0,25578.5,25469.75,255.125,25723.0,25528.0,25584.75
2025-10-01,25784.25,25380.75,25756.75,25624.25,25380.75,933.0,25510.5,25784.25,25473.5,25759.25,1600.0,25640.5,25473.5,250.28571428571428,25661.25,25469.75,25645.0
2025-10-02,25927.5,25741.25,25852.5,25927.5,25749.25,933.0,25912.75,25916.5,25741.25,25855.25,1600.0,25916.5,25761.5,264.25,25784.25,25473.5,25759.25
2025-10-03,25944.0,25670.75,25729.5,25944.0,25820.5,933.0,25881.0,25915.5,25670.75,25743.75,1600.0,25915.5,25798.5,263.98214285714283,25916.5,25741.25,25855.25
2025-10-06,26000.25,25742.5,25931.5,25989.0,25742.5,933.0,25961.75,26000.25,25856.0,25931.5,1600.0,25969.25,25864.25,266.42857142857144,25915.5,25670.75,25743.75
2025-10-07,26022.5,25732.25,25802.25,26022.5,25870.0,933.0,25984.5,26012.25,25732.25,25793.0,1600.0,26012.25,25955.0,275.19642857142856,26000.25,25856.0,25931.5
2025-10-08,26112.25,25773.75,26101.5,25859.0,25773.75,933.0,25827.25,26091.75,25821.5,26077.25,1600.0,25978.5,25821.5,273.7142857142857,26012.25,25732.25,25793.0
2025-10-09,26141.5,25908.25,26034.75,26141.5,26041.75,933.0,26076.5,26082.25,25908.25,26042.25,1600.0,26082.25,25991.75,274.98214285714283,26091.75,25821.5,26077.25
2025-10-10,26135.5,24906.0,24935.5,26102.75,25998.5,933.0,26061.0,26135.5,25131.75,25149.25,1600.0,26135.5,26041.0,275.0,26082.25,25908.25,26042.25
2025-10-13,25712.5,25289.5,25652.0,25693.25,25289.5,933.0,25572.25,25712.5,25472.0,25668.0,1600.0,25661.0,25472.0,342.92857142857144,26135.5,25131.75,25149.25
2025-10-14,25791.75,25168.5,25503.75,25791.75,25250.0,933.0,25386.25,25695.0,25168.5,25504.0,1600.0,25472.5,25168.5,380.89285714285717,25712.5,25472.0,25668.0
2025-10-15,25862.5,25410.75,25688.75,25773.0,25488.0,933.0,25750.0,25862.5,25410.75,25672.75,1600.0,25860.75,25644.5,404.94642857142856,25695.0,25168.5,25504.0
2025-10-16,25927.0,25391.0,25541.75,25847.0,25622.25,933.0,25792.75,25927.0,25391.0,25578.0,1600.0,25873.0,25761.25,410.7142857142857,25862.5,25410.75,25672.75
2025-10-17,25803.25,25157.5,25781.0,25606.0,25157.5,933.0,25483.75,25803.25,25420.0,25735.0,1600.0,25708.25,25420.0,432.75,25927.0,25391.0,25578.0
2025-10-20,26102.0,25703.25,26074.25,25900.0,25703.25,933.0,25865.75,26102.0,25862.25,26047.75,1600.0,26031.0,25862.25,460.75,25803.25,25420.0,25735.0
2025-10-21,26115.5,25950.75,26012.75,26115.5,26000.5,933.0,26048.5,26096.0,25950.75,26038.75,1600.0,26052.0,25952.75,475.55357142857144,26102.0,25862.25,26047.75
2025-10-22,26085.75,25552.25,25787.5,26085.75,25954.0,933.0,26013.0,26036.75,25552.25,25787.75,1600.0,26036.75,25861.75,458.5,26096.0,25950.75,26038.75
2025-10-23,26043.5,25684.5,26025.5,25875.5,25684.5,933.0,25763.75,26035.5,25746.5,26000.25,1600.0,25927.25,25746.5,483.30357142857144,26036.75,25552.25,25787.75
2025-10-24,26318.25,26023.5,26257.75,26270.75,26023.5,933.0,26214.0,26318.25,26177.25,26256.0,1600.0,26296.25,26177.25,489.42857142857144,26035.5,25746.5,26000.25
2025-10-27,26761.0,26447.5,26751.25,26600.0,26447.5,933.0,26563.25,26728.75,26544.0,26708.25,1600.0,26623.25,26544.0,491.14285714285717,26318.25,26177.25,26256.0
2025-10-28,26979.0,26690.5,26920.0,26811.0,26690.5,933.0,26799.0,26979.0,26753.5,26907.5,1600.0,26842.25,26777.0,506.35714285714283,26728.75,26544.0,26708.25
2025-10-29,27127.25,26796.75,26968.5,27057.25,26912.0,933.0,27013.5,27074.0,26796.75,27028.5,1600.0,27074.0,27002.25,502.7857142857143,26979.0,26753.5,26907.5
2025-10-30,27146.5,26600.5,26896.75,27146.5,26827.0,933.0,26872.75,26930.0,26616.5,26618.0,1600.0,26930.0,26689.75,509.73214285714283,27074.0,26796.75,27028.5
2025-10-31,27021.5,26636.25,26730.5,27021.5,26874.75,933.0,26946.75,26947.0,26636.25,26740.5,1600.0,26947.0,26807.5,460.9107142857143,26930.0,26616.5,26618.0
2025-11-03,27013.5,26760.25,26857.0,27007.25,26760.25,933.0,26983.25,27013.5,26763.0,26858.0,1600.0,27013.5,26780.5,432.92857142857144,26947.0,26636.25,26740.5
2025-11-04,26852.0,26270.25,26324.5,26852.0,26392.5,933.0,26489.5,26641.0,26291.5,26324.5,1600.0,26641.0,26410.5,408.625,27013.5,26763.0,26858.0
2025-11-05,26627.5,26029.5,26476.5,26343.5,26029.5,933.0,26289.75,26627.5,26235.5,26488.5,1600.0,26466.0,26235.5,418.26785714285717,26641.0,26291.5,26324.5
2025-11-06,26569.75,25945.25,26059.0,26569.75,26364.75,933.0,26421.5,26433.25,25945.25,26005.25,1600.0,26433.25,26152.0,422.69642857142856,26627.5,26235.5,26488.5
2025-11-07,26102.25,25456.75,25974.25,26102.25,25809.25,933.0,25858.0,25920.5,25456.75,25911.75,1600.0,25858.5,25629.5,421.17857142857144,26433.25,25945.25,26005.25
2025-11-10,26508.0,26016.5,26468.25,26317.0,26016.5,933.0,26286.25,26508.0,26199.5,26460.5,1600.0,26414.0,26272.75,438.80357142857144,25920.5,25456.75,25911.75
2025-11-11,26516.25,26226.0,26406.5,26516.25,26319.25,933.0,26352.5,26443.75,26226.0,26394.0,1600.0,26393.5,26280.25,465.1607142857143,26508.0,26199.5,26460.5
2025-11-12,26577.5,26236.25,26372.5,26577.5,26377.0,933.0,26526.0,26528.25,26236.25,26373.25,1600.0,26528.25,26309.0,447.7857142857143,26443.75,26226.0,26394.0
2025-11-13,26469.0,25750.0,25835.0,26469.0,26182.5,933.0,26224.75,26249.5,25750.0,25847.75,1600.0,26249.5,26027.75,446.51785714285717,26528.25,26236.25,26373.25
2025-11-14,26040.75,25373.5,25895.0,25907.25,25404.5,933.0,25471.0,26040.75,25373.5,25853.75,1600.0,25776.0,25373.5,476.82142857142856,26249.5,25750.0,25847.75
2025-11-17,26108.75,25479.25,25653.0,26108.75,25736.25,933.0,25745.25,26001.5,25479.25,25635.0,1600.0,26001.5,25702.5,488.5357142857143,26040.75,25373.5,25853.75
2025-11-18,25707.0,25123.75,25278.75,25707.0,25351.25,933.0,25465.75,25579.5,25123.75,25329.0,1600.0,25579.5,25177.5,512.8928571428571,26001.5,25479.25,25635.0
2025-11-19,25735.5,25192.5,25706.25,25480.75,25192.5,933.0,25359.0,25735.5,25254.5,25472.25,1600.0,25735.5,25320.0,530.9464285714286,25579.5,25123.75,25329.0
2025-11-20,26057.5,24820.75,24821.25,26012.25,25702.75,933.0,25958.25,26057.5,24845.5,24886.0,1600.0,26047.25,25893.5,530.7321428571429,25735.5,25254.5,25472.25
2025-11-21,25343.75,24652.0,25096.5,25039.5,24652.0,933.0,24951.0,25343.75,24674.75,25061.75,1600.0,25045.5,24774.75,591.5535714285714,26057.5,24845.5,24886.0
2025-11-24,25741.0,25109.25,25710.25,25322.0,25109.25,933.0,25269.75,25741.0,25264.25,25684.25,1600.0,25517.25,25264.25,620.75,25343.75,24674.75,25061.75
2025-11-25,25882.75,25349.5,25812.0,25734.0,25569.5,933.0,25604.25,25882.75,25349.5,25826.75,1600.0,25627.0,25349.5,624.875,25741.0,25264.25,25684.25
2025-11-26,26123.5,25808.75,26061.5,25983.25,25808.75,933.0,25969.75,26123.5,25881.25,26044.0,1600.0,26027.75,25881.25,620.25,25882.75,25349.5,25826.75
2025-11-27,26086.75,26033.25,26049.25,26086.75,26037.75,933.0,26049.0,26065.25,26033.25,26049.25,1300.0,26065.25,26034.5,598.125,26123.5,25881.25,26044.0
2025-11-28,26247.25,26049.25,26232.0,26146.5,26049.25,933.0,26105.5,26247.25,26078.5,26232.0,1315.0,26169.5,26078.5,555.8392857142857,26065.25,26033.25,26049.25
2025-12-01,26293.5,25940.75,26147.25,26293.5,25940.75,933.0,26002.5,26243.25,25956.75,26149.5,1600.0,26136.5,25956.75,531.8571428571429,26247.25,26078.5,26232.0
2025-12-02,26417.5,26072.25,26351.25,26270.25,26072.25,933.0,26240.25,26417.5,26162.0,26347.5,1600.0,26402.25,26218.75,536.3214285714286,26243.25,25956.75,26149.5
2025-12-03,26432.75,26169.0,26393.25,26425.75,26169.0,933.0,26242.5,26432.75,26177.5,26404.75,1600.0,26322.0,26177.5,536.6071428571429,26417.5,26162.0,26347.5
2025-12-04,26480.0,26236.25,26380.0,26480.0,26350.75,933.0,26459.5,26460.5,26236.25,26375.25,1600.0,26460.5,26268.0,504.0892857142857,26432.75,26177.5,26404.75
2025-12-05,26615.5,26327.25,26482.5,26503.25,26327.25,933.0,26427.5,26615.5,26398.75,26474.0,1600.0,26615.5,26421.0,473.8392857142857,26460.5,26236.25,26375.25
2025-12-08,26608.25,26312.25,26454.25,26580.5,26447.75,933.0,26538.5,26608.25,26312.25,26415.75,1600.0,26608.25,26404.5,449.4642857142857,26615.5,26398.75,26474.0
2025-12-09,26483.25,26307.5,26423.75,26477.0,26336.0,933.0,26366.0,26483.25,26307.5,26450.75,1600.0,26417.5,26307.5,428.94642857142856,26608.25,26312.25,26415.75
2025-12-10,26618.25,26276.25,26548.0,26493.25,26363.5,933.0,26394.75,26618.25,26276.25,26550.25,1600.0,26419.75,26314.5,402.7142857142857,26483.25,26307.5,26450.75
2025-12-11,26609.0,26130.5,26582.25,26543.5,26130.5,933.0,26391.5,26470.25,26137.75,26462.5,1600.0,26397.75,26137.75,338.80357142857144,26618.25,26276.25,26550.25
2025-12-12,26480.75,25865.5,25950.0,26480.75,26280.0,933.0,26307.75,26367.0,25865.5,25957.75,1600.0,26367.0,26062.5,323.57142857142856,26470.25,26137.75,26462.5
2025-12-15,26159.0,25776.75,25839.75,26156.75,25876.0,933.0,26157.0,26159.0,25776.75,25824.5,1600.0,26159.0,25776.75,328.73214285714283,26367.0,25865.5,25957.75
2025-12-16,25935.0,25564.25,25812.5,25877.5,25564.25,933.0,25723.0,25935.0,25662.75,25864.75,1600.0,25900.0,25669.75,317.94642857142856,26159.0,25776.75,25824.5
2025-12-17,25999.5,25378.75,25442.75,25999.5,25755.5,933.0,25913.0,25938.75,25378.75,25383.25,1600.0,25938.75,25736.5,321.94642857142856,25935.0,25662.75,25864.75
2025-12-18,25903.5,25392.25,25710.0,25776.0,25392.25,933.0,25769.75,25903.5,25652.25,25743.25,1600.0,25828.75,25652.25,362.4642857142857,25938.75,25378.75,25383.25
2025-12-19,26091.25,25700.75,26088.5,25884.5,25700.75,933.0,25856.0,26091.25,25848.0,26072.25,1600.0,26091.25,25848.0,384.8392857142857,25903.5,25652.25,25743.25
2025-12-22,26285.75,26119.0,26191.25,26276.25,26123.25,933.0,26271.75,26285.75,26119.0,26178.75,1600.0,26285.75,26163.25,387.5357142857143,26091.25,25848.0,26072.25
2025-12-23,26313.5,26099.25,26302.5,26229.75,26099.25,933.0,26135.25,26311.5,26119.25,26302.25,1600.0,26242.25,26119.25,376.9642857142857,26285.75,26119.0,26178.75
2025-12-24,26383.0,26268.5,26355.75,26322.75,26268.5,933.0,26286.0,26383.0,26275.0,26355.75,1315.0,26331.75,26275.0,373.42857142857144,26311.5,26119.25,26302.25
2025-12-26,26426.25,26325.25,26347.0,26414.25,26334.25,933.0,26390.0,26426.25,26325.25,26356.5,1600.0,26426.25,26325.25,364.19642857142856,26383.0,26275.0,26355.75
2025-12-29,26384.75,26139.0,26235.5,26384.75,26147.75,933.0,26197.75,26310.0,26139.0,26232.25,1600.0,26310.0,26152.75,350.82142857142856,26426.25,26325.25,26356.5
2025-12-30,26284.75,26159.25,26167.0,26246.0,26175.75,933.0,26183.75,26284.75,26159.25,26169.0,1600.0,26265.75,26165.25,347.23214285714283,26310.0,26139.0,26232.25
2025-12-31,26207.75,25920.0,25925.75,26207.75,26043.5,933.0,26169.75,26183.0,25935.5,25946.0,1600.0,26183.0,26059.0,343.64285714285717,26284.75,26159.25,26169.0
2026-01-02,26294.75,25756.25,25885.5,26233.75,25939.5,933.0,26177.5,26294.75,25756.25,25876.0,1600.0,26294.75,25948.25,339.76785714285717,26183.0,25935.5,25946.0
2026-01-05,26199.0,25897.5,26069.25,26138.0,25897.5,933.0,26133.75,26199.0,26029.5,26078.25,1600.0,26174.75,26029.5,344.05357142857144,26294.75,25756.25,25876.0
2026-01-06,26328.75,26018.5,26322.25,26165.25,26018.5,933.0,26126.75,26328.75,26099.0,26304.5,1600.0,26270.0,26099.0,315.25,26199.0,26029.5,26078.25
2026-01-07,26487.25,26218.0,26326.75,26335.75,26218.0,933.0,26281.25,26487.25,26262.0,26325.25,1600.0,26371.0,26262.0,310.10714285714283,26328.75,26099.0,26304.5
2026-01-08,26340.75,26060.0,26203.0,26340.75,26161.0,933.0,26276.5,26294.0,26060.0,26173.0,1600.0,26294.0,26060.0,302.85714285714283,26487.25,26262.0,26325.25
2026-01-09,26476.5,26106.5,26422.75,26315.75,26118.5,933.0,26205.25,26476.5,26106.5,26424.0,1600.0,26351.75,26106.5,278.57142857142856,26294.0,26060.0,26173.0
2026-01-12,26511.5,26123.75,26433.25,26451.0,26123.75,933.0,26237.25,26511.5,26234.5,26443.0,1600.0,26424.5,26234.5,268.48214285714283,26476.5,26106.5,26424.0
2026-01-13,26536.5,26294.25,26389.25,26536.5,26336.75,933.0,26441.25,26533.75,26294.25,26395.5,1600.0,26533.75,26303.0,268.2857142857143,26511.5,26234.5,26443.0
2026-01-14,26416.75,25911.75,26103.0,26416.75,26192.25,933.0,26231.25,26281.25,25911.75,26127.75,1600.0,26281.25,26021.5,271.5,26533.75,26294.25,26395.5
2026-01-15,26443.75,26053.5,26198.0,26442.0,26053.5,933.0,26415.0,26443.75,26167.5,26207.25,1600.0,26443.75,26332.5,292.26785714285717,26281.25,25911.75,26127.75
2026-01-16,26382.0,26082.5,26172.25,26369.0,26195.25,933.0,26359.0,26382.0,26082.5,26175.25,1600.0,26382.0,26154.75,311.9642857142857,26443.75,26167.5,26207.25
2026-01-19,25963.0,25727.5,25889.25,25963.0,25748.75,933.0,25782.25,25908.25,25727.5,25889.25,1300.0,25835.0,25727.5,326.14285714285717,26382.0,26082.5,26175.25
2026-01-20,25930.75,25586.25,25633.75,25930.75,25586.25,933.0,25734.25,25920.75,25589.0,25630.0,1600.0,25859.5,25724.75,340.35714285714283,25908.25,25727.5,25889.25
2026-01-21,26144.5,25516.0,26000.5,25749.0,25516.0,933.0,25688.25,26144.5,25618.5,25964.0,1600.0,25877.75,25618.5,356.0,25920.75,25589.0,25630.0
2026-01-22,26230.75,25974.75,26121.0,26230.75,25974.75,933.0,26220.0,26222.75,26027.75,26152.75,1600.0,26222.75,26027.75,380.3392857142857,26144.5,25618.5,25964.0
2026-01-23,26336.75,26031.25,26171.5,26222.5,26031.25,933.0,26098.0,26336.75,26053.5,26225.5,1600.0,26254.5,26053.5,360.1607142857143,26222.75,26027.75,26152.75
2026-01-26,26427.5,26053.75,26352.25,26240.25,26053.75,933.0,26239.5,26427.5,26195.25,26335.25,1600.0,26377.5,26195.25,359.5892857142857,26336.75,26053.5,26225.5
2026-01-27,26609.0,26329.5,26601.0,26534.0,26329.5,933.0,26473.75,26605.25,26408.25,26567.0,1600.0,26565.75,26408.25,364.125,26427.5,26195.25,26335.25
2026-01-28,26840.0,26484.25,26759.25,26840.0,26602.25,933.0,26743.5,26792.0,26591.75,26640.25,1600.0,26792.0,26696.0,364.85714285714283,26605.25,26408.25,26567.0
2026-01-29,26787.0,26027.0,26473.5,26787.0,26576.5,933.0,26624.25,26666.0,26027.0,26484.25,1600.0,26666.0,26209.25,370.2142857142857,26792.0,26591.75,26640.25
2026-01-30,26511.0,26059.75,26130.25,26511.0,26140.75,933.0,26324.5,26431.0,26059.75,26162.5,1600.0,26431.0,26281.75,398.07142857142856,26666.0,26027.0,26484.25
2026-02-02,26440.5,25671.25,26364.25,26136.75,25671.25,933.0,26033.5,26440.5,26030.75,26347.5,1600.0,26403.25,26030.75,402.60714285714283,26431.0,26059.75,26162.5
2026-02-03,26518.75,25710.0,25912.25,26518.75,26357.5,933.0,26425.75,26443.25,25710.0,25936.5,1600.0,26443.25,25961.25,440.25,26440.5,26030.75,26347.5
2026-02-04,26005.25,25274.5,25608.0,26005.25,25816.0,933.0,25876.5,25881.0,25274.5,25488.25,1600.0,25881.0,25599.0,461.94642857142856,26443.25,25710.0,25936.5
2026-02-05,25660.0,24898.25,24916.25,25660.0,25198.5,933.0,25261.25,25451.75,25034.25,25129.25,1600.0,25451.75,25041.0,486.26785714285717,25881.0,25274.5,25488.25
2026-02-06,25713.0,24730.75,25598.75,25364.25,24730.75,933.0,25251.5,25713.0,25191.75,25638.0,1600.0,25475.0,25191.75,519.2857142857143,25451.75,25034.25,25129.25
2026-02-09,25919.75,25446.5,25852.5,25837.5,25459.5,933.0,25548.75,25919.75,25446.5,25832.0,1600.0,25745.0,25446.5,557.6785714285714,25713.0,25191.75,25638.0
2026-02-10,25938.25,25689.25,25748.25,25912.5,25769.5,933.0,25867.5,25938.25,25689.25,25712.25,1600.0,25938.25,25746.75,566.875,25919.75,25446.5,25832.0
2026-02-11,25956.25,25549.25,25769.75,25943.0,25637.25,933.0,25909.75,25956.25,25549.25,25768.75,1600.0,25956.25,25549.25,539.7678571428571,25938.25,25689.25,25712.25
2026-02-12,25910.75,25212.5,25313.0,25910.75,25697.0,933.0,25837.25,25883.5,25212.5,25256.5,1600.0,25883.5,25660.75,550.5535714285714,25956.25,25549.25,25768.75
2026-02-13,25486.5,25069.75,25264.5,25355.75,25111.5,933.0,25234.0,25486.5,25069.75,25294.0,1600.0,25361.5,25069.75,578.6071428571429,25883.5,25212.5,25256.5
2026-02-16,25413.25,25161.75,25238.25,25413.25,25245.5,933.0,25253.75,25288.5,25161.75,25238.25,1300.0,25288.5,25183.75,581.6785714285714,25486.5,25069.75,25294.0
2026-02-17,25380.75,24940.25,25259.25,25333.5,25009.0,933.0,25150.25,25380.75,24940.25,25266.75,1600.0,25306.75,24953.25,579.6785714285714,25288.5,25161.75,25238.25
2026-02-18,25619.25,25191.75,25427.5,25453.5,25191.75,933.0,25300.5,25619.25,25243.0,25448.5,1600.0,25565.0,25243.0,585.7321428571429,25380.75,24940.25,25266.75
2026-02-19,25545.0,25240.0,25327.0,25545.0,25289.0,933.0,25324.75,25450.5,25240.0,25353.5,1600.0,25447.5,25254.0,561.9821428571429,25619.25,25243.0,25448.5
2026-02-20,25630.5,25169.5,25568.5,25475.75,25187.75,933.0,25206.5,25630.5,25169.5,25567.25,1600.0,25574.0,25169.5,551.5357142857143,25450.5,25240.0,25353.5
2026-02-23,25550.75,25159.0,25277.25,25550.75,25298.25,933.0,25472.0,25531.0,25159.0,25257.5,1600.0,25531.0,25331.5,529.5178571428571,25630.5,25169.5,25567.25
2026-02-24,25569.75,25185.5,25507.25,25393.25,25252.0,933.0,25296.0,25569.75,25185.5,25521.75,1600.0,25505.5,25185.5,501.0,25531.0,25159.0,25257.5
2026-02-25,25985.75,25483.0,25952.75,25668.5,25483.0,933.0,25651.25,25887.5,25647.75,25877.0,1600.0,25852.75,25647.75,476.25,25569.75,25185.5,25521.75
2026-02-26,25909.25,25352.75,25519.0,25909.25,25755.75,933.0,25833.0,25833.0,25352.75,25572.5,1600.0,25833.0,25376.0,457.75,25887.5,25647.75,25877.0
2026-02-27,25589.75,25273.0,25443.75,25589.75,25284.75,933.0,25306.25,25527.75,25273.0,25488.25,1600.0,25488.5,25273.0,430.44642857142856,25833.0,25352.75,25572.5
2026-03-02,25592.0,24968.0,25486.75,25392.25,24968.0,933.0,25135.5,25592.0,25096.0,25512.0,1600.0,25438.75,25096.0,419.26785714285717,25527.75,25273.0,25488.25
2026-03-03,25502.0,24843.0,25200.75,25502.0,24861.0,933.0,25025.5,25341.0,24843.0,25249.0,1600.0,25152.25,24843.0,446.05357142857144,25592.0,25096.0,25512.0
2026-03-04,25708.75,24990.0,25629.0,25421.25,24990.0,933.0,25344.0,25708.75,25317.0,25614.75,1600.0,25637.25,25317.0,464.05357142857144,25341.0,24843.0,25249.0
2026-03-05,25741.0,25263.5,25501.5,25741.0,25453.75,933.0,25478.75,25700.75,25263.5,25539.5,1600.0,25700.75,25476.25,465.51785714285717,25708.75,25317.0,25614.75
2026-03-06,25632.5,25092.0,25152.25,25632.5,25103.5,933.0,25176.25,25417.25,25092.0,25159.0,1600.0,25320.0,25099.75,469.85714285714283,25700.75,25263.5,25539.5
2026-03-09,25549.0,24491.0,25449.0,24986.75,24491.0,933.0,24923.25,25549.0,24804.0,25482.0,1600.0,25016.25,24804.0,490.5,25417.25,25092.0,25159.0
2026-03-10,25708.5,25321.0,25501.5,25641.5,25321.0,933.0,25481.75,25708.5,25383.25,25474.0,1600.0,25572.75,25383.25,534.6071428571429,25549.0,24804.0,25482.0
2026-03-11,25671.0,25364.5,25436.5,25616.0,25386.75,933.0,25525.5,25671.0,25364.5,25474.75,1600.0,25671.0,25469.75,531.75,25708.5,25383.25,25474.0
2026-03-12,25440.25,25008.75,25059.5,25440.25,25186.5,933.0,25266.75,25325.5,25033.75,25045.75,1600.0,25325.5,25107.75,531.8571428571429,25671.0,25364.5,25474.75
2026-03-13,25296.25,24824.75,24826.25,25229.0,24888.0,933.0,25136.75,25296.25,24841.5,24886.5,1600.0,25296.25,25102.0,529.75,25325.5,25033.75,25045.75
2026-03-16,25317.25,24773.75,25154.5,25185.25,24773.75,933.0,25151.5,25317.25,25114.5,25167.25,1600.0,25262.25,25118.75,534.1785714285714,25296.25,24841.5,24886.5
2026-03-17,25399.25,25010.5,25309.75,25308.0,25010.5,933.0,25283.0,25399.25,25228.5,25293.0,1600.0,25399.25,25246.25,545.5535714285714,25317.25,25114.5,25167.25
2026-03-18,25492.75,24847.75,24888.5,25492.75,25146.25,933.0,25210.5,25280.5,24924.0,24933.75,1600.0,25280.5,25094.0,537.4107142857143,25399.25,25228.5,25293.0
2026-03-19,25007.5,24609.0,24899.25,25007.5,24683.5,933.0,24710.5,24973.75,24609.0,24857.0,1600.0,24829.0,24609.0,540.625,25280.5,24924.0,24933.75
2026-03-20,24942.75,24253.5,24499.5,24942.75,24601.25,933.0,24769.5,24773.5,24253.5,24396.75,1600.0,24773.5,24522.75,546.4642857142857,24973.75,24609.0,24857.0
2026-03-23,25045.25,24054.75,24682.25,25045.25,24054.75,933.0,24775.5,24972.25,24590.75,24682.0,1600.0,24970.5,24714.75,551.125,24773.5,24253.5,24396.75
2026-03-24,24832.25,24416.25,24686.0,24789.5,24475.75,933.0,24536.5,24667.5,24416.25,24499.5,1600.0,24599.75,24416.25,574.8035714285714,24972.25,24590.75,24682.0
2026-03-25,24822.0,24568.75,24650.0,24822.0,24602.75,933.0,24713.0,24808.25,24568.75,24655.5,1600.0,24808.25,24609.75,553.1785714285714,24667.5,24416.25,24499.5
2026-03-26,24703.5,24045.5,24104.25,24703.5,24351.25,933.0,24438.5,24524.75,24057.25,24068.75,1600.0,24524.75,24346.25,537.1607142857143,24808.25,24568.75,24655.5
2026-03-27,24258.25,23514.75,23536.5,24258.25,23856.25,933.0,23936.75,23946.25,23551.25,23591.5,1600.0,23946.25,23735.25,545.5535714285714,24524.75,24057.25,24068.75
2026-03-30,23856.25,23306.75,23388.5,23856.25,23375.25,933.0,23791.25,23820.5,23306.75,23417.5,1600.0,23820.5,23575.0,523.0892857142857,23946.25,23551.25,23591.5
2026-03-31,24257.5,23243.75,24187.75,23721.5,23243.75,933.0,23664.0,24257.5,23658.75,24197.0,1600.0,23863.0,23661.0,534.6607142857143,23820.5,23306.75,23417.5
2026-04-01,24630.5,24162.25,24469.5,24528.25,24162.25,933.0,24370.0,24630.5,24325.5,24484.25,1600.0,24493.0,24325.5,585.1785714285714,24257.5,23658.75,24197.0
2026-04-02,24549.0,23948.25,24501.75,24528.0,23948.25,933.0,24045.75,24549.0,23967.25,24503.25,1600.0,24286.5,23967.25,587.8035714285714,24630.5,24325.5,24484.25
2026-04-03,24537.25,24388.25,24412.0,24537.25,24388.25,,,,,,,,,597.0357142857143,24549.0,23967.25,24503.25
2026-04-06,24734.5,24263.75,24632.0,24680.5,24263.75,933.0,24547.5,24734.5,24485.0,24645.5,1600.0,24734.5,24528.0,568.8571428571429,,,
2026-04-07,24733.75,24223.75,24681.5,24704.25,24415.25,933.0,24525.75,24663.25,24223.75,24651.25,1600.0,24590.25,24276.25,574.7142857142857,24734.5,24485.0,24645.5
2026-04-08,25539.25,24637.25,25321.25,25539.25,24637.25,933.0,25481.75,25532.0,25208.75,25364.25,1600.0,25532.0,25324.75,565.0714285714286,24663.25,24223.75,24651.25
2026-04-09,25552.0,25235.25,25527.0,25365.0,25235.25,933.0,25363.25,25552.0,25242.75,25531.0,1600.0,25393.75,25246.0,601.0357142857143,25532.0,25208.75,25364.25
2026-04-10,25675.25,25475.25,25615.25,25668.25,25475.25,933.0,25597.25,25675.25,25504.5,25566.75,1600.0,25651.5,25550.25,574.4285714285714,25552.0,25242.75,25531.0
2026-04-13,25881.5,25186.75,25867.75,25499.75,25186.75,933.0,25498.0,25832.5,25442.25,25821.0,1600.0,25615.25,25442.25,517.9642857142857,25675.25,25504.5,25566.75
2026-04-14,26285.5,25842.25,26272.25,26005.25,25842.25,933.0,25938.5,26285.5,25938.25,26283.75,1600.0,26088.5,25938.25,537.875,25832.5,25442.25,25821.0
2026-04-15,26659.75,26216.0,26641.75,26340.25,26216.0,933.0,26305.75,26659.75,26264.5,26645.5,1600.0,26416.5,26264.5,551.4464285714286,26285.5,25938.25,26283.75
2026-04-16,26846.25,26557.75,26746.5,26770.25,26627.25,933.0,26723.25,26846.25,26557.75,26766.5,1600.0,26735.5,26557.75,536.1428571428571,26659.75,26264.5,26645.5
2026-04-17,27167.0,26722.25,27123.0,27100.0,26722.25,933.0,26974.5,27167.0,26911.75,27110.5,1600.0,27058.25,26911.75,503.64285714285717,26846.25,26557.75,26766.5
2026-04-20,27110.0,26817.25,27056.5,27085.25,26817.25,933.0,27078.25,27110.0,26851.0,27028.5,1600.0,27110.0,26998.0,496.1607142857143,27167.0,26911.75,27110.5
2026-04-21,27184.0,26834.0,27003.5,27184.0,27038.75,933.0,27090.25,27167.5,26834.0,26924.25,1600.0,27167.5,27009.0,445.5892857142857,27110.0,26851.0,27028.5
2026-04-22,27418.25,27010.0,27388.75,27182.75,27010.0,933.0,27163.25,27375.25,27093.75,27361.0,1600.0,27273.5,27093.75,437.14285714285717,27167.5,26834.0,26924.25
2026-04-23,27438.0,26964.0,27225.0,27382.0,27130.25,933.0,27296.5,27438.0,26964.0,27208.75,1600.0,27385.0,27247.25,423.85714285714283,27375.25,27093.75,27361.0
2026-04-24,27744.75,27274.25,27722.5,27646.0,27274.25,933.0,27492.25,27744.75,27412.5,27716.5,1600.0,27549.5,27412.5,447.07142857142856,27438.0,26964.0,27208.75
2026-04-27,27824.75,27580.75,27700.75,27824.75,27626.5,933.0,27693.25,27737.0,27580.75,27726.25,1600.0,27717.25,27580.75,450.57142857142856,27744.75,27412.5,27716.5
2026-04-28,27794.25,27291.75,27473.75,27794.25,27318.75,933.0,27443.25,27534.25,27291.75,27450.75,1600.0,27534.25,27350.5,431.57142857142856,27737.0,27580.75,27726.25
2026-04-29,27696.25,27376.25,27431.0,27599.5,27474.0,933.0,27489.0,27622.5,27406.5,27618.25,1600.0,27559.25,27406.5,403.0357142857143,27534.25,27291.75,27450.75
2026-04-30,27905.0,27445.5,27880.75,27905.0,27467.5,933.0,27773.5,27904.25,27445.5,27859.25,1600.0,27773.75,27445.5,403.26785714285717,27622.5,27406.5,27618.25
2026-05-01,28199.25,27818.5,28065.5,27956.75,27818.5,933.0,27914.25,28199.25,27900.0,28119.5,1600.0,28191.5,27900.0,422.8392857142857,27904.25,27445.5,27859.25
2026-05-04,28248.0,27895.25,28025.25,28248.0,27944.5,933.0,28136.75,28223.25,27895.25,28062.25,1600.0,28195.5,28090.5,400.4107142857143,28199.25,27900.0,28119.5
2026-05-05,28529.25,28014.0,28489.5,28290.75,28014.0,933.0,28270.75,28470.5,28253.25,28418.25,1600.0,28416.25,28253.25,393.94642857142856,28223.25,27895.25,28062.25
2026-05-06,29082.25,28525.25,28994.5,28916.5,28525.25,933.0,28671.75,29008.0,28618.25,28993.75,1600.0,28788.25,28618.25,399.05357142857144,28470.5,28253.25,28418.25
2026-05-07,29227.0,28834.25,28926.25,29096.75,28919.25,933.0,29032.25,29227.0,28834.25,28966.25,1600.0,29184.75,28990.25,420.7857142857143,29008.0,28618.25,28993.75
2026-05-08,29669.0,28823.25,29616.0,29258.25,28823.25,933.0,29160.75,29623.25,29141.75,29622.0,1600.0,29448.25,29141.75,417.07142857142856,29227.0,28834.25,28966.25
2026-05-11,29762.25,29508.0,29682.25,29682.0,29508.0,933.0,29587.5,29762.25,29529.0,29709.5,1600.0,29717.0,29556.75,455.64285714285717,29623.25,29141.75,29622.0
2026-05-12,29738.0,29024.25,29416.5,29738.0,29395.25,933.0,29495.25,29578.25,29024.25,29455.25,1600.0,29578.25,29363.25,448.80357142857144,29762.25,29529.0,29709.5
2026-05-13,29847.75,29337.75,29818.25,29729.25,29337.75,933.0,29568.75,29847.75,29357.25,29759.25,1600.0,29570.75,29357.25,470.1607142857143,29578.25,29024.25,29455.25
2026-05-14,30064.25,29730.5,29970.75,29975.25,29730.5,933.0,29758.5,30064.25,29740.75,29968.75,1600.0,29967.0,29740.75,472.73214285714283,29847.75,29357.25,29759.25
2026-05-15,30016.25,29372.0,29455.25,30016.25,29424.75,933.0,29560.25,29769.0,29372.0,29513.75,1600.0,29665.0,29372.0,459.44642857142856,30064.25,29740.75,29968.75
2026-05-18,29702.0,29097.0,29358.25,29702.0,29208.25,933.0,29620.5,29638.5,29097.0,29381.0,1600.0,29638.5,29411.25,488.0357142857143,29769.0,29372.0,29513.75
2026-05-19,29470.75,28945.25,29181.5,29470.75,29085.0,933.0,29132.5,29408.75,28945.25,29204.0,1600.0,29350.25,28945.25,495.35714285714283,29638.5,29097.0,29381.0
2026-05-20,29679.75,29079.5,29560.75,29451.5,29079.5,933.0,29355.5,29679.0,29290.75,29677.25,1600.0,29516.0,29290.75,510.0357142857143,29408.75,28945.25,29204.0
2026-05-21,29836.25,29395.25,29737.75,29746.75,29395.25,933.0,29496.75,29836.25,29409.25,29724.25,1600.0,29622.25,29409.25,519.0535714285714,29679.0,29290.75,29677.25
2026-05-22,30031.25,29718.25,29803.0,29947.5,29718.25,933.0,29862.25,30031.25,29772.5,29834.0,1600.0,29997.75,29772.5,523.3571428571429,29836.25,29409.25,29724.25
2026-05-25,30277.25,29958.5,30244.75,30277.25,29958.5,933.0,30222.75,30276.0,30192.25,30244.75,1300.0,30276.0,30222.0,520.5178571428571,30031.25,29772.5,29834.0
2026-05-26,30401.0,30026.25,30326.5,30259.25,30026.25,933.0,30186.0,30401.0,30109.0,30361.5,1600.0,30366.25,30109.0,517.5892857142857,30276.0,30192.25,30244.75
2026-05-27,30661.25,30159.75,30407.5,30661.25,30310.75,933.0,30469.75,30474.25,30159.75,30329.75,1600.0,30474.25,30170.5,502.01785714285717,30401.0,30109.0,30361.5
2026-05-28,30626.75,30045.25,30595.25,30418.5,30045.25,933.0,30335.25,30626.75,30202.5,30589.0,1600.0,30469.25,30202.5,509.7857142857143,30474.25,30159.75,30329.75
2026-05-29,30818.25,30498.75,30671.75,30666.75,30498.75,933.0,30664.5,30818.25,30552.25,30678.0,1600.0,30818.25,30628.25,490.9107142857143,30626.75,30202.5,30589.0
