sess_id,sess_date,worst_intraday_A,worst_intraday_B,final_A,final_B
1,2022-01-03,-986.7500000001091,-718.9990754954138,726.0999999997788,529.075478811252
2,2022-01-04,-402.44999999998834,-293.2466966638853,3533.9999999999477,2575.0623083865958
3,2022-01-05,-400.44999999990705,-291.7893891887913,4222.600000000134,3076.8132720412405
4,2022-01-06,-2600.2000000000353,-1894.6454482928734,-1987.4000000000233,-1448.1264379421773
5,2022-01-07,-1773.7499999999072,-1292.449566921492,-1280.099999999884,-932.7496493959907
6,2022-01-10,-903.849999999984,-658.5936806551267,3861.800000000094,2813.915003544919
7,2022-01-11,-2453.2999999999465,-1787.606214251497,-2453.2999999999465,-1787.606214251497
8,2022-01-12,-1293.1499999998796,-942.2585806705899,-1155.5999999998794,-842.0322590750659
9,2022-01-13,-593.9999999999536,-432.82032008532565,2440.00000000007,1777.915119542605
10,2022-01-14,-1343.949999999948,-979.274190536526,891.5000000000109,649.5948069968058
11,2022-01-17,-436.699999999988,-318.2030871738574,-301.99999999998727,-220.05342873025765
12,2022-01-18,-634.7499999998145,-462.5129598890601,87.6000000001568,63.83006740664197
13,2022-01-19,-578.0999999999549,-421.23472565879933,-472.8999999999578,-344.58035247196676
14,2022-01-20,-310.34999999994943,-226.13768743850073,-277.2000000000553,-201.98281603987496
15,2022-01-21,-4737.449999999933,-2904.5443444050134,-4693.599999999933,-2008.4909254850381
16,2022-01-24,-1773.1499999999737,-1862.6331139164467,6939.9999999999745,3138.480322110452
17,2022-01-25,-1912.7500000001,-3846.2234766376287,1891.6999999998952,-1427.753219486571
18,2022-01-26,-289.99999999997635,-2303.880302081029,1586.4999999998308,-1583.9319768878618
19,2022-01-27,-1012.1999999999935,-737.5433131151483,-494.7999999999538,1209.4249726771932
20,2022-01-28,-1436.5500000000047,-3085.8569528724097,2764.3000000000193,1747.584631529745
21,2022-01-31,-715.7000000000116,-584.2997810595514,-715.7000000000116,1409.3669169503587
22,2022-02-01,-829.6000000000058,-1397.9933593310634,-829.6000000000058,-1397.9933593310634
23,2022-02-02,-1787.9499999999134,-1493.5167838796272,566.0000000001328,301.1077602614945
24,2022-02-03,-2372.300000000023,-3210.147761678052,-30.800000000046566,-1504.0050352809833
25,2022-02-04,-231.39999999999964,-856.4748915754191,370.5999999999476,-191.71539232546982
26,2022-02-07,-2404.349999999953,-2992.011560924344,-2388.2999999999465,-2263.615527402153
27,2022-02-08,-1339.499999999909,-915.7390839316628,-608.1999999998843,627.9886117579064
28,2022-02-09,-491.09999999998763,-357.84185049480584,-491.09999999998763,-357.84185049480584
29,2022-02-10,-928.3999999999251,-304.905156464131,1618.5999999998821,607.4257240643868
30,2022-02-11,-1866.0000000000546,-711.316453590757,-1810.6000000000568,554.3478395768645
31,2022-02-14,-1251.6999999999498,-1752.07562465587,-1037.0999999999312,-869.931205335613
32,2022-02-15,-268.6000000000022,-195.716393897186,1052.2000000000698,766.6894626159014
33,2022-02-16,-866.5999999998949,-1629.514046357879,-817.8999999998941,-1465.7562441561831
34,2022-02-17,-420.4499999999716,-306.36246393918714,3960.100000000064,4209.035153384073
35,2022-02-18,-3755.3499999999076,-1884.667043837816,-3669.899999999896,-1843.5315729931224
36,2022-02-21,-638.0999999999622,-464.9539499098511,921.3000000001048,677.3647925155049
37,2022-02-22,-690.8999999999651,-1048.1503345719864,1178.600000000035,-647.5237703066681
38,2022-02-23,-1026.7999999999302,-501.7916438331764,2114.0000000000873,4228.251415579378
39,2022-02-24,-2240.1999999999243,-1632.3301027865145,9521.600000000071,11392.19054929053
40,2022-02-25,-3164.199999999917,-3522.6646943205196,-3164.199999999917,-3176.675801809889
41,2022-02-28,-6142.799999999916,-4081.205088572893,-6116.599999999917,-3815.58192697102
42,2022-03-01,-1064.349999999964,-2172.749944913806,-41.6999999999407,-982.1438784401325
43,2022-03-02,-2693.7499999999854,-3404.3559683706826,-1898.9999999999418,-2382.419008856909
44,2022-03-03,-376.39999999993597,-98.69614874674045,619.8000000001048,2045.0557003769911
45,2022-03-04,-2254.5499999999083,-2296.7281647460863,-2185.199999999908,-2246.1960280492517
46,2022-03-07,-1894.9999999999436,-557.6338276694676,-709.2999999999429,1972.9875871038482
47,2022-03-08,-3717.1499999998814,-5443.334648422604,-2475.899999999785,-5443.334648422604
48,2022-03-09,-214.30000000000473,-156.15049594999087,6052.200000000037,3465.346743899604
49,2022-03-10,-631.3500000000986,-1195.0423623861589,-445.6000000000877,-917.2004337990562
50,2022-03-11,-867.7499999999818,-632.2892807307455,3724.400000000034,4624.123264021614
51,2022-03-14,-2704.8499999999694,-3391.0143814528137,-2690.999999999969,-3313.0789264044215
52,2022-03-15,-839.449999999948,-611.6683799589773,3199.900000000127,3320.618458078219
53,2022-03-16,-415.74999999999636,-258.45050466796664,-352.400000000016,1065.2488308486274
54,2022-03-17,-2661.7999999999192,-1504.074617588355,-2633.0999999999185,-1127.6745242035606
55,2022-03-18,-512.4999999999818,-512.8075921631462,288.70000000001164,1925.5660456732621
56,2022-03-21,-875.1999999999407,-1713.3207002828017,-875.1999999999407,-1605.6146430666058
57,2022-03-22,-215.050000000012,-276.7424757419354,-142.40000000002328,1017.2762254019146
58,2022-03-23,-609.8499999999858,-1450.3734617237271,127.3000000000502,197.10805085216342
59,2022-03-24,-1718.299999999921,-1309.5120642400943,2925.099999999906,1329.2681381519549
60,2022-03-25,-550.2499999998836,-920.1000728588045,-549.399999999885,-919.4807171819158
61,2022-03-28,-844.9999999999709,-617.6882682771482,-699.2999999999738,319.54014018470275
62,2022-03-29,-586.6499999999869,-1664.73159963745,-553.7999999999865,-1409.7571847805177
63,2022-03-30,-359.64999999994507,-262.06031669810733,-24.69999999990796,-17.997747316613673
64,2022-03-31,-1519.0999999999494,-1346.660977458431,-1203.6999999999553,-108.14306416754896
65,2022-04-01,-1522.400000000025,-1401.6792265316697,-1189.4999999999982,-1190.770402207246
66,2022-04-04,-240.60000000000946,-175.31408924670302,822.6999999999825,1836.3992273026593
67,2022-04-05,-2.650000000005093,-1.9309324044249272,1371.3000000000975,2170.120090590638
68,2022-04-06,-895.5999999999276,-647.7248414185649,-895.5999999999276,-586.3759240314874
69,2022-04-07,-1302.000000000031,-3487.3795814783566,-709.5000000000055,-3446.174212621746
70,2022-04-08,-582.3999999999905,-839.4632708890016,-256.49999999998545,275.41814230090233
71,2022-04-11,-1735.400000000045,-1384.7586257651167,-1735.400000000045,-900.4821960392295
72,2022-04-12,-106.29999999999927,-77.45589229810335,898.300000000112,1837.2035086763078
73,2022-04-13,-826.5999999999513,-602.3051794318806,1595.50000000012,2450.8506178561493
74,2022-04-14,-158.89999999999418,-115.78307889151701,3880.899999999885,4402.196370406417
75,2022-04-18,-236.54999999985012,-621.289365986011,690.7000000001608,349.4255760785834
76,2022-04-19,-2504.9000000000924,-1282.7188552995176,-2470.100000000093,-326.7120014752277
77,2022-04-20,-1090.0499999999738,-248.61665524095113,-1039.999999999971,446.86016161758374
78,2022-04-21,-226.0999999999949,-1102.9929962360425,2606.400000000158,2424.7531317459134
79,2022-04-22,-2132.399999999925,-970.7614760862235,-2132.399999999925,115.94301753562596
80,2022-04-25,-2605.3499999999585,-2339.9889419602723,635.3000000000429,1594.2197935092581
81,2022-04-26,-227.099999999984,-165.47726379019903,11566.499999999753,10370.5744878183
82,2022-04-27,-1969.8999999998778,-2251.071194768401,-890.099999999853,-1305.638517748134
83,2022-04-28,-1468.8999999999505,-1824.6919160880295,-769.799999999912,-1704.8640781033732
84,2022-04-29,-2390.9500000000007,-2513.217968814216,-364.90000000000146,281.710473831618
85,2022-05-02,-4467.799999999963,-5014.961033846492,-1930.199999999928,-1275.5017970693787
86,2022-05-03,-3019.5499999999083,-2676.008034980384,-2998.4999999999127,-2599.8639418446483
87,2022-05-04,-3294.0500000001593,-4306.857128939873,-2777.700000000161,-2937.596437510931
88,2022-05-05,-153.69999999995707,-111.99407945639923,8261.099999999657,8720.562520895353
89,2022-05-06,-2922.899999999794,-4853.960838792855,-2204.599999999784,-4616.461573787249
90,2022-05-09,-506.95000000001164,-1958.5649354624454,-410.7000000000189,-1091.1054430186846
91,2022-05-10,-2285.0499999999156,-1124.9371838944692,-2198.2999999999156,-1061.7264721648312
92,2022-05-11,-3847.5000000000146,-4611.610082417556,-2418.4000000000015,-2621.5092084380353
93,2022-05-12,-2981.549999999981,-3786.752808518288,-2942.299999999974,-2805.1951701808835
94,2022-05-13,-60.30000000000291,-43.93782037230377,3015.500000000058,2744.66378196071
95,2022-05-16,-2720.849999999955,-2504.9128070064444,-2534.099999999955,-1640.9025212683578
96,2022-05-17,-111.94999999999709,-383.7669365193999,1325.600000000064,-216.37488946133092
97,2022-05-18,-298.1499999999651,-217.24811184079934,10721.59999999994,10195.058792417769
98,2022-05-19,-1459.9999999998472,-1583.063011892767,-1220.5999999998494,-1198.7607385296697
99,2022-05-20,-1007.0999999999658,-367.2613483923288,1193.2000000000298,1732.26016673926
100,2022-05-23,-2982.4999999998618,-3865.8286276929157,-2982.4999999998618,-3779.2862429073853
101,2022-05-24,-1365.1500000000378,-994.721649771961,-418.300000000203,-279.6677208745436
102,2022-05-25,-2400.0999999999876,-1255.3222173835381,-2400.0999999999876,-921.2212160763959
103,2022-05-26,-1207.9999999999345,-880.21371492102,2263.5000000000946,3282.354995002904
104,2022-05-27,-218.75000000000728,-159.39300508194535,1242.5999999999804,1898.825736109505
105,2022-05-30,-370.299999999992,-269.82047900270226,-370.299999999992,-269.82047900270226
106,2022-05-31,-850.6999999999825,-1335.3657756910884,-439.1000000001586,-654.2581940142584
107,2022-06-01,-1710.3500000000276,-2585.5087094600544,-1448.9999999999745,-1828.5945852944717
108,2022-06-02,-1625.3500000000167,-1749.1534711041706,1165.7999999999993,2460.50559495855
109,2022-06-03,0.0,0.0,4014.299999999552,2772.6462175825304
110,2022-06-06,-845.8499999999549,-862.6133322637652,-801.4999999999563,-830.2975390048678
111,2022-06-07,-600.6499999999796,-487.5465701483173,756.500000000091,1780.8269524219531
112,2022-06-08,-1198.2999999999483,-1487.3004963785352,-836.9999999999418,-1426.8586688514629
113,2022-06-09,-2343.4499999999716,-2222.3895370091714,-863.3999999999724,-1479.6501696498383
114,2022-06-10,-2322.7999999999993,-1197.817305531219,-2279.600000000002,-855.4246330769457
115,2022-06-13,-1993.2500000000364,-2635.94663953768,-1956.4000000000378,-2609.0957493101632
116,2022-06-14,-3935.7999999999665,-3013.3247976738926,-3836.099999999966,-2824.342406144242
117,2022-06-15,-1080.6999999999498,-1653.0329940764314,-921.699999999928,-77.24516966731191
118,2022-06-16,-537.1499999999724,-391.39635510747286,1755.5000000001091,2037.8195194541245
119,2022-06-17,-1513.899999999936,-1738.906642923194,-901.3999999999069,-360.2706355551825
120,2022-06-20,-706.3999999999942,-514.7210001823155,-699.6999999999935,-509.83902014094815
121,2022-06-21,-420.29999999997744,-219.50768970951958,-319.1999999999789,-145.84079684650743
122,2022-06-22,-12.650000000001455,-9.21746977959668,1741.2000000000407,1748.6546676366247
123,2022-06-23,-1313.2499999998618,-1000.873460623264,-215.4999999997999,-982.8028479328267
124,2022-06-24,-27.649999999997817,-20.14727584235563,798.7999999999702,1766.1695412846452
125,2022-06-27,-1228.9000000000524,-1064.8888781637093,-1224.6000000000458,-428.5244614983497
126,2022-06-28,-1299.7999999999483,-2059.580039264137,443.00000000008004,964.2829158232851
127,2022-06-29,-2165.1999999999134,-1869.12100689659,-1706.3999999998887,-1711.185309289685
128,2022-06-30,-198.2999999999447,-2280.1842033161956,-105.59999999994398,-2212.6380018483287
129,2022-07-01,-1711.9000000000342,-1954.5146481234867,-642.4000000000051,-217.02878177244494
130,2022-07-04,-233.599999999984,-170.21351308406236,-167.8999999999869,-122.34096252916866
131,2022-07-05,-99.30000000004657,-251.5308426566599,746.0999999999513,1754.1769201631314
132,2022-07-06,-5327.399999999881,-3881.829921250325,-5306.799999999876,-3866.819654257461
133,2022-07-07,-245.25,-178.7023291261522,1102.6000000000458,1680.9149330344524
134,2022-07-08,-2642.7999999999265,-1473.228244119196,-2538.099999999926,-1376.8086687788636
135,2022-07-11,0.0,0.0,588.1000000000495,1068.3557074707105
136,2022-07-12,-325.5999999999858,-1286.685228215519,-96.69999999998436,-524.8798864101898
137,2022-07-13,-4808.849999999964,-3784.1987085230885,-3663.399999999883,-1901.8797418305696
138,2022-07-14,-301.54999999997017,-1140.701257784163,460.3000000000993,-752.798094908972
139,2022-07-15,-1163.6500000000142,-1045.2674853261951,-1052.3000000000138,-707.8913621576635
140,2022-07-18,-119.2500000000091,-86.89195819896136,1087.6000000000313,1262.137028355236
141,2022-07-19,-369.1499999999887,-268.98252720455486,4298.700000000083,3952.5490433483537
142,2022-07-20,-1176.4499999999207,-279.8030352066771,-991.6999999999025,-88.63978502501058
143,2022-07-21,-1725.5000000000036,-2072.246186901885,-1127.0999999999622,-1511.8844956677394
144,2022-07-22,-661.2500000000182,-1511.6495310723608,-145.29999999999745,-70.28790791724376
145,2022-07-25,-1185.5,-798.3233356880551,-1185.5,-647.970534412388
146,2022-07-26,-49.150000000003274,-35.81333119898458,405.5999999999931,950.0471952879973
147,2022-07-27,-202.59999999998035,-147.62524722101907,2312.500000000042,3304.8553127183854
148,2022-07-28,-1509.699999999968,-1343.6392922920986,4421.499999999933,1966.2980281224202
149,2022-07-29,-724.5999999999694,-1006.9158690038014,-724.5999999999694,-423.4442819640515
150,2022-08-01,-673.9999999999854,-466.43675657385523,-656.49999999996,-466.43675657385523
151,2022-08-02,-817.599999999944,-542.4681536555125,-294.49999999991996,-66.22571088988913
152,2022-08-03,-166.60000000000218,-121.39371267040714,5165.699999999884,5200.465220174774
153,2022-08-04,-947.4000000000015,-2099.642926130983,-807.0000000000036,-2013.649259492892
154,2022-08-05,-395.09999999992215,-144.74058405125618,-372.89999999992506,42.42781861988429
155,2022-08-08,-76.45000000000437,-672.7145847995887,125.50000000005821,-672.7145847995887
156,2022-08-09,-214.6999999999971,-275.60392616355415,-211.99999999998545,-76.531593133199
157,2022-08-10,-191.90000000000146,-139.82865222959782,795.1000000000531,-101.18451114662867
158,2022-08-11,-141.40000000001237,-215.22179400037118,649.5000000000473,1038.2739928915507
159,2022-08-12,-532.0499999999083,-544.6577266286712,2672.300000000105,1809.6514829236955
160,2022-08-15,-466.75,-443.03612764998616,-461.40000000000146,180.3989326663312
161,2022-08-16,-335.29999999995925,-1142.2116697357992,-305.59999999996217,-838.66218240934
162,2022-08-17,-126.75000000000728,-1331.45706797453,-4.599999999998545,-1071.0101046009363
163,2022-08-18,-1187.449999999917,-1840.4882005516497,-1034.6999999999207,-1715.9665962349186
164,2022-08-19,-42.64999999999782,-31.077081905117236,820.3000000000975,1109.9131895682283
165,2022-08-22,-112.75000000001091,-179.51510548335625,17.199999999967986,803.4764763388287
166,2022-08-23,-2025.9999999999454,-1835.6869476096738,-2025.9999999999454,-1794.420935674842
167,2022-08-24,-1202.899999999965,-963.2765223538017,-930.7999999999665,-683.9114306720065
168,2022-08-25,-88.55000000001746,-945.30426308529,185.69999999998618,-192.9392346726451
169,2022-08-26,-459.19999999995343,-501.546280157831,4160.200000000103,5805.780383281713
170,2022-08-29,-2038.9000000000524,-1952.2576274174482,-1781.8000000000538,-1670.7656341559264
171,2022-08-30,-175.45000000000437,-152.75237717051732,786.3000000000975,1626.4912948288509
172,2022-08-31,-2099.8499999998603,-1405.3617939546757,-1845.9999999998763,-881.3098939915634
173,2022-09-01,-1202.7499999999927,-1600.4120905806199,889.1000000000495,-840.8640734208439
174,2022-09-02,-1900.999999999949,-1964.5212096192176,2240.8999999999687,3119.1794713923127
175,2022-09-05,-696.4000000000051,-507.4344628071491,-674.7000000000044,-491.6226767030201
176,2022-09-06,-783.0999999999731,-570.6087418498878,157.1000000000713,636.9395872866252
177,2022-09-07,-465.649999999976,-467.7853930517746,2490.900000000074,2840.679945463967
178,2022-09-08,-2779.100000000024,-2017.2906321277922,-2779.100000000024,-2017.2906321277922
179,2022-09-09,-261.85000000002765,-285.3814837905337,-243.0000000000291,588.9404224825497
180,2022-09-12,-1230.1999999999061,-780.4905480712237,-1230.1999999999061,-632.1277332622894
181,2022-09-13,-488.2499999999891,-355.76518734288226,3758.8000000000648,4379.246326169841
182,2022-09-14,-2330.7999999999447,-1853.7342976230684,-1214.0999999999076,-1440.493843795426
183,2022-09-15,-666.5499999999338,-2286.6576405862797,1259.5999999997766,-104.3665853973445
184,2022-09-16,-896.9000000000015,-849.4620800159238,162.80000000001382,-512.0315666704489
185,2022-09-19,-1796.6500000001652,-1001.6094472391046,-1520.4000000001688,-281.69160267386167
186,2022-09-20,-815.7500000001346,-602.4355098522439,-101.70000000020445,-575.6574849984779
187,2022-09-21,-3248.949999999895,-4758.669925463338,142.5000000001055,-2671.31788165707
188,2022-09-22,-1805.7999999999192,-1259.8661123598379,-1730.0999999999185,-1204.707024429767
189,2022-09-23,-171.39999999998327,-124.89125061047707,395.50000000000364,650.7389737452932
190,2022-09-26,-3706.199999999757,-3091.971812706011,-3380.399999999725,-3039.5155482592886
191,2022-09-27,-1368.6499999999432,-1573.458605633831,-1275.599999999944,-1505.6573753578336
192,2022-09-28,-1444.1499999999542,-1214.3628454602122,1276.0000000000837,1308.6442502100508
193,2022-09-29,-316.94999999995343,-230.94680210611858,3154.7000000000044,3022.1419211942257
194,2022-09-30,-2242.5999999999694,-2203.2313613534393,-1100.9999999999636,-2044.6763080696398
195,2022-10-03,-483.50000000001455,-352.3040820896929,3555.600000000024,2646.9258221410314
196,2022-10-04,-57.64999999999054,-1.2022786669048386,-45.299999999991996,417.5731757331723
197,2022-10-05,-212.15000000006694,-1737.0384894198883,-74.60000000006767,-1312.5484139376886
198,2022-10-06,-2796.2999999999265,-2373.3186901959234,-1758.8999999999069,-1932.824566937621
199,2022-10-07,-1046.4000000000196,-594.867814319061,-1018.7000000000189,224.7136086156488
200,2022-10-10,-1402.6000000000095,-737.2085247304067,-1331.2000000000116,-685.1826478716631
201,2022-10-11,-1930.4999999999454,-1574.4420626474287,-1930.4999999999454,-1305.249769194074
202,2022-10-12,-2194.6999999999607,-2082.1103112331875,-2194.6999999999607,-2081.657724233764
203,2022-10-13,-3326.0499999999956,-2265.4219658941424,-835.799999999952,2304.7988623300166
204,2022-10-14,-2364.399999999936,-2007.44231832284,3416.2000000001062,4666.560649558333
205,2022-10-17,-171.40000000000146,-124.89125061049029,3018.700000000099,2416.902588349932
206,2022-10-18,-409.04999999996653,-332.04028466538296,-153.99999999995634,967.7456162868319
207,2022-10-19,-588.9500000000626,-242.4959638458116,621.6999999998807,99.62565735573261
208,2022-10-20,-1092.0999999999694,-1273.1150618659658,-984.1999999999716,-1071.9864592148438
209,2022-10-21,-1440.550000000021,-1282.927780717503,2672.500000000022,3377.9174038306874
210,2022-10-24,-1606.0500000000648,-2677.9677434457017,-1603.7000000000662,-2397.7668264968975
211,2022-10-25,-353.20000000001164,-257.3605000911683,-129.89999999997963,407.2768517391179
212,2022-10-26,-941.699999999968,-1322.469355819265,-760.1999999998952,-1309.2807231701952
213,2022-10-27,-2334.9999999999854,-1666.0167406025053,-1469.799999999981,-635.0648682746738
214,2022-10-28,-889.5999999999549,-648.2103648954819,3674.600000000086,4360.4389867222435
215,2022-10-31,-1219.6999999999825,-1226.1672466779983,-966.6999999999716,-784.8911539116154
216,2022-11-01,-35.59999999998763,-25.940073055611848,404.70000000009895,1402.718969774961
217,2022-11-02,-3403.199999999979,-2488.356333579468,-3403.199999999979,-1479.0184001918585
218,2022-11-03,-1514.5999999999767,-1005.2550506544584,-1491.899999999976,-970.991445004686
219,2022-11-04,-1932.2499999999309,-1078.8388841633061,-1313.3999999999214,-1072.725312503101
220,2022-11-07,-2434.099999999964,-2507.1558082041997,-2434.099999999964,-2322.1160061096143
221,2022-11-08,-542.1999999999971,-3317.9581219019096,132.2999999999829,-3046.987102127778
222,2022-11-09,-1182.1999999999207,-1122.554597966894,1281.7000000001135,1796.7460225096145
223,2022-11-10,-219.4000000000051,-159.86663001133007,8826.000000000113,6677.9428142384
224,2022-11-11,-1037.9999999999782,-1551.674713789912,-1037.9999999999782,-753.0328482104215
225,2022-11-14,-962.0499999999811,-1425.1124483765345,-726.5999999999694,-1412.43387334373
226,2022-11-15,-26.150000000001455,-19.054295236082122,1728.2000000001135,1159.6857699356576
227,2022-11-16,-313.70000000000437,-400.34232938883343,-248.89999999997235,-57.93945181337507
228,2022-11-17,-73.95000000000437,-53.883943889417885,261.6999999999898,736.6300400937068
229,2022-11-18,-219.54999999995925,-188.4660754416912,-173.6999999999607,300.54076397313884
230,2022-11-21,-283.699999999968,-206.71906533367445,-161.6999999999207,-117.82330935651225
231,2022-11-22,-701.9000000000269,-741.5868069404023,1107.9000000000124,-247.36689236484818
232,2022-11-23,-668.9999999999782,-86.76886306493114,-668.9999999999782,-86.76886306493114
233,2022-11-24,-21.450000000004366,-15.629622669752273,-21.10000000000582,-15.37459386162223
234,2022-11-25,-13.899999999965075,-10.128286951466974,226.90000000011787,165.33153304279307
235,2022-11-28,-1056.9499999999316,-1877.4200115458693,-1032.8999999999323,-1859.8958891585753
236,2022-11-29,-776.0499999999702,-534.4884388477234,-748.6999999999716,-185.92079170499596
237,2022-11-30,-1280.099999999995,-1239.16043899925,5367.90000000002,6593.349494121622
238,2022-12-01,-992.2499999999382,-1765.9124032806515,-850.1999999999243,-1445.09158896033
239,2022-12-02,-1382.1999999999935,-1015.3414872781315,-821.7000000000044,39.632588827158116
240,2022-12-05,-259.9000000000051,-788.0871321191237,372.20000000000437,-27.703722797108156
241,2022-12-06,-618.350000000024,-525.3840926566513,-270.6000000000313,1048.564573023388
242,2022-12-07,-2197.3000000000466,-2141.121385072174,-2188.600000000046,-1914.367112886677
243,2022-12-08,-848.3000000000284,-1372.2346002114657,-848.3000000000284,-1208.9744282309534
244,2022-12-09,-1145.7500000000073,-1146.4868339493569,-680.2999999999811,-1042.7360017601138
245,2022-12-12,-819.0000000000073,-596.7674110267889,1161.0999999999694,846.0398546314776
246,2022-12-13,-101.05000000001019,-310.53724146934996,2033.2000000000116,2969.305169601397
247,2022-12-14,-1912.7999999999738,-3710.0995999101756,-1867.0999999999767,-3437.478380828281
248,2022-12-15,-38.650000000001455,-28.16246695505012,1453.4000000000087,2090.5700107552793
249,2022-12-16,-667.1500000000306,-1244.2258657022414,-643.300000000032,-1226.8474740624515
250,2022-12-19,-760.2500000000182,-539.9152101955387,-749.9000000000196,3.9251576953356984
251,2022-12-20,-1079.5999999999221,-1656.6827467677922,-848.1999999999207,-1269.0518220055917
252,2022-12-21,-549.2999999999956,-400.24949801832673,108.9000000000051,361.21744054436283
253,2022-12-22,-99.25000000000364,-72.31888344860859,5902.399999999889,4788.063997651216
254,2022-12-23,-3023.2499999999636,-2942.8764030806256,-3022.899999999965,-2903.723593868194
255,2022-12-27,-27.299999999999272,-19.892247034225587,1646.9000000000015,1681.4096996801266
256,2022-12-28,-1087.550000000032,-1967.3848410535,-1079.2000000000335,-1672.1035540003716
257,2022-12-29,-60.80000000000291,-44.302147241062485,2957.6000000000968,2712.74428699846
258,2022-12-30,-612.1499999998014,-446.04538542115637,-404.89999999980137,-295.03189832066687
259,2023-01-03,-1078.7500000000218,-1106.3968588777118,1535.899999999776,887.7162881573695
260,2023-01-04,-3160.7499999999345,-2351.3181379003545,-3143.399999999936,-2338.675995554428
261,2023-01-05,-675.7000000000335,-624.3216726672745,-214.19999999998254,152.1968487981558
262,2023-01-06,-1599.9999999999563,-1981.4012315202726,2082.500000000113,586.3892898493244
263,2023-01-09,-90.10000000000218,-65.65170175032296,1617.600000000024,537.7443342299479
264,2023-01-10,-1272.1499999999287,-1524.7237655733193,-88.89999999990687,154.0053131321564
265,2023-01-11,-405.1000000000131,-345.05833177680626,-405.1000000000131,-120.40738341371699
266,2023-01-12,-2703.8000000000466,-2595.2180736422724,-2667.100000000046,-2431.7420678027693
267,2023-01-13,-461.7999999999629,-353.7894285811079,-404.8999999999651,343.3354666244559
268,2023-01-16,-283.5499999999847,-206.60976727305905,-194.4999999999709,-141.72315194712093
269,2023-01-17,-800.9500000000517,-878.4164009494839,-797.1000000000531,-819.7560651027311
270,2023-01-18,-454.50000000001455,-331.1731237016872,573.6999999999935,1289.6616532957357
271,2023-01-19,-1151.9499999999643,-1791.1316905188878,-827.6999999999643,-1554.8657161288577
272,2023-01-20,-405.8000000000029,-740.6838521181954,1937.4000000000233,1976.8949276151516
273,2023-01-23,-396.79999999998836,-97.96749500922303,-391.09999999999127,907.9469359612275
274,2023-01-24,-1248.1499999999796,-915.1496942731757,-1245.5999999999804,-913.2916272425068
275,2023-01-25,0.0,0.0,1443.100000000035,399.04540727666074
276,2023-01-26,-518.9000000000196,-1192.7687767740565,-435.20000000002256,-1192.7687767740565
277,2023-01-27,-219.05000000000655,-187.4861115402909,67.89999999997963,882.9645260823272
278,2023-01-30,-116.25000000000728,-657.5764320953222,108.50000000000364,-48.201412883608896
279,2023-01-31,-243.70000000001164,-177.57291583300866,2519.4999999998436,2573.971862037291
280,2023-02-01,-1182.1000000000276,-1602.349708991175,-776.3000000000284,-626.8956627248906
281,2023-02-02,-505.5999999999549,-400.85312961986926,208.60000000003856,763.957103745739
282,2023-02-03,-2784.0500000000466,-2307.9994507701867,-2769.200000000048,-2007.330587318441
283,2023-02-06,-916.0000000000146,-1109.0377504852252,-916.0000000000146,-966.5432536419952
284,2023-02-07,-574.6500000000015,-1201.497957717188,2962.899999999976,3098.0468195779904
285,2023-02-08,-514.0000000000036,-422.59399231916274,-139.4999999999709,319.5924038305235
286,2023-02-09,-989.2499999999018,-191.1798379932886,-839.6999999999025,808.4701904820074
287,2023-02-10,-1471.5500000000065,-1563.8231552288855,-1458.200000000008,-1341.0801972439815
288,2023-02-13,-326.95000000001164,-721.7680641083383,1235.6999999999607,661.6390386976381
289,2023-02-14,-390.0499999999811,-284.2113903186637,-367.59999999991123,297.1602764625927
290,2023-02-15,-669.7499999999491,-448.8723673041947,-530.6999999999534,294.216131696126
291,2023-02-16,-44.650000000001455,-32.534389380154764,1282.5000000000873,460.81952881047044
292,2023-02-17,-1607.2000000000335,-1171.0166593020142,-1199.3000000000284,-1118.6889162979319
293,2023-02-20,-209.200000000008,-152.4343618886543,-209.200000000008,-152.4343618886543
294,2023-02-21,-49.84999999997672,-602.6078956996291,662.3000000000648,-278.45131334246315
295,2023-02-22,-2050.699999999906,-1625.484791378461,-1350.0999999999221,-1127.3414150070862
296,2023-02-23,-388.75000000001455,-343.6825984263554,-140.3999999999869,-49.30033688119438
297,2023-02-24,-49.650000000001455,-262.11714044294354,783.3000000000793,-216.6916419485113
298,2023-02-27,-204.05000000000655,-237.85891437496224,553.0000000000182,-208.63884490260182
299,2023-02-28,-1062.4000000000087,-865.0806592069463,-1009.0000000000036,-742.3592324373235
300,2023-03-01,-2239.9999999999964,-1254.9439778901685,-2087.999999999982,-1154.4713449049807
301,2023-03-02,-199.54999999999563,-209.2096580510975,1001.4000000000306,1681.9962288604052
302,2023-03-03,-112.10000000000582,-184.7649172705327,398.9999999999818,1022.9932936659551
303,2023-03-06,-248.14999999998327,-360.7746286585199,397.0000000000473,-326.71006642957957
304,2023-03-07,-2675.699999999968,-2282.9662711426063,-2626.9999999999673,-2078.110699148197
305,2023-03-08,-1349.7000000000226,-1324.6168702679095,-1111.500000000011,-1198.4869083036415
306,2023-03-09,-595.849999999984,-906.9785672917883,594.8000000000429,599.5587979563626
307,2023-03-10,-3417.6000000000313,-2221.8764045234475,-3408.400000000034,-1752.7500260493848
308,2023-03-13,-1336.049999999981,-1405.308146392597,-710.49999999992,-325.1454947794556
309,2023-03-14,-256.1000000000058,-186.60822217822067,432.6999999999789,717.4560390494275
310,2023-03-15,-899.599999999944,-622.1657701186132,-899.599999999944,-96.35182986241372
311,2023-03-16,-298.90000000000873,-160.75960214717023,-298.90000000000873,1676.3928074619785
312,2023-03-17,-382.49999999992724,-1555.6144340790802,-347.29999999993015,-1272.3061172310533
313,2023-03-20,-1161.0,-1402.4634207868173,-922.2999999999993,-1321.7657706391717
314,2023-03-21,-269.10000000001673,-569.7353081764455,-138.40000000001965,317.45976395890517
315,2023-03-22,-399.80000000000655,-423.7743810845594,1386.500000000029,-42.896881601051106
316,2023-03-23,-28.150000000001455,-20.511602711117,2506.8999999999214,1589.182963146299
317,2023-03-24,-1094.9499999999389,-1337.2500814281148,-916.8999999999396,-1128.5777860625724
318,2023-03-27,-706.2999999999774,-712.7038661510651,-553.6999999999643,-156.79843372889613
319,2023-03-28,-387.4000000000233,-140.04724835086049,110.79999999999927,82.3896997832646
320,2023-03-29,-54.60000000000218,-39.784494068453824,591.3000000000393,430.852954994091
321,2023-03-30,-341.49999999999636,-248.83525136220317,-341.49999999999636,-248.83525136220317
322,2023-03-31,-258.30000000001746,-194.07957836646747,220.8999999999687,1210.109233162118
323,2023-04-03,-317.8999999998814,-262.22569279153896,-317.8999999998814,-24.593028690726992
324,2023-04-04,-403.8999999999505,-1397.1714497858363,-250.7999999998683,-771.9489543978335
325,2023-04-05,-231.85000000000218,-168.9383690434201,328.700000000008,673.9517991590084
326,2023-04-06,-383.95000000004075,-950.0341439266485,1525.7999999999956,1346.8881636820895
327,2023-04-07,-133.59999999999854,-97.34813933232894,-67.89999999999782,-49.4755887774326
328,2023-04-10,-2.150000000005093,-193.97421024403968,599.300000000072,1.3351482905284522
329,2023-04-11,-149.39999999997963,-108.86086838509073,254.20000000009168,549.2472801255692
330,2023-04-12,-3003.6000000001295,-1583.8844068285453,-3003.6000000001295,-1309.6159644683623
331,2023-04-13,-317.6499999999505,-231.4568597223788,3222.7000000000407,3218.3983244880433
332,2023-04-14,-459.59999999993306,-652.4076569174642,-343.89999999993233,-389.7687858427674
333,2023-04-17,-438.2499999999527,-1650.9276537037397,-414.39999999995416,-1605.8122043551464
334,2023-04-18,-105.89999999992142,0.0,-102.19999999992069,131.11050300033023
335,2023-04-19,-159.19999999997162,-173.31358257837132,181.10000000004948,473.97649954162256
336,2023-04-20,-22.799999999991996,-16.613305215391808,583.9000000000196,292.14446979158305
337,2023-04-21,-813.3000000000102,-985.847902659998,-760.6000000000095,-983.8805375687003
338,2023-04-24,-356.8999999999869,-1095.6054562547629,-356.8999999999869,-1062.1734283802055
339,2023-04-25,-71.89999999996871,-52.390203727481165,779.6000000000495,1300.3189061651422
340,2023-04-26,-989.5999999999221,-979.0119326366795,-961.8999999999214,-653.7577002174279
341,2023-04-27,-193.05000000000655,-140.66660402774662,2839.1000000000568,2836.191186376541
342,2023-04-28,-701.4999999999673,-1206.0577849656836,-396.09999999996217,-487.7669839147613
343,2023-05-01,-358.5999999999585,-261.2952302737238,-249.69999999995343,-181.94483825807086
344,2023-05-02,-652.4499999999935,-352.18405563069615,-646.5999999999949,-221.55620696143657
345,2023-05-03,-1256.6499999999578,-1582.1063137656272,-870.1999999999571,-1355.5020198194525
346,2023-05-04,-1906.7499999998727,-1368.633614956415,-1827.4999999998727,-1310.8878062581578
347,2023-05-05,-226.89999999999418,-165.33153304270292,2491.000000000051,2740.99140542073
348,2023-05-08,-199.00000000001455,-565.0959295481408,-191.0000000000291,-543.8990173245377
349,2023-05-09,-152.3000000000102,-380.0392387994489,-109.60000000000946,-355.48360784511067
350,2023-05-10,-773.4500000000371,-2030.4627931403797,-107.20000000000073,-2010.9713056617882
351,2023-05-11,-611.8000000000175,-842.682731111142,-611.8000000000175,-841.7140331233117
352,2023-05-12,-259.9499999999971,-137.6062583301728,-108.39999999993597,205.81514236471804
353,2023-05-15,-178.94999999998254,-516.6109348544586,-134.29999999995925,-502.5843504072479
354,2023-05-16,-475.6499999999942,-246.6349586582876,-454.09999999998763,-230.93247061478198
355,2023-05-17,-538.6500000000124,-573.7672296753761,456.10000000001673,186.00659288892416
356,2023-05-18,-77.90000000000873,-56.762126152614954,407.30000000000655,1499.9736364351324
357,2023-05-19,-279.4499999999425,-775.0532596191201,22.100000000111322,-590.8920895013583
358,2023-05-22,-700.0499999999083,-512.96330869418,-411.89999999989595,-229.52487272000053
359,2023-05-23,-0.2999999999992724,-114.15677242151524,767.5000000000509,126.82886592379849
360,2023-05-24,-900.3000000000284,-1149.6013622511525,3126.1000000000167,1559.351070404327
361,2023-05-25,-1041.1999999999753,-1502.483573656148,-1041.1999999999753,-1260.2276713959461
362,2023-05-26,-268.0,-195.27920165467398,157.79999999998836,1764.1666943180394
363,2023-05-29,-173.6999999999971,-126.56715420677725,-173.6999999999971,-126.56715420677725
364,2023-05-30,-312.09999999993306,-296.8061578121658,-312.09999999993306,157.1497814493898
365,2023-05-31,-403.64999999997235,-1235.0856070040948,-262.89999999989595,-866.0440612994327
366,2023-06-01,-1302.3499999999294,-1403.2319138722637,1418.100000000064,1043.9489939633243
367,2023-06-02,-711.24999999996,-1922.3065583388566,-677.8999999999614,-1843.291928425205
368,2023-06-05,-451.699999999968,-402.1881827915975,-366.99999999996726,-352.3187459966815
369,2023-06-06,-1049.7500000000036,-1231.8875022655527,-975.7000000000044,-1202.2312951485924
370,2023-06-07,-161.10000000000582,-773.111278165621,863.1000000000495,828.7994240350959
371,2023-06-08,-499.79999999994106,-364.1811380111737,3575.999999999982,3302.7163099646373
372,2023-06-09,-352.64999999990687,-702.0754035804702,-285.3999999998887,-681.6366662431066
373,2023-06-12,-235.79999999994106,-171.8165513065694,2734.300000000112,2385.723004371109
374,2023-06-13,-519.5999999998858,-770.1309200498295,-519.5999999998858,-770.1309200498295
375,2023-06-14,-575.4499999999316,-2636.9646257658414,-516.0999999999331,-2593.7190264441824
376,2023-06-15,-345.09999999993306,-75.41566183301799,-328.3999999999214,902.2857431037097
377,2023-06-16,-333.0499999999374,-333.10299284048904,-117.89999999991778,634.6155408118549
378,2023-06-19,-44.64999999999782,-32.53438938015211,-43.79999999999927,-31.91503370326335
379,2023-06-20,-939.9499999999825,-1508.1612393983662,-258.20000000005166,-1386.3667671723172
380,2023-06-21,-172.4000000000051,-125.61990434801041,-15.29999999993015,555.3320676813992
381,2023-06-22,-85.40000000001237,-62.22702918399842,1866.600000000024,2385.781417131793
382,2023-06-23,-65.44999999998981,-1486.7029187731387,428.8000000001375,-1422.5449571847287
383,2023-06-26,-1065.1499999999687,-1392.9251734630152,-821.3999999999542,-847.5441211894085
384,2023-06-27,-797.2999999999229,-893.4435565963449,2590.300000000003,2728.2561110534652
385,2023-06-28,-769.0999999998785,-359.229913024298,-769.0999999998785,-359.229913024298
386,2023-06-29,-770.9499999999134,-1013.7811433113478,-756.0999999999149,-841.2290440643276
387,2023-06-30,-40.150000000001455,-29.255447561326285,1649.600000000035,1472.117618006096
388,2023-07-03,-309.6999999999971,-225.66406250914912,-303.0,-220.7820824677844
389,2023-07-04,-111.04999999995198,-80.91699755127675,-89.69999999995343,-65.36024025528046
390,2023-07-05,-98.4499999999316,-71.73596045854214,-37.79999999987194,136.95757793655923
391,2023-07-06,-23.649999999986903,-17.23266089227792,714.200000000048,43.791450796428464
392,2023-07-07,-919.2499999998981,-797.586502047221,-223.09999999988213,-693.4576385613815
393,2023-07-10,-1617.1000000000568,-1670.272144542973,-780.9000000000378,-1324.1760693620033
394,2023-07-11,-659.9999999999127,-1424.0557935734917,-659.9999999999127,-1359.3165097758426
395,2023-07-12,-171.39999999990687,-1475.1611825571429,-171.39999999990687,-1317.2513047899934
396,2023-07-13,-9.650000000001455,-112.98264522506204,252.20000000001164,803.06180415861
397,2023-07-14,-313.4500000000189,-266.27652568936276,337.0000000000473,-207.58346713233345
398,2023-07-17,-494.9999999998945,-614.4883520877597,1090.2999999999702,1311.0509371721223
399,2023-07-18,-168.4999999999418,-650.0590849709617,596.5000000000582,499.56902440175526
400,2023-07-19,-1034.1499999998996,-650.6539120788569,-1001.799999999901,-627.0819636701689
401,2023-07-20,-558.4499999999607,-882.050319584597,-369.8999999999651,248.72561531553615
402,2023-07-21,-1114.299999999941,-618.023599747502,-1096.599999999933,-176.8121980220206
403,2023-07-24,-1607.1999999999753,-2038.7595575563694,-1449.3999999999432,-1938.9170086464103
404,2023-07-25,-244.64999999997963,-310.98824502323725,932.300000000123,909.843145816397
405,2023-07-26,-526.249999999829,-463.5178798938422,-472.19999999982247,-383.49365494920295
406,2023-07-27,0.0,-41.4671911784502,2315.6000000000786,2365.436891984094
407,2023-07-28,-518.5500000000065,-377.8433955896734,2299.8999999999614,2054.525025879162
408,2023-07-31,-590.2999999999811,-1191.9415533742433,-590.2999999999811,-1010.7122075114369
409,2023-08-01,-415.79999999993015,-760.8637320222996,-415.79999999993015,-693.0295826041257
410,2023-08-02,-198.74999999999272,-144.81993033158594,1249.4000000001324,1789.3483811935018
411,2023-08-03,-1463.2499999999854,-746.1914661165964,-1406.4999999999854,-704.8403665124818
412,2023-08-04,-810.2999999999884,-3032.341910188822,-205.39999999997963,-2585.7333682451235
413,2023-08-07,-1141.949999999968,-887.8351562322035,-2.8999999999432475,-574.0863113200154
414,2023-08-08,-12.799999999995634,-9.326767840220068,704.1000000000786,485.35837242389835
415,2023-08-09,-65.10000000000582,-47.43535831238962,514.2000000000626,1165.6173838850652
416,2023-08-10,-50.09999999999127,-669.8813388744999,282.0000000001455,-609.8402709030511
417,2023-08-11,-775.9999999998981,-985.736798718964,-701.299999999901,-956.8092453395237
418,2023-08-14,-996.449999999968,-819.0155097204106,598.9000000001106,1222.9331169785492
419,2023-08-15,-51.90000000015425,-198.11499917226328,1610.8999999995722,1366.163505318253
420,2023-08-16,-1395.5499999999593,-847.7889386818904,-1310.1999999999607,-314.84768245865365
421,2023-08-17,-1119.4000000000087,-239.5866652235161,-1119.4000000000087,190.94932351615364
422,2023-08-18,-849.0499999999665,-621.4722776056744,-294.299999999952,284.5520183084188
423,2023-08-21,-834.2999999999665,-514.7555201052598,-538.5999999999694,386.7540930952726
424,2023-08-22,-317.8000000001266,-100.84567727239887,6.599999999823922,559.5529486014434
425,2023-08-23,-494.699999999968,-360.4650039498544,3693.800000000105,3434.031184478489
426,2023-08-24,-147.24999999998545,-107.29426284943247,4261.200000000055,5288.141375726238
427,2023-08-25,-597.4500000000407,-1530.7809391740075,1137.199999999997,-1232.2460827989673
428,2023-08-28,-1288.75,-1173.3177581801237,-1259.4000000000015,-1070.0549979628686
429,2023-08-29,-422.24999999994907,-344.24693376550084,136.60000000004948,1877.8222303282078
430,2023-08-30,-514.9999999999127,-375.2566748214181,-514.9999999999127,-375.2566748214181
431,2023-08-31,-440.8999999998996,-268.26078500512153,-399.1999999999025,-237.8759241506464
432,2023-09-01,-132.40000000000146,-96.47375484731013,144.80000000005384,532.6169793724544
433,2023-09-04,-221.99999999998545,-161.76112972886114,-195.29999999998836,-142.3060749371476
434,2023-09-05,-534.9999999999709,-389.82974957180926,-534.9999999999709,-389.82974957180926
435,2023-09-06,-30.44999999997526,-227.6177231725966,232.7000000000553,655.3488225572805
436,2023-09-07,-580.0999999999258,-422.692033133813,-382.49999999991996,-278.71005460036264
437,2023-09-08,-1931.5000000001455,-1671.2812162968255,-1829.4000000001397,-1596.8856696962905
438,2023-09-11,-254.90000000000146,-295.32463127814464,412.90000000003056,-212.42890760324036
439,2023-09-12,-118.54999999996653,-86.38190058266815,418.5000000000873,304.94158915111234
440,2023-09-13,-1408.7499999999782,-1608.9215108238188,-620.9999999999491,-469.9111387204992
441,2023-09-14,-725.6999999999607,-1475.9374249142616,-559.5999999998821,-1421.1309877402666
442,2023-09-15,-114.25000000000728,-83.24868951137285,1633.1000000000422,2265.52147212997
443,2023-09-18,-950.3499999999331,-805.4412002894528,-638.3999999999214,-470.85307782187425
444,2023-09-19,-384.94999999995343,-280.4952562573047,341.3999999998341,-198.50907272170787
445,2023-09-20,-753.400000000096,-839.4494651480645,2887.599999999882,3047.5804316171366
446,2023-09-21,-1325.200000000019,-1354.2915581520954,-1325.200000000019,-1019.5183017910765
447,2023-09-22,-1010.4999999999636,-2009.8066149687756,-1010.4999999999636,-1933.065894415197
448,2023-09-25,-1360.9499999999025,-1165.0698445542953,-39.399999999877764,389.5964839732351
449,2023-09-26,-394.4000000002052,-287.38103407702783,2245.4999999994543,2064.76696526633
450,2023-09-27,-1013.8499999999622,-1526.3794925029115,-34.59999999989668,-793.5855004754693
451,2023-09-28,-2877.899999999856,-1693.2065740609796,-2857.199999999859,-1343.7806884725132
452,2023-09-29,-281.04999999998836,-1232.6666026277376,-53.39999999997235,-571.084392621257
453,2023-10-02,-2177.149999999856,-1520.489292679223,-2151.1999999998443,-1204.923499590261
454,2023-10-03,-893.7499999999418,-736.4925010143043,1857.9999999998763,1590.4140147767225
455,2023-10-04,0.0,-104.48734827641073,1891.4000000001397,2110.4361315370975
456,2023-10-05,-556.7000000000116,-474.16228340425357,-556.7000000000116,-326.23145696405373
457,2023-10-06,-2337.2999999999665,-1651.0261245260065,-1255.199999999968,1096.947597588165
458,2023-10-09,-1768.4000000002416,-1487.3366139852494,-1744.2000000002445,-987.3959347830549
459,2023-10-10,-388.59999999999127,-396.24880533248415,-59.19999999999709,5.465108130936233
460,2023-10-11,-654.7500000000073,-1086.0945022354233,297.40000000000146,246.2309975411156
461,2023-10-12,-385.49999999994907,-1377.412069901986,192.50000000008004,-1270.6890539298893
462,2023-10-13,-434.44999999997526,-351.77352405865497,256.3000000000975,1188.957031744695
463,2023-10-16,-675.1499999999651,-583.8315737710988,328.7000000000553,641.6760503476694
464,2023-10-17,-62.14999999999418,-188.73767535033136,583.4000000000669,105.64883368665603
465,2023-10-18,-1464.4499999998225,-2136.4727694693115,-1003.3999999997686,-2136.2177406611813
466,2023-10-19,-3427.3999999999432,-2337.4761554017887,-2301.699999999939,-837.7850523732359
467,2023-10-20,-832.4999999999854,-294.5218407045578,-832.4999999999854,300.23867539295213
468,2023-10-23,-747.6999999999971,-788.4013274435745,1124.0000000000655,740.1600807824565
469,2023-10-24,-1222.6999999999316,-1395.3529934738278,-890.1999999999098,-460.6735960605173
470,2023-10-25,-108.95000000001164,-79.38682470253349,3910.7999999996828,3894.3674207532345
471,2023-10-26,-1907.6499999998996,-365.8070311847764,-1855.599999999904,-327.8806041469968
472,2023-10-27,-233.04999999995925,-750.5884459582221,-220.6999999999607,-741.5895722998829
473,2023-10-30,-462.94999999997526,-755.5417974761774,-354.299999999952,-187.5544174390367
474,2023-10-31,-1522.1499999999505,-1895.5340635800678,-1464.099999999955,-1895.5340635800678
475,2023-11-01,-581.9999999999782,-226.2469854991546,-150.599999999984,1042.1099340742476
476,2023-11-02,-674.2999999999593,-491.3312152079802,-674.2999999999593,-491.3312152079802
477,2023-11-03,-271.34999999999127,-197.72019167535103,72.90000000000146,540.3770347933804
478,2023-11-06,-245.39999999999418,-737.1761115300886,-67.59999999998399,-220.71750697810955
479,2023-11-07,-423.0499999999156,-735.9615123516883,-415.69999999991705,-716.2422029182745
480,2023-11-08,-316.99999999995634,-750.1415885829147,-316.99999999995634,-750.1415885829147
481,2023-11-09,-830.2499999999782,-725.2652838707713,-458.4999999999709,-27.280338768772324
482,2023-11-10,-309.79999999998836,-225.7369278828945,6122.499999999964,5701.052464380431
483,2023-11-13,-452.99999999994907,-830.636788648627,-452.99999999994907,-651.1827655427677
484,2023-11-14,-18.30000000000291,-13.334363396571282,640.9999999999709,586.0882707290754
485,2023-11-15,-230.29999999998108,-531.6446696239109,153.60000000007858,229.47535957173156
486,2023-11-16,-1397.8999999999432,-1815.021437345031,-739.6999999999243,-1599.3080695928263
487,2023-11-17,-515.9499999999898,-375.9488958721158,-470.59999999999127,-342.904448875701
488,2023-11-20,-136.54999999996653,-99.49766785798205,1487.100000000064,1691.1396686875269
489,2023-11-21,-39.749999999992724,-28.96398606631294,244.2000000000844,153.18467752248398
490,2023-11-22,-144.54999999998108,-550.7409195982617,484.30000000001746,-428.6907915005668
491,2023-11-23,-91.59999999999127,-66.74468235659116,-62.89999999999418,-45.832320089842746
492,2023-11-24,-182.49999999991996,-235.13454144928536,-112.59999999990396,-152.2784402579379
493,2023-11-27,-435.44999999997526,-443.4611062645881,-310.39999999993597,-400.5687934301611
494,2023-11-28,-993.5500000000975,-818.1357075945048,-590.3000000000538,-186.40131950495186
495,2023-11-29,-21.30000000000291,-322.68664548472077,676.5000000000582,616.5445030601928
496,2023-11-30,-465.3999999999869,-179.2488194292956,-281.1000000000422,-81.40210216148773
497,2023-12-01,-776.9499999998734,-1301.673194483654,-769.5999999998749,-1101.748676379733
498,2023-12-04,-100.59999999996944,-73.30256599423222,1042.4000000000815,539.674518449237
499,2023-12-05,-1136.6499999998123,-531.6864273060913,-1097.2999999998137,-503.0139027347811
500,2023-12-06,-202.34999999996944,-91.04528450280738,273.3000000000684,1141.193886134002
501,2023-12-07,-78.30000000000291,-281.68415177135716,2562.699999999655,1213.5668384843905
502,2023-12-08,-1069.7999999999302,-519.7441428285294,-1053.099999999933,-167.12195281140316
503,2023-12-11,-292.4499999999607,-203.07399076575726,-243.39999999996508,387.65907066222377
504,2023-12-12,-497.39999999990687,-1110.4078555246736,-497.39999999990687,-605.5919922680235
505,2023-12-13,-620.4499999999025,-359.2611275994006,-598.099999999904,201.0924850447092
506,2023-12-14,0.0,-991.7916289240829,552.900000000096,-145.43950597007412
507,2023-12-15,-141.0500000000102,-222.0246137790008,-119.70000000001164,0.9927032796282906
508,2023-12-18,-233.8500000000131,-247.73483346745118,160.4999999999709,414.95384780592434
509,2023-12-19,-313.2499999999636,-228.2507832773116,55.200000000040745,40.22168631099244
510,2023-12-20,-68.49999999993452,-392.1885216931164,1247.8000000001484,261.1405708138611
511,2023-12-21,-19.80000000000291,-14.427344002847441,1201.9000000000233,399.155878583666
512,2023-12-22,-444.89999999991414,-693.1415360434303,-338.19999999991705,-642.3543705384669
513,2023-12-26,-149.64999999997963,-109.04303181947009,742.9000000000669,752.7640945420142
514,2023-12-27,-538.4000000000306,-629.9411220806148,-489.0000000000364,-476.4244097680849
515,2023-12-28,-96.34999999994034,-86.43330915971868,-14.099999999925785,259.85639489835944
516,2023-12-29,-388.5999999999549,-283.1548423992444,-56.599999999962165,101.2526952997747
517,2024-01-02,-198.35000000000582,-144.5284688365885,855.6000000000931,1374.7686236050422
518,2024-01-03,-207.3999999998632,-819.9232470763933,175.9000000001397,-81.24660249469771
519,2024-01-04,-1122.400000000016,-1064.1225233742578,-1122.400000000016,-1064.1225233742578
520,2024-01-05,-438.9500000000189,-319.84255808329414,406.6999999999898,161.5599480120447
521,2024-01-08,-277.65000000000873,-202.3107102217236,4589.400000000023,4777.607912260727
522,2024-01-09,-453.6499999998923,-58.08889253746911,-444.79999999989377,427.2273033373684
523,2024-01-10,-412.99999999998545,-401.41470269677893,-252.5,209.3800211539366
524,2024-01-11,-719.5999999999403,-1248.8887121070727,-18.699999999895226,-739.4546007975854
525,2024-01-12,-589.6999999999462,-1110.9803707671501,-522.9999999999491,-986.6141623307328
526,2024-01-15,-375.4499999999971,-273.5730457509208,-357.09999999999854,-260.20224966747685
527,2024-01-16,-294.49999999998545,-911.1596119612796,132.10000000002765,-553.2854836258568
528,2024-01-17,-44.199999999967986,-481.3960313832223,285.0000000000655,-472.87078265427033
529,2024-01-18,-524.8999999999069,-380.75492762663464,-524.8999999999069,-22.848085248545633
530,2024-01-19,-191.89999999996508,-339.35146306351095,-191.89999999996508,897.5843343835628
531,2024-01-22,-451.44999999991705,-1412.9346877911385,-257.7999999998865,-965.0234916379152
532,2024-01-23,-1113.3000000000175,-1271.3972097258923,-435.4999999999709,-925.9789054557316
533,2024-01-24,-292.99999999994907,-1265.6105702951113,294.10000000012224,-1265.6105702951113
534,2024-01-25,-785.1000000001368,-269.3897676668164,-785.1000000001368,-122.9519387737615
535,2024-01-26,-1215.8999999999214,-2101.400088771422,-1215.8999999999214,-2060.7251797298577
536,2024-01-29,-824.6000000000495,-861.9880214307514,1428.499999999971,1759.9386010173175
537,2024-01-30,-116.24999999997817,-84.70599698638651,1352.7000000000917,1085.5991023317868
538,2024-01-31,-2986.850000000115,-1699.2290164447927,-2957.0000000001164,-1533.866690791026
539,2024-02-01,-1289.8499999999622,-1344.7679629704307,4006.2999999998137,3381.5232945900993
540,2024-02-02,-919.3499999998894,-417.36670059418947,-841.7999999998865,539.9315501936943
541,2024-02-05,-687.1999999999462,-780.7552451094205,-627.4999999999491,-737.2546169796314
542,2024-02-06,-246.39999999992142,-146.7898439179861,-246.39999999992142,193.28569607288958
543,2024-02-07,-210.650000000016,-402.7088650198822,47.39999999997963,-182.21400522293163
544,2024-02-08,-370.1999999999971,-545.4660417269218,-370.1999999999971,-433.87273049377046
545,2024-02-09,-80.15000000000146,-492.4693403492263,-1.5,226.6799129145802
546,2024-02-12,-180.69999999998254,-937.1995317119214,334.50000000004366,-605.3287779862633
547,2024-02-13,-1173.3000000000247,-1321.5076558207816,44.59999999990396,194.06448692498097
548,2024-02-14,-648.3999999999069,-2408.6284397388195,-648.3999999999069,-2389.3686201753785
549,2024-02-15,-484.39999999990687,-648.2231073709139,-484.39999999990687,-580.1694054495126
550,2024-02-16,-48.3999999999578,-35.26684089581337,1573.5000000001237,1944.8156854944643
551,2024-02-19,-352.94999999995343,-257.1783366567466,-198.79999999993743,-144.85636301842152
552,2024-02-20,-114.3999999999287,-23.899842590558254,-94.29999999993015,145.66934447526728
553,2024-02-21,-201.99999999989814,-581.2557982656551,-201.99999999989814,-581.2557982656551
554,2024-02-22,-250.6999999999607,-715.3330760755072,-241.99999999996362,145.331776492926
555,2024-02-23,-219.20000000001164,-882.9532806012735,104.20000000004075,-428.3740532514037
556,2024-02-26,-1266.5500000000466,-1051.7916003233343,-1262.5000000000437,-1048.8405526863864
557,2024-02-27,-1837.8499999999185,-1405.3085825945782,-1693.3999999999141,-1386.290720045374
558,2024-02-28,-273.2499999998763,-879.9791840544534,112.50000000013097,-394.45171689284825
559,2024-02-29,-571.049999999952,-624.3469556160069,1163.9999999998254,-323.66799082943413
560,2024-03-01,-120.49999999998545,-227.17532705631223,442.3000000000029,1531.3448352139446
561,2024-03-04,-630.1500000000015,-459.161152696616,-465.39999999997235,-350.66429919709833
562,2024-03-05,-1000.4999999999636,-439.8882613392394,225.8000000000029,1071.3729258076507
563,2024-03-06,-515.8999999999069,-882.2422550353567,-307.09999999988213,-82.74214543971188
564,2024-03-07,-30.09999999999127,-21.932477499268582,3402.8999999998487,1935.8126706036392
565,2024-03-08,-552.6999999999607,-947.789336848473,-436.1999999998807,94.78614913551505
566,2024-03-11,-712.3999999999651,-780.8236405565247,-596.9999999999709,-597.6643186712764
567,2024-03-12,-912.1999999999534,-1209.3440516189894,732.3000000000684,180.40254690020478
568,2024-03-13,-219.79999999993743,-155.5204118746929,-219.79999999993743,214.1349649822637
569,2024-03-14,-2180.8999999999432,-1263.7984991469093,-2091.7999999999447,-1151.3719111418159
570,2024-03-15,-304.19999999998254,-237.1869855422493,182.40000000010332,442.6480005890612
571,2024-03-18,-90.45000000000437,-65.90673055845565,1608.6000000000422,556.1268019465474
572,2024-03-19,-1005.5999999999913,-915.7039282775368,1284.1999999999243,438.77275447622105
573,2024-03-20,-831.6999999999243,-1647.947717551983,-831.6999999999243,-1380.2637126163454
574,2024-03-21,-269.549999999952,-201.50632196451465,-22.09999999993306,-2.7117460013454586
575,2024-03-22,-1106.700000000048,-806.4010913105861,-1050.6000000000495,-765.5236166358587
576,2024-03-25,-178.0999999999476,-791.0505089351569,-178.0999999999476,-791.0505089351569
577,2024-03-26,-213.650000000016,-155.67687102061274,76.59999999999854,164.5665448342698
578,2024-03-27,-452.19999999994616,-175.9698776104459,61.90000000008149,158.25657336710205
579,2024-03-28,-346.6499999999505,-252.58781811038457,-268.5999999999476,-195.71639389714628
580,2024-04-01,-490.8499999999185,-1498.6719590400362,-483.99999999991996,-1493.6806809380428
581,2024-04-02,-164.24999999997817,-138.62318686317616,807.5000000001091,-40.80142260145982
582,2024-04-03,-1071.9499999999243,-276.2172427062942,-1047.3999999999214,-258.3287934502389
583,2024-04-04,-302.3500000000058,-220.30845753840228,1771.8000000000175,3594.5312798472314
584,2024-04-05,-819.2499999999854,-596.9495744611523,1850.4999999997672,2085.0354321466416
585,2024-04-08,-1202.250000000029,-1116.583142196383,-1164.4000000000306,-946.5509517159688
586,2024-04-09,-1174.1999999999898,-639.893726504227,-297.2999999999811,-206.17141354903228
587,2024-04-10,-1125.0499999998865,-878.5497043017936,-1082.699999999888,-622.9456329039998
588,2024-04-11,-769.6999999999971,-955.280442169104,620.2000000000044,428.813348495316
589,2024-04-12,-29.64999999999418,-311.2548492549154,1551.6000000001222,800.8618259110996
590,2024-04-15,-665.6999999999534,-272.49716756589044,1002.100000000064,2894.313946394616
591,2024-04-16,-1577.9499999999098,-1522.229569762891,-1396.1999999999098,-1389.7967529690964
592,2024-04-17,-1466.149999999936,-895.8591629793165,-572.49999999992,1010.5018666037894
593,2024-04-18,-1411.3499999999112,-810.7501785929462,-1391.9999999999127,-669.3345359641829
594,2024-04-19,-484.70000000001164,-353.1784665747117,125.4999999998472,1690.7504758876375
595,2024-04-22,-896.8499999999622,-1544.590843361094,-23.79999999996653,-1450.3030497263362
596,2024-04-23,-680.7499999999491,-496.03103181496033,1719.0000000001091,2080.1763941317627
597,2024-04-24,-741.1000000001222,-1706.1456943830735,1704.4999999998763,87.77430819589232
598,2024-04-25,-1096.1499999999432,-1175.6536976319655,4958.800000000003,4506.887350054861
599,2024-04-26,-1465.1999999999607,-597.9001210002041,-1438.4999999999636,-412.73519545642114
600,2024-04-29,-556.8999999999869,-598.8810357131509,-485.4999999999927,-557.4976526980274
601,2024-04-30,-977.1999999999753,-1159.951527766142,4766.099999999795,3420.3972890401974
602,2024-05-01,-789.4499999999534,-2069.8662569770445,1508.4000000000524,-2060.612354510575
603,2024-05-02,-788.2999999999447,-468.91841810557224,2052.100000000093,857.2785421641782
604,2024-05-03,-820.5999999998821,-837.0672141091687,-820.5999999998821,-679.9019223516782
605,2024-05-06,-281.4999999999418,-205.116027111117,-281.4999999999418,-205.116027111117
606,2024-05-07,-168.39999999990687,-122.70528939786908,-168.39999999990687,-122.70528939786908
607,2024-05-08,-230.09999999991123,-105.3268977581322,-84.1999999999025,380.4260683952526
608,2024-05-09,-846.1000000000349,-998.3508933810062,-587.2000000002226,-829.6574691462364
609,2024-05-10,-185.34999999989668,-1004.8463224895238,-127.29999999989377,-965.2943458345841
610,2024-05-13,-497.8999999999578,-283.42325498441284,-494.6999999999607,-256.1145738836923
611,2024-05-14,-634.5000000000146,-385.9110585449709,-334.4000000000233,519.407311890608
612,2024-05-15,-882.1999999999971,-1214.979328894042,-703.8000000000029,-286.5206864353503
613,2024-05-16,-155.94999999997526,-424.00647343682596,133.40000000006694,-295.7871089424017
614,2024-05-17,-729.4499999999534,-575.419879262274,-362.0,-461.6405981489246
615,2024-05-20,-381.0499999999083,-116.94446361251653,-330.4999999999054,65.98733963350774
616,2024-05-21,-223.14999999993597,-49.25699265617789,289.20000000010623,759.6021768583735
617,2024-05-22,-328.6499999998414,-447.6095524425849,-290.0999999998385,-419.5199508612855
618,2024-05-23,-188.25000000001455,-137.16906608766874,656.6999999999898,1856.282338051675
619,2024-05-24,-101.30000000000291,-73.81262361051881,1697.1000000001004,1549.2739757895781
620,2024-05-27,-262.4999999999927,-330.6441577837983,128.40000000000873,384.2286653745119
621,2024-05-28,-350.29999999983556,-379.76137484854786,-350.29999999983556,-379.76137484854786
622,2024-05-29,-19.649999999986903,-14.318045942208157,626.9999999999782,408.6400563812657
623,2024-05-30,-1604.0999999999913,-658.3825218223639,-1558.3999999999942,-541.1790043447145
624,2024-05-31,-618.9500000000262,-405.5207666022309,3470.099999999926,2408.388602437185
625,2024-06-03,-178.24999999997817,-715.0594596165585,632.2999999999738,330.53325584515255
626,2024-06-04,-800.3499999998821,-1349.928971541282,-788.4999999998836,-1189.0619927650282
627,2024-06-05,-62.450000000004366,-112.57827700602502,1383.5999999999913,1329.831292201244
628,2024-06-06,-180.49999999995634,-326.5447885520888,-180.49999999995634,-154.80748530977647
629,2024-06-07,-477.29999999989377,-1898.8293540645573,-390.5999999998967,-1820.2688050475108
630,2024-06-10,-876.3999999999432,-534.4294916689888,-514.699999999917,31.530726599758673
631,2024-06-11,-448.24999999994907,-1339.8356351443892,-232.69999999995343,-842.5716389350218
632,2024-06-12,-886.7999999998865,-60.61763117647937,-886.7999999998865,-60.61763117647937
633,2024-06-13,-448.24999999994907,-537.690698432601,-417.3999999999505,-515.2117306301891
634,2024-06-14,-897.5999999999767,-801.9771190068,-544.4999999999782,-98.7470371438337
635,2024-06-17,-243.19999999997526,-859.208510142978,-152.29999999995925,-18.17238391422145
636,2024-06-18,-889.9999999999709,-849.4917167158663,-770.2999999999738,-599.238254611836
637,2024-06-19,-25.80000000000291,-18.799266427952087,14.799999999995634,10.78407531525491
638,2024-06-20,-0.6500000000014552,-150.99436503164895,1060.00000000016,1815.6542663474415
639,2024-06-21,-966.3999999998996,-1110.8291123978263,-961.6999999999025,-716.6963876012311
640,2024-06-24,-644.9999999999345,-1822.8825071369936,-272.39999999990687,-595.5004617514248
641,2024-06-25,-400.8999999999505,-319.49236070364566,1756.4999999998108,1570.7376016014189
642,2024-06-26,-1009.8999999999069,-378.3560017009555,-913.9999999998981,-205.13876960817728
643,2024-06-27,-357.3500000000058,-566.332199290417,-168.50000000002183,-338.25105383642847
644,2024-06-28,-277.7499999999782,-842.1795738921456,819.9000000001033,-511.31332377766677
645,2024-07-01,-1536.5000000000146,-776.2798667018556,900.3999999998996,-144.7577908830912
646,2024-07-02,-460.7999999999447,-267.13593118698554,-460.7999999999447,870.3634858791305
647,2024-07-03,-98.59999999997672,-37.74426360339493,-98.59999999997672,884.8783560654981
648,2024-07-04,-40.1499999999869,-29.25544756131568,26.70000000001164,19.455054791724134
649,2024-07-05,-6.650000000001455,-239.56307632530357,480.199999999968,1186.3226210436114
650,2024-07-08,-366.8999999999942,-559.7840876691353,-190.29999999998108,-472.96914411978975
651,2024-07-09,-236.59999999994034,-343.0675971248478,-236.59999999994034,-296.9134448928912
652,2024-07-10,-11.30000000000291,-486.894711722838,385.29999999998836,11.183230992879711
653,2024-07-11,-248.49999999999272,-268.8649423570747,1790.800000000163,3700.8017088200104
654,2024-07-12,-196.59999999997672,-317.8357842756127,968.4000000000742,1054.9809845462514
655,2024-07-15,-310.9500000000262,-606.5484679604162,684.1999999998734,27.8001566364821
656,2024-07-16,-836.9499999999607,-592.834174741339,-819.8999999999651,-592.834174741339
657,2024-07-17,-25.149999999986903,-18.325641498554077,2485.600000000086,3021.6700965748164
658,2024-07-18,-4314.9000000003,-1835.433105662177,-3663.4000000003434,-1379.5994428832287
659,2024-07-19,-1210.7999999999447,-2517.8597921512246,-868.9999999999127,-1529.2100948141003
660,2024-07-22,-556.449999999968,-1349.3571989138702,1020.5999999996784,578.0718081538275
661,2024-07-23,-1254.999999999949,-1294.2462426887928,-1203.7999999999447,-1256.9391713278967
662,2024-07-24,0.0,0.0,2228.600000000035,3763.067404105492
663,2024-07-25,-2300.7999999999665,-3750.987049227621,-493.0999999998967,-3306.0984977200055
664,2024-07-26,-869.249999999869,-703.8020769253902,-388.0999999998603,-363.29210138394336
665,2024-07-29,-1758.6000000000204,-2817.9659210446316,-1642.7000000000116,-2437.7331720165394
666,2024-07-30,-1482.2500000000655,-735.7413296877276,-1474.900000000067,386.70756217073915
667,2024-07-31,-44.25,-32.24292788514674,3708.0000000000873,1750.0890411290336
668,2024-08-01,-1855.899999999965,-1459.5423976425236,6572.499999999956,5974.852491255413
669,2024-08-02,-3130.19999999991,-3876.4491445599383,-3025.4999999999127,-3876.4491445599383
670,2024-08-05,-526.9500000000262,-383.96408698483424,4824.300000000061,5165.896439934653
671,2024-08-06,-3649.199999999895,-4038.643100391044,-2985.499999999898,-3521.799134137552
672,2024-08-07,-1642.300000000032,-2693.3270438635686,-1642.300000000032,-1598.2722414258421
673,2024-08-08,-637.0499999999884,-464.18886348547693,8031.600000000035,5234.9904647045405
674,2024-08-09,-2018.499999999971,-1065.2451320128455,-1922.7999999999738,-802.2991878217767
675,2024-08-12,-1565.2999999999447,-1780.6778323485405,-1484.5999999999476,-1360.316655914398
676,2024-08-13,-90.30000000000291,-65.79743249782697,2386.7999999999884,2343.7752773490606
677,2024-08-14,-962.4000000000669,-973.4864847430982,-962.4000000000669,-957.807481811487
678,2024-08-15,-1148.099999999933,-743.0338135514342,-1148.099999999933,-70.56407534441526
679,2024-08-16,-197.89999999995052,-144.20057465466536,354.8000000001048,258.52634607126413
680,2024-08-19,-1194.3499999999622,-870.2675914039271,-259.7999999999738,-189.3042410070119
681,2024-08-20,-160.2499999999127,-475.48819472032983,-93.39999999990687,-261.5229657773941
682,2024-08-21,-451.2999999999738,-1348.3850942647168,-296.4999999999709,-544.4838530784303
683,2024-08-22,-222.9999999999418,-342.9414104101076,548.2000000001717,2337.6477732559156
684,2024-08-23,-1034.2999999999593,-1784.1594324460746,-625.9999999999563,-875.5341880588319
685,2024-08-26,-532.4499999999825,-387.9716825411483,66.80000000009022,619.5557780058741
686,2024-08-27,-758.6499999998923,-1644.1125134136082,-425.2999999998574,-1072.4021977578006
687,2024-08-28,-517.5499999999302,-377.1147418521003,1613.599999999802,1987.2384157915142
688,2024-08-29,-48.95000000001164,-35.66760045148719,3664.0999999997584,1238.366148355457
689,2024-08-30,-1296.1999999999534,-811.8105495670395,-381.4999999999418,-811.8105495670395
690,2024-09-02,-503.2999999999447,-366.73142609248737,-496.59999999993306,-361.84944605111207
691,2024-09-03,-257.4499999999389,-187.59190472382042,3754.5000000001746,5045.101363188879
692,2024-09-04,-1525.7000000000407,-848.2001115555657,-1517.0000000000437,-713.4697094283241
693,2024-09-05,-3570.899999999805,-2658.977945291595,-3538.199999999808,-2635.1509680747768
694,2024-09-06,-1061.7499999999127,-649.6362297901906,405.800000000163,2549.3095716900284
695,2024-09-09,-148.3000000000029,-108.05934927383852,2558.800000000061,1864.4791835596702
696,2024-09-10,-1834.6000000001077,-2902.021544211061,-1834.6000000001077,-2834.488521420673
697,2024-09-11,-1180.4999999998981,-1633.493493541173,377.49999999992724,-596.0028596444848
698,2024-09-12,-1976.2999999999593,-2661.9932397239645,-1883.5999999999622,-2566.319313658821
699,2024-09-13,-785.3499999999622,-284.29944534979865,-744.9999999999563,6.028481517791363
700,2024-09-16,-1062.299999999872,-1423.9650800664272,-1062.299999999872,-1417.9089759258163
701,2024-09-17,-548.2499999998545,-547.4716540529557,-520.3999999998487,-527.1786474630907
702,2024-09-18,-3755.149999999936,-2867.768883199892,-3701.29999999993,-2228.779934733431
703,2024-09-19,-443.95000000004075,-323.4858267708972,5180.599999999773,3270.375993707028
704,2024-09-20,-574.6999999999389,-1121.3005931694036,-503.9999999999418,-1069.7847739269228
705,2024-09-23,-571.5999999999331,-680.5727848216104,-571.5999999999331,-656.9117267838868
706,2024-09-24,-840.199999999968,-1126.13997160053,-350.2999999999738,-1001.803079213297
707,2024-09-25,-593.8499999999185,-507.34428991249484,-558.4999999999127,-481.5863802912491
708,2024-09-26,-13.14999999999418,-9.581796648350096,1065.4000000001397,1323.716128428009
709,2024-09-27,-708.6499999998778,-526.3116915989727,-219.19999999986612,430.23284246445667
710,2024-09-30,-2971.9499999999825,-3399.148541329352,-1729.9999999999418,-3305.304204603241
711,2024-10-01,-199.7499999999709,-145.54858406908747,1612.2999999999738,2118.328320161212
712,2024-10-02,-1354.9999999999127,-2112.547748340661,-1162.2999999999156,-1870.5601517820346
713,2024-10-03,-812.2499999999127,-618.372309424482,-656.4999999998836,-533.9224131793983
714,2024-10-04,-394.20000000001164,-648.4442550845159,135.60000000006403,-631.6123537478588
715,2024-10-07,-320.14999999993597,-233.2784940661618,198.80000000009022,497.1432271356936
716,2024-10-08,-415.7999999999738,-302.97422405973253,2604.8000000000175,2608.2515155105593
717,2024-10-09,-269.34999999993306,-196.26288420027373,-242.89999999989232,313.20234346830233
718,2024-10-10,-495.6999999999389,-665.5168419730488,-441.39999999990687,-559.106851176245
719,2024-10-11,-1274.6999999999243,-902.6099384497078,-1272.9999999999127,-786.5487905078297
720,2024-10-14,-208.1999999999971,-151.70570815112893,1153.4000000000378,1082.6851231128494
721,2024-10-15,-325.7999999999447,-237.39538768314173,950.5000000001601,1791.6157027634677
722,2024-10-16,-1460.7999999999447,-1407.075716780627,-1456.0999999999476,-1395.2990450693412
723,2024-10-17,-124.2499999999709,-369.54661631149156,67.90000000012515,475.1164274659891
724,2024-10-18,-153.70000000020082,-111.99407945657727,213.89999999963038,155.85903445471084
725,2024-10-21,-218.14999999996508,-276.76180043707234,89.20000000006985,207.49041022984088
726,2024-10-22,-590.2499999999127,-345.975202320801,-498.6999999999098,261.78403062252573
727,2024-10-23,-160.89999999995052,-117.24038636652008,1582.1000000001077,1854.2548612029832
728,2024-10-24,-787.2499999999127,-1076.9777286491556,-746.8999999999069,-1019.3774455988445
729,2024-10-25,-87.94999999998254,-64.08509621464614,1098.1000000000931,401.27683367498776
730,2024-10-28,-1497.600000000224,-843.6942500469958,-1497.600000000224,-621.5786138750365
731,2024-10-29,-638.5499999999738,-940.5337076356475,2098.7999999998283,1322.8158283602177
732,2024-10-30,-186.39999999987776,-724.8582516053531,357.4000000001397,507.07798652331945
733,2024-10-31,-2600.7999999999884,-916.2268408232779,-2527.0999999999913,-589.7742677189824
734,2024-11-01,-1014.1000000000349,-772.6705835192605,-867.7000000000407,-574.8489617033894
735,2024-11-04,-2274.69999999991,-2184.6074592756786,-2274.69999999991,-1865.6061583384492
736,2024-11-05,-359.49999999998545,-261.95101863750915,1896.0000000001019,2059.5059975468866
737,2024-11-06,-1394.999999999869,-1135.9485498437416,-1394.999999999869,-72.95206467487158
738,2024-11-07,0.0,-52.81486169133809,0.0,878.9684015391156
739,2024-11-08,-283.54999999995925,-206.60976727304046,-259.69999999995343,-189.23137563324528
740,2024-11-11,-250.5999999999185,-273.5203601410953,-250.5999999999185,-100.25638892704511
741,2024-11-12,-746.799999999901,-1182.3923607875956,-720.6999999998661,-1045.7661819100656
742,2024-11-13,-1290.0999999998603,-1693.8159328134795,-1221.3999999998632,-1149.4629588112075
743,2024-11-14,-539.8999999999869,-537.5894647240374,-420.69999999997526,163.10859605767627
744,2024-11-15,-250.90000000000873,-158.88730184109926,-141.60000000002765,1176.3037334659398
745,2024-11-18,-640.649999999936,-761.3954602024673,-611.2999999999374,-625.6890210148644
746,2024-11-19,-700.9000000000015,-792.3926669797781,1086.6999999999898,1879.1217058818106
747,2024-11-20,-717.6999999999025,-814.7158200350747,-717.6999999999025,-814.7158200350747
748,2024-11-21,-2143.1999999998807,-2027.9941823458707,-2143.1999999998807,-2027.9941823458707
749,2024-11-22,-1070.350000000013,-1174.1437045471741,-901.3000000000175,-630.1403966039059
750,2024-11-25,0.0,-102.97544799809941,80.7000000000553,355.3402000606679
751,2024-11-26,-917.2499999999491,-967.248849801988,-900.8999999999505,-538.8900066404345
752,2024-11-27,-164.24999999997817,-119.68137638722364,685.9000000000524,897.5499269146189
753,2024-11-28,-24.650000000001455,-17.961314629805962,116.69999999999709,85.03389116828315
754,2024-11-29,-260.0999999998603,-96.21872603910059,-260.0999999998603,407.76630205712786
755,2024-12-02,-246.89999999997235,-179.9046077930358,224.30000000001746,729.9175031905397
756,2024-12-03,-749.5999999999622,-546.1988416430456,-173.6999999999607,-13.414247192037632
757,2024-12-04,-229.84999999996217,-160.08522613256358,-229.49999999996362,-89.2830335397383
758,2024-12-05,-388.59999999994034,-283.1548423992338,-219.1999999999316,-159.72089926377308
759,2024-12-06,-317.949999999968,-231.6754558436468,1553.9999999997453,1877.792075921261
760,2024-12-09,-132.25000000000728,-96.36445678668677,540.5000000001091,700.6447450112087
761,2024-12-10,-425.6499999999214,-310.15146337424113,-224.8999999999287,-33.11636465579452
762,2024-12-11,-119.60000000000582,-87.14698700709009,2849.8000000000175,3006.8336049162413
763,2024-12-12,-409.7499999999054,-605.4562299688442,-292.6999999999025,-151.4718241564825
764,2024-12-13,-369.9500000000553,-929.1926304835118,349.7999999997628,-886.1291945962322
765,2024-12-16,-88.45000000000437,-64.44942308342077,1709.5000000000218,2221.4292122593156
766,2024-12-17,-977.5999999998457,-1026.4812820244058,-921.8999999998487,-756.6487049450226
767,2024-12-18,-1418.7999999999665,-2700.8040314599352,-637.4999999999491,1218.786777523078
768,2024-12-19,-2288.1499999999724,-1608.012718869854,-2150.5999999999694,-393.19134858923144
769,2024-12-20,-636.0000000000146,-957.8295656716841,7495.499999999884,7169.492403756726
770,2024-12-23,-2564.599999999933,-3743.2573929298674,-1841.0999999999185,-2714.14744159337
771,2024-12-24,-113.94999999999709,-83.03009339011018,442.40000000000873,1334.8290487366087
772,2024-12-26,-891.9999999999127,-2451.344963161786,-821.099999999904,-2179.4337032829776
773,2024-12-27,-49.449999999967986,-36.03192732021409,1139.00000000016,1314.2606253779866
774,2024-12-30,-81.14999999999418,-914.6096625949411,1469.600000000035,-802.2554055456073
775,2024-12-31,-1926.7499999998836,-1262.7802911079123,-1901.3999999998778,-284.9648117711214
776,2025-01-02,-2808.300000000105,-2199.963465486621,-2121.5000000000873,-1164.2104501976312
777,2025-01-03,-230.25,-412.8454300905629,1214.300000000032,1750.5689195837322
778,2025-01-06,-69.44999999999709,-50.6050020705841,968.6000000000204,257.03547195794033
779,2025-01-07,-548.7999999999302,-614.0787768977248,538.4000000001834,2597.5154340677955
780,2025-01-08,-4367.599999999875,-3544.515608835966,-4243.099999999846,-3461.266919324598
781,2025-01-09,-501.19999999995343,-365.20125324370713,-388.49999999995634,-283.0819770254937
782,2025-01-10,-2320.1000000000204,-1074.1792188875083,-2173.4000000000233,-923.2824758037887
783,2025-01-13,-379.1999999998734,-276.30549726652106,535.1000000001368,389.90261494568193
784,2025-01-14,-3488.500000000262,-2826.3736998532136,-3436.800000000265,-2059.524293023129
785,2025-01-15,-257.2499999999709,-187.4461739763403,178.50000000003638,567.4421667667615
786,2025-01-16,-1017.9500000000044,-722.355872794481,1390.0999999998457,1982.828890530412
787,2025-01-17,-69.24999999997817,-50.45927132306687,4363.700000000004,3096.190569568478
788,2025-01-20,-327.6999999999971,-238.77982978446303,-206.69999999996799,-150.61272754483156
789,2025-01-21,-1331.149999999936,-1451.72052032655,-900.6999999999098,-1160.78598025755
790,2025-01-22,-101.44999999998254,0.0,-25.899999999979627,113.352808601565
791,2025-01-23,-515.3499999999767,-375.51170362959584,-239.69999999996799,-174.65830088290707
792,2025-01-24,-467.7499999999418,-405.8482332496543,-28.099999999903957,-21.754463340689433
793,2025-01-27,0.0,0.0,6340.200000000172,4439.5474353377
794,2025-01-28,-1870.199999999968,-2225.366075167435,409.5000000000582,-34.267766690467795
795,2025-01-29,-1714.2999999998428,-1246.0091570682746,-1714.2999999998428,-1246.0091570682746
796,2025-01-30,-1417.6499999998778,-3751.3879243344923,-1335.299999999872,-3690.9062747947105
797,2025-01-31,-141.3000000000029,-730.1817757915044,1303.2000000000844,-134.21462108125428
798,2025-02-03,-1963.0999999999913,-2215.2530903274146,4877.199999999764,1672.0903796449743
799,2025-02-04,-2832.3500000002678,-1391.807135440458,-2684.300000000265,-785.0080072853566
800,2025-02-05,-435.49999999998545,-317.3287026888346,312.40000000000873,585.7866096833195
801,2025-02-06,-771.6999999998952,-562.3020892421323,-771.6999999998952,-562.3020892421323
802,2025-02-07,-715.6999999998661,-1120.0533812615524,120.4000000001397,249.4842264038814
803,2025-02-10,-89.64999999999418,-65.32380756843426,2860.5000000000146,2107.975074206372
804,2025-02-11,-447.34999999987485,-406.4648353318622,-441.49999999986903,-402.20221096738095
805,2025-02-12,-2348.2999999999593,-1807.460965333304,-1585.5999999999767,-69.52675637744642
806,2025-02-13,-1424.5999999998603,-1097.817118658571,-1424.5999999998603,-44.63951259689563
807,2025-02-14,-301.19999999995343,-219.47050574021904,-301.19999999995343,-219.47050574021904
808,2025-02-17,-107.7499999999709,-366.06002053699035,-84.39999999996508,-281.37251298544857
809,2025-02-18,-705.6999999998661,-729.6838416306836,-681.999999999869,-712.4147480515223
810,2025-02-19,-566.6999999999098,-1366.327928127256,-445.9999999999127,-1078.8706393508019
811,2025-02-20,-434.0499999999447,-70.39050820685509,-82.69999999990978,42.623686482104134
812,2025-02-21,-135.59999999997672,-197.34672852134943,4021.8999999998487,5499.616442583217
813,2025-02-24,-3168.1999999998516,-767.25944050392,-3168.1999999998516,-647.5990007334415
814,2025-02-25,-2589.4999999999854,-881.9819210402893,-1927.3999999999796,-328.8501603008923
815,2025-02-26,-1367.3000000000611,-3305.095802462443,-1367.3000000000611,-3305.095802462443
816,2025-02-27,-1785.0500000002357,-1150.6171169138363,5703.499999999665,7845.769299041919
817,2025-02-28,-3567.3000000000757,-3973.979961312236,1509.9999999998254,2105.404381452964
818,2025-03-03,-2517.1000000002387,-1544.3080955633632,5018.099999999569,6846.075920771111
819,2025-03-04,-2478.000000000058,-5120.640253666431,-2405.3000000000466,-5067.667126948905
820,2025-03-05,-2970.54999999993,-4196.219669432565,-1413.7999999999302,-1776.5385428881557
821,2025-03-06,-336.9000000001106,-1429.2288075756285,2394.2999999997555,-546.3991633449543
822,2025-03-07,-3240.4499999999534,-5900.773042850563,-1811.4999999999418,-4777.2992482793
823,2025-03-10,-1091.3500000001222,-795.2162564397476,9848.299999999697,8955.755812467503
824,2025-03-11,-4455.199999999968,-6046.577308170208,-4389.499999999971,-5998.7047576153145
825,2025-03-12,-3947.299999999974,-4678.395667387646,-3892.5999999999767,-4675.699648558834
826,2025-03-13,-3043.750000000058,-2646.22702506516,-1437.1000000002095,330.62714243751026
827,2025-03-14,-260.3999999999942,-233.60882428916437,2214.9000000000815,2621.966560012046
828,2025-03-17,-272.29999999993015,-574.0091897868023,167.2000000000844,515.1959947900677
829,2025-03-18,-402.84999999999127,-293.5381581588944,316.5999999999185,899.8678075631511
830,2025-03-19,-1270.3499999999622,-925.6452754552527,-31.59999999993306,-751.9761791693466
831,2025-03-20,-1054.0999999998894,-835.929620912767,-1053.3999999998923,-685.219609406027
832,2025-03-21,-447.699999999968,-326.21827828653466,1288.400000000096,1698.9324381511447
833,2025-03-24,-173.09999999997672,-126.12996196425193,-173.09999999997672,-126.12996196425193
834,2025-03-25,-313.2999999998865,-228.28721596413126,-313.2999999998865,-228.28721596413126
835,2025-03-26,-86.99999999992724,-63.392875163964305,4890.899999999572,4708.282354310968
836,2025-03-27,-3393.949999999895,-4694.3145094699985,-3353.0999999998894,-4564.270219521915
837,2025-03-28,-717.7999999999302,-523.0276527899676,804.2000000000844,2670.8910792029224
838,2025-03-31,-1601.5000000000146,-1506.5334415043683,2320.599999999831,580.710260623136
839,2025-04-01,-4689.75000000016,-4882.682234587214,-4657.900000000154,-4740.399644761905
840,2025-04-02,-4093.9500000000116,-1014.063505040856,4740.199999999953,5422.972910248813
841,2025-04-03,-4170.04999999993,-5306.7150424732035,-3949.6999999999243,-4130.4739804006185
842,2025-04-04,-9233.199999999866,-4532.943761874392,-9233.199999999866,-3969.508459190035
843,2025-04-07,-4403.950000000012,-3208.954627339939,3007.2999999999884,3412.2660940524834
844,2025-04-08,-1837.6499999999942,-4563.2756905535825,16663.299999999814,14285.742319872417
845,2025-04-09,-8156.749999999825,-5693.258004587638,4906.00000000016,14597.131241519559
846,2025-04-10,-2509.6499999999796,-1828.665852360629,5539.699999999968,4746.777369750459
847,2025-04-11,-11032.249999999854,-7950.66542624111,-7267.299999999857,-3524.3925743342297
848,2025-04-14,-1708.699999999997,-798.4825626666161,-1456.2000000000262,196.40933775412316
849,2025-04-15,-2706.249999999942,-2839.3058128942016,-2695.399999999936,-2559.459771448535
850,2025-04-16,-2951.1500000001397,-2150.366477474696,931.3999999997468,-593.1020417679264
851,2025-04-17,-1724.850000000224,-1779.098698104797,-1510.3000000003085,-751.1330346385063
852,2025-04-21,-356.59999999999127,-259.83792279871284,2417.800000000061,2188.846924749601
853,2025-04-22,-283.99999999998545,-206.93766145494243,1571.4000000000087,1670.4087272403474
854,2025-04-23,-1460.3499999999622,-1655.7679971844682,-283.9999999999709,-1472.8394763807128
855,2025-04-24,-460.59999999999127,-335.6179115005266,4848.900000000023,5587.26818201972
856,2025-04-25,-2965.7500000000146,-2161.0048220423587,-2965.4000000000087,-2160.7497932342235
857,2025-04-28,-2031.1000000002678,-2686.447321889532,-1975.4000000002707,-2527.767789555377
858,2025-04-29,-3017.7500000000146,-2132.6855752906827,-3012.9000000000087,-1348.6681930385598
859,2025-04-30,-627.4999999999418,-457.23022029215133,5294.199999999968,1372.593744863973
860,2025-05-01,-625.6999999999389,-2405.125154839361,568.3000000000029,-1928.4564564264383
861,2025-05-02,-868.7000000000407,-632.98150178143,5122.599999999889,3732.601635806759
862,2025-05-05,-689.7499999999418,-365.5262869473351,-519.4999999999272,-324.0658892825864
863,2025-05-06,-2145.1499999999505,-1097.8195800785336,-2089.3999999999505,-1057.1971342119361
864,2025-05-07,-4254.949999999953,-3944.7215463889793,-3121.699999999939,-3654.972387665163
865,2025-05-08,0.0,-2036.3341766838473,73.20000000004075,-1988.4616261289536
866,2025-05-09,-2074.050000000003,-2754.964145873821,-2027.199999999997,-2631.3428440978473
867,2025-05-12,-627.0499999999884,-456.9023261103024,3294.600000000035,1777.3016059438155
868,2025-05-13,-198.59999999997672,-162.31558616805935,-168.89999999996508,1178.41767880315
869,2025-05-14,-1127.600000000035,-1266.5093814119573,-828.7000000000262,-615.3842020372235
870,2025-05-15,-498.1999999998807,-507.328557169477,-357.7999999998574,-361.7530060171275
871,2025-05-16,-792.149999999936,-978.995052650227,-791.7999999999302,-978.7400238420915
872,2025-05-19,-428.19999999998254,-312.00953040495517,1644.0000000000873,2728.258440211021
873,2025-05-20,-665.5999999998894,-484.99192769152756,-434.99999999986903,-316.96437581999106
874,2025-05-21,-234.39999999995052,-933.7906789636551,694.6000000001368,-852.017150631003
875,2025-05-22,-2788.5999999999767,-2477.7281916597317,-2645.8999999999796,-2373.7493033159953
876,2025-05-23,-524.4999999999563,-495.3317954397989,-428.1999999999389,-16.93876645337899
877,2025-05-26,0.0,0.0,1927.0999999999913,1404.1886175698526
878,2025-05-27,-247.74999999989814,-164.05638900199443,-247.39999999989232,576.9318690890163
879,2025-05-28,-399.6999999998952,-247.70583806899867,-399.6999999998952,-208.89866119087858
880,2025-05-29,-342.54999999995925,-249.60033778656947,1860.099999999904,2297.421636826557
881,2025-05-30,-959.7499999998981,-1124.2043697402669,836.7000000001426,-29.794289905908506
882,2025-06-02,-1164.3999999999505,-1317.570585339804,-656.6999999999534,99.7101963691045
883,2025-06-03,-350.3499999999476,-398.24601532052264,-297.9999999999418,283.3230789710377
884,2025-06-04,-569.1499999999942,-988.3046025179624,-565.7999999999884,-570.5290835864669
885,2025-06-05,-910.9499999999534,-3905.479810365442,56.80000000009022,-2457.9525625742267
886,2025-06-06,-78.80000000000291,-57.41791451637641,2640.8999999997613,1924.3016554096341
887,2025-06-09,-494.8000000000029,-621.615774938482,-494.8000000000029,-608.2865171997288
888,2025-06-10,-218.64999999993597,-466.1688641686044,17.500000000058208,-157.24199442391864
889,2025-06-11,-1437.3499999999185,-1427.172219777116,-1161.6999999999098,-372.4225849684212
890,2025-06-12,-500.59999999984575,-507.67143281197684,-500.59999999984575,-172.38886144939792
891,2025-06-13,-11.14999999999418,-284.5000870781753,990.5000000000728,-170.06501760105917
892,2025-06-16,-244.10000000000582,-177.8643773280114,2913.0,2662.641376407999
893,2025-06-17,-732.9499999999389,-552.1155921562909,-115.99999999992724,-214.9061221139826
894,2025-06-18,-2942.9999999999127,-2921.7630759614503,-2895.2999999999156,-2791.6753435723936
895,2025-06-19,-47.64999999997963,-34.720350592691176,448.7000000000262,451.836474970216
896,2025-06-20,0.0,0.0,838.5999999997293,1617.6533415751107
897,2025-06-23,-949.1999999999098,-1988.3217374595442,661.9000000001106,689.5296895037616
898,2025-06-24,-164.59999999999127,-163.94878993814604,-164.59999999999127,109.11578164200746
899,2025-06-25,-165.94999999992433,-1146.0330798979655,-135.0999999999185,-1123.5541120955481
900,2025-06-26,-310.9999999999418,-867.7605264259928,-310.9999999999418,-610.6105667716955
901,2025-06-27,-326.8499999998894,-698.9017118595838,-129.69999999983702,-202.88248594651492
902,2025-06-30,-549.7499999999127,-995.7673568389204,-519.8999999999069,-877.4463190452026
903,2025-07-01,-202.39999999990687,-125.98423121676117,-202.39999999990687,-7.9191786130798265
904,2025-07-02,-654.6999999999825,-503.2472523115041,202.30000000001746,999.9676217932373
905,2025-07-03,-138.7499999999709,-265.8409224627778,-134.39999999996508,374.65632009177887
906,2025-07-04,-72.30000000007567,-52.681665222566075,75.09999999993306,54.72189568751097
907,2025-07-07,-3670.850000000093,-2803.6937814365497,-3587.30000000009,-2742.8147616669653
908,2025-07-08,-1689.6499999999796,-1163.5149324666402,-1591.5999999999767,-1133.130071612165
909,2025-07-09,-251.04999999998836,-182.9285208037449,750.7000000000116,635.212916414821
910,2025-07-10,-641.2999999999302,-438.96406039029466,-641.2999999999302,-336.5277809580577
911,2025-07-11,-859.7499999998545,-1209.7652102761263,-848.8999999998487,-1144.8601228505863
912,2025-07-14,-924.3999999999651,-1268.315407231593,-443.3999999999651,-836.1873168645146
913,2025-07-15,-589.7499999998545,-491.3408803406988,141.70000000009895,567.0351400718343
914,2025-07-16,-1792.7999999999884,-789.7901263934405,282.4999999998836,-91.78466973599097
915,2025-07-17,-344.69999999995343,-345.98051307819554,-344.69999999995343,356.39175230306705
916,2025-07-18,-328.3999999999214,-259.8766902134823,-328.3999999999214,-13.171859546150449
917,2025-07-21,-75.5499999999738,-55.04978986942351,503.50000000001455,512.3058126661283
918,2025-07-22,-1700.4499999998807,-971.8429943469949,-1665.8999999998778,-946.6680077157653
919,2025-07-23,-1444.1999999999389,-1480.7380415010282,-512.9999999998836,-928.1676289305052
920,2025-07-24,-454.94999999992433,-977.1216804109524,-450.0999999999185,-838.3229240979022
921,2025-07-25,-277.2999999999738,-202.05568141356707,-170.39999999996508,-144.51392357800458
922,2025-07-28,-335.14999999993597,-244.20830012892344,-330.79999999993015,-241.03865637071831
923,2025-07-29,-60.45000000001164,-476.8721110713004,394.00000000010186,104.08020850350186
924,2025-07-30,-1077.5,-2234.7769656273754,2397.6000000000204,39.7152454017107
925,2025-07-31,-74.79999999998836,-180.25873511106795,2665.2999999997555,3735.039731302605
926,2025-08-01,-3034.600000000093,-1635.8896850565704,-3020.5000000000873,-1625.6156673575704
927,2025-08-04,-147.25,-107.29426284944307,4114.100000000035,3867.9202661110853
928,2025-08-05,-376.6499999999942,-176.1531043103936,244.19999999989523,930.7368079781572
929,2025-08-06,-819.5500000001339,-945.0769551161263,4078.0999999996566,3799.143426308826
930,2025-08-07,0.0,-11.982635337920517,328.89999999987776,492.1796729695859
931,2025-08-08,-253.89999999996508,-135.12883562259657,-253.89999999996508,415.2181142125118
932,2025-08-11,-349.39999999990687,-254.59161588852575,100.90000000005239,73.5211621155479
933,2025-08-12,-969.5,-1749.0714725424205,2253.2999999999884,699.1067122858037
934,2025-08-13,-230.89999999999418,-11.403430992143697,-145.1999999999971,90.97591533846831
935,2025-08-14,-993.599999999904,-703.1969545239368,-993.599999999904,-578.561697771172
936,2025-08-15,-1185.0999999999622,-518.9938240975392,-1169.899999999965,-469.35647408452
937,2025-08-18,-1118.9999999999127,-815.363532281952,-1103.2999999999156,-803.9236686029303
938,2025-08-19,-178.74999999998545,-315.677119464706,724.4000000000524,1754.503008464763
939,2025-08-20,-768.4999999999272,-556.8371862107726,1178.4999999999854,926.3918724447981
940,2025-08-21,-614.2999999999593,-447.6119909569338,-531.2999999999738,-387.13373074299693
941,2025-08-22,-236.64999999997963,-358.2812705816056,2423.5000000000728,3184.745987257475
942,2025-08-25,-435.79999999995925,-317.54729881007074,-381.09999999996217,-277.68993936786893
943,2025-08-26,-1007.6999999999098,-1146.513708386981,904.3999999999214,1083.168199407753
944,2025-08-27,-746.2499999998545,-543.7578516222837,-725.7999999998283,-528.856882690033
945,2025-08-28,-767.8499999999331,-1472.4308575725727,67.30000000007567,-839.6362029193992
946,2025-08-29,-18.149999999979627,-13.225065335926693,1620.099999999802,2217.9049067649903
947,2025-09-01,-1054.7999999999302,-768.583962333345,-916.899999999936,-668.1026119296943
948,2025-09-02,-86.74999999998545,-63.21071172962734,2383.000000000102,2499.450978220591
949,2025-09-03,-646.7500000000291,-933.2316568550838,-618.9000000000233,-717.7844794141967
950,2025-09-04,-1028.5500000000466,-1244.8851471781888,77.99999999995634,860.9823390027151
951,2025-09-05,-57.80000000000291,-348.73579973655626,1202.5999999999622,1863.81126864309
952,2025-09-08,-251.19999999995343,-384.578348768719,-211.49999999995634,-356.3794491267962
953,2025-09-09,-894.4999999999563,-651.7807682093185,-139.39999999995052,-101.57433100989515
954,2025-09-10,-279.69999999995343,-433.8088858539708,159.2999999999738,434.61857620087034
955,2025-09-11,-230.14999999999418,-565.1426717666321,-98.30000000003201,-564.3775853422367
956,2025-09-12,-249.8000000000029,-762.2102593044688,14.0,-557.1830385068271
957,2025-09-15,-226.2999999999738,-164.89434080017764,265.20000000001164,611.5444124209669
958,2025-09-16,-7.649999999994179,-5.574201092004175,183.40000000000873,167.5657099384109
959,2025-09-17,-2688.849999999875,-1180.1029578306066,-1103.1999999999243,-589.469411306074
960,2025-09-18,-553.0499999999156,-1150.8232831667303,-459.1999999999098,-1126.4451492882008
961,2025-09-19,-284.8499999999767,-681.1499695198806,402.70000000004075,686.793949975393
962,2025-09-22,-362.7499999999127,-248.17946299838073,-356.39999999990687,670.6239916878798
963,2025-09-23,-368.04999999993015,-350.69190758190314,11.50000000007276,714.2325395323443
964,2025-09-24,-746.2499999999563,-472.49551609316075,-486.9999999999418,350.9986513798897
965,2025-09-25,-231.64999999995052,-2465.186827635992,827.8000000000175,-2411.10543243888
966,2025-09-26,-1114.7999999999447,-2113.414909304409,-1114.7999999999447,-2017.8669561868087
967,2025-09-29,-25.14999999999418,-487.2156943665271,182.90000000006694,-381.48634672365114
968,2025-09-30,-1441.799999999872,-1940.714637698356,-1441.0999999998749,-1940.2045800820958
969,2025-10-01,-369.69999999995343,-634.6477346744553,868.2000000000553,1778.5940438913399
970,2025-10-02,-296.3000000000029,-207.09762547786332,-296.3000000000029,-66.07020812605509
971,2025-10-03,-319.14999999993597,-747.4947418191908,344.800000000032,654.8744550131092
972,2025-10-06,-36.80000000000291,-26.814457540643925,1067.900000000067,634.5433223100762
973,2025-10-07,-161.19999999996799,-117.45898248778803,241.4000000001106,564.8608636396026
974,2025-10-08,-340.1499999999942,-247.85156881655303,2314.500000000058,2923.4048729312317
975,2025-10-09,-121.44999999998254,-204.3044153326889,14.699999999778811,-58.05373998077296
976,2025-10-10,-567.7499999999127,-1195.3297845859997,7540.599999999977,9188.968104884621
977,2025-10-13,-581.8499999999767,-1504.66220199065,1823.3999999999796,649.7449928088344
978,2025-10-14,-76.80000000000291,-852.6898245518837,213.99999999976717,-609.5080223460266
979,2025-10-15,-258.25000000001455,-2209.9659827409723,1272.899999999965,-1712.676383556261
980,2025-10-16,-273.84999999996217,-1163.246610053872,907.8999999998487,-127.36846574543263
981,2025-10-17,-635.3499999999622,-462.95015213167807,3560.5000000000873,3774.091329712366
982,2025-10-20,0.0,-115.8992798226586,0.0,635.4332059623898
983,2025-10-21,-223.34999999993306,-651.801156170046,-220.99999999992724,-621.5076501241768
984,2025-10-22,-973.6999999999825,-701.634911560495,-365.6000000000204,608.1713566284466
985,2025-10-23,-534.1999999999971,-323.0850672152393,-534.1999999999971,695.1127037569494
986,2025-10-24,-86.94999999998254,-462.13003979920836,-59.59999999997672,-96.05483827245396
987,2025-10-27,-107.30000000000291,-78.18454603562346,657.600000000064,479.1626977915153
988,2025-10-28,-295.44999999992433,-215.28074674947257,-252.0999999999185,-183.6936072280873
989,2025-10-29,-1246.3499999998603,-908.1575857547598,-1155.4999999998545,-841.9593937012961
990,2025-10-30,-2137.6999999999243,-1470.4511744429883,-1874.1999999999243,-592.304156698692
991,2025-10-31,-165.4000000000524,-292.3407627149853,-75.50000000004366,584.8210872540693
992,2025-11-03,-402.9999999999709,-293.6474562195072,-80.2999999999156,399.4056923772479
993,2025-11-04,-464.94999999992433,-2166.3956759367793,-225.39999999992142,-2020.9978300570438
994,2025-11-05,-699.1000000001659,-509.4018278985635,5310.199999999604,4868.565996800875
995,2025-11-06,-618.0999999999331,-652.8378449762771,22.40000000000873,2168.7152438173316
996,2025-11-07,-1085.3999999999069,-790.8807667013617,2545.2000000001717,1176.9665538655813
997,2025-11-10,-199.09999999996217,-605.1900452280017,-199.09999999996217,547.5743469883113
998,2025-11-11,-243.4999999999709,-1317.3479499235227,-243.4999999999709,-1063.355411731908
999,2025-11-12,-699.500000000291,-179.75675608505748,-610.800000000294,75.9393027552904
1000,2025-11-13,-1022.0499999999738,-744.7205524296807,777.7000000000116,2471.130977713252
1001,2025-11-14,-198.4499999999971,-144.6013342103339,4587.000000000044,4994.453987513179
1002,2025-11-17,-1454.5499999999884,-3009.5482151171755,-700.8000000000175,-2988.162227921034
1003,2025-11-18,-3863.6999999999534,-2853.25572624827,-3863.6999999999534,-2853.25572624827
1004,2025-11-19,-4843.850000000006,-3174.2683833738442,-3719.600000000006,-2355.0794189698618
1005,2025-11-20,-1038.7999999999593,-756.9255025330873,17969.899999999616,18192.123816694828
1006,2025-11-21,-4554.399999999907,-6580.97406041777,-2600.6999999999825,-6178.506317775871
1007,2025-11-24,-1168.3999999999942,-851.3590269153729,2675.9000000000233,3512.431980766594
1008,2025-11-25,-3636.2500000001455,-4998.320524875132,-3604.4000000001397,-4844.395936369257
1009,2025-11-26,-1093.8499999999476,-797.0378907834138,-1064.9999999999418,-776.0162304560314
1010,2025-11-27,-82.64999999999418,-60.223231405812186,-81.29999999998836,-59.2395488601594
1011,2025-11-28,-220.19999999992433,-160.4495530012852,70.20000000009895,51.15149237379639
1012,2025-12-01,-567.5000000002037,-535.2273934494218,-497.8000000001921,-361.0689648699889
1013,2025-12-02,-614.7499999999418,-468.3649180483009,-394.29999999984284,108.9910801569298
1014,2025-12-03,-1445.4499999999243,-1053.2325448945287,-1428.5999999999185,-1040.9547294173558
1015,2025-12-04,-1032.9500000000407,-766.8943543093527,-1027.100000000035,-686.5951289893874
1016,2025-12-05,-513.200000000099,-733.5198865998409,-503.50000000010186,-695.315176744636
1017,2025-12-08,-1274.4499999998807,-1071.0129675522783,-934.3999999998632,-394.5857653332084
1018,2025-12-09,-797.8499999999476,-581.3563844782515,-797.4999999999418,-581.1013556701162
1019,2025-12-10,-1472.5500000000175,-2920.4802870596454,-1461.6000000000058,-2920.4802870596454
1020,2025-12-11,-86.99999999988358,-433.52400657861676,1802.3000000001339,662.0571231095169
1021,2025-12-12,-12.950000000011642,-9.436065900859358,3213.0999999996857,3707.276116709625
1022,2025-12-15,-1824.949999999808,-279.110814156047,-1699.399999999805,274.47258029817675
1023,2025-12-16,-1600.8499999998457,-1905.3002484098008,-958.9999999998399,-124.96306695661315
1024,2025-12-17,-1171.1999999999243,-595.1932668893846,4865.700000000041,6363.857979843003
1025,2025-12-18,-592.8499999999476,-2106.4208855489583,-236.5999999998603,-1989.7353918235974
1026,2025-12-19,-346.04999999998836,-252.15062586790165,2585.000000000058,2511.667719987885
1027,2025-12-22,-198.54999999995925,-358.9271800453987,-189.69999999995343,-157.1098612206566
1028,2025-12-23,-271.54999999998836,-530.7115461569562,169.70000000004075,740.0137118305904
1029,2025-12-24,-115.19999999995343,-83.94091056197517,-115.19999999995343,-83.94091056197517
1030,2025-12-26,-408.4499999998952,-297.6186190889222,-380.5999999998894,-277.3256124990572
1031,2025-12-29,-1701.6499999997905,-1732.338137770683,-1679.2999999997846,-1606.348182500175
1032,2025-12-30,-612.8499999998894,-446.55544303748263,-481.29999999987194,-350.70104386705066
1033,2025-12-31,-551.6499999999942,-232.3862645451463,-324.29999999998836,595.7194507365842
1034,2026-01-02,-42.10000000000582,-30.67632234948846,1352.300000000163,767.1391773722839
1035,2026-01-05,-115.29999999998836,-118.0467831304158,589.5000000000291,417.9925285100504
1036,2026-01-06,-629.4999999999418,-458.6875277671862,561.5000000001164,993.2244973786054
1037,2026-01-07,-501.94999999995343,-390.31898612254827,59.79999999998836,-168.9652465783374
1038,2026-01-08,-2185.599999999831,-1497.9022056329525,-2139.599999999831,-1489.8870145202607
1039,2026-01-09,-1246.0999999998894,-2769.851520358989,-941.8999999998778,-1610.015676441285
1040,2026-01-12,-49.14999999999418,-35.81333119897795,487.8999999999942,948.3980592457889
1041,2026-01-13,-1613.5500000000757,-2766.709484985636,-1568.7000000000698,-2388.21403391457
1042,2026-01-14,-152.94999999998254,-111.44758915327975,300.0000000001164,446.18122860126294
1043,2026-01-15,-613.8499999999476,-756.8378694659407,287.29999999995925,1268.7613977732517
1044,2026-01-16,-1405.8999999999069,-421.2568324246847,-1366.299999999901,-392.4021444189898
1045,2026-01-19,-347.6999999998952,-978.088896266461,-102.99999999988358,-944.8416872049573
1046,2026-01-20,-382.04999999995925,-340.02095028481017,1215.6999999998661,-110.13483980353233
1047,2026-01-21,-849.5499999999302,-1363.770205854697,3356.4000000000524,2657.2884237187404
1048,2026-01-22,-804.4499999999243,-578.3979082204241,-771.8999999999069,-578.3979082204241
1049,2026-01-23,-323.39999999990687,-305.9374853245084,63.30000000016298,172.4804040225204
1050,2026-01-26,-887.1999999999534,-646.461595925439,749.8000000000175,709.3781821137886
1051,2026-01-27,-25.14999999999418,-659.4981126632288,578.6000000000931,-474.59873055875613
1052,2026-01-28,-782.0000000001164,-868.9036528147323,-782.0000000001164,-868.9036528147323
1053,2026-01-29,-825.1499999999651,-601.2486315124903,3005.3999999998778,2561.2548402405246
1054,2026-01-30,-1432.2000000002154,-2687.986206586339,-784.4000000003143,-1672.9571174200653
1055,2026-02-02,-1025.9499999999534,-747.5623020059838,5261.900000000111,4922.863870256141
1056,2026-02-03,-80.39999999996508,-58.58376049637674,2192.1999999999243,4134.1229502362385
1057,2026-02-04,-823.8999999999942,-600.3378143406147,3721.9999999995343,4578.362110308425
1058,2026-02-05,-2068.950000000099,-3526.800586411738,2872.399999999674,362.20676811192243
1059,2026-02-06,-1326.0,-966.194855948126,9651.799999999872,8931.408791850961
1060,2026-02-09,-2561.3500000001804,-1397.001926889854,-2527.300000000163,-635.399462700819
1061,2026-02-10,-1181.0999999999185,-1482.3309870563887,-947.5,-75.50532321534948
1062,2026-02-11,-1676.5999999999767,-933.3252506488041,-1314.7999999999593,-913.8337631702125
1063,2026-02-12,-506.8499999999767,-369.31814686069754,5988.899999999558,7122.131598673772
1064,2026-02-13,-4742.8499999999185,-4353.034780521511,-4512.59999999986,-4353.034780521511
1065,2026-02-16,-1066.9999999999418,-777.4735379310663,-863.3999999999651,-629.1196369725325
1066,2026-02-17,-3686.2499999998254,-4629.692379888157,-2134.599999999802,-4318.986457601464
1067,2026-02-18,-883.3999999999651,-519.6394129105158,-684.6999999999534,-118.74783962390174
1068,2026-02-19,-2911.9500000000116,-2121.8032509639183,-2783.399999999994,-2028.1348130060387
1069,2026-02-20,-1922.9999999999127,-995.7342264027509,-1485.3999999999069,194.2046820072398
1070,2026-02-23,-1098.6000000001513,-1138.5110515531458,624.4999999994761,1411.7678736639564
1071,2026-02-24,-1714.3499999999476,-2571.6313606373333,-844.0999999999185,-900.76154831668
1072,2026-02-25,-310.3499999999476,-226.13768743849937,252.4000000000815,1061.4135253971508
1073,2026-02-26,-204.05000000001746,-148.68179514044635,2174.0999999999767,2749.214993103847
1074,2026-02-27,-2142.8500000001222,-1063.8679276709952,-1969.3000000001048,-937.4100715248308
1075,2026-03-02,-1601.3000000000175,-1166.7932298866897,1056.2999999999593,1943.5283222553953
1076,2026-03-03,-80.29999999998836,-58.51089512264196,2358.4999999998254,2305.5494226800856
1077,2026-03-04,-3350.7500000000873,-2441.536510986626,-2197.500000000058,-760.3922534325793
1078,2026-03-05,-4409.85000000021,-3582.769930055896,-4185.300000000221,-3419.1507332963633
1079,2026-03-06,-1736.6499999999069,-2116.0948858802503,-1129.0999999999476,-1952.1863572540612
1080,2026-03-09,-150.94999999998254,-109.99028167824487,10109.40000000014,7802.350275362264
1081,2026-03-10,-2645.9499999999243,-3406.433694788147,-2385.7999999999593,-3250.7932564544385
1082,2026-03-11,-4138.850000000093,-3749.3282672371543,-3724.600000000093,-3447.295670295648
1083,2026-03-12,-2181.0999999998603,-1457.1760844462801,-1899.3999999998487,-684.020205455379
1084,2026-03-13,-2454.699999999866,-3332.0768087187625,-2454.699999999866,-3063.142835183395
1085,2026-03-16,-125.10000000000582,-91.15458256343601,1952.500000000029,1422.6964225028232
1086,2026-03-17,-629.5499999998719,-813.744663100441,-628.6999999998661,-774.8059887502391
1087,2026-03-18,-110.4000000001688,-80.44337262204806,4028.7999999997846,3337.767744535753
1088,2026-03-19,-4150.299999999814,-4903.445890076736,-1742.599999999773,-2029.3236072066109
1089,2026-03-20,-1124.9000000001688,-819.6625893334914,3993.9999999996217,4687.064077936243
1090,2026-03-23,-7160.450000000128,-7212.528976971381,-6470.300000000134,-6121.161937786968
1091,2026-03-24,-2438.2499999999127,-2502.943208500397,-2228.4999999999127,-1990.3869407391599
1092,2026-03-25,-3070.599999999831,-4051.3246403124613,-2993.8999999998196,-3856.545631612078
1093,2026-03-26,-1506.8499999999476,-1310.8645293432407,1754.9999999999127,3018.931372349256
1094,2026-03-27,-857.4999999998545,-625.3342437276635,124.20000000015716,1443.3338714695128
1095,2026-03-30,-590.6499999999651,-400.68669026083614,-544.5999999999767,1268.498183491502
1096,2026-03-31,-847.1499999999942,-617.2790137378953,6807.200000000128,7565.8126849763985
1097,2026-04-01,-1994.750000000029,-1097.5435077700497,-1689.8000000000175,-1005.1610578024636
1098,2026-04-02,-641.3999999999942,-467.35850724368186,3419.299999999843,3216.598565807555
1099,2026-04-03,-142.79999999998836,-104.05175371748197,106.90000000002328,77.89308454063135
1100,2026-04-06,-4606.6999999999825,-3275.8120144182394,-4547.999999999971,-3233.0400400259573
1101,2026-04-07,-1710.700000000128,-1268.6262972082664,-119.30000000013388,-1000.7311278694564
1102,2026-04-08,-4584.200000000332,-3385.773927761899,-3491.300000000483,-1927.58762122114
1103,2026-04-09,-1157.7999999999302,-1318.9690525196845,-202.0999999999185,-67.8508416403019
1104,2026-04-10,-301.4999999999418,-219.68910186146582,-301.4999999999418,-219.68910186146582
1105,2026-04-13,-979.8499999999185,-1637.6170874021677,-494.79999999990105,374.8445282307113
1106,2026-04-14,-95.29999999998836,-121.76759778836283,-95.29999999998836,1365.550827604188
1107,2026-04-15,-381.5999999999185,-363.0887931360696,-381.5999999999185,933.9411798562348
1108,2026-04-16,-642.8999999999651,-1393.0952245827189,-609.1000000000349,-1062.7427507287882
1109,2026-04-17,-153.44999999998254,-111.81191602203846,1596.100000000064,1064.897690700994
1110,2026-04-20,-1791.100000000064,-1671.6737959491415,-1791.100000000064,-1671.6737959491415
1111,2026-04-21,-2079.4499999999534,-841.1236641771121,-2067.5999999999476,-718.5549946203212
1112,2026-04-22,-300.44999999992433,-1108.1512567826742,613.6000000000931,130.58833554255403
1113,2026-04-23,-1617.0500000000466,-2345.274328892536,-992.5000000001455,-2185.491515088132
1114,2026-04-24,-94.94999999992433,-101.20278061982287,52.40000000008149,727.8966029911272
1115,2026-04-27,-567.2500000000291,-837.3148056289199,-515.4000000000233,-767.0705743523564
1116,2026-04-28,-186.2499999999709,-1726.7503366614299,-139.70000000001164,-1655.0545362015773
1117,2026-04-29,-1811.449999999808,-1555.276449703107,-1421.3999999997905,-988.5740926065964
1118,2026-04-30,0.0,0.0,4345.999999999942,1691.034961051045
1119,2026-05-01,-374.64999999993597,-72.61034494360868,-267.79999999993015,374.28115794109766
1120,2026-05-04,-830.8999999999069,-1106.813443821806,-657.1999999998952,-626.8584787555105
1121,2026-05-05,-6.149999999994179,-4.481220485728015,4252.200000000041,3565.100487120082
1122,2026-05-06,-847.3499999999185,-356.5518318771429,-628.799999999901,856.5135403417607
1123,2026-05-07,-376.69999999995343,-1736.9224935884122,-140.20000000018626,-1568.8611730763257
1124,2026-05-08,-495.3499999999476,-360.93862887922586,7045.499999999913,7255.314638456048
1125,2026-05-11,-1883.7499999999127,-1591.430951977505,-1873.3999999999069,-1257.7753228160955
1126,2026-05-12,-565.7500000001746,-2587.53916543565,1974.099999999773,-487.2766704846815
1127,2026-05-13,-527.4000000000524,-1753.7814831298333,-519.7000000000407,-1449.2738037790527
1128,2026-05-14,-1450.5500000001339,-810.9771628143899,-1338.200000000128,-212.01530982947477
1129,2026-05-15,-811.7000000002736,-3058.6114664424367,-686.1000000002678,-2992.1218128939704
1130,2026-05-18,-4342.200000000099,-2043.0357819382577,-3540.20000000007,-1590.5805981632222
1131,2026-05-19,-4756.699999999953,-7847.59031561409,-4724.999999999942,-7824.491992134779
1132,2026-05-20,-1583.9499999998952,-1154.1510875406732,-716.2999999999302,469.9988501952303
1133,2026-05-21,-1600.9999999998545,-1598.376633357718,-1600.9999999998545,-425.5117044202496
1134,2026-05-22,-692.7499999999127,-1208.6820999022402,-568.6999999998952,-874.8605546589671
1135,2026-05-25,-57.89999999999418,-42.189051402255544,2101.100000000035,1530.974367897919
1136,2026-05-26,-214.89999999990687,-970.8168059338923,61.10000000015134,-147.29109766457444
1137,2026-05-27,-113.54999999995925,-82.73863189507563,151.9999999999418,545.1986837396283
1138,2026-05-28,-1256.5999999999767,-2551.9535635457823,-553.8999999999651,-742.121095380491
1139,2026-05-29,-813.8499999999476,-1053.4240472405374,-806.4999999999418,-839.8091256581484
