date,P1,X9a,BMOM,NETFUSE_1,PAIR23
2006-01-05,0.0,0.0,0.0,0.0,0.0
2006-01-06,0.0,0.0,0.0,0.0,0.0
2006-01-09,-44.36,-44.36,0.0,-44.36,-26.615999999999996
2006-01-09,0.0,0.0,0.0,0.0,0.0
2006-01-10,65.64,65.64,0.0,-213.08000000000004,39.384
2006-01-11,0.0,0.0,0.0,0.0,0.0
2006-01-11,0.0,0.0,0.0,0.0,0.0
2006-01-11,0.0,0.0,0.0,0.0,0.0
2006-01-12,0.0,0.0,0.0,-4.36,0.0
2006-01-12,0.0,0.0,0.0,0.0,0.0
2006-01-13,-174.36,-174.36,0.0,-248.72000000000003,-104.61600000000001
2006-01-16,0.0,0.0,0.0,0.0,0.0
2006-01-16,0.0,0.0,0.0,0.0,0.0
2006-01-16,0.0,0.0,0.0,0.0,0.0
2006-01-17,0.0,0.0,0.0,55.64,0.0
2006-01-17,0.0,0.0,0.0,0.0,0.0
2006-01-18,-118.72000000000001,-118.72000000000001,0.0,-118.72000000000001,-71.232
2006-01-18,-4.36,-4.36,0.0,-4.36,-2.6160000000000005
2006-01-19,0.0,0.0,0.0,75.64,0.0
2006-01-19,0.0,0.0,0.0,0.0,0.0
2006-01-20,0.0,0.0,0.0,0.0,0.0
2006-01-23,-368.72,-368.72,0.0,-353.08000000000004,-221.23200000000003
2006-01-23,0.0,0.0,0.0,0.0,0.0
2006-01-24,45.64,45.64,0.0,-68.72,27.384000000000004
2006-01-24,0.0,0.0,0.0,0.0,0.0
2006-01-25,0.0,0.0,0.0,-343.08000000000004,0.0
2006-01-25,0.0,0.0,0.0,0.0,0.0
2006-01-26,101.28,91.28,-14.36,-177.44000000000003,49.02400000000001
2006-01-26,0.0,0.0,0.0,0.0,0.0
2006-01-27,0.0,0.0,145.64,-104.36,58.25599999999999
2006-01-30,0.0,0.0,-64.36,0.0,-25.744
2006-01-30,0.0,0.0,0.0,0.0,0.0
2006-01-31,-164.36,-164.36,-8.719999999999999,-403.08000000000004,-102.10400000000001
2006-02-01,0.0,0.0,0.0,0.0,0.0
2006-02-01,191.28,191.28,235.64,26.919999999999987,209.02399999999997
2006-02-01,0.0,0.0,0.0,0.0,0.0
2006-02-02,0.0,0.0,0.0,-14.36,0.0
2006-02-03,-234.36,-234.36,115.64,-234.36,-94.36000000000001
2006-02-06,0.0,0.0,0.0,0.0,0.0
2006-02-07,25.64,25.64,-363.08000000000004,25.64,-129.848
2006-02-07,0.0,0.0,0.0,0.0,0.0
2006-02-08,0.0,0.0,0.0,0.0,0.0
2006-02-08,0.0,0.0,0.0,0.0,0.0
2006-02-09,0.0,0.0,-223.08000000000004,225.64,-89.23200000000001
2006-02-09,0.0,0.0,0.0,0.0,0.0
2006-02-10,265.64,265.64,-218.72000000000003,265.64,71.89599999999999
2006-02-13,0.0,0.0,135.64,82.04,54.25599999999999
2006-02-13,0.0,0.0,0.0,0.0,0.0
2006-02-14,0.0,0.0,-123.08000000000004,-234.36,-49.23200000000001
2006-02-14,0.0,0.0,0.0,0.0,0.0
2006-02-15,125.64,125.64,191.27999999999997,71.28,151.89600000000002
2006-02-15,0.0,0.0,0.0,0.0,0.0
2006-02-16,0.0,0.0,145.64,0.0,58.25599999999999
2006-02-16,0.0,0.0,0.0,0.0,0.0
2006-02-17,0.0,0.0,115.64,65.64,46.256
2006-02-20,0.0,0.0,0.0,0.0,0.0
2006-02-20,0.0,0.0,0.0,0.0,0.0
2006-02-21,-214.36,-414.36,131.27999999999997,-214.36,-196.10399999999998
2006-02-21,0.0,0.0,0.0,0.0,0.0
2006-02-22,205.64,205.64,181.27999999999997,205.64,195.896
2006-02-23,0.0,0.0,0.0,-4.36,0.0
2006-02-23,-194.36,-194.36,-418.72,-194.36,-284.104
2006-02-23,0.0,0.0,0.0,0.0,0.0
2006-02-24,0.0,0.0,-84.36,0.0,-33.744
2006-02-27,0.0,0.0,215.64,-34.36,86.256
2006-02-27,0.0,0.0,0.0,0.0,0.0
2006-02-28,-204.36,-204.36,-58.72000000000003,-318.72,-146.104
2006-02-28,0.0,0.0,0.0,0.0,0.0
2006-03-01,0.0,0.0,315.64,0.0,126.256
2006-03-01,0.0,0.0,0.0,0.0,0.0
2006-03-02,0.0,0.0,75.64,-104.36,30.256
2006-03-02,0.0,0.0,0.0,0.0,0.0
2006-03-03,0.0,0.0,-108.72,51.27999999999999,-43.488
2006-03-07,0.0,0.0,45.64,0.0,18.256
2006-03-08,0.0,0.0,0.0,0.0,0.0
2006-03-08,-128.72,-74.36,-753.08,-437.44000000000005,-345.848
2006-03-08,0.0,0.0,0.0,0.0,0.0
2006-03-09,0.0,0.0,-243.08000000000004,365.64,-97.23200000000001
2006-03-09,0.0,0.0,0.0,0.0,0.0
2006-03-10,35.64,35.64,-338.72,35.64,-114.10400000000001
2006-03-13,-81.8,-81.8,-124.36,-81.8,-98.824
2006-03-13,0.0,0.0,0.0,0.0,0.0
2006-03-14,475.64,475.64,535.64,475.64,499.64
2006-03-15,0.0,0.0,0.0,0.0,0.0
2006-03-15,-24.36,-24.36,-318.72,-68.72,-142.104
2006-03-16,0.0,0.0,0.0,0.0,0.0
2006-03-16,-204.36,-204.36,325.64,-103.08000000000004,7.639999999999986
2006-03-17,0.0,0.0,0.0,0.0,0.0
2006-03-17,-154.36,-104.36,0.0,-154.36,-62.616
2006-03-20,0.0,0.0,-44.36,0.0,-17.744
2006-03-21,0.0,0.0,0.0,0.0,0.0
2006-03-21,165.64,165.64,-603.08,419.47999999999996,-141.848
2006-03-22,0.0,0.0,0.0,0.0,0.0
2006-03-22,165.64,165.64,255.64,165.64,201.64
2006-03-22,0.0,0.0,0.0,0.0,0.0
2006-03-24,-24.36,-24.36,-198.72,-58.72,-94.104
2006-03-27,0.0,0.0,-34.36,0.0,-13.744
2006-03-27,0.0,0.0,0.0,0.0,0.0
2006-03-28,0.0,0.0,-318.72,125.64,-127.48800000000001
2006-03-28,0.0,0.0,0.0,0.0,0.0
2006-03-29,333.32,333.32,515.64,333.32,406.248
2006-03-29,0.0,0.0,0.0,0.0,0.0
2006-03-30,-34.36,-34.36,-308.72,-158.72,-144.104
2006-03-30,0.0,0.0,0.0,0.0,0.0
2006-03-31,0.0,0.0,-58.72000000000001,-227.44,-23.488000000000007
2006-04-03,-96.67999999999999,-96.67999999999999,-388.72,-181.04,-213.496
2006-04-03,0.0,0.0,0.0,0.0,0.0
2006-04-04,-4.36,-4.36,95.64,-4.36,35.64
2006-04-04,0.0,0.0,0.0,0.0,0.0
2006-04-05,55.64,55.64,175.64,-128.72000000000003,103.64000000000001
2006-04-06,0.0,0.0,0.0,0.0,0.0
2006-04-06,-124.36,-124.36,115.64,-178.72,-28.359999999999996
2006-04-06,0.0,0.0,0.0,0.0,0.0
2006-04-07,-144.36,-284.36,166.92,-144.36,-103.848
2006-04-10,0.0,0.0,105.64,0.0,42.256
2006-04-10,0.0,0.0,0.0,0.0,0.0
2006-04-11,-184.36,-184.36,345.64,-28.720000000000027,27.639999999999986
2006-04-12,-76.16,-76.16,0.0,-76.16,-45.696
2006-04-12,0.0,0.0,-218.72,0.0,-87.488
2006-04-12,0.0,0.0,0.0,0.0,0.0
2006-04-12,0.0,0.0,0.0,0.0,0.0
2006-04-13,0.0,0.0,-38.72,0.0,-15.488
2006-04-17,65.64,65.64,-68.72000000000003,65.64,11.895999999999992
2006-04-17,0.0,0.0,0.0,0.0,0.0
2006-04-18,0.0,0.0,455.64,0.0,182.256
2006-04-18,0.0,0.0,0.0,0.0,0.0
2006-04-19,0.0,0.0,-288.72,-74.36,-115.48800000000001
2006-04-19,0.0,0.0,0.0,0.0,0.0
2006-04-20,0.0,0.0,-423.08000000000004,-78.72,-169.23200000000003
2006-04-20,0.0,0.0,0.0,0.0,0.0
2006-04-21,-68.72,-68.72,495.64,-68.72,157.024
2006-04-24,0.0,0.0,-64.36,0.0,-25.744
2006-04-24,0.0,0.0,0.0,0.0,0.0
2006-04-25,-227.44000000000005,-227.44000000000005,155.64,-526.1600000000001,-74.20800000000004
2006-04-25,0.0,0.0,0.0,0.0,0.0
2006-04-26,0.0,0.0,-84.36,-84.36,-33.744
2006-04-26,0.0,0.0,0.0,0.0,0.0
2006-04-27,-14.36,-54.36,-278.72,-193.08000000000004,-144.10399999999998
2006-04-27,0.0,0.0,0.0,0.0,0.0
2006-04-28,-144.36,-144.36,195.64,-58.72000000000001,-8.360000000000014
2006-05-01,-137.44,-137.44,115.64,68.19999999999999,-36.208
2006-05-01,0.0,0.0,0.0,0.0,0.0
2006-05-02,-64.36,-64.36,105.64,-64.36,3.6400000000000032
2006-05-02,0.0,0.0,0.0,0.0,0.0
2006-05-03,0.0,0.0,-108.72,-181.80000000000004,-43.488
2006-05-03,0.0,0.0,0.0,0.0,0.0
2006-05-04,215.64,215.64,-44.36,215.64,111.63999999999999
2006-05-04,0.0,0.0,0.0,0.0,0.0
2006-05-05,0.0,0.0,65.64,0.0,26.256
2006-05-08,0.0,0.0,15.64,0.0,6.256
2006-05-08,0.0,0.0,0.0,0.0,0.0
2006-05-09,0.0,0.0,-24.36,5.64,-9.744
2006-05-09,0.0,0.0,0.0,0.0,0.0
2006-05-10,-209.36,-209.36,1.2799999999999727,-209.36,-125.10400000000001
2006-05-10,0.0,0.0,-19.36,0.0,-7.744
2006-05-11,0.0,0.0,696.28,0.0,278.512
2006-05-11,0.0,0.0,0.0,0.0,0.0
2006-05-12,-204.36,-204.36,-413.08000000000004,-298.08000000000004,-287.84800000000007
2006-05-15,-151.16000000000003,-147.44,-203.72000000000003,-151.16000000000003,-169.952
2006-05-15,0.0,0.0,0.0,0.0,0.0
2006-05-16,-158.07999999999998,-468.72,175.64,-342.44000000000005,-210.97600000000003
2006-05-16,0.0,0.0,0.0,0.0,0.0
2006-05-17,0.0,0.0,0.0,0.0,0.0
2006-05-17,0.0,0.0,0.0,0.0,0.0
2006-05-17,0.0,0.0,0.0,0.0,0.0
2006-05-18,-378.72,-189.36,226.27999999999997,81.27999999999997,-23.10400000000002
2006-05-18,0.0,0.0,0.0,0.0,0.0
2006-05-19,-179.36,-179.36,-173.08000000000004,-488.08000000000004,-176.848
2006-05-22,-209.36,0.0,-548.08,-218.08,-219.23200000000003
2006-05-22,0.0,0.0,0.0,0.0,0.0
2006-05-23,-158.72,-178.08000000000004,111.27999999999997,128.2,-62.336000000000034
2006-05-23,0.0,0.0,0.0,0.0,0.0
2006-05-24,-258.72,-258.72,-1036.16,-811.1600000000001,-569.6960000000001
2006-05-24,0.0,0.0,0.0,0.0,0.0
2006-05-25,0.0,0.0,-298.08000000000004,-209.36,-119.23200000000001
2006-05-26,0.0,0.0,-39.36,-199.36,-15.744
2006-05-29,0.0,0.0,0.0,0.0,0.0
2006-05-29,0.0,0.0,0.0,0.0,0.0
2006-05-30,0.0,0.0,0.0,0.0,0.0
2006-05-30,0.0,0.0,0.0,440.64,0.0
2006-05-31,-146.8,231.28,-443.72,-47.44,-38.720000000000006
2006-06-01,0.0,0.0,456.28,-229.36,182.512
2006-06-02,0.0,0.0,170.64,170.64,68.256
2006-06-05,0.0,0.0,535.64,304.48,214.256
2006-06-05,0.0,0.0,0.0,0.0,0.0
2006-06-06,-53.72,-53.72,-83.72000000000001,-53.72,-65.72
2006-06-07,0.0,0.0,-553.08,91.27999999999997,-221.23200000000003
2006-06-07,0.0,0.0,0.0,0.0,0.0
2006-06-08,-93.08000000000004,-18.08000000000004,-553.08,-93.08000000000004,-232.08
2006-06-09,-119.36,-284.36,-43.72000000000003,-119.36,-188.104
2006-06-12,-338.72,-338.72,416.28,227.55999999999995,-36.72000000000003
2006-06-13,-731.8000000000001,-328.72,-1066.8,-642.44,-623.952
2006-06-14,-293.08000000000004,-293.08000000000004,105.64,-98.72000000000001,-133.59200000000004
2006-06-15,0.0,0.0,610.64,0.0,244.256
2006-06-16,0.0,0.0,-577.44,115.64,-230.97600000000003
2006-06-19,-368.72,-343.08000000000004,240.64,-267.44000000000005,-109.59200000000006
2006-06-20,-158.72,5.64,-842.44,-140.52000000000004,-333.592
2006-06-21,360.64,360.64,415.64,360.64,382.64
2006-06-22,0.6399999999999997,0.6399999999999997,280.64,0.6399999999999997,112.63999999999999
2006-06-23,0.6399999999999997,10.64,-593.72,-143.08,-231.10399999999998
2006-06-26,0.0,0.0,-24.36,0.0,-9.744
2006-06-27,0.0,0.0,470.64,0.0,188.256
2006-06-28,101.28,101.28,-204.36,50.64,-20.976
2006-06-29,0.0,0.0,705.64,0.0,282.256
2006-06-30,0.0,0.0,240.64,115.64,96.256
2006-07-03,0.0,0.0,-94.36,0.0,-37.744
2006-07-03,0.0,0.0,0.0,0.0,0.0
2006-07-04,0.0,0.0,0.0,0.0,0.0
2006-07-05,0.0,0.0,290.64,475.64,116.256
2006-07-06,0.0,0.0,-159.36,0.0,-63.74400000000001
2006-07-07,-398.72,-398.72,-673.72,-103.08000000000004,-508.7200000000001
2006-07-10,-137.32,-107.96000000000001,-58.72000000000003,-117.96,-88.26400000000001
2006-07-11,0.0,0.0,-338.72,-354.36,-135.488
2006-07-12,0.0,0.0,450.64,415.64,180.256
2006-07-13,-498.72,51.28,-628.72,-249.36,-220.72000000000003
2006-07-14,-358.72,-358.72,61.27999999999999,-83.72000000000001,-190.72000000000003
2006-07-17,85.64,85.64,20.64,85.64,59.64000000000001
2006-07-18,0.0,0.0,0.0,0.0,0.0
2006-07-18,0.0,0.0,0.0,-134.36,0.0
2006-07-19,0.0,0.0,360.64,-283.08000000000004,144.256
2006-07-20,122.55999999999997,129.47999999999996,460.64,122.55999999999997,261.94399999999996
2006-07-21,0.0,0.0,115.64,265.64,46.256
2006-07-24,437.56,437.56,355.64,421.91999999999996,404.79200000000003
2006-07-25,41.91999999999997,41.91999999999997,-618.08,-275.5200000000001,-222.08
2006-07-26,-216.8,-19.36,-533.72,-127.44,-225.10399999999998
2006-07-27,-204.36,-314.36,-188.72000000000003,-204.36,-264.104
2006-07-28,-220.4,-420.92,315.64,-220.4,-126.296
2006-07-31,0.0,0.0,-268.72,-152.44000000000005,-107.48800000000001
2006-08-01,20.64,20.64,170.64,20.64,80.64
2006-08-02,0.0,0.0,135.64,-62.44,54.25599999999999
2006-08-03,121.28,35.64,250.64,121.28,121.63999999999999
2006-08-04,-208.07999999999998,-778.08,-68.72000000000003,-93.72,-494.33600000000007
2006-08-07,0.0,0.0,115.64,-231.16000000000003,46.256
2006-08-08,-2.4400000000000004,-2.4400000000000004,140.64,-172.44000000000003,54.791999999999994
2006-08-09,0.0,0.0,-628.08,260.64,-251.23200000000003
2006-08-10,-409.88,-409.88,-143.08000000000004,-236.8,-303.15999999999997
2006-08-11,0.0,0.0,40.64,-158.07999999999998,16.256
2006-08-14,0.0,0.0,-149.36,-67.44,-59.74400000000001
2006-08-15,1081.28,1081.28,-43.08000000000004,540.64,631.5360000000001
2006-08-16,0.0,0.0,-68.72000000000003,0.0,-27.48800000000001
2006-08-17,0.0,0.0,120.64,50.64,48.256
2006-08-18,0.0,0.0,-129.36,-327.44000000000005,-51.74400000000001
2006-08-21,0.0,0.0,-9.36,170.64,-3.7439999999999998
2006-08-22,0.0,0.0,-29.36,-282.44000000000005,-11.744
2006-08-23,0.0,0.0,11.279999999999973,121.28,4.511999999999989
2006-08-23,0.0,0.0,0.0,0.0,0.0
2006-08-24,-252.44,-252.44,-34.36,-188.07999999999998,-165.208
2006-08-25,0.0,0.0,-148.72000000000003,-34.36,-59.488000000000014
2006-08-28,56.92,56.92,190.64,56.92,110.40799999999999
2006-08-29,0.0,0.0,-179.36,-309.36,-71.744
2006-08-30,0.0,0.0,-189.36,0.0,-75.744
2006-08-31,0.0,0.0,-463.08000000000004,0.0,-185.23200000000003
2006-09-01,-64.36,65.64,-318.72,-64.36,-88.10400000000001
2006-09-04,0.0,0.0,0.0,0.0,0.0
2006-09-05,0.0,0.0,-128.72000000000003,-288.72,-51.488000000000014
2006-09-06,0.0,0.0,-3.7200000000000273,455.64,-1.4880000000000109
2006-09-06,0.0,0.0,0.0,0.0,0.0
2006-09-07,-193.72000000000003,-193.72000000000003,-493.72,-193.72000000000003,-313.72
2006-09-08,0.0,0.0,110.64,0.0,44.256
2006-09-11,0.0,0.0,370.64,-2.4399999999999977,148.256
2006-09-12,1061.28,1061.28,585.64,530.64,871.024
2006-09-13,0.0,0.0,61.27999999999999,0.0,24.511999999999993
2006-09-14,0.0,0.0,80.64,0.0,32.256
2006-09-15,0.0,0.0,95.64,50.64,38.256
2006-09-18,-123.47999999999999,-123.47999999999999,-203.72,-123.47999999999999,-155.57599999999996
2006-09-19,-133.07999999999998,-133.07999999999998,465.64,-133.07999999999998,106.40799999999999
2006-09-19,0.0,0.0,0.0,0.0,0.0
2006-09-20,-34.36,-34.36,135.64,-34.36,33.64
2006-09-21,0.0,0.0,-522.44,-166.16000000000003,-208.97600000000003
2006-09-22,-138.72,-138.72,170.64,-69.36,-14.975999999999999
2006-09-25,0.0,0.0,-373.08000000000004,-414.36,-149.23200000000003
2006-09-26,25.64,25.64,-108.72000000000001,-73.08,-28.104000000000006
2006-09-27,0.0,0.0,-84.36,-52.44,-33.744
2006-09-28,0.0,0.0,-168.72,-139.36,-67.488
2006-09-29,0.0,0.0,145.64,-189.36,58.25599999999999
2006-10-02,0.0,0.0,315.64,0.0,126.256
2006-10-03,8.200000000000003,8.200000000000003,-233.72000000000003,52.56,-88.56800000000001
2006-10-04,0.0,0.0,795.64,-131.68,318.256
2006-10-05,0.0,0.0,-58.72000000000001,0.0,-23.488000000000007
2006-10-06,0.0,0.0,-94.36,-169.36,-37.744
2006-10-09,0.0,0.0,80.64,17.56,32.256
2006-10-10,-59.36,-59.36,-29.36,-183.72,-47.36
2006-10-11,177.56,-82.44,-133.72,183.83999999999997,-102.952
2006-10-12,0.0,0.0,140.64,0.0,56.25599999999999
2006-10-13,0.0,0.0,-103.72000000000001,0.0,-41.48800000000001
2006-10-16,0.0,0.0,-24.36,0.0,-9.744
2006-10-17,-99.36,-99.36,80.64,166.27999999999997,-27.359999999999996
2006-10-18,-148.72,-208.72,186.27999999999997,126.27999999999999,-50.720000000000006
2006-10-19,0.0,0.0,-148.08000000000004,-288.72,-59.23200000000001
2006-10-20,-54.36,-54.36,35.64,-118.72,-18.359999999999996
2006-10-23,245.64,245.64,131.27999999999997,36.27999999999997,199.896
2006-10-24,-54.36,-54.36,-263.72,-54.36,-138.10399999999998
2006-10-25,0.0,0.0,155.64,-58.72,62.25599999999999
2006-10-26,0.0,0.0,-218.72000000000003,-253.72000000000003,-87.48800000000001
2006-10-27,0.0,0.0,420.64,246.92,168.256
2006-10-30,-18.72,-18.72,156.27999999999997,-9.36,51.279999999999994
2006-10-31,-338.72,-338.72,-433.72,-366.80000000000007,-376.72
2006-11-01,0.0,0.0,530.64,430.64,212.256
2006-11-02,-183.72000000000003,-183.72000000000003,90.64,-183.72000000000003,-73.97600000000003
2006-11-03,15.64,15.64,-83.72000000000001,11.280000000000001,-24.104000000000006
2006-11-06,0.0,0.0,320.64,0.0,128.256
2006-11-07,0.0,0.0,140.64,-74.36,56.25599999999999
2006-11-08,235.64,235.64,186.27999999999997,235.64,215.89600000000002
2006-11-08,0.0,0.0,0.0,0.0,0.0
2006-11-09,0.0,0.0,335.64,20.120000000000005,134.256
2006-11-10,-360.52000000000004,-360.52000000000004,-298.72,-166.8,-335.80000000000007
2006-11-13,0.0,0.0,31.279999999999973,0.0,12.51199999999999
2006-11-14,0.0,0.0,-413.08000000000004,-345.5200000000001,-165.23200000000003
2006-11-15,0.0,0.0,75.64,0.0,30.256
2006-11-16,-189.36,-158.07999999999998,-99.36,-189.36,-134.59199999999998
2006-11-16,0.0,0.0,0.0,0.0,0.0
2006-11-17,0.0,0.0,0.0,0.0,0.0
2006-11-17,0.0,0.0,85.64,-33.08,34.256
2006-11-20,-14.36,-14.36,-243.08000000000004,-381.80000000000007,-105.84800000000003
2006-11-21,0.0,0.0,10.64,0.0,4.256
2006-11-21,0.0,0.0,0.0,0.0,0.0
2006-11-22,0.0,0.0,-468.72,-259.36,-187.488
2006-11-23,0.0,0.0,0.0,0.0,0.0
2006-11-23,0.0,0.0,0.0,0.0,0.0
2006-11-24,0.0,0.0,195.64,-19.36,78.256
2006-11-27,0.0,0.0,620.64,770.64,248.256
2006-11-28,-206.80000000000004,-358.08000000000004,-318.08000000000004,-222.44000000000005,-342.08000000000004
2006-11-29,0.0,0.0,-448.72,-234.36,-179.488
2006-11-30,0.0,0.0,-741.8000000000001,-214.36,-296.72
2006-12-01,0.0,0.0,141.27999999999997,97.8,56.511999999999986
2006-12-04,0.0,0.0,310.64,0.0,124.256
2006-12-05,0.0,0.0,-24.36,-234.36,-9.744
2006-12-06,0.0,0.0,10.64,-28.08,4.256
2006-12-06,0.0,0.0,0.0,0.0,0.0
2006-12-07,0.0,0.0,0.0,0.0,0.0
2006-12-07,-219.36,-219.36,191.27999999999997,-198.72000000000003,-55.10400000000002
2006-12-08,215.64,215.64,111.27999999999999,215.64,173.896
2006-12-11,25.64,25.64,155.64,25.64,77.64
2006-12-11,0.0,0.0,0.0,0.0,0.0
2006-12-12,-19.36,-19.36,-268.08000000000004,-19.36,-118.84800000000003
2006-12-12,0.0,0.0,0.0,0.0,0.0
2006-12-13,10.64,10.64,165.64,21.28,72.64
2006-12-14,0.0,0.0,270.64,0.0,108.256
2006-12-15,0.0,0.0,-103.08000000000004,100.64,-41.23200000000001
2006-12-18,-248.72,-248.72,-28.720000000000027,171.27999999999997,-160.72
2006-12-19,-58.72,-58.72,-518.72,-58.72,-242.72000000000003
2006-12-20,-262.84000000000003,-262.84000000000003,-329.36,-202.96000000000004,-289.44800000000004
2006-12-21,0.0,0.0,185.64,0.0,74.256
2006-12-22,-492.20000000000005,-492.20000000000005,275.64,-302.84000000000003,-185.06400000000002
2006-12-26,0.0,0.0,0.0,0.0,0.0
2006-12-26,0.0,0.0,20.64,0.0,8.256
2006-12-27,0.0,0.0,-3.719999999999999,-104.36,-1.4879999999999995
2006-12-28,0.0,0.0,-139.36,5.64,-55.74400000000001
2006-12-28,0.0,0.0,0.0,0.0,0.0
2006-12-29,0.0,0.0,-89.36,101.91999999999999,-35.744
2007-01-02,0.0,0.0,0.0,0.0,0.0
2007-01-02,105.64,105.64,0.0,105.64,63.384
2007-01-03,0.0,0.0,-413.72,490.64,-165.488
2007-01-04,0.0,0.0,181.91999999999996,-278.72,72.76799999999999
2007-01-05,0.0,0.0,-54.36,30.64,-21.744
2007-01-08,40.64,40.64,-668.08,-153.72000000000003,-242.848
2007-01-08,0.0,0.0,0.0,0.0,0.0
2007-01-09,0.0,0.0,-1062.44,-456.15999999999997,-424.976
2007-01-10,0.0,0.0,211.91999999999996,-19.36,84.76799999999999
2007-01-11,0.0,0.0,205.64,0.0,82.256
2007-01-12,-143.07999999999998,-143.07999999999998,165.64,-48.72,-19.591999999999995
2007-01-15,0.0,0.0,0.0,0.0,0.0
2007-01-16,0.0,0.0,30.64,65.64,12.256
2007-01-17,0.0,0.0,-239.36,0.0,-95.744
2007-01-18,0.0,0.0,395.64,0.0,158.256
2007-01-19,-248.72,-248.72,60.64,-124.36,-124.976
2007-01-22,0.0,0.0,350.64,225.64,140.256
2007-01-23,0.0,0.0,-129.36,55.64,-51.74400000000001
2007-01-24,461.4,461.4,280.64,461.4,389.09599999999995
2007-01-25,0.0,0.0,56.91999999999996,340.64,22.767999999999983
2007-01-26,-124.36,-248.72,125.64,-124.36,-98.976
2007-01-29,-263.08000000000004,-237.44000000000003,60.64,-118.72000000000001,-118.20800000000001
2007-01-30,-148.07999999999998,-148.07999999999998,-24.36,-78.72,-98.59199999999998
2007-01-31,0.0,0.0,0.0,0.0,0.0
2007-01-31,150.64,150.64,0.0,150.64,90.38399999999999
2007-02-01,-79.88,-79.88,-493.08000000000004,-44.239999999999995,-245.16000000000003
2007-02-02,0.0,0.0,-114.36,-103.08000000000001,-45.744
2007-02-05,0.0,0.0,-378.08000000000004,-89.36,-151.23200000000003
2007-02-06,200.64,200.64,65.64,291.28,146.64
2007-02-07,31.28,31.28,-363.08000000000004,-148.72000000000003,-126.46400000000001
2007-02-08,0.0,0.0,-338.08000000000004,-119.36,-135.23200000000003
2007-02-09,-64.36,-64.36,241.27999999999997,286.91999999999996,57.895999999999994
2007-02-12,0.0,0.0,120.64,-98.72,48.256
2007-02-13,-208.72,-208.72,10.64,-104.36,-120.976
2007-02-14,0.0,0.0,380.64,0.0,152.256
2007-02-15,0.0,0.0,-238.08000000000004,0.0,-95.23200000000001
2007-02-15,0.0,0.0,0.0,0.0,0.0
2007-02-16,0.0,0.0,-13.719999999999999,-83.72,-5.4879999999999995
2007-02-19,-114.36,-114.36,0.0,-114.36,-68.616
2007-02-20,260.64,260.64,-128.08000000000004,151.27999999999997,105.15199999999997
2007-02-21,21.92,21.92,66.27999999999999,-173.08000000000004,39.664
2007-02-22,0.0,0.0,-253.72000000000003,-161.16,-101.48800000000001
2007-02-23,-108.72,-108.72,55.64,-178.07999999999998,-42.97599999999999
2007-02-26,0.0,0.0,360.64,115.64,144.256
2007-02-27,0.0,0.0,720.64,1615.64,288.256
2007-02-28,171.92,216.92,-273.08000000000004,126.91999999999999,20.91999999999998
2007-03-01,241.27999999999997,-89.36,56.27999999999997,637.56,-31.104000000000006
2007-03-02,-299.36,-123.72,-299.36,-299.36,-193.976
2007-03-05,30.64,30.64,-283.72,30.64,-95.10400000000001
2007-03-06,460.64,460.64,220.64,460.64,364.64
2007-03-07,0.0,0.0,-113.72000000000001,-189.88000000000005,-45.48800000000001
2007-03-08,151.28,272.56,100.64,41.92,203.792
2007-03-09,0.0,0.0,215.64,180.64,86.256
2007-03-12,0.0,0.0,175.64,-99.36,70.256
2007-03-13,0.0,0.0,-143.72000000000003,261.28,-57.488000000000014
2007-03-14,-306.1600000000001,13.839999999999918,-1377.44,-571.8000000000001,-542.6720000000001
2007-03-15,0.0,0.0,-39.36,-203.60000000000002,-15.744
2007-03-16,-268.72,-268.72,65.64,-134.36,-134.97600000000003
2007-03-16,0.0,0.0,0.0,0.0,0.0
2007-03-19,0.0,0.0,-94.36,0.0,-37.744
2007-03-19,-40.519999999999996,-40.519999999999996,0.0,-40.519999999999996,-24.311999999999998
2007-03-20,0.0,0.0,-4.36,0.0,-1.7440000000000002
2007-03-21,0.0,0.0,46.27999999999997,-253.08,18.51199999999999
2007-03-22,-152.44000000000005,-152.44000000000005,80.64,-261.80000000000007,-59.20800000000004
2007-03-23,0.0,0.0,5.64,0.0,2.256
2007-03-26,0.0,0.0,0.0,0.0,0.0
2007-03-26,271.28,271.28,0.0,135.64,162.76799999999997
2007-03-27,0.0,0.0,0.0,0.0,0.0
2007-03-27,0.0,0.0,85.64,-19.36,34.256
2007-03-28,-299.36,-288.72,-803.08,-299.36,-494.46400000000006
2007-03-29,-288.08000000000004,-638.08,155.64,-133.72000000000003,-320.59200000000004
2007-03-30,0.0,0.0,-378.72,-59.36,-151.488
2007-04-02,0.0,0.0,-193.72000000000003,-133.07999999999998,-77.48800000000001
2007-04-03,0.0,0.0,225.64,0.0,90.256
2007-04-04,0.0,0.0,10.64,0.0,4.256
2007-04-05,0.0,0.0,-193.72000000000003,0.0,-77.48800000000001
2007-04-05,0.0,0.0,0.0,0.0,0.0
2007-04-06,0.0,0.0,0.0,0.0,0.0
2007-04-09,-99.36,-99.36,125.64,-168.72,-9.359999999999996
2007-04-10,0.0,0.0,135.64,0.0,54.25599999999999
2007-04-11,0.0,0.0,295.64,205.64,118.256
2007-04-12,230.64,230.64,-13.720000000000027,230.64,132.896
2007-04-13,0.0,0.0,-154.36,-164.36,-61.74400000000001
2007-04-16,0.0,0.0,140.64,0.0,56.25599999999999
2007-04-17,0.0,0.0,-19.36,-139.36,-7.744
2007-04-18,-181.16000000000003,-181.16000000000003,60.64,-102.44,-84.44000000000001
2007-04-19,-9.36,-4.36,-103.72000000000001,-133.07999999999998,-44.104000000000006
2007-04-20,93.84,83.84,-123.72000000000001,74.48,0.8159999999999968
2007-04-23,0.0,0.0,-49.36,0.0,-19.744
2007-04-24,-198.72,-198.72,-348.72,-248.72000000000003,-258.71999999999997
2007-04-25,0.0,0.0,-38.72000000000003,0.0,-15.48800000000001
2007-04-26,0.0,0.0,5.64,0.0,2.256
2007-04-27,0.0,0.0,-19.36,-201.80000000000007,-7.744
2007-04-30,0.0,0.0,355.64,325.64,142.256
2007-05-01,-204.36,-204.36,-238.72000000000003,-478.72,-218.10399999999998
2007-05-02,0.0,0.0,225.64,0.0,90.256
2007-05-03,0.0,0.0,-213.72000000000003,0.0,-85.48800000000001
2007-05-04,0.0,0.0,145.64,120.64,58.25599999999999
2007-05-07,0.0,0.0,-94.36,0.0,-37.744
2007-05-08,-9.36,-9.36,-128.72000000000003,-58.72,-57.104000000000006
2007-05-09,0.0,0.0,225.64,-106.55999999999999,90.256
2007-05-10,0.0,0.0,445.64,200.76,178.256
2007-05-11,290.64,290.64,375.64,290.64,324.64
2007-05-14,0.0,0.0,146.27999999999997,170.64,58.511999999999986
2007-05-15,0.0,0.0,-477.44000000000005,-73.72000000000003,-190.97600000000003
2007-05-16,86.91999999999999,32.56,-438.08000000000004,186.27999999999997,-155.696
2007-05-17,0.0,0.0,60.64,0.0,24.256
2007-05-18,-32.44,-32.44,-173.08000000000004,11.920000000000002,-88.69600000000001
2007-05-21,0.0,0.0,16.28,-74.36,6.5120000000000005
2007-05-22,-365.52,-365.52,-458.08000000000004,-236.8,-402.544
2007-05-22,0.0,0.0,0.0,0.0,0.0
2007-05-23,0.0,0.0,-388.08000000000004,185.64,-155.23200000000003
2007-05-24,-348.72,-443.72,366.91999999999996,-348.72,-119.46400000000003
2007-05-25,-173.6,-173.6,-143.07999999999998,-101.16,-161.392
2007-05-28,0.0,0.0,0.0,0.0,0.0
2007-05-29,50.64,50.64,85.64,-18.72,64.64000000000001
2007-05-30,0.0,0.0,321.28,-233.72000000000003,128.512
2007-05-31,0.0,0.0,25.64,0.0,10.256
2007-06-01,0.0,0.0,-278.72,-136.8,-111.48800000000001
2007-06-04,-18.599999999999994,-18.599999999999994,240.64,-18.599999999999994,85.096
2007-06-05,0.0,0.0,-94.36,-124.36,-37.744
2007-06-06,-149.36,-149.36,130.64,-18.720000000000027,-37.360000000000014
2007-06-07,0.0,0.0,0.0,0.0,0.0
2007-06-07,0.0,0.0,-3.7200000000000273,331.28,-1.4880000000000109
2007-06-08,-202.44,-242.44,26.91999999999996,-421.8,-134.696
2007-06-11,-462.44000000000005,-462.44000000000005,-129.36,-243.08000000000004,-329.208
2007-06-12,30.64,26.28,-588.08,162.56,-219.46400000000003
2007-06-13,541.28,541.28,26.279999999999973,270.64,335.28
2007-06-14,0.0,0.0,125.64,0.0,50.256
2007-06-15,481.28,481.28,-109.36,240.64,245.02399999999997
2007-06-18,0.0,0.0,0.0,0.0,0.0
2007-06-19,-68.08,-68.08,-39.36,-38.72,-56.592000000000006
2007-06-20,0.0,0.0,410.64,340.64,164.256
2007-06-21,275.64,275.64,-88.08000000000004,275.64,130.152
2007-06-22,0.0,0.0,220.64,180.64,88.256
2007-06-25,-128.72000000000003,-113.72000000000001,-473.08000000000004,73.19999999999993,-257.46400000000006
2007-06-26,-199.36,-199.36,290.64,-243.72000000000003,-3.3600000000000136
2007-06-27,475.64,475.64,386.28,475.64,439.896
2007-06-28,0.0,0.0,-94.36,-34.36,-37.744
2007-06-29,-54.36,-54.36,145.64,16.28,25.639999999999997
2007-07-02,0.0,0.0,155.64,0.0,62.25599999999999
2007-07-03,0.0,0.0,40.64,0.0,16.256
2007-07-03,0.0,0.0,0.0,0.0,0.0
2007-07-04,0.0,0.0,0.0,0.0,0.0
2007-07-04,0.0,0.0,0.0,0.0,0.0
2007-07-05,0.0,0.0,190.64,0.0,76.256
2007-07-06,0.0,0.0,-179.36,0.0,-71.744
2007-07-09,0.0,0.0,-99.36,-134.36,-39.744
2007-07-10,-253.72000000000003,-188.72000000000003,-358.72,-297.44000000000005,-256.72
2007-07-11,315.64,315.64,195.64,315.64,267.64
2007-07-12,0.0,0.0,485.64,0.0,194.256
2007-07-13,0.0,0.0,205.64,0.0,82.256
2007-07-16,0.0,0.0,-44.36,-129.36,-17.744
2007-07-17,-48.08,-48.08,175.64,-48.08,41.407999999999994
2007-07-18,21.28,21.28,-154.36,21.28,-48.976000000000006
2007-07-19,0.0,0.0,60.64,110.64,24.256
2007-07-20,-74.36,-74.36,235.64,-74.36,49.64
2007-07-23,-134.88,-111.16,90.64,-299.1200000000002,-30.440000000000005
2007-07-24,-603.08,-93.08,-48.08000000000004,-283.72,-75.08000000000001
2007-07-25,0.0,0.0,-188.08000000000004,-14.36,-75.23200000000001
2007-07-26,-756.1600000000001,-581.1600000000001,-552.44,-756.1600000000001,-569.6720000000001
2007-07-27,0.0,0.0,-48.08000000000004,-22.440000000000055,-19.232000000000017
2007-07-30,-429.2400000000001,-225.52000000000007,-866.8000000000001,-241.16000000000008,-482.03200000000004
2007-07-31,0.0,-94.36,1005.64,1010.64,345.64
2007-08-01,-595.5200000000001,-200.52000000000004,-1326.1600000000003,-1004.88,-650.7760000000002
2007-08-02,195.64,115.64,225.64,195.64,159.64000000000001
2007-08-03,0.0,0.0,600.64,600.64,240.256
2007-08-06,132.55999999999995,282.55999999999995,-208.08000000000004,-71.80000000000007,86.30399999999995
2007-08-07,0.0,0.0,-1137.4399999999998,-732.44,-454.97599999999994
2007-08-08,0.0,0.0,85.64,0.0,34.256
2007-08-09,0.0,0.0,-363.72,652.56,-145.488
2007-08-10,-391.80000000000007,-558.08,-183.72000000000003,-198.60000000000002,-408.33600000000007
2007-08-13,-384.76000000000005,14.599999999999952,-583.08,-182.95999999999998,-224.47200000000004
2007-08-14,-49.36,-49.36,640.64,117.56,226.64000000000001
2007-08-15,-469.36,-333.08000000000004,-318.08000000000004,-469.36,-327.08000000000004
2007-08-16,-84.36,-143.72,-358.72,193.19999999999993,-229.71999999999997
2007-08-17,-1156.8000000000002,-666.8000000000001,-463.72,-1399.88,-585.568
2007-08-20,0.0,6.279999999999973,-84.36,-343.72,-29.976000000000017
2007-08-21,-51.80000000000004,-51.80000000000004,211.27999999999997,-76.80000000000004,53.431999999999974
2007-08-22,-113.08,-13.079999999999998,155.64,1.2800000000000011,54.407999999999994
2007-08-23,59.480000000000004,59.480000000000004,66.27999999999997,131.39999999999998,62.19999999999999
2007-08-24,0.0,0.0,585.64,0.0,234.256
2007-08-27,0.0,0.0,-144.36,-168.72000000000003,-57.74400000000001
2007-08-28,0.0,0.0,251.27999999999997,0.0,100.51199999999999
2007-08-29,1761.28,1761.28,790.64,880.64,1373.024
2007-08-30,-348.72,-348.72,191.27999999999997,-462.44000000000005,-132.72000000000003
2007-08-31,0.12000000000000455,50.64,-169.36,-144.24000000000012,-37.36
2007-09-03,0.0,0.0,0.0,0.0,0.0
2007-09-04,0.0,0.0,560.64,-66.8,224.256
2007-09-05,25.64,25.64,330.64,25.64,147.64
2007-09-06,0.0,0.0,-84.36,-243.72000000000003,-33.744
2007-09-07,0.0,0.0,225.64,645.12,90.256
2007-09-10,0.0,0.0,76.27999999999997,140.64,30.51199999999999
2007-09-11,381.28,381.28,-308.72,106.27999999999999,105.27999999999997
2007-09-12,0.0,0.0,-59.36,-3.7200000000000006,-23.744
2007-09-13,-266.0400000000001,-283.4800000000001,80.64,-241.68000000000006,-137.83200000000005
2007-09-14,0.0,0.0,141.27999999999997,80.64,56.511999999999986
2007-09-17,0.0,0.0,-318.72,-61.16,-127.48800000000001
2007-09-18,583.8399999999999,1901.28,-23.720000000000027,75.99999999999989,1131.28
2007-09-19,0.0,0.0,-179.36,-4.36,-71.744
2007-09-20,-22.439999999999998,-22.439999999999998,-158.72,-213.36,-76.952
2007-09-21,381.28,381.28,-174.36,190.64,159.02399999999997
2007-09-24,0.0,0.0,-49.36,-44.36,-19.744
2007-09-25,0.0,0.0,226.27999999999997,0.0,90.51199999999999
2007-09-26,0.0,0.0,-39.36,0.0,-15.744
2007-09-27,0.0,0.0,65.64,-74.36,26.256
2007-09-28,-154.36,-154.36,-218.72000000000003,-154.36,-180.104
2007-10-01,0.0,0.0,405.64,0.0,162.256
2007-10-02,0.0,0.0,-29.36,-178.48,-11.744
2007-10-03,0.0,0.0,-693.08,-244.88000000000005,-277.232
2007-10-04,-191.04000000000008,-191.04000000000008,-154.36,-151.68000000000006,-176.36800000000005
2007-10-05,0.0,0.0,455.64,0.0,182.256
2007-10-08,-4.879999999999997,-4.879999999999997,71.27999999999999,-2.4399999999999986,25.583999999999996
2007-10-09,0.0,0.0,-348.72,0.0,-139.488
2007-10-10,0.0,0.0,-119.36,0.0,-47.744
2007-10-11,0.0,0.0,297.55999999999995,795.64,119.02399999999997
2007-10-12,0.0,0.0,221.27999999999997,-87.96,88.51199999999999
2007-10-15,0.0,0.0,161.91999999999996,326.28,64.76799999999999
2007-10-16,215.64,215.64,0.6399999999999997,34.479999999999905,129.64
2007-10-17,0.0,0.0,10.64,-113.08,4.256
2007-10-18,-13.720000000000027,61.27999999999997,-896.8000000000001,-556.0400000000002,-321.95200000000006
2007-10-19,90.64,90.64,975.64,90.64,444.64
2007-10-22,-57.320000000000164,-57.320000000000164,586.28,205.1199999999999,200.1199999999999
2007-10-23,0.0,0.0,-438.08000000000004,-223.08000000000004,-175.23200000000003
2007-10-24,-484.8800000000001,-739.2400000000001,-633.08,-316.68000000000006,-696.7760000000001
2007-10-25,411.28,411.28,480.64,1111.92,439.024
2007-10-26,80.64,-49.36,75.64,-167.44,0.6400000000000035
2007-10-29,0.0,0.0,-209.36,-114.88000000000001,-83.744
2007-10-30,-254.88000000000002,-254.88000000000002,165.64,-159.88000000000005,-86.67200000000003
2007-10-31,-401.8,-561.8000000000001,-548.72,-817.44,-556.568
2007-11-01,-408.72,-408.72,241.27999999999997,7.559999999999945,-148.72000000000003
2007-11-02,-309.24000000000007,-995.5199999999999,-94.36,-96.16,-635.0559999999998
2007-11-05,0.0,0.0,-233.72000000000003,-319.2400000000001,-93.48800000000001
2007-11-06,-218.07999999999998,28.200000000000003,-464.36,-118.08,-168.824
2007-11-07,0.0,0.0,21.279999999999973,616.92,8.51199999999999
2007-11-08,-250.52000000000004,-900.5200000000001,411.28,-186.16000000000003,-375.80000000000007
2007-11-09,0.0,0.0,390.64,0.0,156.256
2007-11-12,-1168.6000000000001,-1184.88,-1762.44,-1279.2400000000002,-1415.904
2007-11-13,1583.84,1643.84,1080.64,592.56,1418.56
2007-11-14,841.28,368.19999999999993,1025.64,738.1999999999999,631.176
2007-11-15,-426.80000000000007,0.0,-808.72,-389.2400000000001,-323.488
2007-11-16,0.0,261.28,-289.36,-397.44000000000005,41.02399999999998
2007-11-19,0.0,0.0,-573.08,-17.440000000000012,-229.23200000000003
2007-11-20,4.480000000000004,-519.24,-593.72,-449.24000000000007,-549.0319999999999
2007-11-21,0.0,0.0,-583.72,306.28,-233.488
2007-11-22,-339.2400000000001,-339.2400000000001,0.0,-141.80000000000004,-203.54400000000007
2007-11-23,-536.8000000000001,-366.80000000000007,-538.72,-533.6000000000001,-435.56800000000004
2007-11-26,0.0,0.0,-133.08000000000004,746.28,-53.23200000000001
2007-11-27,692.56,692.56,191.27999999999997,219.48,492.04799999999994
2007-11-28,-7.440000000000055,-7.440000000000055,700.64,-210.52000000000004,275.792
2007-11-29,-273.08000000000004,-377.44000000000005,240.64,-376.04,-130.20800000000003
2007-11-30,195.64,-691.1600000000001,585.64,157.55999999999995,-180.4400000000001
2007-12-03,-194.36,-159.36,-274.36,-436.80000000000007,-205.36000000000004
2007-12-04,-54.36,-241.16000000000003,-208.72000000000003,-54.36,-228.18400000000003
2007-12-05,506.91999999999996,506.91999999999996,255.64,521.28,406.40799999999996
2007-12-06,21.92,21.92,500.64,-177.44000000000005,213.408
2007-12-07,0.0,0.0,-119.36,-40.52000000000004,-47.744
2007-12-10,-188.07999999999998,-188.07999999999998,-114.36,-172.44,-158.592
2007-12-11,0.0,0.0,261.28,501.28,104.51199999999999
2007-12-12,463.8399999999999,401.28,-138.72000000000003,297.55999999999995,185.27999999999997
2007-12-12,0.0,0.0,0.0,0.0,0.0
2007-12-13,0.0,0.0,-773.72,-132.44,-309.488
2007-12-14,-176.16,-69.36,-164.36,-254.88000000000005,-107.35999999999999
2007-12-17,-139.36,-104.36,486.28,531.28,131.89600000000002
2007-12-18,-76.79999999999998,-711.16,195.64,2.5600000000000023,-348.44
2007-12-19,-27.439999999999998,-66.80000000000004,-4.36,-27.439999999999998,-41.82400000000003
2007-12-20,16.28,-204.36,-304.36,-527.9600000000002,-244.36000000000004
2007-12-21,0.0,0.0,-144.36,0.0,-57.74400000000001
2007-12-24,0.0,0.0,185.64,0.0,74.256
2007-12-26,153.84,153.84,-238.72000000000003,76.92,-3.1840000000000144
2007-12-27,-443.08000000000004,-443.08000000000004,51.27999999999997,-251.68,-245.33600000000007
2007-12-28,-157.44,-493.4800000000002,-88.72000000000001,-133.07999999999998,-331.57600000000014
2007-12-31,0.0,0.0,0.0,0.0,0.0
2007-12-31,0.0,0.0,115.64,0.0,46.256
2008-01-02,0.0,0.0,431.28,543.2,172.512
2008-01-03,-122.44,-251.8,-488.08000000000004,-380.5200000000001,-346.312
2008-01-04,0.0,0.0,1175.64,1811.92,470.25600000000003
2008-01-07,-1356.16,-1315.52,-637.44,-906.1600000000001,-1044.288
2008-01-08,0.0,0.0,96.27999999999997,786.4000000000001,38.511999999999986
2008-01-09,-377.96000000000004,-433.6,-827.4399999999999,-244.88,-591.1360000000001
2008-01-10,165.64,165.64,405.64,80.75999999999989,261.64
2008-01-11,0.0,0.0,375.64,0.0,150.256
2008-01-14,462.55999999999995,323.84,-259.36,189.47999999999996,90.55999999999999
2008-01-15,0.0,0.0,221.27999999999997,232.55999999999995,88.51199999999999
2008-01-16,-1520.52,-257.44000000000005,-1218.08,-787.44,-641.696
2008-01-17,-772.32,-1092.96,246.27999999999997,-717.96,-557.264
2008-01-18,55.64,-134.36,-613.08,-146.80000000000007,-325.84800000000007
2008-01-21,0.0,0.0,-518.08,992.56,-207.23200000000003
2008-01-22,-192.44000000000005,-717.44,995.64,-408.60000000000014,-32.20800000000004
2008-01-23,483.19999999999993,693.8399999999999,-593.08,483.19999999999993,179.0719999999999
2008-01-24,195.64,195.64,365.64,-336.1600000000001,263.64
2008-01-25,0.0,-538.72,1455.64,651.28,259.024
2008-01-28,-522.44,-64.36,-413.72,-826.1600000000001,-204.10399999999998
2008-01-29,-48.08,-525.52,-114.36,-112.44,-361.056
2008-01-30,-14.36,-69.36,110.64,212.03999999999996,2.6400000000000032
2008-01-31,741.92,597.56,775.64,741.92,668.792
2008-01-31,0.0,0.0,0.0,0.0,0.0
2008-02-01,0.0,-266.80000000000007,-229.36,-580.5200000000001,-251.82400000000007
2008-02-04,0.0,0.0,150.64,560.64,60.25599999999999
2008-02-05,-579.36,-227.44,-464.36,-579.36,-322.20799999999997
2008-02-06,-401.8,-591.16,825.64,-506.80000000000007,-24.44000000000001
2008-02-07,631.92,631.92,440.64,726.28,555.408
2008-02-08,0.0,0.0,-128.72000000000003,-453.08000000000004,-51.488000000000014
2008-02-11,-241.8,-51.80000000000004,0.0,-510.52000000000004,-31.080000000000023
2008-02-12,-192.44,-192.44,-49.36,-346.16,-135.208
2008-02-13,-178.72,171.27999999999997,-543.72,-328.08000000000004,-114.72000000000003
2008-02-14,0.0,0.0,570.64,292.55999999999995,228.256
2008-02-15,-621.1600000000001,-621.1600000000001,-84.36,-435.5200000000001,-406.44000000000005
2008-02-18,0.0,0.0,275.64,0.0,110.256
2008-02-19,-216.16000000000008,-216.16000000000008,695.64,-184.88000000000005,148.55999999999995
2008-02-20,-287.44,0.0,465.64,-72.96,186.256
2008-02-21,114.48,65.76,690.64,290.76,315.712
2008-02-22,0.0,0.0,65.64,150.64,26.256
2008-02-25,0.0,0.0,-333.72,-252.44,-133.488
2008-02-26,0.0,0.0,-603.08,-166.16000000000003,-241.23200000000003
2008-02-27,281.28,5.64,101.27999999999997,281.91999999999996,43.89599999999999
2008-02-28,0.0,0.0,-79.36,-110.39999999999999,-31.744
2008-02-29,-94.36,82.56,386.28,-94.36,204.048
2008-03-03,-24.36,-24.36,105.64,-556.8000000000001,27.639999999999997
2008-03-04,-532.44,-537.44,-1058.08,-492.44000000000005,-745.696
2008-03-05,30.64,30.64,-103.72,-117.43999999999998,-23.104
2008-03-06,-209.36,-209.36,466.28,-582.44,60.89599999999998
2008-03-07,36.27999999999999,36.27999999999999,-818.08,-187.44000000000005,-305.46400000000006
2008-03-10,-19.879999999999995,-19.879999999999995,550.64,352.68,208.32799999999997
2008-03-11,1533.84,1263.1999999999998,-688.08,482.55999999999995,482.68799999999993
2008-03-12,0.0,0.0,-833.72,-384.24000000000007,-333.488
2008-03-13,343.84,99.47999999999999,196.27999999999997,343.84,138.2
2008-03-14,46.27999999999997,-288.08000000000004,740.64,244.4799999999999,123.40799999999997
2008-03-17,-788.4800000000002,-771.1600000000001,195.64,-1062.2000000000003,-384.4400000000001
2008-03-18,1196.4,1196.4,795.64,1196.4,1036.096
2008-03-19,0.0,0.0,760.64,629.48,304.256
2008-03-20,305.76,324.47999999999996,-198.72000000000003,-79.24000000000001,115.19999999999996
2008-03-24,1913.84,1913.84,935.64,956.92,1522.56
2008-03-25,-32.959999999999994,-157.32,-808.08,-8.599999999999994,-417.62399999999997
2008-03-26,0.0,0.0,-79.36,0.0,-31.744
2008-03-27,-92.44,-92.44,405.64,-92.44,106.792
2008-03-28,0.0,0.0,-708.72,0.0,-283.488
2008-03-31,-84.24,-15.519999999999996,-9.36,-197.32000000000005,-13.055999999999997
2008-04-01,865.64,1871.28,865.64,766.28,1469.024
2008-04-02,-301.8,-22.439999999999998,-778.72,-316.80000000000007,-324.952
2008-04-03,0.0,0.0,70.64,-118.72,28.256
2008-04-04,-119.36,-119.36,-743.72,-465.5200000000001,-369.104
2008-04-07,-13.079999999999998,-201.8,170.64,-13.079999999999998,-52.82400000000003
2008-04-08,0.0,0.0,-458.72,0.0,-183.488
2008-04-09,0.0,0.0,410.64,271.28,164.256
2008-04-10,0.0,0.0,440.64,-152.44,176.256
2008-04-11,-37.31999999999999,-37.31999999999999,410.64,-37.31999999999999,141.86399999999998
2008-04-14,-4.36,-4.36,70.64,-4.36,25.639999999999997
2008-04-15,-109.36,-109.36,-263.72,-208.07999999999998,-171.10399999999998
2008-04-16,0.0,0.0,500.64,0.0,200.256
2008-04-17,185.64,185.64,10.64,-180.04000000000025,115.63999999999999
2008-04-18,0.0,0.0,-473.72,-439.36,-189.488
2008-04-21,-89.36,-129.36,310.64,-89.36,46.639999999999986
2008-04-22,180.64,180.64,275.64,180.64,218.63999999999996
2008-04-23,0.0,0.0,-308.72,-351.16,-123.48800000000001
2008-04-24,-236.16000000000008,-316.1600000000001,-263.72,174.47999999999993,-295.1840000000001
2008-04-25,131.28,-83.08000000000001,85.64,65.64,-15.592000000000008
2008-04-28,0.0,0.0,-448.08000000000004,0.0,-179.23200000000003
2008-04-29,-138.72,-138.72,245.64,-69.36,15.024000000000001
2008-04-29,0.0,0.0,0.0,0.0,0.0
2008-04-30,-76.8,-76.8,355.64,218.83999999999997,96.176
2008-05-01,0.0,0.0,1160.64,0.0,464.25600000000003
2008-05-02,0.0,0.0,345.64,300.64,138.256
2008-05-05,0.0,0.0,-578.72,-208.72000000000003,-231.488
2008-05-06,560.24,560.24,-293.72,560.24,218.656
2008-05-07,0.0,0.0,-478.08000000000004,338.84,-191.23200000000003
2008-05-08,-278.72,-278.72,-393.72,-139.36,-324.72
2008-05-09,-348.08000000000004,-348.08000000000004,-408.72,-178.72000000000003,-372.33600000000007
2008-05-12,0.0,0.0,415.64,0.0,166.256
2008-05-13,0.0,0.0,-159.36,-28.72,-63.74400000000001
2008-05-14,0.0,0.0,-294.36,120.64,-117.744
2008-05-15,0.0,0.0,356.28,0.0,142.512
2008-05-16,26.28,26.28,5.64,-110.52000000000002,18.024
2008-05-19,-14.36,-14.36,-848.08,-13.08,-347.848
2008-05-20,0.0,0.0,150.64,250.64,60.25599999999999
2008-05-21,0.0,0.0,521.28,798.2,208.512
2008-05-22,-421.80000000000007,-421.80000000000007,-563.08,-480.5200000000001,-478.31200000000007
2008-05-23,0.0,0.0,-453.72,-258.72,-181.488
2008-05-26,0.0,0.0,0.0,-73.72,0.0
2008-05-27,0.0,0.0,450.64,-119.36,180.256
2008-05-28,41.28,-8.72,-34.36,-3.0799999999999983,-18.976
2008-05-29,0.0,0.0,300.64,-113.72,120.256
2008-05-30,0.0,0.0,-173.72000000000003,0.0,-69.48800000000001
2008-06-02,0.0,0.0,310.64,475.64,124.256
2008-06-03,0.0,0.0,-493.72,31.91999999999996,-197.488
2008-06-04,-11.80000000000004,-96.80000000000004,520.64,35.9999999999999,150.176
2008-06-05,490.64,490.64,326.28,341.28,424.896
2008-06-06,0.0,0.0,710.64,995.64,284.256
2008-06-09,-622.96,-967.32,245.64,-290.52000000000004,-482.1360000000001
2008-06-10,0.0,0.0,-283.72,-257.44000000000005,-113.48800000000001
2008-06-11,-133.07999999999998,-133.07999999999998,741.28,277.55999999999995,216.664
2008-06-12,78.19999999999995,113.19999999999995,-718.72,-77.44000000000004,-219.56800000000004
2008-06-13,0.0,0.0,-38.08000000000004,-483.08000000000004,-15.232000000000017
2008-06-16,61.28,-308.08000000000004,470.64,-182.44,3.40799999999997
2008-06-17,-197.44000000000003,-350.52000000000004,255.64,-358.60000000000014,-108.05600000000004
2008-06-18,0.0,0.0,30.64,0.0,12.256
2008-06-19,-9.88000000000008,-209.2400000000001,-503.08000000000004,-110.52000000000008,-326.77600000000007
2008-06-20,0.0,0.0,670.64,600.64,268.256
2008-06-23,0.0,0.0,256.28,138.32,102.51199999999999
2008-06-24,-92.44,-17.439999999999998,-378.72,-22.439999999999998,-161.952
2008-06-25,-44.36,-44.36,340.64,-28.08000000000004,109.64000000000001
2008-06-26,0.0,0.0,705.64,0.0,282.256
2008-06-27,-912.9600000000002,-827.96,-373.72,-1052.96,-646.264
2008-06-30,0.0,0.0,-238.72000000000003,-161.8,-95.48800000000001
2008-07-01,686.28,719.48,610.64,686.28,675.9440000000001
2008-07-02,72.56000000000002,72.56000000000002,830.64,733.8399999999999,375.79200000000003
2008-07-03,-485.5200000000001,-483.08000000000004,140.64,-296.1600000000001,-233.59200000000004
2008-07-03,0.0,0.0,0.0,0.0,0.0
2008-07-04,-129.88000000000002,-129.88000000000002,-124.36,-129.88000000000002,-127.67200000000003
2008-07-07,-95.52000000000004,12.560000000000002,-703.72,-95.52000000000004,-273.952
2008-07-08,262.55999999999995,426.91999999999996,551.28,262.55999999999995,476.66399999999993
2008-07-09,0.0,0.0,855.64,208.83999999999997,342.256
2008-07-10,-301.80000000000007,-301.80000000000007,40.64,-41.80000000000001,-164.82400000000004
2008-07-11,0.0,0.0,-14.36,186.27999999999997,-5.744
2008-07-14,211.28,-1088.72,625.64,105.64,-402.976
2008-07-15,-327.44,-857.44,-488.72,-147.44,-709.952
2008-07-16,258.19999999999993,188.19999999999993,126.27999999999997,258.19999999999993,163.43199999999996
2008-07-17,0.0,-393.08000000000004,-134.36,-1.1600000000000117,-289.59200000000004
2008-07-18,31.28,31.28,90.64,176.27999999999997,55.024
2008-07-21,61.28,61.28,30.64,-207.32000000000002,49.024
2008-07-22,-199.24000000000012,15.11999999999989,365.64,-200.5200000000001,155.32799999999992
2008-07-23,0.0,0.0,220.64,166.27999999999997,88.256
2008-07-24,-129.36,-129.36,610.64,401.91999999999996,166.64
2008-07-25,0.0,0.0,0.0,0.0,0.0
2008-07-25,-95.52000000000004,-95.52000000000004,-298.72,-141.80000000000007,-176.80000000000004
2008-07-28,-198.72000000000003,-178.72000000000003,51.27999999999997,76.91999999999996,-86.72000000000003
2008-07-29,-288.72,-288.72,520.64,-144.36,35.02399999999998
2008-07-29,0.0,0.0,0.0,0.0,0.0
2008-07-30,-557.44,-390.5200000000001,-938.72,-786.8000000000001,-609.8000000000001
2008-07-31,0.0,0.0,140.64,201.91999999999996,56.25599999999999
2008-08-01,1.2799999999999994,1.2799999999999994,260.64,237.55999999999995,105.024
2008-08-04,0.0,0.0,110.64,-381.80000000000007,44.256
2008-08-05,1043.96,994.6000000000001,770.64,1043.96,905.016
2008-08-06,0.0,0.0,-228.72000000000003,-169.8800000000001,-91.48800000000001
2008-08-07,-141.8,16.92,-928.72,-62.44,-361.336
2008-08-08,637.56,596.92,641.28,242.55999999999995,614.664
2008-08-11,193.83999999999997,140.11999999999998,-418.72,-150.6800000000003,-83.41600000000003
2008-08-12,-68.72,-68.72,-59.36,-511.80000000000007,-64.976
2008-08-13,0.0,0.0,-833.72,-266.80000000000007,-333.488
2008-08-14,213.83999999999997,238.2,530.64,233.2,355.176
2008-08-15,-216.44000000000003,-345.80000000000007,-498.72,-207.08000000000004,-406.968
2008-08-18,86.27999999999999,86.27999999999999,485.64,166.92,246.02399999999997
2008-08-19,0.0,0.0,-618.72,-64.88,-247.488
2008-08-20,0.0,0.0,135.64,-177.44000000000005,54.25599999999999
2008-08-21,-147.44,-43.72,-394.36,-151.8,-183.976
2008-08-22,0.0,0.0,240.64,-144.24,96.256
2008-08-25,0.0,0.0,390.64,0.0,156.256
2008-08-26,-65.39999999999999,-69.75999999999999,30.64,-47.31999999999999,-29.599999999999994
2008-08-27,-428.72,-428.72,50.64,-412.44000000000005,-236.97600000000003
2008-08-28,143.2,143.2,-63.72000000000001,143.2,60.431999999999995
2008-08-29,-224.36,-224.36,325.64,-224.36,-4.360000000000014
2008-09-01,0.0,0.0,0.0,0.0,0.0
2008-09-02,-64.36,-64.36,451.91999999999996,691.92,142.152
2008-09-03,0.0,0.0,-453.08000000000004,236.27999999999997,-181.23200000000003
2008-09-04,0.0,0.0,815.64,224.48,326.256
2008-09-05,-1067.96,-872.9600000000002,-893.08,-709.8800000000001,-881.0080000000002
2008-09-08,-308.08000000000004,-308.08000000000004,246.27999999999997,162.55999999999995,-86.33600000000004
2008-09-09,-48.08,-154.36,191.27999999999997,-82.3200000000001,-16.10400000000002
2008-09-10,-288.72,-891.1600000000001,0.6399999999999997,-262.44000000000005,-534.44
2008-09-11,1120.64,751.28,1065.64,1120.64,877.0240000000001
2008-09-12,-333.6000000000001,-163.07999999999998,-478.72,-480.40000000000015,-289.336
2008-09-15,0.0,0.0,-304.36,-419.2400000000001,-121.744
2008-09-16,-807.9600000000002,141.91999999999996,600.64,-425.5200000000001,325.408
2008-09-17,-218.72000000000003,-218.72000000000003,985.64,111.91999999999996,263.024
2008-09-18,-854.24,-297.96000000000004,-763.08,-718.6,-484.008
2008-09-19,1301.28,1301.28,555.64,1201.28,1003.024
2008-09-22,92.55999999999999,92.55999999999999,1450.64,1438.8400000000001,635.792
2008-09-23,-834.8800000000001,-824.8800000000001,-768.72,-362.96000000000015,-802.416
2008-09-24,-661.1600000000001,-779.8800000000001,-104.36,-596.8000000000001,-509.672
2008-09-25,-136.16000000000003,-136.16000000000003,-653.72,-341.1600000000001,-343.184
2008-09-26,137.55999999999995,0.0,595.64,353.19999999999993,238.256
2008-09-29,0.0,0.0,1905.64,2741.92,762.2560000000001
2008-09-30,1445.12,1445.12,1070.64,722.56,1295.328
2008-10-01,0.0,0.0,165.64,-48.72000000000001,66.256
2008-10-02,-278.72,-278.72,1065.64,368.8399999999999,259.024
2008-10-03,-450.52000000000004,-680.5200000000001,-768.72,-211.16000000000003,-715.8000000000001
2008-10-06,-229.36,-229.36,250.64,1133.2,-37.360000000000014
2008-10-07,0.0,-259.36,1685.64,753.8399999999999,518.6400000000001
2008-10-08,1341.28,1341.28,455.64,213.83999999999992,987.024
2008-10-09,428.19999999999993,189.4799999999999,-33.72000000000003,479.48,100.19999999999993
2008-10-10,361.91999999999996,0.0,-1308.72,-1400.52,-523.488
2008-10-13,2706.2799999999997,2695.64,606.2800000000001,2706.2799999999997,1859.896
2008-10-14,0.0,0.0,1775.64,1316.28,710.2560000000001
2008-10-15,0.0,0.0,1885.64,2385.12,754.2560000000001
2008-10-16,-343.6,-1308.6,-1518.72,-1614.2400000000002,-1392.648
2008-10-17,-198.08000000000004,0.0,-528.72,-495.5200000000001,-211.488
2008-10-20,111.91999999999999,363.19999999999993,-509.36,-305.5200000000001,14.175999999999977
2008-10-21,0.0,0.0,700.64,871.92,280.256
2008-10-22,-1315.52,-841.8000000000001,-194.36,-1315.52,-582.824
2008-10-23,0.0,0.0,-678.72,-241.80000000000007,-271.488
2008-10-24,0.0,0.0,1095.64,1060.64,438.25600000000003
2008-10-27,-1202.44,-1291.16,-604.36,-788.08,-1016.4400000000002
2008-10-27,0.0,0.0,0.0,0.0,0.0
2008-10-28,1307.8,1412.68,-433.7199999999999,1502.8,674.1200000000001
2008-10-29,-738.72,-858.72,-1833.7199999999998,-1591.1600000000003,-1248.7199999999998
2008-10-30,-516.0400000000002,293.8399999999999,-524.36,-516.0400000000002,-33.440000000000055
2008-10-31,-273.72,0.0,-334.36,-651.8000000000001,-133.744
2008-11-03,-173.72000000000003,-393.08000000000004,-204.36,-447.32000000000016,-317.59200000000004
2008-11-04,884.4799999999999,936.92,-578.72,890.7599999999999,330.66399999999993
2008-11-05,-154.36,-154.36,1170.64,765.76,375.64000000000004
2008-11-06,-458.08000000000004,-432.44000000000005,166.27999999999997,-657.44,-192.95200000000006
2008-11-07,-767.3200000000002,-911.6800000000002,-423.72,-657.96,-716.4960000000001
2008-11-10,0.0,0.0,920.64,1170.64,368.256
2008-11-11,0.0,0.0,155.64,-242.2,62.25599999999999
2008-11-12,-1175.52,-1175.52,655.64,-194.24000000000012,-443.0559999999999
2008-11-13,-2106.5600000000004,480.3600000000001,-1578.08,-1578.48,-343.0159999999999
2008-11-14,-334.36,0.0,-1468.72,-1434.6400000000003,-587.488
2008-11-17,-1051.04,-891.0400000000001,-109.36,-757.96,-578.368
2008-11-18,131.27999999999997,8.199999999999946,-363.72,131.27999999999997,-140.56800000000004
2008-11-19,0.0,0.0,701.2800000000001,130.75999999999988,280.51200000000006
2008-11-20,-1552.44,0.0,-1368.08,-1579.2400000000002,-547.232
2008-11-21,233.19999999999993,1031.92,-1238.08,-127.44000000000004,123.92000000000007
2008-11-24,0.0,0.0,176.91999999999996,-691.1600000000001,70.76799999999999
2008-11-25,-656.1600000000001,-1716.16,300.64,-186.16000000000008,-909.4400000000002
2008-11-26,1491.28,1491.28,1015.64,745.64,1301.024
2008-11-27,0.0,0.0,0.0,-123.6,0.0
2008-11-28,0.0,0.0,15.64,-49.879999999999995,6.256
2008-12-01,0.0,0.0,1145.64,980.88,458.25600000000003
2008-12-02,-486.04,-354.76,-213.72000000000003,-154.24,-298.344
2008-12-03,733.8399999999999,226.91999999999996,1165.64,271.2399999999998,602.408
2008-12-04,0.0,0.0,-1108.72,-91.04000000000008,-443.488
2008-12-05,171.27999999999997,581.28,-308.08000000000004,-122.44000000000005,225.53599999999997
2008-12-08,63.2,78.19999999999999,355.64,18.839999999999947,189.176
2008-12-09,-899.8800000000001,-1114.2399999999998,-44.36,-470.5200000000001,-686.2879999999998
2008-12-10,-690.28,-642.2,-139.36,-519.76,-441.064
2008-12-10,0.0,0.0,0.0,0.0,0.0
2008-12-10,0.0,0.0,0.0,0.0,0.0
2008-12-10,0.0,0.0,0.0,0.0,0.0
2008-12-11,0.0,0.0,390.64,0.0,156.256
2008-12-12,348.8399999999999,348.8399999999999,625.64,363.19999999999993,459.55999999999995
2008-12-15,0.0,0.0,400.64,83.31999999999988,160.256
2008-12-16,0.0,0.0,805.64,0.0,322.256
2008-12-17,-106.8,-106.8,-134.36,27.03999999999995,-117.824
2008-12-18,0.0,0.0,-1213.08,0.0,-485.23199999999997
2008-12-19,0.0,0.0,-199.36,0.0,-79.744
2008-12-22,-216.16000000000003,-216.16000000000003,425.64,-245.52000000000004,40.55999999999999
2008-12-23,0.0,0.0,-264.36,0.0,-105.744
2008-12-24,0.0,0.0,-84.36,0.0,-33.744
2008-12-26,0.0,0.0,0.0,0.0,0.0
2008-12-29,-21.799999999999997,-21.799999999999997,230.64,-110.52,79.176
2008-12-30,0.0,0.0,180.64,0.0,72.256
2008-12-31,0.0,0.0,200.64,0.0,80.256
2009-01-02,1072.56,1072.56,1015.64,536.28,1049.792
2009-01-05,0.0,0.0,-583.72,0.0,-233.488
2009-01-06,0.0,0.0,-99.36,0.0,-39.744
2009-01-07,0.0,0.0,125.64,0.0,50.256
2009-01-08,0.0,0.0,-458.72,-63.08,-183.488
2009-01-09,0.0,0.0,510.64,75.64,204.256
2009-01-12,0.0,0.0,365.64,0.0,146.256
2009-01-13,-17.439999999999998,-17.439999999999998,-158.72,-170.52000000000004,-73.952
2009-01-14,0.0,0.0,-108.72000000000003,582.1599999999999,-43.488000000000014
2009-01-15,-42.44000000000001,-11.159999999999997,-358.72,-53.08000000000003,-150.18400000000003
2009-01-16,0.0,0.0,-59.36,-134.36,-23.744
2009-01-19,0.0,0.0,0.0,434.08,0.0
2009-01-20,-304.8800000000001,-304.8800000000001,841.28,-67.32000000000016,153.58399999999992
2009-01-21,-195.1600000000001,-171.44000000000008,495.64,-197.0800000000001,95.39199999999994
2009-01-22,-381.80000000000007,-186.80000000000007,150.64,-279.24000000000007,-51.82400000000005
2009-01-23,-12.439999999999998,0.0,-98.08000000000004,-281.1600000000001,-39.23200000000001
2009-01-25,0.0,0.0,0.0,0.0,0.0
2009-01-26,438.32,438.32,-123.72000000000001,438.32,213.504
2009-01-27,-355.9200000000001,-346.56000000000006,180.64,-246.56000000000006,-135.68000000000006
2009-01-28,-196.36000000000024,-197.6400000000002,395.64,-38.00000000000017,39.67199999999987
2009-01-29,-18.72,-18.72,210.64,-195.16000000000008,73.024
2009-01-30,-146.68,-131.68,216.27999999999997,-381.04,7.503999999999985
2009-02-02,465.64,465.64,480.64,465.64,471.64
2009-02-03,-238.60000000000008,-382.9600000000001,-578.08,-238.60000000000008,-461.0080000000001
2009-02-04,-358.72,-358.72,-74.36,-358.72,-244.97600000000003
2009-02-05,282.55999999999995,282.55999999999995,795.64,461.91999999999996,487.79200000000003
2009-02-06,516.28,516.28,361.28,516.28,454.2799999999999
2009-02-09,-127.44,-127.44,-144.36,-234.88,-134.208
2009-02-10,-568.72,-148.72,41.27999999999997,-956.5600000000003,-72.72
2009-02-11,-296.16,-210.51999999999998,-94.36,-296.16,-164.05599999999998
2009-02-12,211.27999999999997,105.64,-198.72000000000003,-96.16000000000008,-16.104000000000006
2009-02-13,0.0,0.0,20.64,-74.36,8.256
2009-02-16,0.0,0.0,40.64,0.0,16.256
2009-02-17,0.0,0.0,-213.72000000000003,-278.72,-85.48800000000001
2009-02-18,-319.24,-399.24,0.6399999999999997,-116.16000000000001,-239.288
2009-02-19,42.56,42.56,-93.72000000000003,242.56,-11.952000000000009
2009-02-20,-527.96,-275.52000000000004,250.64,-527.96,-65.05600000000004
2009-02-23,35.64,35.64,890.64,35.64,377.64
2009-02-24,-724.2400000000001,-724.2400000000001,585.64,-351.80000000000007,-200.28800000000007
2009-02-25,-269.36,-83.08,-833.72,-448.72,-383.336
2009-02-26,-194.88000000000002,-319.24,690.64,322.03999999999996,84.71199999999999
2009-02-27,-779.1200000000001,-481.0400000000001,85.64,-835.2800000000003,-254.36800000000008
2009-03-02,-264.36,-68.08,-78.72000000000003,-264.36,-72.33600000000001
2009-03-03,0.0,-94.36,30.64,187.56,-44.36
2009-03-04,1004.48,1004.48,61.27999999999999,268.84,627.2
2009-03-05,-263.72,-34.36,-268.08000000000004,-452.44000000000005,-127.84800000000003
2009-03-06,-263.72,-463.08000000000004,310.64,-111.80000000000007,-153.59200000000004
2009-03-09,0.0,0.0,-314.36,411.91999999999996,-125.744
2009-03-10,2182.6800000000003,2182.6800000000003,795.64,1084.48,1627.864
2009-03-11,0.0,0.0,-328.72,-586.8000000000001,-131.488
2009-03-12,637.56,657.56,311.28,637.56,519.048
2009-03-13,-14.36,-28.72,-149.36,-295.40000000000015,-76.976
2009-03-16,0.0,0.0,410.64,227.16,164.256
2009-03-17,-23.480000000000018,-23.480000000000018,335.64,-70.92000000000007,120.16799999999998
2009-03-18,87.56,87.56,255.64,87.56,154.792
2009-03-19,-158.72000000000003,-158.72000000000003,260.64,-455.92000000000024,9.023999999999978
2009-03-20,-98.72,-108.08,-403.72,-208.48000000000013,-226.336
2009-03-23,0.0,0.0,246.27999999999997,-274.36,98.51199999999999
2009-03-24,0.0,0.0,10.64,-271.44000000000005,4.256
2009-03-25,-461.32000000000016,-841.32,-553.72,-270.91999999999996,-726.28
2009-03-26,0.0,0.0,136.27999999999997,0.0,54.511999999999986
2009-03-27,0.0,0.0,0.0,-37.44,0.0
2009-03-30,75.64,75.64,150.64,271.28,105.64000000000001
2009-03-31,0.0,0.0,0.6399999999999997,0.0,0.2559999999999999
2009-04-01,12.559999999999945,-76.80000000000007,321.28,12.559999999999945,82.43199999999995
2009-04-02,0.0,0.0,-83.72000000000001,-468.72,-33.48800000000001
2009-04-03,-38.08,-38.08,-558.72,-329.24,-246.336
2009-04-06,-107.96000000000004,-107.96000000000004,-359.36,-162.32000000000005,-208.52000000000004
2009-04-07,0.0,0.0,325.64,441.28,130.256
2009-04-08,106.28,156.28,-743.08,41.92,-203.464
2009-04-09,-188.72,-188.72,100.64,-94.36,-72.976
2009-04-13,0.0,0.0,0.0,-18.08,0.0
2009-04-14,-38.08,-67.44,15.64,-26.799999999999997,-34.208
2009-04-15,-220.52000000000004,-220.52000000000004,-209.36,-299.24,-216.05600000000004
2009-04-16,-103.08,270.64,-403.72,-381.1600000000001,0.8959999999999809
2009-04-17,0.0,0.0,0.0,0.0,0.0
2009-04-20,65.64,65.64,56.27999999999997,65.64,61.895999999999994
2009-04-21,-151.16000000000003,-111.16000000000001,460.64,-106.80000000000001,117.55999999999999
2009-04-22,0.0,0.0,96.27999999999997,-76.80000000000005,38.511999999999986
2009-04-23,0.0,0.0,-129.36,-203.07999999999998,-51.74400000000001
2009-04-24,0.0,0.0,-338.72,-568.08,-135.488
2009-04-26,0.0,0.0,0.0,0.0,0.0
2009-04-27,75.64,75.64,170.64,75.64,113.64000000000001
2009-04-28,-68.72,-53.72,-388.72,-47.44,-187.72
2009-04-29,355.64,355.64,-54.36,336.28,191.64000000000001
2009-04-30,236.27999999999997,236.27999999999997,-194.36,-94.88000000000011,64.02399999999997
2009-05-01,0.0,0.0,-94.36,-121.16000000000001,-37.744
2009-05-04,0.0,0.0,-123.72000000000001,0.0,-49.48800000000001
2009-05-05,0.0,0.0,-104.36,-109.36,-41.744
2009-05-06,0.0,0.0,250.64,146.27999999999997,100.256
2009-05-07,-98.72,-98.72,740.64,551.92,237.02399999999997
2009-05-08,-706.1600000000001,-706.1600000000001,-528.72,-689.2400000000001,-635.1840000000001
2009-05-11,356.28,330.64,400.64,376.91999999999996,358.64
2009-05-12,-376.80000000000007,-421.1600000000001,375.64,53.83999999999995,-102.44000000000005
2009-05-13,-178.08,-178.08,430.64,249.4799999999999,65.40799999999999
2009-05-14,-132.44,-132.44,195.64,-132.44,-1.2080000000000042
2009-05-15,166.27999999999997,166.27999999999997,-24.36,166.27999999999997,90.02399999999997
2009-05-18,631.4,631.4,440.64,631.4,555.0959999999999
2009-05-19,0.0,0.0,-68.72000000000003,-88.72,-27.48800000000001
2009-05-20,-268.08000000000004,-268.08000000000004,-299.36,-376.8,-280.592
2009-05-21,90.64,90.64,255.64,90.64,156.64000000000001
2009-05-22,0.0,0.0,40.64,-219.36,16.256
2009-05-25,-303.72,-303.72,0.0,-408.08000000000004,-182.23200000000003
2009-05-26,1005.64,1005.64,1115.64,866.92,1049.64
2009-05-27,0.6399999999999997,0.0,-653.72,-13.719999999999999,-261.488
2009-05-28,-749.7600000000001,-549.7600000000001,-693.72,-561.0400000000001,-607.344
2009-05-29,0.0,0.0,-59.36,-293.08000000000004,-23.744
2009-06-01,315.64,315.64,91.27999999999997,96.27999999999997,225.89600000000002
2009-06-02,-124.36,-124.36,100.64,-198.72,-34.36
2009-06-03,0.0,0.0,-39.36,73.96,-15.744
2009-06-04,0.0,0.0,230.64,-3.7199999999999998,92.256
2009-06-05,0.0,0.0,-188.72000000000003,71.27999999999999,-75.48800000000001
2009-06-08,0.0,0.0,-568.72,-358.36,-227.488
2009-06-09,-102.44,-102.44,0.0,-83.08,-61.464
2009-06-10,-28.08,-228.07999999999998,225.64,-18.72,-46.592000000000006
2009-06-11,0.0,0.0,5.64,-82.44,2.256
2009-06-12,0.0,0.0,0.6399999999999997,0.0,0.2559999999999999
2009-06-15,-19.36,-19.36,205.64,243.44,70.64
2009-06-16,0.0,0.0,290.64,-231.15999999999997,116.256
2009-06-17,-437.44000000000005,-437.44000000000005,-508.08000000000004,-213.08000000000004,-465.6960000000001
2009-06-18,-114.36,-114.36,-54.36,-372.44000000000005,-90.35999999999999
2009-06-18,0.0,0.0,0.0,0.0,0.0
2009-06-22,-285.4,-285.4,350.64,-251.04000000000002,-30.98399999999999
2009-06-23,0.0,0.0,-19.36,0.0,-7.744
2009-06-24,466.91999999999996,466.91999999999996,145.64,216.27999999999997,338.40799999999996
2009-06-25,453.19999999999993,453.19999999999993,655.64,548.84,534.176
2009-06-26,0.0,0.0,-38.72000000000001,0.0,-15.488000000000005
2009-06-29,-99.36,-143.72,-418.72,-501.1600000000001,-253.71999999999997
2009-06-30,0.0,0.0,-268.72,0.0,-107.48800000000001
2009-07-01,0.0,0.0,-309.36,0.0,-123.744
2009-07-02,0.0,0.0,225.64,0.0,90.256
2009-07-03,-327.32000000000016,-327.32000000000016,0.0,-139.88000000000005,-196.3920000000001
2009-07-06,10.64,10.64,-104.36,-31.799999999999997,-35.36
2009-07-07,0.0,0.0,670.64,565.64,268.256
2009-07-08,-186.8,-186.8,-299.36,-132.44,-231.824
2009-07-09,0.0,0.0,-243.72000000000003,0.0,-97.48800000000001
2009-07-10,-4.36,-4.36,125.64,-4.36,47.64
2009-07-13,308.2,308.2,-218.72000000000003,258.84,97.43199999999997
2009-07-14,60.64,60.64,60.64,-60.52000000000004,60.64000000000001
2009-07-15,0.0,0.0,335.64,0.0,134.256
2009-07-16,0.0,0.0,375.64,0.0,150.256
2009-07-17,-449.8800000000001,-449.8800000000001,-259.36,-447.8400000000001,-373.6720000000001
2009-07-20,0.0,0.0,-288.72,-243.08000000000004,-115.48800000000001
2009-07-21,0.0,0.0,-124.36,-190.52,-49.744
2009-07-22,-122.44,-212.44,95.64,-246.8,-89.208
2009-07-23,264.47999999999996,264.47999999999996,610.64,343.84,402.94399999999996
2009-07-24,-78.72,-78.72,185.64,-370.5200000000001,27.023999999999994
2009-07-27,0.0,0.0,-69.36,55.64,-27.744
2009-07-28,0.0,0.0,-798.08,-563.08,-319.232
2009-07-28,0.0,0.0,0.0,0.0,0.0
2009-07-29,-159.36,-159.36,-119.36,-451.80000000000007,-143.36
2009-07-30,0.0,0.0,-503.72,30.64,-201.488
2009-07-31,-459.24,-459.24,-119.36,-677.96,-323.288
2009-08-03,142.56,691.28,-134.36,16.919999999999987,361.024
2009-08-04,-507.44000000000005,-487.44000000000005,-303.72,-312.44,-413.95200000000006
2009-08-05,0.0,0.0,260.64,70.64,104.256
2009-08-06,-194.88,-619.24,-3.7200000000000273,-141.8,-373.03200000000004
2009-08-07,72.56,291.28,-183.72,36.28,101.27999999999999
2009-08-10,0.0,0.0,-518.08,0.0,-207.23200000000003
2009-08-11,0.0,0.0,-288.08000000000004,190.64,-115.23200000000001
2009-08-12,0.0,0.0,460.64,-168.72000000000003,184.256
2009-08-13,36.28,36.92,-29.36,41.92,10.408000000000001
2009-08-14,0.0,0.0,6.279999999999973,300.64,2.511999999999989
2009-08-17,0.0,0.0,185.64,835.64,74.256
2009-08-18,-5.400000000000119,-37.44,160.64,-1.6799999999999926,41.791999999999994
2009-08-19,0.0,0.0,505.64,-14.36,202.256
2009-08-20,0.0,0.0,305.64,-227.44,122.256
2009-08-21,96.28,340.64,-353.72,11.920000000000002,62.89599999999998
2009-08-24,0.0,0.0,-244.36,-34.36,-97.744
2009-08-25,131.28,131.28,-39.36,65.64,63.024
2009-08-26,-386.1600000000001,-386.1600000000001,-508.72,-570.2800000000003,-435.184
2009-08-27,121.27999999999997,121.27999999999997,-124.36,-54.88000000000005,23.023999999999983
2009-08-28,0.0,0.0,-278.72,180.64,-111.48800000000001
2009-08-31,0.0,0.0,-54.36,265.64,-21.744
2009-09-01,275.64,21.28,-198.72000000000003,418.19999999999993,-66.72
2009-09-02,-58.08,-58.72,80.64,-152.44,-2.975999999999999
2009-09-03,66.91999999999999,-246.80000000000007,-139.36,126.27999999999999,-203.82400000000004
2009-09-04,0.0,0.0,490.64,-104.36,196.256
2009-09-07,0.0,0.0,0.0,0.0,0.0
2009-09-08,0.0,0.0,-9.36,-38.72,-3.7439999999999998
2009-09-09,0.0,0.0,-233.72000000000003,-184.36,-93.48800000000001
2009-09-10,0.0,0.0,66.27999999999997,-149.36,26.51199999999999
2009-09-11,0.0,0.0,-84.36,0.0,-33.744
2009-09-14,210.64,210.64,290.64,191.27999999999997,242.63999999999996
2009-09-15,0.0,0.0,100.64,-149.88000000000005,40.256
2009-09-16,0.0,0.0,130.64,0.0,52.25599999999999
2009-09-17,-113.08000000000004,-113.08000000000004,-14.36,-237.44000000000005,-73.59200000000003
2009-09-18,-188.07999999999998,-233.07999999999998,80.64,-399.00000000000017,-107.59200000000001
2009-09-21,0.0,0.0,205.64,-25.4,82.256
2009-09-22,0.0,0.0,60.64,-118.08,24.256
2009-09-23,0.0,0.0,-658.08,290.64,-263.232
2009-09-24,-457.44000000000005,-827.44,375.64,-213.08000000000004,-346.208
2009-09-25,-830.5200000000001,-830.5200000000001,-84.36,-416.80000000000007,-532.056
2009-09-28,0.0,0.0,310.64,-233.72000000000003,124.256
2009-09-29,-498.08000000000004,-483.08000000000004,-183.72000000000003,-498.08000000000004,-363.33600000000007
2009-09-30,0.0,0.0,-338.72,-34.36,-135.488
2009-10-01,-214.36,-214.36,785.64,-208.72000000000003,185.64
2009-10-01,0.0,0.0,0.0,0.0,0.0
2009-10-02,5.64,15.64,80.64,-8.719999999999999,41.64
2009-10-05,-332.44000000000005,-441.16,-438.72,-465.5200000000001,-440.184
2009-10-06,0.0,0.0,315.64,-69.36,126.256
2009-10-07,0.0,0.0,-103.72000000000001,-99.36,-41.48800000000001
2009-10-08,-518.72,-518.72,-388.08000000000004,-259.36,-466.46400000000006
2009-10-09,135.64,135.64,46.27999999999997,135.64,99.89599999999999
2009-10-12,-39.36,-39.36,-149.36,-103.72,-83.36
2009-10-13,0.0,0.0,-29.36,0.0,-11.744
2009-10-14,0.0,0.0,-99.36,-44.36,-39.744
2009-10-15,0.0,0.0,20.64,-114.36,8.256
2009-10-16,-64.36,-64.36,60.64,101.27999999999999,-14.359999999999996
2009-10-19,10.64,0.6399999999999997,-153.72000000000003,-298.72,-61.104000000000006
2009-10-20,-94.36,-94.36,125.64,-138.08000000000004,-6.359999999999997
2009-10-21,-923.08,-923.08,-134.36,-638.08,-607.592
2009-10-22,71.28,71.28,-712.44,71.28,-242.20800000000003
2009-10-23,0.0,0.0,320.64,41.91999999999996,128.256
2009-10-26,-238.72,-238.72,-463.72,-241.80000000000007,-328.71999999999997
2009-10-27,0.0,0.0,-68.72000000000003,215.64,-27.48800000000001
2009-10-28,-358.72,-358.72,550.64,-98.36000000000024,5.023999999999978
2009-10-29,-188.72,-218.72,160.64,-323.72,-66.976
2009-10-30,0.0,0.0,680.64,307.55999999999995,272.256
2009-11-02,-722.44,121.28,-1207.44,-573.08,-410.20799999999997
2009-11-03,66.28,66.28,-393.72,126.92,-117.72
2009-11-04,0.0,0.0,-309.36,-43.72,-123.744
2009-11-05,720.64,720.64,355.64,646.28,574.64
2009-11-06,75.64,75.64,280.64,-127.43999999999998,157.64000000000001
2009-11-09,0.0,0.0,335.64,0.0,134.256
2009-11-10,0.0,0.0,45.64,0.0,18.256
2009-11-11,20.64,20.64,-169.36,-7.439999999999998,-55.36
2009-11-12,0.0,0.0,-573.72,-157.44,-229.488
2009-11-13,-339.24,-339.24,-193.72000000000003,-136.16000000000003,-281.03200000000004
2009-11-16,285.64,285.64,140.64,285.64,227.63999999999996
2009-11-17,-139.36,-139.36,70.64,-139.36,-55.360000000000014
2009-11-18,10.64,10.64,40.64,21.92,22.64
2009-11-19,0.0,0.0,250.64,345.64,100.256
2009-11-20,-134.36,-134.36,-44.36,-138.72000000000003,-98.36000000000001
2009-11-23,0.0,0.0,130.64,15.64,52.25599999999999
2009-11-24,-344.6400000000001,-344.6400000000001,50.64,-344.6400000000001,-186.52800000000008
2009-11-25,0.0,0.0,-84.36,0.6399999999999997,-33.744
2009-11-26,0.0,0.0,410.64,0.0,164.256
2009-11-27,193.2,2.5600000000000023,435.64,-64.88000000000005,175.792
2009-11-30,-227.44000000000005,-132.44000000000005,-199.36,-227.44000000000005,-159.20800000000003
2009-12-01,0.0,0.0,15.64,-49.36,6.256
2009-12-02,-87.44,-87.44,-139.36,-6.159999999999997,-108.208
2009-12-03,-50.519999999999996,-50.519999999999996,-128.72000000000003,-50.519999999999996,-81.80000000000001
2009-12-04,-366.8,-268.72,-323.72,-242.44,-290.72
2009-12-07,-217.32,-212.32,-273.72,-266.68000000000006,-236.88000000000002
2009-12-08,-167.20000000000005,-137.20000000000005,-563.72,-141.56000000000006,-307.80800000000005
2009-12-09,-337.44,-282.44,-43.72000000000003,-237.44,-186.952
2009-12-10,0.0,0.0,-64.36,-224.36,-25.744
2009-12-11,-168.07999999999998,-168.07999999999998,160.64,-128.72,-36.592
2009-12-14,-131.16,-194.24,-234.36,-231.16000000000008,-210.288
2009-12-15,0.0,0.0,-363.72,-103.08,-145.488
2009-12-16,-258.72,-228.72,-343.72,-129.36,-274.71999999999997
2009-12-17,-203.72000000000003,-203.72000000000003,175.64,-363.08000000000004,-51.97600000000002
2009-12-18,0.0,0.0,-103.72000000000001,0.0,-41.48800000000001
2009-12-21,0.0,0.0,115.64,0.0,46.256
2009-12-22,0.0,0.0,20.64,0.0,8.256
2009-12-23,0.0,0.0,55.64,0.0,22.256
2009-12-24,0.0,0.0,150.64,0.0,60.25599999999999
2009-12-28,0.0,0.0,5.64,-203.72000000000003,2.256
2009-12-29,0.0,0.0,15.64,0.0,6.256
2009-12-30,-74.36,-59.36,-14.36,-74.36,-41.36
2009-12-31,-82.32,-82.32,215.64,-82.32,36.864
2010-01-04,350.64,350.64,-89.36,350.64,174.64000000000001
2010-01-05,0.0,0.0,-238.72000000000003,0.0,-95.48800000000001
2010-01-06,0.0,0.0,-128.72000000000003,-221.80000000000007,-51.488000000000014
2010-01-07,-4.36,-4.36,-34.36,-4.36,-16.36
2010-01-08,235.64,235.64,350.64,141.27999999999997,281.64
2010-01-11,0.0,0.0,95.64,75.64,38.256
2010-01-12,0.0,0.0,150.64,295.64,60.25599999999999
2010-01-13,0.0,0.0,-238.08000000000004,34.480000000000004,-95.23200000000001
2010-01-14,-37.44,-37.44,85.64,-116.8,11.792000000000002
2010-01-15,-39.36,-39.36,191.27999999999997,176.91999999999996,52.895999999999994
2010-01-18,0.0,0.0,95.64,0.0,38.256
2010-01-19,0.0,0.0,450.64,-99.36,180.256
2010-01-20,260.64,260.64,125.64,816.28,206.64000000000001
2010-01-21,-14.36,-14.36,-113.72000000000003,401.91999999999996,-54.104000000000006
2010-01-22,-542.32,-407.96000000000004,546.92,-358.6000000000001,-26.008000000000038
2010-01-25,-617.32,-645.4000000000001,-433.72,-499.24000000000007,-560.7280000000001
2010-01-26,0.0,0.0,-458.72,-173.08000000000004,-183.488
2010-01-27,227.55999999999995,227.55999999999995,245.64,227.55999999999995,234.79199999999997
2010-01-28,-308.72,-308.72,500.64,141.91999999999996,15.023999999999978
2010-01-29,-331.16,-535.52,530.64,-515.52,-109.056
2010-02-01,0.0,0.0,200.64,0.0,80.256
2010-02-02,65.64,190.64,-434.36,27.560000000000002,-59.360000000000014
2010-02-03,0.0,0.0,310.64,-252.96000000000004,124.256
2010-02-04,0.0,0.0,680.64,930.64,272.256
2010-02-05,-231.80000000000004,-231.80000000000004,-353.72,-213.08000000000004,-280.56800000000004
2010-02-08,0.0,0.0,95.64,-93.72000000000001,38.256
2010-02-09,171.28,61.28,-74.36,-113.72000000000001,7.024000000000001
2010-02-10,-328.72,-328.72,-413.72,-163.72000000000003,-362.72
2010-02-11,262.55999999999995,111.91999999999996,-53.72000000000003,131.27999999999997,45.663999999999966
2010-02-12,245.64,-101.8,270.64,266.28,47.176
2010-02-15,0.0,0.0,0.0,0.0,0.0
2010-02-16,0.0,0.0,-113.72000000000001,-214.36,-45.48800000000001
2010-02-17,0.0,0.0,-94.36,0.0,-37.744
2010-02-18,0.0,0.0,165.64,0.0,66.256
2010-02-19,160.64,160.64,-762.44,116.27999999999999,-208.592
2010-02-22,-291.8,-291.8,190.64,-116.8,-98.82400000000003
2010-02-23,60.64,60.64,380.64,471.28,188.64000000000001
2010-02-24,0.0,0.0,75.64,-123.72,30.256
2010-02-25,191.27999999999997,191.27999999999997,-263.72,191.27999999999997,9.279999999999973
2010-02-26,0.0,0.0,-83.72000000000001,-154.36,-33.48800000000001
2010-03-01,0.0,0.0,295.64,0.0,118.256
2010-03-02,0.0,0.0,-94.36,-54.36,-37.744
2010-03-03,0.0,0.0,-14.36,0.0,-5.744
2010-03-04,-158.08,-56.16000000000004,-563.08,-153.72000000000003,-258.92800000000005
2010-03-05,0.0,0.0,205.64,0.0,82.256
2010-03-08,0.0,0.0,0.6399999999999997,0.0,0.2559999999999999
2010-03-09,160.64,160.64,205.64,105.24,178.64
2010-03-10,23.840000000000003,23.200000000000003,245.64,52.56,112.176
2010-03-11,42.56,42.56,0.6399999999999997,-33.08,25.792
2010-03-12,0.0,0.0,15.64,-119.36,6.256
2010-03-15,0.0,0.0,-458.72,0.0,-183.488
2010-03-16,0.0,0.0,-219.36,0.0,-87.744
2010-03-17,0.0,0.0,-19.36,-151.8,-7.744
2010-03-18,0.0,0.0,-139.36,0.0,-55.74400000000001
2010-03-19,0.0,0.0,335.64,165.64,134.256
2010-03-22,0.0,0.0,405.64,-148.72,162.256
2010-03-23,0.0,0.0,-343.08000000000004,0.0,-137.23200000000003
2010-03-24,0.0,0.0,30.64,-98.08,12.256
2010-03-25,-194.88000000000002,-216.16,285.64,3.1999999999999886,-15.440000000000008
2010-03-26,-313.08000000000004,-158.72,-318.72,-168.72000000000003,-222.71999999999997
2010-03-29,0.0,0.0,-109.36,0.0,-43.744
2010-03-30,-142.83999999999997,-142.83999999999997,-433.72,-87.96,-259.192
2010-03-31,0.0,0.0,-488.08000000000004,-141.8,-195.23200000000003
2010-04-01,-343.08000000000004,-593.08,-243.72000000000003,-158.72000000000003,-453.33600000000007
2010-04-02,0.0,0.0,0.0,0.0,0.0
2010-04-04,0.0,0.0,0.0,0.0,0.0
2010-04-05,0.0,0.0,41.27999999999997,0.0,16.51199999999999
2010-04-06,-74.36,-74.36,-123.72000000000001,-68.72,-94.104
2010-04-07,-14.36,-14.36,0.6399999999999997,-42.44,-8.36
2010-04-08,0.0,0.0,-168.72000000000003,-206.8,-67.48800000000001
2010-04-09,0.0,0.0,5.64,-104.36,2.256
2010-04-12,0.0,0.0,-69.36,-68.72,-27.744
2010-04-13,76.91999999999996,76.91999999999996,-243.08000000000004,-58.72000000000003,-51.08000000000004
2010-04-14,0.0,0.0,205.64,0.0,82.256
2010-04-15,0.0,0.0,160.64,0.0,64.256
2010-04-16,0.6399999999999997,0.6399999999999997,-252.44000000000005,45.760000000000005,-100.59200000000001
2010-04-19,0.0,0.0,-373.72,-252.20000000000005,-149.488
2010-04-20,93.83999999999997,93.83999999999997,-79.36,-15.520000000000039,24.559999999999985
2010-04-21,0.0,0.0,-29.36,-457.44,-11.744
2010-04-22,-346.80000000000007,-316.80000000000007,346.28,-125.5200000000001,-51.568000000000055
2010-04-23,86.27999999999999,521.28,-588.08,86.27999999999999,77.53599999999997
2010-04-26,0.0,0.0,-148.72000000000003,-77.44,-59.488000000000014
2010-04-27,-337.44000000000005,-337.44000000000005,451.28,-263.08000000000004,-21.952000000000044
2010-04-28,-54.36,-123.72,120.64,-137.44000000000003,-25.975999999999992
2010-04-29,445.11999999999995,509.48,445.64,509.48,483.9440000000001
2010-04-30,0.0,0.0,700.64,690.64,280.256
2010-05-03,681.28,681.28,345.64,381.28,547.024
2010-05-04,-193.72000000000003,-193.72000000000003,510.64,-193.72000000000003,88.02399999999997
2010-05-05,0.0,0.0,-338.72,-377.44000000000005,-135.488
2010-05-06,508.20000000000005,1067.5600000000002,116.27999999999997,205.76,687.048
2010-05-07,-1484.2400000000002,-1484.2400000000002,-528.08,-511.0400000000001,-1101.7760000000003
2010-05-10,1090.64,1090.64,165.64,1090.64,720.64
2010-05-11,-36.160000000000025,-1176.16,205.64,-134.8800000000001,-623.4400000000002
2010-05-12,1067.56,1067.56,385.64,332.55999999999995,794.792
2010-05-13,-1145.5199999999995,-809.8800000000001,-603.72,-1085.5199999999998,-727.416
2010-05-14,0.0,0.0,360.64,645.64,144.256
2010-05-17,0.0,0.0,-773.72,-153.60000000000008,-309.488
2010-05-18,0.0,0.0,695.64,423.84,278.256
2010-05-19,-258.08000000000004,-103.08,-658.72,-779.24,-325.336
2010-05-20,-219.36,-219.36,350.64,559.4799999999999,8.639999999999986
2010-05-21,-46.16000000000008,-691.1600000000001,835.64,285.1199999999999,-80.4400000000001
2010-05-24,-816.8000000000001,-358.72,-219.36,-581.1600000000001,-302.976
2010-05-25,-148.08,-139.36,-418.72,-763.08,-251.10399999999998
2010-05-26,0.0,0.0,-753.72,138.19999999999993,-301.488
2010-05-27,1371.28,1371.28,380.64,1161.28,975.024
2010-05-28,0.0,-244.36,-9.36,-188.72000000000003,-150.36
2010-05-31,51.28,51.28,0.0,25.64,30.768
2010-06-01,-159.36,0.0,-548.72,-27.440000000000055,-219.488
2010-06-02,-144.24000000000012,-204.24000000000012,-288.72,258.19999999999993,-238.03200000000007
2010-06-03,-214.88000000000005,-310.5200000000001,180.64,-354.2400000000001,-114.05600000000007
2010-06-04,0.0,0.0,-318.72,1361.28,-127.48800000000001
2010-06-07,261.28,47.55999999999996,745.64,674.48,326.792
2010-06-08,-52.44,-52.44,105.64,-476.1600000000001,10.792000000000002
2010-06-09,0.0,0.0,-963.08,-456.80000000000007,-385.232
2010-06-10,568.1999999999999,723.8399999999999,475.64,267.56,624.5599999999998
2010-06-11,555.64,387.55999999999995,570.64,456.28,460.79200000000003
2010-06-14,0.0,0.0,-584.36,-114.24000000000001,-233.744
2010-06-15,895.1199999999999,895.1199999999999,745.64,418.84,835.3279999999999
2010-06-16,0.0,0.0,136.27999999999997,-222.32000000000002,54.511999999999986
2010-06-17,-209.88000000000005,-219.24000000000007,30.64,-190.52000000000004,-119.28800000000005
2010-06-18,0.0,0.0,-29.36,0.0,-11.744
2010-06-21,126.28,36.92,805.64,645.12,344.408
2010-06-22,-453.72,-493.72,-368.72,-507.44000000000005,-443.7200000000001
2010-06-23,-380.9200000000001,-393.36,105.64,-231.04000000000002,-193.76
2010-06-24,-179.36,-179.36,-28.720000000000027,-396.80000000000007,-119.10400000000001
2010-06-25,-293.72,-293.72,140.64,-207.44000000000005,-119.97600000000003
2010-06-28,1.9200000000000017,1.9200000000000017,25.64,1.9200000000000017,11.408000000000001
2010-06-29,-34.36,-34.36,750.64,-34.36,279.64
2010-06-30,0.0,0.0,-563.72,121.27999999999999,-225.488
2010-07-01,-371.1600000000001,-496.1600000000001,-673.08,-731.1600000000001,-566.9280000000001
2010-07-02,-687.44,-602.44,-643.72,-717.44,-618.952
2010-07-05,0.0,0.0,-79.36,0.0,-31.744
2010-07-06,323.19999999999993,300.64,-248.72000000000003,323.19999999999993,80.89599999999999
2010-07-07,0.0,0.0,955.64,-309.24000000000007,382.256
2010-07-08,0.0,0.0,15.64,-306.8,6.256
2010-07-08,0.0,0.0,0.0,0.0,0.0
2010-07-09,0.0,0.0,225.64,0.0,90.256
2010-07-12,-98.72,-98.72,40.64,-52.44,-42.97599999999999
2010-07-13,-68.72,-166.8,-443.72,-298.6,-277.56800000000004
2010-07-14,6.920000000000002,-18.72,30.64,-76.67999999999999,1.024000000000001
2010-07-15,-142.44000000000005,-142.44000000000005,-274.36,-221.16000000000003,-195.20800000000003
2010-07-16,0.0,0.0,785.64,497.56,314.256
2010-07-19,-267.44000000000005,161.28,-783.72,-48.08000000000004,-216.71999999999997
2010-07-20,1036.2800000000002,1036.2800000000002,296.91999999999996,1036.2800000000002,740.5360000000001
2010-07-21,-138.72,-138.72,775.64,34.72,227.02399999999997
2010-07-22,1331.28,1331.28,345.64,641.92,937.024
2010-07-23,-514.7600000000001,-554.1200000000001,330.64,-327.32000000000005,-200.21600000000007
2010-07-26,0.0,0.0,-329.36,-126.16,-131.744
2010-07-27,0.0,0.0,10.64,0.0,4.256
2010-07-28,0.0,0.0,-423.72,-43.08,-169.488
2010-07-29,-200.92000000000007,-230.92000000000007,1.2799999999999727,22.67999999999995,-138.04000000000005
2010-07-30,91.28,46.92,-38.72000000000003,91.28,12.663999999999987
2010-08-02,333.8399999999999,410.64,-168.72000000000003,333.8399999999999,178.89600000000002
2010-08-03,0.0,0.0,-4.36,0.0,-1.7440000000000002
2010-08-04,-8.719999999999999,-8.719999999999999,150.64,-217.20000000000016,55.024
2010-08-05,0.0,0.0,25.64,-118.72,10.256
2010-08-06,325.64,25.64,285.64,316.91999999999996,129.64
2010-08-09,0.0,0.0,-209.36,0.0,-83.744
2010-08-10,0.0,0.0,-219.36,17.799999999999997,-87.744
2010-08-11,0.0,0.0,210.64,0.0,84.256
2010-08-12,88.2,88.2,350.64,101.92,193.176
2010-08-13,0.0,0.0,-189.36,60.64,-75.744
2010-08-16,-76.8,-67.44,-158.72000000000003,-37.44,-103.952
2010-08-17,466.28,466.28,165.64,466.28,346.024
2010-08-18,-14.36,-14.36,-333.72,-14.36,-142.104
2010-08-19,-699.2400000000001,-699.2400000000001,-238.72000000000003,-374.2400000000001,-515.032
2010-08-20,-266.80000000000007,-266.80000000000007,-204.36,-266.80000000000007,-241.82400000000007
2010-08-23,0.0,0.0,495.64,341.28,198.256
2010-08-24,-69.36,-69.36,185.64,96.27999999999999,32.64
2010-08-25,-563.08,-528.08,510.64,-458.08000000000004,-112.59200000000006
2010-08-26,-149.36,-149.36,380.64,-58.08000000000001,62.639999999999986
2010-08-27,-413.36,-925.4,-284.36,-206.68,-668.984
2010-08-30,0.0,0.0,-264.36,238.2,-105.744
2010-08-31,21.279999999999973,21.279999999999973,-378.72,21.279999999999973,-138.72000000000003
2010-09-01,0.0,0.0,465.64,-248.72000000000003,186.256
2010-09-02,0.0,0.0,55.64,0.0,22.256
2010-09-03,100.64,100.64,30.64,100.64,72.64000000000001
2010-09-06,0.0,0.0,0.0,0.0,0.0
2010-09-07,0.0,0.0,-224.36,-91.03999999999999,-89.744
2010-09-08,211.92,211.92,235.64,211.92,221.408
2010-09-09,-48.08,-48.08,-24.36,-117.44,-38.592
2010-09-10,1.2799999999999994,1.2799999999999994,-129.36,0.6399999999999997,-50.976000000000006
2010-09-13,-84.36,-84.36,135.64,-84.36,3.639999999999998
2010-09-14,-24.36,-24.36,170.64,-98.72,53.64
2010-09-15,6.400000000000006,6.400000000000006,-43.72000000000003,3.200000000000003,-13.648000000000007
2010-09-16,0.0,0.0,0.0,-158.72000000000003,0.0
2010-09-17,-64.36,-64.36,30.64,26.28,-26.359999999999996
2010-09-20,0.0,0.0,440.64,0.0,176.256
2010-09-20,0.0,0.0,0.0,0.0,0.0
2010-09-21,-464.2400000000001,-464.2400000000001,-518.72,-374.8800000000001,-486.03200000000004
2010-09-22,-316.1600000000001,-487.44000000000005,15.64,-316.1600000000001,-286.208
2010-09-23,0.0,0.0,95.64,-112.44000000000001,38.256
2010-09-24,1208.96,1208.96,191.27999999999997,611.4,801.888
2010-09-27,0.0,0.0,125.64,-123.08,50.256
2010-09-28,-144.36,-144.36,-89.36,-268.72,-122.36000000000001
2010-09-29,-296.80000000000007,-296.80000000000007,-44.36,-481.1600000000001,-195.82400000000004
2010-09-29,0.0,0.0,0.0,0.0,0.0
2010-09-30,-78.72,-343.72,-108.72000000000003,-78.72,-249.72000000000003
2010-10-01,-368.08000000000004,-478.08000000000004,310.64,-98.08000000000004,-162.59200000000004
2010-10-04,0.0,0.0,-328.72,-138.07999999999998,-131.488
2010-10-05,0.0,0.0,445.64,0.0,178.256
2010-10-06,0.0,0.0,-188.72000000000003,85.64,-75.48800000000001
2010-10-07,0.0,0.0,10.64,-240.4000000000001,4.256
2010-10-08,0.0,0.0,-443.72,-833.08,-177.488
2010-10-11,0.0,0.0,-219.36,0.0,-87.744
2010-10-12,287.56,287.56,-93.72000000000003,287.56,135.048
2010-10-13,-98.72,-98.72,-488.72,-168.72,-254.71999999999997
2010-10-14,136.27999999999997,136.27999999999997,0.6399999999999997,-157.32000000000016,82.02399999999997
2010-10-15,247.55999999999995,266.28,-298.72,2.559999999999974,40.27999999999997
2010-10-18,0.0,0.0,-144.36,-119.36,-57.74400000000001
2010-10-19,-646.8000000000001,-417.44000000000005,-848.08,-442.44000000000005,-589.6960000000001
2010-10-20,25.64,25.64,85.64,25.64,49.64
2010-10-21,-98.72000000000001,-88.08,-513.08,-183.08000000000004,-258.08000000000004
2010-10-22,0.0,0.0,31.279999999999973,-61.67999999999999,12.51199999999999
2010-10-25,0.0,0.0,-69.36,-64.36,-27.744
2010-10-26,273.2,273.2,41.27999999999997,273.2,180.43199999999996
2010-10-27,0.0,0.0,51.27999999999997,-108.72,20.51199999999999
2010-10-28,180.64,180.64,55.64,226.27999999999997,130.64
2010-10-29,0.0,0.0,-154.36,-58.72,-61.74400000000001
2010-11-01,-404.24,-149.24,-223.72000000000003,-404.24,-179.032
2010-11-02,0.0,0.0,25.64,0.0,10.256
2010-11-03,0.0,0.0,-199.36,-308.72,-79.744
2010-11-04,0.0,0.0,-69.36,-150.52000000000004,-27.744
2010-11-05,-228.07999999999998,-228.07999999999998,0.0,-228.07999999999998,-136.848
2010-11-08,0.0,0.0,-29.36,0.0,-11.744
2010-11-09,0.0,0.0,415.64,25.879999999999995,166.256
2010-11-10,0.0,0.0,-308.72,-277.44000000000005,-123.48800000000001
2010-11-11,-268.72,-268.72,-3.7200000000000273,-183.72000000000003,-162.72000000000003
2010-11-12,0.0,0.0,141.27999999999997,686.28,56.511999999999986
2010-11-15,-131.16000000000003,-131.16000000000003,320.64,-175.51999999999998,49.55999999999998
2010-11-16,-392.44000000000005,-288.72,-13.720000000000027,-392.44000000000005,-178.72000000000003
2010-11-17,-153.72000000000003,-153.72000000000003,-68.72,-336.8,-119.72000000000003
2010-11-18,215.64,265.64,155.64,166.27999999999997,221.63999999999996
2010-11-19,0.0,0.0,-134.36,0.0,-53.74400000000001
2010-11-22,365.64,276.28,405.64,521.92,328.024
2010-11-23,10.64,10.64,220.64,561.28,94.64
2010-11-24,0.0,0.0,320.64,-143.72000000000003,128.256
2010-11-25,0.0,0.0,0.0,-162.44,0.0
2010-11-26,185.64,185.64,-73.72000000000001,185.64,81.89599999999999
2010-11-29,-532.44,-532.44,-184.36,-17.44000000000004,-393.208
2010-11-30,0.0,0.0,-39.36,111.91999999999996,-15.744
2010-12-01,1591.28,1591.28,155.64,866.28,1017.024
2010-12-02,91.91999999999999,91.91999999999999,260.64,201.27999999999997,159.408
2010-12-03,0.0,0.0,280.64,-129.36,112.256
2010-12-06,0.0,0.0,0.0,-94.36,0.0
2010-12-07,0.0,0.0,445.64,350.64,178.256
2010-12-08,10.64,10.64,-284.36,10.64,-107.36000000000001
2010-12-09,0.0,0.0,150.64,-321.16,60.25599999999999
2010-12-10,-17.959999999999994,-17.959999999999994,-284.36,5.760000000000005,-124.52000000000001
2010-12-13,0.0,0.0,290.64,0.0,116.256
2010-12-14,0.0,0.0,-34.36,0.0,-13.744
2010-12-15,0.0,0.0,-488.72,-1.8000000000000114,-195.488
2010-12-16,155.64,155.64,180.64,155.64,165.64
2010-12-17,0.0,0.0,0.0,0.0,0.0
2010-12-20,1.2800000000000011,1.2800000000000011,-94.36,1.2800000000000011,-36.976
2010-12-21,0.0,0.0,-174.36,0.0,-69.744
2010-12-22,0.0,0.0,0.0,0.0,0.0
2010-12-23,0.0,0.0,-114.36,-73.08,-45.744
2010-12-27,225.64,225.64,-218.72000000000003,225.64,47.89599999999998
2010-12-28,0.0,0.0,120.64,0.0,48.256
2010-12-29,-50.519999999999996,-50.519999999999996,10.64,-50.519999999999996,-26.056
2010-12-30,0.0,0.0,35.64,0.0,14.256
2010-12-30,0.0,0.0,0.0,0.0,0.0
2010-12-31,0.0,0.0,95.64,0.0,38.256
2011-01-03,0.0,0.0,140.64,125.64,56.25599999999999
2011-01-04,-78.72,-78.72,110.64,-158.72,-2.975999999999999
2011-01-05,0.0,0.0,460.64,-19.36,184.256
2011-01-06,0.0,0.0,-169.36,0.0,-67.744
2011-01-07,190.64,190.64,20.64,21.279999999999973,122.63999999999999
2011-01-10,-13.080000000000013,-13.080000000000013,31.279999999999973,-226.8,4.663999999999982
2011-01-11,0.0,0.0,-93.72,-109.36,-37.488
2011-01-12,-197.84000000000006,-97.83999999999999,-139.36,-183.48000000000008,-114.44800000000001
2011-01-13,0.0,0.0,-29.36,0.0,-11.744
2011-01-14,140.64,140.64,-93.72000000000003,48.83999999999999,46.89599999999998
2011-01-17,0.0,0.0,-243.72000000000003,490.64,-97.48800000000001
2011-01-18,611.28,1191.92,415.64,611.28,881.408
2011-01-19,0.0,0.0,580.64,783.96,232.256
2011-01-20,10.64,10.64,120.64,10.64,54.64
2011-01-21,20.64,-129.36,400.64,20.64,82.63999999999999
2011-01-24,1.919999999999959,1.919999999999959,296.28,161.27999999999997,119.66399999999996
2011-01-25,-221.80000000000007,-37.44,215.64,-440.5200000000001,63.791999999999994
2011-01-26,-227.44,-227.44,-213.72000000000003,-594.8800000000001,-221.952
2011-01-27,-197.32000000000005,-197.32000000000005,20.64,-401.6800000000002,-110.13600000000004
2011-01-28,-82.44,-82.44,1080.64,-82.44,382.79200000000003
2011-01-31,-71.16,43.84,-503.72,2.5600000000000023,-175.18400000000003
2011-02-01,0.0,0.0,400.64,0.0,160.256
2011-02-02,0.0,0.0,-79.36,-179.88,-31.744
2011-02-03,-225.52000000000004,-225.52000000000004,-478.72,-225.52000000000004,-326.80000000000007
2011-02-04,0.0,0.0,-233.08000000000004,-378.72,-93.23200000000001
2011-02-07,0.0,0.0,-4.36,6.280000000000001,-1.7440000000000002
2011-02-08,-191.04000000000016,-176.68000000000015,230.64,-112.96000000000008,-13.75200000000009
2011-02-09,0.0,0.0,-168.72,0.0,-67.488
2011-02-10,0.0,0.0,-73.72000000000001,-191.68,-29.488000000000007
2011-02-11,0.0,0.0,340.64,-93.08,136.256
2011-02-14,0.0,0.0,65.64,0.0,26.256
2011-02-15,0.0,0.0,-488.08000000000004,-21.799999999999997,-195.23200000000003
2011-02-16,0.0,0.0,145.64,-209.36,58.25599999999999
2011-02-17,0.0,0.0,145.64,-183.6,58.25599999999999
2011-02-18,0.0,0.0,120.64,-50.519999999999996,48.256
2011-02-21,0.0,0.0,-148.72000000000003,350.64,-59.488000000000014
2011-02-22,-538.08,-538.08,515.64,366.91999999999996,-116.59200000000006
2011-02-23,-38.08,-38.08,41.27999999999997,-13.079999999999998,-6.33600000000001
2011-02-24,-76.44000000000014,-221.44000000000017,-952.44,82.92,-513.8400000000001
2011-02-25,734.72,734.72,340.64,312.8,577.088
2011-02-28,-43.08,-117.32000000000016,-488.72,-459.7600000000002,-265.8800000000001
2011-03-01,0.0,0.0,805.64,895.64,322.256
2011-03-02,53.83999999999992,53.83999999999992,130.64,26.91999999999996,84.55999999999995
2011-03-03,1601.28,1601.28,310.64,800.64,1085.024
2011-03-04,0.0,0.0,115.64,225.64,46.256
2011-03-07,-433.08000000000004,-1043.08,665.64,-471.8,-359.592
2011-03-08,-247.44000000000005,-247.44000000000005,-173.72000000000003,-122.44000000000004,-217.95200000000006
2011-03-09,-154.36,-154.36,35.64,26.919999999999973,-78.36000000000001
2011-03-10,0.0,0.0,80.64,66.28,32.256
2011-03-11,532.56,123.83999999999992,455.64,181.91999999999996,256.55999999999995
2011-03-14,-9.36,0.0,30.64,-131.8,12.256
2011-03-15,0.0,0.0,655.64,1041.28,262.256
2011-03-16,-564.88,-289.88000000000005,-33.72000000000003,-533.6000000000001,-187.41600000000003
2011-03-17,-92.32000000000002,-161.68,115.64,-69.24000000000011,-50.752
2011-03-18,6.920000000000002,-1073.08,400.64,51.28,-483.592
2011-03-21,581.28,581.28,-9.36,581.28,345.024
2011-03-22,-142.2,-142.2,0.0,-142.2,-85.32
2011-03-23,-49.36,-49.36,-533.72,-383.72,-243.10399999999998
2011-03-24,281.28,421.28,-298.72,71.91999999999997,133.27999999999997
2011-03-25,0.0,0.0,-249.36,0.0,-99.744
2011-03-28,-59.36,-59.36,395.64,-97.44,122.64000000000001
2011-03-29,221.91999999999996,221.91999999999996,295.64,351.28,251.408
2011-03-30,0.0,0.0,-154.36,-53.72000000000001,-61.74400000000001
2011-03-31,0.0,0.0,85.64,0.0,34.256
2011-04-01,0.0,0.0,180.64,-238.72000000000003,72.256
2011-04-04,-27.439999999999998,-27.439999999999998,160.64,-28.08,47.791999999999994
2011-04-05,0.0,0.0,-109.36,156.28,-43.744
2011-04-05,0.0,0.0,0.0,0.0,0.0
2011-04-06,3.200000000000003,-227.44000000000003,-283.08000000000004,47.56,-249.696
2011-04-07,0.0,0.0,-393.72,-94.36,-157.488
2011-04-08,-45.39999999999999,-45.39999999999999,166.27999999999997,-26.679999999999993,39.27199999999999
2011-04-11,0.0,0.0,235.64,-84.36,94.256
2011-04-12,-8.72,-8.72,-258.08000000000004,-8.72,-108.46400000000001
2011-04-13,125.64,95.64,-953.08,-237.44000000000005,-323.848
2011-04-14,0.0,0.0,-123.72000000000001,-295.52000000000004,-49.48800000000001
2011-04-15,-94.36,-248.72,-308.72,-94.36,-272.71999999999997
2011-04-18,410.64,410.64,-294.36,410.64,128.64000000000001
2011-04-19,21.28,21.28,-324.36,-197.44000000000005,-116.976
2011-04-20,0.0,0.0,175.64,0.0,70.256
2011-04-21,0.0,0.0,50.64,-114.36,20.256
2011-04-25,22.680000000000007,22.680000000000007,0.0,25.120000000000005,13.608000000000004
2011-04-26,16.28,16.28,-358.72,16.28,-133.72
2011-04-27,-208.24,-208.24,-503.08000000000004,-169.0,-326.17600000000004
2011-04-28,0.0,0.0,0.0,-218.60000000000008,0.0
2011-04-29,0.0,0.0,-59.36,0.0,-23.744
2011-05-02,0.0,0.0,95.64,275.64,38.256
2011-05-03,10.64,10.64,70.64,10.64,34.64
2011-05-04,0.0,0.0,-198.72000000000003,-584.2400000000001,-79.48800000000001
2011-05-05,-258.08000000000004,-626.8000000000001,-293.72,-52.440000000000026,-493.56800000000004
2011-05-06,0.0,0.0,-702.44,-133.08000000000004,-280.976
2011-05-09,-13.719999999999999,-13.719999999999999,-353.72,7.560000000000002,-149.72
2011-05-10,541.28,541.28,51.27999999999999,270.64,345.28
2011-05-11,-59.36,-59.36,-258.08000000000004,-73.08,-138.848
2011-05-12,186.91999999999996,186.91999999999996,96.27999999999997,186.91999999999996,150.66399999999996
2011-05-13,0.0,0.0,410.64,500.64,164.256
2011-05-16,-137.44,-137.44,-48.08000000000004,-186.8,-101.69600000000001
2011-05-17,-213.08,-228.08,226.27999999999997,-135.52,-46.33600000000001
2011-05-18,0.0,0.0,261.28,-111.8,104.51199999999999
2011-05-19,0.0,0.0,-94.36,-83.72,-37.744
2011-05-20,0.0,0.0,86.27999999999997,96.91999999999999,34.511999999999986
2011-05-23,-79.36,-79.36,-144.36,-79.36,-105.35999999999999
2011-05-24,0.0,0.0,335.64,0.0,134.256
2011-05-25,731.28,731.28,185.64,386.28,513.024
2011-05-26,-449.24000000000007,-449.24000000000007,350.64,-394.88000000000005,-129.28800000000007
2011-05-27,0.0,0.0,-24.36,-136.8,-9.744
2011-05-30,0.0,0.0,0.0,0.0,0.0
2011-05-31,0.0,0.0,-573.72,-379.36,-229.488
2011-06-01,-209.36,-179.36,566.28,-248.72000000000003,118.89599999999999
2011-06-02,-336.16,18.840000000000003,-728.08,-251.8,-279.928
2011-06-03,0.0,0.0,-299.36,280.76,-119.744
2011-06-06,-219.36,-108.72000000000001,-438.72,-338.72,-240.72000000000003
2011-06-07,-96.8,-119.24,105.64,-62.44,-29.287999999999993
2011-06-08,-548.08,-548.08,-78.72000000000001,-548.08,-360.33600000000007
2011-06-09,-546.1600000000001,-546.1600000000001,-163.72000000000003,-273.08000000000004,-393.1840000000001
2011-06-10,0.0,0.0,246.27999999999997,0.0,98.51199999999999
2011-06-13,-127.44,-31.799999999999997,-543.08,-127.44,-236.31200000000004
2011-06-14,531.28,531.28,155.64,265.64,381.024
2011-06-15,-344.36,-94.36,-223.08000000000004,-193.72000000000003,-145.848
2011-06-16,-407.44000000000005,-407.44000000000005,0.0,-213.08000000000004,-244.46400000000003
2011-06-16,0.6399999999999997,0.6399999999999997,120.64,91.28,48.64
2011-06-17,0.0,0.0,261.28,191.27999999999997,104.51199999999999
2011-06-20,471.28,471.28,245.64,196.27999999999997,381.024
2011-06-21,356.91999999999996,356.91999999999996,481.28,466.28,406.66399999999993
2011-06-22,0.0,0.0,-189.36,2.5599999999999996,-75.744
2011-06-23,891.28,243.83999999999992,266.28,445.64,252.81599999999995
2011-06-24,-119.36,-119.36,500.64,-119.36,128.64000000000001
2011-06-27,60.64,121.28,436.28,-233.08000000000004,247.28000000000003
2011-06-28,363.31999999999994,363.31999999999994,445.64,363.31999999999994,396.24799999999993
2011-06-29,0.0,25.64,-134.36,-383.72,-38.36
2011-06-30,0.0,0.0,320.64,0.0,128.256
2011-07-01,0.0,0.0,236.27999999999997,0.0,94.51199999999999
2011-07-03,0.0,0.0,0.0,0.0,0.0
2011-07-04,0.0,0.0,0.0,0.0,0.0
2011-07-05,0.0,0.0,0.0,0.0,0.0
2011-07-06,0.0,0.0,0.0,-78.08,0.0
2011-07-07,0.0,0.0,-483.72,0.0,-193.488
2011-07-08,-143.72000000000003,16.279999999999973,-808.72,-93.08000000000004,-313.72
2011-07-11,0.0,0.0,-123.72000000000003,471.28,-49.488000000000014
2011-07-12,-29.36,-29.36,210.64,-381.15999999999997,66.64
2011-07-13,-204.24,-204.24,-863.08,-231.8,-467.776
2011-07-14,48.19999999999996,-382.44000000000005,-103.08000000000004,-87.44000000000004,-270.696
2011-07-15,-16.799999999999997,-310.5200000000001,-189.36,-399.2400000000001,-262.05600000000004
2011-07-18,0.0,0.0,-343.72,-43.08,-137.488
2011-07-19,0.0,0.0,350.64,0.0,140.256
2011-07-20,0.0,0.0,435.64,25.64,174.256
2011-07-21,448.2,522.56,-23.720000000000027,462.55999999999995,304.04799999999994
2011-07-22,0.0,0.0,390.64,-124.36,156.256
2011-07-25,0.0,0.0,-133.72000000000003,-348.08000000000004,-53.488000000000014
2011-07-26,-38.72,-153.08000000000004,15.64,-137.44,-85.59200000000003
2011-07-27,0.0,0.0,730.64,0.0,292.256
2011-07-28,-83.08000000000004,-83.08000000000004,-338.72,-182.44000000000005,-185.33600000000004
2011-07-29,201.27999999999997,211.27999999999997,-698.08,201.27999999999997,-152.46400000000003
2011-08-01,61.91999999999999,-73.08000000000004,386.28,61.91999999999999,110.66399999999996
2011-08-02,0.0,0.0,-168.72000000000003,581.92,-67.48800000000001
2011-08-03,-103.08,-53.08,-1418.08,-216.8,-599.0799999999999
2011-08-04,-428.72,-428.72,1150.64,299.4799999999999,203.02400000000003
2011-08-05,-707.44,-736.8000000000001,271.28,-362.84000000000015,-333.56800000000004
2011-08-08,-1166.8000000000002,-1311.8000000000002,296.28,356.39999999999986,-668.5680000000001
2011-08-09,1520.64,1520.64,-1428.7199999999998,1520.64,340.8960000000001
2011-08-10,0.0,0.0,-1998.7199999999998,458.8399999999999,-799.4879999999999
2011-08-11,1088.8400000000001,1088.8400000000001,1135.64,1425.1200000000001,1107.5600000000002
2011-08-12,-13.719999999999999,37.56,-478.72,-168.08,-168.952
2011-08-15,226.27999999999997,226.27999999999997,210.64,226.27999999999997,220.02399999999997
2011-08-16,-4.36,0.0,-559.36,22.67999999999998,-223.744
2011-08-17,-84.36,0.0,-1148.08,-651.1600000000001,-459.23199999999997
2011-08-18,0.0,0.0,780.64,990.64,312.256
2011-08-19,62.55999999999996,0.0,-324.36,-632.9600000000002,-129.744
2011-08-22,-15.520000000000039,-614.88,715.64,499.47999999999996,-82.67199999999998
2011-08-23,1243.1999999999998,1243.1999999999998,606.28,868.1999999999999,988.432
2011-08-24,130.64,0.0,25.64,-131.80000000000007,10.256
2011-08-25,0.0,0.0,-243.72000000000003,-140.5200000000001,-97.48800000000001
2011-08-26,-46.80000000000007,428.19999999999993,-1493.72,-201.80000000000007,-340.56800000000004
2011-08-29,605.64,605.64,640.64,605.64,619.64
2011-08-30,-725.5200000000001,-640.5200000000001,295.64,-680.5200000000001,-266.0560000000001
2011-08-31,331.52,331.52,-534.36,165.76,-14.832000000000017
2011-09-01,-246.16000000000003,-92.44,-1043.08,-447.96000000000015,-472.696
2011-09-02,-906.1600000000001,-906.1600000000001,-258.72,-1095.52,-647.1840000000001
2011-09-05,0.0,0.0,20.64,517.56,8.256
2011-09-06,648.1999999999999,1274.48,890.64,768.1999999999999,1120.944
2011-09-07,501.28,715.64,0.0,501.28,429.384
2011-09-08,0.0,0.0,-14.36,-333.6000000000001,-5.744
2011-09-09,-298.72,-298.72,430.64,-472.44000000000005,-6.976000000000022
2011-09-12,1096.92,1096.92,790.64,1173.1999999999998,974.408
2011-09-13,-288.72,-545.5200000000001,-484.36,-721.1600000000001,-521.0560000000002
2011-09-14,581.28,780.64,-808.08,-71.80000000000007,145.152
2011-09-15,-225.52000000000004,-47.440000000000055,-279.36,-155.52000000000004,-140.20800000000003
2011-09-16,-26.799999999999997,-56.16,80.64,-196.16000000000008,-1.4399999999999977
2011-09-19,5.64,0.0,91.27999999999997,-98.08,36.511999999999986
2011-09-20,345.64,345.64,-1038.08,499.4799999999999,-207.84799999999996
2011-09-21,-183.72000000000003,-183.72000000000003,356.28,182.55999999999995,32.27999999999997
2011-09-22,-1171.1599999999996,-880.5200000000001,-1282.4399999999998,-1171.1599999999996,-1041.288
2011-09-23,-426.80000000000007,-926.8000000000001,600.64,-329.2400000000001,-315.824
2011-09-26,166.91999999999996,302.55999999999995,-504.36,1008.1999999999999,-20.208000000000037
2011-09-27,-463.72,-881.8000000000001,-1323.08,-842.44,-1058.312
2011-09-28,-358.08000000000004,-358.08000000000004,226.27999999999997,-96.68000000000018,-124.33600000000006
2011-09-28,0.0,0.0,0.0,0.0,0.0
2011-09-29,-159.12000000000012,-209.12000000000012,1020.64,1115.36,282.78399999999993
2011-09-30,0.0,0.0,-1143.72,-36.16000000000008,-457.488
2011-10-03,-1445.52,-1285.52,-1037.44,-1445.52,-1186.288
2011-10-04,610.76,546.4000000000001,46.91999999999996,630.12,346.60800000000006
2011-10-05,-540.5200000000001,-540.5200000000001,316.28,-865.5200000000001,-197.8000000000001
2011-10-06,-681.1600000000001,-576.1600000000001,-268.08000000000004,-625.5200000000001,-452.92800000000005
2011-10-07,0.0,0.0,105.64,110.64,42.256
2011-10-10,1295.64,1295.64,465.64,1295.64,963.64
2011-10-11,0.0,0.0,265.64,0.0,106.256
2011-10-12,-202.95999999999998,-125.52000000000001,95.64,-457.9600000000001,-37.05600000000001
2011-10-13,-441.8,-441.8,335.64,-243.08,-130.824
2011-10-14,-278.48,-342.84000000000003,35.64,-301.56000000000023,-191.448
2011-10-17,0.0,0.0,-263.72,821.92,-105.48800000000001
2011-10-18,-1536.5600000000002,-1425.2800000000002,-403.08000000000004,-1241.04,-1016.4
2011-10-19,0.0,0.0,620.64,0.0,248.256
2011-10-20,0.0,0.0,45.64,96.39999999999995,18.256
2011-10-21,18.679999999999907,14.319999999999922,5.64,-19.00000000000003,10.847999999999953
2011-10-24,442.55999999999995,442.55999999999995,705.64,138.83999999999992,547.792
2011-10-25,-368.72,-368.72,730.64,167.55999999999995,71.02399999999997
2011-10-26,-133.36000000000004,-157.08000000000004,16.279999999999973,-192.84000000000003,-87.73600000000003
2011-10-27,-348.72,-217.44000000000005,-718.72,-308.08000000000004,-417.95200000000006
2011-10-28,0.0,0.0,280.64,-272.7200000000001,112.256
2011-10-31,0.0,0.0,170.64,107.55999999999999,68.256
2011-11-01,-436.1600000000001,-560.5200000000001,-643.72,-1212.9599999999998,-593.8000000000001
2011-11-02,151.27999999999997,151.27999999999997,-44.36,173.19999999999993,73.02399999999997
2011-11-03,243.19999999999996,135.11999999999995,-253.72000000000003,310.7599999999999,-20.416000000000043
2011-11-04,0.0,0.0,-478.72,-153.72,-191.488
2011-11-07,-252.44000000000005,-117.44000000000004,-1103.08,-241.80000000000007,-511.696
2011-11-08,0.0,0.0,-1103.72,-406.0400000000001,-441.488
2011-11-09,0.0,0.0,590.64,1181.28,236.256
2011-11-10,291.28,291.28,405.64,163.95999999999992,337.024
2011-11-11,276.91999999999996,276.91999999999996,340.64,155.12,302.408
2011-11-14,-277.08000000000004,-277.08000000000004,-588.72,-277.08000000000004,-401.73600000000005
2011-11-15,98.19999999999993,335.64,515.64,46.63999999999993,407.64
2011-11-16,-335.52000000000004,-183.08,-1033.08,-249.24000000000012,-523.0799999999999
2011-11-17,-226.80000000000007,-226.80000000000007,970.64,29.47999999999996,252.17599999999993
2011-11-18,0.0,0.0,245.64,136.27999999999997,98.256
2011-11-21,-4.36,-4.36,100.64,-82.44,37.64
2011-11-22,-491.80000000000007,0.0,-1098.08,-356.16,-439.23199999999997
2011-11-23,0.0,0.0,480.64,-148.08000000000004,192.256
2011-11-24,-163.35999999999999,-163.35999999999999,-34.36,-161.04,-111.75999999999999
2011-11-25,0.0,0.0,-124.36,-134.64,-49.744
2011-11-28,751.28,751.28,210.64,751.28,535.024
2011-11-29,-142.44,-142.44,-783.72,-311.80000000000007,-398.952
2011-11-30,904.4799999999999,1033.2,130.64,532.56,672.176
2011-12-01,-312.44000000000005,-307.44000000000005,75.64,-444.24000000000007,-154.20800000000003
2011-12-02,0.0,0.0,440.64,309.47999999999996,176.256
2011-12-05,-252.96000000000004,-281.68000000000006,85.64,-158.6,-134.75200000000004
2011-12-06,-367.44000000000005,-348.08000000000004,-513.72,-367.44000000000005,-414.33600000000007
2011-12-07,-274.12,-274.12,-344.36,-353.4800000000001,-302.216
2011-12-08,-528.08,-243.72000000000003,-283.72,-322.44000000000005,-259.72
2011-12-09,549.4799999999999,549.4799999999999,530.64,412.55999999999995,541.9439999999998
2011-12-12,-8.719999999999999,-8.719999999999999,-54.36,41.92,-26.976
2011-12-13,0.0,0.0,236.27999999999997,81.27999999999997,94.51199999999999
2011-12-14,0.0,0.0,230.64,332.68,92.256
2011-12-15,-73.08,-112.44,315.64,-126.68000000000006,58.791999999999994
2011-12-16,-422.44,-422.44,-124.36,-373.08000000000004,-303.20799999999997
2011-12-19,0.0,0.0,325.64,207.56,130.256
2011-12-20,1555.76,1555.76,455.64,789.48,1115.712
2011-12-21,60.64,60.64,300.64,566.92,156.64000000000001
2011-12-22,0.0,0.0,60.64,0.0,24.256
2011-12-23,0.0,0.0,0.0,0.0,0.0
2011-12-27,0.0,0.0,-49.36,0.0,-19.744
2011-12-28,0.0,0.0,295.64,0.0,118.256
2011-12-28,0.0,0.0,0.0,0.0,0.0
2011-12-29,0.0,0.0,0.0,0.0,0.0
2011-12-30,0.0,0.0,-54.36,0.0,-21.744
2012-01-03,0.0,0.0,-104.36,0.0,-41.744
2012-01-04,0.0,0.0,-379.36,0.0,-151.744
2012-01-05,28.840000000000003,28.840000000000003,-543.08,-187.3200000000001,-199.92800000000003
2012-01-06,0.0,0.0,-164.36,-207.44,-65.744
2012-01-09,0.0,0.0,165.64,-119.36,66.256
2012-01-10,0.0,0.0,155.64,0.0,62.25599999999999
2012-01-11,-34.36,-34.36,-24.36,-75.52,-30.360000000000003
2012-01-12,0.0,0.0,-164.36,-201.8,-65.744
2012-01-13,0.0,0.0,-64.36,35.64,-25.744
2012-01-16,0.0,0.0,-198.72000000000003,-99.36,-79.48800000000001
2012-01-17,0.0,0.0,-149.36,-29.36,-59.74400000000001
2012-01-18,-146.44,-146.44,380.64,-99.11999999999999,64.392
2012-01-19,0.0,0.0,-273.72,0.0,-109.48800000000001
2012-01-20,0.0,0.0,75.64,0.0,30.256
2012-01-23,0.0,0.0,-453.08000000000004,-259.88,-181.23200000000003
2012-01-24,0.6399999999999997,0.6399999999999997,-288.72,-38.08,-115.10400000000001
2012-01-25,0.0,0.0,-273.72,-109.36,-109.48800000000001
2012-01-26,-407.32,-407.32,-188.08000000000004,-542.84,-319.624
2012-01-27,0.0,0.0,220.64,-23.72,88.256
2012-01-30,0.0,0.0,16.279999999999973,125.64,6.511999999999989
2012-01-31,-88.72000000000001,-88.72000000000001,-103.72000000000001,-88.72000000000001,-94.72
2012-02-01,181.27999999999997,365.64,-508.08000000000004,181.27999999999997,16.151999999999997
2012-02-02,-1.1599999999999966,-1.1599999999999966,-164.36,-1.1599999999999966,-66.44000000000001
2012-02-03,0.0,0.0,-58.72000000000001,0.0,-23.488000000000007
2012-02-06,0.0,0.0,-224.36,65.64,-89.744
2012-02-07,0.0,0.0,-293.72,-68.72,-117.48800000000001
2012-02-08,-108.72,-108.72,-548.08,-54.36,-284.46400000000006
2012-02-09,0.0,0.0,-298.72,-234.7600000000001,-119.48800000000001
2012-02-10,-163.07999999999998,-163.07999999999998,-29.36,-192.07999999999998,-109.59199999999998
2012-02-13,0.0,0.0,-129.36,0.0,-51.74400000000001
2012-02-14,0.0,0.0,120.64,-58.72,48.256
2012-02-15,0.0,0.0,-43.08000000000004,152.55999999999995,-17.232000000000017
2012-02-16,460.75999999999993,460.75999999999993,491.28,460.75999999999993,472.96799999999996
2012-02-17,0.0,0.0,35.64,-109.36,14.256
2012-02-20,0.0,0.0,10.64,-28.72,4.256
2012-02-21,-484.24,-464.24,-513.72,-324.24,-484.032
2012-02-22,-193.07999999999998,-193.07999999999998,-308.08000000000004,-316.16,-239.08
2012-02-23,276.28,276.28,-23.720000000000027,212.56,156.27999999999997
2012-02-24,0.0,0.0,-74.36,0.0,-29.744
2012-02-27,0.0,0.0,101.27999999999997,54.480000000000004,40.511999999999986
2012-02-28,0.0,0.0,325.64,-179.36,130.256
2012-02-29,0.0,0.0,-208.72000000000003,125.64,-83.48800000000001
2012-03-01,-771.8000000000001,-283.08000000000004,-786.8000000000001,-736.16,-484.56800000000004
2012-03-02,0.0,0.0,-64.36,-234.24,-25.744
2012-03-05,-397.44000000000005,-397.44000000000005,425.64,-456.80000000000007,-68.20800000000004
2012-03-06,-53.72,-53.72,-383.08000000000004,421.91999999999996,-185.464
2012-03-07,0.0,0.0,-54.36,0.0,-21.744
2012-03-08,0.0,0.0,-398.08000000000004,-314.36,-159.23200000000003
2012-03-09,0.0,0.0,45.64,-91.03999999999999,18.256
2012-03-12,-44.36,-44.36,-303.72,-158.07999999999998,-148.10399999999998
2012-03-13,0.0,0.0,46.91999999999996,0.0,18.767999999999983
2012-03-14,-86.16000000000003,-86.16000000000003,60.64,-179.88000000000005,-27.440000000000015
2012-03-15,0.0,0.0,-79.36,-324.8800000000001,-31.744
2012-03-16,0.0,0.0,60.64,-79.36,24.256
2012-03-19,0.0,0.0,-592.44,-158.72,-236.97600000000003
2012-03-20,0.0,0.0,-128.72000000000003,-137.95999999999998,-51.488000000000014
2012-03-20,0.0,0.0,0.0,0.0,0.0
2012-03-21,-52.44,0.0,0.0,-52.44,0.0
2012-03-22,21.28,-138.08000000000004,180.64,-13.079999999999998,-10.59200000000003
2012-03-23,45.64,45.64,70.64,286.28,55.64000000000001
2012-03-26,0.0,0.0,420.64,0.0,168.256
2012-03-27,-44.36,-44.36,-49.36,-113.08,-46.36
2012-03-28,-449.8800000000001,-617.3200000000002,-48.72000000000003,-449.8800000000001,-389.8800000000001
2012-03-29,0.0,0.0,-493.72,-247.44,-197.488
2012-03-30,0.0,0.0,225.64,165.64,90.256
2012-04-02,0.0,0.0,381.28,-74.36,152.512
2012-04-03,63.2,79.48,-423.72,47.56,-121.8
2012-04-04,0.0,0.0,200.64,535.64,80.256
2012-04-05,-3.080000000000041,-3.080000000000041,410.64,7.559999999999945,162.40799999999996
2012-04-06,0.0,0.0,0.0,150.64,0.0
2012-04-09,51.28,51.28,190.64,25.64,107.024
2012-04-10,-172.96,-172.96,416.28,457.67999999999995,62.73599999999999
2012-04-11,-43.72,20.64,165.64,-331.16,78.64
2012-04-12,-771.8000000000001,-771.8000000000001,440.64,-532.44,-286.824
2012-04-12,0.0,0.0,0.0,0.0,0.0
2012-04-13,0.0,0.0,515.64,422.55999999999995,206.256
2012-04-16,-63.08,-373.08000000000004,780.64,-17.439999999999998,88.40799999999994
2012-04-17,2031.28,1015.64,845.64,1015.64,947.64
2012-04-18,70.64,1.2800000000000011,-54.36,166.28,-20.976
2012-04-19,-611.1600000000001,-476.80000000000007,-643.72,-480.5200000000001,-543.568
2012-04-20,0.0,0.0,320.64,465.64,128.256
2012-04-23,-443.08000000000004,-443.08000000000004,-164.36,-1160.3999999999996,-331.59200000000004
2012-04-24,625.64,625.64,-568.72,816.92,147.89600000000002
2012-04-25,0.0,0.0,230.64,0.0,92.256
2012-04-26,0.0,0.0,240.64,-119.36,96.256
2012-04-27,0.0,0.0,-139.36,-283.72,-55.74400000000001
2012-04-30,-38.08,-38.08,-259.36,-38.08,-126.59200000000001
2012-05-01,-79.36,-79.36,-33.72000000000001,-79.36,-61.104
2012-05-02,-302.44000000000005,-352.44000000000005,340.64,-267.44000000000005,-75.20800000000004
2012-05-03,0.0,0.0,535.64,546.92,214.256
2012-05-04,0.0,0.0,635.64,635.64,254.256
2012-05-07,501.28,501.28,320.64,501.28,429.024
2012-05-08,-238.72000000000003,-238.72000000000003,-848.72,-166.80000000000007,-482.7200000000001
2012-05-09,16.91999999999996,-24.36,405.64,-31.160000000000025,147.64
2012-05-10,-296.15999999999997,-340.52,325.64,-91.16000000000001,-74.056
2012-05-11,-66.80000000000007,-66.80000000000007,90.64,273.19999999999993,-3.8240000000000407
2012-05-14,-128.72,-298.08000000000004,-79.36,-128.08,-210.592
2012-05-15,-460.5200000000001,-221.80000000000007,-1268.08,-605.5200000000001,-640.312
2012-05-16,-238.08,-492.44000000000005,465.64,-238.08,-109.20800000000004
2012-05-17,-233.08,-233.08,641.28,687.56,116.66399999999999
2012-05-18,-153.72,-153.72,740.64,563.2,204.024
2012-05-21,883.2,883.2,1250.64,883.2,1030.1760000000002
2012-05-22,55.64,55.64,265.64,-318.60000000000014,139.64000000000001
2012-05-23,-486.8,-366.79999999999995,-758.72,-584.8800000000001,-523.568
2012-05-24,0.0,0.0,390.64,126.91999999999996,156.256
2012-05-25,50.64,50.64,55.64,-58.08000000000001,52.64000000000001
2012-05-28,-24.36,-24.36,30.64,-24.36,-2.3599999999999994
2012-05-29,201.27999999999997,201.27999999999997,-238.72000000000003,-102.44000000000003,25.279999999999973
2012-05-30,0.0,0.0,-164.36,-81.80000000000004,-65.744
2012-05-31,-188.07999999999998,-188.07999999999998,-153.72000000000003,-302.44000000000005,-174.336
2012-06-01,-108.72,-133.72000000000003,-293.72,277.56,-197.72000000000003
2012-06-04,48.19999999999993,-67.44000000000003,-663.72,197.55999999999995,-305.95200000000006
2012-06-05,3.1999999999999744,-251.80000000000007,320.64,-81.16,-22.824000000000048
2012-06-06,0.0,0.0,650.64,-164.36,260.256
2012-06-07,0.0,0.0,620.64,381.91999999999996,248.256
2012-06-08,42.559999999999945,42.559999999999945,91.27999999999997,186.91999999999996,62.04799999999996
2012-06-11,0.0,0.0,1115.64,1465.64,446.25600000000003
2012-06-12,-609.8800000000001,-544.8800000000001,-683.08,-586.1600000000001,-600.1600000000001
2012-06-13,0.0,0.0,-788.72,81.27999999999997,-315.488
2012-06-14,-278.72,-174.36,-338.72,-541.8000000000001,-240.10399999999998
2012-06-15,0.0,0.0,360.64,0.0,144.256
2012-06-18,-169.36,-169.36,470.64,-396.80000000000007,86.63999999999999
2012-06-19,0.0,0.0,205.64,30.64,82.256
2012-06-20,-193.08,-87.44,-34.36,-365.52000000000004,-66.208
2012-06-21,0.0,0.0,1095.64,856.9200000000001,438.25600000000003
2012-06-22,-314.8800000000001,-314.8800000000001,0.0,-216.80000000000007,-188.92800000000005
2012-06-25,0.0,0.0,455.64,815.64,182.256
2012-06-26,-19.36,-19.36,90.64,-138.72,24.64
2012-06-27,0.0,0.0,10.64,0.0,4.256
2012-06-28,-84.36,-84.36,-99.36,504.6,-90.35999999999999
2012-06-29,485.64,485.64,345.64,361.28,429.64
2012-07-02,0.0,0.0,-728.08,-576.1600000000001,-291.232
2012-07-03,0.0,0.0,70.64,0.0,28.256
2012-07-03,0.0,0.0,0.0,0.0,0.0
2012-07-04,0.0,0.0,0.0,-83.72,0.0
2012-07-05,-204.76,30.239999999999995,-663.08,-204.76,-247.08800000000002
2012-07-06,5.64,5.64,430.64,5.64,175.64
2012-07-08,0.0,0.0,0.0,0.0,0.0
2012-07-09,-139.36,-139.36,-258.72,-139.36,-187.104
2012-07-10,0.0,-254.36,216.27999999999997,-46.160000000000025,-66.10400000000001
2012-07-11,0.0,0.0,60.64,-196.16000000000008,24.256
2012-07-12,0.0,0.0,-14.36,201.28,-5.744
2012-07-13,-27.960000000000036,-137.32000000000005,565.64,91.39999999999992,143.86399999999998
2012-07-16,0.0,0.0,-193.72000000000003,-109.63999999999999,-77.48800000000001
2012-07-17,466.28,-91.80000000000007,-44.36,466.28,-72.82400000000004
2012-07-18,626.92,397.55999999999995,675.64,537.56,508.79200000000003
2012-07-19,0.0,0.0,195.64,0.0,78.256
2012-07-20,0.0,0.0,600.64,381.91999999999996,240.256
2012-07-23,440.64,440.64,-533.72,461.28,50.896
2012-07-24,-290.52000000000004,-290.52000000000004,36.27999999999997,-397.9600000000001,-159.80000000000004
2012-07-25,31.39999999999992,22.039999999999935,-119.36,135.12,-34.52000000000004
2012-07-26,-142.44000000000005,341.91999999999996,-878.72,141.91999999999996,-146.33600000000007
2012-07-27,1021.9200000000001,1021.9200000000001,540.64,981.9200000000001,829.408
2012-07-30,0.0,0.0,-349.36,-242.96000000000004,-139.744
2012-07-31,-189.88,-189.88,0.0,-189.88,-113.928
2012-08-01,146.92000000000002,301.91999999999996,380.64,146.92000000000002,333.408
2012-08-02,47.56,-49.239999999999995,-153.72000000000003,91.92,-91.03200000000001
2012-08-03,0.0,0.0,-413.72,-349.36,-165.488
2012-08-06,-463.36,-529.52,-538.72,-290.28,-533.2
2012-08-07,275.64,275.64,-64.36,275.64,139.64
2012-08-08,0.0,0.0,0.0,0.0,0.0
2012-08-09,31.28,31.28,0.6399999999999997,31.28,19.024
2012-08-10,0.0,0.0,-344.36,-34.879999999999995,-137.744
2012-08-13,-63.72,-63.72,-329.36,-133.07999999999998,-169.976
2012-08-14,0.0,0.0,195.64,0.0,78.256
2012-08-15,-83.72,-83.72,140.64,-83.72,6.023999999999996
2012-08-16,0.0,0.0,260.64,0.0,104.256
2012-08-17,0.0,0.0,-169.36,0.0,-67.744
2012-08-20,0.0,0.0,-219.36,0.0,-87.744
2012-08-21,0.0,0.0,-8.720000000000027,226.92,-3.488000000000011
2012-08-22,0.0,0.0,146.27999999999997,-312.9600000000001,58.511999999999986
2012-08-23,0.0,0.0,-548.08,171.92,-219.23200000000003
2012-08-24,71.28,71.28,91.27999999999997,71.28,79.28
2012-08-27,-344.9200000000002,-344.9200000000002,195.64,-207.48000000000025,-128.69600000000014
2012-08-28,-191.8,-191.8,-617.44,-191.8,-362.05600000000004
2012-08-29,0.0,0.0,-333.72,-118.08,-133.488
2012-08-30,0.0,0.0,280.64,466.28,112.256
2012-08-31,-167.44000000000005,533.8399999999999,-952.44,-83.72000000000003,-60.67200000000007
2012-09-03,90.64,90.64,0.0,90.64,54.384
2012-09-04,0.0,0.0,-548.08,-283.72,-219.23200000000003
2012-09-05,-233.72000000000003,-203.72000000000003,-408.72,-423.08000000000004,-285.72
2012-09-06,846.28,846.28,595.64,846.28,746.024
2012-09-07,0.0,0.0,-453.08000000000004,65.64,-181.23200000000003
2012-09-10,0.0,0.0,306.28,166.87999999999994,122.51199999999999
2012-09-11,-257.44,-407.44000000000005,-94.36,-351.8,-282.208
2012-09-12,-288.08000000000004,-118.08000000000003,-228.72000000000003,-296.80000000000007,-162.336
2012-09-13,0.0,0.0,520.64,-92.44,208.256
2012-09-14,256.28,536.92,125.64,256.28,372.40799999999996
2012-09-17,-59.36,-59.36,-64.36,-59.36,-61.35999999999999
2012-09-18,-143.48000000000013,-143.48000000000013,80.64,-143.48000000000013,-53.832000000000086
2012-09-19,0.0,0.0,-234.36,-259.88000000000005,-93.744
2012-09-20,-44.36,-44.36,-239.36,-44.36,-122.35999999999999
2012-09-21,0.0,0.0,90.64,0.0,36.256
2012-09-24,30.64,-138.72000000000003,-93.72000000000001,30.64,-120.72000000000003
2012-09-25,0.0,0.0,830.64,605.64,332.256
2012-09-26,51.28,51.28,320.64,25.64,159.024
2012-09-27,762.56,762.56,396.28,381.28,616.048
2012-09-28,-254.36,-199.36,-198.08000000000004,-188.08000000000004,-198.848
2012-10-01,761.28,761.28,-113.72000000000003,508.19999999999993,411.28000000000003
2012-10-02,-174.76000000000005,-454.7600000000001,-108.72000000000001,-86.04000000000008,-316.34400000000005
2012-10-03,0.0,0.0,-393.08000000000004,-153.72,-157.23200000000003
2012-10-04,0.0,0.0,-333.72,-253.72000000000003,-133.488
2012-10-05,0.0,0.0,391.91999999999996,500.64,156.76799999999997
2012-10-08,-403.72,-403.72,40.64,-403.72,-225.97600000000003
2012-10-08,0.0,0.0,0.0,0.0,0.0
2012-10-09,-558.08,-558.08,585.64,-378.08000000000004,-100.59200000000006
2012-10-10,-238.60000000000008,-238.60000000000008,-558.08,-299.7600000000001,-366.39200000000005
2012-10-11,256.91999999999996,-508.72,485.64,91.27999999999999,-110.97600000000003
2012-10-12,-149.36,-149.36,-523.08,-149.36,-298.84800000000007
2012-10-15,-207.44,123.83999999999997,-528.72,-132.44,-137.18400000000003
2012-10-16,530.64,530.64,650.64,530.64,578.64
2012-10-17,-134.36,-134.36,165.64,-271.80000000000007,-14.360000000000014
2012-10-18,-528.72,-528.72,365.64,-498.08000000000004,-170.97600000000003
2012-10-19,-78.72,-78.72,1055.64,861.28,375.024
2012-10-22,-47.44,-47.44,350.64,-23.72,111.792
2012-10-23,0.0,0.0,-1602.44,-292.44000000000005,-640.976
2012-10-24,-267.44,-478.08000000000004,206.27999999999997,-297.44,-204.33600000000007
2012-10-25,-81.16,-261.8,76.27999999999997,-76.16000000000001,-126.56800000000003
2012-10-26,108.19999999999993,451.28,-1068.08,-95.5200000000001,-156.464
2012-10-29,0.0,0.0,0.0,210.64,0.0
2012-10-30,235.64,235.64,0.0,235.64,141.384
2012-10-31,-207.44,-207.44,225.64,203.19999999999993,-34.20799999999999
2012-11-01,1421.28,1421.28,96.27999999999997,741.28,891.28
2012-11-02,0.0,0.0,730.64,645.64,292.256
2012-11-05,-388.72,-388.72,106.27999999999997,-463.08000000000004,-190.72000000000003
2012-11-06,142.56,236.27999999999997,-733.72,32.56,-151.72000000000003
2012-11-07,161.27999999999997,161.27999999999997,475.64,161.27999999999997,287.024
2012-11-08,-481.68000000000006,-108.60000000000001,-152.44000000000005,-121.04000000000006,-126.13600000000001
2012-11-09,211.92,108.2,245.64,276.28,163.176
2012-11-12,-157.95999999999998,-207.95999999999998,75.64,-133.6,-94.51999999999998
2012-11-13,-48.72000000000003,-570.5200000000001,-268.72,-213.08000000000004,-449.80000000000007
2012-11-14,0.0,0.0,765.64,850.64,306.256
2012-11-15,-662.9600000000002,-572.96,-228.72000000000003,-588.6,-435.264
2012-11-16,66.27999999999997,66.27999999999997,-254.36,-131.80000000000007,-61.97600000000002
2012-11-19,0.0,0.0,605.64,0.0,242.256
2012-11-20,-28.72,61.91999999999999,-34.36,-171.68,23.407999999999994
2012-11-21,230.64,131.28,-34.36,216.27999999999997,65.024
2012-11-22,0.0,0.0,0.0,0.0,0.0
2012-11-23,0.0,0.0,210.64,0.0,84.256
2012-11-26,-14.36,-14.36,21.279999999999973,-20.519999999999996,-0.10400000000001057
2012-11-27,0.0,0.0,-278.08000000000004,46.27999999999997,-111.23200000000001
2012-11-28,475.64,507.55999999999995,91.27999999999997,475.64,341.04799999999994
2012-11-29,0.0,0.0,-59.36,-48.08000000000003,-23.744
2012-11-30,0.0,0.0,-124.36,-542.3200000000002,-49.744
2012-12-03,0.0,0.0,365.64,370.64,146.256
2012-12-04,-457.9600000000001,-457.9600000000001,-24.36,-363.60000000000014,-284.5200000000001
2012-12-05,100.64,100.64,400.64,858.1999999999999,220.64000000000001
2012-12-06,87.68,-171.68,241.27999999999997,164.48,-6.496000000000004
2012-12-07,-218.72,-303.72,431.28,31.39999999999999,-9.720000000000027
2012-12-10,210.64,210.64,230.64,210.64,218.63999999999996
2012-12-11,55.64,55.64,200.64,-8.719999999999999,113.64000000000001
2012-12-12,0.0,0.0,365.64,-231.8,146.256
2012-12-13,-1037.44,-997.44,-448.72,-843.08,-777.952
2012-12-14,0.0,0.0,-778.08,161.27999999999997,-311.232
2012-12-17,0.0,0.0,465.64,-234.88,186.256
2012-12-18,406.28,450.64,-123.72000000000003,239.47999999999996,220.89600000000002
2012-12-19,0.0,0.0,150.64,-59.36,60.25599999999999
2012-12-20,-425.52,-524.88,95.64,-604.24,-276.67199999999997
2012-12-21,0.0,0.0,-373.72,342.55999999999995,-149.488
2012-12-24,-24.36,-24.36,0.0,-83.72,-14.616
2012-12-26,-29.36,-29.36,155.64,86.28,44.64
2012-12-27,-198.72,-198.72,-164.36,-858.08,-184.976
2012-12-28,-176.16000000000003,-139.36,-114.36,119.47999999999996,-129.36
2012-12-31,1796.92,1796.92,995.64,886.92,1476.408
2013-01-02,290.64,290.64,165.64,290.64,240.63999999999996
2013-01-03,0.0,0.0,180.64,-177.44,72.256
2013-01-04,-354.76000000000005,-354.76000000000005,30.64,-152.96000000000004,-200.60000000000005
2013-01-07,0.0,0.0,-229.36,0.0,-91.744
2013-01-08,-333.08000000000004,-293.08000000000004,-303.72,-317.44,-297.33600000000007
2013-01-09,0.0,0.0,0.6399999999999997,0.0,0.2559999999999999
2013-01-10,183.84,-33.60000000000001,-44.36,168.2,-37.90400000000001
2013-01-11,0.0,0.0,-34.36,-127.96,-13.744
2013-01-14,0.0,0.0,-303.72,-3.719999999999999,-121.48800000000001
2013-01-15,0.0,0.0,-49.36,0.0,-19.744
2013-01-16,0.0,0.0,-188.72000000000003,-113.08,-75.48800000000001
2013-01-17,275.64,275.64,-169.36,351.28,97.63999999999999
2013-01-18,0.0,0.0,-568.72,0.0,-227.488
2013-01-21,0.0,0.0,0.0,0.0,0.0
2013-01-22,-43.72000000000001,-43.72000000000001,-253.72000000000003,-68.08000000000003,-127.72000000000003
2013-01-23,0.0,0.0,-44.36,70.64,-17.744
2013-01-24,-188.72,-188.72,-69.36,-94.36,-140.976
2013-01-25,-118.08,175.64,-148.72000000000003,-78.72,45.89599999999998
2013-01-28,-387.44000000000005,-387.44000000000005,85.64,-193.08,-198.20800000000003
2013-01-29,202.56,172.56,-188.72000000000003,202.56,28.048000000000002
2013-01-30,0.0,0.0,-183.08000000000004,-507.44000000000005,-73.23200000000001
2013-01-30,0.0,0.0,0.0,0.0,0.0
2013-01-31,-189.36,-74.36,-363.72,-301.16,-190.10399999999998
2013-02-01,-109.52000000000002,-63.24000000000004,-163.72000000000003,-331.56000000000006,-103.43200000000004
2013-02-04,0.0,0.0,281.28,413.96,112.51199999999999
2013-02-05,1191.28,1191.28,311.28,595.64,839.28
2013-02-06,-94.36,-116.16,-74.36,-211.8,-99.44000000000001
2013-02-07,-13.079999999999998,-13.079999999999998,-39.36,221.91999999999996,-23.592
2013-02-08,0.0,0.0,245.64,0.0,98.256
2013-02-11,0.0,0.0,-14.36,-203.08000000000004,-5.744
2013-02-12,0.0,0.0,0.0,-62.44,0.0
2013-02-13,-298.08000000000004,-557.44,-174.36,-298.08000000000004,-404.208
2013-02-14,-14.36,-14.36,110.64,-14.36,35.64
2013-02-15,-142.44,-142.44,-54.36,-359.76,-107.208
2013-02-18,0.0,0.0,0.0,0.0,0.0
2013-02-19,0.0,0.0,210.64,0.0,84.256
2013-02-20,0.0,0.0,790.64,643.84,316.256
2013-02-21,-318.72,-318.72,365.64,-318.72,-44.97600000000002
2013-02-22,72.56,228.83999999999997,-423.72,76.92,-32.18400000000001
2013-02-25,0.0,0.0,606.28,990.64,242.512
2013-02-26,-581.8000000000001,-576.8000000000001,-1151.16,-586.8000000000001,-806.5440000000001
2013-02-27,551.28,561.92,366.28,279.08,483.66399999999993
2013-02-28,-13.719999999999999,-13.719999999999999,10.64,132.56,-3.975999999999999
2013-03-01,-88.72000000000001,-88.72000000000001,-38.72000000000003,-148.08000000000004,-68.72000000000001
2013-03-04,-199.8800000000001,-199.8800000000001,241.27999999999997,-249.24000000000012,-23.416000000000075
2013-03-05,0.0,0.0,315.64,0.0,126.256
2013-03-06,0.0,0.0,265.64,156.27999999999997,106.256
2013-03-07,0.0,0.0,0.0,0.0,0.0
2013-03-08,0.0,0.0,25.64,-44.36,10.256
2013-03-11,-90.52,-90.52,-249.36,-96.04,-154.05599999999998
2013-03-12,0.0,0.0,-29.36,-175.51999999999998,-11.744
2013-03-13,0.0,0.0,-24.36,-117.44,-9.744
2013-03-14,-248.72,-72.44,-283.72,-124.36,-156.952
2013-03-15,0.0,0.0,175.64,0.0,70.256
2013-03-18,306.28,306.28,46.27999999999997,218.83999999999992,202.27999999999997
2013-03-19,-144.36,-144.36,-168.72000000000003,-198.08000000000004,-154.104
2013-03-20,581.28,106.91999999999996,-49.36,-62.440000000000055,44.40799999999997
2013-03-21,-101.8,-101.8,-423.72,-86.16,-230.56800000000004
2013-03-22,821.28,821.28,140.64,211.27999999999997,549.024
2013-03-25,0.0,0.0,345.64,235.64,138.256
2013-03-26,-84.36,-19.36,-44.36,-84.36,-29.360000000000003
2013-03-27,0.0,0.0,181.27999999999997,145.64,72.51199999999999
2013-03-28,0.0,0.0,-278.72,-139.36,-111.48800000000001
2013-04-01,0.0,0.0,191.27999999999997,320.64,76.51199999999999
2013-04-02,290.64,290.64,55.64,290.64,196.64
2013-04-03,-104.36,-104.36,151.27999999999997,81.91999999999997,-2.1040000000000076
2013-04-04,-54.36,-54.36,-498.08000000000004,-138.07999999999998,-231.848
2013-04-05,0.0,0.0,261.28,605.64,104.51199999999999
2013-04-08,0.0,0.0,-428.72,-73.08,-171.488
2013-04-09,0.0,0.0,-273.72,-383.72,-109.48800000000001
2013-04-10,950.64,1901.28,765.64,950.64,1447.024
2013-04-11,0.0,0.0,-63.72,10.11999999999999,-25.488
2013-04-12,0.0,0.0,-508.72,-238.72000000000003,-203.488
2013-04-15,-623.08,-875.5200000000001,476.91999999999996,-696.8000000000001,-334.5440000000001
2013-04-16,571.92,755.64,-322.44000000000005,411.28,324.408
2013-04-17,-468.08000000000004,-468.08000000000004,450.64,-304.88000000000005,-100.59200000000006
2013-04-18,-77.44,-77.44,860.64,773.84,297.79200000000003
2013-04-19,-128.72,-128.72,441.28,-48.72,99.28
2013-04-21,0.0,0.0,0.0,0.0,0.0
2013-04-22,-463.72,-373.72,-1447.44,-1250.52,-803.208
2013-04-23,561.28,1256.92,115.64,561.28,800.4080000000001
2013-04-24,-19.36,-465.52,110.64,-223.07999999999998,-235.05599999999998
2013-04-25,150.76,151.39999999999998,-4.36,150.76,89.09599999999998
2013-04-26,0.0,0.0,-209.36,0.0,-83.744
2013-04-29,0.0,0.0,250.64,-143.72000000000003,100.256
2013-04-30,232.55999999999997,315.64,-324.36,116.27999999999999,59.639999999999986
2013-05-01,0.0,0.0,125.64,-112.44,50.256
2013-05-02,836.92,836.92,535.64,431.28,716.408
2013-05-03,0.0,0.0,60.64,20.64,24.256
2013-05-06,-67.44,-67.44,5.64,-67.44,-38.208
2013-05-07,-218.72,-218.72,-298.72,-209.76,-250.71999999999997
2013-05-08,0.0,0.0,-263.72,-4.36,-105.48800000000001
2013-05-09,0.0,0.0,-119.36,-207.44,-47.744
2013-05-10,-181.8,-72.44,200.64,-232.96000000000004,36.791999999999994
2013-05-13,96.92,66.28,110.64,2.5600000000000023,84.024
2013-05-14,106.91999999999999,106.91999999999999,190.64,106.91999999999999,140.408
2013-05-15,0.0,0.0,175.64,0.0,70.256
2013-05-16,0.0,0.0,-244.36,-654.2400000000001,-97.744
2013-05-17,-111.16000000000003,198.2,-533.08,-111.16000000000003,-94.31200000000004
2013-05-20,2.5600000000000014,2.5600000000000014,-69.36,-176.16000000000008,-26.208
2013-05-21,0.0,0.0,-788.08,-327.44000000000005,-315.232
2013-05-22,-151.8,-151.8,-108.08000000000004,325.12,-134.31200000000004
2013-05-23,57.56,0.0,216.27999999999997,198.83999999999992,86.51199999999999
2013-05-24,21.91999999999996,21.91999999999996,-398.08000000000004,68.19999999999993,-146.08000000000004
2013-05-27,-128.72000000000003,-128.72000000000003,0.0,-283.08000000000004,-77.23200000000001
2013-05-28,-104.36,-139.36,-183.72000000000003,2.559999999999988,-157.104
2013-05-29,-12.439999999999998,48.2,-89.36,-166.16000000000003,-6.823999999999995
2013-05-30,131.27999999999997,131.27999999999997,200.64,131.27999999999997,159.02399999999997
2013-05-31,-144.36,290.64,-289.36,-144.36,58.639999999999986
2013-06-03,-220.5200000000001,-394.8800000000001,-94.36,-144.8800000000001,-274.6720000000001
2013-06-04,-123.08,-123.08,-243.72000000000003,-123.08,-171.336
2013-06-05,0.0,0.0,-53.72000000000003,381.28,-21.48800000000001
2013-06-06,95.64,95.64,-758.72,106.92,-246.10399999999998
2013-06-07,41.28,41.28,206.27999999999997,-311.04,107.28
2013-06-10,-149.88,-37.44,-4.36,-348.6000000000001,-24.208
2013-06-11,-188.72000000000003,0.0,-278.72,-76.80000000000005,-111.48800000000001
2013-06-12,-385.52,-385.52,870.64,-356.16,116.944
2013-06-13,861.28,1070.64,356.91999999999996,861.28,785.152
2013-06-14,-198.72000000000003,-198.72000000000003,275.64,-343.6,-8.976000000000022
2013-06-17,478.8399999999999,478.8399999999999,-69.36,268.19999999999993,259.55999999999995
2013-06-18,0.0,0.0,260.64,0.0,104.256
2013-06-19,-194.36,-194.36,250.64,-519.8800000000001,-16.360000000000014
2013-06-20,-448.72,-322.44000000000005,-63.08000000000004,41.91999999999996,-218.69600000000005
2013-06-21,-286.8,-286.8,-13.720000000000027,-60.52000000000001,-177.56800000000004
2013-06-24,0.0,0.0,-69.36,31.28,-27.744
2013-06-25,-231.16000000000003,-231.16000000000003,-14.36,-176.16000000000003,-144.44
2013-06-26,-174.88,83.2,-378.72,-468.60000000000014,-101.56800000000001
2013-06-27,0.0,0.0,-49.36,-121.16000000000001,-19.744
2013-06-28,-268.08000000000004,-715.5200000000001,305.64,-321.80000000000007,-307.0560000000001
2013-07-01,411.28,411.28,-144.36,501.91999999999996,189.02399999999997
2013-07-02,33.19999999999999,33.19999999999999,5.64,152.55999999999997,22.175999999999995
2013-07-03,0.0,0.0,350.64,150.64,140.256
2013-07-04,691.28,691.28,0.0,345.64,414.76800000000003
2013-07-05,206.28,206.28,-179.36,402.55999999999995,52.024
2013-07-08,0.0,0.0,145.64,-291.8,58.25599999999999
2013-07-08,0.0,0.0,0.0,0.0,0.0
2013-07-09,0.0,0.0,-124.36,0.0,-49.744
2013-07-10,0.0,0.0,325.64,-230.52000000000004,130.256
2013-07-11,0.0,0.0,0.0,0.0,0.0
2013-07-15,0.0,0.0,0.0,0.0,0.0
2013-07-16,0.0,0.0,65.64,0.0,26.256
2013-07-17,0.0,0.0,-49.36,-204.36,-19.744
2013-07-18,0.0,0.0,25.64,-57.959999999999994,10.256
2013-07-19,0.0,0.0,65.64,0.0,26.256
2013-07-22,0.0,0.0,-49.36,-449.00000000000034,-19.744
2013-07-23,0.0,0.0,495.64,135.64,198.256
2013-07-24,0.0,0.0,325.64,115.64,130.256
2013-07-25,-98.08000000000003,-98.08000000000003,-214.36,-2.440000000000012,-144.592
2013-07-26,-168.76000000000022,-182.48000000000025,375.64,-133.24000000000018,40.767999999999844
2013-07-29,-82.44,-124.36,-144.36,-127.96000000000002,-132.35999999999999
2013-07-30,137.56,137.56,-39.36,137.56,66.792
2013-07-31,0.0,0.0,-89.36,-13.079999999999998,-35.744
2013-08-01,-58.72,215.64,0.6399999999999997,-29.36,129.64
2013-08-02,0.0,0.0,-48.72000000000003,-149.36,-19.48800000000001
2013-08-05,0.0,0.0,-94.36,0.0,-37.744
2013-08-06,-347.44000000000005,-347.44000000000005,265.64,-243.08,-102.20800000000004
2013-08-07,-233.08000000000004,-103.08000000000004,-498.72,11.279999999999973,-261.33600000000007
2013-08-08,0.0,0.0,-34.36,101.92,-13.744
2013-08-09,0.0,0.0,-223.72000000000003,-555.2800000000002,-89.48800000000001
2013-08-12,225.64,225.64,350.64,56.27999999999997,275.64
2013-08-13,307.68,307.68,-413.08000000000004,322.03999999999996,19.375999999999976
2013-08-14,0.0,0.0,-183.72000000000003,-297.84000000000003,-73.48800000000001
2013-08-15,-124.36,-124.36,265.64,-124.36,31.639999999999997
2013-08-16,-381.32000000000005,-385.04,-368.72,-288.36,-378.51200000000006
2013-08-19,175.64,175.64,-124.36,191.27999999999997,55.639999999999986
2013-08-20,-204.36,-204.36,135.64,-298.08000000000004,-68.36000000000001
2013-08-21,146.92,286.28,-973.08,347.55999999999995,-217.46400000000003
2013-08-22,1511.28,1511.28,220.64,755.64,995.024
2013-08-23,0.0,0.0,-94.36,-458.72,-37.744
2013-08-26,0.0,0.0,-199.36,38.19999999999999,-79.744
2013-08-27,-369.36,-291.80000000000007,41.27999999999997,-369.36,-158.56800000000004
2013-08-28,-438.08000000000004,-438.08000000000004,135.64,-609.2400000000001,-208.59200000000004
2013-08-29,-48.72,-48.72,410.64,-183.08000000000004,135.024
2013-08-30,-114.36,-114.36,455.64,161.92,113.64000000000001
2013-09-02,0.0,0.0,0.0,0.0,0.0
2013-09-03,-378.08000000000004,-238.72000000000003,-448.72,-551.1600000000001,-322.72
2013-09-04,0.0,0.0,-218.72000000000003,-189.36,-87.48800000000001
2013-09-05,0.0,0.0,-69.36,0.0,-27.744
2013-09-06,-164.88,-424.8800000000001,-49.36,-145.51999999999998,-274.6720000000001
2013-09-09,1131.28,1131.28,355.64,565.64,821.024
2013-09-10,0.0,0.0,40.64,-63.72,16.256
2013-09-11,235.64,235.64,170.64,371.28,209.63999999999996
2013-09-12,-44.36,-44.36,-54.36,-128.72,-48.36
2013-09-13,-63.72,-63.72,-19.36,-63.72,-45.976
2013-09-16,0.0,0.0,675.64,760.64,270.256
2013-09-17,501.28,501.28,195.64,250.64,379.024
2013-09-18,0.0,0.0,270.64,0.0,108.256
2013-09-19,0.0,0.0,-159.36,0.0,-63.74400000000001
2013-09-20,-120.52,-120.52,345.64,-120.52,65.94399999999999
2013-09-23,-258.72,-258.72,230.64,21.91999999999996,-62.97600000000002
2013-09-24,-340.52000000000004,-144.88000000000005,150.64,-190.5200000000001,-26.672000000000036
2013-09-25,-143.72000000000003,-143.72000000000003,180.64,-143.72000000000003,-13.976000000000022
2013-09-26,162.56,162.56,95.64,-118.08000000000003,135.792
2013-09-27,0.0,0.0,-148.72000000000003,46.28,-59.488000000000014
2013-09-30,561.28,310.64,220.64,101.27999999999997,274.64
2013-10-01,-134.36,-134.36,430.64,-263.08000000000004,91.63999999999999
2013-10-02,-179.36,-179.36,315.64,-361.80000000000007,18.639999999999986
2013-10-03,-250.52000000000004,-250.52000000000004,466.28,295.75999999999993,36.19999999999995
2013-10-04,311.91999999999996,311.91999999999996,470.64,386.28,375.408
2013-10-07,-61.80000000000007,178.83999999999992,5.64,93.83999999999992,109.55999999999995
2013-10-08,-288.72,-288.72,1115.64,-144.36,273.024
2013-10-09,-148.72,-178.72000000000003,265.64,213.2,-0.9760000000000219
2013-10-10,1781.28,1781.28,445.64,911.92,1247.024
2013-10-11,506.28,506.28,475.64,506.28,494.024
2013-10-14,715.64,715.64,660.64,616.28,693.64
2013-10-15,-170.51999999999998,-170.51999999999998,0.0,-336.04000000000013,-102.31199999999998
2013-10-15,0.0,0.0,0.0,-174.36,0.0
2013-10-16,0.0,0.0,370.64,-173.07999999999998,148.256
2013-10-17,473.2,510.64,515.64,473.2,512.64
2013-10-18,0.0,0.0,-623.72,0.0,-249.488
2013-10-21,0.0,0.0,-179.36,-44.36,-71.744
2013-10-22,-74.36,20.64,-558.72,-212.44,-211.10399999999998
2013-10-23,-73.08000000000001,20.64,-99.36,-91.16000000000005,-27.360000000000003
2013-10-24,605.64,605.64,245.64,621.28,461.64
2013-10-25,0.0,0.0,175.64,150.64,70.256
2013-10-28,-423.6,-379.24,15.64,-278.6,-221.288
2013-10-29,-196.16,-136.8,25.64,-196.16,-71.824
2013-10-30,135.64,135.64,140.64,146.27999999999997,137.64
2013-10-31,0.0,0.0,-903.08,-406.1600000000001,-361.232
2013-11-01,-139.88,-179.24,50.64,-139.88,-87.28800000000001
2013-11-04,0.0,0.0,60.64,-88.72,24.256
2013-11-05,161.92000000000002,161.92000000000002,-83.72000000000003,162.56,63.664
2013-11-06,-48.72,-58.72,240.64,106.91999999999996,61.024
2013-11-07,0.0,0.0,981.2800000000001,781.4,392.51200000000006
2013-11-08,-103.6,-178.60000000000002,-103.08000000000004,-414.88000000000005,-148.39200000000002
2013-11-11,0.0,0.0,-188.72000000000003,-237.44000000000005,-75.48800000000001
2013-11-12,0.0,0.0,250.64,13.200000000000003,100.256
2013-11-13,1105.64,1105.64,1085.64,1031.92,1097.64
2013-11-14,-124.88,-124.88,131.27999999999997,-429.2400000000001,-22.416000000000007
2013-11-15,0.0,0.0,-144.36,-119.36,-57.74400000000001
2013-11-18,0.0,0.0,236.27999999999997,-174.36,94.51199999999999
2013-11-19,-498.08000000000004,-313.72,-728.08,-313.72,-479.46400000000006
2013-11-20,20.64,20.64,-483.72,111.91999999999996,-181.104
2013-11-21,620.64,620.64,355.64,620.64,514.64
2013-11-22,0.0,0.0,180.64,0.0,72.256
2013-11-25,0.0,0.0,-213.72000000000003,30.64,-85.48800000000001
2013-11-26,65.64,65.64,-278.72,65.64,-72.10400000000001
2013-11-27,0.0,0.0,270.64,0.0,108.256
2013-11-28,0.0,0.0,0.0,0.0,0.0
2013-11-29,0.0,0.0,45.64,0.0,18.256
2013-12-02,-23.72,-23.72,240.64,-149.88000000000005,82.024
2013-12-03,0.0,0.0,-887.44,-189.36,-354.976
2013-12-04,160.64,251.91999999999996,335.64,141.27999999999997,285.408
2013-12-05,-208.07999999999998,-302.44,45.64,-208.07999999999998,-163.208
2013-12-06,-9.36,251.28,-19.36,-223.08000000000004,143.024
2013-12-09,-347.96000000000004,-347.96000000000004,-19.36,-264.24000000000007,-216.52000000000004
2013-12-10,0.0,0.0,-58.72,0.0,-23.488
2013-12-11,0.0,0.0,621.28,596.28,248.512
2013-12-12,-312.44,-372.44,-118.72000000000001,-411.16,-270.952
2013-12-13,-68.08,217.55999999999997,325.64,-28.72,260.79200000000003
2013-12-16,690.64,690.64,40.64,866.92,430.64000000000004
2013-12-17,-123.6,-123.6,25.64,68.83999999999999,-63.903999999999996
2013-12-18,1007.56,1183.1999999999998,226.27999999999997,1106.92,800.4319999999999
2013-12-19,0.0,0.0,-54.36,155.64,-21.744
2013-12-20,0.0,0.0,550.64,0.0,220.256
2013-12-23,-26.799999999999997,-26.799999999999997,-234.36,-196.16000000000008,-109.824
2013-12-24,0.0,0.0,0.0,0.0,0.0
2013-12-26,0.0,0.0,0.0,0.0,0.0
2013-12-27,0.0,0.0,0.0,0.0,0.0
2013-12-30,0.0,0.0,-39.36,-86.16,-15.744
2013-12-31,95.64,95.64,250.64,95.64,157.64000000000001
2014-01-02,0.0,0.0,195.64,33.32000000000001,78.256
2014-01-03,-328.08000000000004,-328.08000000000004,405.64,-152.44,-34.59200000000003
2014-01-06,-438.08000000000004,-438.08000000000004,110.64,-248.72000000000003,-218.59200000000004
2014-01-07,961.28,961.28,111.27999999999997,480.64,621.28
2014-01-08,132.55999999999995,132.55999999999995,-4.36,-59.00000000000013,77.79199999999996
2014-01-09,-164.36,-164.36,430.64,-142.44000000000005,73.63999999999999
2014-01-10,171.91999999999996,-88.08000000000004,-353.72,402.55999999999995,-194.33600000000004
2014-01-13,0.0,0.0,361.28,711.28,144.512
2014-01-14,0.0,0.0,1040.64,0.0,416.25600000000003
2014-01-15,-278.72,-278.72,121.27999999999999,-139.36,-118.72000000000003
2014-01-16,0.0,0.0,50.64,0.0,20.256
2014-01-17,-621.8000000000001,-337.44,-538.72,-527.44,-417.95200000000006
2014-01-20,0.0,0.0,0.0,0.0,0.0
2014-01-21,86.27999999999997,15.64,-498.72,-78.08000000000004,-190.104
2014-01-22,0.0,0.0,-114.36,-274.2400000000001,-45.744
2014-01-23,0.0,0.0,-89.36,246.27999999999997,-35.744
2014-01-24,-323.08000000000004,-233.72000000000003,706.28,637.56,142.27999999999997
2014-02-03,-477.44000000000005,-303.08000000000004,1186.2800000000002,928.84,292.66400000000004
2014-02-04,-68.08,290.64,-73.72000000000003,-23.72,144.896
2014-02-05,-118.08,-103.08,-373.72,-36.8,-211.336
2014-02-06,-304.64000000000004,-304.64000000000004,510.64,25.879999999999995,21.47199999999998
2014-02-07,-99.24000000000012,25.11999999999989,700.64,264.4799999999999,295.3279999999999
2014-02-10,0.0,0.0,285.64,-190.40000000000003,114.256
2014-02-11,0.0,0.0,545.64,-78.72,218.256
2014-02-12,-357.44000000000005,-357.44000000000005,-164.36,-178.72000000000003,-280.208
2014-02-13,885.64,885.64,990.64,885.64,927.64
2014-02-14,-84.36,-39.36,-359.36,-293.08000000000004,-167.36
2014-02-17,0.0,0.0,0.0,-123.08,0.0
2014-02-18,185.64,36.28,150.64,136.27999999999997,82.024
2014-02-19,-263.08000000000004,-203.72,-574.36,-510.80000000000007,-351.976
2014-02-20,0.0,0.0,-923.72,-493.08000000000004,-369.488
2014-02-21,0.0,0.0,250.64,-213.72000000000003,100.256
2014-02-24,-348.08000000000004,-173.72000000000003,290.64,-327.44000000000005,12.023999999999978
2014-02-25,127.56000000000002,127.56000000000002,105.64,188.2,118.792
2014-02-26,0.0,0.0,-268.72,-293.72,-107.48800000000001
2014-02-27,0.0,0.0,290.64,-191.16000000000003,116.256
2014-02-28,0.0,0.0,-1103.72,-643.72,-441.488
2014-03-03,0.0,0.0,-993.08,-806.1600000000001,-397.232
2014-03-04,181.28,181.28,30.64,90.64,121.024
2014-03-05,0.0,0.0,0.0,0.0,0.0
2014-03-06,-33.999999999999986,-33.999999999999986,210.64,-164.0,63.85600000000001
2014-03-07,0.0,0.0,655.64,550.64,262.256
2014-03-10,-24.36,-24.36,-194.36,-66.8,-92.36
2014-03-11,-223.72000000000003,-113.08,465.64,-387.44000000000005,118.40799999999999
2014-03-12,-57.44,-57.44,-78.08000000000004,-52.44,-65.69600000000001
2014-03-13,-288.08,-288.08,1285.64,428.19999999999993,341.408
2014-03-14,0.0,0.0,-1588.08,-1140.52,-635.232
2014-03-17,255.1199999999999,255.1199999999999,80.64,127.55999999999995,185.32799999999992
2014-03-18,97.55999999999995,97.55999999999995,765.64,224.4799999999999,364.792
2014-03-19,-144.36,-144.36,345.64,-621.8000000000001,51.639999999999986
2014-03-20,286.91999999999996,286.91999999999996,210.64,-106.80000000000005,256.408
2014-03-21,0.0,-159.36,1185.64,620.64,378.64000000000004
2014-03-24,-282.44000000000005,-832.44,725.64,-621.8000000000001,-209.20800000000003
2014-03-25,-108.72,21.28,-743.72,-543.08,-284.72
2014-03-26,-204.36,-608.08,891.2800000000001,722.56,-8.336000000000013
2014-03-27,26.92,26.92,75.64,-99.24000000000005,46.408
2014-03-28,141.27999999999997,141.27999999999997,-224.36,141.27999999999997,-4.976000000000022
2014-03-31,-214.36,-214.36,-264.36,-214.36,-234.36000000000004
2014-04-01,1005.76,1005.76,795.64,1005.76,921.7119999999999
2014-04-02,0.0,0.0,-39.36,-84.36,-15.744
2014-04-03,45.64,45.64,560.64,371.28,251.64000000000001
2014-04-04,0.0,0.0,2140.64,2045.64,856.256
2014-04-07,71.91999999999997,0.0,-1233.72,-159.24000000000007,-493.488
2014-04-08,-361.80000000000007,-361.80000000000007,410.64,-38.08000000000003,-52.82400000000003
2014-04-09,0.0,-127.44,265.64,-154.36,29.791999999999994
2014-04-10,-69.36,-69.36,1960.64,1816.92,742.6400000000001
2014-04-10,0.0,0.0,0.0,0.0,0.0
2014-04-11,0.0,0.0,-249.36,-36.80000000000004,-99.744
2014-04-14,381.91999999999996,181.28,-124.36,-119.88000000000011,59.024
2014-04-15,380.64,380.64,-968.72,463.8399999999999,-159.10399999999998
2014-04-16,0.0,0.0,-484.36,-258.08000000000004,-193.744
2014-04-17,386.91999999999996,386.91999999999996,-138.72000000000003,386.91999999999996,176.66399999999993
2014-04-21,-33.60000000000005,-2.9600000000001216,-409.36,-19.880000000000038,-165.52000000000007
2014-04-22,0.0,0.0,80.64,-24.36,32.256
2014-04-23,0.0,0.0,435.64,-524.36,174.256
2014-04-24,0.0,0.0,335.64,185.64,134.256
2014-04-25,0.0,0.0,560.64,1019.6000000000001,224.256
2014-04-28,-358.72,310.64,-1548.08,67.55999999999995,-432.84799999999996
2014-04-29,0.0,0.0,-703.72,-686.1600000000001,-281.488
2014-04-30,-365.5200000000001,-9.36,-39.36,-365.5200000000001,-21.36
2014-05-01,-438.72,-118.72,-908.72,-219.36,-434.71999999999997
2014-05-02,-224.36,-601.8000000000001,-483.72,-741.8000000000001,-554.568
2014-05-05,460.64,-148.72,186.27999999999997,268.84,-14.720000000000004
2014-05-06,0.0,0.0,745.64,684.48,298.256
2014-05-07,-356.16,-476.1600000000001,175.64,-356.16,-215.44000000000005
2014-05-08,30.64,30.64,-413.72,72.55999999999996,-147.104
2014-05-09,-208.72000000000003,-208.72000000000003,-519.36,-361.16,-332.976
2014-05-12,0.0,0.0,500.64,0.0,200.256
2014-05-13,0.0,0.0,-54.36,0.0,-21.744
2014-05-14,0.0,0.0,0.0,36.28,0.0
2014-05-15,0.0,0.0,51.27999999999997,352.56,20.51199999999999
2014-05-16,-118.72,-118.72,-528.72,-221.8,-282.71999999999997
2014-05-19,0.0,0.0,715.64,80.64,286.256
2014-05-20,0.0,0.0,-48.72000000000003,-464.76000000000005,-19.48800000000001
2014-05-21,245.64,245.64,410.64,240.11999999999998,311.64
2014-05-22,0.0,0.0,-638.72,-66.16,-255.488
2014-05-23,0.0,0.0,390.64,0.0,156.256
2014-05-26,0.0,0.0,0.0,0.0,0.0
2014-05-27,0.0,0.0,450.64,0.0,180.256
2014-05-28,0.0,0.0,45.64,-68.72,18.256
2014-05-29,-250.51999999999998,-349.88,-219.36,-231.16000000000003,-297.67199999999997
2014-05-30,0.0,0.0,-119.36,0.0,-47.744
2014-06-02,0.0,0.0,95.64,-98.72,38.256
2014-06-03,0.0,0.0,190.64,-59.239999999999995,76.256
2014-06-04,0.0,0.0,36.27999999999997,-68.72,14.51199999999999
2014-06-05,0.0,0.0,-353.08000000000004,-248.72000000000003,-141.23200000000003
2014-06-06,0.0,0.0,-74.36,0.0,-29.744
2014-06-09,0.0,0.0,0.6399999999999997,0.0,0.2559999999999999
2014-06-10,0.0,0.0,50.64,-47.44,20.256
2014-06-11,0.0,0.0,85.64,40.64,34.256
2014-06-12,115.64,115.64,440.64,438.2,245.64000000000001
2014-06-13,0.0,0.0,115.64,-470.52,46.256
2014-06-16,185.64,185.64,-743.08,241.91999999999996,-185.848
2014-06-17,0.0,0.0,-308.72,-126.8,-123.48800000000001
2014-06-18,276.28,276.28,-298.72,276.28,46.27999999999997
2014-06-19,0.0,0.0,50.64,-234.36,20.256
2014-06-20,0.0,0.0,0.0,0.0,0.0
2014-06-23,0.0,0.0,-64.36,-28.599999999999994,-25.744
2014-06-24,0.0,0.0,-493.72,186.27999999999997,-197.488
2014-06-25,200.64,200.64,625.64,116.27999999999999,370.64
2014-06-25,0.0,0.0,0.0,-36.16,0.0
2014-06-26,0.0,0.0,20.64,0.0,8.256
2014-06-27,0.0,0.0,275.64,-124.88,110.256
2014-06-30,0.0,0.0,80.64,0.0,32.256
2014-07-01,988.8399999999999,988.8399999999999,580.64,523.84,825.5599999999998
2014-07-02,0.0,0.0,0.6399999999999997,0.0,0.2559999999999999
2014-07-03,131.28,131.28,-299.36,131.28,-40.976
2014-07-04,0.0,0.0,0.0,0.0,0.0
2014-07-07,0.0,0.0,125.64,-41.8,50.256
2014-07-08,21.28,21.28,680.64,21.28,285.024
2014-07-09,-126.16000000000004,-126.16000000000004,255.64,-231.16000000000008,26.559999999999967
2014-07-10,0.0,0.0,396.28,311.91999999999996,158.512
2014-07-11,-358.72,-367.32000000000016,-678.72,-313.72,-491.8800000000001
2014-07-14,0.0,0.0,-209.36,-19.36,-83.744
2014-07-15,6.280000000000001,6.280000000000001,205.64,6.280000000000001,86.024
2014-07-16,0.0,-763.08,175.64,-323.72,-387.59200000000004
2014-07-17,-348.08000000000004,-33.08000000000003,191.27999999999997,-57.440000000000055,56.66399999999997
2014-07-18,2241.28,2241.28,675.64,991.2800000000001,1615.024
2014-07-21,0.0,0.0,-398.72,-709.2400000000001,-159.488
2014-07-22,0.0,0.0,-128.72000000000003,0.0,-51.488000000000014
2014-07-23,466.91999999999996,1071.28,-213.08000000000004,301.28,557.5360000000001
2014-07-24,-123.72,-123.72,-118.72000000000001,-148.07999999999998,-121.72
2014-07-25,-102.44,-43.08,-833.08,-102.44,-359.08000000000004
2014-07-28,0.0,0.0,-84.36,-488.08000000000004,-33.744
2014-07-29,-216.16000000000003,-157.44,-558.08,-368.6000000000001,-317.696
2014-07-30,81.64,-337.08,-188.72000000000003,-284.0,-277.736
2014-07-31,0.0,0.0,446.91999999999996,361.91999999999996,178.76799999999997
2014-08-01,20.64,0.0,-473.72,198.19999999999993,-189.488
2014-08-04,-324.8800000000001,-155.5200000000001,-947.4399999999999,-495.52,-472.288
2014-08-05,-1030.52,-990.5200000000001,-283.08000000000004,-1030.52,-707.5440000000001
2014-08-06,0.0,0.0,430.64,276.28,172.256
2014-08-07,-83.72000000000001,-178.72000000000003,460.64,97.55999999999995,77.02399999999997
2014-08-08,-178.48,-178.48,-113.72000000000003,-461.6800000000002,-152.576
2014-08-11,441.28,441.28,180.64,441.28,337.024
2014-08-12,-242.44000000000005,-242.44000000000005,-643.72,-641.1600000000001,-402.95200000000006
2014-08-13,0.0,0.0,430.64,0.0,172.256
2014-08-14,180.12,141.28,210.64,184.48,169.024
2014-08-15,125.76,125.76,-184.36,496.39999999999986,1.7120000000000004
2014-08-18,0.0,0.0,-118.72000000000001,0.0,-47.48800000000001
2014-08-19,0.0,0.0,0.0,0.0,0.0
2014-08-20,0.0,0.0,-164.36,-6.159999999999997,-65.744
2014-08-21,0.0,0.0,35.64,-144.36,14.256
2014-08-22,-178.72,-238.72000000000003,-198.72000000000003,-328.08000000000004,-222.72000000000003
2014-08-25,0.0,0.0,-119.36,5.64,-47.744
2014-08-26,0.0,0.0,-144.36,0.0,-57.74400000000001
2014-08-27,0.0,0.0,-39.36,0.0,-15.744
2014-08-28,-23.08,-23.08,-113.72000000000001,-23.08,-59.336
2014-08-29,135.64,135.64,-288.72,-22.439999999999998,-34.10400000000002
2014-09-01,0.0,0.0,0.0,0.0,0.0
2014-09-02,0.0,0.0,-133.72,0.0,-53.488
2014-09-03,0.0,0.0,615.64,640.64,246.256
2014-09-04,-307.96000000000004,-323.6,-243.08000000000004,-294.24,-291.392
2014-09-05,-41.160000000000025,-41.160000000000025,-178.72000000000003,-225.5200000000001,-96.18400000000003
2014-09-08,-207.44000000000005,-207.44000000000005,-518.72,-207.44000000000005,-331.95200000000006
2014-09-09,-419.88000000000005,-419.88000000000005,-198.08000000000004,-461.0400000000002,-331.16
2014-09-10,461.91999999999996,776.92,-113.08000000000004,293.19999999999993,420.9199999999999
2014-09-11,135.64,50.64,-1181.8,-196.16000000000008,-442.33599999999996
2014-09-12,0.0,0.0,300.64,300.64,120.256
2014-09-15,0.0,0.0,805.64,501.28,322.256
2014-09-16,565.64,565.64,975.64,541.28,729.64
2014-09-17,-363.08000000000004,-363.08000000000004,80.64,-356.8,-185.59200000000004
2014-09-18,495.64,495.64,120.64,495.64,345.64
2014-09-19,0.0,0.0,210.64,240.64,84.256
2014-09-22,-173.08000000000004,-3.079999999999999,415.64,287.55999999999995,164.408
2014-09-23,0.0,0.0,80.64,182.68,32.256
2014-09-24,1921.28,1921.28,750.64,960.64,1453.024
2014-09-25,0.0,0.0,1315.64,1321.2800000000002,526.2560000000001
2014-09-26,-1459.2400000000002,-1459.2399999999998,125.64,-849.88,-825.2879999999999
2014-09-29,-161.16000000000005,-213.08000000000004,605.64,264.4799999999999,114.40799999999997
2014-09-29,0.0,0.0,0.0,0.0,0.0
2014-09-30,301.28,301.28,-443.72,6.919999999999972,3.2799999999999727
2014-10-01,-428.72,-428.72,840.64,-11.160000000000082,79.02399999999997
2014-10-02,-513.72,-572.44,-988.72,-583.6000000000001,-738.952
2014-10-03,313.8399999999999,538.1999999999999,-98.72000000000003,134.47999999999993,283.43199999999996
2014-10-06,-383.72,-465.5200000000001,-708.72,-425.5200000000001,-562.8000000000001
2014-10-07,-244.36,-244.36,605.64,-244.36,95.63999999999999
2014-10-08,1510.7600000000002,1595.7600000000002,-1922.44,-217.31999999999994,188.4800000000001
2014-10-09,0.0,0.0,621.28,813.8399999999999,248.512
2014-10-10,-291.8,-197.44,386.9200000000001,739.48,36.304000000000045
2014-10-13,-2073.08,-2838.08,-2433.08,-1028.7199999999998,-2676.08
2014-10-14,-1526.8000000000002,-292.44000000000005,-2117.4399999999996,-867.44,-1022.4399999999998
2014-10-15,-573.08,0.0,-1548.08,-68.60000000000014,-619.232
2014-10-16,555.64,-1588.72,1075.64,555.64,-522.9759999999999
2014-10-17,-241.0400000000002,588.3199999999998,-653.72,-276.0400000000002,91.5039999999999
2014-10-20,-313.72,-313.72,980.64,-661.8000000000001,204.02399999999997
2014-10-21,0.0,0.0,131.27999999999997,-708.08,52.511999999999986
2014-10-22,-611.1600000000001,-836.1600000000001,455.64,-665.5200000000001,-319.4400000000001
2014-10-23,1618.2,1618.2,120.64,543.8399999999999,1019.176
2014-10-24,-193.72000000000003,305.64,-1528.08,-789.8800000000001,-427.84799999999996
2014-10-27,0.0,0.0,-489.36,-253.72000000000003,-195.744
2014-10-28,0.0,0.0,600.64,0.0,240.256
2014-10-29,-16.799999999999997,-16.799999999999997,-559.36,-502.96000000000015,-233.824
2014-10-30,315.24,444.5999999999999,390.64,309.59999999999997,423.01599999999996
2014-10-31,201.91999999999996,-281.8,85.64,-186.8,-134.824
2014-11-03,-153.72,0.0,-84.36,-264.88000000000005,-33.744
2014-11-04,-378.72,-378.72,-384.36,-479.8800000000001,-380.976
2014-11-05,-37.44,-1089.88,430.64,-291.1600000000001,-481.67200000000014
2014-11-06,-177.44000000000003,-81.80000000000003,-798.72,-512.96,-368.56800000000004
2014-11-07,-119.36,-119.36,170.64,-71.80000000000003,-3.360000000000002
2014-11-10,-141.8,23.200000000000003,-418.72,-166.8,-153.568
2014-11-11,1.2799999999999994,1.2799999999999994,-339.36,0.6399999999999997,-134.976
2014-11-12,0.0,0.0,385.64,-199.88,154.256
2014-11-13,-208.08000000000004,-208.08000000000004,-79.36,-342.44000000000005,-156.59200000000004
2014-11-14,0.0,0.0,-538.72,-699.7600000000001,-215.488
2014-11-17,0.0,0.0,-199.36,-92.44000000000005,-79.744
2014-11-18,-38.72,-38.72,385.64,-188.72000000000003,131.024
2014-11-19,0.0,0.0,125.64,-354.12000000000006,50.256
2014-11-20,326.28,61.28,435.64,376.91999999999996,211.02399999999997
2014-11-21,-59.36,-228.72000000000003,605.64,116.91999999999997,105.02399999999997
2014-11-24,0.0,0.0,191.27999999999997,0.0,76.51199999999999
2014-11-25,0.0,0.0,-109.36,-59.36,-43.744
2014-11-26,0.0,0.0,195.64,0.0,78.256
2014-11-27,0.0,0.0,0.0,-118.72,0.0
2014-11-28,-139.36,-139.36,-109.36,-196.16000000000003,-127.36000000000001
2014-12-01,-248.72,-124.36,521.28,178.19999999999993,133.89600000000002
2014-12-02,-718.6,-718.6,-63.72000000000001,-570.52,-456.648
2014-12-03,0.0,0.0,-159.36,-59.36,-63.74400000000001
2014-12-04,0.0,0.0,-223.72000000000003,-107.44,-89.48800000000001
2014-12-05,0.0,0.0,-173.72000000000003,0.0,-69.48800000000001
2014-12-08,96.28,95.64,-238.72000000000003,382.55999999999995,-38.104000000000006
2014-12-09,0.0,0.0,-1422.44,356.28,-568.976
2014-12-10,0.0,0.0,726.28,-144.88000000000005,290.512
2014-12-11,1445.76,1485.76,-19.36,539.48,883.7119999999999
2014-12-12,-599.88,-959.24,-89.36,-739.24,-611.288
2014-12-15,612.56,333.19999999999993,341.28,1106.92,336.43199999999996
2014-12-16,-1131.16,-1741.8000000000002,-1583.08,-1486.8000000000002,-1678.3120000000004
2014-12-17,1036.92,1036.92,1340.64,792.5600000000001,1158.4080000000001
2014-12-18,1161.28,1161.28,66.27999999999997,413.8399999999999,723.28
2014-12-19,-243.60000000000008,-10.519999999999996,-273.72,-558.4800000000002,-115.8
2014-12-22,-34.36,-34.36,100.64,-206.16,19.64
2014-12-23,-4.36,-16.159999999999997,415.64,-78.08000000000001,156.56
2014-12-24,0.0,0.0,0.0,0.0,0.0
2014-12-26,-47.31999999999999,-47.31999999999999,-179.36,19.480000000000004,-100.136
2014-12-28,0.0,0.0,0.0,0.0,0.0
2014-12-29,-34.36,-34.36,-64.36,-34.36,-46.36
2014-12-30,-237.44000000000005,-224.36,-454.36,-237.44000000000005,-316.36
2014-12-31,0.0,0.0,-688.72,715.64,-275.488
2015-01-02,-143.08,-143.08,-208.72000000000003,227.55999999999995,-169.336
2015-01-05,0.0,0.0,545.64,-77.44000000000005,218.256
2015-01-06,-94.36,0.0,741.28,724.4799999999999,296.512
2015-01-07,272.03999999999996,43.319999999999936,56.27999999999997,283.84,48.50399999999995
2015-01-08,1315.64,1315.64,775.64,1315.64,1099.6399999999999
2015-01-09,0.0,0.0,590.64,735.64,236.256
2015-01-12,-221.8,-636.8,885.64,-237.44,-27.823999999999977
2015-01-13,313.8399999999999,313.8399999999999,-693.72,463.19999999999993,-89.18400000000005
2015-01-14,-175.52000000000004,45.64,275.64,262.03999999999985,137.64000000000001
2015-01-15,0.0,0.0,1235.64,1081.28,494.25600000000003
2015-01-16,1091.92,1091.92,1020.64,1091.92,1063.408
2015-01-19,0.0,0.0,0.0,286.28,0.0
2015-01-20,-22.439999999999998,239.47999999999996,-863.72,-354.24000000000007,-201.80000000000004
2015-01-21,-672.9600000000002,-988.6000000000001,-38.72000000000003,-927.32,-608.648
2015-01-22,971.92,1791.92,-1848.7199999999998,15.759999999999877,335.6640000000001
2015-01-23,0.0,0.0,-214.36,-79.36,-85.744
2015-01-26,-328.6,-379.88000000000005,-194.36,-288.6,-305.672
2015-01-27,0.0,0.0,470.64,971.2800000000001,188.256
2015-01-28,1.9199999999999875,-36.16000000000001,1515.64,1111.4,584.5600000000001
2015-01-29,418.19999999999993,543.8399999999999,-843.72,-17.440000000000055,-11.18400000000006
2015-01-30,41.91999999999996,-29.36,-849.36,119.47999999999992,-357.36
2015-02-02,-221.8,-221.8,-734.36,-485.52000000000004,-426.82399999999996
2015-02-03,-538.08,291.28,-1558.72,-847.44,-448.7200000000001
2015-02-04,-278.72,-278.72,-284.36,-668.4800000000001,-280.976
2015-02-05,1038.32,1082.6799999999998,275.64,547.04,759.8639999999999
2015-02-06,0.0,0.0,645.64,-366.80000000000007,258.256
2015-02-09,-368.72,0.0,45.64,-237.44000000000003,18.256
2015-02-10,632.56,560.76,520.64,-291.1600000000001,544.712
2015-02-11,0.0,0.0,-139.36,0.0,-55.74400000000001
2015-02-12,691.28,691.28,335.64,691.28,549.024
2015-02-13,0.0,0.0,0.0,0.0,0.0
2015-02-16,0.0,0.0,0.0,-239.00000000000028,0.0
2015-02-17,-34.879999999999995,-34.879999999999995,-164.36,-34.879999999999995,-86.672
2015-02-18,0.0,0.0,0.0,0.0,0.0
2015-02-19,-114.36,-114.36,210.64,-455.52000000000004,15.639999999999997
2015-02-20,0.0,0.0,61.27999999999997,-398.72,24.51199999999999
2015-02-23,0.0,0.0,-209.36,0.0,-83.744
2015-02-24,0.0,0.0,-268.72,0.0,-107.48800000000001
2015-02-25,0.0,0.0,-363.72,0.0,-145.488
2015-02-26,0.0,0.0,-432.44000000000005,0.0,-172.97600000000003
2015-02-27,0.0,0.0,215.64,0.0,86.256
2015-03-02,0.0,0.0,545.64,0.0,218.256
2015-03-03,0.0,0.0,-293.08000000000004,-44.36,-117.23200000000001
2015-03-04,0.0,0.0,-29.36,-209.76000000000005,-11.744
2015-03-05,0.0,0.0,-648.08,0.0,-259.232
2015-03-06,0.0,0.0,246.91999999999996,-228.08000000000004,98.76799999999999
2015-03-09,0.0,0.0,-1203.08,30.760000000000005,-481.23199999999997
2015-03-10,0.0,0.0,865.64,1268.1999999999998,346.256
2015-03-11,-81.8,-161.16,480.64,-62.44,95.55999999999999
2015-03-12,515.12,515.12,640.64,257.56,565.3280000000001
2015-03-13,-169.36,-169.36,-573.08,-609.24,-330.84800000000007
2015-03-16,557.56,721.92,446.28,512.56,611.664
2015-03-17,-325.52000000000004,-325.52000000000004,195.64,-291.16,-117.05600000000004
2015-03-18,0.0,0.0,216.27999999999997,-562.44,86.51199999999999
2015-03-19,-83.08,-83.08,-9.36,-83.08,-53.592000000000006
2015-03-20,0.0,0.0,0.0,-82.44000000000003,0.0
2015-03-23,-408.08000000000004,-126.80000000000005,-628.72,-408.08000000000004,-327.56800000000004
2015-03-24,-4.36,-4.36,-883.08,62.56,-355.848
2015-03-25,0.0,0.0,2045.64,448.8399999999999,818.2560000000001
2015-03-26,-338.08000000000004,-651.1600000000001,-892.4399999999999,-338.08000000000004,-747.672
2015-03-27,-261.15999999999997,-1.7999999999999972,420.64,-427.9600000000001,167.176
2015-03-30,0.0,0.0,290.64,-293.72,116.256
2015-03-31,0.0,0.0,380.64,2.039999999999978,152.256
2015-04-01,83.83999999999992,83.83999999999992,370.64,265.1199999999999,198.55999999999995
2015-04-02,0.0,0.0,-299.36,-192.44,-119.744
2015-04-03,0.0,0.0,0.0,-18.080000000000013,0.0
2015-04-06,788.8400000000001,788.8400000000001,1180.64,798.8400000000001,945.5600000000002
2015-04-07,-73.47999999999999,-73.47999999999999,-214.36,-330.92,-129.832
2015-04-08,368.19999999999993,368.19999999999993,425.64,243.2,391.176
2015-04-09,695.64,685.64,465.64,410.12,597.64
2015-04-09,0.0,0.0,0.0,0.0,0.0
2015-04-10,0.0,0.0,0.0,0.0,0.0
2015-04-13,-34.36,-34.36,-474.36,10.120000000000005,-210.35999999999999
2015-04-14,-361.04,-266.04,-613.72,-362.32000000000005,-405.112
2015-04-15,0.0,0.0,-199.36,-86.8,-79.744
2015-04-16,0.0,0.0,0.0,0.0,0.0
2015-04-17,-168.08000000000004,91.28,-258.72,-91.80000000000005,-48.720000000000006
2015-04-20,690.64,690.64,780.64,486.28,726.64
2015-04-21,-256.80000000000007,131.91999999999996,0.0,-451.1600000000001,79.15199999999997
2015-04-22,-53.72,180.64,-624.36,103.83999999999995,-141.36
2015-04-23,781.92,682.56,475.64,781.92,599.792
2015-04-24,0.0,0.0,-119.36,-209.36,-47.744
2015-04-27,0.0,0.0,325.64,241.27999999999997,130.256
2015-04-28,0.0,0.0,230.64,516.28,92.256
2015-04-29,-436.80000000000007,-328.08000000000004,-748.72,-754.2400000000001,-496.33600000000007
2015-04-30,-583.08,-118.72,431.28,-523.72,101.28
2015-05-01,500.64,500.64,635.64,500.64,554.64
2015-05-04,0.0,0.0,-209.36,-188.72000000000003,-83.744
2015-05-05,-114.36,-114.36,436.28,441.91999999999996,105.896
2015-05-06,-546.1600000000001,-546.1600000000001,670.64,-334.8800000000001,-59.440000000000055
2015-05-07,932.56,932.56,345.64,452.55999999999995,697.792
2015-05-08,891.92,891.92,125.64,446.28,585.408
2015-05-11,-163.07999999999998,-64.36,-353.72,-187.44,-180.10399999999998
2015-05-12,-491.1600000000001,-416.80000000000007,-478.72,-331.1600000000001,-441.56800000000004
2015-05-13,261.28,261.28,-354.36,-346.1600000000001,15.023999999999978
2015-05-14,912.56,1126.92,-178.72000000000003,912.56,604.664
2015-05-15,0.0,0.0,80.64,-198.08,32.256
2015-05-18,0.0,0.0,290.64,-203.72,116.256
2015-05-19,-198.72,-198.72,0.0,-99.36,-119.232
2015-05-20,-134.36,-134.36,-1083.72,-602.96,-514.104
2015-05-21,295.64,295.64,290.64,295.64,293.64
2015-05-22,0.0,0.0,-74.36,0.0,-29.744
2015-05-25,0.0,0.0,0.0,0.0,0.0
2015-05-26,-58.08000000000004,-58.08000000000004,685.64,128.19999999999993,239.408
2015-05-27,0.0,0.0,586.28,0.0,234.512
2015-05-28,0.0,0.0,-573.72,-358.08000000000004,-229.488
2015-05-29,256.28,256.28,110.64,342.55999999999995,198.02399999999997
2015-06-01,0.0,0.0,125.64,-19.880000000000038,50.256
2015-06-02,186.27999999999997,316.28,-788.72,186.27999999999997,-125.72000000000003
2015-06-03,-8.600000000000094,-24.880000000000095,100.64,-69.88000000000007,25.327999999999943
2015-06-04,0.0,0.0,-578.72,231.91999999999996,-231.488
2015-06-05,0.0,0.0,-89.36,-844.8800000000001,-35.744
2015-06-08,0.0,0.0,720.64,0.0,288.256
2015-06-09,-439.8000000000006,-204.80000000000058,-793.72,-459.1600000000006,-440.3680000000004
2015-06-10,496.28,496.28,556.28,277.55999999999995,520.28
2015-06-11,-146.8,-146.8,-349.36,-146.8,-227.824
2015-06-12,-553.08,-204.36,-748.08,-976.1600000000001,-421.84800000000007
2015-06-15,0.0,0.0,-484.36,-238.08000000000004,-193.744
2015-06-16,326.28,21.28,365.64,228.19999999999996,159.024
2015-06-17,0.0,0.0,-1148.08,-28.08,-459.23199999999997
2015-06-18,1331.2800000000002,1331.2800000000002,710.64,1331.2800000000002,1083.0240000000001
2015-06-19,23.840000000000003,23.840000000000003,155.64,24.480000000000004,76.55999999999999
2015-06-22,161.91999999999996,161.91999999999996,-184.36,161.91999999999996,23.40799999999997
2015-06-23,-22.439999999999998,-22.439999999999998,-274.36,-22.439999999999998,-123.208
2015-06-24,0.6399999999999997,0.6399999999999997,-723.72,-78.72,-289.104
2015-06-25,205.64,205.64,415.64,368.19999999999993,289.64
2015-06-26,16.92,16.92,495.64,-532.96,208.408
2015-06-29,55.64,55.64,161.91999999999996,486.91999999999996,98.15199999999999
2015-06-30,0.0,-48.72,30.64,-409.1200000000001,-16.976
2015-07-01,317.03999999999996,-12.32000000000005,40.64,-160.40000000000003,8.86399999999997
2015-07-02,0.0,0.0,-139.36,-23.72,-55.74400000000001
2015-07-03,0.0,0.0,-39.36,-217.44,-15.744
2015-07-06,981.3999999999999,981.3999999999999,-143.72000000000003,667.04,531.352
2015-07-07,-79.36,-79.36,-224.36,1535.64,-137.35999999999999
2015-07-07,0.0,0.0,0.0,0.0,0.0
2015-07-08,141.27999999999997,141.27999999999997,710.64,612.04,369.024
2015-07-09,1331.28,158.83999999999992,855.64,1033.84,437.55999999999995
2015-07-10,447.55999999999995,1201.92,-598.72,316.91999999999996,481.66400000000004
2015-07-13,1998.84,1998.84,705.64,1067.56,1481.56
2015-07-14,0.0,0.0,385.64,0.0,154.256
2015-07-15,-94.36,-94.36,0.0,-94.36,-56.616
2015-07-16,0.0,0.0,-538.72,0.0,-215.488
2015-07-17,0.0,0.0,45.64,0.0,18.256
2015-07-20,0.0,0.0,-269.36,-13.079999999999998,-107.744
2015-07-21,-99.36,-99.36,-54.36,-293.08000000000004,-81.35999999999999
2015-07-22,111.39999999999999,-346.68000000000006,150.64,111.39999999999999,-147.75200000000004
2015-07-23,0.0,0.0,135.64,-203.07999999999998,54.25599999999999
2015-07-24,0.0,0.0,1235.64,1014.7199999999998,494.25600000000003
2015-07-27,-189.36,-189.36,-1158.72,-442.96000000000004,-577.104
2015-07-28,0.0,0.0,-488.72,-484.36,-195.488
2015-07-29,-343.72,-343.72,-509.36,-343.72,-409.976
2015-07-30,18.839999999999975,-87.44,-218.08000000000004,-480.5200000000001,-139.696
2015-07-31,-39.36,-108.72,300.64,-129.88,55.024
2015-08-03,-812.9600000000002,-599.2400000000001,-258.72,-1130.4,-463.03200000000004
2015-08-04,0.0,0.0,65.64,-297.32000000000005,26.256
2015-08-05,331.91999999999996,331.91999999999996,-44.36,331.91999999999996,181.40799999999996
2015-08-06,-911.8000000000001,-1216.16,936.2800000000001,957.5600000000001,-355.1840000000001
2015-08-07,-123.72000000000001,115.64,-1478.08,-757.32,-521.848
2015-08-10,313.84,313.84,175.64,173.83999999999992,258.56
2015-08-11,0.0,0.0,-818.08,468.84,-327.232
2015-08-12,276.28,-134.36,-373.72,278.8399999999999,-230.10399999999998
2015-08-13,-159.36,-318.08000000000004,-463.72,-275.5200000000001,-376.33600000000007
2015-08-14,-143.72,-111.79999999999998,-509.36,-143.72,-270.82399999999996
2015-08-17,832.56,832.56,116.27999999999997,648.1999999999999,546.048
2015-08-18,-373.72,-373.72,195.64,-632.44,-145.97600000000003
2015-08-19,-263.08000000000004,-263.08000000000004,15.64,-21.800000000000054,-151.59200000000004
2015-08-20,-514.36,0.0,761.2800000000001,-298.08000000000004,304.51200000000006
2015-08-21,-267.44000000000005,-318.72,751.9200000000001,1061.4,109.53600000000002
2015-08-24,2402.5600000000004,1212.56,1690.64,1201.2800000000002,1403.792
2015-08-25,-1727.44,-4921.16,2545.64,747.5600000000001,-1934.44
2015-08-26,1871.92,3726.92,-1718.7199999999998,1871.92,1548.6640000000002
2015-08-27,-601.8000000000001,58.83999999999992,-2768.72,-1656.8,-1072.184
2015-08-28,0.0,0.0,110.64,-1104.24,44.256
2015-08-31,0.0,0.0,-428.72,637.56,-171.488
2015-09-01,-1395.52,0.0,-814.36,-1589.88,-325.744
2015-09-02,0.0,0.0,-884.36,-1734.88,-353.744
2015-09-03,6.919999999999973,-41.800000000000026,-1228.72,-1257.3200000000002,-516.568
2015-09-04,95.64,-358.72,130.64,-73.08,-162.97600000000003
2015-09-07,0.0,0.0,0.0,0.0,0.0
2015-09-08,1298.84,1298.84,410.64,1393.1999999999998,943.5599999999998
2015-09-09,0.0,0.0,1900.64,1437.56,760.2560000000001
2015-09-10,268.84000000000003,-345.52000000000004,750.64,257.55999999999995,92.94399999999996
2015-09-11,-387.44000000000005,-387.44000000000005,70.64,33.19999999999993,-204.20800000000003
2015-09-14,0.0,0.0,480.64,-56.160000000000025,192.256
2015-09-15,451.91999999999996,1112.56,-208.72000000000003,257.55999999999995,584.048
2015-09-16,0.0,0.0,-814.36,-273.72,-325.744
2015-09-17,-44.36,-933.08,-294.36,-44.36,-677.592
2015-09-18,-359.88000000000005,-356.16,-144.36,-359.88000000000005,-271.44
2015-09-21,-627.44,-327.44000000000005,-1118.72,-1147.3200000000002,-643.952
2015-09-22,0.0,0.0,-1048.72,115.23999999999978,-419.488
2015-09-23,0.0,0.0,-129.36,-684.8800000000001,-51.74400000000001
2015-09-23,0.0,0.0,0.0,0.0,0.0
2015-09-24,-593.72,-223.08,-1318.72,-230.5200000000001,-661.336
2015-09-25,0.0,-493.72,1350.64,792.5600000000001,244.02400000000003
2015-09-28,-477.44000000000005,-477.44000000000005,1740.64,231.39999999999986,409.79200000000003
2015-09-29,-28.72,-28.72,-1578.7199999999998,-587.3200000000002,-648.7199999999999
2015-09-30,0.0,0.0,640.64,-86.8,256.256
2015-10-01,0.0,0.0,-384.36,146.27999999999997,-153.744
2015-10-02,1272.04,431.4,1311.2800000000002,1115.24,783.3520000000001
2015-10-05,0.0,-782.44,-638.72,-653.72,-724.952
2015-10-06,-229.36,0.0,-893.72,-834.8000000000004,-357.488
2015-10-07,122.55999999999996,-276.1600000000001,30.64,-136.80000000000007,-153.44000000000005
2015-10-08,-254.36,0.0,-953.72,-571.1600000000001,-381.488
2015-10-09,-258.72,0.0,-298.72,-218.72000000000003,-119.48800000000001
2015-10-12,0.0,0.0,-94.36,-94.24,-37.744
2015-10-13,-348.08000000000004,-383.08000000000004,-309.36,-418.3600000000002,-353.59200000000004
2015-10-14,-203.08,-178.08,-903.72,-188.72000000000003,-468.33600000000007
2015-10-15,-36.04000000000019,-36.04000000000019,631.28,13.319999999999823,230.88799999999986
2015-10-16,0.0,0.0,-289.36,0.6399999999999997,-115.744
2015-10-19,0.0,0.0,345.64,-141.9600000000001,138.256
2015-10-20,0.0,0.0,130.64,0.0,52.25599999999999
2015-10-21,502.55999999999995,502.55999999999995,865.64,-784.8800000000001,647.792
2015-10-22,3464.7200000000003,3584.08,316.28,1597.8,2276.96
2015-10-23,-276.1600000000001,115.11999999999989,-873.72,-548.6000000000001,-280.41600000000005
2015-10-26,0.0,0.0,-269.36,0.0,-107.744
2015-10-27,0.0,0.0,195.64,-187.83999999999997,78.256
2015-10-28,0.0,0.0,-418.72,-956.0400000000001,-167.488
2015-10-29,0.0,0.0,75.64,-55.519999999999996,30.256
2015-10-30,126.92,126.92,-503.72,126.92,-125.33600000000001
2015-11-02,762.56,762.56,171.27999999999997,361.91999999999996,526.048
2015-11-03,-216.16,-216.16,-103.72000000000003,-122.44,-171.18400000000003
2015-11-04,-104.36,-104.36,205.64,-212.9600000000001,19.639999999999997
2015-11-05,0.0,0.0,-368.72,-233.08000000000004,-147.488
2015-11-06,-151.8,32.56,-733.08,-246.16000000000003,-273.696
2015-11-09,0.0,0.0,460.64,395.12,184.256
2015-11-10,-110.04000000000006,-384.52,-768.08,-321.96000000000015,-537.9440000000001
2015-11-11,-359.36,-359.36,-1133.72,-359.36,-669.104
2015-11-12,-1323.2400000000002,-1356.96,-573.08,-1342.7200000000003,-1043.408
2015-11-13,-233.72000000000003,-233.72000000000003,1255.64,563.1999999999999,362.024
2015-11-16,1661.92,1661.92,1220.64,1661.92,1485.4080000000001
2015-11-17,0.0,0.0,-953.72,-176.16000000000003,-381.488
2015-11-18,0.0,0.0,1211.2800000000002,-117.44,484.51200000000006
2015-11-19,-34.36,-34.36,-468.08000000000004,-34.36,-207.848
2015-11-20,-108.72,-108.72,-64.36,-108.72,-90.976
2015-11-23,0.0,0.0,-993.08,-73.72,-397.232
2015-11-24,-193.72000000000003,0.0,-903.08,-876.1600000000001,-361.232
2015-11-25,-298.72,-298.72,-74.36,-149.36,-208.97600000000003
2015-11-26,0.0,0.0,-114.36,0.0,-45.744
2015-11-27,160.64,160.64,-29.36,160.64,84.63999999999999
2015-11-30,0.0,0.0,455.64,59.72,182.256
2015-12-01,16.919999999999987,16.919999999999987,306.28,-112.44000000000005,132.664
2015-12-02,85.64,85.64,-173.72000000000003,-246.16000000000003,-18.104000000000006
2015-12-03,0.0,0.0,1790.64,2323.84,716.2560000000001
2015-12-04,1988.1999999999998,1988.1999999999998,1416.2800000000002,987.56,1759.432
2015-12-07,-128.08,-128.08,320.64,-874.2400000000001,51.407999999999994
2015-12-08,-376.80000000000007,0.0,980.64,-74.24000000000007,392.256
2015-12-09,76.28,-98.72,156.91999999999996,512.56,3.53599999999999
2015-12-10,-676.0400000000001,-676.0400000000001,-83.72000000000001,-696.0400000000001,-439.1120000000001
2015-12-11,-477.32,-477.32,521.28,620.8800000000001,-77.88000000000002
2015-12-14,-203.60000000000008,-956.6800000000001,-779.36,-64.24000000000002,-885.7520000000001
2015-12-15,-267.44000000000005,26.91999999999996,-339.36,-467.44000000000005,-119.59200000000003
2015-12-16,-1029.88,-279.8800000000001,-1448.7199999999998,-1708.6,-747.4159999999999
2015-12-17,180.64,180.64,1470.64,2046.92,696.6400000000001
2015-12-18,-707.44,-986.8000000000001,1080.64,-771.1600000000001,-159.82399999999998
2015-12-21,-166.4400000000004,-248.88000000000042,-448.72,-362.2000000000003,-328.81600000000026
2015-12-22,0.0,0.0,-179.36,-291.80000000000007,-71.744
2015-12-23,0.0,-169.36,0.0,-48.08,-101.61600000000001
2015-12-24,-89.36,-54.36,40.64,-89.36,-16.359999999999996
2015-12-28,0.0,0.0,-254.36,0.0,-101.744
2015-12-29,0.0,0.0,810.64,-298.72,324.256
2015-12-30,-159.24000000000007,-159.24000000000007,605.64,-159.24000000000007,146.71199999999993
2015-12-31,-81.8,-101.16,580.64,789.48,171.56
2016-01-04,-209.36,-209.36,-114.36,384.4799999999999,-171.36
2016-01-05,121.27999999999997,71.27999999999997,405.64,-165.5200000000001,205.02399999999997
2016-01-06,-62.440000000000026,0.0,425.64,1056.92,170.256
2016-01-07,-8.720000000000027,0.0,-963.08,1255.64,-385.232
2016-01-08,-537.44,-1257.44,66.27999999999997,-776.0400000000002,-727.952
2016-01-11,217.55999999999995,-1042.44,-333.72,-265.5200000000001,-758.952
2016-01-12,621.92,822.56,-1588.72,153.19999999999993,-141.95200000000006
2016-01-13,198.19999999999993,-96.16000000000008,3050.64,2308.2,1162.56
2016-01-13,0.0,0.0,0.0,0.0,0.0
2016-01-14,824.48,475.11999999999995,466.2800000000001,1005.76,471.584
2016-01-15,-1168.7199999999998,15.64,-1683.72,-1168.7199999999998,-664.104
2016-01-18,0.0,0.0,0.0,-653.08,0.0
2016-01-19,1318.1999999999998,1318.1999999999998,251.27999999999997,525.7599999999999,891.432
2016-01-20,61.91999999999999,0.0,-2143.72,1035.64,-857.4879999999999
2016-01-21,-1319.24,-339.24,-1453.72,-1727.96,-785.0319999999999
2016-01-22,1131.92,1131.92,305.64,1007.56,801.408
2016-01-25,0.0,0.0,105.64,-344.8800000000001,42.256
2016-01-26,-385.5200000000001,896.92,-1163.72,-41.80000000000007,72.66399999999994
2016-01-27,-49.36,-49.36,546.2800000000001,1423.8400000000001,188.89600000000004
2016-01-28,0.0,-433.08000000000004,5.64,-1119.2400000000002,-257.59200000000004
2016-01-29,964.48,1149.48,1555.64,1488.2,1311.944
2016-02-01,-641.8000000000001,-344.36,-363.72,-1481.6799999999998,-352.104
2016-02-02,0.0,0.0,1300.64,836.28,520.2560000000001
2016-02-03,0.0,0.0,735.64,131.39999999999998,294.256
2016-02-04,-1589.2400000000002,-799.8800000000001,-1448.08,-1332.96,-1059.16
2016-02-05,0.0,0.0,2680.64,1701.2800000000002,1072.2559999999999
2016-02-08,-818.72,-818.72,-324.36,-1369.2400000000002,-620.976
2016-02-09,0.0,0.0,465.64,958.8399999999999,186.256
2016-02-10,-158.08000000000004,-371.1600000000001,-2348.72,-158.08000000000004,-1162.184
2016-02-11,970.64,63.19999999999993,905.64,970.64,400.17599999999993
2016-02-12,-994.2400000000001,-787.9600000000002,-434.36,-1432.96,-646.5200000000001
2016-02-15,-448.72,-158.72,0.0,-224.36,-95.232
2016-02-16,-144.36,-144.36,0.0,-619.7600000000002,-86.61600000000001
2016-02-17,-46.16000000000008,-46.16000000000008,1090.64,398.19999999999993,408.56
2016-02-18,0.0,0.0,1080.64,683.1999999999999,432.25600000000003
2016-02-19,-794.8800000000001,-396.80000000000007,395.64,-794.8800000000001,-79.82400000000003
2016-02-22,76.28,76.28,325.64,-92.44000000000003,176.024
2016-02-23,0.0,0.0,265.64,-188.08000000000004,106.256
2016-02-24,3583.2000000000003,2685.76,531.2800000000001,1781.92,1823.968
2016-02-25,0.0,0.0,-794.36,-1089.76,-317.744
2016-02-26,0.0,0.0,230.64,491.51999999999975,92.256
2016-02-29,101.91999999999996,-237.44000000000005,-624.36,-151.80000000000007,-392.208
2016-03-01,1659.48,3938.84,596.2800000000001,1721.4,2601.816
2016-03-02,0.0,0.0,-389.36,-480.5200000000001,-155.744
2016-03-03,0.0,0.0,-9.36,-68.72,-3.7439999999999998
2016-03-04,0.0,-109.36,-99.36,-54.36,-105.35999999999999
2016-03-07,0.0,0.0,-1908.7199999999998,0.0,-763.4879999999999
2016-03-08,0.0,0.0,-793.72,-36.8,-317.488
2016-03-09,-179.36,-179.36,-184.36,-179.36,-181.36
2016-03-10,0.0,0.0,-193.72000000000003,426.91999999999996,-77.48800000000001
2016-03-11,0.0,0.0,-98.72000000000003,-379.36,-39.488000000000014
2016-03-14,0.0,0.0,480.64,-8.719999999999999,192.256
2016-03-15,0.0,0.0,-563.72,0.0,-225.488
2016-03-16,0.0,0.0,730.64,0.0,292.256
2016-03-17,-147.44,-147.44,-658.72,-172.44,-351.952
2016-03-18,0.0,0.0,-59.36,0.0,-23.744
2016-03-21,0.0,0.0,390.64,-23.08,156.256
2016-03-22,-147.44,-147.44,585.64,-213.08000000000004,145.792
2016-03-23,0.0,0.0,495.64,0.0,198.256
2016-03-24,0.0,0.0,71.27999999999997,0.0,28.51199999999999
2016-03-28,0.0,0.0,295.64,-99.36,118.256
2016-03-29,1161.28,1161.28,1305.64,580.64,1219.0240000000001
2016-03-30,0.0,0.0,-553.72,-48.08,-221.488
2016-03-31,0.0,0.0,-274.36,0.0,-109.744
2016-04-01,0.0,0.0,621.2800000000001,-263.72,248.51200000000003
2016-04-04,0.0,0.0,310.64,0.0,124.256
2016-04-05,-149.36,0.0,-1288.08,-222.84000000000015,-515.232
2016-04-06,751.28,751.28,1265.64,375.64,957.0240000000001
2016-04-07,-179.36,0.0,331.28,-53.60000000000002,132.512
2016-04-07,0.0,0.0,0.0,2.5599999999999987,0.0
2016-04-08,-815.5600000000003,-859.2800000000003,635.64,-691.8400000000003,-261.31200000000024
2016-04-11,-817.44,-677.44,-1288.08,-1107.96,-921.6959999999999
2016-04-12,-229.00000000000023,-203.36000000000024,-458.72,49.079999999999814,-305.5040000000002
2016-04-13,-333.1200000000001,-333.1200000000001,251.27999999999997,-194.0000000000001,-99.36000000000008
2016-04-14,0.0,0.0,-258.72,0.0,-103.48800000000001
2016-04-15,0.0,0.0,-198.72000000000003,0.0,-79.48800000000001
2016-04-18,-301.8,-301.8,660.64,-236.68000000000006,83.17599999999997
2016-04-19,-64.24,-64.24,685.64,527.04,235.712
2016-04-20,-119.36,-119.36,-583.08,-119.36,-304.848
2016-04-21,-325.52000000000004,-325.52000000000004,-798.72,-221.16,-514.8
2016-04-22,-848.4800000000001,-848.4800000000001,-513.72,-714.7600000000001,-714.5760000000001
2016-04-25,-58.08,-58.08,100.64,-159.24,5.407999999999999
2016-04-26,0.0,0.0,540.64,40.64,216.256
2016-04-27,0.0,0.0,-933.72,-378.72,-373.488
2016-04-28,0.0,0.0,191.91999999999996,578.1999999999999,76.76799999999999
2016-04-29,0.0,0.0,-313.08000000000004,387.03999999999985,-125.23200000000001
2016-05-02,-337.96000000000004,-337.96000000000004,-198.72000000000003,-409.8800000000001,-282.264
2016-05-03,0.0,0.0,-1408.08,23.19999999999996,-563.232
2016-05-04,-321.8,-158.72,-169.36,-35.52000000000005,-162.976
2016-05-05,0.0,0.0,130.64,71.91999999999996,52.25599999999999
2016-05-06,-183.08000000000004,0.0,740.64,-545.4000000000001,296.256
2016-05-09,66.28,66.28,55.64,-230.5200000000001,62.024
2016-05-10,921.28,921.28,725.64,921.28,843.024
2016-05-11,0.0,0.0,-258.72,-159.28,-103.48800000000001
2016-05-12,429.48,429.48,585.64,363.2,491.9440000000001
2016-05-13,-178.72000000000003,-273.72,-743.72,-609.8800000000001,-461.7200000000001
2016-05-16,666.28,671.28,815.64,88.83999999999993,729.024
2016-05-17,-615.5200000000001,-615.5200000000001,656.28,-615.5200000000001,-106.8000000000001
2016-05-18,-1094.88,-1094.88,280.64,-1144.2399999999998,-544.6720000000001
2016-05-19,0.0,0.0,-573.72,-377.44000000000005,-229.488
2016-05-20,0.0,0.0,520.64,-243.72000000000003,208.256
2016-05-23,166.28,0.0,-359.36,-126.80000000000005,-143.744
2016-05-24,1760.64,1760.64,1265.64,1760.64,1562.64
2016-05-25,0.0,0.0,290.64,-318.08000000000004,116.256
2016-05-26,-333.08000000000004,-333.08000000000004,85.64,-333.08000000000004,-165.59200000000004
2016-05-27,0.0,0.0,145.64,0.0,58.25599999999999
2016-05-30,0.0,0.0,0.0,0.0,0.0
2016-05-31,-114.75999999999999,-114.75999999999999,-234.36,-101.67999999999999,-162.6
2016-06-01,0.0,0.0,125.64,-136.8,50.256
2016-06-02,15.64,15.64,-399.36,15.64,-150.36
2016-06-03,0.0,0.0,145.64,-112.44,58.25599999999999
2016-06-06,-118.08000000000001,-318.08000000000004,-368.72,-118.08000000000001,-338.33600000000007
2016-06-07,-4.36,-4.36,275.64,-4.36,107.63999999999999
2016-06-08,-253.72000000000003,-253.72000000000003,-698.72,-253.72000000000003,-431.7200000000001
2016-06-09,0.0,0.0,90.64,-123.60000000000001,36.256
2016-06-10,-188.72000000000003,-58.72000000000003,-313.72,311.91999999999996,-160.72000000000003
2016-06-13,-184.36,-184.36,-418.72,-419.1200000000001,-278.104
2016-06-14,3.200000000000003,-241.16,-738.72,-525.4000000000001,-440.184
2016-06-15,-161.8,-161.8,390.64,-911.5600000000003,59.17599999999999
2016-06-16,416.91999999999996,114.4799999999999,241.27999999999997,727.56,165.19999999999993
2016-06-17,0.0,0.0,585.64,657.56,234.256
2016-06-20,335.64,105.64,-228.72000000000003,335.64,-28.104000000000006
2016-06-21,81.92,21.28,30.64,-199.24,25.024
2016-06-22,-311.6800000000001,-335.40000000000003,-428.72,-90.92000000000013,-372.728
2016-06-23,895.76,1285.76,-113.72000000000003,424.47999999999996,725.968
2016-06-24,450.64,0.0,-463.72,1996.2800000000002,-185.488
2016-06-27,-811.8000000000001,-891.8000000000001,840.64,-527.44,-198.824
2016-06-28,1775.64,1775.64,790.64,1775.64,1381.6399999999999
2016-06-29,0.0,0.0,700.64,-229.36,280.256
2016-06-29,0.0,0.0,0.0,65.64,0.0
2016-06-30,269.5999999999999,210.2399999999999,300.64,-262.84000000000015,246.39999999999992
2016-07-01,546.28,546.28,310.64,256.3999999999999,452.024
2016-07-04,0.0,0.0,0.0,-144.36,0.0
2016-07-05,0.0,0.0,-189.36,371.28,-75.744
2016-07-06,-251.16,-242.44,-38.08000000000004,-470.5200000000001,-160.696
2016-07-07,-201.8,93.19999999999999,60.64,-364.88000000000005,80.176
2016-07-08,1106.92,1106.92,366.28,957.56,810.664
2016-07-11,61.28,61.28,165.64,-153.72000000000003,103.024
2016-07-12,41.27999999999997,41.27999999999997,0.0,41.27999999999997,24.767999999999983
2016-07-13,-314.24,-314.88000000000005,285.64,-220.51999999999998,-74.67200000000003
2016-07-14,461.28,461.28,0.0,397.55999999999995,276.768
2016-07-15,0.0,0.0,40.64,-256.8,16.256
2016-07-18,-361.1600000000001,-361.1600000000001,325.64,-142.44000000000005,-86.44000000000005
2016-07-19,0.0,0.0,-139.36,0.0,-55.74400000000001
2016-07-20,0.0,0.0,61.27999999999997,-377.44,24.51199999999999
2016-07-21,0.0,0.0,-119.36,-44.36,-47.744
2016-07-22,-94.36,-94.36,-268.72,-113.72,-164.10399999999998
2016-07-25,0.0,0.0,-79.36,-98.72,-31.744
2016-07-26,81.91999999999996,278.8399999999999,-848.72,-126.80000000000007,-172.18400000000005
2016-07-27,0.0,0.0,95.64,-24.36,38.256
2016-07-28,15.64,15.64,-693.72,-322.44000000000005,-268.104
2016-07-29,-129.36,-129.36,-453.72,-477.44000000000005,-259.104
2016-08-01,0.0,0.0,-43.72000000000003,-167.44,-17.48800000000001
2016-08-02,211.27999999999997,211.27999999999997,350.64,266.91999999999996,267.024
2016-08-03,-357.44000000000005,-577.44,185.64,-486.44000000000005,-272.208
2016-08-04,0.0,0.0,-878.08,-174.24,-351.232
2016-08-05,0.0,0.0,91.27999999999997,75.64,36.511999999999986
2016-08-08,-143.72000000000003,-143.72000000000003,125.64,-143.72000000000003,-35.97600000000001
2016-08-09,0.0,0.0,55.64,0.0,22.256
2016-08-10,-9.36,-9.36,225.64,-248.72000000000003,84.64
2016-08-11,0.0,0.0,15.64,-308.72,6.256
2016-08-12,0.0,0.0,125.64,0.0,50.256
2016-08-15,0.0,0.0,240.64,0.0,96.256
2016-08-16,-69.36,-69.36,285.64,-69.36,72.64
2016-08-17,-18.72,-18.72,-139.36,-326.80000000000007,-66.976
2016-08-18,0.0,0.0,-19.36,-76.8,-7.744
2016-08-19,-277.44000000000005,-173.07999999999998,-483.72,-276.80000000000007,-297.336
2016-08-22,0.0,0.0,-453.72,-253.72000000000003,-181.488
2016-08-23,0.0,0.0,-463.72,0.0,-185.488
2016-08-24,15.64,15.64,510.64,206.27999999999997,213.64000000000001
2016-08-25,10.64,10.64,-159.36,-203.08000000000004,-57.36
2016-08-26,0.0,0.0,-773.72,-708.08,-309.488
2016-08-29,-39.36,-49.36,-104.36,-173.72000000000003,-71.35999999999999
2016-08-30,15.64,15.64,-508.72,-98.72,-194.104
2016-08-31,0.0,0.0,-394.36,-672.7200000000003,-157.744
2016-09-01,-132.44000000000005,-73.08000000000004,-823.08,-141.80000000000007,-373.08000000000004
2016-09-02,-213.72000000000003,-13.079999999999998,-718.08,-138.08,-295.08000000000004
2016-09-05,0.0,0.0,-94.36,-54.36,-37.744
2016-09-06,455.64,455.64,46.27999999999997,441.28,291.896
2016-09-07,0.0,0.0,-109.36,-269.36,-43.744
2016-09-08,-164.36,-164.36,135.64,196.27999999999997,-44.360000000000014
2016-09-09,-184.36,0.0,956.2800000000001,1201.92,382.51200000000006
2016-09-12,2208.2,2208.2,1950.64,2038.84,2105.176
2016-09-13,0.0,0.0,-103.72000000000003,277.55999999999995,-41.488000000000014
2016-09-14,0.0,0.0,185.64,-387.44000000000005,74.256
2016-09-15,155.64,155.64,1300.64,81.27999999999999,613.6400000000001
2016-09-16,0.0,0.0,-299.36,-303.08000000000004,-119.744
2016-09-19,0.0,-99.36,-418.72,116.27999999999999,-227.10399999999998
2016-09-20,-28.72,-28.72,-224.36,-14.36,-106.976
2016-09-21,753.8399999999999,602.56,-983.72,584.4799999999999,-31.952000000000044
2016-09-22,0.0,0.0,0.0,-194.36,0.0
2016-09-23,0.0,0.0,295.64,131.39999999999998,118.256
2016-09-26,0.0,0.0,150.64,-323.08000000000004,60.25599999999999
2016-09-27,416.91999999999996,221.27999999999997,800.64,73.83999999999992,453.024
2016-09-28,85.64,85.64,-494.36,-337.44000000000005,-146.35999999999999
2016-09-29,0.0,0.0,255.64,141.27999999999997,102.256
2016-09-30,297.56,297.56,405.64,318.8399999999999,340.79200000000003
2016-10-03,-364.88000000000005,-364.88000000000005,-149.36,-464.24,-278.672
2016-10-04,135.64,135.64,-593.72,61.91999999999996,-156.104
2016-10-05,-164.36,-164.36,-19.36,-164.36,-106.36000000000001
2016-10-06,5.64,5.64,-149.36,36.28,-56.36
2016-10-07,-404.88000000000005,-404.88000000000005,135.64,-178.60000000000002,-188.67200000000003
2016-10-10,511.28,511.28,60.64,255.64,331.024
2016-10-11,-138.08,-138.08,1270.64,1173.2,425.408
2016-10-12,-108.72,-238.72000000000003,-39.36,-18.08,-158.97600000000003
2016-10-13,-179.36,0.0,-828.72,-657.44,-331.488
2016-10-14,-1002.3200000000002,-783.6000000000001,-643.72,-797.3200000000002,-727.648
2016-10-17,0.0,0.0,85.64,-508.60000000000014,34.256
2016-10-18,0.0,0.0,80.64,100.64,32.256
2016-10-19,-444.8800000000001,-444.8800000000001,0.0,-324.8800000000001,-266.92800000000005
2016-10-20,-208.72,-208.72,-319.36,-754.1200000000001,-252.97600000000003
2016-10-21,0.0,0.0,-273.72,-520.4000000000001,-109.48800000000001
2016-10-24,0.0,0.0,425.64,0.0,170.256
2016-10-25,0.0,0.0,295.64,-123.72,118.256
2016-10-26,-56.800000000000054,-86.80000000000005,-903.72,-219.88000000000005,-413.56800000000004
2016-10-27,0.0,0.0,785.64,706.4,314.256
2016-10-28,0.0,0.0,-913.08,-283.6,-365.232
2016-10-31,-78.72,-233.07999999999998,285.64,-117.44000000000004,-25.592000000000006
2016-11-01,-34.36,-34.36,810.64,321.28,303.64
2016-11-02,-442.44000000000005,-192.44,-98.08000000000004,58.83999999999992,-154.696
2016-11-03,-273.72,-714.36,231.27999999999997,-706.8000000000001,-336.104
2016-11-04,-1041.3200000000004,-1313.8800000000006,-433.72,-398.3600000000003,-961.8160000000004
2016-11-07,921.28,956.28,456.28,921.28,756.28
2016-11-08,0.0,0.0,-88.72000000000003,-253.08000000000004,-35.488000000000014
2016-11-09,2200.12,1060.12,565.64,2200.12,862.3279999999999
2016-11-10,-219.36,-219.36,881.9200000000001,1767.56,221.15200000000004
2016-11-11,-447.44000000000005,-471.80000000000007,-762.4399999999999,-956.16,-588.0559999999999
2016-11-14,0.0,0.0,785.64,428.8399999999999,314.256
2016-11-15,896.9200000000001,896.9200000000001,400.64,1036.2800000000002,698.408
2016-11-16,471.91999999999996,-683.08,800.64,418.19999999999993,-89.59200000000006
2016-11-17,213.83999999999997,213.83999999999997,525.64,-34.88000000000005,338.56
2016-11-18,-514.2400000000001,-343.08000000000004,-818.72,-781.0400000000002,-533.336
2016-11-21,1412.56,606.92,630.64,706.28,616.408
2016-11-22,-224.36,-109.36,0.0,-407.44,-65.616
2016-11-23,-14.36,-14.36,-149.36,86.91999999999997,-68.36
2016-11-24,-104.88,-104.88,0.0,-181.8,-62.928
2016-11-25,0.0,0.0,0.0,-88.6,0.0
2016-11-28,0.0,0.0,0.0,-241.16000000000003,0.0
2016-11-29,-237.32000000000005,-237.32000000000005,-399.36,-143.6,-302.1360000000001
2016-11-30,-357.44,-357.44,1045.64,-303.08000000000004,203.79200000000006
2016-12-01,-213.48000000000002,-209.12,1495.64,587.8,472.784
2016-12-02,-88.08000000000001,-357.44000000000005,-793.72,-586.0400000000001,-531.952
2016-12-05,877.56,1226.28,-298.72,987.56,616.28
2016-12-06,0.0,0.0,-89.36,-293.08000000000004,-35.744
2016-12-07,1551.28,1371.28,181.27999999999997,406.91999999999996,895.28
2016-12-08,-358.60000000000014,-358.60000000000014,-363.72,-358.60000000000014,-360.6480000000001
2016-12-09,248.20000000000002,362.55999999999995,165.64,106.92,283.792
2016-12-12,-79.36,-79.36,-1258.08,-101.80000000000003,-550.848
2016-12-13,0.0,0.0,690.64,-412.96000000000015,276.256
2016-12-14,0.0,0.0,-863.72,-618.08,-345.488
2016-12-15,-400.5200000000001,-400.5200000000001,15.64,-604.8800000000001,-234.0560000000001
2016-12-16,-392.44000000000005,-238.72000000000003,-233.72000000000003,-392.44000000000005,-236.72000000000003
2016-12-19,0.0,0.0,-303.72,-99.36,-121.48800000000001
2016-12-20,0.0,0.0,-134.36,0.0,-53.74400000000001
2016-12-21,0.0,0.0,0.0,0.0,0.0
2016-12-22,0.0,0.0,235.64,-49.36,94.256
2016-12-23,0.0,0.0,0.0,0.0,0.0
2016-12-27,0.0,0.0,225.64,225.64,90.256
2016-12-28,-158.72,-508.08000000000004,765.64,-158.72,1.4079999999999473
2016-12-29,-317.32000000000005,-237.32000000000005,-783.72,-295.52000000000004,-455.88
2016-12-30,0.0,0.0,1275.64,1235.64,510.25600000000003
2017-01-03,0.0,0.0,-1367.44,-510.5200000000001,-546.976
2017-01-04,0.0,0.0,115.64,0.0,46.256
2017-01-05,0.0,0.0,455.64,-199.36,182.256
2017-01-06,0.0,0.0,-223.72000000000003,-236.8,-89.48800000000001
2017-01-09,-458.24,-458.24,0.0,-229.12,-274.944
2017-01-10,-92.44,-92.44,130.64,-112.44,-3.208000000000004
2017-01-11,-138.08000000000004,-138.08000000000004,-599.36,-281.16,-322.592
2017-01-12,1.4000000000000057,1.4000000000000057,-264.36,654.5999999999999,-104.904
2017-01-13,0.0,0.0,125.64,0.0,50.256
2017-01-16,-13.719999999999999,-13.719999999999999,0.0,-104.24,-8.232
2017-01-17,0.0,0.0,-134.36,-248.60000000000002,-53.74400000000001
2017-01-18,0.0,0.0,-184.36,-114.36,-73.744
2017-01-19,0.0,0.0,-329.36,-356.0400000000001,-131.744
2017-01-20,0.0,0.0,-583.72,-129.36,-233.488
2017-01-23,-28.08,-28.08,-728.72,-146.16000000000003,-308.336
2017-01-24,0.0,0.0,440.64,0.0,176.256
2017-01-25,0.0,0.0,170.64,0.0,68.256
2017-01-26,0.0,0.0,-303.72,-88.08,-121.48800000000001
2017-01-27,-118.59999999999998,-132.20000000000005,-323.72,-143.6,-208.80800000000005
2017-01-30,0.0,0.0,280.64,38.19999999999999,112.256
2017-01-31,344.4799999999999,58.83999999999992,-428.72,34.479999999999905,-136.18400000000005
2017-02-01,-86.8,-104.88000000000002,-533.72,-215.52000000000004,-276.41600000000005
2017-02-02,-343.72,-93.72000000000001,-423.72,-367.44000000000005,-225.72000000000003
2017-02-03,911.28,911.28,-109.36,455.64,503.02400000000006
2017-02-06,0.0,0.0,250.64,-73.72000000000001,100.256
2017-02-07,-96.8,-96.8,-29.36,-274.24000000000007,-69.824
2017-02-08,-617.32,-617.32,-133.72000000000003,-424.1200000000001,-423.88
2017-02-09,0.0,0.0,195.64,0.0,78.256
2017-02-10,-24.36,-24.36,105.64,-22.439999999999998,27.639999999999997
2017-02-13,0.0,0.0,155.64,0.0,62.25599999999999
2017-02-14,0.0,0.0,-268.72,-34.36,-107.48800000000001
2017-02-15,0.0,0.0,590.64,-122.44,236.256
2017-02-16,0.0,0.0,-453.72,-144.36,-181.488
2017-02-17,0.0,0.0,390.64,-144.36,156.256
2017-02-20,0.0,0.0,-264.36,10.64,-105.744
2017-02-21,0.0,0.0,275.64,-22.439999999999998,110.256
2017-02-22,-149.36,-149.36,-284.36,-149.36,-203.36
2017-02-23,0.0,0.0,505.64,360.64,202.256
2017-02-24,0.0,0.0,296.28,-129.88,118.51199999999999
2017-02-27,0.0,0.0,-379.36,-188.72,-151.744
2017-02-28,0.0,0.0,190.64,-164.36,76.256
2017-03-01,21.91999999999996,801.28,-43.08000000000004,-127.44000000000005,463.53600000000006
2017-03-02,-189.36,-189.36,350.64,-189.36,26.639999999999986
2017-03-03,-174.24000000000007,-174.24000000000007,-678.72,-174.24000000000007,-376.03200000000004
2017-03-06,-99.36,-99.36,-633.72,-113.08,-313.104
2017-03-07,-451.8,-566.1600000000001,-104.36,-327.44,-381.44000000000005
2017-03-08,-29.36,-29.36,-233.72000000000003,-133.72,-111.10400000000001
2017-03-09,-43.08000000000004,-73.72000000000003,-1103.08,-312.44000000000005,-485.46399999999994
2017-03-10,0.0,0.6399999999999997,-253.72000000000003,90.64,-101.10400000000001
2017-03-13,0.0,0.0,115.64,-154.36,46.256
2017-03-14,0.0,0.0,-114.36,-54.879999999999995,-45.744
2017-03-15,0.0,0.0,-238.72000000000003,-12.440000000000026,-95.48800000000001
2017-03-16,-33.08,-33.08,245.64,-197.44,78.40799999999999
2017-03-17,0.0,0.0,0.0,-78.72,0.0
2017-03-20,94.47999999999999,94.47999999999999,-39.36,94.47999999999999,40.94399999999999
2017-03-21,-248.72000000000003,-248.72000000000003,1596.2800000000002,1200.64,489.2800000000001
2017-03-22,640.64,640.64,560.64,640.64,608.64
2017-03-23,0.0,0.0,-843.72,-407.32000000000005,-337.488
2017-03-24,387.55999999999995,387.55999999999995,-643.72,278.19999999999993,-24.952000000000044
2017-03-27,658.2,-126.16,491.28,970.1199999999999,120.81599999999999
2017-03-28,-208.72000000000003,0.0,-28.08000000000004,-566.1600000000001,-11.232000000000017
2017-03-29,100.12,100.12,101.27999999999997,23.840000000000003,100.58399999999999
2017-03-30,0.0,0.0,-473.08000000000004,-16.159999999999997,-189.23200000000003
2017-03-31,180.64,91.27999999999999,-163.72000000000003,251.91999999999996,-10.720000000000017
2017-04-03,-639.1200000000001,-739.1200000000001,-553.72,-639.1200000000001,-664.9600000000002
2017-04-04,107.55999999999999,91.28,330.64,303.8399999999999,187.024
2017-04-05,-1708.72,-1708.72,-723.08,-993.08,-1314.464
2017-04-06,-493.60000000000014,92.55999999999995,-981.8000000000001,-449.8800000000001,-337.1840000000001
2017-04-07,-256.80000000000007,8.200000000000003,-758.72,-633.6000000000001,-298.56800000000004
2017-04-10,-218.72,-218.72,-164.36,-352.44,-196.976
2017-04-11,103.19999999999997,103.19999999999997,31.279999999999973,103.19999999999997,74.43199999999997
2017-04-12,0.0,0.0,265.64,61.91999999999996,106.256
2017-04-13,-263.08,-263.08,-204.36,-148.72,-239.592
2017-04-17,1282.56,1282.56,470.64,641.28,957.792
2017-04-18,0.0,0.0,185.64,-38.08,74.256
2017-04-19,0.0,0.0,-403.72,350.64,-161.488
2017-04-20,591.28,591.28,525.64,591.28,565.024
2017-04-21,-139.24,-139.24,25.64,-297.32000000000005,-73.28800000000001
2017-04-24,113.20000000000002,-446.1600000000001,-204.36,-351.80000000000007,-349.44000000000005
2017-04-25,0.0,0.0,280.64,-161.8,112.256
2017-04-26,-395.52000000000004,-476.8,-394.36,-356.1600000000001,-443.82399999999996
2017-04-27,356.91999999999996,356.91999999999996,45.64,186.91999999999996,232.40799999999996
2017-04-28,-467.2,-467.2,0.6399999999999997,-267.32000000000005,-280.06399999999996
2017-05-01,701.28,635.64,350.64,350.64,521.64
2017-05-02,0.0,0.0,-89.36,0.0,-35.744
2017-05-03,-202.44,-202.44,-14.36,-231.79999999999998,-127.208
2017-05-04,161.28,113.19999999999999,-373.72,-6.160000000000011,-81.56800000000001
2017-05-05,211.27999999999997,246.27999999999997,-174.36,96.91999999999999,78.02399999999997
2017-05-08,-263.08000000000004,-212.44000000000003,-488.72,-371.8,-322.95200000000006
2017-05-09,61.28,61.28,115.64,-103.72000000000001,83.024
2017-05-10,0.0,0.0,-54.36,1.9200000000000008,-21.744
2017-05-11,-33.72,0.0,-353.72,-541.6800000000001,-141.488
2017-05-12,-23.08,-23.08,50.64,-68.08,6.408000000000001
2017-05-15,0.0,0.0,66.27999999999997,-182.44,26.51199999999999
2017-05-16,0.0,0.0,-214.36,-564.2400000000001,-85.744
2017-05-17,0.0,0.0,1216.92,1211.92,486.76800000000003
2017-05-18,1188.8400000000001,1188.8400000000001,796.28,1148.2,1031.816
2017-05-19,210.64,210.64,5.64,210.64,128.64
2017-05-22,423.95999999999987,1034.6,665.64,423.95999999999987,887.016
2017-05-23,0.0,20.64,150.64,-258.08,72.64
2017-05-24,-77.44,12.559999999999999,-269.36,-23.08,-100.208
2017-05-25,491.28,635.64,-423.72,411.91999999999996,211.89600000000002
2017-05-26,-345.52000000000004,-345.52000000000004,-244.36,-501.6800000000001,-305.05600000000004
2017-05-29,0.0,0.0,0.0,0.0,0.0
2017-05-30,0.0,0.0,130.64,-277.44,52.25599999999999
2017-05-31,361.91999999999996,-738.08,125.64,311.28,-392.59200000000004
2017-06-01,0.0,0.0,-524.36,-318.72,-209.744
2017-06-02,0.0,0.0,136.27999999999997,-828.08,54.511999999999986
2017-06-05,0.0,0.0,-129.36,0.0,-51.74400000000001
2017-06-06,-776.6800000000001,-557.96,-808.72,-776.6800000000001,-658.264
2017-06-07,224.47999999999996,474.47999999999996,-983.72,44.47999999999996,-108.80000000000004
2017-06-08,0.0,0.0,20.64,16.279999999999973,8.256
2017-06-09,0.0,0.0,3105.64,2531.2799999999997,1242.2559999999999
2017-06-12,-1032.44,111.28,-1553.08,-1549.2400000000002,-554.4639999999999
2017-06-13,-439.36,-545.5200000000001,-908.72,-952.44,-690.8000000000001
2017-06-14,11.280000000000001,-796.8000000000001,885.64,453.84,-123.82400000000003
2017-06-15,0.0,0.0,-398.72,246.91999999999996,-159.488
2017-06-16,-224.36,-224.36,125.64,161.91999999999996,-84.36000000000001
2017-06-19,1199.48,1518.1999999999998,326.28,758.1999999999999,1041.432
2017-06-20,-1030.52,-1030.52,515.64,-652.3200000000002,-412.0559999999999
2017-06-21,1181.92,1441.2800000000002,565.64,1181.92,1091.024
2017-06-22,0.0,0.0,65.64,91.28,26.256
2017-06-23,-382.08000000000004,-237.08000000000004,-248.72000000000003,34.599999999999966,-241.73600000000005
2017-06-26,0.0,0.0,391.28,746.28,156.512
2017-06-27,0.0,0.0,1200.64,608.1999999999999,480.25600000000003
2017-06-28,1963.1999999999998,1607.56,201.27999999999997,1344.48,1045.048
2017-06-29,0.0,0.0,1135.64,1721.92,454.25600000000003
2017-06-30,-167.44000000000003,-321.80000000000007,-104.36,-192.96000000000015,-234.824
2017-07-03,-447.96000000000015,-981.0400000000002,1300.64,818.9599999999999,-68.36800000000012
2017-07-04,-58.08000000000004,-58.08000000000004,245.64,166.27999999999997,63.40799999999997
2017-07-05,85.75999999999988,-333.60000000000014,-843.08,-1447.96,-537.392
2017-07-06,-304.36,0.0,-538.72,-303.60000000000014,-215.488
2017-07-07,1115.12,1115.12,745.64,683.8399999999999,967.3279999999999
2017-07-10,-68.72000000000003,-68.72000000000003,645.64,-371.1600000000001,217.02399999999997
2017-07-11,-114.88,261.3999999999999,185.64,-114.88,231.09599999999995
2017-07-12,475.64,475.64,235.64,420.88,379.64
2017-07-13,-147.44,-95.51999999999998,40.64,-209.24,-41.05599999999999
2017-07-14,751.28,751.28,-609.36,572.56,207.02400000000003
2017-07-17,0.0,0.0,-299.36,-168.72000000000003,-119.744
2017-07-18,816.9200000000001,587.56,86.27999999999997,539.72,387.04799999999994
2017-07-19,-43.08,-437.44000000000005,255.64,-13.719999999999999,-160.20800000000003
2017-07-20,-129.36,-129.36,-14.36,-448.08000000000004,-83.36000000000001
2017-07-21,88.19999999999999,-297.9600000000001,-563.08,-104.88000000000011,-404.0080000000001
2017-07-24,208.84,208.84,75.64,48.2,155.56
2017-07-25,-173.08,-103.72,-259.36,-249.88000000000005,-165.976
2017-07-26,-74.36,-74.36,-69.36,-74.36,-72.35999999999999
2017-07-27,-187.44,-794.88,1565.64,-331.8,149.32800000000006
2017-07-28,-303.72,0.0,146.27999999999997,-486.80000000000007,58.511999999999986
2017-07-31,-28.72,-28.72,506.28,-31.160000000000082,185.28
2017-08-01,5.64,-273.08000000000004,165.64,-415.4000000000001,-97.59200000000003
2017-08-02,0.0,0.0,310.64,-133.60000000000008,124.256
2017-08-03,-425.9200000000001,-425.9200000000001,450.64,-494.64000000000016,-75.29600000000005
2017-08-04,-574.88,-449.24,-948.08,-1151.6799999999998,-648.7760000000001
2017-08-07,0.0,0.0,230.64,-74.36,92.256
2017-08-08,336.28,311.28,-813.72,272.55999999999995,-138.72000000000003
2017-08-09,-913.6,-741.8000000000001,-203.08000000000004,-913.6,-526.3120000000001
2017-08-10,0.0,0.0,1640.64,365.64,656.2560000000001
2017-08-11,1056.2800000000002,1056.2800000000002,605.64,955.1200000000001,876.0240000000001
2017-08-14,28.19999999999996,58.19999999999996,675.64,151.91999999999996,305.176
2017-08-15,-29.36,-308.72,-79.36,-167.44,-216.97600000000003
2017-08-16,130.64,130.64,10.64,65.23999999999985,82.63999999999999
2017-08-17,0.0,0.0,1560.64,1981.92,624.2560000000001
2017-08-18,-1609.88,-210.52000000000007,-1438.72,-985.5200000000001,-701.8
2017-08-21,-1061.8,-736.8000000000001,-948.08,-1129.88,-821.3120000000001
2017-08-22,241.28,241.28,1090.64,120.64,581.0240000000001
2017-08-23,0.0,0.0,165.64,78.83999999999997,66.256
2017-08-24,525.76,-1726.8,500.64,274.47999999999996,-835.824
2017-08-25,0.0,0.0,490.64,-164.8800000000001,196.256
2017-08-28,-311.6800000000002,-1031.68,-9.36,-447.96000000000015,-622.752
2017-08-29,0.0,0.0,1365.64,-162.44000000000005,546.2560000000001
2017-08-30,0.0,0.0,1045.64,111.27999999999999,418.25600000000003
2017-08-31,-25.92000000000013,-49.00000000000017,715.64,-20.280000000000143,256.8559999999999
2017-09-01,0.0,0.0,-613.72,-325.5200000000001,-245.488
2017-09-04,0.0,0.0,0.0,-413.08000000000004,0.0
2017-09-05,-19.239999999999995,-19.239999999999995,96.27999999999997,808.3199999999998,26.967999999999996
2017-09-06,0.0,0.0,-408.72,-6.160000000000054,-163.488
2017-09-07,0.0,0.0,-254.36,-853.4800000000002,-101.744
2017-09-08,0.0,0.0,750.64,209.47999999999996,300.256
2017-09-11,625.64,625.64,235.64,625.64,469.64
2017-09-12,0.0,0.0,-368.72,-14.36,-147.488
2017-09-13,0.0,0.0,0.0,-73.72,0.0
2017-09-14,0.0,0.0,75.64,-292.44000000000005,30.256
2017-09-15,243.83999999999997,243.83999999999997,-328.72,243.83999999999997,14.815999999999985
2017-09-18,0.0,0.0,-1343.08,-374.36,-537.232
2017-09-19,0.0,0.0,-159.36,0.0,-63.74400000000001
2017-09-20,-19.36,-19.36,165.64,-153.72000000000003,54.64
2017-09-21,0.0,0.0,485.64,281.3999999999999,194.256
2017-09-22,15.64,15.64,225.64,-167.44,99.64
2017-09-25,6.279999999999973,6.279999999999973,785.64,81.91999999999997,318.024
2017-09-26,138.2,139.47999999999996,-528.72,-289.24000000000007,-127.80000000000004
2017-09-27,499.47999999999996,525.12,435.64,-35.520000000000024,489.3280000000001
2017-09-28,-787.96,-399.24000000000007,-1033.08,-634.24,-652.7760000000001
2017-09-29,0.0,0.0,-588.08,0.0,-235.23200000000003
2017-10-02,65.64,65.64,-623.72,65.64,-210.10399999999998
2017-10-03,-29.36,-29.36,-648.72,-57.44,-277.104
2017-10-04,0.0,0.0,-39.36,0.0,-15.744
2017-10-05,0.0,0.0,615.64,0.0,246.256
2017-10-06,88.83999999999993,88.83999999999993,460.64,179.4799999999999,237.55999999999995
2017-10-09,0.0,0.0,235.64,0.0,94.256
2017-10-10,0.0,0.0,305.64,160.64,122.256
2017-10-11,0.0,0.0,330.64,-257.96000000000004,132.256
2017-10-12,0.0,0.0,-294.36,0.0,-117.744
2017-10-13,431.91999999999996,431.91999999999996,-9.36,176.27999999999997,255.40799999999996
2017-10-16,0.0,0.0,-24.36,0.0,-9.744
2017-10-17,0.0,0.0,-374.36,0.0,-149.744
2017-10-18,0.0,0.0,275.64,0.0,110.256
2017-10-19,-132.44000000000005,36.91999999999999,-413.72,-356.1600000000001,-143.336
2017-10-20,0.0,0.0,175.64,-193.07999999999998,70.256
2017-10-23,-49.36,-49.36,1035.64,-322.96000000000004,384.64000000000004
2017-10-24,-276.68000000000006,-251.04000000000005,-568.72,-187.96000000000004,-378.112
2017-10-25,-248.72000000000003,-163.72000000000003,-203.72000000000003,-2.440000000000026,-179.72000000000003
2017-10-26,0.0,0.0,-1361.8,-488.08000000000004,-544.72
2017-10-27,0.0,0.0,1046.2800000000002,-127.44,418.51200000000006
2017-10-30,-183.08000000000004,-183.08000000000004,335.64,-217.44000000000005,24.40799999999997
2017-10-31,0.0,-565.5200000000001,-119.36,-328.08000000000004,-387.0560000000001
2017-11-01,375.64,375.64,480.64,342.03999999999985,417.64
2017-11-02,18.200000000000003,-395.52,-34.36,-149.88000000000005,-251.05599999999998
2017-11-03,0.0,0.0,-53.72000000000003,-351.8,-21.48800000000001
2017-11-06,211.28,211.28,435.64,11.919999999999987,301.024
2017-11-07,0.0,0.0,55.64,-125.52,22.256
2017-11-08,166.92000000000002,166.92000000000002,220.64,-60.520000000000024,188.408
2017-11-09,-513.6000000000001,-282.32000000000016,-1793.08,-471.6800000000002,-886.6240000000001
2017-11-10,-289.88000000000005,-192.44,0.0,-558.6000000000001,-115.46399999999998
2017-11-13,0.0,0.0,430.64,282.56,172.256
2017-11-14,-302.44,-302.44,-304.36,-603.6,-303.20799999999997
2017-11-15,-463.72,0.0,-968.72,-460.5200000000001,-387.488
2017-11-16,1410.64,2821.28,860.64,1410.64,2037.0240000000001
2017-11-17,-358.72,-358.72,170.64,-313.08000000000004,-146.97600000000003
2017-11-20,-373.72,-373.72,-114.36,-681.1600000000001,-269.976
2017-11-21,934.4800000000001,934.4800000000001,595.64,934.4800000000001,798.9440000000001
2017-11-22,-127.44,-127.44,0.0,-63.72,-76.464
2017-11-23,-39.36,-39.36,0.0,-193.72000000000003,-23.616
2017-11-24,434.4799999999999,435.1199999999999,55.64,163.2,283.3279999999999
2017-11-27,0.0,0.0,-748.72,-359.88000000000005,-299.488
2017-11-28,0.0,0.0,-84.36,-1027.3200000000002,-33.744
2017-11-29,0.0,0.0,1820.64,1327.56,728.2560000000001
2017-11-30,-1237.96,-184.8800000000001,-1428.08,-929.2400000000001,-682.1600000000001
2017-12-01,-1365.52,-324.2400000000001,-1633.72,-1426.8000000000002,-848.0320000000002
2017-12-04,0.0,0.0,2070.64,2156.2799999999997,828.256
2017-12-05,279.4799999999999,19.47999999999992,95.64,433.8399999999999,49.943999999999946
2017-12-06,436.91999999999996,-655.5200000000001,860.64,436.91999999999996,-49.05600000000008
2017-12-07,-337.44000000000005,-502.44000000000005,340.64,-481.80000000000007,-165.20800000000003
2017-12-08,-433.08000000000004,-413.08000000000004,-494.36,-273.72,-445.592
2017-12-11,-229.24,-229.24,600.64,-229.24,102.71199999999999
2017-12-12,0.0,0.0,-169.36,-27.319999999999993,-67.744
2017-12-13,146.39999999999992,-369.8800000000001,0.0,-127.32000000000014,-221.92800000000005
2017-12-14,-183.08000000000004,-183.08000000000004,0.0,-614.8800000000001,-109.84800000000003
2017-12-15,1141.92,1141.92,245.64,1006.28,783.408
2017-12-18,5.64,0.6399999999999997,0.0,-198.08000000000004,0.3839999999999998
2017-12-19,0.0,0.0,-228.72000000000003,371.28,-91.48800000000001
2017-12-20,0.0,0.0,460.64,475.64,184.256
2017-12-21,-24.239999999999995,-37.96000000000002,-299.36,-62.959999999999994,-142.52000000000004
2017-12-22,-469.76000000000016,-469.76000000000016,-389.36,-469.76000000000016,-437.6000000000001
2017-12-26,0.0,0.0,-94.36,281.28,-37.744
2017-12-27,-475.1600000000003,-475.1600000000003,-279.36,-497.0800000000003,-396.8400000000002
2017-12-28,0.0,0.0,240.64,276.28,96.256
2017-12-29,-371.16,-371.16,755.64,-322.44,79.55999999999999
2018-01-02,1991.92,1946.92,991.2800000000001,1692.56,1564.6640000000002
2018-01-03,-88.72,-88.72,975.64,-177.44,337.024
2018-01-04,0.0,0.0,-383.72,-9.36,-153.488
2018-01-05,790.64,790.64,-278.72,566.92,362.896
2018-01-08,0.0,0.0,400.64,-47.44,160.256
2018-01-09,0.0,-506.80000000000007,75.64,-303.72,-273.824
2018-01-10,-432.44000000000005,-441.80000000000007,-1153.72,-834.8800000000001,-726.568
2018-01-11,0.0,0.0,195.64,-337.44000000000005,78.256
2018-01-12,103.2,103.2,995.64,59.47999999999999,460.17600000000004
2018-01-15,0.0,0.0,0.0,-189.36,0.0
2018-01-16,0.0,0.0,-13.720000000000027,551.92,-5.488000000000011
2018-01-17,481.28,952.56,-473.72,-592.44,382.04799999999994
2018-01-18,-418.72,-169.36,-1003.72,-841.1600000000001,-503.104
2018-01-19,244.4799999999999,408.8399999999999,-833.72,244.4799999999999,-88.18400000000005
2018-01-22,0.0,0.0,691.2800000000001,-681.8000000000001,276.51200000000006
2018-01-23,381.28,381.28,625.64,353.9599999999999,479.024
2018-01-24,-361.16,-1461.8000000000002,-483.08000000000004,-422.44000000000005,-1070.3120000000001
2018-01-25,1101.28,1101.28,955.64,1401.28,1043.024
2018-01-26,925.64,1310.64,256.28,736.28,888.896
2018-01-29,0.0,0.0,-9.36,181.91999999999996,-3.7439999999999998
2018-01-30,-1106.16,-663.08,-1243.08,-1220.52,-895.0799999999999
2018-01-31,-651.1600000000001,-1104.2400000000002,-458.72,-820.5200000000001,-846.0320000000002
2018-02-01,-1181.8000000000002,-1359.2400000000002,-389.36,-1181.8000000000002,-971.2880000000001
2018-02-02,0.0,0.0,1486.2800000000002,1155.64,594.5120000000001
2018-02-05,-1724.88,-1577.96,1881.2799999999997,-1595.52,-194.26400000000012
2018-02-06,1326.2800000000002,2732.5600000000004,4535.64,-1485.52,3453.792
2018-02-07,0.0,0.0,-1843.7199999999998,-1681.8000000000002,-737.4879999999999
2018-02-08,-847.44,-1038.7199999999998,4690.64,-163.08000000000004,1253.0240000000001
2018-02-09,-1318.72,-1318.72,-2068.72,-1972.44,-1618.7199999999998
2018-02-12,-1603.08,-2238.72,-2588.72,-1358.7199999999998,-2378.72
2018-02-13,1405.64,0.0,1235.64,1405.64,494.25600000000003
2018-02-14,977.56,211.91999999999996,3020.64,884.4799999999999,1335.408
2018-02-15,0.0,0.0,-1444.36,-1444.36,-577.7439999999999
2018-02-16,-932.44,-1359.88,-129.36,-526.1600000000001,-867.6720000000001
2018-02-19,-274.36,-173.72000000000003,-69.36,-441.80000000000007,-131.97600000000003
2018-02-20,685.7599999999999,178.83999999999992,455.64,170.75999999999988,289.55999999999995
2018-02-21,0.0,-578.72,-1904.36,137.56,-1108.976
2018-02-22,152.67999999999984,152.67999999999984,-929.36,-123.60000000000014,-280.1360000000001
2018-02-23,761.28,2651.28,100.64,-56.16000000000008,1631.024
2018-02-26,670.64,670.64,630.64,577.56,654.64
2018-02-27,0.0,0.0,1175.64,5.759999999999877,470.25600000000003
2018-02-28,-384.7600000000002,-3245.52,425.64,-495.4,-1777.0559999999998
2018-03-01,-1443.6,-274.88,-1818.72,-1775.4,-892.4159999999999
2018-03-02,997.5600000000001,-538.72,-1823.72,945.12,-1052.72
2018-03-05,0.0,0.0,-1563.7199999999998,-835.52,-625.4879999999999
2018-03-06,-747.44,-747.44,-109.36,-512.44,-492.20799999999997
2018-03-07,494.48,324.48,1070.64,6.399999999999977,622.9440000000001
2018-03-08,0.0,-923.08,0.0,95.64,-553.8480000000001
2018-03-09,2041.28,1782.5600000000002,1170.64,663.4399999999998,1537.7920000000001
2018-03-12,-76.16000000000008,165.11999999999992,30.64,128.19999999999993,111.32799999999995
2018-03-13,-501.1600000000001,-790.5200000000001,1771.2799999999997,950.7599999999999,234.19999999999982
2018-03-14,0.0,-358.08000000000004,615.64,-191.80000000000007,31.407999999999948
2018-03-15,-233.72000000000003,-1288.08,135.64,-646.6800000000002,-718.592
2018-03-16,0.0,0.0,-424.36,-213.72000000000003,-169.744
2018-03-19,86.91999999999996,221.91999999999996,1395.64,824.48,691.408
2018-03-20,-481.80000000000007,0.0,195.64,-1016.6800000000002,78.256
2018-03-21,-1176.16,-129.36,-514.36,-1464.88,-283.36
2018-03-22,-328.08000000000004,-268.72,-113.07999999999993,113.83999999999992,-206.464
2018-03-23,-1466.8,127.55999999999995,-1373.72,-1102.44,-472.95200000000006
2018-03-26,1270.64,1327.56,-1943.7199999999998,1270.64,19.048000000000048
2018-03-27,0.0,0.0,5225.64,5475.64,2090.2560000000003
2018-03-28,0.0,0.0,-1913.08,-625.5199999999999,-765.232
2018-03-29,-1497.44,-1497.44,-1498.72,-1892.44,-1497.952
2018-04-02,-683.72,-73.72000000000003,1476.2799999999997,-683.72,546.28
2018-04-03,0.0,-1368.72,-469.36,-611.8000000000001,-1008.976
2018-04-04,2941.92,671.28,4480.64,1845.64,2195.0240000000003
2018-04-05,0.0,0.0,190.64,345.64,76.256
2018-04-06,-527.44,0.0,-1564.36,-1354.24,-625.7439999999999
2018-04-09,1751.92,1971.92,-814.36,658.1999999999999,857.408
2018-04-10,0.0,-302.44000000000005,-1059.36,-1111.8000000000002,-605.208
2018-04-11,-257.44000000000005,0.0,-414.36,99.47999999999993,-165.744
2018-04-12,-935.9200000000004,-1444.64,295.64,-821.5600000000003,-748.528
2018-04-13,186.92,186.92,685.64,-444.2400000000001,386.408
2018-04-16,-43.72,-43.72,-539.36,-389.8800000000001,-241.97600000000003
2018-04-17,0.0,0.0,585.64,-49.36,234.256
2018-04-18,-48.72,-48.72,0.0,-24.36,-29.232
2018-04-19,0.0,0.0,375.64,-557.44,150.256
2018-04-20,0.0,0.0,1560.64,1363.8400000000001,624.2560000000001
2018-04-23,290.7599999999999,290.7599999999999,525.64,827.7999999999998,384.7119999999999
2018-04-24,0.0,0.0,2955.64,2443.2,1182.2559999999999
2018-04-25,0.0,0.0,105.64,-1703.6000000000004,42.256
2018-04-26,391.28,391.28,-1878.08,-1326.1599999999999,-516.4639999999999
2018-04-27,0.0,0.0,1530.64,-91.16000000000008,612.2560000000001
2018-04-30,0.0,0.0,-738.7199999999999,-222.44000000000005,-295.48799999999994
2018-05-01,1722.56,1722.56,1670.64,861.28,1701.7920000000001
2018-05-02,0.0,0.0,765.64,-697.44,306.256
2018-05-03,-566.8000000000001,-566.8000000000001,-629.36,-517.44,-591.824
2018-05-04,2560.64,2341.28,2815.64,1618.8399999999997,2531.024
2018-05-07,-133.60000000000014,-133.60000000000014,230.64,14.479999999999905,12.095999999999913
2018-05-08,0.0,0.0,-1228.72,-238.72000000000003,-491.488
2018-05-09,0.0,0.0,761.2800000000001,0.0,304.51200000000006
2018-05-10,-518.72,-518.72,-159.36,-259.36,-374.976
2018-05-11,-18.72,-18.72,0.0,-9.36,-11.232
2018-05-14,0.0,0.0,-324.36,0.0,-129.744
2018-05-15,-44.36,-44.36,310.64,-636.1600000000001,97.64
2018-05-16,0.0,0.0,455.64,0.0,182.256
2018-05-17,0.0,0.0,-514.36,-486.16,-205.744
2018-05-18,-641.8,-148.07999999999998,-239.36,-491.16,-184.592
2018-05-21,-322.36000000000024,-322.36000000000024,-1328.72,-187.0800000000002,-724.9040000000002
2018-05-22,0.0,-568.72,500.64,0.0,-140.97600000000003
2018-05-23,1501.92,411.28,1975.64,1423.84,1037.024
2018-05-24,0.0,0.0,-234.36,-561.8000000000001,-93.744
2018-05-25,-896.1600000000002,-600.5200000000002,-818.72,-576.1600000000001,-687.8000000000002
2018-05-28,-171.80000000000004,-32.440000000000026,5.64,-32.440000000000026,-17.208000000000016
2018-05-29,0.0,0.0,-1238.72,277.7999999999997,-495.488
2018-05-30,0.0,0.0,10.64,-827.44,4.256
2018-05-31,0.0,0.0,-329.36,-68.08,-131.744
2018-06-01,278.19999999999993,278.19999999999993,1255.64,496.91999999999996,669.176
2018-06-04,79.48000000000002,28.840000000000003,685.64,67.56,291.56
2018-06-05,0.0,0.0,-254.36,0.0,-101.744
2018-06-06,0.0,0.0,-913.72,38.2,-365.488
2018-06-07,0.0,0.0,955.64,382.55999999999995,382.256
2018-06-08,-436.1600000000001,0.0,505.64,-538.6000000000001,202.256
2018-06-11,-273.08,-273.08,420.64,-677.9600000000002,4.407999999999992
2018-06-12,-308.08000000000004,-308.08000000000004,455.64,-308.08000000000004,-2.59200000000003
2018-06-13,0.0,0.0,-574.36,0.0,-229.744
2018-06-14,425.1199999999999,518.8399999999999,560.64,168.19999999999993,535.56
2018-06-15,0.0,0.0,-214.36,-651.8000000000001,-85.744
2018-06-18,146.91999999999996,386.28,-163.72000000000003,193.83999999999992,166.27999999999997
2018-06-19,801.92,0.0,1030.64,1111.28,412.25600000000003
2018-06-20,1611.92,1611.92,150.64,403.19999999999993,1027.408
2018-06-21,-41.80000000000004,-41.80000000000004,1300.64,855.7599999999999,495.17600000000004
2018-06-22,531.92,-52.440000000000055,465.64,396.28,154.79199999999997
2018-06-25,-198.08000000000004,-198.08000000000004,1505.64,-198.08000000000004,483.408
2018-06-26,0.0,0.0,-1453.08,-1395.52,-581.232
2018-06-27,-925.5200000000001,-925.5200000000001,126.2800000000002,1073.8400000000001,-504.8
2018-06-28,735.12,-1617.3200000000002,1145.64,735.12,-512.1360000000002
2018-06-29,60.75999999999988,50.75999999999988,-394.36,-644.8800000000001,-127.28800000000008
2018-07-02,1058.8400000000001,-751.8000000000001,1251.2800000000002,644.4799999999999,49.43200000000006
2018-07-03,0.0,0.0,1845.64,933.3199999999999,738.2560000000001
2018-07-04,-371.96000000000015,-338.2400000000001,0.0,-250.80000000000013,-202.94400000000007
2018-07-05,-223.08,474.4799999999999,-1604.36,-1347.3200000000002,-357.05600000000004
2018-07-06,0.0,0.0,761.2800000000001,-991.8000000000001,304.51200000000006
2018-07-09,-786.1600000000001,-880.5200000000001,-924.36,-422.44000000000005,-898.0560000000002
2018-07-10,-9.36,-9.36,-169.36,-419.24,-73.36
2018-07-11,-221.16000000000008,-358.60000000000014,70.64,-221.16000000000008,-186.90400000000008
2018-07-12,1572.56,1572.56,1430.64,1791.92,1515.7920000000001
2018-07-13,0.0,0.0,30.64,-331.8,12.256
2018-07-16,0.0,0.0,-554.36,600.64,-221.744
2018-07-17,2648.96,2197.6800000000003,2265.64,1313.96,2224.864
2018-07-18,-69.36,-69.36,-124.36,-801.8000000000001,-91.35999999999999
2018-07-19,-157.44,-88.72,-534.36,-157.44,-266.976
2018-07-20,189.47999999999996,-134.88000000000005,0.0,102.03999999999992,-80.92800000000003
2018-07-23,344.48,415.1199999999999,-1493.72,-1309.88,-348.41600000000005
2018-07-24,725.12,700.76,-348.72,250.75999999999988,280.96799999999996
2018-07-25,409.48,338.84,1800.64,-28.600000000000065,923.5600000000001
2018-07-26,-722.44,-756.1600000000001,-993.72,-1575.52,-851.184
2018-07-27,-1366.16,-1366.16,2690.64,1165.12,256.55999999999983
2018-07-30,-18.72,-18.72,1760.64,1538.2,693.0240000000001
2018-07-31,-1444.24,-1454.88,-2278.72,-1314.88,-1784.416
2018-08-01,0.0,0.0,-1098.72,-967.44,-439.488
2018-08-02,0.0,0.0,2780.64,257.55999999999995,1112.2559999999999
2018-08-03,0.0,0.0,-434.36,-654.8800000000001,-173.744
2018-08-06,0.0,-34.36,0.0,0.0,-20.616
2018-08-07,0.0,0.0,-79.36,0.0,-31.744
2018-08-08,-204.36,0.0,-1018.72,-573.72,-407.488
2018-08-09,-13.079999999999998,-13.079999999999998,-509.36,-13.079999999999998,-211.592
2018-08-10,456.28,-221.16000000000003,-299.36,456.28,-252.44
2018-08-13,40.64,40.64,-669.36,-11.160000000000025,-243.35999999999999
2018-08-14,-641.0400000000001,822.04,-769.36,-647.96,185.47999999999996
2018-08-15,-369.36,0.0,-633.72,-814.8800000000001,-253.488
2018-08-16,0.0,0.0,5.64,-544.2400000000001,2.256
2018-08-17,-552.44,-278.08000000000004,-2378.08,-864.2400000000001,-1118.08
2018-08-20,-404.88,-360.52,265.64,-489.2400000000001,-110.056
2018-08-21,33.440000000000026,33.440000000000026,-84.36,378.44,-13.679999999999984
2018-08-22,1211.92,1211.92,810.64,1109.48,1051.408
2018-08-23,107.55999999999995,-38.08000000000001,-179.36,-230.52000000000007,-94.59200000000001
2018-08-24,228.83999999999995,228.83999999999995,720.64,143.19999999999993,425.55999999999995
2018-08-27,345.64,345.64,145.64,345.64,265.64
2018-08-28,0.0,0.0,75.64,0.0,30.256
2018-08-29,1143.1999999999998,1143.1999999999998,1145.64,556.92,1144.176
2018-08-30,0.0,0.0,-224.36,-423.08000000000004,-89.744
2018-08-31,0.0,0.0,225.64,-183.72,90.256
2018-09-03,0.0,0.0,0.0,0.0,0.0
2018-09-04,146.27999999999997,146.27999999999997,-134.36,930.12,34.02399999999998
2018-09-05,-288.72,-288.72,1610.64,1248.2,471.024
2018-09-06,-201.8,-201.8,1200.64,296.39999999999986,359.17600000000004
2018-09-07,-521.1600000000001,-29.36,355.64,-486.0400000000002,124.63999999999999
2018-09-10,-82.44000000000001,-566.8000000000001,205.64,-1084.24,-257.824
2018-09-11,-28.72,-28.72,716.2800000000001,231.91999999999996,269.28000000000003
2018-09-12,-771.1600000000001,-771.1600000000001,-329.36,-408.6000000000001,-594.4400000000002
2018-09-13,1146.92,1146.92,340.64,488.19999999999993,824.408
2018-09-14,-296.16,-320.52000000000004,235.64,-642.96,-98.05600000000004
2018-09-17,0.0,0.0,1730.64,924.48,692.2560000000001
2018-09-18,1021.28,1021.28,860.64,1366.92,957.024
2018-09-19,-1471.1600000000003,-364.8800000000001,-1083.72,-1471.1600000000003,-652.416
2018-09-20,1001.28,-216.16000000000005,-1363.7199999999998,-1002.44,-675.184
2018-09-21,46.27999999999997,46.27999999999997,470.64,114.47999999999998,216.02399999999997
2018-09-24,632.56,823.8399999999999,-763.7199999999999,493.19999999999993,188.81599999999995
2018-09-25,0.0,0.0,-579.36,-197.44000000000003,-231.744
2018-09-26,-651.8,-651.8,-264.36,-441.16,-496.82399999999996
2018-09-27,1798.8400000000001,1798.8400000000001,455.64,549.48,1261.56
2018-09-28,-416.0400000000002,-22.440000000000026,120.64,-79.76000000000008,34.79199999999999
2018-10-01,0.0,0.0,-1453.7199999999998,-392.44000000000005,-581.4879999999999
2018-10-02,-467.44000000000005,-73.72,-1608.7199999999998,-650.5200000000001,-687.7199999999999
2018-10-03,355.64,-436.1600000000001,0.0,-105.52000000000004,-261.696
2018-10-04,-372.44000000000005,-372.44000000000005,2090.64,-372.44000000000005,612.7919999999999
2018-10-05,-394.36,0.0,-1363.72,460.76,-545.488
2018-10-08,-178.72000000000003,0.0,-1703.7199999999998,-509.12000000000023,-681.4879999999999
2018-10-09,-1416.16,-1333.6000000000004,-643.72,-1534.2400000000002,-1057.6480000000004
2018-10-10,0.0,0.0,5115.64,1686.92,2046.256
2018-10-11,-1628.72,-1628.72,-1808.72,-1322.44,-1700.72
2018-10-12,0.0,-3188.72,-794.36,-1048.72,-2230.9759999999997
2018-10-15,0.0,0.0,46.27999999999997,1266.92,18.51199999999999
2018-10-16,9951.28,9951.28,2165.64,4975.64,6837.024
2018-10-17,0.0,0.0,345.64,21.92,138.256
2018-10-18,0.0,0.0,2520.64,1204.48,1008.256
2018-10-19,-278.08000000000004,-1455.52,-1789.36,-1494.88,-1589.0559999999998
2018-10-22,1411.28,1411.28,-2498.72,-1355.52,-152.71999999999989
2018-10-23,181.91999999999996,56.28,-2404.36,127.55999999999996,-927.976
2018-10-24,-148.72000000000003,-148.72000000000003,6025.64,1874.48,2321.0240000000003
2018-10-25,0.0,0.0,-1983.7199999999998,-1588.72,-793.4879999999999
2018-10-26,1332.56,-461.1600000000001,295.64,1332.56,-158.44000000000005
2018-10-29,0.0,-1387.44,4315.64,2947.56,893.7920000000001
2018-10-30,0.0,0.0,1900.64,-531.1600000000001,760.2560000000001
2018-10-31,0.0,0.0,805.64,515.64,322.256
2018-11-01,-1319.1200000000003,-203.48000000000036,-2573.72,-1319.1200000000003,-1151.5760000000002
2018-11-02,3186.92,3186.92,-2738.72,1411.2800000000002,816.6640000000001
2018-11-05,0.0,0.0,-204.36,-79.36,-81.744
2018-11-06,2041.28,-111.80000000000007,555.64,320.8799999999999,155.17599999999996
2018-11-07,0.0,0.0,2180.64,-1807.44,872.256
2018-11-08,0.0,0.0,80.64,-841.1600000000001,32.256
2018-11-09,0.0,0.0,-14.36,864.4799999999999,-5.744
2018-11-12,-661.1600000000001,-661.1600000000001,2745.64,2150.76,701.5599999999998
2018-11-13,-1597.44,-1597.44,-979.36,-1597.44,-1350.208
2018-11-14,0.0,-534.36,1510.64,1404.48,283.64000000000004
2018-11-15,-1446.8000000000002,-1446.8000000000002,-2963.72,-1446.8000000000002,-2053.568
2018-11-16,-273.08000000000004,0.0,-858.7199999999999,-517.44,-343.48799999999994
2018-11-19,0.0,0.0,3685.64,1370.12,1474.2559999999999
2018-11-20,-1463.72,0.0,-1334.36,-1413.6000000000001,-533.7439999999999
2018-11-21,-1808.72,-928.08,-1258.7199999999998,-1703.72,-1060.336
2018-11-22,0.0,0.0,0.0,-253.72000000000003,0.0
2018-11-23,-106.80000000000007,-106.80000000000007,-109.36,-106.80000000000007,-107.82400000000004
2018-11-26,1385.64,2100.64,525.64,1385.64,1470.6399999999999
2018-11-27,-160.5200000000001,-204.8800000000001,-1738.7199999999998,-160.5200000000001,-818.4159999999999
2018-11-28,1337.5600000000002,1562.56,2055.64,1337.5600000000002,1759.792
2018-11-29,0.0,0.0,-2393.72,-786.16,-957.4879999999999
2018-11-30,0.0,0.0,-1059.36,0.0,-423.74399999999997
2018-12-03,-389.36,-740.5200000000001,525.64,-694.2400000000001,-234.0560000000001
2018-12-04,-279.36,0.0,2411.2799999999997,1288.2,964.512
2018-12-05,685.64,685.64,0.0,685.64,411.384
2018-12-06,0.0,0.0,1731.9199999999998,1567.56,692.7679999999999
2018-12-07,0.0,0.0,2046.28,2939.4799999999996,818.512
2018-12-10,848.8399999999999,2004.48,-1669.36,-1929.88,534.9440000000002
2018-12-11,0.0,-983.72,1305.64,238.20000000000005,-67.97599999999993
2018-12-12,1300.64,1030.64,-1908.7199999999998,1300.64,-145.1039999999999
2018-12-13,332.56,332.56,-2143.72,-720.52,-657.9519999999999
2018-12-14,0.0,0.0,1325.64,1992.56,530.2560000000001
2018-12-17,-1383.6000000000004,-1383.6000000000004,-3283.7200000000003,-1998.6,-2143.648
2018-12-18,0.0,0.0,-394.36,-407.44000000000005,-157.744
2018-12-19,-3837.4400000000005,-2618.7200000000003,-2179.36,-1918.7200000000003,-2442.976
2018-12-20,-1509.2400000000002,-1683.6000000000004,-363.7199999999999,-1509.2400000000002,-1155.6480000000001
2018-12-21,0.0,0.0,-1444.36,-2256.8,-577.7439999999999
2018-12-24,-713.72,0.0,-1928.72,-1616.0400000000004,-771.488
2018-12-26,6878.200000000001,14772.560000000001,-2713.72,5927.56,7778.048000000001
2018-12-27,0.0,0.0,-1859.36,1766.2800000000002,-743.7439999999999
2018-12-28,0.0,0.0,690.64,-1323.08,276.256
2018-12-31,25.64,25.64,555.64,25.64,237.64000000000001
2019-01-02,1245.64,0.0,2725.64,3215.64,1090.2559999999999
2019-01-03,-1387.3200000000002,-2597.96,891.2800000000001,-1352.32,-1202.264
2019-01-04,8308.199999999999,8308.199999999999,3180.64,4647.5599999999995,6257.1759999999995
2019-01-07,-1289.2400000000002,-1289.2400000000002,-913.7199999999999,-1809.88,-1139.0320000000002
2019-01-08,-848.72,-1031.8,-1748.7199999999998,-396.1600000000001,-1318.5679999999998
2019-01-09,0.0,0.0,-548.72,140.64,-219.488
2019-01-10,0.0,0.0,-1719.36,0.0,-687.7439999999999
2019-01-11,0.0,0.0,0.0,0.0,0.0
2019-01-14,0.0,0.0,-464.36,961.92,-185.744
2019-01-15,2078.84,2078.84,1655.64,1207.56,1909.5600000000002
2019-01-16,0.0,0.0,-374.36,0.0,-149.744
2019-01-17,-146.16000000000003,-370.52000000000004,71.27999999999997,-146.16000000000003,-193.80000000000004
2019-01-18,0.0,65.64,-274.36,-354.8800000000001,-70.36
2019-01-21,0.0,0.0,20.64,-424.24000000000007,8.256
2019-01-22,-259.36,-259.36,1750.64,-702.32,544.6400000000001
2019-01-23,-338.72,-158.08000000000004,-1308.7199999999998,-958.08,-618.336
2019-01-24,0.0,0.0,-843.72,-296.1600000000001,-337.488
2019-01-25,1159.48,2273.84,-673.72,698.1999999999999,1094.816
2019-01-28,0.0,0.0,-139.36,-333.6000000000001,-55.74400000000001
2019-01-29,0.0,0.0,1295.64,-383.08000000000004,518.2560000000001
2019-01-30,2312.5600000000004,2248.2000000000003,1750.64,723.84,2049.1760000000004
2019-01-31,0.0,0.0,1170.64,0.0,468.25600000000003
2019-02-01,0.0,0.0,-289.36,-358.08000000000004,-115.744
2019-02-04,-552.9600000000002,-552.9600000000002,1260.64,-399.8800000000001,172.47999999999993
2019-02-05,-14.880000000000052,-14.880000000000052,685.64,-7.440000000000026,265.328
2019-02-06,0.0,0.0,-458.72,0.0,-183.488
2019-02-07,-117.44000000000004,-117.44000000000004,445.64,249.4799999999999,107.79199999999996
2019-02-08,0.0,0.0,925.64,301.91999999999996,370.256
2019-02-11,0.0,0.0,-468.72,-399.24,-187.488
2019-02-12,1133.84,1283.84,391.28,953.8399999999999,926.816
2019-02-13,406.28,406.28,-724.36,406.28,-45.97600000000002
2019-02-14,-125.52000000000002,-315.52000000000004,-173.72000000000003,-116.8,-258.80000000000007
2019-02-15,1113.2,1065.12,365.64,838.8399999999999,785.3279999999999
2019-02-18,0.0,0.0,0.0,0.0,0.0
2019-02-19,0.0,0.0,470.64,-342.44,188.256
2019-02-20,0.0,0.0,-604.36,0.0,-241.744
2019-02-21,0.0,0.0,-543.72,-41.800000000000054,-217.488
2019-02-22,185.64,185.64,335.64,166.27999999999997,245.63999999999996
2019-02-25,-268.72,51.28,-854.36,-134.36,-310.976
2019-02-26,-236.16000000000003,106.92,255.64,-236.16000000000003,166.408
2019-02-26,0.0,0.0,0.0,0.0,0.0
2019-02-27,226.91999999999996,131.91999999999996,-1713.7199999999998,226.91999999999996,-606.336
2019-02-28,0.0,0.0,-199.36,115.64,-79.744
2019-03-01,0.0,-228.72,-324.36,41.28,-266.976
2019-03-04,216.91999999999996,216.91999999999996,-3.7200000000000273,684.4799999999999,128.66399999999996
2019-03-05,0.0,0.0,-364.36,55.64,-145.744
2019-03-06,0.0,0.0,670.64,0.0,268.256
2019-03-07,-223.72000000000003,-223.72000000000003,1205.64,-223.72000000000003,348.024
2019-03-08,-41.160000000000025,0.0,1275.64,236.39999999999986,510.25600000000003
2019-03-11,0.0,0.0,2155.64,-353.08000000000004,862.256
2019-03-12,0.0,0.0,-1038.72,-238.08,-415.488
2019-03-13,733.8399999999999,982.56,-84.36,366.91999999999996,555.792
2019-03-14,-223.72000000000003,-223.72000000000003,120.64,-499.24,-85.97600000000003
2019-03-15,11.400000000000006,11.400000000000006,405.64,174.47999999999996,169.096
2019-03-18,0.0,0.0,205.64,0.0,82.256
2019-03-19,0.0,0.0,-544.36,0.0,-217.744
2019-03-20,336.91999999999996,66.91999999999996,-998.72,-522.44,-359.33600000000007
2019-03-21,2260.12,2260.12,2525.64,2260.12,2366.328
2019-03-22,0.0,0.0,1646.2799999999997,1955.12,658.512
2019-03-25,-611.0400000000002,-386.6800000000002,-1978.08,-1331.1600000000003,-1023.2400000000001
2019-03-26,1191.28,1191.28,-1339.36,-188.60000000000008,179.02400000000006
2019-03-27,0.0,0.0,-653.72,201.91999999999996,-261.488
2019-03-28,-1265.52,-1359.88,-1913.7199999999998,-1794.2400000000002,-1581.416
2019-03-29,0.0,-691.1600000000001,-424.36,-346.16,-584.4400000000002
2019-04-01,-309.36,367.55999999999995,-1808.7199999999998,-518.72,-502.95199999999994
2019-04-02,0.0,0.0,-609.36,0.0,-243.744
2019-04-03,243.83999999999992,658.8399999999999,-838.72,343.8399999999999,59.81599999999994
2019-04-04,0.0,0.0,-943.72,25.760000000000005,-377.488
2019-04-05,-74.36,75.64,-159.36,-74.36,-18.360000000000003
2019-04-08,-45.519999999999996,-45.519999999999996,-904.36,-268.6000000000001,-389.056
2019-04-09,0.0,0.0,-559.36,-461.16,-223.744
2019-04-10,-15.520000000000095,210.64,-503.72,-15.520000000000095,-75.10400000000001
2019-04-11,0.0,0.0,370.64,-474.2400000000001,148.256
2019-04-12,0.0,0.0,-109.36,-82.44,-43.744
2019-04-15,0.0,0.0,-643.72,-1075.5199999999998,-257.488
2019-04-16,-330.4000000000001,-359.1200000000001,-973.72,-256.04000000000013,-604.96
2019-04-17,936.92,-340.52000000000004,310.64,206.39999999999986,-80.05600000000004
2019-04-18,106.27999999999997,476.91999999999996,-74.36,58.83999999999993,256.40799999999996
2019-04-22,1138.2,564.48,875.64,923.84,688.9440000000001
2019-04-23,0.0,0.0,861.2800000000001,-148.72000000000003,344.51200000000006
2019-04-24,0.0,0.0,-293.72,0.0,-117.48800000000001
2019-04-25,-48.47999999999999,-48.47999999999999,365.64,275.87999999999994,117.168
2019-04-26,938.3199999999999,938.3199999999999,-564.36,522.68,337.248
2019-04-29,0.0,0.0,110.64,-112.44,44.256
2019-04-30,30.64,30.64,-1163.72,-882.44,-447.104
2019-05-01,0.0,0.0,1180.64,1488.8400000000001,472.25600000000003
2019-05-02,-989.88,-1511.1600000000003,-883.08,-1135.52,-1259.9280000000003
2019-05-03,1010.64,3221.28,76.27999999999997,1010.64,1963.28
2019-05-06,0.0,0.0,1910.64,-76.16000000000005,764.2560000000001
2019-05-07,-1494.1200000000001,-1494.1200000000001,506.2800000000001,-1647.3200000000002,-693.96
2019-05-08,-863.72,0.0,-1413.08,-1680.52,-565.232
2019-05-09,725.64,-554.2400000000001,-1453.72,725.64,-914.0319999999999
2019-05-10,-289.36,0.0,-2083.72,-2016.1599999999999,-833.4879999999999
2019-05-13,0.0,0.0,226.2800000000001,2380.64,90.51200000000003
2019-05-14,1031.28,1610.64,-1598.72,1031.28,326.896
2019-05-15,2811.92,1408.84,2800.64,2811.92,1965.56
2019-05-16,1600.64,1881.28,995.64,1653.2,1527.024
2019-05-17,601.92,0.0,-184.36,985.7599999999999,-73.744
2019-05-20,-663.08,-293.08000000000004,-79.36,-1431.1600000000003,-207.592
2019-05-21,-1334.2400000000002,-1271.6799999999998,50.64,-1569.8799999999997,-742.7519999999998
2019-05-22,-546.1600000000001,-1079.24,45.64,-426.6800000000002,-629.288
2019-05-23,-258.72,-258.72,390.64,-258.72,1.0239999999999783
2019-05-24,-1427.44,-1079.88,-1119.36,-1151.16,-1095.672
2019-05-27,-184.36,-184.36,0.0,-288.72,-110.61600000000001
2019-05-28,-251.16000000000008,-676.1600000000001,-1094.36,-492.2000000000003,-843.4399999999999
2019-05-29,0.0,0.0,90.64,84.47999999999992,36.256
2019-05-30,-1315.4,-1315.4,-114.36,-1016.6800000000002,-834.984
2019-05-31,0.0,0.0,85.64,1173.1999999999998,34.256
2019-06-03,-758.08,-688.08,1596.2799999999997,309.4799999999999,225.66399999999985
2019-06-04,1653.1999999999998,1839.48,1620.64,1216.92,1751.9440000000002
2019-06-05,0.0,0.0,-9.36,-9.36,-3.7439999999999998
2019-06-06,-64.36,-199.36,-1128.7199999999998,-1288.08,-571.1039999999999
2019-06-07,2578.2,2798.2,1800.64,2578.2,2399.176
2019-06-10,221.91999999999996,112.55999999999996,460.64,221.91999999999996,251.79199999999997
2019-06-11,675.64,-46.800000000000054,381.28,1377.56,124.43199999999997
2019-06-12,-304.36,-558.72,215.64,-979.8800000000001,-248.97600000000003
2019-06-13,-1369.2400000000002,-1703.6000000000001,-359.36,-1457.96,-1165.904
2019-06-14,0.0,0.0,-494.36,-387.2000000000001,-197.744
2019-06-17,-449.1200000000001,-449.1200000000001,155.64,-449.1200000000001,-207.21600000000007
2019-06-18,63.19999999999993,1442.56,-568.72,-616.1600000000001,638.048
2019-06-19,-1328.08,-602.4399999999999,-804.36,-1328.08,-683.208
2019-06-20,0.0,0.0,400.64,400.64,160.256
2019-06-21,-249.36,0.0,-1828.7199999999998,-611.0400000000002,-731.4879999999999
2019-06-24,-586.8000000000001,-586.8000000000001,0.0,-586.8000000000001,-352.08000000000004
2019-06-25,-441.80000000000007,-441.80000000000007,2375.64,1100.7599999999998,685.1759999999999
2019-06-26,1263.84,1263.84,-499.36,307.55999999999995,558.5599999999998
2019-06-27,43.83999999999995,43.83999999999995,-204.36,28.199999999999946,-55.44000000000003
2019-06-28,181.27999999999997,181.27999999999997,-1033.72,-22.440000000000055,-304.72
2019-07-01,-448.08000000000004,-1011.8000000000001,395.64,-419.8800000000001,-448.82399999999996
2019-07-02,0.0,100.64,-684.36,-328.08000000000004,-213.35999999999999
2019-07-03,0.0,0.0,175.64,-44.36,70.256
2019-07-04,0.0,0.0,0.0,0.0,0.0
2019-07-05,-348.72,0.0,-1533.72,-747.44,-613.488
2019-07-08,-288.72,-288.72,-49.36,-368.08000000000004,-192.97600000000003
2019-07-09,1500.64,1500.64,1420.64,1500.64,1468.64
2019-07-10,1154.48,1154.48,415.64,1230.1200000000001,858.9440000000001
2019-07-11,0.0,0.0,-274.36,-429.36,-109.744
2019-07-12,0.0,0.0,580.64,0.0,232.256
2019-07-15,-79.36,-79.36,-239.36,-237.44,-143.35999999999999
2019-07-16,0.0,0.0,95.64,-78.72,38.256
2019-07-17,51.28,51.28,-308.72,25.64,-92.72
2019-07-18,-312.96000000000015,-417.32000000000016,-1588.72,-262.96000000000015,-885.8800000000001
2019-07-19,65.64,65.64,2170.64,1040.76,907.64
2019-07-22,1747.1599999999999,1987.1599999999999,685.64,1125.8799999999999,1466.552
2019-07-23,0.0,0.0,-244.36,0.0,-97.744
2019-07-24,22.03999999999985,11.399999999999864,1465.64,151.39999999999986,593.0959999999999
2019-07-25,332.55999999999995,332.55999999999995,855.64,332.55999999999995,541.792
2019-07-26,0.0,0.0,540.64,0.0,216.256
2019-07-29,0.0,0.0,120.64,-602.44,48.256
2019-07-30,15.64,0.0,60.64,57.679999999999836,24.256
2019-07-31,0.0,0.0,2240.64,1715.64,896.256
2019-08-01,2975.76,2975.76,-808.7199999999999,1604.48,1461.9680000000003
2019-08-02,-739.36,-739.36,765.64,-957.44,-137.35999999999999
2019-08-05,0.0,0.0,1640.64,3183.2,656.2560000000001
2019-08-06,2605.64,3985.64,-3048.72,2605.64,1171.8960000000002
2019-08-07,-513.08,0.0,-1399.36,1061.92,-559.7439999999999
2019-08-08,3971.28,2455.64,1660.64,730.1200000000001,2137.6400000000003
2019-08-09,0.0,0.0,-1228.7199999999998,302.55999999999995,-491.48799999999994
2019-08-12,-1434.2400000000002,-1594.2399999999998,380.64,-1434.2400000000002,-804.2879999999999
2019-08-13,5401.28,3541.28,2555.64,2268.8399999999997,3147.024
2019-08-14,-1403.72,0.0,-1324.36,-1649.24,-529.7439999999999
2019-08-15,-409.24,-964.24,-299.36,164.48000000000002,-698.2880000000001
2019-08-16,0.0,0.0,1035.64,0.0,414.25600000000003
2019-08-19,242.55999999999995,632.56,-19.36,121.27999999999997,371.792
2019-08-20,-234.88000000000005,-234.88000000000005,305.64,106.39999999999986,-18.672000000000025
2019-08-21,1296.92,1351.92,0.0,1296.92,811.152
2019-08-22,-379.36,0.0,-1038.72,140.1199999999999,-415.488
2019-08-23,-1976.8,-1451.8000000000002,-1564.36,-1949.88,-1496.824
2019-08-26,0.0,-808.72,-504.36,-918.72,-686.976
2019-08-27,0.0,0.0,890.64,-1346.16,356.256
2019-08-28,-774.88,-908.6,-128.72000000000003,-1439.88,-596.648
2019-08-29,379.4799999999999,435.11999999999995,155.64,29.479999999999905,323.328
2019-08-30,702.56,702.56,890.64,1145.12,777.792
2019-09-02,-799.24,-1102.96,580.64,-1402.96,-429.5200000000001
2019-09-03,-662.44,-263.08000000000004,-948.72,-1504.2399999999998,-537.336
2019-09-04,1480.64,1480.64,-1039.36,1480.64,472.64000000000004
2019-09-05,0.0,0.0,1035.64,211.91999999999996,414.25600000000003
2019-09-06,-173.08000000000004,-173.08000000000004,230.64,-173.08000000000004,-11.59200000000003
2019-09-09,-109.36,-109.36,505.64,-153.08000000000004,136.64000000000001
2019-09-10,0.0,0.0,-244.36,367.55999999999995,-97.744
2019-09-11,1051.92,892.56,-123.72000000000003,-69.88000000000011,486.04799999999994
2019-09-12,-1312.44,-1007.44,-1718.7199999999998,-1535.52,-1291.952
2019-09-13,-82.44000000000004,160.7599999999999,-99.36,-61.16000000000004,56.71199999999995
2019-09-16,-350.5200000000001,-32.440000000000026,-109.36,-350.5200000000001,-63.20800000000001
2019-09-17,0.0,0.0,50.64,-176.80000000000007,20.256
2019-09-18,976.92,976.92,-374.36,348.8399999999999,436.408
2019-09-19,0.0,0.0,-149.36,-265.5200000000001,-59.74400000000001
2019-09-20,-99.36,-99.36,1255.64,-1087.44,442.64000000000004
2019-09-23,-1531.1600000000003,-1531.1600000000003,-1113.72,-1401.1600000000003,-1364.1840000000004
2019-09-24,0.0,0.0,2470.64,1631.92,988.256
2019-09-25,2356.92,1521.28,771.2800000000001,898.2,1221.2800000000002
2019-09-26,260.64,260.64,225.64,-725.4000000000002,246.63999999999996
2019-09-27,414.47999999999996,615.1199999999999,2160.64,414.47999999999996,1233.328
2019-09-30,-252.44,-252.44,465.64,-1035.52,34.79200000000001
2019-10-01,-129.36,-129.36,706.2800000000001,375.7599999999999,204.89600000000002
2019-10-02,-172.44,-172.44,1605.64,900.76,538.792
2019-10-03,-1317.3200000000002,-1576.6799999999998,-1379.36,-1317.3200000000002,-1497.7519999999997
2019-10-04,988.1999999999999,796.92,1230.64,259.4799999999999,970.408
2019-10-07,-430.5200000000001,-430.5200000000001,-14.36,-629.1200000000002,-264.0560000000001
2019-10-08,-1491.8000000000002,-1491.8000000000002,970.64,-1456.8000000000002,-506.8240000000002
2019-10-09,-361.03999999999985,-352.3199999999998,0.0,-389.2400000000001,-211.3919999999999
2019-10-10,-292.84000000000026,-292.84000000000026,870.64,964.0799999999998,172.55199999999985
2019-10-11,1001.28,1171.28,150.64,-1527.44,763.024
2019-10-14,-822.44,-621.8000000000001,-119.36,-950.5200000000001,-420.82399999999996
2019-10-15,25.76000000000002,25.76000000000002,1285.64,-41.800000000000054,529.7120000000001
2019-10-16,0.0,0.0,0.0,-19.36,0.0
2019-10-17,0.0,0.0,-159.36,-129.36,-63.74400000000001
2019-10-18,0.0,0.0,530.64,-93.72,212.256
2019-10-21,-234.88,-234.88,200.64,84.47999999999996,-60.672000000000004
2019-10-22,0.0,0.0,-78.72000000000003,991.2800000000001,-31.48800000000001
2019-10-23,-1072.72,-1072.72,-118.72000000000003,-531.5600000000002,-691.12
2019-10-24,0.0,0.0,-734.36,0.0,-293.744
2019-10-25,1561.28,1561.28,1805.64,871.28,1659.0240000000001
2019-10-28,0.0,0.0,590.64,0.0,236.256
2019-10-29,0.0,0.0,665.64,0.0,266.256
2019-10-30,272.55999999999995,162.55999999999995,-569.36,136.27999999999997,-130.20800000000003
2019-10-31,0.0,0.0,255.64,-416.80000000000007,102.256
2019-11-01,0.0,0.0,230.64,0.0,92.256
2019-11-04,-119.36,-119.36,-409.36,-119.36,-235.35999999999999
2019-11-05,-814.2400000000001,-873.6000000000001,40.64,-634.88,-507.904
2019-11-06,0.0,0.0,65.64,0.0,26.256
2019-11-07,-706.16,-615.5200000000001,-1113.72,-355.52000000000004,-814.8000000000001
2019-11-08,0.0,0.0,655.64,-42.440000000000026,262.256
2019-11-11,0.0,0.0,45.64,431.91999999999996,18.256
2019-11-12,273.2,93.19999999999999,100.64,297.56,96.176
2019-11-13,160.64,25.64,300.64,343.2,135.64
2019-11-14,-207.44000000000005,0.0,285.64,-848.4800000000002,114.256
2019-11-15,0.0,0.0,-154.36,-28.720000000000013,-61.74400000000001
2019-11-18,-547.44,-987.44,-728.72,-530.5200000000001,-883.952
2019-11-19,556.92,556.92,305.64,600.12,456.408
2019-11-20,-930.5200000000001,-847.44,-928.7199999999999,-1209.2400000000002,-879.952
2019-11-21,0.0,0.0,110.64,-786.8000000000001,44.256
2019-11-22,-605.5200000000001,-605.5200000000001,200.64,-484.8800000000001,-283.0560000000001
2019-11-25,161.28,161.28,930.64,80.64,469.024
2019-11-26,0.0,0.0,-19.36,-36.80000000000007,-7.744
2019-11-27,0.0,0.0,-318.72,0.0,-127.48800000000001
2019-11-28,0.0,0.0,0.0,315.64,0.0
2019-11-29,0.0,0.0,-19.36,156.27999999999997,-7.744
2019-12-02,0.0,0.0,1600.64,1781.2800000000002,640.2560000000001
2019-12-03,-383.6,-538.6,-633.72,-390.4,-576.648
2019-12-04,-1236.04,-1304.7600000000002,-219.36,-760.4000000000001,-870.6000000000001
2019-12-05,-178.72,-178.72,35.64,-126.80000000000007,-92.976
2019-12-06,341.28,341.28,285.64,170.64,319.024
2019-12-09,-323.72,-303.72,-559.36,-182.44000000000005,-405.976
2019-12-10,-346.80000000000007,482.55999999999995,-1533.72,213.83999999999992,-323.95200000000006
2019-12-11,71.92,71.92,95.64,28.200000000000003,81.40799999999999
2019-12-12,0.0,0.0,1375.64,102.55999999999995,550.2560000000001
2019-12-13,141.91999999999996,0.0,-403.72,-371.1600000000001,-161.488
2019-12-16,911.28,961.28,455.64,455.64,759.024
2019-12-17,-396.8,-396.8,-369.36,-202.44,-385.824
2019-12-18,0.0,0.0,0.0,0.0,0.0
2019-12-19,0.0,0.0,710.64,0.0,284.256
2019-12-20,206.92,206.92,0.0,206.27999999999997,124.152
2019-12-23,0.0,0.0,0.0,0.0,0.0
2019-12-24,0.0,0.0,25.64,0.0,10.256
2019-12-26,0.0,0.0,670.64,0.0,268.256
2019-12-27,-28.72,166.92,600.64,-121.80000000000001,340.408
2019-12-30,-23.720000000000027,-23.720000000000027,910.64,1.9199999999999733,350.024
2019-12-31,-139.36,-139.36,460.64,-720.5200000000001,100.63999999999999
2020-01-02,1300.64,1300.64,1045.64,1261.2800000000002,1198.64
2020-01-03,191.27999999999997,0.0,250.64,1141.28,100.256
2020-01-06,1562.56,1808.2000000000003,2190.64,1146.4,1961.1760000000002
2020-01-07,-961.6800000000002,-1336.68,-319.36,-961.6800000000002,-929.7520000000001
2020-01-08,2545.1200000000003,2545.1200000000003,1030.64,1440.64,1939.3280000000002
2020-01-09,-615.5200000000001,-175.5200000000001,-1563.72,-884.8800000000001,-730.8000000000001
2020-01-10,-184.36,-648.72,915.64,-370.5200000000001,-22.97600000000002
2020-01-13,1876.2800000000002,1925.64,865.64,1876.2800000000002,1501.6399999999999
2020-01-14,335.64,335.64,40.64,1007.56,217.64000000000001
2020-01-15,-219.8800000000001,-877.3200000000002,-514.36,-1046.6799999999998,-732.1360000000001
2020-01-16,-147.44000000000003,401.91999999999996,0.0,-113.08000000000003,241.15199999999996
2020-01-17,0.0,107.55999999999999,-444.36,-434.76000000000005,-113.20800000000001
2020-01-20,-28.08,-28.08,0.0,-28.08,-16.848
2020-01-21,617.56,-16.160000000000068,315.64,1218.1999999999998,116.55999999999995
2020-01-22,-530.5200000000001,238.19999999999993,-794.36,-11.160000000000053,-174.82400000000004
2020-01-23,-20.519999999999982,-282.32000000000005,-373.72,-20.519999999999982,-318.88
2020-01-24,0.0,0.0,1491.2800000000002,1825.64,596.5120000000001
2020-01-27,-1168.72,0.0,150.64,-522.44,60.25599999999999
2020-01-28,4580.12,5448.84,116.92000000000007,2373.84,3316.072
2020-01-29,-88.08000000000001,-213.72000000000003,315.64,595.1199999999999,-1.9760000000000217
2020-01-30,2615.12,1273.8400000000001,-1633.72,2838.9599999999996,110.81600000000007
2020-01-31,0.0,0.0,3285.64,3125.7599999999998,1314.2559999999999
2020-02-03,1488.9600000000003,1488.9600000000003,1395.64,-529.7600000000001,1451.6320000000003
2020-02-04,1030.64,1030.64,-133.72000000000003,1030.64,564.896
2020-02-05,0.0,0.0,1370.64,-425.5200000000001,548.2560000000001
2020-02-06,0.0,0.0,-1023.7199999999999,-773.08,-409.48799999999994
2020-02-07,-573.72,0.0,-1314.36,-186.16000000000008,-525.7439999999999
2020-02-10,2660.12,1454.48,2420.64,1448.96,1840.9440000000002
2020-02-11,0.0,0.0,785.64,361.91999999999996,314.256
2020-02-12,-301.80000000000007,-141.79999999999998,440.64,-769.8800000000001,91.176
2020-02-13,-138.08,0.0,640.64,-612.3200000000002,256.256
2020-02-14,0.0,0.0,0.0,-436.80000000000007,0.0
2020-02-17,0.0,0.0,0.0,0.0,0.0
2020-02-18,81.91999999999996,0.0,595.64,5.759999999999877,238.256
2020-02-19,-54.88000000000011,1648.1999999999998,-319.36,108.83999999999992,861.1759999999998
2020-02-20,0.0,0.0,50.64,1885.12,20.256
2020-02-21,0.0,0.0,2115.64,370.12,846.256
2020-02-24,0.0,0.0,-629.36,3030.64,-251.744
2020-02-25,1047.56,1047.56,6080.64,1047.56,3060.7920000000004
2020-02-26,-2056.8,-1542.44,-2129.36,1710.64,-1777.208
2020-02-27,-1883.08,-1883.08,-1389.36,-1883.08,-1685.5919999999999
2020-02-28,-1454.36,-1454.36,2925.64,-1454.36,297.64
2020-03-02,0.0,0.0,-1889.36,-2989.36,-755.7439999999999
2020-03-03,-1804.36,-1804.36,-2159.36,-1991.1599999999999,-1946.36
2020-03-04,2432.56,-1750.52,-1429.36,-1396.16,-1622.0559999999998
2020-03-05,-698.72,0.0,-1824.36,-1361.8000000000002,-729.7439999999999
2020-03-06,-2013.08,-794.36,2455.64,1233.1999999999998,505.64
2020-03-09,-1924.24,0.0,-3639.36,5835.64,-1455.7440000000001
2020-03-10,3816.28,3816.28,-2949.36,3816.28,1110.024
2020-03-11,0.0,0.0,-2054.36,1561.28,-821.744
2020-03-12,-3178.72,0.0,-1854.36,1986.92,-741.7439999999999
2020-03-13,-4004.36,-4004.36,-2189.36,-4004.36,-3278.3599999999997
2020-03-16,0.0,0.0,0.0,1330.64,0.0
2020-03-16,295.64,3025.64,-7574.36,295.64,-1214.36
2020-03-17,-2734.36,5231.28,-2734.36,-3888.7200000000003,2045.024
2020-03-18,-2503.08,1010.64,-5119.36,1160.64,-1441.36
2020-03-19,-2288.08,-2214.36,-3114.36,3425.64,-2574.3599999999997
2020-03-20,4200.64,4200.64,6700.64,4200.64,5200.640000000001
2020-03-23,7530.64,7530.64,-3949.36,7530.64,2938.6400000000003
2020-03-24,-6468.72,1613.8399999999997,510.64,-3234.36,1172.5599999999997
2020-03-25,0.0,0.0,-3184.36,-1493.08,-1273.7440000000001
2020-03-26,7361.92,1176.92,4720.64,7361.92,2594.4080000000004
2020-03-27,0.0,0.0,0.0,1926.2800000000002,0.0
2020-03-30,2621.28,2621.28,3530.64,1310.64,2985.024
2020-03-31,15.64,0.0,-2809.36,-1666.8000000000002,-1123.7440000000001
2020-04-01,-1308.72,-1308.72,-3719.36,-1708.7199999999998,-2272.976
2020-04-02,2025.76,1044.48,3025.64,1375.12,1836.944
2020-04-03,0.0,0.0,-714.36,-1572.44,-285.744
2020-04-06,0.0,0.0,3430.64,-878.72,1372.2559999999999
2020-04-07,1191.92,1191.92,3145.64,1191.92,1973.4080000000001
2020-04-08,-1763.6000000000001,725.76,-2709.36,-1314.88,-648.2880000000001
2020-04-09,0.0,0.0,650.64,-1266.0400000000002,260.256
2020-04-13,-1478.72,0.0,1435.64,482.03999999999985,574.2560000000001
2020-04-14,0.0,0.0,3005.64,-828.72,1202.2559999999999
2020-04-15,0.0,0.0,-1534.36,-1374.88,-613.7439999999999
2020-04-16,-1401.8000000000002,-1401.8000000000002,-2474.36,-1446.8000000000002,-1830.824
2020-04-17,0.0,0.0,380.64,-929.7599999999996,152.256
2020-04-20,0.0,0.0,-684.36,-1598.08,-273.744
2020-04-21,-1301.6800000000003,-1301.6800000000003,3126.2799999999997,-1301.6800000000003,469.50399999999973
2020-04-22,1948.8400000000001,1598.8400000000001,-2104.36,83.84000000000003,117.56000000000003
2020-04-23,-266.0400000000001,-1353.6000000000001,-1499.36,-638.6,-1411.904
2020-04-24,2600.76,2841.4,-2589.36,1049.48,669.0960000000001
2020-04-27,0.0,0.0,425.64,-909.8800000000001,170.256
2020-04-28,461.28,461.28,3920.64,1188.8400000000001,1845.024
2020-04-29,-1786.16,-1904.88,396.2800000000002,-1017.44,-984.4159999999999
2020-04-30,0.0,0.0,145.64,1310.2399999999998,58.25599999999999
2020-05-01,-34.36,-34.36,-2219.36,-34.36,-908.36
2020-05-04,-1826.8000000000002,-1347.44,2080.64,-1376.6799999999994,23.791999999999916
2020-05-05,-1383.6000000000001,-1383.6000000000001,-309.36,-976.1600000000001,-953.9040000000001
2020-05-06,151.39999999999986,151.39999999999986,-1988.7199999999998,42.03999999999991,-704.6479999999999
2020-05-07,1838.2,3455.12,-739.36,1838.2,1777.3280000000002
2020-05-08,0.0,0.0,-1259.36,-269.24,-503.74399999999997
2020-05-11,-1181.8000000000002,-928.72,2255.64,-474.2400000000001,345.024
2020-05-12,0.0,0.0,-1309.36,151.27999999999997,-523.7439999999999
2020-05-13,1303.9599999999998,1303.9599999999998,-2468.72,1098.3199999999997,-205.11200000000008
2020-05-14,0.0,0.0,-3728.7200000000003,-1470.5199999999995,-1491.488
2020-05-15,0.0,0.0,3165.64,-13.080000000000027,1266.2559999999999
2020-05-18,-369.1600000000004,-77.88000000000056,-23.720000000000027,344.3199999999996,-56.21600000000035
2020-05-19,0.0,0.0,-814.36,-297.44,-325.744
2020-05-20,3749.44,3749.44,1090.64,1712.3999999999999,2685.92
2020-05-21,0.0,0.0,-1359.36,-189.36,-543.7439999999999
2020-05-22,580.1200000000001,55.760000000000105,-1153.7199999999998,1057.5600000000002,-428.03199999999987
2020-05-25,0.0,0.0,0.0,-68.72,0.0
2020-05-26,0.0,0.0,3045.64,-352.44000000000005,1218.2559999999999
2020-05-27,311.28,311.28,-2788.72,1062.56,-928.7199999999999
2020-05-28,0.0,0.0,375.64,-311.80000000000007,150.256
2020-05-29,0.0,0.0,-1544.36,-829.36,-617.7439999999999
2020-06-01,0.0,0.0,1115.64,-463.08000000000004,446.25600000000003
2020-06-02,0.0,0.0,-1309.36,-851.8000000000001,-523.7439999999999
2020-06-03,0.0,0.0,-769.36,0.0,-307.744
2020-06-04,0.0,0.0,-1959.36,0.0,-783.7439999999999
2020-06-05,1541.92,1541.92,2340.64,1121.92,1861.4080000000001
2020-06-08,-211.16000000000003,-211.16000000000003,-2094.36,-211.16000000000003,-964.4400000000002
2020-06-09,-298.08000000000004,-333.08000000000004,1975.64,-288.72,590.408
2020-06-10,-1858.72,-929.36,-1579.36,-929.36,-1189.36
2020-06-11,-1333.08,-641.8000000000001,-2743.72,-1333.08,-1482.568
2020-06-12,1211.92,-3608.7200000000003,471.2800000000001,2816.92,-1976.72
2020-06-15,0.0,0.0,3571.28,-1581.16,1428.5120000000002
2020-06-16,0.0,-2023.08,800.64,-1428.72,-893.592
2020-06-17,0.0,0.0,195.64,-863.08,78.256
2020-06-18,-1553.4800000000002,-974.2400000000001,330.64,1057.56,-452.2880000000001
2020-06-19,0.0,0.0,805.64,-1419.36,322.256
2020-06-22,4170.64,4170.64,1840.64,4170.64,3238.6400000000003
2020-06-23,0.0,0.0,-1148.72,1585.64,-459.488
2020-06-24,-1385.52,-1934.2400000000002,1616.28,-2259.88,-514.0320000000003
2020-06-25,-617.44,-617.44,-3088.7200000000003,-1567.44,-1605.952
2020-06-26,0.0,0.0,4130.64,2593.8399999999997,1652.256
2020-06-29,-1388.72,-1388.72,-1854.36,-1327.44,-1574.9759999999999
2020-06-30,1208.2,1208.2,3515.64,651.92,2131.1760000000004
2020-07-01,876.2800000000001,1267.56,1845.64,876.2800000000001,1498.792
2020-07-02,-987.44,-987.44,-1164.36,-713.08,-1058.208
2020-07-03,0.0,0.0,0.0,0.0,0.0
2020-07-06,2365.64,2365.64,1990.64,2365.64,2215.6400000000003
2020-07-07,-137.44,0.0,-1534.36,752.68,-613.7439999999999
2020-07-08,-1721.8,-1721.8,1065.64,-1721.8,-606.8239999999998
2020-07-09,0.0,-264.36,-624.36,-2394.36,-408.36
2020-07-10,-157.44000000000005,-157.44000000000005,-2673.7200000000003,-550.5200000000001,-1163.952
2020-07-13,0.0,0.0,-1924.36,6256.92,-769.7439999999999
2020-07-14,-2826.7999999999997,-1616.1599999999999,-1964.36,-2826.7999999999997,-1755.4399999999998
2020-07-15,0.0,0.0,550.64,-1477.4399999999998,220.256
2020-07-16,0.0,0.0,-1534.36,1840.64,-613.7439999999999
2020-07-17,-260.5200000000001,384.47999999999996,-614.36,-386.1600000000001,-15.05600000000004
2020-07-20,4478.200000000001,4918.200000000001,-2903.72,-1631.1600000000003,1789.4320000000007
2020-07-21,0.0,0.0,3275.64,3275.64,1310.2559999999999
2020-07-22,-788.72,0.0,-1824.36,-2306.16,-729.7439999999999
2020-07-23,0.0,0.0,5145.64,6043.84,2058.2560000000003
2020-07-24,-1319.88,-251.16000000000008,-1814.36,1738.8400000000001,-876.4399999999999
2020-07-27,-1764.2400000000002,-1764.2400000000002,476.2800000000002,-1692.44,-868.0320000000002
2020-07-28,0.0,0.0,1860.64,1592.56,744.2560000000001
2020-07-29,1291.52,1291.52,390.64,845.2399999999999,931.168
2020-07-30,111.92000000000007,0.0,-1674.36,1621.92,-669.7439999999999
2020-07-31,0.0,0.0,-379.36,-1319.2400000000002,-151.744
2020-08-03,0.0,0.0,875.64,0.0,350.256
2020-08-04,-53.08000000000003,0.0,605.64,-1382.44,242.256
2020-08-05,0.0,0.0,-784.36,0.0,-313.744
2020-08-06,1671.28,1671.28,1695.64,835.64,1681.0240000000001
2020-08-07,0.0,0.0,815.64,-1373.6000000000001,326.256
2020-08-10,0.0,0.0,465.64,-1627.44,186.256
2020-08-11,0.0,0.0,2800.64,2417.56,1120.2559999999999
2020-08-12,6101.28,6101.28,3250.64,-1452.44,4961.023999999999
2020-08-13,-1342.44,-931.1600000000001,-524.36,-931.1600000000001,-768.4400000000002
2020-08-14,111.27999999999999,111.27999999999999,110.64,-1554.2400000000002,111.024
2020-08-17,601.5199999999999,438.9599999999999,245.64,306.4,361.63199999999995
2020-08-18,-333.72,-333.72,820.64,-333.72,128.02399999999997
2020-08-19,0.0,0.0,910.64,-269.36,364.256
2020-08-20,3305.12,1455.1200000000001,3540.64,3066.3999999999996,2289.328
2020-08-21,-278.08000000000004,-348.08000000000004,-1624.36,-151.16000000000003,-858.592
2020-08-24,-2118.72,-1348.72,-143.7199999999998,-13.7199999999998,-866.7199999999999
2020-08-25,-427.44000000000005,0.0,1136.2800000000002,-757.44,454.51200000000006
2020-08-26,0.0,0.0,3595.64,0.0,1438.2559999999999
2020-08-27,0.0,0.0,675.64,-1340.52,270.256
2020-08-28,123.19999999999993,-601.1600000000001,0.0,123.19999999999993,-360.696
2020-08-31,-2237.32,-2045.52,1855.64,-1349.2400000000002,-485.05599999999987
2020-09-01,1692.04,2450.7599999999998,-1494.36,2262.04,872.7119999999999
2020-09-02,0.0,0.0,-494.36,-244.36,-197.744
2020-09-03,0.0,0.0,7790.64,10987.56,3116.2560000000003
2020-09-04,35.64,-704.36,-2564.36,-1728.72,-1448.3600000000001
2020-09-07,-74.36,-74.36,0.0,-74.36,-44.616
2020-09-08,972.5600000000001,-118.72000000000003,-1709.36,1368.8400000000001,-754.976
2020-09-09,3556.2799999999997,3556.2799999999997,-2919.36,3556.2799999999997,966.024
2020-09-10,-1446.1599999999999,-1446.1599999999999,6440.64,-1446.1599999999999,1708.5600000000002
2020-09-11,-3738.72,0.0,-1869.36,-1314.88,-747.7439999999999
2020-09-14,-2066.16,-1184.8799999999999,-19.36,-1351.8000000000002,-718.6719999999998
2020-09-15,5361.28,4831.28,0.0,2680.64,2898.768
2020-09-16,0.0,0.0,3775.64,2578.8399999999997,1510.2559999999999
2020-09-17,1041.28,1041.28,1030.64,2251.28,1037.0240000000001
2020-09-18,0.0,0.0,3455.64,-1658.08,1382.2559999999999
2020-09-21,-1753.7199999999998,0.0,-1444.36,-1514.36,-577.7439999999999
2020-09-22,0.0,0.0,-2974.36,-1642.44,-1189.7440000000001
2020-09-23,0.0,0.0,6440.64,4394.4800000000005,2576.2560000000003
2020-09-24,-1557.44,-1557.44,2190.64,-1557.44,-58.20799999999999
2020-09-25,1296.9199999999998,311.28,-2469.36,-1969.88,-800.976
2020-09-28,0.0,-783.08,-824.36,-824.36,-799.592
2020-09-29,0.0,0.0,0.0,-1302.44,0.0
2020-09-30,3622.56,1227.56,1820.64,2426.2799999999997,1464.792
2020-10-01,2115.64,3480.64,-1719.36,2115.64,1400.64
2020-10-02,-668.72,0.0,-3009.36,3535.1200000000003,-1203.7440000000001
2020-10-05,2092.56,2092.56,2495.64,2092.56,2253.792
2020-10-06,-1349.36,0.0,-2674.36,-1863.08,-1069.7440000000001
2020-10-07,4521.280000000001,4521.280000000001,1680.64,4521.280000000001,3385.0240000000003
2020-10-08,-135.51999999999998,-574.24,125.64,-31.160000000000025,-294.288
2020-10-09,0.0,0.0,645.64,0.0,258.256
2020-10-12,0.0,0.0,-2049.36,-2353.08,-819.744
2020-10-13,2421.28,2421.28,310.64,-2172.96,1577.024
2020-10-14,-2245.52,-1375.52,-1329.36,-2205.52,-1357.0559999999998
2020-10-15,301.2800000000001,-485.5200000000001,1620.64,301.2800000000001,356.94399999999996
2020-10-16,-1448.72,-34.36,-2349.36,-1451.8000000000002,-960.36
2020-10-19,-1755.52,-1755.52,-1149.36,-1755.52,-1513.0559999999998
2020-10-20,0.0,0.0,0.0,-1652.44,0.0
2020-10-21,1378.2,1378.2,0.0,-1404.7599999999998,826.9200000000001
2020-10-22,-1552.44,-1622.44,0.0,-1824.2400000000002,-973.4639999999999
2020-10-23,0.0,0.0,0.0,-1934.88,0.0
2020-10-26,10.64,0.0,46.2800000000002,1237.04,18.51200000000008
2020-10-27,0.0,0.0,-2778.72,0.0,-1111.4879999999998
2020-10-28,0.0,0.0,4780.64,1515.64,1912.256
2020-10-29,-1769.24,-1769.24,2990.64,-1309.88,134.7119999999999
2020-10-30,1200.64,1200.64,2941.2800000000007,1200.64,1896.8960000000002
2020-11-02,0.0,0.0,-2973.72,-2163.72,-1189.4879999999998
2020-11-03,0.0,0.0,-1489.36,-172.44000000000005,-595.7439999999999
2020-11-04,3986.92,3986.92,-1439.36,3986.92,1816.4080000000001
2020-11-05,0.0,0.0,-1594.36,-2523.72,-637.7439999999999
2020-11-06,0.0,0.0,-1484.36,1597.5600000000002,-593.7439999999999
2020-11-09,0.0,0.0,6565.64,-1943.7199999999998,2626.2560000000003
2020-11-10,-663.08,-358.08000000000004,-1519.36,-663.08,-822.592
2020-11-11,1198.8400000000001,1198.8400000000001,2480.64,1198.8400000000001,1711.56
2020-11-12,0.0,0.0,-4218.72,-1666.8000000000002,-1687.488
2020-11-13,0.0,0.0,0.0,-683.72,0.0
2020-11-16,-288.72,0.0,-1334.36,-2089.24,-533.7439999999999
2020-11-17,0.0,0.0,70.64,-672.9600000000002,28.256
2020-11-18,-430.52000000000004,-430.52000000000004,0.0,-430.52000000000004,-258.312
2020-11-19,-1056.16,-1056.16,1155.64,-528.08,-171.44000000000005
2020-11-20,-1146.8,-1146.8,0.0,-682.44,-688.0799999999999
2020-11-23,338.19999999999993,1384.48,-1674.36,283.19999999999993,160.94400000000013
2020-11-24,-679.2400000000001,-679.2400000000001,-2004.36,-181.80000000000007,-1209.288
2020-11-25,0.0,0.0,0.0,-4.36,0.0
2020-11-26,0.0,0.0,-154.36,0.0,-61.74400000000001
2020-11-27,0.0,0.0,40.64,0.0,16.256
2020-11-30,0.0,0.0,-1488.7199999999998,-534.2400000000001,-595.4879999999999
2020-12-01,-1247.44,-1247.44,111.27999999999997,-623.72,-703.952
2020-12-02,-158.72,0.0,-738.7199999999999,-967.44,-295.48799999999994
2020-12-03,0.0,0.0,-679.36,0.0,-271.744
2020-12-04,0.0,0.0,-503.72,0.0,-201.488
2020-12-07,-504.36,-504.36,685.64,-504.36,-28.359999999999992
2020-12-08,0.0,0.0,-1319.36,0.0,-527.7439999999999
2020-12-09,0.0,0.0,4550.64,1601.92,1820.256
2020-12-10,1675.64,-1856.16,-2428.72,-1328.7199999999998,-2085.184
2020-12-11,0.0,0.0,-964.36,-972.9600000000002,-385.744
2020-12-14,-961.1600000000001,-961.1600000000001,710.64,-657.44,-292.4400000000001
2020-12-15,1158.2,1068.2,-734.36,658.1999999999999,347.17600000000004
2020-12-16,0.0,0.0,-2079.36,0.0,-831.744
2020-12-17,-87.44000000000003,-87.44000000000003,-154.36,-43.72000000000001,-114.20800000000001
2020-12-18,0.0,0.0,1075.64,-389.36,430.25600000000003
2020-12-21,0.0,0.0,-1654.36,1937.56,-661.7439999999999
2020-12-22,0.0,0.0,-2873.72,-1199.2400000000002,-1149.4879999999998
2020-12-23,0.0,0.0,460.64,201.91999999999996,184.256
2020-12-24,0.0,0.0,420.64,0.0,168.256
2020-12-28,0.0,401.28,-679.36,-1268.08,-30.97600000000002
2020-12-29,0.0,165.64,470.64,0.0,287.64
2020-12-30,-188.72,-188.72,600.64,-94.36,127.024
2020-12-31,0.0,0.0,0.0,0.0,0.0
2021-01-04,0.0,0.0,4570.64,4876.280000000001,1828.256
2021-01-05,0.0,0.0,2105.64,-1399.88,842.256
2021-01-06,0.0,0.0,-1534.36,1300.64,-613.7439999999999
2021-01-07,5231.28,5901.28,3660.64,2008.8399999999997,5005.023999999999
2021-01-08,-1562.3200000000002,-1306.04,-2753.72,-1493.6000000000001,-1885.1119999999999
2021-01-11,0.0,0.0,790.64,3452.56,316.256
2021-01-12,-649.8800000000001,-1317.3200000000002,-1863.7199999999998,-1124.2400000000002,-1535.8799999999999
2021-01-13,1111.92,1261.92,1230.64,389.4799999999999,1249.4080000000001
2021-01-14,-836.1600000000001,-406.8,-2099.36,-1571.6800000000003,-1083.824
2021-01-15,-1676.8,-1254.88,-1534.36,-1676.8,-1366.672
2021-01-18,636.28,636.28,0.0,636.28,381.768
2021-01-19,419.48000000000025,419.48000000000025,1455.64,-1337.44,833.9440000000002
2021-01-20,261.28,1231.28,2690.64,130.64,1815.024
2021-01-21,-740.5200000000001,-1086.04,-1819.36,-1184.2400000000002,-1379.368
2021-01-22,-314.36,0.0,10.64,46.27999999999997,4.256
2021-01-25,1080.64,1080.64,-1514.36,1080.64,42.64000000000006
2021-01-26,0.0,0.0,-319.36,-822.44,-127.744
2021-01-27,-1421.16,-1421.16,3780.64,1056.92,659.5599999999998
2021-01-28,0.0,0.0,190.64,-1359.36,76.256
2021-01-29,-1478.72,-1478.72,-1574.36,-1478.72,-1516.9759999999999
2021-02-01,5941.28,14671.28,-1464.36,2970.64,8217.024000000001
2021-02-02,1250.76,1221.4,1240.64,1750.12,1229.096
2021-02-03,0.0,0.0,1765.64,2458.3199999999997,706.2560000000001
2021-02-04,965.76,-1343.6000000000001,-3788.7200000000003,-1314.2400000000002,-2321.648
2021-02-05,0.0,0.0,-409.36,-676.1600000000001,-163.744
2021-02-08,-357.44000000000005,-378.08000000000004,0.0,-378.08000000000004,-226.84800000000004
2021-02-09,-14.36,0.0,-209.36,-168.07999999999998,-83.744
2021-02-10,201.92000000000002,201.92000000000002,1475.64,1217.56,711.408
2021-02-11,-757.3200000000002,-757.3200000000002,0.0,-1529.88,-454.3920000000001
2021-02-12,0.0,0.0,-2294.36,-420.5200000000001,-917.744
2021-02-15,0.0,0.0,0.0,0.0,0.0
2021-02-16,-178.72,-89.36,-64.36,-16.800000000000068,-79.35999999999999
2021-02-17,-1287.4399999999998,-172.44,-1474.36,-1788.08,-693.208
2021-02-18,0.0,0.0,-1988.7199999999998,-1087.44,-795.4879999999999
2021-02-19,0.0,0.0,2160.64,2162.56,864.256
2021-02-22,-1483.72,-1483.72,-1803.72,-1483.72,-1611.72
2021-02-23,-1337.44,-1337.44,-1819.36,-1337.44,-1530.208
2021-02-24,-1423.7199999999998,-1423.7199999999998,-1584.36,-1423.7199999999998,-1487.9759999999999
2021-02-25,0.0,0.0,-1629.36,1576.28,-651.7439999999999
2021-02-26,-2004.36,-2004.36,-1769.36,-2004.36,-1910.36
2021-03-01,2385.64,6785.64,1086.28,2385.64,4505.896000000001
2021-03-02,0.0,0.0,4260.64,2838.2,1704.256
2021-03-03,-1503.08,-642.44,-1539.36,-1503.08,-1001.208
2021-03-04,-3962.44,696.92,-1504.36,-4231.16,-183.592
2021-03-05,-566.8,-1811.8,-2549.36,-2118.08,-2106.8239999999996
2021-03-08,0.0,0.0,-1929.36,2135.64,-771.7439999999999
2021-03-09,3111.2799999999997,3111.2799999999997,3045.64,3111.2799999999997,3085.024
2021-03-10,-1651.16,-1651.16,3265.64,-1651.16,315.55999999999983
2021-03-11,2738.2,2738.2,1010.64,2738.2,2047.176
2021-03-12,-233.72000000000003,-233.72000000000003,-2069.36,1411.2800000000002,-967.976
2021-03-15,0.0,0.0,-3079.36,-1846.1599999999999,-1231.7440000000001
2021-03-16,0.0,0.0,-1309.36,-276.80000000000007,-523.7439999999999
2021-03-17,-1459.36,0.0,-3809.36,-1565.52,-1523.7440000000001
2021-03-18,-2318.08,-973.72,-1344.36,-2318.08,-1121.9759999999999
2021-03-19,-3241.7999999999997,-3241.7999999999997,-2259.36,-1307.44,-2848.8239999999996
2021-03-22,4922.5599999999995,2781.92,2255.64,2666.92,2571.4080000000004
2021-03-23,-780.5200000000003,-1614.8800000000003,1350.64,-780.5200000000003,-428.6720000000002
2021-03-24,0.0,0.0,4510.64,1805.64,1804.256
2021-03-25,-1106.1600000000003,-1487.44,-2399.36,-1746.1600000000003,-1852.208
2021-03-26,0.0,0.0,2950.64,1721.2800000000002,1180.2559999999999
2021-03-29,0.0,0.0,-1004.36,-511.80000000000007,-401.744
2021-03-30,0.0,0.0,70.64,-37.440000000000055,28.256
2021-03-31,2601.28,3251.28,1640.64,1300.64,2607.0240000000003
2021-04-01,1271.28,1271.28,415.64,2481.92,929.024
2021-04-02,0.0,0.0,0.0,0.0,0.0
2021-04-05,2040.12,1218.84,2680.64,1023.1999999999999,1803.56
2021-04-06,-93.08,-93.08,-1414.36,-566.8000000000001,-621.592
2021-04-07,0.0,0.0,-1814.36,0.0,-725.7439999999999
2021-04-08,0.0,210.64,0.0,0.0,126.38399999999999
2021-04-09,0.0,0.0,1525.64,1225.64,610.2560000000001
2021-04-12,-148.08,-148.08,0.0,-412.44000000000005,-88.848
2021-04-13,0.0,0.0,1515.64,0.0,606.2560000000001
2021-04-14,0.0,0.0,3580.64,-557.44,1432.2559999999999
2021-04-15,432.03999999999985,1115.12,1355.64,288.8399999999999,1211.328
2021-04-16,0.0,0.0,-719.36,0.0,-287.744
2021-04-19,0.0,0.0,-1304.36,2.5600000000000023,-521.7439999999999
2021-04-20,0.0,0.0,-1614.36,-587.44,-645.7439999999999
2021-04-21,1481.28,1481.28,-2373.72,740.64,-60.71999999999989
2021-04-22,0.0,0.0,2730.64,-848.08,1092.2559999999999
2021-04-23,1951.28,1951.28,2430.64,975.64,2143.024
2021-04-26,45.64,45.64,360.64,45.64,171.64000000000001
2021-04-27,0.0,0.0,750.64,-433.72,300.256
2021-04-28,0.0,0.0,-2998.72,0.0,-1199.4879999999998
2021-04-29,0.0,-808.72,1445.64,-238.72000000000003,93.02400000000007
2021-04-30,0.0,0.0,-764.36,-21.160000000000082,-305.744
2021-05-03,0.0,0.0,2250.64,375.64,900.256
2021-05-04,-143.72000000000003,-143.72000000000003,2265.64,1811.2800000000002,820.024
2021-05-05,0.0,0.0,-1769.36,-668.08,-707.7439999999999
2021-05-06,613.8400000000001,-2376.16,-2309.36,-1519.1200000000003,-2349.44
2021-05-07,0.0,0.0,-1474.36,-1258.08,-589.7439999999999
2021-05-10,0.0,0.0,4615.64,4010.12,1846.256
2021-05-11,-1403.08,-1403.08,4260.64,2656.92,862.4080000000001
2021-05-12,-1618.08,-783.72,-2439.36,-1371.8000000000002,-1445.976
2021-05-13,-1389.2399999999998,-1389.2399999999998,-3014.36,-1389.2399999999998,-2039.2879999999998
2021-05-14,5220.64,5220.64,2065.64,5220.64,3958.6400000000003
2021-05-17,-1187.44,-1187.44,-359.36,-1302.44,-856.208
2021-05-18,0.0,0.0,325.64,872.5600000000001,130.256
2021-05-19,3071.92,-1533.08,4190.64,3071.92,756.4080000000001
2021-05-20,6041.28,5191.28,3465.64,2546.2799999999997,4501.023999999999
2021-05-21,-49.36,-49.36,2190.64,-1376.8000000000002,846.64
2021-05-24,8028.84,8028.84,1815.64,3623.2000000000003,5543.5599999999995
2021-05-25,266.91999999999996,266.91999999999996,-774.36,388.8399999999999,-149.59200000000004
2021-05-26,0.0,0.0,0.0,0.0,0.0
2021-05-27,-472.44,-472.44,0.0,-1582.96,-283.464
2021-05-28,0.0,0.0,0.0,0.0,0.0
2021-05-31,65.64,65.64,0.0,65.64,39.384
2021-06-01,-97.32000000000015,233.31999999999982,1275.64,-79.8800000000001,650.2479999999999
2021-06-02,-118.72,-118.72,-699.36,-118.72,-350.976
2021-06-03,0.0,0.0,30.64,1271.92,12.256
2021-06-04,-1553.6000000000004,-1553.6000000000004,2520.64,-1553.6000000000004,76.09599999999973
2021-06-07,0.0,0.0,885.64,-541.8000000000001,354.256
2021-06-08,0.0,0.0,-1674.36,828.8399999999999,-669.7439999999999
2021-06-09,0.0,0.0,0.0,0.0,0.0
2021-06-10,-1559.88,-1559.88,1536.2799999999997,-1559.88,-321.41600000000017
2021-06-11,0.0,0.0,0.0,0.0,0.0
2021-06-14,0.0,0.0,-1814.36,0.0,-725.7439999999999
2021-06-15,0.0,0.0,1180.64,-942.44,472.25600000000003
2021-06-16,0.0,0.0,-1354.36,-128.08000000000004,-541.7439999999999
2021-06-17,4003.84,4003.84,3960.64,4143.200000000001,3986.56
2021-06-18,-1558.72,0.0,-1814.36,-1492.44,-725.7439999999999
2021-06-21,1560.12,-2519.8799999999997,-1479.36,903.8399999999999,-2103.6719999999996
2021-06-22,577.5600000000001,900.64,2320.64,848.84,1468.6399999999999
2021-06-23,0.0,0.0,-449.36,-114.36,-179.744
2021-06-24,1303.2,1303.2,-614.36,33.19999999999993,536.176
2021-06-25,-1017.44,-1017.44,395.64,-827.44,-452.20799999999997
2021-06-28,-1468.6000000000001,-1468.6000000000001,1490.64,-1334.2400000000002,-284.904
2021-06-29,0.0,0.0,-1734.36,-134.36,-693.7439999999999
2021-06-30,125.64,0.0,0.0,125.64,0.0
2021-07-01,0.0,0.0,-1534.36,-977.96,-613.7439999999999
2021-07-02,1282.5600000000002,1942.5600000000002,1290.64,641.2800000000001,1681.7920000000001
2021-07-05,-124.36,-124.36,0.0,-124.36,-74.616
2021-07-06,-1398.6,-1398.6,-1544.36,-1546.6800000000003,-1456.9039999999998
2021-07-07,0.0,-771.8000000000001,1145.64,925.64,-4.8239999999999785
2021-07-08,-1498.72,0.0,-2403.72,1720.64,-961.4879999999999
2021-07-09,788.8399999999999,788.8399999999999,2155.64,-1318.08,1335.56
2021-07-12,-516.6800000000001,-1221.5600000000002,-824.36,-1049.12,-1062.68
2021-07-13,0.0,0.0,-514.36,-1006.8000000000001,-205.744
2021-07-14,89.59999999999981,-1104.0,66.27999999999997,-1502.3200000000002,-635.888
2021-07-15,51.91999999999996,-77.44000000000005,1600.64,-94.88000000000011,593.792
2021-07-16,0.0,0.0,1201.28,-1561.8000000000002,480.512
2021-07-19,-1448.08,-1448.08,-2953.72,-1388.08,-2050.3360000000002
2021-07-20,0.0,0.0,926.28,-1469.36,370.512
2021-07-21,-1576.6799999999998,516.3999999999999,1680.64,-1351.0399999999997,982.0959999999999
2021-07-22,32.56,32.56,1190.64,16.28,495.79200000000003
2021-07-23,0.0,0.0,-1584.36,-113.72,-633.7439999999999
2021-07-26,-669.2400000000001,-703.6000000000001,-1339.36,-1169.2399999999998,-957.9040000000001
2021-07-27,0.0,0.0,3025.64,1723.8399999999997,1210.2559999999999
2021-07-28,-1478.6000000000001,-329.24,-1709.36,-644.8800000000001,-881.2879999999999
2021-07-29,-668.6,-928.6,580.64,-334.2400000000001,-324.90400000000005
2021-07-30,-1428.72,-1428.72,750.64,-1428.72,-556.976
2021-08-02,-726.1600000000001,-1366.16,985.64,-689.8800000000001,-425.44000000000017
2021-08-03,-636.8000000000001,-636.8000000000001,-1619.36,-774.8800000000001,-1029.824
2021-08-04,0.0,0.0,0.0,0.0,0.0
2021-08-05,-33.08,-33.08,55.64,-23.72,2.4080000000000013
2021-08-06,-365.52000000000004,-118.08000000000004,-979.36,-365.52000000000004,-462.592
2021-08-09,-1783.6000000000001,-32.440000000000055,-2283.72,-1204.88,-932.952
2021-08-10,-146.8,-146.8,1215.64,575.1199999999999,398.17600000000004
2021-08-11,-2020.5200000000002,-1661.8000000000002,820.64,-1365.52,-668.8240000000002
2021-08-12,-136.8,-257.44,-1779.36,-1156.1599999999999,-866.208
2021-08-13,-194.36,-194.36,-1643.7199999999998,-194.36,-774.1039999999999
2021-08-16,-99.36,-99.36,-2743.72,363.6799999999996,-1157.1039999999998
2021-08-17,0.0,0.0,-319.36,1458.8400000000001,-127.744
2021-08-18,-1486.1599999999999,-1052.44,-1499.36,-1401.8000000000002,-1231.208
2021-08-19,1222.56,-636.8,1860.64,2414.48,362.17600000000004
2021-08-20,2471.2799999999997,2471.2799999999997,2070.64,2088.8399999999997,2311.024
2021-08-23,0.0,0.0,3095.64,0.0,1238.2559999999999
2021-08-24,0.0,0.0,0.0,-332.44000000000005,0.0
2021-08-25,0.0,0.0,-364.36,-239.36,-145.744
2021-08-26,-143.72000000000003,-143.72000000000003,-1464.36,-160.4000000000002,-671.976
2021-08-27,1560.12,1560.12,2130.64,868.1999999999999,1788.328
2021-08-30,4117.5599999999995,4117.5599999999995,2535.64,1881.9199999999998,3484.792
2021-08-31,1001.28,1001.28,-509.36,1073.2,397.024
2021-09-01,0.0,0.0,-964.36,-47.44,-385.744
2021-09-02,-842.9600000000002,-1443.6000000000001,-89.36,-720.5200000000001,-901.9040000000001
2021-09-03,-365.5200000000001,0.0,950.64,85.11999999999989,380.256
2021-09-06,400.64,400.64,0.0,400.64,240.38400000000001
2021-09-07,-903.72,-653.72,-864.36,-1313.08,-737.976
2021-09-08,-223.08000000000004,-223.08000000000004,585.64,88.83999999999993,100.40799999999997
2021-09-09,0.0,0.0,-1734.36,-828.5999999999998,-693.7439999999999
2021-09-10,177.03999999999996,-942.32,-1554.36,324.47999999999996,-1187.136
2021-09-13,1501.2800000000002,-405.5200000000001,1805.64,1501.2800000000002,478.94399999999996
2021-09-14,0.0,0.0,1840.64,457.56000000000006,736.2560000000001
2021-09-15,511.28,1782.56,-1909.36,-2166.8,305.7920000000001
2021-09-16,-518.72,0.0,-1484.36,-1730.52,-593.7439999999999
2021-09-17,191.27999999999997,191.27999999999997,2580.64,2313.2,1147.024
2021-09-20,-1516.1599999999999,-1066.1599999999999,-2039.36,-1516.1599999999999,-1455.4399999999998
2021-09-21,-629.36,-1038.72,-1424.36,-1703.7199999999998,-1192.9759999999999
2021-09-22,1237.56,3021.2799999999997,-1849.36,1237.56,1073.0240000000001
2021-09-23,-467.96000000000026,-467.96000000000026,1205.64,-398.60000000000014,201.47999999999988
2021-09-24,446.9200000000001,178.19999999999993,1460.64,446.9200000000001,691.176
2021-09-27,0.0,0.0,-1428.72,2276.2799999999997,-571.488
2021-09-28,0.0,0.0,4050.64,1507.56,1620.2559999999999
2021-09-29,1531.28,1531.28,-1914.36,-1968.08,153.02400000000006
2021-09-30,-1980.52,-1980.52,-2369.36,-1811.16,-2136.0559999999996
2021-10-01,1181.28,1181.28,-2659.36,-1213.08,-354.976
2021-10-04,0.0,0.0,4370.64,3573.2000000000003,1748.256
2021-10-05,1021.9200000000001,1921.28,2090.64,-1355.52,1989.024
2021-10-06,4216.28,1063.9599999999998,4200.64,4216.28,2318.632
2021-10-07,0.0,0.0,-849.36,-584.36,-339.744
2021-10-08,-913.6,-1752.96,1165.64,-1512.96,-585.52
2021-10-11,-1408.72,-998.72,-1434.36,-1408.72,-1172.9759999999999
2021-10-12,1376.2799999999997,1376.2799999999997,1385.64,1376.2799999999997,1380.024
2021-10-13,-1627.44,-1627.44,-584.36,-1344.2399999999998,-1210.208
2021-10-14,311.28,2460.64,155.64,155.64,1538.6399999999999
2021-10-15,0.0,0.0,-1464.36,-1400.52,-585.7439999999999
2021-10-18,0.0,0.0,3110.64,-116.80000000000007,1244.2559999999999
2021-10-19,0.0,0.0,0.0,-1232.2000000000003,0.0
2021-10-20,0.0,0.0,0.0,-631.8000000000001,0.0
2021-10-21,118.83999999999992,106.27999999999999,600.64,-1426.6799999999998,304.024
2021-10-22,-1645.52,-1645.52,-2534.36,-1645.52,-2001.0559999999998
2021-10-25,1312.04,2208.2,-3473.7200000000003,1377.04,-64.56800000000021
2021-10-26,0.0,0.0,-2244.36,-883.72,-897.744
2021-10-27,-1341.1600000000003,-1341.1600000000003,135.64,-1416.16,-750.4400000000002
2021-10-28,-1594.24,-592.9600000000002,-1589.36,-621.1600000000001,-991.5200000000001
2021-10-29,1776.2800000000002,1321.28,3680.64,1283.8400000000001,2265.024
2021-11-01,0.0,0.0,-864.36,-1323.7199999999998,-345.744
2021-11-02,0.0,0.0,1285.64,-319.36,514.2560000000001
2021-11-03,561.9200000000001,561.9200000000001,-2069.36,841.2800000000001,-490.592
2021-11-04,1915.64,2600.64,906.2800000000002,1881.92,1922.896
2021-11-05,2001.28,2001.28,-2074.36,1000.64,371.024
2021-11-08,-289.36,-289.36,-584.36,-1368.08,-407.36
2021-11-09,461.91999999999996,-428.08000000000004,2350.64,2157.56,683.4079999999999
2021-11-10,940.64,0.0,-3413.7200000000003,1262.04,-1365.488
2021-11-11,0.0,-1912.44,1240.64,-1121.16,-651.2079999999999
2021-11-12,2058.84,2708.84,-1699.36,148.83999999999992,945.5600000000002
2021-11-15,0.0,0.0,295.64,-74.36,118.256
2021-11-16,0.0,0.0,2490.64,-1171.1599999999999,996.256
2021-11-17,-1343.08,-1343.08,-1739.36,-738.72,-1501.5919999999999
2021-11-18,-142.44000000000005,-166.16000000000008,-1874.36,-1576.1599999999999,-849.4399999999999
2021-11-19,0.0,0.0,-1369.36,-1608.08,-547.7439999999999
2021-11-22,-146.80000000000007,-146.80000000000007,-2064.36,2645.7599999999998,-913.8240000000002
2021-11-23,-1393.72,-1393.72,-2508.72,-1393.72,-1839.7199999999998
2021-11-24,-463.08000000000004,0.0,-2009.36,-1315.52,-803.7439999999999
2021-11-25,0.0,0.0,0.0,0.0,0.0
2021-11-26,-754.36,0.0,3221.2800000000007,1296.2800000000002,1288.5120000000002
2021-11-29,1070.64,1070.64,2545.64,1070.64,1660.64
2021-11-30,-706.1600000000001,-471.80000000000007,-3378.7200000000003,-1421.16,-1634.568
2021-12-01,0.0,0.0,-1894.36,-2273.08,-757.7439999999999
2021-12-02,-1967.44,-1967.44,-1954.36,-1967.44,-1962.2079999999999
2021-12-03,-948.7199999999999,755.64,-1704.36,-1723.7199999999998,-228.35999999999996
2021-12-06,-768.72,-768.72,-3634.36,-3683.08,-1914.976
2021-12-07,4681.28,5301.28,2885.64,2340.64,4335.023999999999
2021-12-08,0.0,0.0,-2689.36,-1331.16,-1075.7440000000001
2021-12-09,-159.36,0.0,-2269.36,1675.7599999999998,-907.744
2021-12-10,-2134.88,1034.48,-2839.36,-1990.52,-515.056
2021-12-13,0.0,0.0,3970.64,4250.64,1588.2559999999999
2021-12-14,-2984.36,-1458.7199999999998,-2984.36,-2984.36,-2068.976
2021-12-15,3806.28,6266.92,-3849.36,-1481.8,2220.4080000000004
2021-12-16,0.0,0.0,7985.64,9565.64,3194.2560000000003
2021-12-17,-2014.36,0.0,1215.64,1085.64,486.25600000000003
2021-12-20,-1778.7199999999998,361.28,0.0,-1778.7199999999998,216.76799999999997
2021-12-21,0.0,0.0,-4114.36,-4244.88,-1645.744
2021-12-22,3433.2000000000003,0.0,2870.64,-1681.1600000000003,1148.2559999999999
2021-12-23,0.0,0.0,2055.64,0.0,822.256
2021-12-27,3116.92,3041.92,3330.64,3116.92,3157.4080000000004
2021-12-28,0.0,0.0,1820.64,-1548.6000000000001,728.2560000000001
2021-12-29,-464.36,0.0,-2069.36,-1692.44,-827.744
2021-12-30,-606.1600000000001,133.19999999999993,-1689.36,-682.44,-595.824
2021-12-31,-1169.24,-710.5200000000001,-2514.36,-1169.24,-1432.056
