sess,pnl_unscaled,trigger,in_window,suspended,scaled,pnl_s0.7,pnl_s0.8,pnl_s0.9
2022-01-03,870.7,False,False,False,False,870.7,870.7,870.7
2022-01-04,2685.3000000000466,False,False,False,False,2685.3000000000466,2685.3000000000466,2685.3000000000466
2022-01-05,2847.700000000058,False,False,False,False,2847.700000000058,2847.700000000058,2847.700000000058
2022-01-06,-1760.7999999999593,False,False,False,False,-1760.7999999999593,-1760.7999999999593,-1760.7999999999593
2022-01-07,-1100.999999999941,False,False,False,False,-1100.999999999941,-1100.999999999941,-1100.999999999941
2022-01-10,2618.700000000035,False,False,False,False,2618.700000000035,2618.700000000035,2618.700000000035
2022-01-11,-1642.2999999999502,False,False,False,False,-1642.2999999999502,-1642.2999999999502,-1642.2999999999502
2022-01-12,-925.8999999999568,False,False,False,False,-925.8999999999568,-925.8999999999568,-925.8999999999568
2022-01-13,1649.2999999999763,False,False,False,False,1649.2999999999763,1649.2999999999763,1649.2999999999763
2022-01-14,596.1000000000467,False,False,False,False,596.1000000000467,596.1000000000467,596.1000000000467
2022-01-17,-189.40000000000964,False,False,False,False,-189.40000000000964,-189.40000000000964,-189.40000000000964
2022-01-18,225.6000000001204,False,False,False,False,225.6000000001204,225.6000000001204,225.6000000001204
2022-01-19,-239.6999999999225,False,False,False,False,-239.6999999999225,-239.6999999999225,-239.6999999999225
2022-01-20,-304.29999999990105,False,False,False,False,-304.29999999990105,-304.29999999990105,-304.29999999990105
2022-01-21,-2198.899999999973,False,False,False,False,-2198.899999999973,-2198.899999999973,-2198.899999999973
2022-01-24,2768.600000000087,False,False,False,False,2768.600000000087,2768.600000000087,2768.600000000087
2022-01-25,-2304.800000000017,False,False,False,False,-2304.800000000017,-2304.800000000017,-2304.800000000017
2022-01-26,-1502.1999999998966,False,False,False,False,-1502.1999999998966,-1502.1999999998966,-1502.1999999998966
2022-01-27,1309.0999999999983,False,False,False,False,1309.0999999999983,1309.0999999999983,1309.0999999999983
2022-01-28,2151.899999999985,False,False,False,False,2151.899999999985,2151.899999999985,2151.899999999985
2022-01-31,1455.700000000009,False,False,False,False,1455.700000000009,1455.700000000009,1455.700000000009
2022-02-01,-1235.199999999968,False,False,True,False,-1235.199999999968,-1235.199999999968,-1235.199999999968
2022-02-02,42.60000000001128,False,False,True,False,42.60000000001128,42.60000000001128,42.60000000001128
2022-02-03,-1926.1999999999532,False,False,False,False,-1926.1999999999532,-1926.1999999999532,-1926.1999999999532
2022-02-04,-264.3999999999269,False,False,False,False,-264.3999999999269,-264.3999999999269,-264.3999999999269
2022-02-07,-2374.7999999999683,False,False,False,False,-2374.7999999999683,-2374.7999999999683,-2374.7999999999683
2022-02-08,729.7000000000291,False,False,False,False,729.7000000000291,729.7000000000291,729.7000000000291
2022-02-09,-261.7000000000089,False,False,False,False,-261.7000000000089,-261.7000000000089,-261.7000000000089
2022-02-10,539.4000000001543,False,False,False,False,539.4000000001543,539.4000000001543,539.4000000001543
2022-02-11,570.5000000000691,False,False,False,False,570.5000000000691,570.5000000000691,570.5000000000691
2022-02-14,-796.4000000000603,False,False,True,False,-796.4000000000603,-796.4000000000603,-796.4000000000603
2022-02-15,753.3000000000322,False,False,True,False,753.3000000000322,753.3000000000322,753.3000000000322
2022-02-16,-1456.5000000000614,False,False,True,False,-1456.5000000000614,-1456.5000000000614,-1456.5000000000614
2022-02-17,4007.300000000038,False,False,True,False,4007.300000000038,4007.300000000038,4007.300000000038
2022-02-18,-1907.199999999889,False,False,True,False,-1907.199999999889,-1907.199999999889,-1907.199999999889
2022-02-21,570.3000000000579,False,False,True,False,570.3000000000579,570.3000000000579,570.3000000000579
2022-02-22,-510.7999999999706,False,False,True,False,-510.7999999999706,-510.7999999999706,-510.7999999999706
2022-02-23,4149.500000000087,False,False,False,False,4149.500000000087,4149.500000000087,4149.500000000087
2022-02-24,11242.799999999972,False,False,False,False,11242.799999999972,11242.799999999972,11242.799999999972
2022-02-25,-3392.099999999984,False,False,True,False,-3392.099999999984,-3392.099999999984,-3392.099999999984
2022-02-28,-3879.1999999999553,False,False,True,False,-3879.1999999999553,-3879.1999999999553,-3879.1999999999553
2022-03-01,-1156.6000000000968,False,False,False,False,-1156.6000000000968,-1156.6000000000968,-1156.6000000000968
2022-03-02,-2430.6999999999825,False,False,False,False,-2430.6999999999825,-2430.6999999999825,-2430.6999999999825
2022-03-03,2019.899999999965,False,False,False,False,2019.899999999965,2019.899999999965,2019.899999999965
2022-03-04,-2375.899999999961,False,False,False,False,-2375.899999999961,-2375.899999999961,-2375.899999999961
2022-03-07,1612.3000000000466,False,False,False,False,1612.3000000000466,1612.3000000000466,1612.3000000000466
2022-03-08,-4717.099999999945,False,False,True,False,-4717.099999999945,-4717.099999999945,-4717.099999999945
2022-03-09,2876.8999999999705,False,False,True,False,2876.8999999999705,2876.8999999999705,2876.8999999999705
2022-03-10,-1177.3000000000611,False,False,True,False,-1177.3000000000611,-1177.3000000000611,-1177.3000000000611
2022-03-11,4585.099999999979,False,False,True,False,4585.099999999979,4585.099999999979,4585.099999999979
2022-03-14,-3352.7999999999374,False,False,True,False,-3352.7999999999374,-3352.7999999999374,-3352.7999999999374
2022-03-15,3437.7999999999847,False,False,True,False,3437.7999999999847,3437.7999999999847,3437.7999999999847
2022-03-16,1204.1999999999844,False,False,True,False,1204.1999999999844,1204.1999999999844,1204.1999999999844
2022-03-17,-1228.8999999998923,False,False,True,False,-1228.8999999998923,-1228.8999999998923,-1228.8999999998923
2022-03-18,1717.5000000000236,False,False,True,False,1717.5000000000236,1717.5000000000236,1717.5000000000236
2022-03-21,-1684.5999999999149,False,False,True,False,-1684.5999999999149,-1684.5999999999149,-1684.5999999999149
2022-03-22,1001.2000000000372,False,False,True,False,1001.2000000000372,1001.2000000000372,1001.2000000000372
2022-03-23,204.80000000006655,False,False,True,False,204.80000000006655,204.80000000006655,204.80000000006655
2022-03-24,1629.1000000000204,False,False,True,False,1629.1000000000204,1629.1000000000204,1629.1000000000204
2022-03-25,-888.5999999999785,False,False,False,False,-888.5999999999785,-888.5999999999785,-888.5999999999785
2022-03-28,304.90000000001965,False,False,False,False,304.90000000001965,304.90000000001965,304.90000000001965
2022-03-29,-1370.6000000000022,False,False,False,False,-1370.6000000000022,-1370.6000000000022,-1370.6000000000022
2022-03-30,191.30000000002477,False,False,False,False,191.30000000002477,191.30000000002477,191.30000000002477
2022-03-31,65.80000000001019,False,False,False,False,65.80000000001019,65.80000000001019,65.80000000001019
2022-04-01,-1368.5999999999858,False,False,False,False,-1368.5999999999858,-1368.5999999999858,-1368.5999999999858
2022-04-04,1805.4999999999764,False,False,False,False,1805.4999999999764,1805.4999999999764,1805.4999999999764
2022-04-05,2152.1999999998934,False,False,False,False,2152.1999999998934,2152.1999999998934,2152.1999999998934
2022-04-06,-513.0999999999749,False,False,False,False,-513.0999999999749,-513.0999999999749,-513.0999999999749
2022-04-07,-3202.29999999999,False,False,False,False,-3202.29999999999,-3202.29999999999,-3202.29999999999
2022-04-08,108.5000000000582,False,False,False,False,108.5000000000582,108.5000000000582,108.5000000000582
2022-04-11,-885.7999999999956,False,False,False,False,-885.7999999999956,-885.7999999999956,-885.7999999999956
2022-04-12,1908.3000000000704,False,False,False,False,1908.3000000000704,1908.3000000000704,1908.3000000000704
2022-04-13,2565.599999999904,False,False,False,False,2565.599999999904,2565.599999999904,2565.599999999904
2022-04-14,4441.899999999832,False,False,False,False,4441.899999999832,4441.899999999832,4441.899999999832
2022-04-18,488.4000000002016,False,False,False,False,488.4000000002016,488.4000000002016,488.4000000002016
2022-04-19,-465.19999999995343,False,False,False,False,-465.19999999995343,-465.19999999995343,-465.19999999995343
2022-04-20,319.1000000000895,False,False,False,False,319.1000000000895,319.1000000000895,319.1000000000895
2022-04-21,2430.5000000000477,False,False,False,False,2430.5000000000477,2430.5000000000477,2430.5000000000477
2022-04-22,9.400000000085129,False,False,False,False,9.400000000085129,9.400000000085129,9.400000000085129
2022-04-25,1520.6000000000422,False,False,False,False,1520.6000000000422,1520.6000000000422,1520.6000000000422
2022-04-26,9791.19999999992,False,False,False,False,9791.19999999992,9791.19999999992,9791.19999999992
2022-04-27,-1653.099999999864,False,False,False,False,-1653.099999999864,-1653.099999999864,-1653.099999999864
2022-04-28,-1123.3999999999469,False,False,False,False,-1123.3999999999469,-1123.3999999999469,-1123.3999999999469
2022-04-29,126.50000000003274,False,False,False,False,126.50000000003274,126.50000000003274,126.50000000003274
2022-05-02,-1595.599999999933,False,False,False,False,-1595.599999999933,-1595.599999999933,-1595.599999999933
2022-05-03,-2549.29999999989,False,False,False,False,-2549.29999999989,-2549.29999999989,-2549.29999999989
2022-05-04,-2536.600000000075,False,False,False,False,-2536.600000000075,-2536.600000000075,-2536.600000000075
2022-05-05,8384.999999999662,False,False,True,False,8384.999999999662,8384.999999999662,8384.999999999662
2022-05-06,-4681.399999999841,False,False,True,False,-4681.399999999841,-4681.399999999841,-4681.399999999841
2022-05-09,-1055.1999999999534,False,False,True,False,-1055.1999999999534,-1055.1999999999534,-1055.1999999999534
2022-05-10,-1022.3999999999504,False,False,True,False,-1022.3999999999504,-1022.3999999999504,-1022.3999999999504
2022-05-11,-2609.69999999991,False,False,True,False,-2609.69999999991,-2609.69999999991,-2609.69999999991
2022-05-12,-2513.199999999939,False,False,True,False,-2513.199999999939,-2513.199999999939,-2513.199999999939
2022-05-13,2891.900000000027,False,False,True,False,2891.900000000027,2891.900000000027,2891.900000000027
2022-05-16,-1945.099999999908,False,False,True,False,-1945.099999999908,-1945.099999999908,-1945.099999999908
2022-05-17,-245.39999999995047,False,False,True,False,-245.39999999995047,-245.39999999995047,-245.39999999995047
2022-05-18,10432.399999999809,False,False,True,False,10432.399999999809,10432.399999999809,10432.399999999809
2022-05-19,-1155.2999999999156,False,False,True,False,-1155.2999999999156,-1155.2999999999156,-1155.2999999999156
2022-05-20,1648.900000000078,False,False,True,False,1648.900000000078,1648.900000000078,1648.900000000078
2022-05-23,-3542.9000000000087,False,False,True,False,-3542.9000000000087,-3542.9000000000087,-3542.9000000000087
2022-05-24,-9.458744898438454e-11,False,False,True,False,-9.458744898438454e-11,-9.458744898438454e-11,-9.458744898438454e-11
2022-05-25,-1053.0999999999694,False,False,True,False,-1053.0999999999694,-1053.0999999999694,-1053.0999999999694
2022-05-26,2944.999999999985,False,False,True,False,2944.999999999985,2944.999999999985,2944.999999999985
2022-05-27,1573.0999999999876,False,False,True,False,1573.0999999999876,1573.0999999999876,1573.0999999999876
2022-05-30,-366.0000000000037,False,False,True,False,-366.0000000000037,-366.0000000000037,-366.0000000000037
2022-05-31,-518.8999999999869,False,False,True,False,-518.8999999999869,-518.8999999999869,-518.8999999999869
2022-06-01,-1683.599999999984,False,False,True,False,-1683.599999999984,-1683.599999999984,-1683.599999999984
2022-06-02,2680.400000000016,False,False,True,False,2680.400000000016,2680.400000000016,2680.400000000016
2022-06-03,2666.1999999998006,False,False,False,False,2666.1999999998006,2666.1999999998006,2666.1999999998006
2022-06-06,-1087.9999999999272,False,False,False,False,-1087.9999999999272,-1087.9999999999272,-1087.9999999999272
2022-06-07,1961.2000000000555,False,False,False,False,1961.2000000000555,1961.2000000000555,1961.2000000000555
2022-06-08,-1624.8999999999503,False,False,False,False,-1624.8999999999503,-1624.8999999999503,-1624.8999999999503
2022-06-09,-1341.6000000000022,False,False,False,False,-1341.6000000000022,-1341.6000000000022,-1341.6000000000022
2022-06-10,-897.7000000000116,False,False,False,False,-897.7000000000116,-897.7000000000116,-897.7000000000116
2022-06-13,-2463.699999999993,False,False,False,False,-2463.699999999993,-2463.699999999993,-2463.699999999993
2022-06-14,-3255.699999999899,False,False,False,False,-3255.699999999899,-3255.699999999899,-3255.699999999899
2022-06-15,-252.99999999992724,False,False,False,False,-252.99999999992724,-252.99999999992724,-252.99999999992724
2022-06-16,2055.000000000084,False,False,False,False,2055.000000000084,2055.000000000084,2055.000000000084
2022-06-17,-345.599999999984,False,False,False,False,-345.599999999984,-345.599999999984,-345.599999999984
2022-06-20,-501.3000000000102,False,False,False,False,-501.3000000000102,-501.3000000000102,-501.3000000000102
2022-06-21,-64.59999999999854,False,False,False,False,-64.59999999999854,-64.59999999999854,-64.59999999999854
2022-06-22,1960.2999999999884,False,False,False,False,1960.2999999999884,1960.2999999999884,1960.2999999999884
2022-06-23,-991.7000000000008,False,False,False,False,-991.7000000000008,-991.7000000000008,-991.7000000000008
2022-06-24,1456.800000000003,False,False,False,False,1456.800000000003,1456.800000000003,1456.800000000003
2022-06-27,-481.30000000028303,False,False,False,False,-481.30000000028303,-481.30000000028303,-481.30000000028303
2022-06-28,718.9000000000269,False,False,False,False,718.9000000000269,718.9000000000269,718.9000000000269
2022-06-29,-1611.700000000008,False,False,False,False,-1611.700000000008,-1611.700000000008,-1611.700000000008
2022-06-30,-2402.199999999932,False,False,False,False,-2402.199999999932,-2402.199999999932,-2402.199999999932
2022-07-01,-100.6999999999898,False,False,False,False,-100.6999999999898,-100.6999999999898,-100.6999999999898
2022-07-04,-101.09999999999854,False,False,False,False,-101.09999999999854,-101.09999999999854,-101.09999999999854
2022-07-05,1735.299999999992,False,False,False,False,1735.299999999992,1735.299999999992,1735.299999999992
2022-07-06,-3811.999999999909,False,False,False,False,-3811.999999999909,-3811.999999999909,-3811.999999999909
2022-07-07,1608.0000000000257,False,False,False,False,1608.0000000000257,1608.0000000000257,1608.0000000000257
2022-07-08,-1381.4999999999309,False,False,False,False,-1381.4999999999309,-1381.4999999999309,-1381.4999999999309
2022-07-11,1045.1000000000204,False,False,False,False,1045.1000000000204,1045.1000000000204,1045.1000000000204
2022-07-12,-521.5999999999949,False,False,False,False,-521.5999999999949,-521.5999999999949,-521.5999999999949
2022-07-13,-1592.8999999999503,False,False,False,False,-1592.8999999999503,-1592.8999999999503,-1592.8999999999503
2022-07-14,-804.4999999999418,False,False,False,False,-804.4999999999418,-804.4999999999418,-804.4999999999418
2022-07-15,-692.7999999999811,False,False,False,False,-692.7999999999811,-692.7999999999811,-692.7999999999811
2022-07-18,1265.0000000000073,False,False,False,False,1265.0000000000073,1265.0000000000073,1265.0000000000073
2022-07-19,3868.0000000000327,False,False,False,False,3868.0000000000327,3868.0000000000327,3868.0000000000327
2022-07-20,-22.80000000000291,False,False,False,False,-22.80000000000291,-22.80000000000291,-22.80000000000291
2022-07-21,-1780.399999999965,False,False,False,False,-1780.399999999965,-1780.399999999965,-1780.399999999965
2022-07-22,-240.4999999999636,False,False,False,False,-240.4999999999636,-240.4999999999636,-240.4999999999636
2022-07-25,-656.9999999999272,False,False,False,False,-656.9999999999272,-656.9999999999272,-656.9999999999272
2022-07-26,988.4999999999708,False,False,False,False,988.4999999999708,988.4999999999708,988.4999999999708
2022-07-27,3253.4000000000306,False,False,False,False,3253.4000000000306,3253.4000000000306,3253.4000000000306
2022-07-28,2465.3000000000648,False,False,False,False,2465.3000000000648,2465.3000000000648,2465.3000000000648
2022-07-29,-551.2999999999956,False,False,False,False,-551.2999999999956,-551.2999999999956,-551.2999999999956
2022-08-01,-360.8999999999869,False,False,False,False,-360.8999999999869,-360.8999999999869,-360.8999999999869
2022-08-02,186.50000000006912,False,False,False,False,186.50000000006912,186.50000000006912,186.50000000006912
2022-08-03,5279.499999999927,False,False,False,False,5279.499999999927,5279.499999999927,5279.499999999927
2022-08-04,-1925.9999999999452,False,False,False,False,-1925.9999999999452,-1925.9999999999452,-1925.9999999999452
2022-08-05,186.90000000004875,False,False,False,False,186.90000000004875,186.90000000004875,186.90000000004875
2022-08-08,-361.00000000001455,False,False,False,False,-361.00000000001455,-361.00000000001455,-361.00000000001455
2022-08-09,14.599999999994909,False,False,False,False,14.599999999994909,14.599999999994909,14.599999999994909
2022-08-10,-136.5000000000109,False,False,False,False,-136.5000000000109,-136.5000000000109,-136.5000000000109
2022-08-11,1078.2000000000262,False,False,False,False,1078.2000000000262,1078.2000000000262,1078.2000000000262
2022-08-12,1584.6999999999534,False,False,False,False,1584.6999999999534,1584.6999999999534,1584.6999999999534
2022-08-15,189.3000000000102,False,False,False,False,189.3000000000102,189.3000000000102,189.3000000000102
2022-08-16,-816.3999999998778,False,False,False,False,-816.3999999998778,-816.3999999998778,-816.3999999998778
2022-08-17,-1130.4000000000233,False,False,False,False,-1130.4000000000233,-1130.4000000000233,-1130.4000000000233
2022-08-18,-1746.9999999999309,False,False,False,False,-1746.9999999999309,-1746.9999999999309,-1746.9999999999309
2022-08-19,1045.3000000000357,False,False,False,False,1045.3000000000357,1045.3000000000357,1045.3000000000357
2022-08-22,823.6000000000568,False,False,False,False,823.6000000000568,823.6000000000568,823.6000000000568
2022-08-23,-1656.8999999999687,False,False,False,False,-1656.8999999999687,-1656.8999999999687,-1656.8999999999687
2022-08-24,-805.8999999999396,False,False,False,False,-805.8999999999396,-805.8999999999396,-805.8999999999396
2022-08-25,-290.89999999998327,False,False,False,False,-290.89999999998327,-290.89999999998327,-290.89999999998327
2022-08-26,5775.200000000044,False,False,False,False,5775.200000000044,5775.200000000044,5775.200000000044
2022-08-29,-1937.8999999999944,False,False,False,False,-1937.8999999999944,-1937.8999999999944,-1937.8999999999944
2022-08-30,1507.4000000000524,False,False,False,False,1507.4000000000524,1507.4000000000524,1507.4000000000524
2022-08-31,-946.5999999999184,False,False,False,False,-946.5999999999184,-946.5999999999184,-946.5999999999184
2022-09-01,-943.1999999999751,False,False,False,False,-943.1999999999751,-943.1999999999751,-943.1999999999751
2022-09-02,3437.799999999879,False,False,False,False,3437.799999999879,3437.799999999879,3437.799999999879
2022-09-05,-377.9999999999855,False,False,False,False,-377.9999999999855,-377.9999999999855,-377.9999999999855
2022-09-06,586.7000000000044,False,False,False,False,586.7000000000044,586.7000000000044,586.7000000000044
2022-09-07,2874.199999999997,False,False,False,False,2874.199999999997,2874.199999999997,2874.199999999997
2022-09-08,-1927.299999999996,False,False,False,False,-1927.299999999996,-1927.299999999996,-1927.299999999996
2022-09-09,534.1000000000058,False,False,False,False,534.1000000000058,534.1000000000058,534.1000000000058
2022-09-12,-682.8999999999651,False,False,False,False,-682.8999999999651,-682.8999999999651,-682.8999999999651
2022-09-13,4630.700000000019,False,False,False,False,4630.700000000019,4630.700000000019,4630.700000000019
2022-09-14,-1180.0000000000146,False,False,False,False,-1180.0000000000146,-1180.0000000000146,-1180.0000000000146
2022-09-15,-179.40000000017608,False,False,False,False,-179.40000000017608,-179.40000000017608,-179.40000000017608
2022-09-16,-803.0999999999403,False,False,False,False,-803.0999999999403,-803.0999999999403,-803.0999999999403
2022-09-19,-441.99999999989086,False,False,False,False,-441.99999999989086,-441.99999999989086,-441.99999999989086
2022-09-20,-493.9999999999272,False,False,False,False,-493.9999999999272,-493.9999999999272,-493.9999999999272
2022-09-21,-2409.400000000001,False,False,False,False,-2409.400000000001,-2409.400000000001,-2409.400000000001
2022-09-22,-1380.9999999999343,False,False,False,False,-1380.9999999999343,-1380.9999999999343,-1380.9999999999343
2022-09-23,660.9000000000378,False,False,False,False,660.9000000000378,660.9000000000378,660.9000000000378
2022-09-26,-2858.699999999939,False,False,False,False,-2858.699999999939,-2858.699999999939,-2858.699999999939
2022-09-27,-1610.5999999999804,False,False,False,False,-1610.5999999999804,-1610.5999999999804,-1610.5999999999804
2022-09-28,1357.7999999999774,False,False,False,False,1357.7999999999774,1357.7999999999774,1357.7999999999774
2022-09-29,2926.599999999962,False,False,False,False,2926.599999999962,2926.599999999962,2926.599999999962
2022-09-30,-1887.0,False,False,False,False,-1887.0,-1887.0,-1887.0
2022-10-03,2575.4000000000306,False,False,False,False,2575.4000000000306,2575.4000000000306,2575.4000000000306
2022-10-04,472.099999999984,False,False,False,False,472.099999999984,472.099999999984,472.099999999984
2022-10-05,-1372.4999999999636,False,False,False,False,-1372.4999999999636,-1372.4999999999636,-1372.4999999999636
2022-10-06,-2106.099999999955,False,False,False,False,-2106.099999999955,-2106.099999999955,-2106.099999999955
2022-10-07,351.29999999999563,False,False,False,False,351.29999999999563,351.29999999999563,351.29999999999563
2022-10-10,-704.5000000000218,False,False,False,False,-704.5000000000218,-704.5000000000218,-704.5000000000218
2022-10-11,-1335.399999999914,False,False,False,False,-1335.399999999914,-1335.399999999914,-1335.399999999914
2022-10-12,-2167.099999999973,False,False,False,False,-2167.099999999973,-2167.099999999973,-2167.099999999973
2022-10-13,2470.800000000123,False,False,False,False,2470.800000000123,2470.800000000123,2470.800000000123
2022-10-14,4677.699999999975,False,False,False,False,4677.699999999975,4677.699999999975,4677.699999999975
2022-10-17,2504.600000000006,False,False,False,False,2504.600000000006,2504.600000000006,2504.600000000006
2022-10-18,1214.2999999998065,False,False,False,False,1214.2999999998065,1214.2999999998065,1214.2999999998065
2022-10-19,-186.69999999988795,False,False,False,False,-186.69999999988795,-186.69999999988795,-186.69999999988795
2022-10-20,-1054.299999999981,False,False,False,False,-1054.299999999981,-1054.299999999981,-1054.299999999981
2022-10-21,3268.300000000076,False,False,False,False,3268.300000000076,3268.300000000076,3268.300000000076
2022-10-24,-2483.099999999926,False,False,False,False,-2483.099999999926,-2483.099999999926,-2483.099999999926
2022-10-25,428.3000000000393,False,False,False,False,428.3000000000393,428.3000000000393,428.3000000000393
2022-10-26,-1102.6999999999534,False,False,False,False,-1102.6999999999534,-1102.6999999999534,-1102.6999999999534
2022-10-27,-680.0999999999767,False,False,False,False,-680.0999999999767,-680.0999999999767,-680.0999999999767
2022-10-28,4485.300000000003,False,False,False,False,4485.300000000003,4485.300000000003,4485.300000000003
2022-10-31,-932.9000000000524,False,False,False,False,-932.9000000000524,-932.9000000000524,-932.9000000000524
2022-11-01,1472.9000000000306,False,False,False,False,1472.9000000000306,1472.9000000000306,1472.9000000000306
2022-11-02,-1735.4999999999854,False,False,False,False,-1735.4999999999854,-1735.4999999999854,-1735.4999999999854
2022-11-03,-776.7999999999956,False,False,False,False,-776.7999999999956,-776.7999999999956,-776.7999999999956
2022-11-04,-942.7999999999812,False,False,False,False,-942.7999999999812,-942.7999999999812,-942.7999999999812
2022-11-07,-2261.599999999948,False,False,False,False,-2261.599999999948,-2261.599999999948,-2261.599999999948
2022-11-08,-2992.5000000000146,False,False,False,False,-2992.5000000000146,-2992.5000000000146,-2992.5000000000146
2022-11-09,1621.2999999998938,False,False,False,False,1621.2999999998938,1621.2999999998938,1621.2999999998938
2022-11-10,6285.500000000051,False,False,False,False,6285.500000000051,6285.500000000051,6285.500000000051
2022-11-11,-860.1999999999825,False,False,True,False,-860.1999999999825,-860.1999999999825,-860.1999999999825
2022-11-14,-1283.7999999999593,False,False,True,False,-1283.7999999999593,-1283.7999999999593,-1283.7999999999593
2022-11-15,1340.200000000019,False,False,True,False,1340.200000000019,1340.200000000019,1340.200000000019
2022-11-16,15.100000000020373,False,False,True,False,15.100000000020373,15.100000000020373,15.100000000020373
2022-11-17,586.0000000000728,False,False,True,False,586.0000000000728,586.0000000000728,586.0000000000728
2022-11-18,280.00000000004366,False,False,True,False,280.00000000004366,280.00000000004366,280.00000000004366
2022-11-21,-11.999999999956344,False,False,True,False,-11.999999999956344,-11.999999999956344,-11.999999999956344
2022-11-22,-178.20000000001892,False,False,True,False,-178.20000000001892,-178.20000000001892,-178.20000000001892
2022-11-23,-145.8000000000102,False,False,True,False,-145.8000000000102,-145.8000000000102,-145.8000000000102
2022-11-24,-21.10000000000582,False,False,True,False,-21.10000000000582,-21.10000000000582,-21.10000000000582
2022-11-25,127.8000000000975,False,False,False,False,127.8000000000975,127.8000000000975,127.8000000000975
2022-11-28,-1845.9999999999272,False,False,False,False,-1845.9999999999272,-1845.9999999999272,-1845.9999999999272
2022-11-29,-198.89999999991412,False,False,False,False,-198.89999999991412,-198.89999999991412,-198.89999999991412
2022-11-30,6484.400000000103,False,False,False,False,6484.400000000103,6484.400000000103,6484.400000000103
2022-12-01,-1485.5999999999258,False,False,False,False,-1485.5999999999258,-1485.5999999999258,-1485.5999999999258
2022-12-02,54.300000000032014,False,False,False,False,54.300000000032014,54.300000000032014,54.300000000032014
2022-12-05,12.500000000029104,False,False,False,False,12.500000000029104,12.500000000029104,12.500000000029104
2022-12-06,1241.199999999997,False,False,False,False,1241.199999999997,1241.199999999997,1241.199999999997
2022-12-07,-1992.599999999933,False,False,False,False,-1992.599999999933,-1992.599999999933,-1992.599999999933
2022-12-08,-1148.3999999999432,False,False,False,False,-1148.3999999999432,-1148.3999999999432,-1148.3999999999432
2022-12-09,-1115.6000000000058,False,False,False,False,-1115.6000000000058,-1115.6000000000058,-1115.6000000000058
2022-12-12,761.1000000000349,False,False,False,False,761.1000000000349,761.1000000000349,761.1000000000349
2022-12-13,3226.7000000000626,False,False,False,False,3226.7000000000626,3226.7000000000626,3226.7000000000626
2022-12-14,-3001.2999999999597,False,False,False,False,-3001.2999999999597,-3001.2999999999597,-3001.2999999999597
2022-12-15,1854.7999999999884,False,False,False,False,1854.7999999999884,1854.7999999999884,1854.7999999999884
2022-12-16,-1428.8999999999503,False,False,False,False,-1428.8999999999503,-1428.8999999999503,-1428.8999999999503
2022-12-19,-19.999999999941792,False,False,False,False,-19.999999999941792,-19.999999999941792,-19.999999999941792
2022-12-20,-1359.3999999999578,False,False,False,False,-1359.3999999999578,-1359.3999999999578,-1359.3999999999578
2022-12-21,102.30000000005384,False,False,False,False,102.30000000005384,102.30000000005384,102.30000000005384
2022-12-22,4553.400000000009,False,False,False,False,4553.400000000009,4553.400000000009,4553.400000000009
2022-12-23,-2665.199999999939,False,False,False,False,-2665.199999999939,-2665.199999999939,-2665.199999999939
2022-12-27,1525.3999999999724,False,False,False,False,1525.3999999999724,1525.3999999999724,1525.3999999999724
2022-12-28,-1762.99999999992,False,False,False,False,-1762.99999999992,-1762.99999999992,-1762.99999999992
2022-12-29,2707.700000000077,False,False,False,False,2707.700000000077,2707.700000000077,2707.700000000077
2022-12-30,-271.3999999998414,False,False,False,False,-271.3999999998414,-271.3999999998414,-271.3999999998414
2023-01-03,847.9999999998108,False,False,False,False,847.9999999998108,847.9999999998108,847.9999999998108
2023-01-04,-2679.499999999942,False,False,False,False,-2679.499999999942,-2679.499999999942,-2679.499999999942
2023-01-05,309.80000000004657,False,False,False,False,309.80000000004657,309.80000000004657,309.80000000004657
2023-01-06,601.7000000000044,False,False,False,False,601.7000000000044,601.7000000000044,601.7000000000044
2023-01-09,599.1999999999971,False,False,False,False,599.1999999999971,599.1999999999971,599.1999999999971
2023-01-10,80.30000000007567,False,False,False,False,80.30000000007567,80.30000000007567,80.30000000007567
2023-01-11,-37.09999999996944,False,False,False,False,-37.09999999996944,-37.09999999996944,-37.09999999996944
2023-01-12,-2352.299999999901,False,False,False,False,-2352.299999999901,-2352.299999999901,-2352.299999999901
2023-01-13,313.8000000000611,False,False,False,False,313.8000000000611,313.8000000000611,313.8000000000611
2023-01-16,-114.89999999997964,False,False,False,False,-114.89999999997964,-114.89999999997964,-114.89999999997964
2023-01-17,-695.5999999999767,False,False,False,False,-695.5999999999767,-695.5999999999767,-695.5999999999767
2023-01-18,1246.3000000000247,False,False,False,False,1246.3000000000247,1246.3000000000247,1246.3000000000247
2023-01-19,-1456.6999999999607,False,False,False,False,-1456.6999999999607,-1456.6999999999607,-1456.6999999999607
2023-01-20,2117.000000000029,False,False,False,False,2117.000000000029,2117.000000000029,2117.000000000029
2023-01-23,934.1000000000204,False,False,False,False,934.1000000000204,934.1000000000204,934.1000000000204
2023-01-24,-1064.600000000013,False,False,False,False,-1064.600000000013,-1064.600000000013,-1064.600000000013
2023-01-25,450.0000000000655,False,False,False,False,450.0000000000655,450.0000000000655,450.0000000000655
2023-01-26,-1024.999999999971,False,False,False,False,-1024.999999999971,-1024.999999999971,-1024.999999999971
2023-01-27,867.0000000000146,False,False,False,False,867.0000000000146,867.0000000000146,867.0000000000146
2023-01-30,-23.30000000000291,False,False,False,False,-23.30000000000291,-23.30000000000291,-23.30000000000291
2023-01-31,2589.099999999955,False,False,False,False,2589.099999999955,2589.099999999955,2589.099999999955
2023-02-01,-660.9999999999491,False,False,False,False,-660.9999999999491,-660.9999999999491,-660.9999999999491
2023-02-02,969.4000000000306,False,False,False,False,969.4000000000306,969.4000000000306,969.4000000000306
2023-02-03,-1907.200000000019,False,False,False,False,-1907.200000000019,-1907.200000000019,-1907.200000000019
2023-02-06,-952.4999999999708,False,False,False,False,-952.4999999999708,-952.4999999999708,-952.4999999999708
2023-02-07,2890.799999999923,False,False,False,False,2890.799999999923,2890.799999999923,2890.799999999923
2023-02-08,499.599999999984,False,False,False,False,499.599999999984,499.599999999984,499.599999999984
2023-02-09,699.1000000000859,False,False,False,False,699.1000000000859,699.1000000000859,699.1000000000859
2023-02-10,-1319.5999999999694,False,False,False,False,-1319.5999999999694,-1319.5999999999694,-1319.5999999999694
2023-02-13,666.2000000000262,False,False,False,False,666.2000000000262,666.2000000000262,666.2000000000262
2023-02-14,229.6000000000713,False,False,False,False,229.6000000000713,229.6000000000713,229.6000000000713
2023-02-15,456.1000000000131,False,False,False,False,456.1000000000131,456.1000000000131,456.1000000000131
2023-02-16,380.2000000000117,False,False,False,False,380.2000000000117,380.2000000000117,380.2000000000117
2023-02-17,-1234.8999999999287,False,False,False,False,-1234.8999999999287,-1234.8999999999287,-1234.8999999999287
2023-02-20,-103.60000000000582,False,False,False,False,-103.60000000000582,-103.60000000000582,-103.60000000000582
2023-02-21,-288.49999999992724,False,False,False,False,-288.49999999992724,-288.49999999992724,-288.49999999992724
2023-02-22,-1536.3999999999724,False,False,False,False,-1536.3999999999724,-1536.3999999999724,-1536.3999999999724
2023-02-23,113.2000000000844,False,False,False,False,113.2000000000844,113.2000000000844,113.2000000000844
2023-02-24,-239.39999999995047,False,False,False,False,-239.39999999995047,-239.39999999995047,-239.39999999995047
2023-02-27,-281.4999999999709,False,False,False,False,-281.4999999999709,-281.4999999999709,-281.4999999999709
2023-02-28,-560.8999999999069,False,False,False,False,-560.8999999999069,-560.8999999999069,-560.8999999999069
2023-03-01,-1183.5999999999622,False,False,False,False,-1183.5999999999622,-1183.5999999999622,-1183.5999999999622
2023-03-02,1760.800000000032,False,False,False,False,1760.800000000032,1760.800000000032,1760.800000000032
2023-03-03,982.6000000000204,False,False,False,False,982.6000000000204,982.6000000000204,982.6000000000204
2023-03-06,-269.9999999999709,False,False,False,False,-269.9999999999709,-269.9999999999709,-269.9999999999709
2023-03-07,-2016.5999999999767,False,False,False,False,-2016.5999999999767,-2016.5999999999767,-2016.5999999999767
2023-03-08,-1190.7999999999302,False,False,False,False,-1190.7999999999302,-1190.7999999999302,-1190.7999999999302
2023-03-09,654.7999999999884,False,False,False,False,654.7999999999884,654.7999999999884,654.7999999999884
2023-03-10,-2046.699999999866,False,False,False,False,-2046.699999999866,-2046.699999999866,-2046.699999999866
2023-03-13,-125.59999999996217,False,False,False,False,-125.59999999996217,-125.59999999996217,-125.59999999996217
2023-03-14,557.5000000000073,False,False,False,False,557.5000000000073,557.5000000000073,557.5000000000073
2023-03-15,-266.89999999997235,False,False,False,False,-266.89999999997235,-266.89999999997235,-266.89999999997235
2023-03-16,1690.500000000029,False,False,False,False,1690.500000000029,1690.500000000029,1690.500000000029
2023-03-17,-1172.6999999999098,False,False,False,False,-1172.6999999999098,-1172.6999999999098,-1172.6999999999098
2023-03-20,-1209.0999999999767,False,False,False,False,-1209.0999999999767,-1209.0999999999767,-1209.0999999999767
2023-03-21,296.20000000001164,False,False,False,False,296.20000000001164,296.20000000001164,296.20000000001164
2023-03-22,-132.49999999999272,False,False,False,False,-132.49999999999272,-132.49999999999272,-132.49999999999272
2023-03-23,1598.9000000000597,False,False,False,False,1598.9000000000597,1598.9000000000597,1598.9000000000597
2023-03-24,-1080.2999999999447,False,False,False,False,-1080.2999999999447,-1080.2999999999447,-1080.2999999999447
2023-03-27,-198.3999999999287,False,False,False,False,-198.3999999999287,-198.3999999999287,-198.3999999999287
2023-03-28,61.60000000002765,False,False,False,False,61.60000000002765,61.60000000002765,61.60000000002765
2023-03-29,393.4999999999855,False,False,False,False,393.4999999999855,393.4999999999855,393.4999999999855
2023-03-30,-291.19999999998254,False,False,False,False,-291.19999999998254,-291.19999999998254,-291.19999999998254
2023-03-31,1185.1000000000204,False,False,False,False,1185.1000000000204,1185.1000000000204,1185.1000000000204
2023-04-03,-86.39999999994325,False,False,False,False,-86.39999999994325,-86.39999999994325,-86.39999999994325
2023-04-04,-799.0999999999258,False,False,False,False,-799.0999999999258,-799.0999999999258,-799.0999999999258
2023-04-05,600.6999999999971,False,False,False,False,600.6999999999971,600.6999999999971,600.6999999999971
2023-04-06,1358.2000000000262,False,False,False,False,1358.2000000000262,1358.2000000000262,1358.2000000000262
2023-04-07,-72.59999999999127,False,False,False,False,-72.59999999999127,-72.59999999999127,-72.59999999999127
2023-04-10,-24.59999999991851,False,False,False,False,-24.59999999991851,-24.59999999991851,-24.59999999991851
2023-04-11,466.5999999999258,False,False,False,False,466.5999999999258,466.5999999999258,466.5999999999258
2023-04-12,-1334.7999999999302,False,False,False,False,-1334.7999999999302,-1334.7999999999302,-1334.7999999999302
2023-04-13,3497.2999999999597,False,False,False,False,3497.2999999999597,3497.2999999999597,3497.2999999999597
2023-04-14,-270.40000000000146,False,False,False,False,-270.40000000000146,-270.40000000000146,-270.40000000000146
2023-04-17,-1605.6000000000058,False,False,False,False,-1605.6000000000058,-1605.6000000000058,-1605.6000000000058
2023-04-18,68.60000000009313,False,False,False,False,68.60000000009313,68.60000000009313,68.60000000009313
2023-04-19,469.2000000000262,False,False,False,False,469.2000000000262,469.2000000000262,469.2000000000262
2023-04-20,276.0000000000728,False,False,False,False,276.0000000000728,276.0000000000728,276.0000000000728
2023-04-21,-884.399999999936,False,False,False,False,-884.399999999936,-884.399999999936,-884.399999999936
2023-04-24,-985.9999999999708,False,False,False,False,-985.9999999999708,-985.9999999999708,-985.9999999999708
2023-04-25,1298.5000000000146,False,False,False,False,1298.5000000000146,1298.5000000000146,1298.5000000000146
2023-04-26,-717.3999999999796,False,False,False,False,-717.3999999999796,-717.3999999999796,-717.3999999999796
2023-04-27,2753.699999999968,False,False,False,False,2753.699999999968,2753.699999999968,2753.699999999968
2023-04-28,-536.9999999999636,False,False,False,False,-536.9999999999636,-536.9999999999636,-536.9999999999636
2023-05-01,-29.89999999997235,False,False,False,False,-29.89999999997235,-29.89999999997235,-29.89999999997235
2023-05-02,-125.00000000001457,False,False,False,False,-125.00000000001457,-125.00000000001457,-125.00000000001457
2023-05-03,-1273.9999999999127,False,False,False,False,-1273.9999999999127,-1273.9999999999127,-1273.9999999999127
2023-05-04,-1239.9999999999343,False,False,False,False,-1239.9999999999343,-1239.9999999999343,-1239.9999999999343
2023-05-05,2771.999999999964,False,False,False,False,2771.999999999964,2771.999999999964,2771.999999999964
2023-05-08,-556.0999999999476,False,False,False,False,-556.0999999999476,-556.0999999999476,-556.0999999999476
2023-05-09,-355.9000000000088,False,False,False,False,-355.9000000000088,-355.9000000000088,-355.9000000000088
2023-05-10,-2101.399999999907,False,False,False,False,-2101.399999999907,-2101.399999999907,-2101.399999999907
2023-05-11,-928.0999999999548,False,False,False,False,-928.0999999999548,-928.0999999999548,-928.0999999999548
2023-05-12,187.6000000000422,False,False,False,False,187.6000000000422,187.6000000000422,187.6000000000422
2023-05-15,-512.4999999999563,False,False,False,False,-512.4999999999563,-512.4999999999563,-512.4999999999563
2023-05-16,-279.3999999999869,False,False,False,False,-279.3999999999869,-279.3999999999869,-279.3999999999869
2023-05-17,182.9000000000888,False,False,False,False,182.9000000000888,182.9000000000888,182.9000000000888
2023-05-18,1289.3999999999942,False,False,False,False,1289.3999999999942,1289.3999999999942,1289.3999999999942
2023-05-19,-672.0999999999549,False,False,False,False,-672.0999999999549,-672.0999999999549,-672.0999999999549
2023-05-22,-273.69999999991705,False,False,False,False,-273.69999999991705,-273.69999999991705,-273.69999999991705
2023-05-23,176.70000000004802,False,False,False,False,176.70000000004802,176.70000000004802,176.70000000004802
2023-05-24,961.4999999999854,False,False,False,False,961.4999999999854,961.4999999999854,961.4999999999854
2023-05-25,-1312.999999999971,False,False,False,False,-1312.999999999971,-1312.999999999971,-1312.999999999971
2023-05-26,1902.700000000019,False,False,False,False,1902.700000000019,1902.700000000019,1902.700000000019
2023-05-29,-122.89999999996508,False,False,False,False,-122.89999999996508,-122.89999999996508,-122.89999999996508
2023-05-30,79.10000000010768,False,False,False,False,79.10000000010768,79.10000000010768,79.10000000010768
2023-05-31,-814.8999999999432,False,False,False,False,-814.8999999999432,-814.8999999999432,-814.8999999999432
2023-06-01,905.900000000016,False,False,False,False,905.900000000016,905.900000000016,905.900000000016
2023-06-02,-1802.799999999916,False,False,False,False,-1802.799999999916,-1802.799999999916,-1802.799999999916
2023-06-05,-155.6999999999971,False,False,False,False,-155.6999999999971,-155.6999999999971,-155.6999999999971
2023-06-06,-1196.7999999999156,False,False,False,False,-1196.7999999999156,-1196.7999999999156,-1196.7999999999156
2023-06-07,806.1000000000568,False,False,False,False,806.1000000000568,806.1000000000568,806.1000000000568
2023-06-08,3135.099999999962,False,False,False,False,3135.099999999962,3135.099999999962,3135.099999999962
2023-06-09,-575.0999999999913,False,False,False,False,-575.0999999999913,-575.0999999999913,-575.0999999999913
2023-06-12,2315.6000000000204,False,False,False,False,2315.6000000000204,2315.6000000000204,2315.6000000000204
2023-06-13,-807.5999999999549,False,False,False,False,-807.5999999999549,-807.5999999999549,-807.5999999999549
2023-06-14,-2449.5999999999917,False,False,False,False,-2449.5999999999917,-2449.5999999999917,-2449.5999999999917
2023-06-15,927.8000000000466,False,False,False,False,927.8000000000466,927.8000000000466,927.8000000000466
2023-06-16,717.1999999999462,False,False,False,False,717.1999999999462,717.1999999999462,717.1999999999462
2023-06-19,-43.80000000000291,False,False,False,False,-43.80000000000291,-43.80000000000291,-43.80000000000291
2023-06-20,-1226.6999999999823,False,False,False,False,-1226.6999999999823,-1226.6999999999823,-1226.6999999999823
2023-06-21,590.6000000000422,False,False,False,False,590.6000000000422,590.6000000000422,590.6000000000422
2023-06-22,2478.6000000001004,False,False,False,False,2478.6000000001004,2478.6000000001004,2478.6000000001004
2023-06-23,-1506.2999999999447,False,False,False,False,-1506.2999999999447,-1506.2999999999447,-1506.2999999999447
2023-06-26,-806.9999999999054,False,False,False,False,-806.9999999999054,-806.9999999999054,-806.9999999999054
2023-06-27,2756.19999999999,False,False,False,False,2756.19999999999,2756.19999999999,2756.19999999999
2023-06-28,-125.59999999999854,False,False,False,False,-125.59999999999854,-125.59999999999854,-125.59999999999854
2023-06-29,-724.7999999999738,False,False,False,False,-724.7999999999738,-724.7999999999738,-724.7999999999738
2023-06-30,1390.7000000000262,False,False,False,False,1390.7000000000262,1390.7000000000262,1390.7000000000262
2023-07-03,-216.6000000000204,False,False,False,False,-216.6000000000204,-216.6000000000204,-216.6000000000204
2023-07-04,-89.69999999996799,False,False,False,False,-89.69999999996799,-89.69999999996799,-89.69999999996799
2023-07-05,206.80000000001743,False,False,False,False,206.80000000001743,206.80000000001743,206.80000000001743
2023-07-06,36.10000000000582,False,False,False,False,36.10000000000582,36.10000000000582,36.10000000000582
2023-07-07,-733.7999999999665,False,False,False,False,-733.7999999999665,-733.7999999999665,-733.7999999999665
2023-07-10,-1189.8000000000177,False,False,False,False,-1189.8000000000177,-1189.8000000000177,-1189.8000000000177
2023-07-11,-1355.0999999999767,False,False,False,False,-1355.0999999999767,-1355.0999999999767,-1355.0999999999767
2023-07-12,-1359.8999999999724,False,False,False,False,-1359.8999999999724,-1359.8999999999724,-1359.8999999999724
2023-07-13,887.3000000000029,False,False,False,False,887.3000000000029,887.3000000000029,887.3000000000029
2023-07-14,-248.200000000048,False,False,False,False,-248.200000000048,-248.200000000048,-248.200000000048
2023-07-17,1295.6999999999607,False,False,False,False,1295.6999999999607,1295.6999999999607,1295.6999999999607
2023-07-18,464.80000000007567,False,False,False,False,464.80000000007567,464.80000000007567,464.80000000007567
2023-07-19,-547.7000000000116,False,False,False,False,-547.7000000000116,-547.7000000000116,-547.7000000000116
2023-07-20,300.6000000001077,False,False,False,False,300.6000000001077,300.6000000001077,300.6000000001077
2023-07-21,-399.0999999998603,False,False,False,False,-399.0999999998603,-399.0999999998603,-399.0999999998603
2023-07-24,-1800.800000000003,False,False,False,False,-1800.800000000003,-1800.800000000003,-1800.800000000003
2023-07-25,874.5000000000946,False,False,False,False,874.5000000000946,874.5000000000946,874.5000000000946
2023-07-26,-334.39999999991414,False,False,False,False,-334.39999999991414,-334.39999999991414,-334.39999999991414
2023-07-27,2429.500000000058,False,False,False,False,2429.500000000058,2429.500000000058,2429.500000000058
2023-07-28,1989.800000000112,False,False,False,False,1989.800000000112,1989.800000000112,1989.800000000112
2023-07-31,-960.0999999999984,False,False,False,False,-960.0999999999984,-960.0999999999984,-960.0999999999984
2023-08-01,-704.7999999999302,False,False,False,False,-704.7999999999302,-704.7999999999302,-704.7999999999302
2023-08-02,1852.7999999999597,False,False,False,False,1852.7999999999597,1852.7999999999597,1852.7999999999597
2023-08-03,-582.5999999999331,False,False,False,False,-582.5999999999331,-582.5999999999331,-582.5999999999331
2023-08-04,-2546.199999999946,False,False,False,False,-2546.199999999946,-2546.199999999946,-2546.199999999946
2023-08-07,-515.9000000000015,False,False,False,False,-515.9000000000015,-515.9000000000015,-515.9000000000015
2023-08-08,436.4999999999927,False,False,False,False,436.4999999999927,436.4999999999927,436.4999999999927
2023-08-09,1220.0000000000146,False,False,False,False,1220.0000000000146,1220.0000000000146,1220.0000000000146
2023-08-10,-554.2999999998938,False,False,False,False,-554.2999999998938,-554.2999999998938,-554.2999999998938
2023-08-11,-749.5000000000291,False,False,False,False,-749.5000000000291,-749.5000000000291,-749.5000000000291
2023-08-14,1237.4000000000742,False,False,False,False,1237.4000000000742,1237.4000000000742,1237.4000000000742
2023-08-15,1288.9999999997526,False,False,False,False,1288.9999999997526,1288.9999999997526,1288.9999999997526
2023-08-16,-270.5999999999549,False,False,False,False,-270.5999999999549,-270.5999999999549,-270.5999999999549
2023-08-17,158.4000000000742,False,False,False,False,158.4000000000742,158.4000000000742,158.4000000000742
2023-08-18,513.2000000000407,False,False,False,False,513.2000000000407,513.2000000000407,513.2000000000407
2023-08-21,332.6000000000131,False,False,False,False,332.6000000000131,332.6000000000131,332.6000000000131
2023-08-22,559.199999999677,False,False,False,False,559.199999999677,559.199999999677,559.199999999677
2023-08-23,2938.700000000033,False,False,False,False,2938.700000000033,2938.700000000033,2938.700000000033
2023-08-24,5593.899999999841,True,False,False,False,5593.899999999841,5593.899999999841,5593.899999999841
2023-08-25,-1030.399999999987,False,True,False,True,-721.2799999999908,-824.3199999999896,-927.3599999999882
2023-08-28,-950.1999999999751,False,True,False,True,-665.1399999999826,-760.1599999999802,-855.1799999999777
2023-08-29,1998.500000000029,False,True,False,True,1398.9500000000203,1598.8000000000234,1798.6500000000262
2023-08-30,-377.5999999999185,False,True,False,True,-264.3199999999429,-302.07999999993484,-339.83999999992665
2023-08-31,-306.4999999999709,False,True,False,True,-214.5499999999796,-245.19999999997674,-275.8499999999738
2023-09-01,588.300000000032,False,False,False,False,588.300000000032,588.300000000032,588.300000000032
2023-09-04,-128.6999999999971,False,False,False,False,-128.6999999999971,-128.6999999999971,-128.6999999999971
2023-09-05,-312.30000000001746,False,False,False,False,-312.30000000001746,-312.30000000001746,-312.30000000001746
2023-09-06,670.2000000000189,False,False,False,False,670.2000000000189,670.2000000000189,670.2000000000189
2023-09-07,-284.099999999984,False,False,False,False,-284.099999999984,-284.099999999984,-284.099999999984
2023-09-08,-1703.8999999999503,False,False,False,False,-1703.8999999999503,-1703.8999999999503,-1703.8999999999503
2023-09-11,-279.5999999999258,False,False,False,False,-279.5999999999258,-279.5999999999258,-279.5999999999258
2023-09-12,418.7000000000553,False,False,False,False,418.7000000000553,418.7000000000553,418.7000000000553
2023-09-13,-456.7000000000335,False,False,False,False,-456.7000000000335,-456.7000000000335,-456.7000000000335
2023-09-14,-1399.599999999933,False,False,False,False,-1399.599999999933,-1399.599999999933,-1399.599999999933
2023-09-15,2215.8000000000397,False,False,False,False,2215.8000000000397,2215.8000000000397,2215.8000000000397
2023-09-18,-485.7999999999083,False,False,False,False,-485.7999999999083,-485.7999999999083,-485.7999999999083
2023-09-19,-273.7000000001135,False,False,False,False,-273.7000000001135,-273.7000000001135,-273.7000000001135
2023-09-20,2964.9999999998618,False,False,False,False,2964.9999999998618,2964.9999999998618,2964.9999999998618
2023-09-21,-987.7999999999593,False,False,False,False,-987.7999999999593,-987.7999999999593,-987.7999999999593
2023-09-22,-1854.5999999999112,False,False,False,False,-1854.5999999999112,-1854.5999999999112,-1854.5999999999112
2023-09-25,493.9000000000742,False,False,False,False,493.9000000000742,493.9000000000742,493.9000000000742
2023-09-26,1982.2999999997048,False,False,False,False,1982.2999999997048,1982.2999999997048,1982.2999999997048
2023-09-27,-932.299999999952,False,False,False,False,-932.299999999952,-932.299999999952,-932.299999999952
2023-09-28,-1293.499999999949,False,False,False,False,-1293.499999999949,-1293.499999999949,-1293.499999999949
2023-09-29,-463.8000000000611,False,False,False,False,-463.8000000000611,-463.8000000000611,-463.8000000000611
2023-10-02,-1117.5999999999913,False,False,False,False,-1117.5999999999913,-1117.5999999999913,-1117.5999999999913
2023-10-03,1594.3999999999796,False,False,False,False,1594.3999999999796,1594.3999999999796,1594.3999999999796
2023-10-04,2201.300000000061,False,False,False,False,2201.300000000061,2201.300000000061,2201.300000000061
2023-10-05,-401.8999999999796,False,False,False,False,-401.8999999999796,-401.8999999999796,-401.8999999999796
2023-10-06,791.0000000000146,False,False,False,False,791.0000000000146,791.0000000000146,791.0000000000146
2023-10-09,-825.7000000000262,False,False,False,False,-825.7000000000262,-825.7000000000262,-825.7000000000262
2023-10-10,83.79999999998836,False,False,False,False,83.79999999998836,83.79999999998836,83.79999999998836
2023-10-11,95.09999999999128,False,False,False,False,95.09999999999128,95.09999999999128,95.09999999999128
2023-10-12,-1156.3999999999796,False,False,False,False,-1156.3999999999796,-1156.3999999999796,-1156.3999999999796
2023-10-13,1226.100000000035,False,False,False,False,1226.100000000035,1226.100000000035,1226.100000000035
2023-10-16,632.4000000000087,False,False,False,False,632.4000000000087,632.4000000000087,632.4000000000087
2023-10-17,185.40000000000876,False,False,False,False,185.40000000000876,185.40000000000876,185.40000000000876
2023-10-18,-2191.800000000003,False,False,False,False,-2191.800000000003,-2191.800000000003,-2191.800000000003
2023-10-19,-738.6999999998516,False,False,False,False,-738.6999999998516,-738.6999999998516,-738.6999999998516
2023-10-20,439.3000000000248,False,False,False,False,439.3000000000248,439.3000000000248,439.3000000000248
2023-10-23,566.8000000000393,False,False,False,False,566.8000000000393,566.8000000000393,566.8000000000393
2023-10-24,-594.5999999999622,False,False,False,False,-594.5999999999622,-594.5999999999622,-594.5999999999622
2023-10-25,3621.0999999998166,False,False,False,False,3621.0999999998166,3621.0999999998166,3621.0999999998166
2023-10-26,-325.19999999991705,False,False,False,False,-325.19999999991705,-325.19999999991705,-325.19999999991705
2023-10-27,-787.5000000000073,False,False,False,False,-787.5000000000073,-787.5000000000073,-787.5000000000073
2023-10-30,-214.59999999996217,False,False,False,False,-214.59999999996217,-214.59999999996217,-214.59999999996217
2023-10-31,-1783.3999999998923,False,False,False,False,-1783.3999999998923,-1783.3999999998923,-1783.3999999998923
2023-11-01,859.0000000000291,False,False,False,False,859.0000000000291,859.0000000000291,859.0000000000291
2023-11-02,-452.09999999999127,False,False,False,False,-452.09999999999127,-452.09999999999127,-452.09999999999127
2023-11-03,529.8000000000175,False,False,False,False,529.8000000000175,529.8000000000175,529.8000000000175
2023-11-06,-260.09999999996944,False,False,False,False,-260.09999999996944,-260.09999999996944,-260.09999999996944
2023-11-07,-748.3999999999869,False,False,False,False,-748.3999999999869,-748.3999999999869,-748.3999999999869
2023-11-08,-640.2000000000116,False,False,False,False,-640.2000000000116,-640.2000000000116,-640.2000000000116
2023-11-09,70.59999999992579,False,False,False,False,70.59999999992579,70.59999999992579,70.59999999992579
2023-11-10,5818.600000000035,False,False,False,False,5818.600000000035,5818.600000000035,5818.600000000035
2023-11-13,-685.4999999998618,False,False,False,False,-685.4999999998618,-685.4999999998618,-685.4999999998618
2023-11-14,429.6999999999971,False,False,False,False,429.6999999999971,429.6999999999971,429.6999999999971
2023-11-15,293.900000000016,False,False,False,False,293.900000000016,293.900000000016,293.900000000016
2023-11-16,-1600.5999999999767,False,False,False,False,-1600.5999999999767,-1600.5999999999767,-1600.5999999999767
2023-11-17,-194.3000000000102,False,False,False,False,-194.3000000000102,-194.3000000000102,-194.3000000000102
2023-11-20,1518.7000000000044,False,False,False,False,1518.7000000000044,1518.7000000000044,1518.7000000000044
2023-11-21,191.50000000005093,False,False,False,False,191.50000000005093,191.50000000005093,191.50000000005093
2023-11-22,-580.299999999901,False,False,False,False,-580.299999999901,-580.299999999901,-580.299999999901
2023-11-23,-47.10000000000582,False,False,False,False,-47.10000000000582,-47.10000000000582,-47.10000000000582
2023-11-24,-88.19999999998254,False,False,False,False,-88.19999999998254,-88.19999999998254,-88.19999999998254
2023-11-27,-416.9999999999855,False,False,False,False,-416.9999999999855,-416.9999999999855,-416.9999999999855
2023-11-28,-168.20000000004077,False,False,False,False,-168.20000000004077,-168.20000000004077,-168.20000000004077
2023-11-29,490.3000000000175,False,False,False,False,490.3000000000175,490.3000000000175,490.3000000000175
2023-11-30,45.20000000003347,False,False,False,False,45.20000000003347,45.20000000003347,45.20000000003347
2023-12-01,-1223.299999999952,False,False,False,False,-1223.299999999952,-1223.299999999952,-1223.299999999952
2023-12-04,487.1000000001077,False,False,False,False,487.1000000001077,487.1000000001077,487.1000000001077
2023-12-05,-418.8999999999214,False,False,False,False,-418.8999999999214,-418.8999999999214,-418.8999999999214
2023-12-06,1139.900000000016,False,False,False,False,1139.900000000016,1139.900000000016,1139.900000000016
2023-12-07,1059.499999999738,False,False,False,False,1059.499999999738,1059.499999999738,1059.499999999738
2023-12-08,-70.79999999995198,False,False,False,False,-70.79999999995198,-70.79999999995198,-70.79999999995198
2023-12-11,448.3000000000175,False,False,False,False,448.3000000000175,448.3000000000175,448.3000000000175
2023-12-12,-643.5999999999985,False,False,False,False,-643.5999999999985,-643.5999999999985,-643.5999999999985
2023-12-13,122.3999999999869,False,False,False,False,122.3999999999869,122.3999999999869,122.3999999999869
2023-12-14,-202.1999999999607,False,False,False,False,-202.1999999999607,-202.1999999999607,-202.1999999999607
2023-12-15,-38.700000000004366,False,False,False,False,-38.700000000004366,-38.700000000004366,-38.700000000004366
2023-12-18,472.8000000000175,False,False,False,False,472.8000000000175,472.8000000000175,472.8000000000175
2023-12-19,-0.1000000000349246,False,False,False,False,-0.1000000000349246,-0.1000000000349246,-0.1000000000349246
2023-12-20,379.3999999999578,False,False,False,False,379.3999999999578,379.3999999999578,379.3999999999578
2023-12-21,477.100000000064,False,False,False,False,477.100000000064,477.100000000064,477.100000000064
2023-12-22,-654.7000000000044,False,False,False,False,-654.7000000000044,-654.7000000000044,-654.7000000000044
2023-12-26,732.6999999999825,False,False,False,False,732.6999999999825,732.6999999999825,732.6999999999825
2023-12-27,-490.3000000000029,False,False,False,False,-490.3000000000029,-490.3000000000029,-490.3000000000029
2023-12-28,296.0000000000145,False,False,False,False,296.0000000000145,296.0000000000145,296.0000000000145
2023-12-29,18.90000000003056,False,False,False,False,18.90000000003056,18.90000000003056,18.90000000003056
2024-01-02,1316.5000000000582,False,False,False,False,1316.5000000000582,1316.5000000000582,1316.5000000000582
2024-01-03,-254.60000000020955,False,False,False,False,-254.60000000020955,-254.60000000020955,-254.60000000020955
2024-01-04,-989.9999999999782,False,False,False,False,-989.9999999999782,-989.9999999999782,-989.9999999999782
2024-01-05,214.90000000002328,False,False,False,False,214.90000000002328,214.90000000002328,214.90000000002328
2024-01-08,4891.9000000000015,False,False,False,False,4891.9000000000015,4891.9000000000015,4891.9000000000015
2024-01-09,327.40000000003783,False,False,False,False,327.40000000003783,327.40000000003783,327.40000000003783
2024-01-10,273.7000000000262,False,False,False,False,273.7000000000262,273.7000000000262,273.7000000000262
2024-01-11,-799.300000000032,False,False,False,False,-799.300000000032,-799.300000000032,-799.300000000032
2024-01-12,-769.9999999999709,False,False,False,False,-769.9999999999709,-769.9999999999709,-769.9999999999709
2024-01-15,-299.7999999999738,False,False,False,False,-299.7999999999738,-299.7999999999738,-299.7999999999738
2024-01-16,-487.899999999936,False,False,False,False,-487.899999999936,-487.899999999936,-487.899999999936
2024-01-17,-504.4999999998981,False,False,False,False,-504.4999999998981,-504.4999999998981,-504.4999999998981
2024-01-18,-94.4999999999709,False,False,False,False,-94.4999999999709,-94.4999999999709,-94.4999999999709
2024-01-19,994.8000000000176,False,False,False,False,994.8000000000176,994.8000000000176,994.8000000000176
2024-01-22,-1023.5000000000292,False,False,False,False,-1023.5000000000292,-1023.5000000000292,-1023.5000000000292
2024-01-23,-1069.7999999999447,False,False,False,False,-1069.7999999999447,-1069.7999999999447,-1069.7999999999447
2024-01-24,-1300.899999999965,False,False,False,False,-1300.899999999965,-1300.899999999965,-1300.899999999965
2024-01-25,-158.49999999996362,False,False,False,False,-158.49999999996362,-158.49999999996362,-158.49999999996362
2024-01-26,-1943.399999999965,False,False,False,False,-1943.399999999965,-1943.399999999965,-1943.399999999965
2024-01-29,1592.3000000000247,False,False,False,False,1592.3000000000247,1592.3000000000247,1592.3000000000247
2024-01-30,793.599999999904,False,False,False,False,793.599999999904,793.599999999904,793.599999999904
2024-01-31,-1650.699999999866,False,False,False,False,-1650.699999999866,-1650.699999999866,-1650.699999999866
2024-02-01,2595.1000000000204,False,False,False,False,2595.1000000000204,2595.1000000000204,2595.1000000000204
2024-02-02,327.40000000003783,False,False,False,False,327.40000000003783,327.40000000003783,327.40000000003783
2024-02-05,-734.2000000000116,False,False,False,False,-734.2000000000116,-734.2000000000116,-734.2000000000116
2024-02-06,163.8999999998632,False,False,False,False,163.8999999998632,163.8999999998632,163.8999999998632
2024-02-07,-216.39999999992145,False,False,False,False,-216.39999999992145,-216.39999999992145,-216.39999999992145
2024-02-08,-540.5999999999622,False,False,False,False,-540.5999999999622,-540.5999999999622,-540.5999999999622
2024-02-09,272.5000000000582,False,False,False,False,272.5000000000582,272.5000000000582,272.5000000000582
2024-02-12,-602.6000000000058,False,False,False,False,-602.6000000000058,-602.6000000000058,-602.6000000000058
2024-02-13,379.2000000000117,False,False,False,False,379.2000000000117,379.2000000000117,379.2000000000117
2024-02-14,-2368.5000000000878,False,False,False,False,-2368.5000000000878,-2368.5000000000878,-2368.5000000000878
2024-02-15,-659.0000000001237,False,False,False,False,-659.0000000001237,-659.0000000001237,-659.0000000001237
2024-02-16,2130.9999999998545,False,False,False,False,2130.9999999998545,2130.9999999998545,2130.9999999998545
2024-02-19,-134.39999999999418,False,False,False,False,-134.39999999999418,-134.39999999999418,-134.39999999999418
2024-02-20,143.20000000006985,False,False,False,False,143.20000000006985,143.20000000006985,143.20000000006985
2024-02-21,-717.1000000002387,False,False,False,False,-717.1000000002387,-717.1000000002387,-717.1000000002387
2024-02-22,116.99999999998543,False,False,False,False,116.99999999998543,116.99999999998543,116.99999999998543
2024-02-23,-517.8999999999724,False,False,False,False,-517.8999999999724,-517.8999999999724,-517.8999999999724
2024-02-26,-1018.3999999999868,False,False,False,False,-1018.3999999999868,-1018.3999999999868,-1018.3999999999868
2024-02-27,-1325.8999999999503,False,False,False,False,-1325.8999999999503,-1325.8999999999503,-1325.8999999999503
2024-02-28,-414.1000000001732,False,False,False,False,-414.1000000001732,-414.1000000001732,-414.1000000001732
2024-02-29,-248.30000000007567,False,False,False,False,-248.30000000007567,-248.30000000007567,-248.30000000007567
2024-03-01,1460.900000000016,False,False,False,False,1460.900000000016,1460.900000000016,1460.900000000016
2024-03-04,-381.1000000000277,False,False,False,False,-381.1000000000277,-381.1000000000277,-381.1000000000277
2024-03-05,860.7000000000116,False,False,False,False,860.7000000000116,860.7000000000116,860.7000000000116
2024-03-06,-113.60000000020956,False,False,False,False,-113.60000000020956,-113.60000000020956,-113.60000000020956
2024-03-07,1948.999999999949,False,False,False,False,1948.999999999949,1948.999999999949,1948.999999999949
2024-03-08,-14.59999999984575,False,False,False,False,-14.59999999984575,-14.59999999984575,-14.59999999984575
2024-03-11,-757.0999999999476,False,False,False,False,-757.0999999999476,-757.0999999999476,-757.0999999999476
2024-03-12,141.29999999998108,False,False,False,False,141.29999999998108,141.29999999998108,141.29999999998108
2024-03-13,68.59999999975844,False,False,False,False,68.59999999975844,68.59999999975844,68.59999999975844
2024-03-14,-1071.1999999999316,False,False,False,False,-1071.1999999999316,-1071.1999999999316,-1071.1999999999316
2024-03-15,444.6999999998661,False,False,False,False,444.6999999998661,444.6999999998661,444.6999999998661
2024-03-18,520.9000000000378,False,False,False,False,520.9000000000378,520.9000000000378,520.9000000000378
2024-03-19,559.2999999998647,False,False,False,False,559.2999999998647,559.2999999998647,559.2999999998647
2024-03-20,-1244.5999999999694,False,False,False,False,-1244.5999999999694,-1244.5999999999694,-1244.5999999999694
2024-03-21,3.599999999969441,False,False,False,False,3.599999999969441,3.599999999969441,3.599999999969441
2024-03-22,-868.0999999999694,False,False,False,False,-868.0999999999694,-868.0999999999694,-868.0999999999694
2024-03-25,-840.4999999999272,False,False,False,False,-840.4999999999272,-840.4999999999272,-840.4999999999272
2024-03-26,146.89999999997963,False,False,False,False,146.89999999997963,146.89999999997963,146.89999999997963
2024-03-27,117.0000000000582,False,False,False,False,117.0000000000582,117.0000000000582,117.0000000000582
2024-03-28,-61.39999999996508,False,False,False,False,-61.39999999996508,-61.39999999996508,-61.39999999996508
2024-04-01,-1350.1999999999823,False,False,False,False,-1350.1999999999823,-1350.1999999999823,-1350.1999999999823
2024-04-02,-180.99999999998545,False,False,False,False,-180.99999999998545,-180.99999999998545,-180.99999999998545
2024-04-03,-252.39999999997963,False,False,False,False,-252.39999999997963,-252.39999999997963,-252.39999999997963
2024-04-04,3291.0000000000146,False,False,False,False,3291.0000000000146,3291.0000000000146,3291.0000000000146
2024-04-05,1772.7000000000044,False,False,False,False,1772.7000000000044,1772.7000000000044,1772.7000000000044
2024-04-08,-1018.8999999999578,False,False,False,False,-1018.8999999999578,-1018.8999999999578,-1018.8999999999578
2024-04-09,-264.0999999999258,False,False,False,False,-264.0999999999258,-264.0999999999258,-264.0999999999258
2024-04-10,-808.2999999999811,False,False,False,False,-808.2999999999811,-808.2999999999811,-808.2999999999811
2024-04-11,424.3000000000102,False,False,False,False,424.3000000000102,424.3000000000102,424.3000000000102
2024-04-12,628.5999999997584,False,False,False,False,628.5999999997584,628.5999999997584,628.5999999997584
2024-04-15,2819.0,False,False,False,False,2819.0,2819.0,2819.0
2024-04-16,-1315.799999999952,False,False,False,False,-1315.799999999952,-1315.799999999952,-1315.799999999952
2024-04-17,1100.900000000118,False,False,False,False,1100.900000000118,1100.900000000118,1100.900000000118
2024-04-18,-803.4999999998981,False,False,False,False,-803.4999999998981,-803.4999999998981,-803.4999999998981
2024-04-19,1787.1000000001077,False,False,False,False,1787.1000000001077,1787.1000000001077,1787.1000000001077
2024-04-22,-1613.199999999997,False,False,False,False,-1613.199999999997,-1613.199999999997,-1613.199999999997
2024-04-23,2134.0000000000146,False,False,False,False,2134.0000000000146,2134.0000000000146,2134.0000000000146
2024-04-24,176.90000000003783,False,False,False,False,176.90000000003783,176.90000000003783,176.90000000003783
2024-04-25,4187.200000000099,False,False,False,False,4187.200000000099,4187.200000000099,4187.200000000099
2024-04-26,-448.7000000000262,False,False,False,False,-448.7000000000262,-448.7000000000262,-448.7000000000262
2024-04-29,-565.0999999998749,False,False,False,False,-565.0999999998749,-565.0999999998749,-565.0999999998749
2024-04-30,3335.4999999997235,False,False,False,False,3335.4999999997235,3335.4999999997235,3335.4999999997235
2024-05-01,-1998.6999999999243,False,False,False,False,-1998.6999999999243,-1998.6999999999243,-1998.6999999999243
2024-05-02,344.9000000000233,False,False,False,False,344.9000000000233,344.9000000000233,344.9000000000233
2024-05-03,-705.0999999999622,False,False,False,False,-705.0999999999622,-705.0999999999622,-705.0999999999622
2024-05-06,-175.39999999996508,False,False,False,False,-175.39999999996508,-175.39999999996508,-175.39999999996508
2024-05-07,-135.5999999999185,False,False,False,False,-135.5999999999185,-135.5999999999185,-135.5999999999185
2024-05-08,348.1000000000349,False,False,False,False,348.1000000000349,348.1000000000349,348.1000000000349
2024-05-09,-764.2999999999593,False,False,False,False,-764.2999999999593,-764.2999999999593,-764.2999999999593
2024-05-10,-963.200000000099,False,False,False,False,-963.200000000099,-963.200000000099,-963.200000000099
2024-05-13,-411.4999999998836,False,False,False,False,-411.4999999998836,-411.4999999998836,-411.4999999998836
2024-05-14,560.5000000000437,False,False,False,False,560.5000000000437,560.5000000000437,560.5000000000437
2024-05-15,-288.99999999995634,False,False,False,False,-288.99999999995634,-288.99999999995634,-288.99999999995634
2024-05-16,-214.60000000000585,False,False,False,False,-214.60000000000585,-214.60000000000585,-214.60000000000585
2024-05-17,-411.4999999999709,False,False,False,False,-411.4999999999709,-411.4999999999709,-411.4999999999709
2024-05-20,112.30000000001746,False,False,False,False,112.30000000001746,112.30000000001746,112.30000000001746
2024-05-21,772.3000000000757,False,False,False,False,772.3000000000757,772.3000000000757,772.3000000000757
2024-05-22,-216.399999999936,False,False,False,False,-216.399999999936,-216.399999999936,-216.399999999936
2024-05-23,1972.5000000001164,False,False,False,False,1972.5000000001164,1972.5000000001164,1972.5000000001164
2024-05-24,1610.5999999999767,False,False,False,False,1610.5999999999767,1610.5999999999767,1610.5999999999767
2024-05-27,315.8000000000611,False,False,False,False,315.8000000000611,315.8000000000611,315.8000000000611
2024-05-28,-476.0000000000728,False,False,False,False,-476.0000000000728,-476.0000000000728,-476.0000000000728
2024-05-29,89.00000000005821,False,False,False,False,89.00000000005821,89.00000000005821,89.00000000005821
2024-05-30,-554.8999999999796,False,False,False,False,-554.8999999999796,-554.8999999999796,-554.8999999999796
2024-05-31,2821.6000000000786,False,False,False,False,2821.6000000000786,2821.6000000000786,2821.6000000000786
2024-06-03,369.5999999998312,False,False,False,False,369.5999999998312,369.5999999998312,369.5999999998312
2024-06-04,-1076.1999999999243,False,False,False,False,-1076.1999999999243,-1076.1999999999243,-1076.1999999999243
2024-06-05,1273.699999999997,False,False,False,False,1273.699999999997,1273.699999999997,1273.699999999997
2024-06-06,-206.89999999995047,False,False,False,False,-206.89999999995047,-206.89999999995047,-206.89999999995047
2024-06-07,-1814.8999999999069,False,False,False,False,-1814.8999999999069,-1814.8999999999069,-1814.8999999999069
2024-06-10,-145.39999999993597,False,False,False,False,-145.39999999993597,-145.39999999993597,-145.39999999993597
2024-06-11,-717.299999999901,False,False,False,False,-717.299999999901,-717.299999999901,-717.299999999901
2024-06-12,-136.59999999999127,False,False,False,False,-136.59999999999127,-136.59999999999127,-136.59999999999127
2024-06-13,-507.2000000001426,False,False,False,False,-507.2000000001426,-507.2000000001426,-507.2000000001426
2024-06-14,-37.099999999962165,False,False,False,False,-37.099999999962165,-37.099999999962165,-37.099999999962165
2024-06-17,-16.999999999985448,False,False,False,False,-16.999999999985448,-16.999999999985448,-16.999999999985448
2024-06-18,-591.199999999968,False,False,False,False,-591.199999999968,-591.199999999968,-591.199999999968
2024-06-19,-6.899999999994179,False,False,False,False,-6.899999999994179,-6.899999999994179,-6.899999999994179
2024-06-20,1858.5999999998749,False,False,False,False,1858.5999999998749,1858.5999999998749,1858.5999999998749
2024-06-21,-671.9000000000815,False,False,False,False,-671.9000000000815,-671.9000000000815,-671.9000000000815
2024-06-24,-601.0999999999476,False,False,False,False,-601.0999999999476,-601.0999999999476,-601.0999999999476
2024-06-25,1427.9999999998254,False,False,False,False,1427.9999999998254,1427.9999999998254,1427.9999999998254
2024-06-26,-89.60000000000582,False,False,False,False,-89.60000000000582,-89.60000000000582,-89.60000000000582
2024-06-27,-429.09999999993306,False,False,False,False,-429.09999999993306,-429.09999999993306,-429.09999999993306
2024-06-28,-546.3999999999942,False,False,False,False,-546.3999999999942,-546.3999999999942,-546.3999999999942
2024-07-01,-118.2999999999738,False,False,False,False,-118.2999999999738,-118.2999999999738,-118.2999999999738
2024-07-02,952.8999999999942,False,False,False,False,952.8999999999942,952.8999999999942,952.8999999999942
2024-07-03,877.0000000000146,False,False,False,False,877.0000000000146,877.0000000000146,877.0000000000146
2024-07-04,26.70000000001164,False,False,False,False,26.70000000001164,26.70000000001164,26.70000000001164
2024-07-05,1253.8000000000611,False,False,False,False,1253.8000000000611,1253.8000000000611,1253.8000000000611
2024-07-08,-502.19999999992433,False,False,False,False,-502.19999999992433,-502.19999999992433,-502.19999999992433
2024-07-09,-352.19999999995343,False,False,False,False,-352.19999999995343,-352.19999999995343,-352.19999999995343
2024-07-10,53.200000000040745,False,False,False,False,53.200000000040745,53.200000000040745,53.200000000040745
2024-07-11,3757.899999999761,False,False,False,False,3757.899999999761,3757.899999999761,3757.899999999761
2024-07-12,1209.2000000000698,False,False,False,False,1209.2000000000698,1209.2000000000698,1209.2000000000698
2024-07-15,-53.00000000005821,False,False,False,False,-53.00000000005821,-53.00000000005821,-53.00000000005821
2024-07-16,-423.9999999999709,False,False,False,False,-423.9999999999709,-423.9999999999709,-423.9999999999709
2024-07-17,2711.7999999999597,False,False,False,False,2711.7999999999597,2711.7999999999597,2711.7999999999597
2024-07-18,-1390.9999999999272,False,False,False,False,-1390.9999999999272,-1390.9999999999272,-1390.9999999999272
2024-07-19,-1616.1000000000497,False,False,False,False,-1616.1000000000497,-1616.1000000000497,-1616.1000000000497
2024-07-22,473.5999999998894,False,False,False,False,473.5999999998894,473.5999999998894,473.5999999998894
2024-07-23,-972.5999999999768,False,False,False,False,-972.5999999999768,-972.5999999999768,-972.5999999999768
2024-07-24,3342.7999999999884,False,False,False,False,3342.7999999999884,3342.7999999999884,3342.7999999999884
2024-07-25,-3539.4999999999127,False,False,False,False,-3539.4999999999127,-3539.4999999999127,-3539.4999999999127
2024-07-26,-412.7999999999738,False,False,False,False,-412.7999999999738,-412.7999999999738,-412.7999999999738
2024-07-29,-2319.699999999968,False,False,False,False,-2319.699999999968,-2319.699999999968,-2319.699999999968
2024-07-30,499.7000000001135,False,False,False,False,499.7000000001135,499.7000000001135,499.7000000001135
2024-07-31,1555.300000000134,False,False,False,False,1555.300000000134,1555.300000000134,1555.300000000134
2024-08-01,6314.000000000058,False,False,False,False,6314.000000000058,6314.000000000058,6314.000000000058
2024-08-02,-3930.599999999933,False,False,False,False,-3930.599999999933,-3930.599999999933,-3930.599999999933
2024-08-05,4793.300000000032,True,False,False,False,4793.300000000032,4793.300000000032,4793.300000000032
2024-08-06,-3747.699999999983,False,True,False,True,-2623.389999999988,-2998.1599999999867,-3372.929999999985
2024-08-07,-1524.9999999999563,False,True,False,True,-1067.4999999999693,-1219.9999999999652,-1372.4999999999607
2024-08-08,5611.099999999977,False,True,False,True,3927.7699999999836,4488.879999999982,5049.989999999979
2024-08-09,-680.5999999999476,False,True,True,False,-680.5999999999476,-680.5999999999476,-680.5999999999476
2024-08-12,-1015.8999999999652,False,True,True,False,-1015.8999999999652,-1015.8999999999652,-1015.8999999999652
2024-08-13,2138.000000000044,False,False,True,False,2138.000000000044,2138.000000000044,2138.000000000044
2024-08-14,-788.8999999999214,False,False,True,False,-788.8999999999214,-788.8999999999214,-788.8999999999214
2024-08-15,-79.39999999992142,False,False,True,False,-79.39999999992142,-79.39999999992142,-79.39999999992142
2024-08-16,270.3000000001048,False,False,True,False,270.3000000001048,270.3000000001048,270.3000000001048
2024-08-19,-412.79999999995925,False,False,True,False,-412.79999999995925,-412.79999999995925,-412.79999999995925
2024-08-20,-260.0,False,False,True,False,-260.0,-260.0,-260.0
2024-08-21,-471.29999999995925,False,False,True,False,-471.29999999995925,-471.29999999995925,-471.29999999995925
2024-08-22,2008.8999999998632,False,False,True,False,2008.8999999998632,2008.8999999998632,2008.8999999998632
2024-08-23,-725.2999999999302,False,False,True,False,-725.2999999999302,-725.2999999999302,-725.2999999999302
2024-08-26,580.0999999998021,False,False,True,False,580.0999999998021,580.0999999998021,580.0999999998021
2024-08-27,-1002.4999999999708,False,False,True,False,-1002.4999999999708,-1002.4999999999708,-1002.4999999999708
2024-08-28,1953.6000000000204,False,False,False,False,1953.6000000000204,1953.6000000000204,1953.6000000000204
2024-08-29,1418.7000000000553,False,False,False,False,1418.7000000000553,1418.7000000000553,1418.7000000000553
2024-08-30,-728.0999999999622,False,False,False,False,-728.0999999999622,-728.0999999999622,-728.0999999999622
2024-09-02,-420.79999999993015,False,False,False,False,-420.79999999993015,-420.79999999993015,-420.79999999993015
2024-09-03,5149.500000000058,False,False,False,False,5149.500000000058,5149.500000000058,5149.500000000058
2024-09-04,-523.3000000000175,False,False,False,False,-523.3000000000175,-523.3000000000175,-523.3000000000175
2024-09-05,-2472.4999999998254,False,False,False,False,-2472.4999999998254,-2472.4999999998254,-2472.4999999998254
2024-09-06,2148.199999999968,False,False,False,False,2148.199999999968,2148.199999999968,2148.199999999968
2024-09-09,1918.0000000000875,False,False,False,False,1918.0000000000875,1918.0000000000875,1918.0000000000875
2024-09-10,-2926.6999999998807,False,False,False,False,-2926.6999999998807,-2926.6999999998807,-2926.6999999998807
2024-09-11,-493.7000000000553,False,False,False,False,-493.7000000000553,-493.7000000000553,-493.7000000000553
2024-09-12,-2547.0999999999767,False,False,False,False,-2547.0999999999767,-2547.0999999999767,-2547.0999999999767
2024-09-13,112.40000000000872,False,False,False,False,112.40000000000872,112.40000000000872,112.40000000000872
2024-09-16,-1424.7000000001135,False,False,False,False,-1424.7000000001135,-1424.7000000001135,-1424.7000000001135
2024-09-17,-756.9000000001397,False,False,False,False,-756.9000000001397,-756.9000000001397,-756.9000000001397
2024-09-18,-1790.2999999999302,False,False,False,False,-1790.2999999999302,-1790.2999999999302,-1790.2999999999302
2024-09-19,3370.600000000049,False,False,False,False,3370.600000000049,3370.600000000049,3370.600000000049
2024-09-20,-1179.6999999999534,False,False,False,False,-1179.6999999999534,-1179.6999999999534,-1179.6999999999534
2024-09-23,-698.7999999999447,False,False,False,False,-698.7999999999447,-698.7999999999447,-698.7999999999447
2024-09-24,-1083.1999999999823,False,False,False,False,-1083.1999999999823,-1083.1999999999823,-1083.1999999999823
2024-09-25,-501.50000000001455,False,False,False,False,-501.50000000001455,-501.50000000001455,-501.50000000001455
2024-09-26,1391.0999999999622,False,False,False,False,1391.0999999999622,1391.0999999999622,1391.0999999999622
2024-09-27,330.79999999984284,False,False,False,False,330.79999999984284,330.79999999984284,330.79999999984284
2024-09-30,-2934.4999999999127,False,False,False,False,-2934.4999999999127,-2934.4999999999127,-2934.4999999999127
2024-10-01,2365.099999999802,False,False,False,False,2365.099999999802,2365.099999999802,2365.099999999802
2024-10-02,-1581.2999999999884,False,False,False,False,-1581.2999999999884,-1581.2999999999884,-1581.2999999999884
2024-10-03,-227.09999999997672,False,False,False,False,-227.09999999997672,-227.09999999997672,-227.09999999997672
2024-10-04,-714.4999999999418,False,False,False,False,-714.4999999999418,-714.4999999999418,-714.4999999999418
2024-10-07,467.79999999995925,False,False,False,False,467.79999999995925,467.79999999995925,467.79999999995925
2024-10-08,2595.299999999916,False,False,False,False,2595.299999999916,2595.299999999916,2595.299999999916
2024-10-09,337.0000000000728,False,False,False,False,337.0000000000728,337.0000000000728,337.0000000000728
2024-10-10,-570.5999999999476,False,False,False,False,-570.5999999999476,-570.5999999999476,-570.5999999999476
2024-10-11,-827.0999999998749,False,False,False,False,-827.0999999998749,-827.0999999998749,-827.0999999998749
2024-10-14,1099.2000000000407,False,False,False,False,1099.2000000000407,1099.2000000000407,1099.2000000000407
2024-10-15,1730.4999999997672,False,False,False,False,1730.4999999997672,1730.4999999997672,1730.4999999997672
2024-10-16,-1482.3000000001484,False,False,False,False,-1482.3000000001484,-1482.3000000001484,-1482.3000000001484
2024-10-17,484.49999999983993,False,False,False,False,484.49999999983993,484.49999999983993,484.49999999983993
2024-10-18,173.60000000007858,False,False,False,False,173.60000000007858,173.60000000007858,173.60000000007858
2024-10-21,189.60000000006403,False,False,False,False,189.60000000006403,189.60000000006403,189.60000000006403
2024-10-22,85.50000000004366,False,False,False,False,85.50000000004366,85.50000000004366,85.50000000004366
2024-10-23,1811.5,False,False,False,False,1811.5,1811.5,1811.5
2024-10-24,-1041.2000000001572,False,False,False,False,-1041.2000000001572,-1041.2000000001572,-1041.2000000001572
2024-10-25,231.40000000003783,False,False,False,False,231.40000000003783,231.40000000003783,231.40000000003783
2024-10-28,-537.6000000000058,False,False,False,False,-537.6000000000058,-537.6000000000058,-537.6000000000058
2024-10-29,1270.7999999997555,False,False,False,False,1270.7999999997555,1270.7999999997555,1270.7999999997555
2024-10-30,475.4999999997672,False,False,False,False,475.4999999997672,475.4999999997672,475.4999999997672
2024-10-31,-537.5999999999331,False,False,False,False,-537.5999999999331,-537.5999999999331,-537.5999999999331
2024-11-01,-680.9999999999563,False,False,False,False,-680.9999999999563,-680.9999999999563,-680.9999999999563
2024-11-04,-1786.4999999998545,False,False,False,False,-1786.4999999998545,-1786.4999999998545,-1786.4999999998545
2024-11-05,1964.999999999898,False,False,False,False,1964.999999999898,1964.999999999898,1964.999999999898
2024-11-06,-91.2999999999447,False,False,False,False,-91.2999999999447,-91.2999999999447,-91.2999999999447
2024-11-07,896.1000000000058,False,False,False,False,896.1000000000058,896.1000000000058,896.1000000000058
2024-11-08,-178.89999999995052,False,False,False,False,-178.89999999995052,-178.89999999995052,-178.89999999995052
2024-11-11,-91.00000000014552,False,False,False,False,-91.00000000014552,-91.00000000014552,-91.00000000014552
2024-11-12,-1145.6999999999389,False,False,False,False,-1145.6999999999389,-1145.6999999999389,-1145.6999999999389
2024-11-13,-1051.7000000001135,False,False,False,False,-1051.7000000001135,-1051.7000000001135,-1051.7000000001135
2024-11-14,143.19999999992433,False,False,False,False,143.19999999992433,143.19999999992433,143.19999999992433
2024-11-15,1187.1000000000058,False,False,False,False,1187.1000000000058,1187.1000000000058,1187.1000000000058
2024-11-18,-545.4999999999272,False,False,False,False,-545.4999999999272,-545.4999999999272,-545.4999999999272
2024-11-19,1647.8000000000902,False,False,False,False,1647.8000000000902,1647.8000000000902,1647.8000000000902
2024-11-20,-479.80000000007567,False,False,False,False,-479.80000000007567,-479.80000000007567,-479.80000000007567
2024-11-21,-1743.0000000000582,False,False,False,False,-1743.0000000000582,-1743.0000000000582,-1743.0000000000582
2024-11-22,-629.4999999999563,False,False,False,False,-629.4999999999563,-629.4999999999563,-629.4999999999563
2024-11-25,433.6999999999098,False,False,False,False,433.6999999999098,433.6999999999098,433.6999999999098
2024-11-26,-523.2999999999302,False,False,False,False,-523.2999999999302,-523.2999999999302,-523.2999999999302
2024-11-27,938.5999999999332,False,False,False,False,938.5999999999332,938.5999999999332,938.5999999999332
2024-11-28,116.69999999999708,False,False,False,False,116.69999999999708,116.69999999999708,116.69999999999708
2024-11-29,467.800000000032,False,False,False,False,467.800000000032,467.800000000032,467.800000000032
2024-12-02,662.1000000000058,False,False,False,False,662.1000000000058,662.1000000000058,662.1000000000058
2024-12-03,4.900000000037835,False,False,False,False,4.900000000037835,4.900000000037835,4.900000000037835
2024-12-04,-142.5999999999476,False,False,False,False,-142.5999999999476,-142.5999999999476,-142.5999999999476
2024-12-05,-10.79999999993015,False,False,False,False,-10.79999999993015,-10.79999999993015,-10.79999999993015
2024-12-06,1860.0999999999185,False,False,False,False,1860.0999999999185,1860.0999999999185,1860.0999999999185
2024-12-09,706.8999999999942,False,False,False,False,706.8999999999942,706.8999999999942,706.8999999999942
2024-12-10,-84.59999999994761,False,False,False,False,-84.59999999994761,-84.59999999994761,-84.59999999994761
2024-12-11,2764.600000000035,False,False,False,False,2764.600000000035,2764.600000000035,2764.600000000035
2024-12-12,-299.20000000001164,False,False,False,False,-299.20000000001164,-299.20000000001164,-299.20000000001164
2024-12-13,-902.199999999837,False,False,False,False,-902.199999999837,-902.199999999837,-902.199999999837
2024-12-16,2061.900000000038,False,False,False,False,2061.900000000038,2061.900000000038,2061.900000000038
2024-12-17,-507.6000000001659,False,False,False,False,-507.6000000001659,-507.6000000001659,-507.6000000001659
2024-12-18,1050.7000000000407,False,False,False,False,1050.7000000000407,1050.7000000000407,1050.7000000000407
2024-12-19,-732.0000000000873,False,False,False,False,-732.0000000000873,-732.0000000000873,-732.0000000000873
2024-12-20,7203.79999999993,True,False,False,False,7203.79999999993,7203.79999999993,7203.79999999993
2024-12-23,-3063.100000000093,False,True,False,True,-2144.170000000065,-2450.4800000000746,-2756.790000000084
2024-12-24,1475.0000000000146,False,True,False,True,1032.5000000000102,1180.0000000000116,1327.5000000000132
2024-12-26,-2097.9000000000087,False,True,False,True,-1468.530000000006,-1678.320000000007,-1888.1100000000079
2024-12-27,1265.8999999998196,False,True,False,True,886.1299999998737,1012.7199999998556,1139.3099999998376
2024-12-30,-883.1000000002241,False,True,False,True,-618.1700000001568,-706.4800000001793,-794.7900000002018
2024-12-31,-355.8000000001193,False,False,False,False,-355.8000000001193,-355.8000000001193,-355.8000000001193
2025-01-02,-1071.7999999998283,False,False,False,False,-1071.7999999998283,-1071.7999999998283,-1071.7999999998283
2025-01-03,1758.500000000029,False,False,False,False,1758.500000000029,1758.500000000029,1758.500000000029
2025-01-06,-24.199999999967982,False,False,False,False,-24.199999999967982,-24.199999999967982,-24.199999999967982
2025-01-07,2494.3999999996595,False,False,False,False,2494.3999999996595,2494.3999999996595,2494.3999999996595
2025-01-08,-3187.399999999936,False,False,False,False,-3187.399999999936,-3187.399999999936,-3187.399999999936
2025-01-09,-370.199999999968,False,False,False,False,-370.199999999968,-370.199999999968,-370.199999999968
2025-01-10,-891.9999999999709,False,False,False,False,-891.9999999999709,-891.9999999999709,-891.9999999999709
2025-01-13,727.700000000099,False,False,False,False,727.700000000099,727.700000000099,727.700000000099
2025-01-14,-2018.4000000003143,False,False,False,False,-2018.4000000003143,-2018.4000000003143,-2018.4000000003143
2025-01-15,591.300000000032,False,False,False,False,591.300000000032,591.300000000032,591.300000000032
2025-01-16,2189.999999999942,False,False,False,False,2189.999999999942,2189.999999999942,2189.999999999942
2025-01-17,3127.2000000000558,False,False,False,False,3127.2000000000558,3127.2000000000558,3127.2000000000558
2025-01-20,-265.5999999999476,False,False,False,False,-265.5999999999476,-265.5999999999476,-265.5999999999476
2025-01-21,-1170.6000000000058,False,False,False,False,-1170.6000000000058,-1170.6000000000058,-1170.6000000000058
2025-01-22,161.0,False,False,False,False,161.0,161.0,161.0
2025-01-23,-187.4999999999418,False,False,False,False,-187.4999999999418,-187.4999999999418,-187.4999999999418
2025-01-24,-54.59999999994761,False,False,False,False,-54.59999999994761,-54.59999999994761,-54.59999999994761
2025-01-27,3646.000000000058,False,False,False,False,3646.000000000058,3646.000000000058,3646.000000000058
2025-01-28,-104.699999999968,False,False,False,False,-104.699999999968,-104.699999999968,-104.699999999968
2025-01-29,-1105.7000000000844,False,False,False,False,-1105.7000000000844,-1105.7000000000844,-1105.7000000000844
2025-01-30,-3767.400000000198,False,False,False,False,-3767.400000000198,-3767.400000000198,-3767.400000000198
2025-01-31,-249.7000000000262,False,False,False,False,-249.7000000000262,-249.7000000000262,-249.7000000000262
2025-02-03,1927.7999999998428,False,False,False,False,1927.7999999998428,1927.7999999998428,1927.7999999998428
2025-02-04,-928.00000000016,False,False,False,False,-928.00000000016,-928.00000000016,-928.00000000016
2025-02-05,461.9000000000233,False,False,False,False,461.9000000000233,461.9000000000233,461.9000000000233
2025-02-06,-515.2999999999302,False,False,False,False,-515.2999999999302,-515.2999999999302,-515.2999999999302
2025-02-07,127.99999999983991,False,False,False,False,127.99999999983991,127.99999999983991,127.99999999983991
2025-02-10,2088.199999999939,False,False,False,False,2088.199999999939,2088.199999999939,2088.199999999939
2025-02-11,-419.0999999999767,False,False,False,False,-419.0999999999767,-419.0999999999767,-419.0999999999767
2025-02-12,-342.6999999998952,False,False,False,False,-342.6999999998952,-342.6999999998952,-342.6999999998952
2025-02-13,-213.39999999995047,False,False,False,False,-213.39999999995047,-213.39999999995047,-213.39999999995047
2025-02-14,-234.89999999997963,False,False,False,False,-234.89999999997963,-234.89999999997963,-234.89999999997963
2025-02-17,-262.9999999999709,False,False,False,False,-262.9999999999709,-262.9999999999709,-262.9999999999709
2025-02-18,-616.9000000001979,False,False,False,False,-616.9000000001979,-616.9000000001979,-616.9000000001979
2025-02-19,-1088.5000000001164,False,False,False,False,-1088.5000000001164,-1088.5000000001164,-1088.5000000001164
2025-02-20,12.000000000058208,False,False,False,False,12.000000000058208,12.000000000058208,12.000000000058208
2025-02-21,5546.299999999756,False,False,False,False,5546.299999999756,5546.299999999756,5546.299999999756
2025-02-24,-658.499999999869,False,False,False,False,-658.499999999869,-658.499999999869,-658.499999999869
2025-02-25,-177.89999999996508,False,False,False,False,-177.89999999996508,-177.89999999996508,-177.89999999996508
2025-02-26,-3118.1000000000786,False,False,False,False,-3118.1000000000786,-3118.1000000000786,-3118.1000000000786
2025-02-27,7436.499999999811,True,False,False,False,7436.499999999811,7436.499999999811,7436.499999999811
2025-02-28,2043.2999999999304,False,True,False,True,1430.3099999999513,1634.6399999999444,1838.9699999999373
2025-03-03,6906.599999999555,True,True,False,True,4834.619999999688,5525.279999999644,6215.939999999599
2025-03-04,-4623.499999999913,True,True,False,True,-3236.449999999939,-3698.79999999993,-4161.149999999921
2025-03-05,-1828.6000000000204,True,True,False,True,-1280.020000000014,-1462.8800000000165,-1645.7400000000184
2025-03-06,-146.40000000000873,False,True,False,True,-102.4800000000061,-117.120000000007,-131.76000000000786
2025-03-07,-4905.599999999991,False,True,False,True,-3433.9199999999937,-3924.479999999993,-4415.039999999993
2025-03-10,8989.499999999898,False,True,False,True,6292.649999999929,7191.5999999999185,8090.549999999908
2025-03-11,-6481.499999999927,False,True,False,True,-4537.049999999948,-5185.1999999999425,-5833.349999999935
2025-03-12,-4698.099999999977,False,True,False,True,-3288.6699999999837,-3758.4799999999814,-4228.289999999979
2025-03-13,-224.2000000002008,False,False,False,False,-224.2000000002008,-224.2000000002008,-224.2000000002008
2025-03-14,2793.300000000003,False,False,False,False,2793.300000000003,2793.300000000003,2793.300000000003
2025-03-17,492.9000000000233,False,False,False,False,492.9000000000233,492.9000000000233,492.9000000000233
2025-03-18,850.2999999999156,False,False,False,False,850.2999999999156,850.2999999999156,850.2999999999156
2025-03-19,-657.7000000000116,False,False,False,False,-657.7000000000116,-657.7000000000116,-657.7000000000116
2025-03-20,-868.9999999999418,False,False,False,False,-868.9999999999418,-868.9999999999418,-868.9999999999418
2025-03-21,1633.0000000000728,False,False,False,False,1633.0000000000728,1633.0000000000728,1633.0000000000728
2025-03-24,-173.09999999996217,False,False,False,False,-173.09999999996217,-173.09999999996217,-173.09999999996217
2025-03-25,-147.29999999993015,False,False,False,False,-147.29999999993015,-147.29999999993015,-147.29999999993015
2025-03-26,4644.89999999947,False,False,False,False,4644.89999999947,4644.89999999947,4644.89999999947
2025-03-27,-4672.499999999913,False,False,False,False,-4672.499999999913,-4672.499999999913,-4672.499999999913
2025-03-28,2574.500000000029,False,False,False,False,2574.500000000029,2574.500000000029,2574.500000000029
2025-03-31,1030.0000000000582,False,False,False,False,1030.0000000000582,1030.0000000000582,1030.0000000000582
2025-04-01,-4395.699999999953,False,False,False,False,-4395.699999999953,-4395.699999999953,-4395.699999999953
2025-04-02,3143.2999999999884,False,False,False,False,3143.2999999999884,3143.2999999999884,3143.2999999999884
2025-04-03,-4176.300000000047,False,False,False,False,-4176.300000000047,-4176.300000000047,-4176.300000000047
2025-04-04,-3404.299999999916,False,False,False,False,-3404.299999999916,-3404.299999999916,-3404.299999999916
2025-04-07,3395.600000000064,False,False,True,False,3395.600000000064,3395.600000000064,3395.600000000064
2025-04-08,14620.499999999796,True,False,True,False,14620.499999999796,14620.499999999796,14620.499999999796
2025-04-09,13093.200000000144,True,True,True,False,13093.200000000144,13093.200000000144,13093.200000000144
2025-04-10,5847.299999999639,True,True,True,False,5847.299999999639,5847.299999999639,5847.299999999639
2025-04-11,-3509.399999999965,True,True,True,False,-3509.399999999965,-3509.399999999965,-3509.399999999965
2025-04-14,275.8999999997613,True,True,True,False,275.8999999997613,275.8999999997613,275.8999999997613
2025-04-15,-2664.5999999999185,True,True,True,False,-2664.5999999999185,-2664.5999999999185,-2664.5999999999185
2025-04-16,-800.9000000001688,False,True,True,False,-800.9000000001688,-800.9000000001688,-800.9000000001688
2025-04-17,-474.9000000001397,False,True,True,False,-474.9000000001397,-474.9000000001397,-474.9000000001397
2025-04-21,1950.4999999998545,False,True,True,False,1950.4999999998545,1950.4999999998545,1950.4999999998545
2025-04-22,1602.2999999999884,False,True,True,False,1602.2999999999884,1602.2999999999884,1602.2999999999884
2025-04-23,-1786.0999999998894,False,True,True,False,-1786.0999999998894,-1786.0999999998894,-1786.0999999998894
2025-04-24,6054.900000000023,False,False,True,False,6054.900000000023,6054.900000000023,6054.900000000023
2025-04-25,-2131.5999999999185,False,False,True,False,-2131.5999999999185,-2131.5999999999185,-2131.5999999999185
2025-04-28,-2467.900000000169,False,False,True,False,-2467.900000000169,-2467.900000000169,-2467.900000000169
2025-04-29,-1432.399999999965,False,False,True,False,-1432.399999999965,-1432.399999999965,-1432.399999999965
2025-04-30,1429.600000000064,False,False,True,False,1429.600000000064,1429.600000000064,1429.600000000064
2025-05-01,-1799.3000000000757,False,False,True,False,-1799.3000000000757,-1799.3000000000757,-1799.3000000000757
2025-05-02,3322.0000000001164,False,False,True,False,3322.0000000001164,3322.0000000001164,3322.0000000001164
2025-05-05,-327.4999999999709,False,False,True,False,-327.4999999999709,-327.4999999999709,-327.4999999999709
2025-05-06,-1092.9999999999127,False,False,True,False,-1092.9999999999127,-1092.9999999999127,-1092.9999999999127
2025-05-07,-3715.699999999866,False,False,True,False,-3715.699999999866,-3715.699999999866,-3715.699999999866
2025-05-08,-2011.100000000064,False,False,True,False,-2011.100000000064,-2011.100000000064,-2011.100000000064
2025-05-09,-2800.9999999999272,False,False,True,False,-2800.9999999999272,-2800.9999999999272,-2800.9999999999272
2025-05-12,1541.9000000000087,False,False,False,False,1541.9000000000087,1541.9000000000087,1541.9000000000087
2025-05-13,1260.500000000029,False,False,False,False,1260.500000000029,1260.500000000029,1260.500000000029
2025-05-14,-543.2999999999593,False,False,False,False,-543.2999999999593,-543.2999999999593,-543.2999999999593
2025-05-15,-178.89999999993597,False,False,False,False,-178.89999999993597,-178.89999999993597,-178.89999999993597
2025-05-16,-662.8000000001048,False,False,False,False,-662.8000000001048,-662.8000000001048,-662.8000000001048
2025-05-19,2581.300000000076,False,False,False,False,2581.300000000076,2581.300000000076,2581.300000000076
2025-05-20,-398.39999999990687,False,False,False,False,-398.39999999990687,-398.39999999990687,-398.39999999990687
2025-05-21,-866.6999999999825,False,False,False,False,-866.6999999999825,-866.6999999999825,-866.6999999999825
2025-05-22,-2514.499999999942,False,False,False,False,-2514.499999999942,-2514.499999999942,-2514.499999999942
2025-05-23,-409.09999999993306,False,False,False,False,-409.09999999993306,-409.09999999993306,-409.09999999993306
2025-05-26,1522.9000000000087,False,False,False,False,1522.9000000000087,1522.9000000000087,1522.9000000000087
2025-05-27,645.1000000000349,False,False,False,False,645.1000000000349,645.1000000000349,645.1000000000349
2025-05-28,-128.89999999996508,False,False,False,False,-128.89999999996508,-128.89999999996508,-128.89999999996508
2025-05-29,1967.9999999997235,False,False,False,False,1967.9999999997235,1967.9999999997235,1967.9999999997235
2025-05-30,-70.90000000000873,False,False,False,False,-70.90000000000873,-70.90000000000873,-70.90000000000873
2025-06-02,74.80000000003201,False,False,False,False,74.80000000003201,74.80000000003201,74.80000000003201
2025-06-03,287.90000000003783,False,False,False,False,287.90000000003783,287.90000000003783,287.90000000003783
2025-06-04,-507.49999999995634,False,False,False,False,-507.49999999995634,-507.49999999995634,-507.49999999995634
2025-06-05,-2559.100000000064,False,False,False,False,-2559.100000000064,-2559.100000000064,-2559.100000000064
2025-06-06,1925.400000000067,False,False,False,False,1925.400000000067,1925.400000000067,1925.400000000067
2025-06-09,-583.4999999999272,False,False,False,False,-583.4999999999272,-583.4999999999272,-583.4999999999272
2025-06-10,-153.09999999997672,False,False,False,False,-153.09999999997672,-153.09999999997672,-153.09999999997672
2025-06-11,-252.7000000002008,False,False,False,False,-252.7000000002008,-252.7000000002008,-252.7000000002008
2025-06-12,-129.99999999992724,False,False,False,False,-129.99999999992724,-129.99999999992724,-129.99999999992724
2025-06-13,-59.40000000005239,False,False,False,False,-59.40000000005239,-59.40000000005239,-59.40000000005239
2025-06-16,2616.500000000044,False,False,False,False,2616.500000000044,2616.500000000044,2616.500000000044
2025-06-17,-73.69999999996799,False,False,False,False,-73.69999999996799,-73.69999999996799,-73.69999999996799
2025-06-18,-2738.9999999999127,False,False,False,False,-2738.9999999999127,-2738.9999999999127,-2738.9999999999127
2025-06-19,573.7999999999738,False,False,False,False,573.7999999999738,573.7999999999738,573.7999999999738
2025-06-20,1863.800000000061,False,False,False,False,1863.800000000061,1863.800000000061,1863.800000000061
2025-06-23,683.0000000000873,False,False,False,False,683.0000000000873,683.0000000000873,683.0000000000873
2025-06-24,67.00000000001455,False,False,False,False,67.00000000001455,67.00000000001455,67.00000000001455
2025-06-25,-1147.0999999999767,False,False,False,False,-1147.0999999999767,-1147.0999999999767,-1147.0999999999767
2025-06-26,-647.5000000000291,False,False,False,False,-647.5000000000291,-647.5000000000291,-647.5000000000291
2025-06-27,-170.49999999995634,False,False,False,False,-170.49999999995634,-170.49999999995634,-170.49999999995634
2025-06-30,-960.5000000002184,False,False,False,False,-960.5000000002184,-960.5000000002184,-960.5000000002184
2025-07-01,-32.800000000032014,False,False,False,False,-32.800000000032014,-32.800000000032014,-32.800000000032014
2025-07-02,1001.6000000000348,False,False,False,False,1001.6000000000348,1001.6000000000348,1001.6000000000348
2025-07-03,348.5,False,False,False,False,348.5,348.5,348.5
2025-07-04,-56.60000000009313,False,False,False,False,-56.60000000009313,-56.60000000009313,-56.60000000009313
2025-07-07,-2821.799999999916,False,False,False,False,-2821.799999999916,-2821.799999999916,-2821.799999999916
2025-07-08,-1037.7999999999447,False,False,False,False,-1037.7999999999447,-1037.7999999999447,-1037.7999999999447
2025-07-09,686.4000000000378,False,False,False,False,686.4000000000378,686.4000000000378,686.4000000000378
2025-07-10,-297.5000000001892,False,False,False,False,-297.5000000001892,-297.5000000001892,-297.5000000001892
2025-07-11,-1177.6999999999098,False,False,False,False,-1177.6999999999098,-1177.6999999999098,-1177.6999999999098
2025-07-14,-839.2999999999156,False,False,False,False,-839.2999999999156,-839.2999999999156,-839.2999999999156
2025-07-15,699.7999999999302,False,False,False,False,699.7999999999302,699.7999999999302,699.7999999999302
2025-07-16,-91.99999999985448,False,False,False,False,-91.99999999985448,-91.99999999985448,-91.99999999985448
2025-07-17,273.9000000000524,False,False,False,False,273.9000000000524,273.9000000000524,273.9000000000524
2025-07-18,139.39999999992142,False,False,False,False,139.39999999992142,139.39999999992142,139.39999999992142
2025-07-21,506.0000000000582,False,False,False,False,506.0000000000582,506.0000000000582,506.0000000000582
2025-07-22,-727.6999999999243,False,False,False,False,-727.6999999999243,-727.6999999999243,-727.6999999999243
2025-07-23,-1191.0000000000582,False,False,False,False,-1191.0000000000582,-1191.0000000000582,-1191.0000000000582
2025-07-24,-768.6000000000349,False,False,False,False,-768.6000000000349,-768.6000000000349,-768.6000000000349
2025-07-25,-95.09999999996217,False,False,False,False,-95.09999999996217,-95.09999999996217,-95.09999999996217
2025-07-28,-165.7999999999156,False,False,False,False,-165.7999999999156,-165.7999999999156,-165.7999999999156
2025-07-29,189.19999999983705,False,False,False,False,189.19999999983705,189.19999999983705,189.19999999983705
2025-07-30,198.00000000016007,False,False,False,False,198.00000000016007,198.00000000016007,198.00000000016007
2025-07-31,3637.999999999549,False,False,False,False,3637.999999999549,3637.999999999549,3637.999999999549
2025-08-01,-1425.4999999999418,False,False,False,False,-1425.4999999999418,-1425.4999999999418,-1425.4999999999418
2025-08-04,3667.5999999999913,False,False,False,False,3667.5999999999913,3667.5999999999913,3667.5999999999913
2025-08-05,759.6999999996333,False,False,False,False,759.6999999996333,759.6999999996333,759.6999999996333
2025-08-06,3622.9999999999854,True,False,False,False,3622.9999999999854,3622.9999999999854,3622.9999999999854
2025-08-07,501.29999999978463,False,True,False,True,350.9099999998492,401.0399999998277,451.1699999998062
2025-08-08,357.20000000001164,False,True,False,True,250.04000000000812,285.7600000000093,321.4800000000105
2025-08-11,-9.999999999970896,False,True,False,True,-6.999999999979627,-7.999999999976717,-8.999999999973808
2025-08-12,362.0,False,True,False,True,253.39999999999998,289.6,325.8
2025-08-13,-14.8000000003085,False,True,False,True,-10.36000000021595,-11.840000000246802,-13.32000000027765
2025-08-14,-672.6999999998952,False,False,False,False,-672.6999999998952,-672.6999999998952,-672.6999999998952
2025-08-15,-390.0000000001164,False,False,False,False,-390.0000000001164,-390.0000000001164,-390.0000000001164
2025-08-18,-903.8999999999068,False,False,False,False,-903.8999999999068,-903.8999999999068,-903.8999999999068
2025-08-19,1791.0,False,False,False,False,1791.0,1791.0,1791.0
2025-08-20,701.7999999999593,False,False,False,False,701.7999999999593,701.7999999999593,701.7999999999593
2025-08-21,-389.19999999998254,False,False,False,False,-389.19999999998254,-389.19999999998254,-389.19999999998254
2025-08-22,3007.400000000081,False,False,False,False,3007.400000000081,3007.400000000081,3007.400000000081
2025-08-25,-202.19999999995343,False,False,False,False,-202.19999999995343,-202.19999999995343,-202.19999999995343
2025-08-26,972.8999999999942,False,False,False,False,972.8999999999942,972.8999999999942,972.8999999999942
2025-08-27,-424.4999999998836,False,False,False,False,-424.4999999998836,-424.4999999998836,-424.4999999998836
2025-08-28,-1074.1999999998952,False,False,False,False,-1074.1999999998952,-1074.1999999998952,-1074.1999999998952
2025-08-29,2149.4999999995925,False,False,False,False,2149.4999999995925,2149.4999999995925,2149.4999999995925
2025-09-01,-547.8999999999651,False,False,False,False,-547.8999999999651,-547.8999999999651,-547.8999999999651
2025-09-02,2386.9000000000524,False,False,False,False,2386.9000000000524,2386.9000000000524,2386.9000000000524
2025-09-03,-753.7000000001863,False,False,False,False,-753.7000000001863,-753.7000000001863,-753.7000000001863
2025-09-04,999.4000000000524,False,False,False,False,999.4000000000524,999.4000000000524,999.4000000000524
2025-09-05,1853.4999999996508,False,False,False,False,1853.4999999996508,1853.4999999996508,1853.4999999996508
2025-09-08,-326.79999999995925,False,False,False,False,-326.79999999995925,-326.79999999995925,-326.79999999995925
2025-09-09,-16.89999999993597,False,False,False,False,-16.89999999993597,-16.89999999993597,-16.89999999993597
2025-09-10,426.29999999978463,False,False,False,False,426.29999999978463,426.29999999978463,426.29999999978463
2025-09-11,-443.4999999999127,False,False,False,False,-443.4999999999127,-443.4999999999127,-443.4999999999127
2025-09-12,-549.8999999999651,False,False,False,False,-549.8999999999651,-549.8999999999651,-549.8999999999651
2025-09-15,585.8000000000757,False,False,False,False,585.8000000000757,585.8000000000757,585.8000000000757
2025-09-16,116.29999999987194,False,False,False,False,116.29999999987194,116.29999999987194,116.29999999987194
2025-09-17,-789.0000000000873,False,False,False,False,-789.0000000000873,-789.0000000000873,-789.0000000000873
2025-09-18,-1147.2000000000116,False,False,False,False,-1147.2000000000116,-1147.2000000000116,-1147.2000000000116
2025-09-19,719.9000000000524,False,False,False,False,719.9000000000524,719.9000000000524,719.9000000000524
2025-09-22,730.6000000000349,False,False,False,False,730.6000000000349,730.6000000000349,730.6000000000349
2025-09-23,821.699999999837,False,False,False,False,821.699999999837,821.699999999837,821.699999999837
2025-09-24,228.399999999936,False,False,False,False,228.399999999936,228.399999999936,228.399999999936
2025-09-25,-2255.100000000035,False,False,False,False,-2255.100000000035,-2255.100000000035,-2255.100000000035
2025-09-26,-2203.800000000163,False,False,False,False,-2203.800000000163,-2203.800000000163,-2203.800000000163
2025-09-29,-341.8999999999651,False,False,False,False,-341.8999999999651,-341.8999999999651,-341.8999999999651
2025-09-30,-1812.499999999971,False,False,False,False,-1812.499999999971,-1812.499999999971,-1812.499999999971
2025-10-01,1677.2000000000698,False,False,False,False,1677.2000000000698,1677.2000000000698,1677.2000000000698
2025-10-02,-136.40000000028522,False,False,False,False,-136.40000000028522,-136.40000000028522,-136.40000000028522
2025-10-03,670.5999999998894,False,False,False,False,670.5999999998894,670.5999999998894,670.5999999998894
2025-10-06,601.0000000000582,False,False,False,False,601.0000000000582,601.0000000000582,601.0000000000582
2025-10-07,493.6999999998952,False,False,False,False,493.6999999998952,493.6999999998952,493.6999999998952
2025-10-08,2921.4000000000237,False,False,False,False,2921.4000000000237,2921.4000000000237,2921.4000000000237
2025-10-09,-127.10000000035508,False,False,False,False,-127.10000000035508,-127.10000000035508,-127.10000000035508
2025-10-10,7839.099999999773,True,False,False,False,7839.099999999773,7839.099999999773,7839.099999999773
2025-10-13,967.1000000000348,True,True,False,True,676.9700000000244,773.6800000000279,870.3900000000314
2025-10-14,-849.7000000000698,True,True,False,True,-594.7900000000488,-679.7600000000559,-764.7300000000629
2025-10-15,-1844.000000000029,False,True,False,True,-1290.8000000000202,-1475.2000000000235,-1659.6000000000263
2025-10-16,-203.10000000012224,False,True,False,True,-142.17000000008557,-162.4800000000978,-182.79000000011
2025-10-17,3634.900000000111,False,True,False,True,2544.4300000000776,2907.920000000089,3271.4100000001
2025-10-20,647.0999999999767,False,True,False,True,452.96999999998366,517.6799999999814,582.3899999999791
2025-10-21,-691.9000000001397,False,True,False,True,-484.33000000009775,-553.5200000001117,-622.7100000001258
2025-10-22,843.3999999998196,False,False,False,False,843.3999999998196,843.3999999998196,843.3999999998196
2025-10-23,725.7000000000116,False,False,False,False,725.7000000000116,725.7000000000116,725.7000000000116
2025-10-24,-144.0,False,False,False,False,-144.0,-144.0,-144.0
2025-10-27,459.9000000000233,False,False,False,False,459.9000000000233,459.9000000000233,459.9000000000233
2025-10-28,-248.0999999999185,False,False,False,False,-248.0999999999185,-248.0999999999185,-248.0999999999185
2025-10-29,-678.4999999998836,False,False,False,False,-678.4999999998836,-678.4999999998836,-678.4999999998836
2025-10-30,-840.4999999999418,False,False,False,False,-840.4999999999418,-840.4999999999418,-840.4999999999418
2025-10-31,496.2999999997555,False,False,False,False,496.2999999997555,496.2999999997555,496.2999999997555
2025-11-03,267.9999999999709,False,False,False,False,267.9999999999709,267.9999999999709,267.9999999999709
2025-11-04,-2031.6999999999243,False,False,False,False,-2031.6999999999243,-2031.6999999999243,-2031.6999999999243
2025-11-05,4859.8000000000175,False,False,False,False,4859.8000000000175,4859.8000000000175,4859.8000000000175
2025-11-06,2204.9999999998545,False,False,False,False,2204.9999999998545,2204.9999999998545,2204.9999999998545
2025-11-07,1257.000000000029,False,False,False,False,1257.000000000029,1257.000000000029,1257.000000000029
2025-11-10,506.5,False,False,False,False,506.5,506.5,506.5
2025-11-11,-1081.800000000163,False,False,False,False,-1081.800000000163,-1081.800000000163,-1081.800000000163
2025-11-12,-269.90000000040163,False,False,False,False,-269.90000000040163,-269.90000000040163,-269.90000000040163
2025-11-13,2585.8999999998487,False,False,False,False,2585.8999999998487,2585.8999999998487,2585.8999999998487
2025-11-14,4925.599999999977,False,False,False,False,4925.599999999977,4925.599999999977,4925.599999999977
2025-11-17,-2777.100000000035,False,False,False,False,-2777.100000000035,-2777.100000000035,-2777.100000000035
2025-11-18,-2900.899999999907,False,False,False,False,-2900.899999999907,-2900.899999999907,-2900.899999999907
2025-11-19,-2703.5999999999767,False,False,False,False,-2703.5999999999767,-2703.5999999999767,-2703.5999999999767
2025-11-20,17629.899999999703,True,False,False,False,17629.899999999703,17629.899999999703,17629.899999999703
2025-11-21,-6258.399999999994,False,True,False,True,-4380.879999999996,-5006.719999999996,-5632.559999999995
2025-11-24,3396.2999999999884,False,True,False,True,2377.4099999999917,2717.039999999991,3056.6699999999896
2025-11-25,-4982.5000000001455,False,True,False,True,-3487.750000000102,-3986.0000000001164,-4484.250000000131
2025-11-26,-818.8999999999942,False,True,False,True,-573.2299999999959,-655.1199999999953,-737.0099999999948
2025-11-27,-81.29999999998836,False,True,False,True,-56.90999999999185,-65.03999999999068,-73.16999999998953
2025-11-28,150.30000000004657,False,False,False,False,150.30000000004657,150.30000000004657,150.30000000004657
2025-12-01,-395.50000000026193,False,False,False,False,-395.50000000026193,-395.50000000026193,-395.50000000026193
2025-12-02,-23.300000000017462,False,False,False,False,-23.300000000017462,-23.300000000017462,-23.300000000017462
2025-12-03,-1152.9999999999418,False,False,False,False,-1152.9999999999418,-1152.9999999999418,-1152.9999999999418
2025-12-04,-863.4000000001397,False,False,False,False,-863.4000000001397,-863.4000000001397,-863.4000000001397
2025-12-05,-408.79999999995925,False,False,False,False,-408.79999999995925,-408.79999999995925,-408.79999999995925
2025-12-08,-605.1000000000349,False,False,False,False,-605.1000000000349,-605.1000000000349,-605.1000000000349
2025-12-09,-576.1000000000058,False,False,False,False,-576.1000000000058,-576.1000000000058,-576.1000000000058
2025-12-10,-3043.100000000152,False,False,False,False,-3043.100000000152,-3043.100000000152,-3043.100000000152
2025-12-11,574.8999999998196,False,False,False,False,574.8999999998196,574.8999999998196,574.8999999998196
2025-12-12,3760.799999999639,False,False,False,False,3760.799999999639,3760.799999999639,3760.799999999639
2025-12-15,391.0999999997148,False,False,False,False,391.0999999997148,391.0999999997148,391.0999999997148
2025-12-16,-122.39999999990688,False,False,False,False,-122.39999999990688,-122.39999999990688,-122.39999999990688
2025-12-17,6234.899999999936,True,False,False,False,6234.899999999936,6234.899999999936,6234.899999999936
2025-12-18,-1975.5999999998603,False,True,False,True,-1382.919999999902,-1580.4799999998884,-1778.0399999998742
2025-12-19,2519.7999999999597,False,True,False,True,1763.8599999999717,2015.8399999999679,2267.819999999964
2025-12-22,-207.1000000001513,False,True,False,True,-144.9700000001059,-165.68000000012105,-186.39000000013618
2025-12-23,675.0000000000582,False,True,False,True,472.5000000000407,540.0000000000466,607.5000000000524
2025-12-24,-115.19999999995343,False,True,False,True,-80.6399999999674,-92.15999999996275,-103.6799999999581
2025-12-26,-297.29999999987194,False,False,False,False,-297.29999999987194,-297.29999999987194,-297.29999999987194
2025-12-29,-1618.3999999999069,False,False,False,False,-1618.3999999999069,-1618.3999999999069,-1618.3999999999069
2025-12-30,-416.1999999998952,False,False,False,False,-416.1999999998952,-416.1999999998952,-416.1999999998952
2025-12-31,633.6999999998952,False,False,False,False,633.6999999998952,633.6999999998952,633.6999999998952
2026-01-02,966.6000000000932,False,False,False,False,966.6000000000932,966.6000000000932,966.6000000000932
2026-01-05,326.69999999995343,False,False,False,False,326.69999999995343,326.69999999995343,326.69999999995343
2026-01-06,899.3000000000175,False,False,False,False,899.3000000000175,899.3000000000175,899.3000000000175
2026-01-07,-211.4999999999418,False,False,False,False,-211.4999999999418,-211.4999999999418,-211.4999999999418
2026-01-08,-1617.0000000003783,False,False,False,False,-1617.0000000003783,-1617.0000000003783,-1617.0000000003783
2026-01-09,-1363.0,False,False,False,False,-1363.0,-1363.0,-1363.0
2026-01-12,1057.0999999999476,False,False,False,False,1057.0999999999476,1057.0999999999476,1057.0999999999476
2026-01-13,-2389.700000000216,False,False,False,False,-2389.700000000216,-2389.700000000216,-2389.700000000216
2026-01-14,500.69999999995343,False,False,False,False,500.69999999995343,500.69999999995343,500.69999999995343
2026-01-15,1321.9999999997672,False,False,False,False,1321.9999999997672,1321.9999999997672,1321.9999999997672
2026-01-16,-325.6000000000349,False,False,False,False,-325.6000000000349,-325.6000000000349,-325.6000000000349
2026-01-19,-651.0000000000291,False,False,False,False,-651.0000000000291,-651.0000000000291,-651.0000000000291
2026-01-20,-229.09999999997672,False,False,False,False,-229.09999999997672,-229.09999999997672,-229.09999999997672
2026-01-21,2321.5000000000878,False,False,False,False,2321.5000000000878,2321.5000000000878,2321.5000000000878
2026-01-22,-457.8000000001048,False,False,False,False,-457.8000000001048,-457.8000000001048,-457.8000000001048
2026-01-23,-8.399999999935972,False,False,False,False,-8.399999999935972,-8.399999999935972,-8.399999999935972
2026-01-26,454.30000000004657,False,False,False,False,454.30000000004657,454.30000000004657,454.30000000004657
2026-01-27,-541.9000000000524,False,False,False,False,-541.9000000000524,-541.9000000000524,-541.9000000000524
2026-01-28,-1176.1000000002095,False,False,False,False,-1176.1000000002095,-1176.1000000002095,-1176.1000000002095
2026-01-29,2755.89999999982,False,False,False,False,2755.89999999982,2755.89999999982,2755.89999999982
2026-01-30,-1834.8000000003376,False,False,False,False,-1834.8000000003376,-1834.8000000003376,-1834.8000000003376
2026-02-02,4858.800000000047,False,False,False,False,4858.800000000047,4858.800000000047,4858.800000000047
2026-02-03,4079.59999999986,False,False,False,False,4079.59999999986,4079.59999999986,4079.59999999986
2026-02-04,4563.299999999785,True,False,False,False,4563.299999999785,4563.299999999785,4563.299999999785
2026-02-05,-301.90000000040163,True,True,False,True,-211.33000000028113,-241.52000000032132,-271.7100000003615
2026-02-06,8900.900000000081,True,True,False,True,6230.6300000000565,7120.720000000066,8010.810000000073
2026-02-09,-829.2999999999884,True,True,False,True,-580.5099999999918,-663.4399999999907,-746.3699999999895
2026-02-10,82.69999999995343,True,True,False,True,57.8899999999674,66.15999999996275,74.4299999999581
2026-02-11,-830.7999999999302,False,True,False,True,-581.5599999999511,-664.6399999999442,-747.7199999999372
2026-02-12,6696.099999999715,True,True,False,True,4687.2699999998,5356.879999999772,6026.489999999743
2026-02-13,-4162.499999999855,False,True,False,True,-2913.7499999998986,-3329.9999999998845,-3746.24999999987
2026-02-16,-520.5000000000291,False,True,False,True,-364.3500000000204,-416.4000000000233,-468.4500000000262
2026-02-17,-3848.699999999866,False,True,False,True,-2694.089999999906,-3078.959999999893,-3463.8299999998794
2026-02-18,-101.49999999991267,False,True,False,True,-71.04999999993886,-81.19999999993014,-91.34999999992141
2026-02-19,-1901.699999999866,False,True,False,True,-1331.1899999999061,-1521.3599999998928,-1711.5299999998792
2026-02-20,158.80000000004657,False,False,False,False,158.80000000004657,158.80000000004657,158.80000000004657
2026-02-23,1235.199999999575,False,False,False,False,1235.199999999575,1235.199999999575,1235.199999999575
2026-02-24,-489.19999999995343,False,False,False,False,-489.19999999995343,-489.19999999995343,-489.19999999995343
2026-02-25,1297.3000000000466,False,False,False,False,1297.3000000000466,1297.3000000000466,1297.3000000000466
2026-02-26,2932.0999999996857,False,False,False,False,2932.0999999996857,2932.0999999996857,2932.0999999996857
2026-02-27,-625.3999999999942,False,False,False,False,-625.3999999999942,-625.3999999999942,-625.3999999999942
2026-03-02,1896.1999999999823,False,False,False,False,1896.1999999999823,1896.1999999999823,1896.1999999999823
2026-03-03,2664.79999999993,False,False,False,False,2664.79999999993,2664.79999999993,2664.79999999993
2026-03-04,-1033.6999999999823,False,False,False,False,-1033.6999999999823,-1033.6999999999823,-1033.6999999999823
2026-03-05,-3211.2999999999884,False,False,False,False,-3211.2999999999884,-3211.2999999999884,-3211.2999999999884
2026-03-06,-2137.6999999999825,False,False,False,False,-2137.6999999999825,-2137.6999999999825,-2137.6999999999825
2026-03-09,7803.000000000058,False,False,False,False,7803.000000000058,7803.000000000058,7803.000000000058
2026-03-10,-3254.199999999895,False,False,False,False,-3254.199999999895,-3254.199999999895,-3254.199999999895
2026-03-11,-3298.29999999993,False,False,False,False,-3298.29999999993,-3298.29999999993,-3298.29999999993
2026-03-12,-914.2000000001864,False,False,False,False,-914.2000000001864,-914.2000000001864,-914.2000000001864
2026-03-13,-3105.0000000000878,False,False,False,False,-3105.0000000000878,-3105.0000000000878,-3105.0000000000878
2026-03-16,1325.4000000000524,False,False,False,False,1325.4000000000524,1325.4000000000524,1325.4000000000524
2026-03-17,-1046.7000000000116,False,False,False,False,-1046.7000000000116,-1046.7000000000116,-1046.7000000000116
2026-03-18,3280.199999999895,False,False,False,False,3280.199999999895,3280.199999999895,3280.199999999895
2026-03-19,-2209.099999999831,False,False,False,False,-2209.099999999831,-2209.099999999831,-2209.099999999831
2026-03-20,4676.299999999726,False,False,False,False,4676.299999999726,4676.299999999726,4676.299999999726
2026-03-23,-5962.20000000007,False,False,False,False,-5962.20000000007,-5962.20000000007,-5962.20000000007
2026-03-24,-1335.7000000000116,False,False,False,False,-1335.7000000000116,-1335.7000000000116,-1335.7000000000116
2026-03-25,-3431.600000000152,False,False,False,False,-3431.600000000152,-3431.600000000152,-3431.600000000152
2026-03-26,2245.4000000000237,False,False,False,False,2245.4000000000237,2245.4000000000237,2245.4000000000237
2026-03-27,1478.6999999999534,False,False,False,False,1478.6999999999534,1478.6999999999534,1478.6999999999534
2026-03-30,1505.0000000000873,False,False,False,False,1505.0000000000873,1505.0000000000873,1505.0000000000873
2026-03-31,8057.20000000007,False,False,False,False,8057.20000000007,8057.20000000007,8057.20000000007
2026-04-01,-862.1999999999825,True,False,False,False,-862.1999999999825,-862.1999999999825,-862.1999999999825
2026-04-02,2881.800000000017,True,True,False,True,2017.2600000000118,2305.4400000000137,2593.6200000000154
2026-04-03,78.70000000001164,True,True,False,True,55.090000000008146,62.960000000009316,70.83000000001049
2026-04-06,-3258.499999999884,False,True,False,True,-2280.949999999919,-2606.7999999999074,-2932.6499999998955
2026-04-07,-1102.200000000419,False,True,False,True,-771.5400000002933,-881.7600000003354,-991.9800000003772
2026-04-08,-1830.4000000003437,False,True,False,True,-1281.2800000002405,-1464.320000000275,-1647.3600000003094
2026-04-09,-196.5999999999185,False,True,False,True,-137.61999999994293,-157.27999999993483,-176.93999999992667
2026-04-10,-221.19999999995343,False,True,False,True,-154.8399999999674,-176.95999999996275,-199.0799999999581
2026-04-13,381.2000000000117,False,False,False,False,381.2000000000117,381.2000000000117,381.2000000000117
2026-04-14,1369.2999999999884,False,False,False,False,1369.2999999999884,1369.2999999999884,1369.2999999999884
2026-04-15,855.0000000000582,False,False,False,False,855.0000000000582,855.0000000000582,855.0000000000582
2026-04-16,-1000.5000000001746,False,False,False,False,-1000.5000000001746,-1000.5000000001746,-1000.5000000001746
2026-04-17,1127.8999999999942,False,False,False,False,1127.8999999999942,1127.8999999999942,1127.8999999999942
2026-04-20,-1856.4000000001104,False,False,False,False,-1856.4000000001104,-1856.4000000001104,-1856.4000000001104
2026-04-21,-515.4000000002852,False,False,False,False,-515.4000000002852,-515.4000000002852,-515.4000000002852
2026-04-22,143.0000000000582,False,False,False,False,143.0000000000582,143.0000000000582,143.0000000000582
2026-04-23,-2059.3000000003085,False,False,False,False,-2059.3000000003085,-2059.3000000003085,-2059.3000000003085
2026-04-24,851.3000000000466,False,False,False,False,851.3000000000466,851.3000000000466,851.3000000000466
2026-04-27,-815.7000000001281,False,False,False,False,-815.7000000001281,-815.7000000001281,-815.7000000001281
2026-04-28,-1879.3000000002796,False,False,False,False,-1879.3000000002796,-1879.3000000002796,-1879.3000000002796
2026-04-29,-1282.899999999936,False,False,False,False,-1282.899999999936,-1282.899999999936,-1282.899999999936
2026-04-30,1690.4000000000233,False,False,False,False,1690.4000000000233,1690.4000000000233,1690.4000000000233
2026-05-01,289.80000000004657,False,False,False,False,289.80000000004657,289.80000000004657,289.80000000004657
2026-05-04,-654.2999999999593,False,False,False,False,-654.2999999999593,-654.2999999999593,-654.2999999999593
2026-05-05,3482.899999999965,False,False,False,False,3482.899999999965,3482.899999999965,3482.899999999965
2026-05-06,1026.8000000000466,False,False,False,False,1026.8000000000466,1026.8000000000466,1026.8000000000466
2026-05-07,-1534.5000000001746,False,False,False,False,-1534.5000000001746,-1534.5000000001746,-1534.5000000001746
2026-05-08,6972.699999999924,False,False,False,False,6972.699999999924,6972.699999999924,6972.699999999924
2026-05-11,-1025.2999999999302,False,False,False,False,-1025.2999999999302,-1025.2999999999302,-1025.2999999999302
2026-05-12,-352.10000000015134,False,False,False,False,-352.10000000015134,-352.10000000015134,-352.10000000015134
2026-05-13,-1436.400000000227,False,False,False,False,-1436.400000000227,-1436.400000000227,-1436.400000000227
2026-05-14,-95.69999999998254,False,False,False,False,-95.69999999998254,-95.69999999998254,-95.69999999998254
2026-05-15,-3254.7000000003027,False,False,False,False,-3254.7000000003027,-3254.7000000003027,-3254.7000000003027
2026-05-18,-1689.2000000000407,False,False,False,False,-1689.2000000000407,-1689.2000000000407,-1689.2000000000407
2026-05-19,-7408.599999999977,False,False,False,False,-7408.599999999977,-7408.599999999977,-7408.599999999977
2026-05-20,503.80000000004657,False,False,False,False,503.80000000004657,503.80000000004657,503.80000000004657
2026-05-21,-820.9999999999418,False,False,False,False,-820.9999999999418,-820.9999999999418,-820.9999999999418
2026-05-22,-926.1999999999824,False,False,False,False,-926.1999999999824,-926.1999999999824,-926.1999999999824
2026-05-25,1626.7999999999884,False,False,False,False,1626.7999999999884,1626.7999999999884,1626.7999999999884
2026-05-26,-91.10000000000582,False,False,False,False,-91.10000000000582,-91.10000000000582,-91.10000000000582
2026-05-27,5.999999999650754,False,False,False,False,5.999999999650754,5.999999999650754,5.999999999650754
2026-05-28,-518.9000000000233,False,False,False,False,-518.9000000000233,-518.9000000000233,-518.9000000000233
2026-05-29,-927.5999999999476,False,False,False,False,-927.5999999999476,-927.5999999999476,-927.5999999999476
