session,variant,w,I,dir,A,B,n_imp,n_pb,n,n_tgt,n_adv,n_cap,gross_sum
s20250814,market,30,12,long,24,8,52,44,21,6,15,0,24.0
s20250814,passive,30,12,long,24,8,53,44,31,8,23,0,8.0
s20250814,passive_stress,30,12,long,24,8,54,45,32,5,27,0,-96.0
s20250814,market,30,12,long,32,10,51,43,20,4,16,0,-32.0
s20250814,passive,30,12,long,32,10,53,44,31,5,26,0,-100.0
s20250814,passive_stress,30,12,long,32,10,53,44,31,5,26,0,-100.0
s20250814,market,30,8,long,24,8,66,37,12,4,8,0,32.0
s20250814,passive,30,8,long,24,8,60,33,28,8,20,0,32.0
s20250814,passive_stress,30,8,long,24,8,60,33,28,7,21,0,0.0
s20250814,market,30,8,long,32,10,64,37,12,3,9,0,6.0
s20250814,passive,30,8,long,32,10,58,31,26,7,19,0,34.0
s20250814,passive_stress,30,8,long,32,10,58,31,26,7,19,0,34.0
s20250814,market,30,16,long,24,8,47,45,25,7,18,0,24.0
s20250814,passive,30,16,long,24,8,54,51,34,7,27,0,-48.0
s20250814,passive_stress,30,16,long,24,8,54,51,34,7,27,0,-48.0
s20250814,market,30,16,long,32,10,46,44,24,6,18,0,12.0
s20250814,passive,30,16,long,32,10,53,51,34,6,28,0,-88.0
s20250814,passive_stress,30,16,long,32,10,54,51,34,5,29,0,-130.0
s20250814,market,30,12,short,24,8,55,44,17,5,12,0,24.0
s20250814,passive,30,12,short,24,8,57,44,35,7,28,0,-56.0
s20250814,passive_stress,30,12,short,24,8,58,45,36,5,31,0,-128.0
s20250814,market,30,12,short,32,10,54,44,17,4,13,0,-2.0
s20250814,passive,30,12,short,32,10,53,40,31,8,23,0,26.0
s20250814,passive_stress,30,12,short,32,10,55,42,33,6,27,0,-78.0
s20250814,market,30,8,short,24,8,66,25,9,3,6,0,24.0
s20250814,passive,30,8,short,24,8,64,25,21,5,16,0,-8.0
s20250814,passive_stress,30,8,short,24,8,64,25,21,2,19,0,-104.0
s20250814,market,30,8,short,32,10,65,25,9,2,7,0,-6.0
s20250814,passive,30,8,short,32,10,64,26,22,3,19,0,-94.0
s20250814,passive_stress,30,8,short,32,10,64,26,22,2,20,0,-136.0
s20250814,market,30,16,short,24,8,51,45,21,5,16,0,-8.0
s20250814,passive,30,16,short,24,8,58,49,36,8,28,0,-32.0
s20250814,passive_stress,30,16,short,24,8,58,49,36,7,29,0,-64.0
s20250814,market,30,16,short,32,10,50,44,21,4,17,0,-42.0
s20250814,passive,30,16,short,32,10,57,48,35,5,30,0,-140.0
s20250814,passive_stress,30,16,short,32,10,57,48,35,5,30,0,-140.0
s20250814,market,15,12,long,24,8,230,180,85,22,63,0,24.0
s20250814,passive,15,12,long,24,8,239,188,140,38,102,0,96.0
s20250814,passive_stress,15,12,long,24,8,240,189,142,31,111,0,-144.0
s20250814,market,15,12,long,32,10,216,168,83,19,63,1,8.5
s20250814,passive,15,12,long,32,10,207,162,123,28,93,2,-32.89999999999418
s20250814,passive_stress,15,12,long,32,10,211,165,126,23,101,2,-274.8999999999942
s20250814,market,15,8,long,24,8,295,159,60,15,45,0,0.0
s20250814,passive,15,8,long,24,8,272,146,113,28,85,0,-8.0
s20250814,passive_stress,15,8,long,24,8,278,150,116,25,91,0,-128.0
s20250814,market,15,8,long,32,10,279,150,58,15,43,0,50.0
s20250814,passive,15,8,long,32,10,248,132,101,23,77,1,-20.80000000000291
s20250814,passive_stress,15,8,long,32,10,259,139,105,22,83,0,-126.0
s20250814,market,15,16,long,24,8,192,171,86,23,63,0,48.0
s20250814,passive,15,16,long,24,8,211,190,133,31,102,0,-72.0
s20250814,passive_stress,15,16,long,24,8,219,196,137,26,111,0,-264.0
s20250814,market,15,16,long,32,10,186,165,83,18,64,1,-33.5
s20250814,passive,15,16,long,32,10,201,180,125,24,101,0,-242.0
s20250814,passive_stress,15,16,long,32,10,210,189,129,21,108,0,-408.0
s20250814,market,15,12,short,24,8,251,209,85,21,64,0,-8.0
s20250814,passive,15,12,short,24,8,229,191,156,35,121,0,-128.0
s20250814,passive_stress,15,12,short,24,8,233,195,160,33,127,0,-224.0
s20250814,market,15,12,short,32,10,237,197,83,23,60,0,136.0
s20250814,passive,15,12,short,32,10,214,177,144,35,109,0,30.0
s20250814,passive_stress,15,12,short,32,10,217,181,147,32,115,0,-126.0
s20250814,market,15,8,short,24,8,318,165,61,16,45,0,24.0
s20250814,passive,15,8,short,24,8,274,137,121,36,85,0,184.0
s20250814,passive_stress,15,8,short,24,8,278,137,120,27,93,0,-96.0
s20250814,market,15,8,short,32,10,302,158,57,13,43,1,12.0
s20250814,passive,15,8,short,32,10,247,128,112,34,76,2,359.8999999999942
s20250814,passive_stress,15,8,short,32,10,258,131,115,30,84,1,141.1999999999971
s20250814,market,15,16,short,24,8,197,181,89,21,68,0,-40.0
s20250814,passive,15,16,short,24,8,194,175,129,33,96,0,24.0
s20250814,passive_stress,15,16,short,24,8,193,174,130,30,100,0,-80.0
s20250814,market,15,16,short,32,10,192,176,86,22,64,0,64.0
s20250814,passive,15,16,short,32,10,181,164,121,29,92,0,8.0
s20250814,passive_stress,15,16,short,32,10,185,168,124,27,97,0,-106.0
s20250820,market,30,12,long,24,8,87,62,20,7,13,0,64.0
s20250820,passive,30,12,long,24,8,75,53,48,7,41,0,-160.0
s20250820,passive_stress,30,12,long,24,8,75,53,48,5,43,0,-224.0
s20250820,market,30,12,long,32,10,87,62,20,5,15,0,10.0
s20250820,passive,30,12,long,32,10,75,53,48,8,40,0,-144.0
s20250820,passive_stress,30,12,long,32,10,75,53,48,8,40,0,-144.0
s20250820,market,30,8,long,24,8,105,32,10,3,7,0,16.0
s20250820,passive,30,8,long,24,8,100,32,28,2,26,0,-160.0
s20250820,passive_stress,30,8,long,24,8,100,32,28,2,26,0,-160.0
s20250820,market,30,8,long,32,10,105,32,10,1,9,0,-58.0
s20250820,passive,30,8,long,32,10,100,32,28,4,24,0,-112.0
s20250820,passive_stress,30,8,long,32,10,100,32,28,1,27,0,-238.0
s20250820,market,30,16,long,24,8,77,67,22,6,16,0,16.0
s20250820,passive,30,16,long,24,8,75,67,57,8,49,0,-200.0
s20250820,passive_stress,30,16,long,24,8,75,67,57,7,50,0,-232.0
s20250820,market,30,16,long,32,10,77,67,22,4,18,0,-52.0
s20250820,passive,30,16,long,32,10,74,67,57,9,48,0,-192.0
s20250820,passive_stress,30,16,long,32,10,74,67,57,8,49,0,-234.0
s20250820,market,30,12,short,24,8,89,55,28,4,24,0,-96.0
s20250820,passive,30,12,short,24,8,85,53,41,7,34,0,-104.0
s20250820,passive_stress,30,12,short,24,8,85,53,41,6,35,0,-136.0
s20250820,market,30,12,short,32,10,89,55,28,5,23,0,-70.0
s20250820,passive,30,12,short,32,10,85,53,41,8,33,0,-74.0
s20250820,passive_stress,30,12,short,32,10,85,53,41,7,34,0,-116.0
s20250820,market,30,8,short,24,8,101,31,15,4,11,0,8.0
s20250820,passive,30,8,short,24,8,94,28,25,8,17,0,56.0
s20250820,passive_stress,30,8,short,24,8,94,28,25,6,19,0,-8.0
s20250820,market,30,8,short,32,10,101,31,15,5,10,0,60.0
s20250820,passive,30,8,short,32,10,94,28,25,7,18,0,44.0
s20250820,passive_stress,30,8,short,32,10,94,28,25,7,18,0,44.0
s20250820,market,30,16,short,24,8,78,61,32,5,27,0,-96.0
s20250820,passive,30,16,short,24,8,82,68,47,7,40,0,-152.0
s20250820,passive_stress,30,16,short,24,8,82,68,47,6,41,0,-184.0
s20250820,market,30,16,short,32,10,78,61,32,6,26,0,-68.0
s20250820,passive,30,16,short,32,10,82,68,47,7,40,0,-176.0
s20250820,passive_stress,30,16,short,32,10,82,68,47,4,43,0,-302.0
s20250820,market,15,12,long,24,8,294,210,89,17,72,0,-168.0
s20250820,passive,15,12,long,24,8,284,206,167,30,137,0,-376.0
s20250820,passive_stress,15,12,long,24,8,286,208,169,22,147,0,-648.0
s20250820,market,15,12,long,32,10,290,206,86,19,67,0,-62.0
s20250820,passive,15,12,long,32,10,277,200,160,29,131,0,-382.0
s20250820,passive_stress,15,12,long,32,10,277,201,162,25,137,0,-570.0
s20250820,market,15,8,long,24,8,374,146,54,9,45,0,-144.0
s20250820,passive,15,8,long,24,8,354,134,114,21,93,0,-240.0
s20250820,passive_stress,15,8,long,24,8,356,136,115,15,100,0,-440.0
s20250820,market,15,8,long,32,10,367,139,51,9,42,0,-132.0
s20250820,passive,15,8,long,32,10,337,130,110,24,86,0,-92.0
s20250820,passive_stress,15,8,long,32,10,344,131,111,17,94,0,-396.0
s20250820,market,15,16,long,24,8,261,226,104,17,87,0,-288.0
s20250820,passive,15,16,long,24,8,270,234,183,34,149,0,-376.0
s20250820,passive_stress,15,16,long,24,8,271,235,184,31,153,0,-480.0
s20250820,market,15,16,long,32,10,255,221,102,23,79,0,-54.0
s20250820,passive,15,16,long,32,10,249,215,169,34,135,0,-262.0
s20250820,passive_stress,15,16,long,32,10,262,227,176,32,144,0,-416.0
s20250820,market,15,12,short,24,8,306,212,104,24,80,0,-64.0
s20250820,passive,15,12,short,24,8,303,205,166,31,135,0,-336.0
s20250820,passive_stress,15,12,short,24,8,306,207,168,27,141,0,-480.0
s20250820,market,15,12,short,32,10,297,208,103,26,77,0,62.0
s20250820,passive,15,12,short,32,10,292,196,161,33,128,0,-224.0
s20250820,passive_stress,15,12,short,32,10,291,197,162,29,133,0,-402.0
s20250820,market,15,8,short,24,8,387,137,63,15,48,0,-24.0
s20250820,passive,15,8,short,24,8,369,125,105,23,82,0,-104.0
s20250820,passive_stress,15,8,short,24,8,370,125,106,19,87,0,-240.0
s20250820,market,15,8,short,32,10,380,132,61,18,43,0,146.0
s20250820,passive,15,8,short,32,10,361,121,102,22,80,0,-96.0
s20250820,passive_stress,15,8,short,32,10,362,123,103,19,84,0,-232.0
s20250820,market,15,16,short,24,8,271,235,121,28,93,0,-72.0
s20250820,passive,15,16,short,24,8,277,234,176,36,140,0,-256.0
s20250820,passive_stress,15,16,short,24,8,280,238,178,32,146,0,-400.0
s20250820,market,15,16,short,32,10,263,229,119,30,89,0,70.0
s20250820,passive,15,16,short,32,10,270,227,168,42,126,0,84.0
s20250820,passive_stress,15,16,short,32,10,274,229,173,36,137,0,-218.0
s20250901,market,30,12,long,24,8,24,22,6,0,6,0,-48.0
s20250901,passive,30,12,long,24,8,21,19,13,1,8,4,11.200000000011642
s20250901,passive_stress,30,12,long,24,8,21,19,13,1,8,4,7.2000000000116415
s20250901,market,30,12,long,32,10,24,22,6,0,5,1,-38.0
s20250901,passive,30,12,long,32,10,19,17,12,0,6,6,8.300000000017462
s20250901,passive_stress,30,12,long,32,10,19,17,12,0,6,6,2.3000000000174623
s20250901,market,30,8,long,24,8,37,29,9,2,6,1,15.0
s20250901,passive,30,8,long,24,8,35,26,20,2,13,5,3.499999999985448
s20250901,passive_stress,30,8,long,24,8,36,27,21,1,15,5,-41.50000000001455
s20250901,market,30,8,long,32,10,35,27,9,1,5,3,35.0
s20250901,passive,30,8,long,32,10,34,26,20,1,11,8,4.599999999976717
s20250901,passive_stress,30,8,long,32,10,34,26,20,1,13,6,-35.80000000001746
s20250901,market,30,16,long,24,8,14,12,3,0,3,0,-24.0
s20250901,passive,30,16,long,24,8,11,9,6,1,3,2,27.29999999998836
s20250901,passive_stress,30,16,long,24,8,12,10,7,1,4,2,17.29999999998836
s20250901,market,30,16,long,32,10,14,12,3,0,3,0,-30.0
s20250901,passive,30,16,long,32,10,11,9,6,0,3,3,7.199999999982538
s20250901,passive_stress,30,16,long,32,10,11,9,6,0,3,3,4.199999999982538
s20250901,market,30,12,short,24,8,18,13,4,0,3,1,-15.0
s20250901,passive,30,12,short,24,8,19,14,10,0,10,0,-80.0
s20250901,passive_stress,30,12,short,24,8,19,14,10,0,10,0,-80.0
s20250901,market,30,12,short,32,10,18,13,4,0,3,1,-21.0
s20250901,passive,30,12,short,32,10,19,14,10,0,10,0,-100.0
s20250901,passive_stress,30,12,short,32,10,19,14,10,0,10,0,-100.0
s20250901,market,30,8,short,24,8,37,22,8,0,4,4,8.0
s20250901,passive,30,8,short,24,8,37,24,16,2,10,4,-7.2000000000116415
s20250901,passive_stress,30,8,short,24,8,38,24,16,1,10,5,-18.500000000014552
s20250901,market,30,8,short,32,10,37,22,8,0,4,4,0.0
s20250901,passive,30,8,short,32,10,36,23,15,0,10,5,-35.00000000001455
s20250901,passive_stress,30,8,short,32,10,36,23,15,0,10,5,-40.00000000001455
s20250901,market,30,16,short,24,8,9,7,3,0,3,0,-24.0
s20250901,passive,30,16,short,24,8,10,8,5,0,5,0,-40.0
s20250901,passive_stress,30,16,short,24,8,10,8,5,0,5,0,-40.0
s20250901,market,30,16,short,32,10,9,7,3,0,3,0,-30.0
s20250901,passive,30,16,short,32,10,10,8,5,0,5,0,-50.0
s20250901,passive_stress,30,16,short,32,10,10,8,5,0,5,0,-50.0
s20250901,market,15,12,long,24,8,26,21,5,1,4,0,-8.0
s20250901,passive,15,12,long,24,8,20,16,12,3,8,1,27.80000000000291
s20250901,passive_stress,15,12,long,24,8,20,16,12,3,8,1,26.80000000000291
s20250901,market,15,12,long,32,10,26,21,5,1,3,1,14.0
s20250901,passive,15,12,long,32,10,19,15,11,3,6,2,66.10000000000582
s20250901,passive_stress,15,12,long,32,10,20,16,12,2,8,2,12.10000000000582
s20250901,market,15,8,long,24,8,60,44,10,2,7,1,7.0
s20250901,passive,15,8,long,24,8,47,33,26,5,17,4,7.7999999999883585
s20250901,passive_stress,15,8,long,24,8,49,35,29,3,21,5,-64.50000000001455
s20250901,market,15,8,long,32,10,55,39,9,2,5,2,41.0
s20250901,passive,15,8,long,32,10,42,29,23,2,13,8,3.099999999976717
s20250901,passive_stress,15,8,long,32,10,43,30,23,2,14,7,-20.600000000020373
s20250901,market,15,16,long,24,8,12,9,3,0,3,0,-24.0
s20250901,passive,15,16,long,24,8,12,9,8,3,5,0,32.0
s20250901,passive_stress,15,16,long,24,8,11,8,7,2,5,0,8.0
s20250901,market,15,16,long,32,10,12,9,3,0,3,0,-30.0
s20250901,passive,15,16,long,32,10,9,7,6,3,3,0,66.0
s20250901,passive_stress,15,16,long,32,10,10,7,6,3,3,0,66.0
s20250901,market,15,12,short,24,8,17,15,8,1,7,0,-32.0
s20250901,passive,15,12,short,24,8,22,17,9,0,8,1,-55.69999999999709
s20250901,passive_stress,15,12,short,24,8,22,17,9,0,8,1,-56.69999999999709
s20250901,market,15,12,short,32,10,18,15,8,2,6,0,4.0
s20250901,passive,15,12,short,32,10,20,16,9,1,6,2,-15.89999999999418
s20250901,passive_stress,15,12,short,32,10,20,16,9,1,7,1,-30.69999999999709
s20250901,market,15,8,short,24,8,55,38,12,1,10,1,-49.0
s20250901,passive,15,8,short,24,8,53,34,23,1,18,4,-100.70000000001164
s20250901,passive_stress,15,8,short,24,8,55,36,25,1,20,4,-120.20000000001164
s20250901,market,15,8,short,32,10,52,37,12,2,9,1,-19.0
s20250901,passive,15,8,short,32,10,52,34,23,1,15,7,-114.60000000002037
s20250901,passive_stress,15,8,short,32,10,52,34,23,1,16,6,-122.30000000001746
s20250901,market,15,16,short,24,8,7,7,5,0,5,0,-40.0
s20250901,passive,15,16,short,24,8,9,8,4,1,2,1,13.39999999999418
s20250901,passive_stress,15,16,short,24,8,9,8,4,0,4,0,-32.0
s20250901,market,15,16,short,32,10,8,7,5,1,4,0,-8.0
s20250901,passive,15,16,short,32,10,6,6,4,2,1,1,59.39999999999418
s20250901,passive_stress,15,16,short,32,10,6,6,4,2,1,1,58.39999999999418
s20250902,market,30,12,long,24,8,0,0,0,0,0,0,0.0
s20250902,passive,30,12,long,24,8,0,0,0,0,0,0,0.0
s20250902,passive_stress,30,12,long,24,8,0,0,0,0,0,0,0.0
s20250902,market,30,12,long,32,10,0,0,0,0,0,0,0.0
s20250902,passive,30,12,long,32,10,0,0,0,0,0,0,0.0
s20250902,passive_stress,30,12,long,32,10,0,0,0,0,0,0,0.0
s20250902,market,30,8,long,24,8,0,0,0,0,0,0,0.0
s20250902,passive,30,8,long,24,8,0,0,0,0,0,0,0.0
s20250902,passive_stress,30,8,long,24,8,0,0,0,0,0,0,0.0
s20250902,market,30,8,long,32,10,0,0,0,0,0,0,0.0
s20250902,passive,30,8,long,32,10,0,0,0,0,0,0,0.0
s20250902,passive_stress,30,8,long,32,10,0,0,0,0,0,0,0.0
s20250902,market,30,16,long,24,8,0,0,0,0,0,0,0.0
s20250902,passive,30,16,long,24,8,0,0,0,0,0,0,0.0
s20250902,passive_stress,30,16,long,24,8,0,0,0,0,0,0,0.0
s20250902,market,30,16,long,32,10,0,0,0,0,0,0,0.0
s20250902,passive,30,16,long,32,10,0,0,0,0,0,0,0.0
s20250902,passive_stress,30,16,long,32,10,0,0,0,0,0,0,0.0
s20250902,market,30,12,short,24,8,0,0,0,0,0,0,0.0
s20250902,passive,30,12,short,24,8,0,0,0,0,0,0,0.0
s20250902,passive_stress,30,12,short,24,8,0,0,0,0,0,0,0.0
s20250902,market,30,12,short,32,10,0,0,0,0,0,0,0.0
s20250902,passive,30,12,short,32,10,0,0,0,0,0,0,0.0
s20250902,passive_stress,30,12,short,32,10,0,0,0,0,0,0,0.0
s20250902,market,30,8,short,24,8,0,0,0,0,0,0,0.0
s20250902,passive,30,8,short,24,8,0,0,0,0,0,0,0.0
s20250902,passive_stress,30,8,short,24,8,0,0,0,0,0,0,0.0
s20250902,market,30,8,short,32,10,0,0,0,0,0,0,0.0
s20250902,passive,30,8,short,32,10,0,0,0,0,0,0,0.0
s20250902,passive_stress,30,8,short,32,10,0,0,0,0,0,0,0.0
s20250902,market,30,16,short,24,8,0,0,0,0,0,0,0.0
s20250902,passive,30,16,short,24,8,0,0,0,0,0,0,0.0
s20250902,passive_stress,30,16,short,24,8,0,0,0,0,0,0,0.0
s20250902,market,30,16,short,32,10,0,0,0,0,0,0,0.0
s20250902,passive,30,16,short,32,10,0,0,0,0,0,0,0.0
s20250902,passive_stress,30,16,short,32,10,0,0,0,0,0,0,0.0
s20250902,market,15,12,long,24,8,0,0,0,0,0,0,0.0
s20250902,passive,15,12,long,24,8,0,0,0,0,0,0,0.0
s20250902,passive_stress,15,12,long,24,8,0,0,0,0,0,0,0.0
s20250902,market,15,12,long,32,10,0,0,0,0,0,0,0.0
s20250902,passive,15,12,long,32,10,0,0,0,0,0,0,0.0
s20250902,passive_stress,15,12,long,32,10,0,0,0,0,0,0,0.0
s20250902,market,15,8,long,24,8,0,0,0,0,0,0,0.0
s20250902,passive,15,8,long,24,8,0,0,0,0,0,0,0.0
s20250902,passive_stress,15,8,long,24,8,0,0,0,0,0,0,0.0
s20250902,market,15,8,long,32,10,0,0,0,0,0,0,0.0
s20250902,passive,15,8,long,32,10,0,0,0,0,0,0,0.0
s20250902,passive_stress,15,8,long,32,10,0,0,0,0,0,0,0.0
s20250902,market,15,16,long,24,8,0,0,0,0,0,0,0.0
s20250902,passive,15,16,long,24,8,0,0,0,0,0,0,0.0
s20250902,passive_stress,15,16,long,24,8,0,0,0,0,0,0,0.0
s20250902,market,15,16,long,32,10,0,0,0,0,0,0,0.0
s20250902,passive,15,16,long,32,10,0,0,0,0,0,0,0.0
s20250902,passive_stress,15,16,long,32,10,0,0,0,0,0,0,0.0
s20250902,market,15,12,short,24,8,0,0,0,0,0,0,0.0
s20250902,passive,15,12,short,24,8,0,0,0,0,0,0,0.0
s20250902,passive_stress,15,12,short,24,8,0,0,0,0,0,0,0.0
s20250902,market,15,12,short,32,10,0,0,0,0,0,0,0.0
s20250902,passive,15,12,short,32,10,0,0,0,0,0,0,0.0
s20250902,passive_stress,15,12,short,32,10,0,0,0,0,0,0,0.0
s20250902,market,15,8,short,24,8,0,0,0,0,0,0,0.0
s20250902,passive,15,8,short,24,8,0,0,0,0,0,0,0.0
s20250902,passive_stress,15,8,short,24,8,0,0,0,0,0,0,0.0
s20250902,market,15,8,short,32,10,0,0,0,0,0,0,0.0
s20250902,passive,15,8,short,32,10,0,0,0,0,0,0,0.0
s20250902,passive_stress,15,8,short,32,10,0,0,0,0,0,0,0.0
s20250902,market,15,16,short,24,8,0,0,0,0,0,0,0.0
s20250902,passive,15,16,short,24,8,0,0,0,0,0,0,0.0
s20250902,passive_stress,15,16,short,24,8,0,0,0,0,0,0,0.0
s20250902,market,15,16,short,32,10,0,0,0,0,0,0,0.0
s20250902,passive,15,16,short,32,10,0,0,0,0,0,0,0.0
s20250902,passive_stress,15,16,short,32,10,0,0,0,0,0,0,0.0
s20250905,market,30,12,long,24,8,70,51,21,1,20,0,-136.0
s20250905,passive,30,12,long,24,8,72,52,39,4,35,0,-184.0
s20250905,passive_stress,30,12,long,24,8,72,52,39,3,36,0,-216.0
s20250905,market,30,12,long,32,10,70,51,21,1,20,0,-168.0
s20250905,passive,30,12,long,32,10,70,50,38,4,34,0,-212.0
s20250905,passive_stress,30,12,long,32,10,70,50,38,4,34,0,-212.0
s20250905,market,30,8,long,24,8,82,37,12,0,12,0,-96.0
s20250905,passive,30,8,long,24,8,74,31,28,4,24,0,-96.0
s20250905,passive_stress,30,8,long,24,8,74,31,28,3,25,0,-128.0
s20250905,market,30,8,long,32,10,82,37,12,0,12,0,-120.0
s20250905,passive,30,8,long,32,10,74,31,28,4,24,0,-112.0
s20250905,passive_stress,30,8,long,32,10,74,31,28,4,24,0,-112.0
s20250905,market,30,16,long,24,8,63,56,29,2,27,0,-168.0
s20250905,passive,30,16,long,24,8,70,62,44,8,36,0,-96.0
s20250905,passive_stress,30,16,long,24,8,70,62,44,8,36,0,-96.0
s20250905,market,30,16,long,32,10,62,55,28,3,25,0,-154.0
s20250905,passive,30,16,long,32,10,67,59,42,6,36,0,-168.0
s20250905,passive_stress,30,16,long,32,10,67,59,42,6,36,0,-168.0
s20250905,market,30,12,short,24,8,72,34,17,4,13,0,-8.0
s20250905,passive,30,12,short,24,8,73,37,29,6,23,0,-40.0
s20250905,passive_stress,30,12,short,24,8,73,37,29,5,24,0,-72.0
s20250905,market,30,12,short,32,10,72,34,17,4,13,0,-2.0
s20250905,passive,30,12,short,32,10,73,37,29,7,22,0,4.0
s20250905,passive_stress,30,12,short,32,10,73,37,29,6,23,0,-38.0
s20250905,market,30,8,short,24,8,85,21,4,1,3,0,0.0
s20250905,passive,30,8,short,24,8,80,21,18,4,14,0,-16.0
s20250905,passive_stress,30,8,short,24,8,81,21,18,3,15,0,-48.0
s20250905,market,30,8,short,32,10,85,21,4,1,3,0,2.0
s20250905,passive,30,8,short,32,10,80,21,18,3,15,0,-54.0
s20250905,passive_stress,30,8,short,32,10,80,21,18,3,15,0,-54.0
s20250905,market,30,16,short,24,8,67,39,19,5,14,0,8.0
s20250905,passive,30,16,short,24,8,67,40,30,8,22,0,16.0
s20250905,passive_stress,30,16,short,24,8,67,40,30,7,23,0,-16.0
s20250905,market,30,16,short,32,10,67,39,19,5,14,0,20.0
s20250905,passive,30,16,short,32,10,67,40,30,9,21,0,78.0
s20250905,passive_stress,30,16,short,32,10,67,40,30,8,22,0,36.0
s20250905,market,15,12,long,24,8,288,193,88,21,67,0,-32.0
s20250905,passive,15,12,long,24,8,287,194,156,30,126,0,-288.0
s20250905,passive_stress,15,12,long,24,8,288,195,158,26,132,0,-432.0
s20250905,market,15,12,long,32,10,281,187,84,19,65,0,-42.0
s20250905,passive,15,12,long,32,10,272,183,149,28,121,0,-314.0
s20250905,passive_stress,15,12,long,32,10,278,187,151,26,125,0,-418.0
s20250905,market,15,8,long,24,8,353,133,45,10,35,0,-40.0
s20250905,passive,15,8,long,24,8,345,127,110,21,89,0,-208.0
s20250905,passive_stress,15,8,long,24,8,350,128,110,16,94,0,-368.0
s20250905,market,15,8,long,32,10,349,130,44,11,33,0,22.0
s20250905,passive,15,8,long,32,10,334,123,107,17,90,0,-356.0
s20250905,passive_stress,15,8,long,32,10,335,123,108,15,93,0,-450.0
s20250905,market,15,16,long,24,8,251,203,93,22,71,0,-40.0
s20250905,passive,15,16,long,24,8,265,214,162,35,127,0,-176.0
s20250905,passive_stress,15,16,long,24,8,269,217,163,29,134,0,-376.0
s20250905,market,15,16,long,32,10,245,197,90,23,67,0,66.0
s20250905,passive,15,16,long,32,10,252,202,153,27,125,1,-373.6000000000058
s20250905,passive_stress,15,16,long,32,10,255,205,153,26,126,1,-416.6000000000058
s20250905,market,15,12,short,24,8,313,180,80,22,58,0,64.0
s20250905,passive,15,12,short,24,8,290,171,140,27,113,0,-256.0
s20250905,passive_stress,15,12,short,24,8,291,171,140,21,119,0,-448.0
s20250905,market,15,12,short,32,10,300,174,78,20,58,0,60.0
s20250905,passive,15,12,short,32,10,281,165,135,25,110,0,-300.0
s20250905,passive_stress,15,12,short,32,10,286,170,139,20,119,0,-550.0
s20250905,market,15,8,short,24,8,386,120,41,9,32,0,-40.0
s20250905,passive,15,8,short,24,8,351,110,98,17,81,0,-240.0
s20250905,passive_stress,15,8,short,24,8,355,110,98,14,84,0,-336.0
s20250905,market,15,8,short,32,10,380,118,40,9,31,0,-22.0
s20250905,passive,15,8,short,32,10,347,108,96,17,79,0,-246.0
s20250905,passive_stress,15,8,short,32,10,346,108,96,15,81,0,-330.0
s20250905,market,15,16,short,24,8,266,201,98,23,75,0,-48.0
s20250905,passive,15,16,short,24,8,273,201,149,31,118,0,-200.0
s20250905,passive_stress,15,16,short,24,8,273,201,149,23,126,0,-456.0
s20250905,market,15,16,short,32,10,254,192,96,21,75,0,-78.0
s20250905,passive,15,16,short,32,10,263,195,144,29,115,0,-222.0
s20250905,passive_stress,15,16,short,32,10,264,195,144,26,118,0,-348.0
s20250910,market,30,12,long,24,8,59,49,20,2,18,0,-96.0
s20250910,passive,30,12,long,24,8,62,50,41,4,37,0,-200.0
s20250910,passive_stress,30,12,long,24,8,63,51,42,3,39,0,-240.0
s20250910,market,30,12,long,32,10,58,48,19,1,18,0,-148.0
s20250910,passive,30,12,long,32,10,61,49,40,3,36,1,-250.6999999999971
s20250910,passive_stress,30,12,long,32,10,61,49,40,3,36,1,-251.6999999999971
s20250910,market,30,8,long,24,8,66,35,12,2,10,0,-32.0
s20250910,passive,30,8,long,24,8,66,37,32,4,28,0,-128.0
s20250910,passive_stress,30,8,long,24,8,67,37,32,3,29,0,-160.0
s20250910,market,30,8,long,32,10,65,34,11,1,10,0,-68.0
s20250910,passive,30,8,long,32,10,63,35,30,2,27,1,-194.3000000000029
s20250910,passive_stress,30,8,long,32,10,63,35,30,2,27,1,-195.3000000000029
s20250910,market,30,16,long,24,8,54,53,27,3,24,0,-120.0
s20250910,passive,30,16,long,24,8,66,63,46,6,40,0,-176.0
s20250910,passive_stress,30,16,long,24,8,66,63,46,4,42,0,-240.0
s20250910,market,30,16,long,32,10,53,52,26,1,25,0,-218.0
s20250910,passive,30,16,long,32,10,62,59,45,5,38,2,-192.20000000001164
s20250910,passive_stress,30,16,long,32,10,63,60,46,5,39,2,-204.20000000001164
s20250910,market,30,12,short,24,8,77,65,23,7,16,0,40.0
s20250910,passive,30,12,short,24,8,73,64,50,15,35,0,80.0
s20250910,passive_stress,30,12,short,24,8,73,64,50,13,37,0,16.0
s20250910,market,30,12,short,32,10,75,64,23,6,16,1,44.5
s20250910,passive,30,12,short,32,10,71,62,49,11,38,0,-28.0
s20250910,passive_stress,30,12,short,32,10,72,63,49,10,39,0,-70.0
s20250910,market,30,8,short,24,8,89,54,15,2,13,0,-56.0
s20250910,passive,30,8,short,24,8,75,47,42,12,30,0,48.0
s20250910,passive_stress,30,8,short,24,8,76,48,43,9,34,0,-56.0
s20250910,market,30,8,short,32,10,88,53,15,2,13,0,-66.0
s20250910,passive,30,8,short,32,10,74,46,41,11,30,0,52.0
s20250910,passive_stress,30,8,short,32,10,74,46,41,9,32,0,-32.0
s20250910,market,30,16,short,24,8,69,63,28,7,21,0,0.0
s20250910,passive,30,16,short,24,8,74,67,47,12,35,0,8.0
s20250910,passive_stress,30,16,short,24,8,74,67,47,11,36,0,-24.0
s20250910,market,30,16,short,32,10,67,61,28,7,20,1,36.5
s20250910,passive,30,16,short,32,10,68,63,45,12,33,0,54.0
s20250910,passive_stress,30,16,short,32,10,71,65,46,9,37,0,-82.0
s20250910,market,15,12,long,24,8,240,201,84,17,67,0,-128.0
s20250910,passive,15,12,long,24,8,245,208,165,27,138,0,-456.0
s20250910,passive_stress,15,12,long,24,8,248,211,168,20,148,0,-704.0
s20250910,market,15,12,long,32,10,230,192,80,16,64,0,-128.0
s20250910,passive,15,12,long,32,10,232,196,157,17,138,2,-811.3999999999942
s20250910,passive_stress,15,12,long,32,10,233,197,157,14,142,1,-959.6999999999971
s20250910,market,15,8,long,24,8,301,166,53,11,42,0,-72.0
s20250910,passive,15,8,long,24,8,300,161,129,14,115,0,-584.0
s20250910,passive_stress,15,8,long,24,8,305,162,131,12,119,0,-664.0
s20250910,market,15,8,long,32,10,296,164,52,9,43,0,-142.0
s20250910,passive,15,8,long,32,10,273,143,116,10,104,2,-685.1000000000058
s20250910,passive_stress,15,8,long,32,10,285,148,119,9,108,2,-759.1000000000058
s20250910,market,15,16,long,24,8,203,195,87,13,74,0,-280.0
s20250910,passive,15,16,long,24,8,222,211,152,23,129,0,-480.0
s20250910,passive_stress,15,16,long,24,8,222,211,151,19,132,0,-600.0
s20250910,market,15,16,long,32,10,193,186,84,12,72,0,-336.0
s20250910,passive,15,16,long,32,10,207,196,142,17,122,3,-635.3000000000175
s20250910,passive_stress,15,16,long,32,10,208,198,143,16,125,2,-719.7000000000116
s20250910,market,15,12,short,24,8,245,197,96,28,68,0,128.0
s20250910,passive,15,12,short,24,8,252,204,160,34,126,0,-192.0
s20250910,passive_stress,15,12,short,24,8,257,207,162,31,131,0,-304.0
s20250910,market,15,12,short,32,10,237,191,92,26,66,0,172.0
s20250910,passive,15,12,short,32,10,238,192,150,27,122,1,-358.1999999999971
s20250910,passive_stress,15,12,short,32,10,239,192,151,26,124,1,-411.1999999999971
s20250910,market,15,8,short,24,8,322,159,57,18,39,0,120.0
s20250910,passive,15,8,short,24,8,289,144,121,23,98,0,-232.0
s20250910,passive_stress,15,8,short,24,8,294,150,126,20,106,0,-368.0
s20250910,market,15,8,short,32,10,314,153,56,19,37,0,238.0
s20250910,passive,15,8,short,32,10,285,140,116,25,91,0,-110.0
s20250910,passive_stress,15,8,short,32,10,287,140,116,23,93,0,-194.0
s20250910,market,15,16,short,24,8,208,187,97,24,73,0,-8.0
s20250910,passive,15,16,short,24,8,229,209,148,28,120,0,-288.0
s20250910,passive_stress,15,16,short,24,8,229,209,148,24,124,0,-416.0
s20250910,market,15,16,short,32,10,198,178,92,24,68,0,88.0
s20250910,passive,15,16,short,32,10,217,197,139,30,109,0,-130.0
s20250910,passive_stress,15,16,short,32,10,224,204,145,24,121,0,-442.0
s20250911,market,30,12,long,24,8,50,48,21,2,19,0,-104.0
s20250911,passive,30,12,long,24,8,52,49,40,9,31,0,-32.0
s20250911,passive_stress,30,12,long,24,8,53,50,41,7,34,0,-104.0
s20250911,market,30,12,long,32,10,50,48,21,1,20,0,-168.0
s20250911,passive,30,12,long,32,10,51,48,40,5,35,0,-190.0
s20250911,passive_stress,30,12,long,32,10,51,48,40,5,35,0,-190.0
s20250911,market,30,8,long,24,8,56,33,10,1,9,0,-48.0
s20250911,passive,30,8,long,24,8,51,31,27,4,23,0,-88.0
s20250911,passive_stress,30,8,long,24,8,52,31,27,4,23,0,-88.0
s20250911,market,30,8,long,32,10,56,33,10,0,10,0,-100.0
s20250911,passive,30,8,long,32,10,48,27,24,3,20,1,-94.80000000000291
s20250911,passive_stress,30,8,long,32,10,47,27,24,3,20,1,-95.80000000000291
s20250911,market,30,16,long,24,8,50,49,27,3,24,0,-120.0
s20250911,passive,30,16,long,24,8,55,52,36,7,29,0,-64.0
s20250911,passive_stress,30,16,long,24,8,55,52,36,7,29,0,-64.0
s20250911,market,30,16,long,32,10,48,47,26,3,23,0,-134.0
s20250911,passive,30,16,long,32,10,54,51,36,5,31,0,-150.0
s20250911,passive_stress,30,16,long,32,10,54,51,36,4,32,0,-192.0
s20250911,market,30,12,short,24,8,48,40,15,4,11,0,8.0
s20250911,passive,30,12,short,24,8,51,39,31,6,25,0,-56.0
s20250911,passive_stress,30,12,short,24,8,51,39,31,5,26,0,-88.0
s20250911,market,30,12,short,32,10,47,39,14,1,13,0,-98.0
s20250911,passive,30,12,short,32,10,51,39,31,5,25,1,-89.19999999999709
s20250911,passive_stress,30,12,short,32,10,50,38,30,4,25,1,-122.19999999999709
s20250911,market,30,8,short,24,8,50,27,10,3,7,0,16.0
s20250911,passive,30,8,short,24,8,51,26,22,6,16,0,16.0
s20250911,passive_stress,30,8,short,24,8,51,26,22,6,16,0,16.0
s20250911,market,30,8,short,32,10,49,26,10,1,9,0,-58.0
s20250911,passive,30,8,short,32,10,51,26,22,3,17,2,-55.60000000000582
s20250911,passive_stress,30,8,short,32,10,51,26,22,1,20,1,-149.8000000000029
s20250911,market,30,16,short,24,8,44,39,25,6,19,0,-8.0
s20250911,passive,30,16,short,24,8,52,45,31,6,25,0,-56.0
s20250911,passive_stress,30,16,short,24,8,52,45,31,5,26,0,-88.0
s20250911,market,30,16,short,32,10,41,36,23,3,19,1,-69.0
s20250911,passive,30,16,short,32,10,51,44,31,4,26,1,-129.60000000000582
s20250911,passive_stress,30,16,short,32,10,51,44,31,4,26,1,-130.60000000000582
s20250911,market,15,12,long,24,8,181,161,80,17,63,0,-96.0
s20250911,passive,15,12,long,24,8,185,168,118,23,95,0,-208.0
s20250911,passive_stress,15,12,long,24,8,190,172,122,18,104,0,-400.0
s20250911,market,15,12,long,32,10,166,146,76,13,63,0,-214.0
s20250911,passive,15,12,long,32,10,167,151,110,17,91,2,-335.3999999999942
s20250911,passive_stress,15,12,long,32,10,170,154,112,16,95,1,-420.1999999999971
s20250911,market,15,8,long,24,8,267,177,61,12,49,0,-104.0
s20250911,passive,15,8,long,24,8,230,149,123,26,96,1,-140.3000000000029
s20250911,passive_stress,15,8,long,24,8,238,157,129,22,106,1,-317.3000000000029
s20250911,market,15,8,long,32,10,253,166,58,9,48,1,-197.0
s20250911,passive,15,8,long,32,10,209,131,108,19,83,6,-192.30000000001746
s20250911,passive_stress,15,8,long,32,10,211,133,110,19,85,6,-218.30000000001746
s20250911,market,15,16,long,24,8,132,124,71,16,55,0,-56.0
s20250911,passive,15,16,long,24,8,147,136,83,20,63,0,-24.0
s20250911,passive_stress,15,16,long,24,8,151,140,83,18,65,0,-88.0
s20250911,market,15,16,long,32,10,124,116,67,15,52,0,-40.0
s20250911,passive,15,16,long,32,10,132,121,76,16,59,1,-52.60000000000582
s20250911,passive_stress,15,16,long,32,10,136,125,78,12,65,1,-241.60000000000582
s20250911,market,15,12,short,24,8,169,146,61,13,47,1,-68.5
s20250911,passive,15,12,short,24,8,175,147,109,20,88,1,-225.6999999999971
s20250911,passive_stress,15,12,short,24,8,179,151,113,19,94,0,-296.0
s20250911,market,15,12,short,32,10,162,138,58,11,46,1,-112.5
s20250911,passive,15,12,short,32,10,165,138,101,14,82,5,-337.49999999998545
s20250911,passive_stress,15,12,short,32,10,167,139,103,12,87,4,-453.29999999998836
s20250911,market,15,8,short,24,8,243,146,41,13,26,2,128.0
s20250911,passive,15,8,short,24,8,217,129,106,24,81,1,-50.80000000000291
s20250911,passive_stress,15,8,short,24,8,224,134,111,23,87,1,-123.80000000000291
s20250911,market,15,8,short,32,10,237,142,41,10,29,2,54.0
s20250911,passive,15,8,short,32,10,197,113,90,15,71,4,-191.20000000001164
s20250911,passive_stress,15,8,short,32,10,202,119,96,14,80,2,-312.1000000000058
s20250911,market,15,16,short,24,8,116,110,54,6,48,0,-240.0
s20250911,passive,15,16,short,24,8,117,108,81,12,69,0,-264.0
s20250911,passive_stress,15,16,short,24,8,119,109,81,11,70,0,-296.0
s20250911,market,15,16,short,32,10,112,106,52,6,46,0,-268.0
s20250911,passive,15,16,short,32,10,115,106,80,10,68,2,-356.20000000001164
s20250911,passive_stress,15,16,short,32,10,115,106,80,10,68,2,-358.20000000001164
s20250922,market,30,12,long,24,8,64,59,27,7,20,0,8.0
s20250922,passive,30,12,long,24,8,67,61,48,11,36,1,-1.6999999999970896
s20250922,passive_stress,30,12,long,24,8,67,61,48,9,39,0,-96.0
s20250922,market,30,12,long,32,10,63,58,27,5,20,2,1.5
s20250922,passive,30,12,long,32,10,66,60,47,6,37,4,-114.29999999998836
s20250922,passive_stress,30,12,long,32,10,67,61,48,5,40,3,-195.09999999999127
s20250922,market,30,8,long,24,8,72,54,15,2,13,0,-56.0
s20250922,passive,30,8,long,24,8,70,52,43,8,35,0,-88.0
s20250922,passive_stress,30,8,long,24,8,70,52,43,7,35,1,-98.30000000000291
s20250922,market,30,8,long,32,10,71,54,15,1,12,2,-46.5
s20250922,passive,30,8,long,32,10,70,52,43,5,36,2,-178.10000000000582
s20250922,passive_stress,30,8,long,32,10,69,52,43,4,36,3,-188.90000000000873
s20250922,market,30,16,long,24,8,55,53,26,7,19,0,16.0
s20250922,passive,30,16,long,24,8,69,66,43,8,35,0,-88.0
s20250922,passive_stress,30,16,long,24,8,69,66,43,7,36,0,-120.0
s20250922,market,30,16,long,32,10,55,53,26,5,20,1,-17.5
s20250922,passive,30,16,long,32,10,68,65,42,7,33,2,-57.20000000001164
s20250922,passive_stress,30,16,long,32,10,68,65,42,6,34,2,-101.20000000001164
s20250922,market,30,12,short,24,8,60,54,30,7,23,0,-16.0
s20250922,passive,30,12,short,24,8,62,56,41,8,32,1,-56.69999999999709
s20250922,passive_stress,30,12,short,24,8,64,58,42,8,33,1,-65.69999999999709
s20250922,market,30,12,short,32,10,60,54,30,6,24,0,-48.0
s20250922,passive,30,12,short,32,10,61,55,40,6,32,2,-92.39999999999418
s20250922,passive_stress,30,12,short,32,10,61,55,40,6,32,2,-94.39999999999418
s20250922,market,30,8,short,24,8,70,51,17,6,11,0,56.0
s20250922,passive,30,8,short,24,8,67,46,35,7,28,0,-56.0
s20250922,passive_stress,30,8,short,24,8,67,46,35,7,28,0,-56.0
s20250922,market,30,8,short,32,10,70,51,17,5,12,0,40.0
s20250922,passive,30,8,short,32,10,64,44,34,5,28,1,-92.30000000000291
s20250922,passive_stress,30,8,short,32,10,65,45,34,5,28,1,-93.30000000000291
s20250922,market,30,16,short,24,8,52,50,32,8,24,0,0.0
s20250922,passive,30,16,short,24,8,65,63,36,7,29,0,-64.0
s20250922,passive_stress,30,16,short,24,8,66,64,37,7,30,0,-72.0
s20250922,market,30,16,short,32,10,52,50,32,7,25,0,-26.0
s20250922,passive,30,16,short,32,10,61,59,34,5,27,2,-76.70000000001164
s20250922,passive_stress,30,16,short,32,10,64,62,36,3,31,2,-182.70000000001164
s20250922,market,15,12,long,24,8,169,157,73,19,54,0,24.0
s20250922,passive,15,12,long,24,8,176,161,118,26,91,1,-81.69999999999709
s20250922,passive_stress,15,12,long,24,8,178,162,119,23,95,1,-191.6999999999971
s20250922,market,15,12,long,32,10,152,141,66,16,46,4,119.0
s20250922,passive,15,12,long,32,10,153,141,105,18,81,6,-159.19999999998254
s20250922,passive_stress,15,12,long,32,10,162,148,109,17,87,5,-247.49999999998545
s20250922,market,15,8,long,24,8,244,166,66,18,48,0,48.0
s20250922,passive,15,8,long,24,8,218,156,129,30,98,1,-62.80000000000291
s20250922,passive_stress,15,8,long,24,8,221,156,128,30,97,1,-42.30000000000291
s20250922,market,15,8,long,32,10,222,150,59,13,40,6,121.5
s20250922,passive,15,8,long,32,10,196,143,117,24,90,3,-108.90000000000873
s20250922,passive_stress,15,8,long,32,10,205,145,118,20,93,5,-225.00000000001455
s20250922,market,15,16,long,24,8,106,102,57,16,41,0,56.0
s20250922,passive,15,16,long,24,8,123,119,74,17,57,0,-48.0
s20250922,passive_stress,15,16,long,24,8,125,121,74,11,63,0,-240.0
s20250922,market,15,16,long,32,10,98,95,53,14,37,2,116.5
s20250922,passive,15,16,long,32,10,115,110,69,12,55,2,-143.20000000001164
s20250922,passive_stress,15,16,long,32,10,122,117,71,9,60,2,-291.20000000001164
s20250922,market,15,12,short,24,8,161,142,62,11,51,0,-144.0
s20250922,passive,15,12,short,24,8,163,146,110,20,90,0,-240.0
s20250922,passive_stress,15,12,short,24,8,166,149,112,18,94,0,-320.0
s20250922,market,15,12,short,32,10,157,138,59,9,50,0,-212.0
s20250922,passive,15,12,short,32,10,148,132,99,16,81,2,-256.3999999999942
s20250922,passive_stress,15,12,short,32,10,154,137,103,15,86,2,-340.3999999999942
s20250922,market,15,8,short,24,8,242,165,51,10,41,0,-88.0
s20250922,passive,15,8,short,24,8,213,141,113,15,97,1,-410.8000000000029
s20250922,passive_stress,15,8,short,24,8,220,145,115,14,101,0,-472.0
s20250922,market,15,8,short,32,10,228,153,48,6,41,1,-210.5
s20250922,passive,15,8,short,32,10,194,130,105,10,91,4,-541.7000000000116
s20250922,passive_stress,15,8,short,32,10,202,134,107,10,95,2,-604.6000000000058
s20250922,market,15,16,short,24,8,93,86,43,12,31,0,40.0
s20250922,passive,15,16,short,24,8,106,99,67,13,54,0,-120.0
s20250922,passive_stress,15,16,short,24,8,106,99,67,10,57,0,-216.0
s20250922,market,15,16,short,32,10,93,86,42,11,31,0,42.0
s20250922,passive,15,16,short,32,10,98,91,61,9,51,1,-213.10000000000582
s20250922,passive_stress,15,16,short,32,10,99,92,62,7,53,2,-274.70000000001164
s20251002,market,30,12,long,24,8,67,60,35,7,28,0,-56.0
s20251002,passive,30,12,long,24,8,70,61,44,8,36,0,-96.0
s20251002,passive_stress,30,12,long,24,8,72,63,44,6,38,0,-160.0
s20251002,market,30,12,long,32,10,61,55,35,6,28,1,-70.5
s20251002,passive,30,12,long,32,10,70,61,44,6,37,1,-162.6999999999971
s20251002,passive_stress,30,12,long,32,10,70,61,44,6,37,1,-173.6999999999971
s20251002,market,30,8,long,24,8,76,50,22,5,17,0,-16.0
s20251002,passive,30,8,long,24,8,72,47,40,7,33,0,-96.0
s20251002,passive_stress,30,8,long,24,8,72,47,40,5,35,0,-160.0
s20251002,market,30,8,long,32,10,70,47,22,4,17,1,-24.5
s20251002,passive,30,8,long,32,10,70,45,38,8,29,1,-23.80000000000291
s20251002,passive_stress,30,8,long,32,10,71,46,39,7,31,1,-76.80000000000291
s20251002,market,30,16,long,24,8,61,57,39,9,30,0,-24.0
s20251002,passive,30,16,long,24,8,72,65,37,7,30,0,-72.0
s20251002,passive_stress,30,16,long,24,8,72,65,37,7,30,0,-72.0
s20251002,market,30,16,long,32,10,57,53,38,7,30,1,-58.5
s20251002,passive,30,16,long,32,10,72,65,37,6,30,1,-107.10000000000582
s20251002,passive_stress,30,16,long,32,10,72,65,37,6,31,0,-118.0
s20251002,market,30,12,short,24,8,72,54,24,6,18,0,0.0
s20251002,passive,30,12,short,24,8,80,61,45,9,36,0,-72.0
s20251002,passive_stress,30,12,short,24,8,80,61,45,9,36,0,-72.0
s20251002,market,30,12,short,32,10,71,53,24,5,19,0,-30.0
s20251002,passive,30,12,short,32,10,79,60,44,9,35,0,-62.0
s20251002,passive_stress,30,12,short,32,10,80,61,45,8,37,0,-114.0
s20251002,market,30,8,short,24,8,83,34,16,4,12,0,0.0
s20251002,passive,30,8,short,24,8,81,35,31,8,23,0,8.0
s20251002,passive_stress,30,8,short,24,8,81,35,31,8,23,0,8.0
s20251002,market,30,8,short,32,10,83,34,16,4,12,0,8.0
s20251002,passive,30,8,short,32,10,79,33,29,7,22,0,4.0
s20251002,passive_stress,30,8,short,32,10,79,33,29,7,22,0,4.0
s20251002,market,30,16,short,24,8,62,54,28,8,20,0,32.0
s20251002,passive,30,16,short,24,8,77,68,45,10,35,0,-40.0
s20251002,passive_stress,30,16,short,24,8,78,69,46,8,38,0,-112.0
s20251002,market,30,16,short,32,10,62,54,28,6,22,0,-28.0
s20251002,passive,30,16,short,32,10,76,67,44,9,34,1,-28.60000000000582
s20251002,passive_stress,30,16,short,32,10,76,67,44,9,35,0,-62.0
s20251002,market,15,12,long,24,8,208,172,85,22,63,0,24.0
s20251002,passive,15,12,long,24,8,210,170,126,26,100,0,-176.0
s20251002,passive_stress,15,12,long,24,8,213,172,128,25,103,0,-224.0
s20251002,market,15,12,long,32,10,193,159,77,19,57,1,49.5
s20251002,passive,15,12,long,32,10,201,160,118,19,98,1,-353.6999999999971
s20251002,passive_stress,15,12,long,32,10,199,158,117,19,97,1,-344.6999999999971
s20251002,market,15,8,long,24,8,289,159,55,15,40,0,40.0
s20251002,passive,15,8,long,24,8,259,145,120,20,99,1,-297.3000000000029
s20251002,passive_stress,15,8,long,24,8,267,152,125,15,109,1,-498.3000000000029
s20251002,market,15,8,long,32,10,275,147,52,11,39,2,-14.0
s20251002,passive,15,8,long,32,10,246,133,107,17,89,1,-326.8000000000029
s20251002,passive_stress,15,8,long,32,10,247,135,110,17,91,2,-343.1000000000058
s20251002,market,15,16,long,24,8,154,141,78,19,59,0,-16.0
s20251002,passive,15,16,long,24,8,177,159,110,20,90,0,-240.0
s20251002,passive_stress,15,16,long,24,8,176,159,109,17,92,0,-328.0
s20251002,market,15,16,long,32,10,151,138,74,17,57,0,-26.0
s20251002,passive,15,16,long,32,10,167,149,102,15,87,0,-390.0
s20251002,passive_stress,15,16,long,32,10,171,153,105,13,92,0,-504.0
s20251002,market,15,12,short,24,8,232,179,79,19,60,0,-24.0
s20251002,passive,15,12,short,24,8,227,180,144,29,115,0,-224.0
s20251002,passive_stress,15,12,short,24,8,227,181,145,27,118,0,-296.0
s20251002,market,15,12,short,32,10,224,171,76,17,58,1,-27.0
s20251002,passive,15,12,short,32,10,211,165,135,23,112,0,-384.0
s20251002,passive_stress,15,12,short,32,10,214,168,137,23,114,0,-404.0
s20251002,market,15,8,short,24,8,309,147,54,16,37,1,90.0
s20251002,passive,15,8,short,24,8,288,145,122,26,96,0,-144.0
s20251002,passive_stress,15,8,short,24,8,294,147,124,24,100,0,-224.0
s20251002,market,15,8,short,32,10,303,143,51,15,35,1,132.0
s20251002,passive,15,8,short,32,10,269,126,107,25,79,3,32.59999999999127
s20251002,passive_stress,15,8,short,32,10,275,133,113,23,87,3,-114.40000000000873
s20251002,market,15,16,short,24,8,173,151,80,21,59,0,32.0
s20251002,passive,15,16,short,24,8,189,170,125,25,100,0,-200.0
s20251002,passive_stress,15,16,short,24,8,190,171,126,22,104,0,-304.0
s20251002,market,15,16,short,32,10,167,146,78,17,61,0,-66.0
s20251002,passive,15,16,short,32,10,180,163,121,24,96,1,-168.60000000000582
s20251002,passive_stress,15,16,short,32,10,183,165,122,20,102,0,-380.0
s20251009,market,30,12,long,24,8,76,65,35,5,30,0,-120.0
s20251009,passive,30,12,long,24,8,81,72,54,7,47,0,-208.0
s20251009,passive_stress,30,12,long,24,8,83,73,55,4,51,0,-312.0
s20251009,market,30,12,long,32,10,74,63,34,4,29,1,-144.0
s20251009,passive,30,12,long,32,10,78,70,53,8,45,0,-194.0
s20251009,passive_stress,30,12,long,32,10,81,72,54,6,48,0,-288.0
s20251009,market,30,8,long,24,8,89,49,19,3,16,0,-56.0
s20251009,passive,30,8,long,24,8,87,50,41,4,37,0,-200.0
s20251009,passive_stress,30,8,long,24,8,88,50,41,3,38,0,-232.0
s20251009,market,30,8,long,32,10,86,49,19,4,15,0,-22.0
s20251009,passive,30,8,long,32,10,85,50,41,3,38,0,-284.0
s20251009,passive_stress,30,8,long,32,10,86,50,41,1,40,0,-368.0
s20251009,market,30,16,long,24,8,70,68,37,4,33,0,-168.0
s20251009,passive,30,16,long,24,8,85,82,53,7,46,0,-200.0
s20251009,passive_stress,30,16,long,24,8,85,82,53,5,48,0,-264.0
s20251009,market,30,16,long,32,10,68,66,36,3,32,1,-206.0
s20251009,passive,30,16,long,32,10,81,79,51,8,43,0,-174.0
s20251009,passive_stress,30,16,long,32,10,81,79,51,8,43,0,-174.0
s20251009,market,30,12,short,24,8,60,38,19,3,16,0,-56.0
s20251009,passive,30,12,short,24,8,66,42,32,3,29,0,-160.0
s20251009,passive_stress,30,12,short,24,8,67,42,32,2,30,0,-192.0
s20251009,market,30,12,short,32,10,60,38,19,3,16,0,-64.0
s20251009,passive,30,12,short,32,10,66,42,32,3,29,0,-194.0
s20251009,passive_stress,30,12,short,32,10,66,42,32,3,29,0,-194.0
s20251009,market,30,8,short,24,8,70,31,11,3,8,0,8.0
s20251009,passive,30,8,short,24,8,65,27,25,6,19,0,-8.0
s20251009,passive_stress,30,8,short,24,8,65,27,25,5,20,0,-40.0
s20251009,market,30,8,short,32,10,70,31,11,3,8,0,16.0
s20251009,passive,30,8,short,32,10,65,27,25,5,20,0,-40.0
s20251009,passive_stress,30,8,short,32,10,65,27,25,5,20,0,-40.0
s20251009,market,30,16,short,24,8,58,44,22,3,19,0,-80.0
s20251009,passive,30,16,short,24,8,65,48,33,4,29,0,-136.0
s20251009,passive_stress,30,16,short,24,8,65,48,33,3,30,0,-168.0
s20251009,market,30,16,short,32,10,58,44,22,3,19,0,-94.0
s20251009,passive,30,16,short,32,10,65,48,33,3,30,0,-204.0
s20251009,passive_stress,30,16,short,32,10,65,48,33,3,30,0,-204.0
s20251009,market,15,12,long,24,8,250,210,97,22,75,0,-72.0
s20251009,passive,15,12,long,24,8,248,206,154,29,125,0,-304.0
s20251009,passive_stress,15,12,long,24,8,252,209,158,24,134,0,-496.0
s20251009,market,15,12,long,32,10,239,201,93,20,73,0,-90.0
s20251009,passive,15,12,long,32,10,231,190,143,27,115,1,-271.1999999999971
s20251009,passive_stress,15,12,long,32,10,238,196,147,22,124,1,-522.1999999999971
s20251009,market,15,8,long,24,8,315,159,62,9,53,0,-208.0
s20251009,passive,15,8,long,24,8,279,141,114,28,86,0,-16.0
s20251009,passive_stress,15,8,long,24,8,282,141,113,21,92,0,-232.0
s20251009,market,15,8,long,32,10,306,154,62,10,52,0,-200.0
s20251009,passive,15,8,long,32,10,260,131,106,23,83,0,-94.0
s20251009,passive_stress,15,8,long,32,10,264,131,108,19,89,0,-282.0
s20251009,market,15,16,long,24,8,200,181,96,25,71,0,32.0
s20251009,passive,15,16,long,24,8,225,205,141,29,112,0,-200.0
s20251009,passive_stress,15,16,long,24,8,228,208,143,23,120,0,-408.0
s20251009,market,15,16,long,32,10,193,174,94,21,73,0,-58.0
s20251009,passive,15,16,long,32,10,208,188,131,24,107,0,-302.0
s20251009,passive_stress,15,16,long,32,10,212,192,135,22,113,0,-426.0
s20251009,market,15,12,short,24,8,265,210,91,22,69,0,-24.0
s20251009,passive,15,12,short,24,8,251,193,145,27,118,0,-296.0
s20251009,passive_stress,15,12,short,24,8,257,198,149,24,125,0,-424.0
s20251009,market,15,12,short,32,10,250,201,87,22,65,0,54.0
s20251009,passive,15,12,short,32,10,236,181,139,26,113,0,-298.0
s20251009,passive_stress,15,12,short,32,10,243,188,141,24,117,0,-402.0
s20251009,market,15,8,short,24,8,329,156,60,15,45,0,0.0
s20251009,passive,15,8,short,24,8,288,139,115,24,91,0,-152.0
s20251009,passive_stress,15,8,short,24,8,296,144,119,22,97,0,-248.0
s20251009,market,15,8,short,32,10,318,151,60,17,43,0,114.0
s20251009,passive,15,8,short,32,10,274,131,107,24,83,0,-62.0
s20251009,passive_stress,15,8,short,32,10,275,133,109,22,87,0,-166.0
s20251009,market,15,16,short,24,8,227,199,82,20,62,0,-16.0
s20251009,passive,15,16,short,24,8,224,197,145,24,121,0,-392.0
s20251009,passive_stress,15,16,short,24,8,228,200,147,21,126,0,-504.0
s20251009,market,15,16,short,32,10,217,191,81,19,62,0,-12.0
s20251009,passive,15,16,short,32,10,211,186,140,25,115,0,-350.0
s20251009,passive_stress,15,16,short,32,10,213,188,140,24,116,0,-392.0
s20251027,market,30,12,long,24,8,48,42,22,7,15,0,48.0
s20251027,passive,30,12,long,24,8,51,46,30,7,19,4,65.70000000001164
s20251027,passive_stress,30,12,long,24,8,51,46,30,7,20,3,47.40000000000873
s20251027,market,30,12,long,32,10,48,42,22,3,16,3,-27.0
s20251027,passive,30,12,long,32,10,48,43,30,6,17,7,92.60000000002037
s20251027,passive_stress,30,12,long,32,10,49,44,29,5,19,5,22.500000000014552
s20251027,market,30,8,long,24,8,62,43,20,5,14,1,8.5
s20251027,passive,30,8,long,24,8,60,43,34,8,24,2,19.39999999999418
s20251027,passive_stress,30,8,long,24,8,60,43,34,8,25,1,-2.8000000000029104
s20251027,market,30,8,long,32,10,60,41,19,1,15,3,-106.0
s20251027,passive,30,8,long,32,10,55,39,32,5,20,7,38.89999999997963
s20251027,passive_stress,30,8,long,32,10,57,41,33,5,23,5,-11.500000000014552
s20251027,market,30,16,long,24,8,35,32,21,8,12,1,95.0
s20251027,passive,30,16,long,24,8,42,39,22,9,13,0,112.0
s20251027,passive_stress,30,16,long,24,8,42,39,22,8,13,1,101.39999999999418
s20251027,market,30,16,long,32,10,35,32,21,4,13,4,35.0
s20251027,passive,30,16,long,32,10,42,39,22,7,12,3,143.69999999998254
s20251027,passive_stress,30,16,long,32,10,42,39,22,7,12,3,140.69999999998254
s20251027,market,30,12,short,24,8,56,46,20,4,16,0,-32.0
s20251027,passive,30,12,short,24,8,52,44,37,8,29,0,-40.0
s20251027,passive_stress,30,12,short,24,8,52,44,37,7,30,0,-72.0
s20251027,market,30,12,short,32,10,56,46,20,3,16,1,-37.0
s20251027,passive,30,12,short,32,10,49,41,36,5,25,6,-51.69999999998254
s20251027,passive_stress,30,12,short,32,10,51,43,36,4,29,3,-119.09999999999127
s20251027,market,30,8,short,24,8,69,43,11,2,9,0,-24.0
s20251027,passive,30,8,short,24,8,60,39,34,6,27,1,-56.80000000000291
s20251027,passive_stress,30,8,short,24,8,65,42,36,3,32,1,-182.8000000000029
s20251027,market,30,8,short,32,10,69,43,11,1,9,1,-31.0
s20251027,passive,30,8,short,32,10,54,34,32,4,23,5,-36.50000000001455
s20251027,passive_stress,30,8,short,32,10,54,34,32,4,23,5,-41.50000000001455
s20251027,market,30,16,short,24,8,42,39,17,2,15,0,-72.0
s20251027,passive,30,16,short,24,8,45,42,30,4,26,0,-112.0
s20251027,passive_stress,30,16,short,24,8,45,42,30,4,26,0,-112.0
s20251027,market,30,16,short,32,10,42,39,17,2,14,1,-78.5
s20251027,passive,30,16,short,32,10,43,40,30,3,25,2,-118.70000000001164
s20251027,passive_stress,30,16,short,32,10,43,40,30,3,25,2,-120.70000000001164
s20251027,market,15,12,long,24,8,147,116,58,14,44,0,-16.0
s20251027,passive,15,12,long,24,8,150,121,87,26,59,2,183.10000000000582
s20251027,passive_stress,15,12,long,24,8,149,122,87,25,60,2,149.10000000000582
s20251027,market,15,12,long,32,10,143,113,58,10,45,3,-100.0
s20251027,passive,15,12,long,32,10,142,116,79,15,59,5,-58.99999999998545
s20251027,passive_stress,15,12,long,32,10,144,118,82,14,63,5,-125.49999999998545
s20251027,market,15,8,long,24,8,247,138,47,11,34,2,-2.5
s20251027,passive,15,8,long,24,8,219,120,95,21,70,4,-15.700000000011642
s20251027,passive_stress,15,8,long,24,8,226,125,99,19,77,3,-135.90000000000873
s20251027,market,15,8,long,32,10,234,130,46,6,34,6,-108.0
s20251027,passive,15,8,long,32,10,199,103,81,12,59,10,-125.5000000000291
s20251027,passive_stress,15,8,long,32,10,207,107,84,11,65,8,-240.90000000002328
s20251027,market,15,16,long,24,8,99,88,52,10,42,0,-96.0
s20251027,passive,15,16,long,24,8,106,94,66,18,48,0,48.0
s20251027,passive_stress,15,16,long,24,8,105,93,65,18,47,0,56.0
s20251027,market,15,16,long,32,10,94,84,50,9,40,1,-86.5
s20251027,passive,15,16,long,32,10,100,89,63,12,48,3,-59.30000000001746
s20251027,passive_stress,15,16,long,32,10,101,90,64,11,51,2,-134.70000000001164
s20251027,market,15,12,short,24,8,133,109,39,10,27,2,30.0
s20251027,passive,15,12,short,24,8,117,95,77,14,61,2,-142.89999999999418
s20251027,passive_stress,15,12,short,24,8,119,97,78,11,66,1,-260.6999999999971
s20251027,market,15,12,short,32,10,131,107,38,6,28,4,-76.0
s20251027,passive,15,12,short,32,10,109,88,70,8,57,5,-256.49999999998545
s20251027,passive_stress,15,12,short,32,10,111,91,73,8,61,4,-306.29999999998836
s20251027,market,15,8,short,24,8,225,128,37,8,26,3,-9.0
s20251027,passive,15,8,short,24,8,185,104,90,15,72,3,-195.40000000000873
s20251027,passive_stress,15,8,short,24,8,198,111,96,9,85,2,-451.1000000000058
s20251027,market,15,8,short,32,10,217,122,36,4,27,5,-99.5
s20251027,passive,15,8,short,32,10,171,94,84,10,67,7,-258.1000000000204
s20251027,passive_stress,15,8,short,32,10,171,94,84,10,67,7,-265.1000000000204
s20251027,market,15,16,short,24,8,93,86,37,8,29,0,-40.0
s20251027,passive,15,16,short,24,8,86,79,57,11,46,0,-104.0
s20251027,passive_stress,15,16,short,24,8,85,78,56,10,46,0,-128.0
s20251027,market,15,16,short,32,10,92,85,37,6,30,1,-110.5
s20251027,passive,15,16,short,32,10,83,75,54,9,44,1,-128.60000000000582
s20251027,passive_stress,15,16,short,32,10,83,75,54,8,45,1,-171.60000000000582
s20251029,market,30,12,long,24,8,70,41,25,6,19,0,-8.0
s20251029,passive,30,12,long,24,8,72,46,31,7,24,0,-24.0
s20251029,passive_stress,30,12,long,24,8,74,48,32,5,27,0,-96.0
s20251029,market,30,12,long,32,10,69,40,25,5,20,0,-40.0
s20251029,passive,30,12,long,32,10,71,45,31,6,25,0,-58.0
s20251029,passive_stress,30,12,long,32,10,71,45,31,5,25,1,-73.19999999999709
s20251029,market,30,8,long,24,8,80,32,16,3,13,0,-32.0
s20251029,passive,30,8,long,24,8,77,33,24,3,21,0,-96.0
s20251029,passive_stress,30,8,long,24,8,78,34,25,3,22,0,-104.0
s20251029,market,30,8,long,32,10,80,32,16,2,14,0,-76.0
s20251029,passive,30,8,long,32,10,74,31,23,3,18,2,-49.60000000000582
s20251029,passive_stress,30,8,long,32,10,75,32,24,3,19,2,-61.60000000000582
s20251029,market,30,16,long,24,8,65,52,31,5,26,0,-88.0
s20251029,passive,30,16,long,24,8,70,58,38,5,33,0,-144.0
s20251029,passive_stress,30,16,long,24,8,70,58,38,5,33,0,-144.0
s20251029,market,30,16,long,32,10,64,51,31,4,27,0,-142.0
s20251029,passive,30,16,long,32,10,70,58,38,5,33,0,-170.0
s20251029,passive_stress,30,16,long,32,10,70,58,38,5,33,0,-170.0
s20251029,market,30,12,short,24,8,60,35,15,6,9,0,72.0
s20251029,passive,30,12,short,24,8,58,33,27,8,19,0,40.0
s20251029,passive_stress,30,12,short,24,8,58,33,27,8,19,0,40.0
s20251029,market,30,12,short,32,10,60,35,15,6,9,0,102.0
s20251029,passive,30,12,short,32,10,58,33,27,8,19,0,66.0
s20251029,passive_stress,30,12,short,32,10,58,33,27,8,19,0,66.0
s20251029,market,30,8,short,24,8,70,20,7,2,5,0,8.0
s20251029,passive,30,8,short,24,8,66,19,14,5,9,0,48.0
s20251029,passive_stress,30,8,short,24,8,66,19,14,5,9,0,48.0
s20251029,market,30,8,short,32,10,70,20,7,2,5,0,14.0
s20251029,passive,30,8,short,32,10,66,19,14,5,9,0,70.0
s20251029,passive_stress,30,8,short,32,10,66,19,14,5,9,0,70.0
s20251029,market,30,16,short,24,8,52,37,19,7,12,0,72.0
s20251029,passive,30,16,short,24,8,59,40,29,9,20,0,56.0
s20251029,passive_stress,30,16,short,24,8,59,40,29,8,21,0,24.0
s20251029,market,30,16,short,32,10,51,36,19,9,10,0,188.0
s20251029,passive,30,16,short,32,10,59,40,29,8,21,0,46.0
s20251029,passive_stress,30,16,short,32,10,59,40,29,8,21,0,46.0
s20251029,market,15,12,long,24,8,260,167,85,27,57,1,211.0
s20251029,passive,15,12,long,24,8,261,168,136,38,98,0,128.0
s20251029,passive_stress,15,12,long,24,8,264,171,138,33,105,0,-48.0
s20251029,market,15,12,long,32,10,252,160,84,23,60,1,155.0
s20251029,passive,15,12,long,32,10,250,159,124,32,90,2,158.10000000000582
s20251029,passive_stress,15,12,long,32,10,253,162,129,33,95,1,120.30000000000291
s20251029,market,15,8,long,24,8,340,141,48,13,34,1,59.0
s20251029,passive,15,8,long,24,8,324,134,113,19,94,0,-296.0
s20251029,passive_stress,15,8,long,24,8,326,135,114,20,94,0,-272.0
s20251029,market,15,8,long,32,10,335,138,48,13,34,1,95.0
s20251029,passive,15,8,long,32,10,307,119,101,17,82,2,-240.10000000000582
s20251029,passive_stress,15,8,long,32,10,311,122,104,14,88,2,-398.1000000000058
s20251029,market,15,16,long,24,8,217,171,86,28,58,0,208.0
s20251029,passive,15,16,long,24,8,221,176,131,34,97,0,40.0
s20251029,passive_stress,15,16,long,24,8,226,181,133,29,104,0,-136.0
s20251029,market,15,16,long,32,10,209,162,85,24,61,0,158.0
s20251029,passive,15,16,long,32,10,212,167,124,29,93,2,29.79999999998836
s20251029,passive_stress,15,16,long,32,10,212,167,126,25,98,3,-134.30000000001746
s20251029,market,15,12,short,24,8,273,171,79,20,59,0,8.0
s20251029,passive,15,12,short,24,8,265,169,138,32,106,0,-80.0
s20251029,passive_stress,15,12,short,24,8,264,169,138,29,109,0,-176.0
s20251029,market,15,12,short,32,10,268,168,76,17,59,0,-46.0
s20251029,passive,15,12,short,32,10,249,154,129,33,96,0,96.0
s20251029,passive_stress,15,12,short,32,10,253,157,131,31,100,0,-8.0
s20251029,market,15,8,short,24,8,334,123,48,16,32,0,128.0
s20251029,passive,15,8,short,24,8,318,119,94,24,70,0,16.0
s20251029,passive_stress,15,8,short,24,8,321,122,96,20,76,0,-128.0
s20251029,market,15,8,short,32,10,328,118,46,15,31,0,170.0
s20251029,passive,15,8,short,32,10,310,111,89,23,66,0,76.0
s20251029,passive_stress,15,8,short,32,10,311,112,90,22,68,0,24.0
s20251029,market,15,16,short,24,8,217,159,87,21,66,0,-24.0
s20251029,passive,15,16,short,24,8,232,177,127,37,90,0,168.0
s20251029,passive_stress,15,16,short,24,8,232,177,127,32,95,0,8.0
s20251029,market,15,16,short,32,10,212,155,84,21,63,0,42.0
s20251029,passive,15,16,short,32,10,221,166,122,37,85,0,334.0
s20251029,passive_stress,15,16,short,32,10,223,168,123,33,90,0,156.0
s20251110,market,30,12,long,24,8,76,64,29,9,20,0,56.0
s20251110,passive,30,12,long,24,8,83,71,49,9,40,0,-104.0
s20251110,passive_stress,30,12,long,24,8,84,72,50,9,41,0,-112.0
s20251110,market,30,12,long,32,10,76,64,29,7,22,0,4.0
s20251110,passive,30,12,long,32,10,81,69,48,9,38,1,-76.19999999999709
s20251110,passive_stress,30,12,long,32,10,82,70,48,7,40,1,-161.1999999999971
s20251110,market,30,8,long,24,8,95,48,16,6,10,0,64.0
s20251110,passive,30,8,long,24,8,90,45,40,8,32,0,-64.0
s20251110,passive_stress,30,8,long,24,8,90,45,40,6,34,0,-128.0
s20251110,market,30,8,long,32,10,95,48,16,5,11,0,50.0
s20251110,passive,30,8,long,32,10,89,44,39,6,32,1,-113.80000000000291
s20251110,passive_stress,30,8,long,32,10,90,45,40,5,34,1,-166.8000000000029
s20251110,market,30,16,long,24,8,70,65,34,10,24,0,48.0
s20251110,passive,30,16,long,24,8,83,78,50,11,39,0,-48.0
s20251110,passive_stress,30,16,long,24,8,83,78,50,10,40,0,-80.0
s20251110,market,30,16,long,32,10,70,65,34,7,27,0,-46.0
s20251110,passive,30,16,long,32,10,81,76,49,11,37,1,-3.6000000000058208
s20251110,passive_stress,30,16,long,32,10,80,75,50,10,39,1,-56.60000000000582
s20251110,market,30,12,short,24,8,71,42,19,3,16,0,-56.0
s20251110,passive,30,12,short,24,8,74,46,34,5,29,0,-112.0
s20251110,passive_stress,30,12,short,24,8,74,46,34,3,31,0,-176.0
s20251110,market,30,12,short,32,10,70,42,19,3,16,0,-64.0
s20251110,passive,30,12,short,32,10,74,46,34,5,29,0,-130.0
s20251110,passive_stress,30,12,short,32,10,74,46,34,5,29,0,-130.0
s20251110,market,30,8,short,24,8,80,34,12,2,10,0,-32.0
s20251110,passive,30,8,short,24,8,78,33,28,4,24,0,-96.0
s20251110,passive_stress,30,8,short,24,8,78,33,28,3,25,0,-128.0
s20251110,market,30,8,short,32,10,80,34,12,1,11,0,-78.0
s20251110,passive,30,8,short,32,10,78,33,28,3,25,0,-154.0
s20251110,passive_stress,30,8,short,32,10,78,33,28,2,26,0,-196.0
s20251110,market,30,16,short,24,8,60,50,24,5,19,0,-32.0
s20251110,passive,30,16,short,24,8,60,50,38,8,30,0,-48.0
s20251110,passive_stress,30,16,short,24,8,60,50,38,8,30,0,-48.0
s20251110,market,30,16,short,32,10,60,50,24,2,22,0,-156.0
s20251110,passive,30,16,short,32,10,60,50,38,6,32,0,-128.0
s20251110,passive_stress,30,16,short,32,10,60,50,38,6,32,0,-128.0
s20251110,market,15,12,long,24,8,264,213,93,28,65,0,152.0
s20251110,passive,15,12,long,24,8,284,227,164,36,128,0,-160.0
s20251110,passive_stress,15,12,long,24,8,284,228,165,33,132,0,-264.0
s20251110,market,15,12,long,32,10,258,210,93,23,70,0,36.0
s20251110,passive,15,12,long,32,10,264,209,151,29,120,2,-239.39999999999418
s20251110,passive_stress,15,12,long,32,10,265,210,155,26,128,1,-433.1999999999971
s20251110,market,15,8,long,24,8,338,165,64,21,43,0,160.0
s20251110,passive,15,8,long,24,8,315,160,132,31,101,0,-64.0
s20251110,passive_stress,15,8,long,24,8,323,163,136,23,113,0,-352.0
s20251110,market,15,8,long,32,10,335,164,63,18,45,0,126.0
s20251110,passive,15,8,long,32,10,304,150,124,25,98,1,-165.8000000000029
s20251110,passive_stress,15,8,long,32,10,306,154,126,24,101,1,-228.8000000000029
s20251110,market,15,16,long,24,8,236,209,100,25,75,0,0.0
s20251110,passive,15,16,long,24,8,263,236,161,32,129,0,-264.0
s20251110,passive_stress,15,16,long,24,8,263,236,161,28,133,0,-392.0
s20251110,market,15,16,long,32,10,231,208,100,22,78,0,-76.0
s20251110,passive,15,16,long,32,10,251,224,151,27,122,2,-323.20000000001164
s20251110,passive_stress,15,16,long,32,10,250,222,154,26,126,2,-397.20000000001164
s20251110,market,15,12,short,24,8,253,187,84,19,65,0,-64.0
s20251110,passive,15,12,short,24,8,242,176,150,31,119,0,-208.0
s20251110,passive_stress,15,12,short,24,8,243,177,151,28,123,0,-312.0
s20251110,market,15,12,short,32,10,246,181,80,19,61,0,-2.0
s20251110,passive,15,12,short,32,10,226,163,140,25,115,0,-350.0
s20251110,passive_stress,15,12,short,32,10,229,165,141,23,118,0,-444.0
s20251110,market,15,8,short,24,8,334,144,43,11,32,0,8.0
s20251110,passive,15,8,short,24,8,297,132,116,26,90,0,-96.0
s20251110,passive_stress,15,8,short,24,8,301,133,117,22,95,0,-232.0
s20251110,market,15,8,short,32,10,330,142,43,9,34,0,-52.0
s20251110,passive,15,8,short,32,10,287,125,111,20,91,0,-270.0
s20251110,passive_stress,15,8,short,32,10,286,125,110,19,91,0,-302.0
s20251110,market,15,16,short,24,8,205,181,77,19,58,0,-8.0
s20251110,passive,15,16,short,24,8,210,181,143,26,117,0,-312.0
s20251110,passive_stress,15,16,short,24,8,210,181,142,25,117,0,-336.0
s20251110,market,15,16,short,32,10,201,176,73,18,55,0,26.0
s20251110,passive,15,16,short,32,10,203,174,138,23,115,0,-414.0
s20251110,passive_stress,15,16,short,32,10,207,178,141,19,122,0,-612.0
s20251117,market,30,12,long,24,8,61,33,15,2,13,0,-56.0
s20251117,passive,30,12,long,24,8,56,34,29,2,27,0,-168.0
s20251117,passive_stress,30,12,long,24,8,56,34,29,2,27,0,-168.0
s20251117,market,30,12,long,32,10,59,33,15,4,11,0,18.0
s20251117,passive,30,12,long,32,10,56,34,29,2,27,0,-206.0
s20251117,passive_stress,30,12,long,32,10,56,34,29,2,27,0,-206.0
s20251117,market,30,8,long,24,8,78,13,7,0,7,0,-56.0
s20251117,passive,30,8,long,24,8,75,14,13,1,12,0,-72.0
s20251117,passive_stress,30,8,long,24,8,75,14,13,1,12,0,-72.0
s20251117,market,30,8,long,32,10,76,13,7,1,6,0,-28.0
s20251117,passive,30,8,long,32,10,75,14,13,1,12,0,-88.0
s20251117,passive_stress,30,8,long,32,10,75,14,13,1,12,0,-88.0
s20251117,market,30,16,long,24,8,55,39,23,5,18,0,-24.0
s20251117,passive,30,16,long,24,8,54,40,31,4,27,0,-120.0
s20251117,passive_stress,30,16,long,24,8,54,40,31,4,27,0,-120.0
s20251117,market,30,16,long,32,10,53,39,23,7,16,0,64.0
s20251117,passive,30,16,long,32,10,53,39,30,6,24,0,-48.0
s20251117,passive_stress,30,16,long,32,10,53,39,30,5,25,0,-90.0
s20251117,market,30,12,short,24,8,64,37,21,5,16,0,-8.0
s20251117,passive,30,12,short,24,8,58,35,31,7,24,0,-24.0
s20251117,passive_stress,30,12,short,24,8,58,35,31,6,25,0,-56.0
s20251117,market,30,12,short,32,10,62,36,21,7,14,0,84.0
s20251117,passive,30,12,short,32,10,58,35,31,6,25,0,-58.0
s20251117,passive_stress,30,12,short,32,10,58,35,31,5,26,0,-100.0
s20251117,market,30,8,short,24,8,87,29,13,2,11,0,-40.0
s20251117,passive,30,8,short,24,8,67,24,23,4,19,0,-56.0
s20251117,passive_stress,30,8,short,24,8,67,24,23,3,20,0,-88.0
s20251117,market,30,8,short,32,10,84,29,13,4,9,0,38.0
s20251117,passive,30,8,short,32,10,67,24,23,4,19,0,-62.0
s20251117,passive_stress,30,8,short,32,10,67,24,23,3,20,0,-104.0
s20251117,market,30,16,short,24,8,59,41,23,5,18,0,-24.0
s20251117,passive,30,16,short,24,8,55,37,30,7,23,0,-16.0
s20251117,passive_stress,30,16,short,24,8,56,38,30,7,23,0,-16.0
s20251117,market,30,16,short,32,10,57,40,23,6,17,0,22.0
s20251117,passive,30,16,short,32,10,55,37,30,6,24,0,-48.0
s20251117,passive_stress,30,16,short,32,10,55,37,30,5,25,0,-90.0
s20251117,market,15,12,long,24,8,302,168,81,14,67,0,-200.0
s20251117,passive,15,12,long,24,8,277,153,124,23,101,0,-256.0
s20251117,passive_stress,15,12,long,24,8,278,154,125,19,106,0,-392.0
s20251117,market,15,12,long,32,10,301,169,79,13,66,0,-244.0
s20251117,passive,15,12,long,32,10,275,153,124,20,104,0,-400.0
s20251117,passive_stress,15,12,long,32,10,275,153,124,17,107,0,-526.0
s20251117,market,15,8,long,24,8,366,99,45,8,37,0,-104.0
s20251117,passive,15,8,long,24,8,336,86,77,16,61,0,-104.0
s20251117,passive_stress,15,8,long,24,8,336,86,77,14,63,0,-168.0
s20251117,market,15,8,long,32,10,363,96,44,9,35,0,-62.0
s20251117,passive,15,8,long,32,10,337,86,76,14,62,0,-172.0
s20251117,passive_stress,15,8,long,32,10,336,86,77,13,64,0,-224.0
s20251117,market,15,16,long,24,8,260,176,94,21,73,0,-80.0
s20251117,passive,15,16,long,24,8,268,186,142,35,107,0,-16.0
s20251117,passive_stress,15,16,long,24,8,267,184,141,30,111,0,-168.0
s20251117,market,15,16,long,32,10,259,176,91,18,73,0,-154.0
s20251117,passive,15,16,long,32,10,261,183,140,29,111,0,-182.0
s20251117,passive_stress,15,16,long,32,10,264,183,140,24,116,0,-392.0
s20251117,market,15,12,short,24,8,306,165,68,25,43,0,256.0
s20251117,passive,15,12,short,24,8,286,157,135,32,103,0,-56.0
s20251117,passive_stress,15,12,short,24,8,286,157,135,28,107,0,-184.0
s20251117,market,15,12,short,32,10,303,164,68,24,43,1,351.5
s20251117,passive,15,12,short,32,10,284,155,133,27,106,0,-196.0
s20251117,passive_stress,15,12,short,32,10,285,156,134,24,110,0,-332.0
s20251117,market,15,8,short,24,8,373,96,42,16,26,0,176.0
s20251117,passive,15,8,short,24,8,341,94,82,22,60,0,48.0
s20251117,passive_stress,15,8,short,24,8,342,94,82,20,62,0,-16.0
s20251117,market,15,8,short,32,10,370,95,42,15,27,0,210.0
s20251117,passive,15,8,short,32,10,340,93,81,19,62,0,-12.0
s20251117,passive_stress,15,8,short,32,10,338,93,81,16,65,0,-138.0
s20251117,market,15,16,short,24,8,273,209,87,26,61,0,136.0
s20251117,passive,15,16,short,24,8,274,209,170,25,145,0,-560.0
s20251117,passive_stress,15,16,short,24,8,274,209,170,23,147,0,-624.0
s20251117,market,15,16,short,32,10,271,207,85,25,60,0,200.0
s20251117,passive,15,16,short,32,10,269,208,169,26,143,0,-598.0
s20251117,passive_stress,15,16,short,32,10,270,208,169,22,147,0,-766.0
s20251124,market,30,12,long,24,8,69,52,27,6,21,0,-24.0
s20251124,passive,30,12,long,24,8,67,53,45,11,34,0,-8.0
s20251124,passive_stress,30,12,long,24,8,67,53,45,10,35,0,-40.0
s20251124,market,30,12,long,32,10,67,51,27,8,19,0,66.0
s20251124,passive,30,12,long,32,10,67,53,45,9,36,0,-72.0
s20251124,passive_stress,30,12,long,32,10,67,53,45,8,37,0,-114.0
s20251124,market,30,8,long,24,8,86,34,13,3,10,0,-8.0
s20251124,passive,30,8,long,24,8,86,32,28,5,23,0,-64.0
s20251124,passive_stress,30,8,long,24,8,86,32,28,5,23,0,-64.0
s20251124,market,30,8,long,32,10,86,34,13,2,11,0,-46.0
s20251124,passive,30,8,long,32,10,86,32,28,4,24,0,-112.0
s20251124,passive_stress,30,8,long,32,10,86,32,28,3,25,0,-154.0
s20251124,market,30,16,long,24,8,63,54,28,7,21,0,0.0
s20251124,passive,30,16,long,24,8,69,62,49,11,38,0,-40.0
s20251124,passive_stress,30,16,long,24,8,69,62,49,11,38,0,-40.0
s20251124,market,30,16,long,32,10,60,52,28,10,18,0,140.0
s20251124,passive,30,16,long,32,10,69,62,49,10,39,0,-70.0
s20251124,passive_stress,30,16,long,32,10,69,62,49,10,39,0,-70.0
s20251124,market,30,12,short,24,8,54,40,21,6,15,0,24.0
s20251124,passive,30,12,short,24,8,66,49,35,6,29,0,-88.0
s20251124,passive_stress,30,12,short,24,8,66,49,35,6,29,0,-88.0
s20251124,market,30,12,short,32,10,54,40,21,4,17,0,-42.0
s20251124,passive,30,12,short,32,10,63,46,33,8,25,0,6.0
s20251124,passive_stress,30,12,short,32,10,66,49,35,3,32,0,-224.0
s20251124,market,30,8,short,24,8,70,25,11,3,8,0,8.0
s20251124,passive,30,8,short,24,8,71,27,20,2,18,0,-96.0
s20251124,passive_stress,30,8,short,24,8,71,27,20,2,18,0,-96.0
s20251124,market,30,8,short,32,10,70,25,11,2,9,0,-26.0
s20251124,passive,30,8,short,32,10,70,27,20,2,18,0,-116.0
s20251124,passive_stress,30,8,short,32,10,71,27,20,1,19,0,-158.0
s20251124,market,30,16,short,24,8,51,41,24,7,17,0,32.0
s20251124,passive,30,16,short,24,8,60,49,33,7,26,0,-40.0
s20251124,passive_stress,30,16,short,24,8,61,50,33,6,27,0,-72.0
s20251124,market,30,16,short,32,10,51,41,24,4,20,0,-72.0
s20251124,passive,30,16,short,32,10,59,48,31,9,22,0,68.0
s20251124,passive_stress,30,16,short,32,10,58,47,31,8,23,0,26.0
s20251124,market,15,12,long,24,8,305,198,88,20,68,0,-64.0
s20251124,passive,15,12,long,24,8,293,184,148,35,113,0,-64.0
s20251124,passive_stress,15,12,long,24,8,295,185,150,32,118,0,-176.0
s20251124,market,15,12,long,32,10,298,191,84,21,63,0,42.0
s20251124,passive,15,12,long,32,10,281,174,142,29,113,0,-202.0
s20251124,passive_stress,15,12,long,32,10,285,178,145,26,119,0,-358.0
s20251124,market,15,8,long,24,8,356,137,52,13,39,0,0.0
s20251124,passive,15,8,long,24,8,331,120,102,25,77,0,-16.0
s20251124,passive_stress,15,8,long,24,8,333,121,102,22,80,0,-112.0
s20251124,market,15,8,long,32,10,353,135,52,13,39,0,26.0
s20251124,passive,15,8,long,32,10,323,116,98,20,78,0,-140.0
s20251124,passive_stress,15,8,long,32,10,323,116,98,18,80,0,-224.0
s20251124,market,15,16,long,24,8,270,206,106,23,83,0,-112.0
s20251124,passive,15,16,long,24,8,282,217,156,28,128,0,-352.0
s20251124,passive_stress,15,16,long,24,8,287,221,159,25,134,0,-472.0
s20251124,market,15,16,long,32,10,264,201,102,22,80,0,-96.0
s20251124,passive,15,16,long,32,10,276,210,151,28,123,0,-334.0
s20251124,passive_stress,15,16,long,32,10,279,214,154,25,129,0,-490.0
s20251124,market,15,12,short,24,8,267,180,86,20,66,0,-48.0
s20251124,passive,15,12,short,24,8,269,180,144,28,116,0,-256.0
s20251124,passive_stress,15,12,short,24,8,270,181,145,23,122,0,-424.0
s20251124,market,15,12,short,32,10,261,176,85,16,69,0,-178.0
s20251124,passive,15,12,short,32,10,257,168,132,23,109,0,-354.0
s20251124,passive_stress,15,12,short,32,10,264,176,140,18,122,0,-644.0
s20251124,market,15,8,short,24,8,340,122,42,9,33,0,-48.0
s20251124,passive,15,8,short,24,8,317,107,91,10,81,0,-408.0
s20251124,passive_stress,15,8,short,24,8,321,108,91,7,84,0,-504.0
s20251124,market,15,8,short,32,10,337,119,41,4,37,0,-242.0
s20251124,passive,15,8,short,32,10,315,106,90,11,79,0,-438.0
s20251124,passive_stress,15,8,short,32,10,317,107,91,9,82,0,-532.0
s20251124,market,15,16,short,24,8,243,191,98,19,79,0,-176.0
s20251124,passive,15,16,short,24,8,263,207,140,32,108,0,-96.0
s20251124,passive_stress,15,16,short,24,8,265,209,143,24,119,0,-376.0
s20251124,market,15,16,short,32,10,235,183,93,18,75,0,-174.0
s20251124,passive,15,16,short,32,10,252,194,133,29,104,0,-112.0
s20251124,passive_stress,15,16,short,32,10,252,194,133,26,107,0,-238.0
s20251128,market,30,12,long,24,8,45,31,15,6,9,0,72.0
s20251128,passive,30,12,long,24,8,46,33,29,9,20,0,56.0
s20251128,passive_stress,30,12,long,24,8,45,32,28,8,20,0,32.0
s20251128,market,30,12,long,32,10,42,29,14,6,8,0,112.0
s20251128,passive,30,12,long,32,10,44,31,27,6,21,0,-18.0
s20251128,passive_stress,30,12,long,32,10,44,31,27,6,21,0,-18.0
s20251128,market,30,8,long,24,8,57,23,8,3,5,0,32.0
s20251128,passive,30,8,long,24,8,52,25,20,6,14,0,32.0
s20251128,passive_stress,30,8,long,24,8,52,25,20,6,14,0,32.0
s20251128,market,30,8,long,32,10,56,23,8,3,5,0,46.0
s20251128,passive,30,8,long,32,10,49,23,19,5,14,0,20.0
s20251128,passive_stress,30,8,long,32,10,49,23,19,5,14,0,20.0
s20251128,market,30,16,long,24,8,42,35,23,7,16,0,40.0
s20251128,passive,30,16,long,24,8,47,41,29,10,19,0,88.0
s20251128,passive_stress,30,16,long,24,8,48,42,30,8,22,0,16.0
s20251128,market,30,16,long,32,10,40,33,20,6,14,0,52.0
s20251128,passive,30,16,long,32,10,46,40,28,6,22,0,-28.0
s20251128,passive_stress,30,16,long,32,10,46,40,28,6,22,0,-28.0
s20251128,market,30,12,short,24,8,40,25,11,2,9,0,-24.0
s20251128,passive,30,12,short,24,8,33,22,21,7,14,0,56.0
s20251128,passive_stress,30,12,short,24,8,34,23,22,4,18,0,-48.0
s20251128,market,30,12,short,32,10,40,25,11,3,8,0,16.0
s20251128,passive,30,12,short,32,10,33,22,21,6,15,0,42.0
s20251128,passive_stress,30,12,short,32,10,33,22,21,6,15,0,42.0
s20251128,market,30,8,short,24,8,52,14,6,0,6,0,-48.0
s20251128,passive,30,8,short,24,8,48,13,10,2,8,0,-16.0
s20251128,passive_stress,30,8,short,24,8,48,13,10,1,9,0,-48.0
s20251128,market,30,8,short,32,10,52,14,6,0,6,0,-60.0
s20251128,passive,30,8,short,32,10,47,12,9,3,6,0,36.0
s20251128,passive_stress,30,8,short,32,10,47,12,9,3,6,0,36.0
s20251128,market,30,16,short,24,8,34,26,17,3,14,0,-40.0
s20251128,passive,30,16,short,24,8,33,26,22,8,14,0,80.0
s20251128,passive_stress,30,16,short,24,8,33,26,22,7,15,0,48.0
s20251128,market,30,16,short,32,10,34,26,17,3,14,0,-44.0
s20251128,passive,30,16,short,32,10,32,26,22,8,14,0,116.0
s20251128,passive_stress,30,16,short,32,10,32,26,22,8,14,0,116.0
s20251128,market,15,12,long,24,8,183,142,59,16,43,0,40.0
s20251128,passive,15,12,long,24,8,177,138,108,19,89,0,-256.0
s20251128,passive_stress,15,12,long,24,8,180,140,109,15,94,0,-392.0
s20251128,market,15,12,long,32,10,171,134,59,14,44,1,33.0
s20251128,passive,15,12,long,32,10,168,130,104,17,87,0,-326.0
s20251128,passive_stress,15,12,long,32,10,171,132,104,14,90,0,-452.0
s20251128,market,15,8,long,24,8,227,114,36,8,28,0,-32.0
s20251128,passive,15,8,long,24,8,213,108,84,15,69,0,-192.0
s20251128,passive_stress,15,8,long,24,8,217,110,85,13,72,0,-264.0
s20251128,market,15,8,long,32,10,220,109,36,6,30,0,-108.0
s20251128,passive,15,8,long,32,10,203,103,80,15,65,0,-170.0
s20251128,passive_stress,15,8,long,32,10,212,108,84,11,72,1,-336.8000000000029
s20251128,market,15,16,long,24,8,152,134,69,16,53,0,-40.0
s20251128,passive,15,16,long,24,8,165,145,99,17,82,0,-248.0
s20251128,passive_stress,15,16,long,24,8,168,148,101,11,90,0,-456.0
s20251128,market,15,16,long,32,10,145,128,67,14,52,1,-47.0
s20251128,passive,15,16,long,32,10,154,135,95,13,82,0,-404.0
s20251128,passive_stress,15,16,long,32,10,156,136,94,12,82,0,-436.0
s20251128,market,15,12,short,24,8,137,108,55,17,38,0,104.0
s20251128,passive,15,12,short,24,8,143,110,86,16,70,0,-176.0
s20251128,passive_stress,15,12,short,24,8,145,113,89,14,75,0,-264.0
s20251128,market,15,12,short,32,10,134,105,55,14,41,0,38.0
s20251128,passive,15,12,short,32,10,136,104,80,14,66,0,-212.0
s20251128,passive_stress,15,12,short,32,10,135,103,80,14,66,0,-212.0
s20251128,market,15,8,short,24,8,173,77,34,14,20,0,176.0
s20251128,passive,15,8,short,24,8,174,71,59,13,46,0,-56.0
s20251128,passive_stress,15,8,short,24,8,173,71,59,12,47,0,-88.0
s20251128,market,15,8,short,32,10,168,75,34,12,22,0,164.0
s20251128,passive,15,8,short,32,10,162,69,58,16,42,0,92.0
s20251128,passive_stress,15,8,short,32,10,165,69,58,12,46,0,-76.0
s20251128,market,15,16,short,24,8,122,110,63,16,47,0,8.0
s20251128,passive,15,16,short,24,8,138,124,85,16,69,0,-168.0
s20251128,passive_stress,15,16,short,24,8,138,124,86,15,71,0,-208.0
s20251128,market,15,16,short,32,10,117,105,58,15,42,1,72.0
s20251128,passive,15,16,short,32,10,125,114,77,21,56,0,112.0
s20251128,passive_stress,15,16,short,32,10,128,115,78,17,61,0,-66.0
s20251209,market,30,12,long,24,8,57,48,22,5,17,0,-16.0
s20251209,passive,30,12,long,24,8,56,48,38,9,29,0,-16.0
s20251209,passive_stress,30,12,long,24,8,57,49,40,6,34,0,-128.0
s20251209,market,30,12,long,32,10,56,47,22,5,17,0,-10.0
s20251209,passive,30,12,long,32,10,55,47,37,10,26,1,84.80000000000291
s20251209,passive_stress,30,12,long,32,10,56,48,38,9,29,0,-2.0
s20251209,market,30,8,long,24,8,65,36,14,4,10,0,16.0
s20251209,passive,30,8,long,24,8,63,35,31,6,25,0,-56.0
s20251209,passive_stress,30,8,long,24,8,65,36,32,5,27,0,-96.0
s20251209,market,30,8,long,32,10,63,36,14,4,10,0,28.0
s20251209,passive,30,8,long,32,10,60,35,31,5,26,0,-100.0
s20251209,passive_stress,30,8,long,32,10,60,35,31,5,26,0,-100.0
s20251209,market,30,16,long,24,8,54,50,27,6,21,0,-24.0
s20251209,passive,30,16,long,24,8,56,51,36,11,25,0,64.0
s20251209,passive_stress,30,16,long,24,8,56,51,36,9,27,0,0.0
s20251209,market,30,16,long,32,10,52,48,26,6,20,0,-8.0
s20251209,passive,30,16,long,32,10,55,50,35,11,24,0,112.0
s20251209,passive_stress,30,16,long,32,10,55,50,35,11,24,0,112.0
s20251209,market,30,12,short,24,8,47,38,11,2,9,0,-24.0
s20251209,passive,30,12,short,24,8,43,36,31,5,26,0,-88.0
s20251209,passive_stress,30,12,short,24,8,43,36,31,4,27,0,-120.0
s20251209,market,30,12,short,32,10,47,38,11,3,8,0,16.0
s20251209,passive,30,12,short,32,10,42,35,30,5,24,1,-69.19999999999709
s20251209,passive_stress,30,12,short,32,10,42,35,30,5,24,1,-70.19999999999709
s20251209,market,30,8,short,24,8,51,26,7,2,5,0,8.0
s20251209,passive,30,8,short,24,8,47,23,21,3,18,0,-72.0
s20251209,passive_stress,30,8,short,24,8,47,23,21,3,18,0,-72.0
s20251209,market,30,8,short,32,10,51,26,7,2,5,0,14.0
s20251209,passive,30,8,short,32,10,46,22,20,4,16,0,-32.0
s20251209,passive_stress,30,8,short,32,10,46,22,20,4,16,0,-32.0
s20251209,market,30,16,short,24,8,42,39,17,4,13,0,-8.0
s20251209,passive,30,16,short,24,8,44,42,32,4,28,0,-128.0
s20251209,passive_stress,30,16,short,24,8,44,42,32,3,29,0,-160.0
s20251209,market,30,16,short,32,10,42,39,17,4,13,0,-2.0
s20251209,passive,30,16,short,32,10,44,42,32,3,28,1,-172.60000000000582
s20251209,passive_stress,30,16,short,32,10,44,42,32,3,28,1,-173.60000000000582
s20251209,market,15,12,long,24,8,217,181,74,17,57,0,-48.0
s20251209,passive,15,12,long,24,8,210,176,136,26,110,0,-256.0
s20251209,passive_stress,15,12,long,24,8,213,178,139,19,120,0,-504.0
s20251209,market,15,12,long,32,10,200,167,70,13,54,3,-81.0
s20251209,passive,15,12,long,32,10,196,161,124,25,98,1,-155.1999999999971
s20251209,passive_stress,15,12,long,32,10,199,164,129,21,106,2,-368.3999999999942
s20251209,market,15,8,long,24,8,287,162,54,14,40,0,16.0
s20251209,passive,15,8,long,24,8,261,144,118,17,101,0,-400.0
s20251209,passive_stress,15,8,long,24,8,269,146,119,16,103,0,-440.0
s20251209,market,15,8,long,32,10,271,154,52,11,40,1,-30.0
s20251209,passive,15,8,long,32,10,239,127,106,18,86,2,-266.1000000000058
s20251209,passive_stress,15,8,long,32,10,247,134,109,14,93,2,-444.6000000000058
s20251209,market,15,16,long,24,8,165,151,71,19,52,0,40.0
s20251209,passive,15,16,long,24,8,164,148,116,29,87,0,0.0
s20251209,passive_stress,15,16,long,24,8,170,154,120,27,93,0,-96.0
s20251209,market,15,16,long,32,10,156,143,66,16,49,1,40.0
s20251209,passive,15,16,long,32,10,160,143,112,25,87,0,-70.0
s20251209,passive_stress,15,16,long,32,10,159,142,111,24,87,0,-102.0
s20251209,market,15,12,short,24,8,210,169,74,22,52,0,112.0
s20251209,passive,15,12,short,24,8,192,158,126,25,101,0,-208.0
s20251209,passive_stress,15,12,short,24,8,194,160,128,23,105,0,-288.0
s20251209,market,15,12,short,32,10,197,157,65,12,50,3,-88.5
s20251209,passive,15,12,short,32,10,179,146,114,23,87,4,-60.79999999998836
s20251209,passive_stress,15,12,short,32,10,178,145,113,21,89,3,-157.59999999999127
s20251209,market,15,8,short,24,8,272,154,54,17,37,0,112.0
s20251209,passive,15,8,short,24,8,236,131,116,28,88,0,-32.0
s20251209,passive_stress,15,8,short,24,8,245,136,120,24,96,0,-192.0
s20251209,market,15,8,short,32,10,259,141,47,10,35,2,-21.0
s20251209,passive,15,8,short,32,10,208,116,102,23,77,2,2.3999999999941792
s20251209,passive_stress,15,8,short,32,10,218,121,107,22,83,2,-91.60000000000582
s20251209,market,15,16,short,24,8,143,125,66,20,46,0,112.0
s20251209,passive,15,16,short,24,8,153,132,91,21,70,0,-56.0
s20251209,passive_stress,15,16,short,24,8,153,132,90,21,69,0,-48.0
s20251209,market,15,16,short,32,10,136,120,62,14,47,1,-3.5
s20251209,passive,15,16,short,32,10,144,123,83,22,61,0,94.0
s20251209,passive_stress,15,16,short,32,10,144,124,84,22,62,0,84.0
s20251222,market,30,12,long,24,8,50,47,17,2,15,0,-72.0
s20251222,passive,30,12,long,24,8,54,50,37,6,29,2,-76.89999999999418
s20251222,passive_stress,30,12,long,24,8,54,50,37,6,31,0,-104.0
s20251222,market,30,12,long,32,10,49,46,17,1,14,2,-100.5
s20251222,passive,30,12,long,32,10,52,47,35,4,28,3,-118.09999999999127
s20251222,passive_stress,30,12,long,32,10,52,47,35,4,28,3,-121.09999999999127
s20251222,market,30,8,long,24,8,56,37,12,2,10,0,-32.0
s20251222,passive,30,8,long,24,8,55,36,31,5,26,0,-88.0
s20251222,passive_stress,30,8,long,24,8,55,36,31,5,26,0,-88.0
s20251222,market,30,8,long,32,10,56,37,12,1,10,1,-67.0
s20251222,passive,30,8,long,32,10,54,36,31,4,25,2,-119.10000000000582
s20251222,passive_stress,30,8,long,32,10,55,36,31,4,26,1,-127.80000000000291
s20251222,market,30,16,long,24,8,47,46,22,3,19,0,-80.0
s20251222,passive,30,16,long,24,8,52,51,36,5,29,2,-98.70000000001164
s20251222,passive_stress,30,16,long,24,8,52,51,36,5,29,2,-100.70000000001164
s20251222,market,30,16,long,32,10,46,45,22,2,18,2,-108.5
s20251222,passive,30,16,long,32,10,50,49,35,3,29,3,-157.30000000001746
s20251222,passive_stress,30,16,long,32,10,49,48,34,3,28,3,-150.30000000001746
s20251222,market,30,12,short,24,8,56,46,23,3,19,1,-65.0
s20251222,passive,30,12,short,24,8,63,50,36,3,33,0,-192.0
s20251222,passive_stress,30,12,short,24,8,64,51,37,2,35,0,-232.0
s20251222,market,30,12,short,32,10,56,46,23,3,19,1,-79.0
s20251222,passive,30,12,short,32,10,61,49,35,4,31,0,-182.0
s20251222,passive_stress,30,12,short,32,10,62,50,36,2,34,0,-276.0
s20251222,market,30,8,short,24,8,66,42,14,2,11,1,-25.0
s20251222,passive,30,8,short,24,8,69,41,32,2,30,0,-192.0
s20251222,passive_stress,30,8,short,24,8,70,42,33,2,31,0,-200.0
s20251222,market,30,8,short,32,10,66,42,14,1,12,1,-73.0
s20251222,passive,30,8,short,32,10,64,38,29,3,24,2,-117.10000000000582
s20251222,passive_stress,30,8,short,32,10,66,39,30,1,27,2,-208.60000000000582
s20251222,market,30,16,short,24,8,47,43,23,4,18,1,-33.0
s20251222,passive,30,16,short,24,8,52,47,27,5,22,0,-56.0
s20251222,passive_stress,30,16,short,24,8,53,48,28,4,24,0,-96.0
s20251222,market,30,16,short,32,10,47,43,23,4,18,1,-37.0
s20251222,passive,30,16,short,32,10,51,46,26,4,22,0,-92.0
s20251222,passive_stress,30,16,short,32,10,52,47,27,4,23,0,-102.0
s20251222,market,15,12,long,24,8,169,144,60,12,48,0,-96.0
s20251222,passive,15,12,long,24,8,167,142,105,20,85,0,-200.0
s20251222,passive_stress,15,12,long,24,8,169,144,108,19,89,0,-256.0
s20251222,market,15,12,long,32,10,157,132,53,11,39,3,-3.5
s20251222,passive,15,12,long,32,10,151,127,98,19,77,2,-129.89999999999418
s20251222,passive_stress,15,12,long,32,10,153,129,99,17,80,2,-228.39999999999418
s20251222,market,15,8,long,24,8,248,156,52,11,41,0,-64.0
s20251222,passive,15,8,long,24,8,211,129,110,22,88,0,-176.0
s20251222,passive_stress,15,8,long,24,8,213,132,112,19,93,0,-288.0
s20251222,market,15,8,long,32,10,227,142,47,11,33,3,57.5
s20251222,passive,15,8,long,32,10,185,107,94,16,74,4,-186.70000000001164
s20251222,passive_stress,15,8,long,32,10,188,110,96,15,79,2,-291.6000000000058
s20251222,market,15,16,long,24,8,109,101,54,10,44,0,-112.0
s20251222,passive,15,16,long,24,8,119,111,78,17,60,1,-63.60000000000582
s20251222,passive_stress,15,16,long,24,8,119,111,78,13,64,1,-192.60000000000582
s20251222,market,15,16,long,32,10,101,93,48,10,36,2,-28.0
s20251222,passive,15,16,long,32,10,116,108,75,13,60,2,-154.20000000001164
s20251222,passive_stress,15,16,long,32,10,114,107,75,13,60,2,-156.20000000001164
s20251222,market,15,12,short,24,8,168,129,60,15,44,1,23.0
s20251222,passive,15,12,short,24,8,175,132,101,18,83,0,-232.0
s20251222,passive_stress,15,12,short,24,8,177,133,102,17,85,0,-272.0
s20251222,market,15,12,short,32,10,160,121,58,10,44,4,-71.0
s20251222,passive,15,12,short,32,10,159,119,91,19,68,4,-21.29999999998836
s20251222,passive_stress,15,12,short,32,10,164,123,95,15,77,3,-254.09999999999127
s20251222,market,15,8,short,24,8,256,151,59,14,43,2,17.0
s20251222,passive,15,8,short,24,8,233,133,106,20,84,2,-159.60000000000582
s20251222,passive_stress,15,8,short,24,8,238,137,110,15,94,1,-373.8000000000029
s20251222,market,15,8,short,32,10,245,144,54,9,39,6,-48.5
s20251222,passive,15,8,short,32,10,214,121,95,15,75,5,-235.00000000001455
s20251222,passive_stress,15,8,short,32,10,219,122,96,15,76,5,-239.00000000001455
s20251222,market,15,16,short,24,8,116,98,45,10,34,1,-17.0
s20251222,passive,15,16,short,24,8,123,105,81,17,64,0,-104.0
s20251222,passive_stress,15,16,short,24,8,123,105,81,14,67,0,-200.0
s20251222,market,15,16,short,32,10,114,96,45,8,35,2,-72.0
s20251222,passive,15,16,short,32,10,116,99,76,12,63,1,-246.10000000000582
s20251222,passive_stress,15,16,short,32,10,117,100,77,12,64,1,-257.1000000000058
s20260123,market,30,12,long,24,8,75,61,27,6,21,0,-24.0
s20260123,passive,30,12,long,24,8,70,60,50,8,42,0,-144.0
s20260123,passive_stress,30,12,long,24,8,70,60,50,8,42,0,-144.0
s20260123,market,30,12,long,32,10,75,61,27,5,22,0,-60.0
s20260123,passive,30,12,long,32,10,69,59,49,9,40,0,-112.0
s20260123,passive_stress,30,12,long,32,10,69,59,49,9,40,0,-112.0
s20260123,market,30,8,long,24,8,88,42,16,3,13,0,-32.0
s20260123,passive,30,8,long,24,8,83,41,37,5,32,0,-136.0
s20260123,passive_stress,30,8,long,24,8,83,41,37,3,34,0,-200.0
s20260123,market,30,8,long,32,10,88,42,16,2,14,0,-76.0
s20260123,passive,30,8,long,32,10,82,40,36,7,29,0,-66.0
s20260123,passive_stress,30,8,long,32,10,82,40,36,6,30,0,-108.0
s20260123,market,30,16,long,24,8,68,61,32,9,23,0,32.0
s20260123,passive,30,16,long,24,8,74,69,51,6,45,0,-216.0
s20260123,passive_stress,30,16,long,24,8,74,69,51,6,45,0,-216.0
s20260123,market,30,16,long,32,10,68,61,32,9,23,0,58.0
s20260123,passive,30,16,long,32,10,74,69,51,9,42,0,-132.0
s20260123,passive_stress,30,16,long,32,10,74,69,51,6,45,0,-258.0
s20260123,market,30,12,short,24,8,65,49,22,6,16,0,16.0
s20260123,passive,30,12,short,24,8,62,48,41,11,30,0,24.0
s20260123,passive_stress,30,12,short,24,8,62,48,41,9,32,0,-40.0
s20260123,market,30,12,short,32,10,65,49,22,5,17,0,-10.0
s20260123,passive,30,12,short,32,10,60,47,40,8,32,0,-64.0
s20260123,passive_stress,30,12,short,32,10,60,47,40,8,32,0,-64.0
s20260123,market,30,8,short,24,8,83,36,11,2,9,0,-24.0
s20260123,passive,30,8,short,24,8,77,33,28,4,24,0,-96.0
s20260123,passive_stress,30,8,short,24,8,78,34,29,2,27,0,-168.0
s20260123,market,30,8,short,32,10,83,36,11,2,9,0,-26.0
s20260123,passive,30,8,short,32,10,74,32,27,5,22,0,-60.0
s20260123,passive_stress,30,8,short,32,10,74,32,27,5,22,0,-60.0
s20260123,market,30,16,short,24,8,63,52,25,6,19,0,-8.0
s20260123,passive,30,16,short,24,8,67,58,42,8,34,0,-80.0
s20260123,passive_stress,30,16,short,24,8,67,58,42,8,34,0,-80.0
s20260123,market,30,16,short,32,10,63,52,25,6,19,0,2.0
s20260123,passive,30,16,short,32,10,66,57,41,8,33,0,-74.0
s20260123,passive_stress,30,16,short,32,10,66,57,41,7,34,0,-116.0
s20260123,market,15,12,long,24,8,271,200,84,29,55,0,256.0
s20260123,passive,15,12,long,24,8,259,195,166,38,128,0,-112.0
s20260123,passive_stress,15,12,long,24,8,262,197,166,30,136,0,-368.0
s20260123,market,15,12,long,32,10,264,196,84,24,60,0,168.0
s20260123,passive,15,12,long,32,10,249,187,158,32,126,0,-236.0
s20260123,passive_stress,15,12,long,32,10,254,191,162,31,131,0,-318.0
s20260123,market,15,8,long,24,8,337,159,58,18,40,0,112.0
s20260123,passive,15,8,long,24,8,314,149,127,20,107,0,-376.0
s20260123,passive_stress,15,8,long,24,8,316,151,129,19,110,0,-424.0
s20260123,market,15,8,long,32,10,330,154,58,16,42,0,92.0
s20260123,passive,15,8,long,32,10,302,144,125,25,100,0,-200.0
s20260123,passive_stress,15,8,long,32,10,307,145,124,22,102,0,-316.0
s20260123,market,15,16,long,24,8,238,208,91,29,62,0,200.0
s20260123,passive,15,16,long,24,8,246,218,167,27,140,0,-472.0
s20260123,passive_stress,15,16,long,24,8,247,219,168,24,144,0,-576.0
s20260123,market,15,16,long,32,10,232,202,91,25,66,0,140.0
s20260123,passive,15,16,long,32,10,240,212,159,33,126,0,-204.0
s20260123,passive_stress,15,16,long,32,10,242,214,164,26,138,0,-548.0
s20260123,market,15,12,short,24,8,289,218,93,23,70,0,-8.0
s20260123,passive,15,12,short,24,8,254,196,161,42,119,0,56.0
s20260123,passive_stress,15,12,short,24,8,261,199,164,37,127,0,-128.0
s20260123,market,15,12,short,32,10,279,211,90,22,68,0,24.0
s20260123,passive,15,12,short,32,10,239,182,154,36,118,0,-28.0
s20260123,passive_stress,15,12,short,32,10,238,183,155,35,120,0,-80.0
s20260123,market,15,8,short,24,8,375,160,54,16,38,0,80.0
s20260123,passive,15,8,short,24,8,328,138,118,31,87,0,48.0
s20260123,passive_stress,15,8,short,24,8,335,140,120,25,95,0,-160.0
s20260123,market,15,8,short,32,10,366,158,54,15,39,0,90.0
s20260123,passive,15,8,short,32,10,311,130,111,27,84,0,24.0
s20260123,passive_stress,15,8,short,32,10,314,128,110,25,85,0,-50.0
s20260123,market,15,16,short,24,8,247,218,107,24,83,0,-88.0
s20260123,passive,15,16,short,24,8,248,224,166,37,129,0,-144.0
s20260123,passive_stress,15,16,short,24,8,252,228,167,33,134,0,-280.0
s20260123,market,15,16,short,32,10,234,207,102,26,76,0,72.0
s20260123,passive,15,16,short,32,10,242,219,161,34,127,0,-182.0
s20260123,passive_stress,15,16,short,32,10,241,218,161,32,129,0,-266.0
s20260206,market,30,12,long,24,8,86,51,26,4,22,0,-80.0
s20260206,passive,30,12,long,24,8,88,48,38,7,31,0,-80.0
s20260206,passive_stress,30,12,long,24,8,88,48,38,7,31,0,-80.0
s20260206,market,30,12,long,32,10,83,49,25,7,18,0,44.0
s20260206,passive,30,12,long,32,10,86,46,36,7,29,0,-66.0
s20260206,passive_stress,30,12,long,32,10,86,46,37,7,30,0,-76.0
s20260206,market,30,8,long,24,8,105,32,15,4,11,0,8.0
s20260206,passive,30,8,long,24,8,96,25,20,5,15,0,0.0
s20260206,passive_stress,30,8,long,24,8,96,25,20,4,16,0,-32.0
s20260206,market,30,8,long,32,10,99,29,14,5,9,0,70.0
s20260206,passive,30,8,long,32,10,95,23,20,5,15,0,10.0
s20260206,passive_stress,30,8,long,32,10,95,23,20,5,15,0,10.0
s20260206,market,30,16,long,24,8,77,56,28,5,23,0,-64.0
s20260206,passive,30,16,long,24,8,85,59,43,5,38,0,-184.0
s20260206,passive_stress,30,16,long,24,8,86,60,44,5,39,0,-192.0
s20260206,market,30,16,long,32,10,72,51,26,8,18,0,76.0
s20260206,passive,30,16,long,32,10,83,57,41,7,34,0,-116.0
s20260206,passive_stress,30,16,long,32,10,84,58,42,5,37,0,-210.0
s20260206,market,30,12,short,24,8,63,38,19,4,15,0,-24.0
s20260206,passive,30,12,short,24,8,64,38,34,11,23,0,80.0
s20260206,passive_stress,30,12,short,24,8,64,38,34,11,23,0,80.0
s20260206,market,30,12,short,32,10,63,38,19,4,15,0,-22.0
s20260206,passive,30,12,short,32,10,64,38,34,6,28,0,-88.0
s20260206,passive_stress,30,12,short,32,10,64,38,34,6,28,0,-88.0
s20260206,market,30,8,short,24,8,77,23,8,1,7,0,-32.0
s20260206,passive,30,8,short,24,8,73,22,20,7,13,0,64.0
s20260206,passive_stress,30,8,short,24,8,73,22,20,5,15,0,0.0
s20260206,market,30,8,short,32,10,77,23,8,1,7,0,-38.0
s20260206,passive,30,8,short,32,10,73,22,20,4,16,0,-32.0
s20260206,passive_stress,30,8,short,32,10,73,22,20,4,16,0,-32.0
s20260206,market,30,16,short,24,8,59,41,25,4,21,0,-72.0
s20260206,passive,30,16,short,24,8,70,50,35,7,28,0,-56.0
s20260206,passive_stress,30,16,short,24,8,70,50,35,7,28,0,-56.0
s20260206,market,30,16,short,32,10,59,41,25,4,21,0,-82.0
s20260206,passive,30,16,short,32,10,68,49,35,6,29,0,-98.0
s20260206,passive_stress,30,16,short,32,10,70,50,35,5,30,0,-140.0
s20260206,market,15,12,long,24,8,290,178,78,18,60,0,-48.0
s20260206,passive,15,12,long,24,8,287,178,144,27,117,0,-288.0
s20260206,passive_stress,15,12,long,24,8,287,178,145,25,120,0,-360.0
s20260206,market,15,12,long,32,10,280,171,74,26,48,0,352.0
s20260206,passive,15,12,long,32,10,279,170,141,26,115,0,-318.0
s20260206,passive_stress,15,12,long,32,10,280,170,141,24,117,0,-402.0
s20260206,market,15,8,long,24,8,365,117,41,12,29,0,56.0
s20260206,passive,15,8,long,24,8,341,108,94,20,74,0,-112.0
s20260206,passive_stress,15,8,long,24,8,341,108,94,19,75,0,-144.0
s20260206,market,15,8,long,32,10,356,112,41,16,25,0,262.0
s20260206,passive,15,8,long,32,10,332,103,91,22,69,0,14.0
s20260206,passive_stress,15,8,long,32,10,335,103,90,18,72,0,-144.0
s20260206,market,15,16,long,24,8,244,187,90,24,66,0,48.0
s20260206,passive,15,16,long,24,8,258,205,159,29,130,0,-344.0
s20260206,passive_stress,15,16,long,24,8,259,206,161,28,133,0,-392.0
s20260206,market,15,16,long,32,10,234,179,86,28,58,0,316.0
s20260206,passive,15,16,long,32,10,246,194,150,30,120,0,-240.0
s20260206,passive_stress,15,16,long,32,10,249,197,153,26,127,0,-438.0
s20260206,market,15,12,short,24,8,263,158,76,18,58,0,-32.0
s20260206,passive,15,12,short,24,8,266,163,131,29,102,0,-120.0
s20260206,passive_stress,15,12,short,24,8,264,162,130,28,102,0,-144.0
s20260206,market,15,12,short,32,10,255,151,74,18,56,0,16.0
s20260206,passive,15,12,short,32,10,254,153,121,24,97,0,-202.0
s20260206,passive_stress,15,12,short,32,10,258,156,124,21,103,0,-358.0
s20260206,market,15,8,short,24,8,311,116,55,19,36,0,168.0
s20260206,passive,15,8,short,24,8,294,113,98,27,71,0,80.0
s20260206,passive_stress,15,8,short,24,8,301,112,96,22,74,0,-64.0
s20260206,market,15,8,short,32,10,302,111,52,19,33,0,278.0
s20260206,passive,15,8,short,32,10,294,112,95,22,73,0,-26.0
s20260206,passive_stress,15,8,short,32,10,289,110,94,20,74,0,-100.0
s20260206,market,15,16,short,24,8,224,163,88,19,69,0,-96.0
s20260206,passive,15,16,short,24,8,244,179,126,26,100,0,-176.0
s20260206,passive_stress,15,16,short,24,8,242,180,127,22,105,0,-312.0
s20260206,market,15,16,short,32,10,220,159,84,16,68,0,-168.0
s20260206,passive,15,16,short,32,10,236,174,121,24,97,0,-202.0
s20260206,passive_stress,15,16,short,32,10,237,174,122,20,102,0,-380.0
s20260211,market,30,12,long,24,8,78,44,21,8,13,0,88.0
s20260211,passive,30,12,long,24,8,79,45,34,6,28,0,-80.0
s20260211,passive_stress,30,12,long,24,8,79,45,34,3,31,0,-176.0
s20260211,market,30,12,long,32,10,78,44,21,8,13,0,126.0
s20260211,passive,30,12,long,32,10,79,45,34,6,28,0,-88.0
s20260211,passive_stress,30,12,long,32,10,79,45,34,6,28,0,-88.0
s20260211,market,30,8,long,24,8,98,30,14,5,9,0,48.0
s20260211,passive,30,8,long,24,8,89,29,24,6,18,0,0.0
s20260211,passive_stress,30,8,long,24,8,89,29,24,5,19,0,-32.0
s20260211,market,30,8,long,32,10,98,30,14,4,10,0,28.0
s20260211,passive,30,8,long,32,10,89,29,24,7,17,0,54.0
s20260211,passive_stress,30,8,long,32,10,89,29,24,6,18,0,12.0
s20260211,market,30,16,long,24,8,68,50,27,11,16,0,136.0
s20260211,passive,30,16,long,24,8,73,55,41,9,32,0,-40.0
s20260211,passive_stress,30,16,long,24,8,73,55,41,5,36,0,-168.0
s20260211,market,30,16,long,32,10,68,50,27,10,17,0,150.0
s20260211,passive,30,16,long,32,10,72,54,40,7,33,0,-106.0
s20260211,passive_stress,30,16,long,32,10,72,54,40,6,34,0,-148.0
s20260211,market,30,12,short,24,8,76,41,18,4,14,0,-16.0
s20260211,passive,30,12,short,24,8,70,36,33,5,28,0,-104.0
s20260211,passive_stress,30,12,short,24,8,70,36,33,2,31,0,-200.0
s20260211,market,30,12,short,32,10,76,41,18,4,14,0,-12.0
s20260211,passive,30,12,short,32,10,70,36,33,5,28,0,-120.0
s20260211,passive_stress,30,12,short,32,10,70,36,33,5,28,0,-120.0
s20260211,market,30,8,short,24,8,93,20,9,2,7,0,-8.0
s20260211,passive,30,8,short,24,8,88,19,17,2,15,0,-72.0
s20260211,passive_stress,30,8,short,24,8,88,19,17,2,15,0,-72.0
s20260211,market,30,8,short,32,10,93,20,9,2,7,0,-6.0
s20260211,passive,30,8,short,32,10,86,19,17,3,14,0,-44.0
s20260211,passive_stress,30,8,short,32,10,87,19,17,3,14,0,-44.0
s20260211,market,30,16,short,24,8,72,49,22,3,19,0,-80.0
s20260211,passive,30,16,short,24,8,66,44,36,4,32,0,-160.0
s20260211,passive_stress,30,16,short,24,8,66,44,36,4,32,0,-160.0
s20260211,market,30,16,short,32,10,72,49,22,3,19,0,-94.0
s20260211,passive,30,16,short,32,10,66,44,36,5,31,0,-150.0
s20260211,passive_stress,30,16,short,32,10,66,44,36,4,32,0,-192.0
s20260211,market,15,12,long,24,8,304,178,91,26,65,0,104.0
s20260211,passive,15,12,long,24,8,311,194,148,25,123,0,-384.0
s20260211,passive_stress,15,12,long,24,8,312,195,148,20,128,0,-544.0
s20260211,market,15,12,long,32,10,303,177,91,25,66,0,140.0
s20260211,passive,15,12,long,32,10,302,189,146,21,125,0,-578.0
s20260211,passive_stress,15,12,long,32,10,303,189,146,20,126,0,-620.0
s20260211,market,15,8,long,24,8,385,118,50,15,35,0,80.0
s20260211,passive,15,8,long,24,8,372,110,94,19,75,0,-144.0
s20260211,passive_stress,15,8,long,24,8,372,110,94,19,75,0,-144.0
s20260211,market,15,8,long,32,10,384,118,50,15,35,0,130.0
s20260211,passive,15,8,long,32,10,359,105,90,15,75,0,-270.0
s20260211,passive_stress,15,8,long,32,10,363,107,91,14,77,0,-322.0
s20260211,market,15,16,long,24,8,262,191,102,31,71,0,176.0
s20260211,passive,15,16,long,24,8,294,220,163,26,137,0,-472.0
s20260211,passive_stress,15,16,long,24,8,296,222,165,23,142,0,-584.0
s20260211,market,15,16,long,32,10,261,191,102,31,71,0,282.0
s20260211,passive,15,16,long,32,10,282,211,153,29,124,0,-312.0
s20260211,passive_stress,15,16,long,32,10,284,213,157,22,135,0,-646.0
s20260211,market,15,12,short,24,8,317,179,79,23,56,0,104.0
s20260211,passive,15,12,short,24,8,300,172,144,30,114,0,-192.0
s20260211,passive_stress,15,12,short,24,8,302,175,147,24,123,0,-408.0
s20260211,market,15,12,short,32,10,308,171,79,24,55,0,218.0
s20260211,passive,15,12,short,32,10,290,167,140,28,112,0,-224.0
s20260211,passive_stress,15,12,short,32,10,292,169,142,27,115,0,-286.0
s20260211,market,15,8,short,24,8,391,104,44,11,33,0,0.0
s20260211,passive,15,8,short,24,8,363,101,83,15,68,0,-184.0
s20260211,passive_stress,15,8,short,24,8,366,101,83,13,70,0,-248.0
s20260211,market,15,8,short,32,10,389,104,44,12,32,0,64.0
s20260211,passive,15,8,short,32,10,355,99,81,17,64,0,-96.0
s20260211,passive_stress,15,8,short,32,10,357,99,81,17,64,0,-96.0
s20260211,market,15,16,short,24,8,289,201,88,24,64,0,64.0
s20260211,passive,15,16,short,24,8,282,204,162,36,126,0,-144.0
s20260211,passive_stress,15,16,short,24,8,281,203,161,34,127,0,-200.0
s20260211,market,15,16,short,32,10,281,193,86,22,64,0,64.0
s20260211,passive,15,16,short,32,10,271,196,154,32,122,0,-196.0
s20260211,passive_stress,15,16,short,32,10,271,193,152,30,122,0,-260.0
s20260218,market,30,12,long,24,8,66,40,20,6,14,0,32.0
s20260218,passive,30,12,long,24,8,64,39,32,10,22,0,64.0
s20260218,passive_stress,30,12,long,24,8,64,39,32,10,22,0,64.0
s20260218,market,30,12,long,32,10,66,40,20,5,15,0,10.0
s20260218,passive,30,12,long,32,10,64,39,32,11,21,0,142.0
s20260218,passive_stress,30,12,long,32,10,64,39,32,11,21,0,142.0
s20260218,market,30,8,long,24,8,79,28,11,4,7,0,40.0
s20260218,passive,30,8,long,24,8,79,27,22,7,15,0,48.0
s20260218,passive_stress,30,8,long,24,8,79,27,22,5,17,0,-16.0
s20260218,market,30,8,long,32,10,79,28,11,4,7,0,58.0
s20260218,passive,30,8,long,32,10,79,27,22,7,15,0,74.0
s20260218,passive_stress,30,8,long,32,10,79,27,22,6,16,0,32.0
s20260218,market,30,16,long,24,8,59,49,25,7,18,0,24.0
s20260218,passive,30,16,long,24,8,65,55,40,12,28,0,64.0
s20260218,passive_stress,30,16,long,24,8,65,55,40,12,28,0,64.0
s20260218,market,30,16,long,32,10,58,48,25,7,18,0,44.0
s20260218,passive,30,16,long,32,10,65,55,40,11,29,0,62.0
s20260218,passive_stress,30,16,long,32,10,65,55,40,11,29,0,62.0
s20260218,market,30,12,short,24,8,57,41,15,5,10,0,40.0
s20260218,passive,30,12,short,24,8,53,36,31,8,23,0,8.0
s20260218,passive_stress,30,12,short,24,8,53,36,31,7,24,0,-24.0
s20260218,market,30,12,short,32,10,57,41,15,5,10,0,60.0
s20260218,passive,30,12,short,32,10,53,36,31,6,25,0,-58.0
s20260218,passive_stress,30,12,short,32,10,53,36,31,6,25,0,-58.0
s20260218,market,30,8,short,24,8,70,27,6,1,5,0,-16.0
s20260218,passive,30,8,short,24,8,61,22,20,5,15,0,0.0
s20260218,passive_stress,30,8,short,24,8,61,22,20,4,16,0,-32.0
s20260218,market,30,8,short,32,10,70,27,6,1,5,0,-18.0
s20260218,passive,30,8,short,32,10,61,22,20,5,15,0,10.0
s20260218,passive_stress,30,8,short,32,10,61,22,20,5,15,0,10.0
s20260218,market,30,16,short,24,8,54,44,18,6,12,0,48.0
s20260218,passive,30,16,short,24,8,57,46,36,11,25,0,64.0
s20260218,passive_stress,30,16,short,24,8,57,46,36,10,26,0,32.0
s20260218,market,30,16,short,32,10,54,44,18,6,12,0,72.0
s20260218,passive,30,16,short,32,10,56,46,36,10,26,0,60.0
s20260218,passive_stress,30,16,short,32,10,57,46,36,8,28,0,-24.0
s20260218,market,15,12,long,24,8,320,195,85,20,65,0,-40.0
s20260218,passive,15,12,long,24,8,306,186,147,34,113,0,-88.0
s20260218,passive_stress,15,12,long,24,8,309,188,149,30,119,0,-232.0
s20260218,market,15,12,long,32,10,313,191,83,19,64,0,-32.0
s20260218,passive,15,12,long,32,10,290,177,143,29,114,0,-212.0
s20260218,passive_stress,15,12,long,32,10,292,177,143,27,116,0,-296.0
s20260218,market,15,8,long,24,8,377,131,53,13,40,0,-8.0
s20260218,passive,15,8,long,24,8,358,124,104,21,83,0,-160.0
s20260218,passive_stress,15,8,long,24,8,360,123,103,17,86,0,-280.0
s20260218,market,15,8,long,32,10,367,129,52,13,39,0,26.0
s20260218,passive,15,8,long,32,10,351,123,103,19,84,0,-232.0
s20260218,passive_stress,15,8,long,32,10,353,124,104,18,86,0,-284.0
s20260218,market,15,16,long,24,8,271,227,114,30,84,0,48.0
s20260218,passive,15,16,long,24,8,284,241,182,43,139,0,-80.0
s20260218,passive_stress,15,16,long,24,8,287,244,185,38,147,0,-264.0
s20260218,market,15,16,long,32,10,260,217,110,23,87,0,-134.0
s20260218,passive,15,16,long,32,10,271,230,174,38,136,0,-144.0
s20260218,passive_stress,15,16,long,32,10,271,232,174,34,140,0,-312.0
s20260218,market,15,12,short,24,8,285,200,79,22,57,0,72.0
s20260218,passive,15,12,short,24,8,271,193,157,36,121,0,-104.0
s20260218,passive_stress,15,12,short,24,8,273,194,158,29,129,0,-336.0
s20260218,market,15,12,short,32,10,278,193,77,19,58,0,28.0
s20260218,passive,15,12,short,32,10,261,185,149,32,117,0,-146.0
s20260218,passive_stress,15,12,short,32,10,266,189,152,29,123,0,-302.0
s20260218,market,15,8,short,24,8,357,123,37,9,28,0,-8.0
s20260218,passive,15,8,short,24,8,315,115,104,20,84,0,-192.0
s20260218,passive_stress,15,8,short,24,8,317,116,105,18,87,0,-264.0
s20260218,market,15,8,short,32,10,352,121,38,8,30,0,-44.0
s20260218,passive,15,8,short,32,10,307,109,99,18,81,0,-234.0
s20260218,passive_stress,15,8,short,32,10,309,111,101,14,86,1,-405.8000000000029
s20260218,market,15,16,short,24,8,256,213,94,25,69,0,48.0
s20260218,passive,15,16,short,24,8,260,216,169,39,130,0,-104.0
s20260218,passive_stress,15,16,short,24,8,264,220,172,34,138,0,-288.0
s20260218,market,15,16,short,32,10,249,206,91,23,68,0,56.0
s20260218,passive,15,16,short,32,10,249,207,161,35,126,0,-140.0
s20260218,passive_stress,15,16,short,32,10,255,213,165,30,135,0,-390.0
s20260220,market,30,12,long,24,8,81,33,19,6,13,0,40.0
s20260220,passive,30,12,long,24,8,84,34,27,6,21,0,-24.0
s20260220,passive_stress,30,12,long,24,8,84,34,27,6,21,0,-24.0
s20260220,market,30,12,long,32,10,81,33,19,5,14,0,20.0
s20260220,passive,30,12,long,32,10,84,34,27,5,22,0,-60.0
s20260220,passive_stress,30,12,long,32,10,84,34,27,5,22,0,-60.0
s20260220,market,30,8,long,24,8,99,23,9,4,5,0,56.0
s20260220,passive,30,8,long,24,8,101,21,18,5,13,0,16.0
s20260220,passive_stress,30,8,long,24,8,101,21,18,5,13,0,16.0
s20260220,market,30,8,long,32,10,99,23,9,4,5,0,78.0
s20260220,passive,30,8,long,32,10,101,21,18,5,13,0,30.0
s20260220,passive_stress,30,8,long,32,10,101,21,18,5,13,0,30.0
s20260220,market,30,16,long,24,8,74,46,22,6,16,0,16.0
s20260220,passive,30,16,long,24,8,82,55,39,5,34,0,-152.0
s20260220,passive_stress,30,16,long,24,8,83,56,40,4,36,0,-192.0
s20260220,market,30,16,long,32,10,74,46,22,5,17,0,-10.0
s20260220,passive,30,16,long,32,10,82,55,39,5,34,0,-180.0
s20260220,passive_stress,30,16,long,32,10,82,55,39,5,34,0,-180.0
s20260220,market,30,12,short,24,8,71,29,11,4,7,0,40.0
s20260220,passive,30,12,short,24,8,70,29,26,5,21,0,-48.0
s20260220,passive_stress,30,12,short,24,8,70,29,26,5,21,0,-48.0
s20260220,market,30,12,short,32,10,71,29,11,3,8,0,16.0
s20260220,passive,30,12,short,32,10,70,29,26,5,21,0,-50.0
s20260220,passive_stress,30,12,short,32,10,70,29,26,5,21,0,-50.0
s20260220,market,30,8,short,24,8,80,20,7,3,4,0,40.0
s20260220,passive,30,8,short,24,8,75,18,16,3,13,0,-32.0
s20260220,passive_stress,30,8,short,24,8,75,18,16,3,13,0,-32.0
s20260220,market,30,8,short,32,10,80,20,7,2,5,0,14.0
s20260220,passive,30,8,short,32,10,75,18,16,5,11,0,50.0
s20260220,passive_stress,30,8,short,32,10,75,18,16,4,12,0,8.0
s20260220,market,30,16,short,24,8,62,35,17,3,14,0,-40.0
s20260220,passive,30,16,short,24,8,64,38,33,7,26,0,-40.0
s20260220,passive_stress,30,16,short,24,8,64,38,33,7,26,0,-40.0
s20260220,market,30,16,short,32,10,62,35,17,3,14,0,-44.0
s20260220,passive,30,16,short,32,10,64,38,33,9,24,0,48.0
s20260220,passive_stress,30,16,short,32,10,64,38,33,7,26,0,-36.0
s20260220,market,15,12,long,24,8,380,181,76,17,59,0,-64.0
s20260220,passive,15,12,long,24,8,354,173,150,21,129,0,-528.0
s20260220,passive_stress,15,12,long,24,8,354,173,150,20,130,0,-560.0
s20260220,market,15,12,long,32,10,379,181,76,15,61,0,-130.0
s20260220,passive,15,12,long,32,10,347,169,146,24,122,0,-452.0
s20260220,passive_stress,15,12,long,32,10,347,169,146,19,127,0,-662.0
s20260220,market,15,8,long,24,8,479,102,32,8,24,0,0.0
s20260220,passive,15,8,long,24,8,438,98,88,11,77,0,-352.0
s20260220,passive_stress,15,8,long,24,8,439,99,89,10,79,0,-392.0
s20260220,market,15,8,long,32,10,478,102,32,8,24,0,16.0
s20260220,passive,15,8,long,32,10,435,98,88,11,77,0,-418.0
s20260220,passive_stress,15,8,long,32,10,437,98,88,10,78,0,-460.0
s20260220,market,15,16,long,24,8,329,222,101,23,78,0,-72.0
s20260220,passive,15,16,long,24,8,333,231,180,34,146,0,-352.0
s20260220,passive_stress,15,16,long,24,8,338,233,182,26,156,0,-624.0
s20260220,market,15,16,long,32,10,329,222,100,19,81,0,-202.0
s20260220,passive,15,16,long,32,10,329,228,178,28,150,0,-604.0
s20260220,passive_stress,15,16,long,32,10,330,228,178,26,152,0,-688.0
s20260220,market,15,12,short,24,8,350,182,82,22,60,0,48.0
s20260220,passive,15,12,short,24,8,337,178,144,25,119,0,-352.0
s20260220,passive_stress,15,12,short,24,8,341,179,144,22,122,0,-448.0
s20260220,market,15,12,short,32,10,344,176,80,19,61,0,-2.0
s20260220,passive,15,12,short,32,10,325,168,136,26,110,0,-268.0
s20260220,passive_stress,15,12,short,32,10,329,173,139,23,116,0,-424.0
s20260220,market,15,8,short,24,8,415,115,44,11,33,0,0.0
s20260220,passive,15,8,short,24,8,391,107,91,18,73,0,-152.0
s20260220,passive_stress,15,8,short,24,8,392,108,92,14,78,0,-288.0
s20260220,market,15,8,short,32,10,413,112,42,9,33,0,-42.0
s20260220,passive,15,8,short,32,10,384,105,89,18,71,0,-134.0
s20260220,passive_stress,15,8,short,32,10,386,106,90,18,72,0,-144.0
s20260220,market,15,16,short,24,8,320,207,103,27,76,0,40.0
s20260220,passive,15,16,short,24,8,319,208,157,31,126,0,-264.0
s20260220,passive_stress,15,16,short,24,8,321,211,160,28,132,0,-384.0
s20260220,market,15,16,short,32,10,316,203,101,23,78,0,-44.0
s20260220,passive,15,16,short,32,10,308,200,150,35,115,0,-30.0
s20260220,passive_stress,15,16,short,32,10,313,205,155,26,129,0,-458.0
s20260223,market,30,12,long,24,8,62,36,16,2,14,0,-64.0
s20260223,passive,30,12,long,24,8,56,34,28,8,20,0,32.0
s20260223,passive_stress,30,12,long,24,8,56,34,28,7,21,0,0.0
s20260223,market,30,12,long,32,10,62,36,16,1,15,0,-118.0
s20260223,passive,30,12,long,32,10,56,34,28,5,23,0,-70.0
s20260223,passive_stress,30,12,long,32,10,56,34,28,5,23,0,-70.0
s20260223,market,30,8,long,24,8,68,22,10,2,8,0,-16.0
s20260223,passive,30,8,long,24,8,63,22,18,7,11,0,80.0
s20260223,passive_stress,30,8,long,24,8,64,22,18,4,14,0,-16.0
s20260223,market,30,8,long,32,10,68,22,10,1,9,0,-58.0
s20260223,passive,30,8,long,32,10,63,22,18,6,12,0,72.0
s20260223,passive_stress,30,8,long,32,10,63,22,18,5,13,0,30.0
s20260223,market,30,16,long,24,8,53,37,22,4,18,0,-48.0
s20260223,passive,30,16,long,24,8,57,43,31,8,23,0,8.0
s20260223,passive_stress,30,16,long,24,8,57,43,31,7,24,0,-24.0
s20260223,market,30,16,long,32,10,53,37,22,2,20,0,-136.0
s20260223,passive,30,16,long,32,10,57,43,31,4,27,0,-142.0
s20260223,passive_stress,30,16,long,32,10,57,43,31,3,28,0,-184.0
s20260223,market,30,12,short,24,8,68,49,21,5,16,0,-8.0
s20260223,passive,30,12,short,24,8,72,54,43,7,36,0,-120.0
s20260223,passive_stress,30,12,short,24,8,72,54,43,6,37,0,-152.0
s20260223,market,30,12,short,32,10,68,49,21,5,16,0,0.0
s20260223,passive,30,12,short,32,10,72,54,43,7,36,0,-136.0
s20260223,passive_stress,30,12,short,32,10,72,54,43,7,36,0,-136.0
s20260223,market,30,8,short,24,8,82,34,13,4,9,0,24.0
s20260223,passive,30,8,short,24,8,78,36,30,3,27,0,-144.0
s20260223,passive_stress,30,8,short,24,8,78,36,30,3,27,0,-144.0
s20260223,market,30,8,short,32,10,82,34,13,4,9,0,38.0
s20260223,passive,30,8,short,32,10,78,36,30,4,26,0,-132.0
s20260223,passive_stress,30,8,short,32,10,78,36,30,4,26,0,-132.0
s20260223,market,30,16,short,24,8,65,53,26,5,21,0,-48.0
s20260223,passive,30,16,short,24,8,73,61,44,5,39,0,-192.0
s20260223,passive_stress,30,16,short,24,8,73,61,44,5,39,0,-192.0
s20260223,market,30,16,short,32,10,65,53,26,5,21,0,-50.0
s20260223,passive,30,16,short,32,10,73,61,44,6,38,0,-188.0
s20260223,passive_stress,30,16,short,32,10,73,61,44,5,39,0,-230.0
s20260223,market,15,12,long,24,8,313,177,75,16,59,0,-88.0
s20260223,passive,15,12,long,24,8,300,171,141,24,117,0,-360.0
s20260223,passive_stress,15,12,long,24,8,308,174,141,22,119,0,-424.0
s20260223,market,15,12,long,32,10,304,173,73,15,58,0,-100.0
s20260223,passive,15,12,long,32,10,295,167,135,23,112,0,-384.0
s20260223,passive_stress,15,12,long,32,10,296,170,139,22,117,0,-466.0
s20260223,market,15,8,long,24,8,377,108,47,10,37,0,-56.0
s20260223,passive,15,8,long,24,8,363,101,84,18,66,0,-96.0
s20260223,passive_stress,15,8,long,24,8,365,101,84,15,69,0,-192.0
s20260223,market,15,8,long,32,10,370,107,46,10,36,0,-40.0
s20260223,passive,15,8,long,32,10,350,96,82,18,64,0,-64.0
s20260223,passive_stress,15,8,long,32,10,354,97,83,14,69,0,-242.0
s20260223,market,15,16,long,24,8,280,200,93,23,70,0,-8.0
s20260223,passive,15,16,long,24,8,290,214,166,29,137,0,-400.0
s20260223,passive_stress,15,16,long,24,8,289,213,165,27,138,0,-456.0
s20260223,market,15,16,long,32,10,272,195,91,20,71,0,-70.0
s20260223,passive,15,16,long,32,10,276,202,155,24,131,0,-542.0
s20260223,passive_stress,15,16,long,32,10,278,203,157,23,134,0,-604.0
s20260223,market,15,12,short,24,8,336,209,79,18,61,0,-56.0
s20260223,passive,15,12,short,24,8,336,203,161,20,141,0,-648.0
s20260223,passive_stress,15,12,short,24,8,336,203,161,19,142,0,-680.0
s20260223,market,15,12,short,32,10,330,204,77,15,62,0,-140.0
s20260223,passive,15,12,short,32,10,325,196,156,20,136,0,-720.0
s20260223,passive_stress,15,12,short,32,10,329,198,158,15,143,0,-950.0
s20260223,market,15,8,short,24,8,385,138,59,16,43,0,40.0
s20260223,passive,15,8,short,24,8,378,131,113,17,96,0,-360.0
s20260223,passive_stress,15,8,short,24,8,379,131,113,15,98,0,-424.0
s20260223,market,15,8,short,32,10,378,136,57,13,44,0,-24.0
s20260223,passive,15,8,short,32,10,368,127,112,15,97,0,-490.0
s20260223,passive_stress,15,8,short,32,10,370,128,113,14,99,0,-542.0
s20260223,market,15,16,short,24,8,305,226,97,19,78,0,-168.0
s20260223,passive,15,16,short,24,8,324,241,172,23,149,0,-640.0
s20260223,passive_stress,15,16,short,24,8,326,243,173,21,152,0,-712.0
s20260223,market,15,16,short,32,10,298,219,94,15,79,0,-310.0
s20260223,passive,15,16,short,32,10,312,232,165,24,141,0,-642.0
s20260223,passive_stress,15,16,short,32,10,313,234,166,20,146,0,-820.0
s20260303,market,30,12,long,24,8,65,33,12,2,10,0,-32.0
s20260303,passive,30,12,long,24,8,51,28,27,5,22,0,-56.0
s20260303,passive_stress,30,12,long,24,8,51,28,27,5,22,0,-56.0
s20260303,market,30,12,long,32,10,65,33,12,2,10,0,-36.0
s20260303,passive,30,12,long,32,10,51,28,27,5,22,0,-60.0
s20260303,passive_stress,30,12,long,32,10,51,28,27,5,22,0,-60.0
s20260303,market,30,8,long,24,8,87,14,4,0,4,0,-32.0
s20260303,passive,30,8,long,24,8,77,14,14,0,14,0,-112.0
s20260303,passive_stress,30,8,long,24,8,77,14,14,0,14,0,-112.0
s20260303,market,30,8,long,32,10,87,14,4,1,3,0,2.0
s20260303,passive,30,8,long,32,10,77,14,14,1,13,0,-98.0
s20260303,passive_stress,30,8,long,32,10,77,14,14,0,14,0,-140.0
s20260303,market,30,16,long,24,8,54,35,15,4,11,0,8.0
s20260303,passive,30,16,long,24,8,50,33,31,7,24,0,-24.0
s20260303,passive_stress,30,16,long,24,8,50,33,31,6,25,0,-56.0
s20260303,market,30,16,long,32,10,54,35,15,3,12,0,-24.0
s20260303,passive,30,16,long,32,10,50,33,31,6,25,0,-58.0
s20260303,passive_stress,30,16,long,32,10,50,33,31,6,25,0,-58.0
s20260303,market,30,12,short,24,8,43,20,8,0,8,0,-64.0
s20260303,passive,30,12,short,24,8,41,18,17,1,16,0,-104.0
s20260303,passive_stress,30,12,short,24,8,41,18,17,1,16,0,-104.0
s20260303,market,30,12,short,32,10,43,20,8,0,8,0,-80.0
s20260303,passive,30,12,short,32,10,41,18,17,1,16,0,-128.0
s20260303,passive_stress,30,12,short,32,10,41,18,17,1,16,0,-128.0
s20260303,market,30,8,short,24,8,58,11,4,0,4,0,-32.0
s20260303,passive,30,8,short,24,8,51,10,10,0,10,0,-80.0
s20260303,passive_stress,30,8,short,24,8,51,10,10,0,10,0,-80.0
s20260303,market,30,8,short,32,10,58,11,4,0,4,0,-40.0
s20260303,passive,30,8,short,32,10,51,10,10,1,9,0,-58.0
s20260303,passive_stress,30,8,short,32,10,51,10,10,0,10,0,-100.0
s20260303,market,30,16,short,24,8,40,25,10,0,10,0,-80.0
s20260303,passive,30,16,short,24,8,38,23,21,0,21,0,-168.0
s20260303,passive_stress,30,16,short,24,8,38,23,21,0,21,0,-168.0
s20260303,market,30,16,short,32,10,40,25,10,0,10,0,-100.0
s20260303,passive,30,16,short,32,10,38,23,21,1,20,0,-168.0
s20260303,passive_stress,30,16,short,32,10,38,23,21,0,21,0,-210.0
s20260303,market,15,12,long,24,8,372,151,60,10,50,0,-160.0
s20260303,passive,15,12,long,24,8,335,141,123,24,99,0,-216.0
s20260303,passive_stress,15,12,long,24,8,336,142,124,21,103,0,-320.0
s20260303,market,15,12,long,32,10,371,150,60,11,49,0,-138.0
s20260303,passive,15,12,long,32,10,334,140,122,19,103,0,-422.0
s20260303,passive_stress,15,12,long,32,10,334,140,122,19,103,0,-422.0
s20260303,market,15,8,long,24,8,439,89,28,4,24,0,-96.0
s20260303,passive,15,8,long,24,8,403,83,76,11,65,0,-256.0
s20260303,passive_stress,15,8,long,24,8,405,83,76,7,69,0,-384.0
s20260303,market,15,8,long,32,10,439,89,28,5,23,0,-70.0
s20260303,passive,15,8,long,32,10,403,83,76,13,63,0,-214.0
s20260303,passive_stress,15,8,long,32,10,403,83,76,11,65,0,-298.0
s20260303,market,15,16,long,24,8,327,186,76,16,60,0,-96.0
s20260303,passive,15,16,long,24,8,306,183,157,26,131,0,-424.0
s20260303,passive_stress,15,16,long,24,8,306,183,157,22,135,0,-552.0
s20260303,market,15,16,long,32,10,325,184,76,17,59,0,-46.0
s20260303,passive,15,16,long,32,10,304,182,156,24,132,0,-552.0
s20260303,passive_stress,15,16,long,32,10,305,182,156,19,137,0,-762.0
s20260303,market,15,12,short,24,8,372,154,65,5,60,0,-360.0
s20260303,passive,15,12,short,24,8,337,142,125,21,104,0,-328.0
s20260303,passive_stress,15,12,short,24,8,337,142,125,18,107,0,-424.0
s20260303,market,15,12,short,32,10,368,152,64,7,57,0,-346.0
s20260303,passive,15,12,short,32,10,334,140,123,19,104,0,-432.0
s20260303,passive_stress,15,12,short,32,10,334,140,123,18,105,0,-474.0
s20260303,market,15,8,short,24,8,434,74,34,3,31,0,-176.0
s20260303,passive,15,8,short,24,8,406,70,66,11,55,0,-176.0
s20260303,passive_stress,15,8,short,24,8,405,70,66,8,58,0,-272.0
s20260303,market,15,8,short,32,10,433,74,34,4,30,0,-172.0
s20260303,passive,15,8,short,32,10,403,69,65,13,52,0,-104.0
s20260303,passive_stress,15,8,short,32,10,404,70,66,12,54,0,-156.0
s20260303,market,15,16,short,24,8,335,194,86,16,70,0,-176.0
s20260303,passive,15,16,short,24,8,306,181,148,27,121,0,-320.0
s20260303,passive_stress,15,16,short,24,8,306,181,148,23,125,0,-448.0
s20260303,market,15,16,short,32,10,330,191,85,16,69,0,-178.0
s20260303,passive,15,16,short,32,10,304,180,147,27,120,0,-336.0
s20260303,passive_stress,15,16,short,32,10,305,181,148,25,123,0,-430.0
s20260312,market,30,12,long,24,8,69,43,16,3,13,0,-32.0
s20260312,passive,30,12,long,24,8,58,38,32,6,26,0,-64.0
s20260312,passive_stress,30,12,long,24,8,58,38,32,6,26,0,-64.0
s20260312,market,30,12,long,32,10,69,43,16,5,11,0,50.0
s20260312,passive,30,12,long,32,10,58,38,32,5,27,0,-110.0
s20260312,passive_stress,30,12,long,32,10,58,38,32,5,27,0,-110.0
s20260312,market,30,8,long,24,8,83,25,9,2,7,0,-8.0
s20260312,passive,30,8,long,24,8,74,21,19,5,14,0,8.0
s20260312,passive_stress,30,8,long,24,8,74,21,19,5,14,0,8.0
s20260312,market,30,8,long,32,10,83,25,9,3,6,0,36.0
s20260312,passive,30,8,long,32,10,74,21,19,3,16,0,-64.0
s20260312,passive_stress,30,8,long,32,10,74,21,19,3,16,0,-64.0
s20260312,market,30,16,long,24,8,61,46,18,4,14,0,-16.0
s20260312,passive,30,16,long,24,8,52,42,34,6,28,0,-80.0
s20260312,passive_stress,30,16,long,24,8,52,42,34,6,28,0,-80.0
s20260312,market,30,16,long,32,10,61,46,18,6,12,0,72.0
s20260312,passive,30,16,long,32,10,52,42,34,7,27,0,-46.0
s20260312,passive_stress,30,16,long,32,10,52,42,34,6,28,0,-88.0
s20260312,market,30,12,short,24,8,86,52,25,5,20,0,-40.0
s20260312,passive,30,12,short,24,8,85,55,46,15,31,0,112.0
s20260312,passive_stress,30,12,short,24,8,85,55,46,14,32,0,80.0
s20260312,market,30,12,short,32,10,86,52,25,7,18,0,44.0
s20260312,passive,30,12,short,32,10,85,55,46,15,31,0,170.0
s20260312,passive_stress,30,12,short,32,10,84,54,46,14,32,0,128.0
s20260312,market,30,8,short,24,8,112,30,12,2,10,0,-32.0
s20260312,passive,30,8,short,24,8,103,29,27,7,20,0,8.0
s20260312,passive_stress,30,8,short,24,8,103,29,27,6,21,0,-24.0
s20260312,market,30,8,short,32,10,112,30,12,3,9,0,6.0
s20260312,passive,30,8,short,32,10,101,28,26,9,17,0,118.0
s20260312,passive_stress,30,8,short,32,10,101,28,26,8,18,0,76.0
s20260312,market,30,16,short,24,8,78,60,30,7,23,0,-16.0
s20260312,passive,30,16,short,24,8,85,68,51,12,39,0,-24.0
s20260312,passive_stress,30,16,short,24,8,85,68,51,12,39,0,-24.0
s20260312,market,30,16,short,32,10,78,60,30,8,22,0,36.0
s20260312,passive,30,16,short,32,10,85,68,51,11,40,0,-48.0
s20260312,passive_stress,30,16,short,32,10,85,68,51,11,40,0,-48.0
s20260312,market,15,12,long,24,8,304,166,72,22,50,0,128.0
s20260312,passive,15,12,long,24,8,292,166,144,19,125,0,-544.0
s20260312,passive_stress,15,12,long,24,8,293,164,141,17,124,0,-584.0
s20260312,market,15,12,long,32,10,299,163,72,20,52,0,120.0
s20260312,passive,15,12,long,32,10,283,159,138,18,120,0,-624.0
s20260312,passive_stress,15,12,long,32,10,284,159,138,18,120,0,-624.0
s20260312,market,15,8,long,24,8,373,95,38,13,25,0,112.0
s20260312,passive,15,8,long,24,8,367,92,81,12,69,0,-264.0
s20260312,passive_stress,15,8,long,24,8,367,92,81,12,69,0,-264.0
s20260312,market,15,8,long,32,10,369,93,38,11,27,0,82.0
s20260312,passive,15,8,long,32,10,360,90,80,13,67,0,-254.0
s20260312,passive_stress,15,8,long,32,10,362,90,80,10,70,0,-380.0
s20260312,market,15,16,long,24,8,275,192,89,27,62,0,152.0
s20260312,passive,15,16,long,24,8,281,196,164,26,138,0,-480.0
s20260312,passive_stress,15,16,long,24,8,285,200,165,24,141,0,-552.0
s20260312,market,15,16,long,32,10,270,189,87,24,63,0,138.0
s20260312,passive,15,16,long,32,10,275,191,159,26,133,0,-498.0
s20260312,passive_stress,15,16,long,32,10,276,192,161,22,139,0,-686.0
s20260312,market,15,12,short,24,8,331,194,91,19,72,0,-120.0
s20260312,passive,15,12,short,24,8,317,185,152,37,115,0,-32.0
s20260312,passive_stress,15,12,short,24,8,318,187,154,30,124,0,-272.0
s20260312,market,15,12,short,32,10,330,193,90,22,68,0,24.0
s20260312,passive,15,12,short,32,10,307,181,150,35,115,0,-30.0
s20260312,passive_stress,15,12,short,32,10,312,184,151,32,119,0,-166.0
s20260312,market,15,8,short,24,8,427,128,53,13,40,0,-8.0
s20260312,passive,15,8,short,24,8,387,117,102,22,80,0,-112.0
s20260312,passive_stress,15,8,short,24,8,389,118,103,21,82,0,-152.0
s20260312,market,15,8,short,32,10,423,126,53,15,38,0,100.0
s20260312,passive,15,8,short,32,10,384,114,99,23,76,0,-24.0
s20260312,passive_stress,15,8,short,32,10,381,114,100,23,77,0,-34.0
s20260312,market,15,16,short,24,8,305,228,105,25,80,0,-40.0
s20260312,passive,15,16,short,24,8,306,227,171,35,136,0,-248.0
s20260312,passive_stress,15,16,short,24,8,311,229,171,32,139,0,-344.0
s20260312,market,15,16,short,32,10,301,224,103,28,75,0,146.0
s20260312,passive,15,16,short,32,10,296,221,167,36,131,0,-158.0
s20260312,passive_stress,15,16,short,32,10,300,224,167,29,138,0,-452.0
s20260317,market,30,12,long,24,8,55,43,14,2,12,0,-48.0
s20260317,passive,30,12,long,24,8,51,39,35,8,27,0,-24.0
s20260317,passive_stress,30,12,long,24,8,52,40,36,7,29,0,-64.0
s20260317,market,30,12,long,32,10,54,42,13,4,9,0,38.0
s20260317,passive,30,12,long,32,10,51,39,35,10,25,0,70.0
s20260317,passive_stress,30,12,long,32,10,51,39,35,10,25,0,70.0
s20260317,market,30,8,long,24,8,65,26,10,0,10,0,-80.0
s20260317,passive,30,8,long,24,8,68,29,23,3,20,0,-88.0
s20260317,passive_stress,30,8,long,24,8,68,29,23,2,21,0,-120.0
s20260317,market,30,8,long,32,10,63,25,9,2,7,0,-6.0
s20260317,passive,30,8,long,32,10,67,28,22,3,19,0,-94.0
s20260317,passive_stress,30,8,long,32,10,68,29,23,1,22,0,-188.0
s20260317,market,30,16,long,24,8,48,43,20,4,16,0,-32.0
s20260317,passive,30,16,long,24,8,52,47,38,9,29,0,-16.0
s20260317,passive_stress,30,16,long,24,8,52,47,38,8,30,0,-48.0
s20260317,market,30,16,long,32,10,47,42,19,6,13,0,62.0
s20260317,passive,30,16,long,32,10,50,45,36,11,25,0,102.0
s20260317,passive_stress,30,16,long,32,10,50,45,36,10,26,0,60.0
s20260317,market,30,12,short,24,8,64,37,16,5,11,0,32.0
s20260317,passive,30,12,short,24,8,62,35,29,3,26,0,-136.0
s20260317,passive_stress,30,12,short,24,8,62,35,29,3,26,0,-136.0
s20260317,market,30,12,short,32,10,64,37,16,5,11,0,50.0
s20260317,passive,30,12,short,32,10,62,35,29,2,27,0,-206.0
s20260317,passive_stress,30,12,short,32,10,62,35,29,2,27,0,-206.0
s20260317,market,30,8,short,24,8,77,28,7,1,6,0,-24.0
s20260317,passive,30,8,short,24,8,74,24,22,3,19,0,-80.0
s20260317,passive_stress,30,8,short,24,8,74,24,22,3,19,0,-80.0
s20260317,market,30,8,short,32,10,77,28,7,2,5,0,14.0
s20260317,passive,30,8,short,32,10,74,24,22,3,19,0,-94.0
s20260317,passive_stress,30,8,short,32,10,74,24,22,2,20,0,-136.0
s20260317,market,30,16,short,24,8,55,44,20,5,15,0,0.0
s20260317,passive,30,16,short,24,8,56,44,33,3,30,0,-168.0
s20260317,passive_stress,30,16,short,24,8,56,44,33,3,30,0,-168.0
s20260317,market,30,16,short,32,10,55,44,20,5,15,0,10.0
s20260317,passive,30,16,short,32,10,56,44,33,1,32,0,-288.0
s20260317,passive_stress,30,16,short,32,10,56,44,33,1,32,0,-288.0
s20260317,market,15,12,long,24,8,263,193,76,22,54,0,96.0
s20260317,passive,15,12,long,24,8,245,180,155,38,117,0,-24.0
s20260317,passive_stress,15,12,long,24,8,245,181,155,36,119,0,-88.0
s20260317,market,15,12,long,32,10,256,188,75,18,57,0,6.0
s20260317,passive,15,12,long,32,10,234,174,149,31,118,0,-188.0
s20260317,passive_stress,15,12,long,32,10,233,173,150,27,123,0,-366.0
s20260317,market,15,8,long,24,8,321,146,48,14,34,0,64.0
s20260317,passive,15,8,long,24,8,289,126,112,26,86,0,-64.0
s20260317,passive_stress,15,8,long,24,8,294,127,113,21,92,0,-232.0
s20260317,market,15,8,long,32,10,315,144,48,13,35,0,66.0
s20260317,passive,15,8,long,32,10,272,117,103,21,81,1,-121.80000000000291
s20260317,passive_stress,15,8,long,32,10,281,121,107,17,90,0,-356.0
s20260317,market,15,16,long,24,8,218,188,89,26,63,0,120.0
s20260317,passive,15,16,long,24,8,227,198,151,27,124,0,-344.0
s20260317,passive_stress,15,16,long,24,8,226,197,151,26,125,0,-376.0
s20260317,market,15,16,long,32,10,209,179,85,22,63,0,74.0
s20260317,passive,15,16,long,32,10,216,189,145,24,121,0,-442.0
s20260317,passive_stress,15,16,long,32,10,218,190,147,22,125,0,-546.0
s20260317,market,15,12,short,24,8,256,187,92,26,66,0,96.0
s20260317,passive,15,12,short,24,8,257,182,143,31,112,0,-152.0
s20260317,passive_stress,15,12,short,24,8,259,184,145,30,115,0,-200.0
s20260317,market,15,12,short,32,10,239,177,88,24,64,0,128.0
s20260317,passive,15,12,short,32,10,247,173,135,29,106,0,-132.0
s20260317,passive_stress,15,12,short,32,10,249,174,137,26,111,0,-278.0
s20260317,market,15,8,short,24,8,329,136,49,13,36,0,24.0
s20260317,passive,15,8,short,24,8,298,121,97,26,71,0,56.0
s20260317,passive_stress,15,8,short,24,8,304,123,99,23,76,0,-56.0
s20260317,market,15,8,short,32,10,315,128,46,14,32,0,128.0
s20260317,passive,15,8,short,32,10,288,114,91,23,68,0,56.0
s20260317,passive_stress,15,8,short,32,10,292,116,93,22,71,0,-6.0
s20260317,market,15,16,short,24,8,210,177,102,26,76,0,16.0
s20260317,passive,15,16,short,24,8,230,196,142,31,111,0,-144.0
s20260317,passive_stress,15,16,short,24,8,233,201,145,26,119,0,-328.0
s20260317,market,15,16,short,32,10,199,168,96,23,73,0,6.0
s20260317,passive,15,16,short,32,10,222,188,136,29,107,0,-142.0
s20260317,passive_stress,15,16,short,32,10,226,191,137,26,111,0,-278.0
s20260320,market,30,12,long,24,8,51,33,18,3,15,0,-48.0
s20260320,passive,30,12,long,24,8,47,32,27,7,20,0,8.0
s20260320,passive_stress,30,12,long,24,8,47,32,27,6,21,0,-24.0
s20260320,market,30,12,long,32,10,51,33,18,1,17,0,-138.0
s20260320,passive,30,12,long,32,10,47,32,27,5,22,0,-60.0
s20260320,passive_stress,30,12,long,32,10,47,32,27,2,25,0,-186.0
s20260320,market,30,8,long,24,8,60,18,8,1,7,0,-32.0
s20260320,passive,30,8,long,24,8,59,19,17,5,12,0,24.0
s20260320,passive_stress,30,8,long,24,8,59,19,17,5,12,0,24.0
s20260320,market,30,8,long,32,10,60,18,8,0,8,0,-80.0
s20260320,passive,30,8,long,32,10,59,19,17,2,15,0,-86.0
s20260320,passive_stress,30,8,long,32,10,59,19,17,2,15,0,-86.0
s20260320,market,30,16,long,24,8,47,38,19,3,16,0,-56.0
s20260320,passive,30,16,long,24,8,52,37,28,5,23,0,-64.0
s20260320,passive_stress,30,16,long,24,8,52,37,28,4,24,0,-96.0
s20260320,market,30,16,long,32,10,47,38,19,2,17,0,-106.0
s20260320,passive,30,16,long,32,10,51,36,27,5,22,0,-60.0
s20260320,passive_stress,30,16,long,32,10,52,37,28,4,24,0,-112.0
s20260320,market,30,12,short,24,8,87,50,27,4,23,0,-88.0
s20260320,passive,30,12,short,24,8,86,51,43,10,33,0,-24.0
s20260320,passive_stress,30,12,short,24,8,86,51,43,9,34,0,-56.0
s20260320,market,30,12,short,32,10,87,50,26,5,21,0,-50.0
s20260320,passive,30,12,short,32,10,84,49,42,10,32,0,0.0
s20260320,passive_stress,30,12,short,32,10,86,51,43,8,35,0,-94.0
s20260320,market,30,8,short,24,8,108,34,14,2,12,0,-48.0
s20260320,passive,30,8,short,24,8,104,34,29,6,23,0,-40.0
s20260320,passive_stress,30,8,short,24,8,104,34,29,6,23,0,-40.0
s20260320,market,30,8,short,32,10,108,34,14,2,12,0,-56.0
s20260320,passive,30,8,short,32,10,104,34,29,6,23,0,-38.0
s20260320,passive_stress,30,8,short,32,10,104,34,29,6,23,0,-38.0
s20260320,market,30,16,short,24,8,78,59,35,7,28,0,-56.0
s20260320,passive,30,16,short,24,8,85,64,49,12,37,0,-8.0
s20260320,passive_stress,30,16,short,24,8,85,64,49,11,38,0,-40.0
s20260320,market,30,16,short,32,10,75,57,35,9,26,0,28.0
s20260320,passive,30,16,short,32,10,83,62,48,11,37,0,-18.0
s20260320,passive_stress,30,16,short,32,10,83,62,48,10,38,0,-60.0
s20260320,market,15,12,long,24,8,300,184,78,21,57,0,48.0
s20260320,passive,15,12,long,24,8,278,175,146,31,115,0,-176.0
s20260320,passive_stress,15,12,long,24,8,280,175,146,25,121,0,-368.0
s20260320,market,15,12,long,32,10,299,182,77,19,58,0,28.0
s20260320,passive,15,12,long,32,10,274,173,144,22,122,0,-516.0
s20260320,passive_stress,15,12,long,32,10,274,173,144,21,123,0,-558.0
s20260320,market,15,8,long,24,8,364,117,40,11,29,0,32.0
s20260320,passive,15,8,long,24,8,354,105,88,19,69,0,-96.0
s20260320,passive_stress,15,8,long,24,8,354,105,88,16,72,0,-192.0
s20260320,market,15,8,long,32,10,364,117,40,10,30,0,20.0
s20260320,passive,15,8,long,32,10,347,103,86,17,69,0,-146.0
s20260320,passive_stress,15,8,long,32,10,349,103,86,13,73,0,-314.0
s20260320,market,15,16,long,24,8,266,200,96,25,71,0,32.0
s20260320,passive,15,16,long,24,8,277,212,160,32,128,0,-256.0
s20260320,passive_stress,15,16,long,24,8,277,212,160,30,130,0,-320.0
s20260320,market,15,16,long,32,10,264,198,96,24,72,0,48.0
s20260320,passive,15,16,long,32,10,271,207,158,28,130,0,-404.0
s20260320,passive_stress,15,16,long,32,10,273,209,159,23,136,0,-624.0
s20260320,market,15,12,short,24,8,338,202,100,31,69,0,192.0
s20260320,passive,15,12,short,24,8,319,194,163,54,109,0,424.0
s20260320,passive_stress,15,12,short,24,8,320,194,163,49,114,0,264.0
s20260320,market,15,12,short,32,10,332,199,100,30,70,0,260.0
s20260320,passive,15,12,short,32,10,309,188,160,48,112,0,416.0
s20260320,passive_stress,15,12,short,32,10,313,191,161,43,118,0,196.0
s20260320,market,15,8,short,24,8,433,142,60,24,36,0,288.0
s20260320,passive,15,8,short,24,8,392,127,113,39,74,0,344.0
s20260320,passive_stress,15,8,short,24,8,393,128,114,36,78,0,240.0
s20260320,market,15,8,short,32,10,429,142,60,22,38,0,324.0
s20260320,passive,15,8,short,32,10,387,127,113,37,76,0,424.0
s20260320,passive_stress,15,8,short,32,10,389,127,113,33,80,0,256.0
s20260320,market,15,16,short,24,8,295,222,120,39,81,0,288.0
s20260320,passive,15,16,short,24,8,301,235,178,47,131,0,80.0
s20260320,passive_stress,15,16,short,24,8,304,240,181,47,134,0,56.0
s20260320,market,15,16,short,32,10,290,218,119,40,79,0,490.0
s20260320,passive,15,16,short,32,10,299,233,174,49,125,0,318.0
s20260320,passive_stress,15,16,short,32,10,295,230,174,43,131,0,66.0
s20260406,market,30,12,long,24,8,100,59,22,2,20,0,-112.0
s20260406,passive,30,12,long,24,8,100,61,48,8,40,0,-128.0
s20260406,passive_stress,30,12,long,24,8,100,61,48,5,43,0,-224.0
s20260406,market,30,12,long,32,10,99,58,21,2,19,0,-126.0
s20260406,passive,30,12,long,32,10,99,60,48,8,40,0,-144.0
s20260406,passive_stress,30,12,long,32,10,100,61,48,6,42,0,-228.0
s20260406,market,30,8,long,24,8,115,43,14,1,13,0,-80.0
s20260406,passive,30,8,long,24,8,114,41,35,3,32,0,-184.0
s20260406,passive_stress,30,8,long,24,8,114,41,35,3,32,0,-184.0
s20260406,market,30,8,long,32,10,112,43,14,1,13,0,-98.0
s20260406,passive,30,8,long,32,10,110,41,35,5,30,0,-140.0
s20260406,passive_stress,30,8,long,32,10,111,41,35,3,32,0,-224.0
s20260406,market,30,16,long,24,8,90,69,27,3,24,0,-120.0
s20260406,passive,30,16,long,24,8,96,76,55,7,48,0,-216.0
s20260406,passive_stress,30,16,long,24,8,96,76,55,5,50,0,-280.0
s20260406,market,30,16,long,32,10,89,68,26,2,24,0,-176.0
s20260406,passive,30,16,long,32,10,95,75,55,9,46,0,-172.0
s20260406,passive_stress,30,16,long,32,10,95,75,55,7,48,0,-256.0
s20260406,market,30,12,short,24,8,80,42,19,4,15,0,-24.0
s20260406,passive,30,12,short,24,8,75,46,34,3,31,0,-176.0
s20260406,passive_stress,30,12,short,24,8,75,46,34,3,31,0,-176.0
s20260406,market,30,12,short,32,10,80,42,19,5,14,0,20.0
s20260406,passive,30,12,short,32,10,75,46,34,5,29,0,-130.0
s20260406,passive_stress,30,12,short,32,10,75,46,34,3,31,0,-214.0
s20260406,market,30,8,short,24,8,90,25,9,1,8,0,-40.0
s20260406,passive,30,8,short,24,8,90,26,20,2,18,0,-96.0
s20260406,passive_stress,30,8,short,24,8,90,26,20,2,18,0,-96.0
s20260406,market,30,8,short,32,10,90,25,9,2,7,0,-6.0
s20260406,passive,30,8,short,32,10,90,26,20,1,19,0,-158.0
s20260406,passive_stress,30,8,short,32,10,90,26,20,1,19,0,-158.0
s20260406,market,30,16,short,24,8,68,50,25,6,19,0,-8.0
s20260406,passive,30,16,short,24,8,70,55,45,7,38,0,-136.0
s20260406,passive_stress,30,16,short,24,8,70,55,45,7,38,0,-136.0
s20260406,market,30,16,short,32,10,68,50,25,7,18,0,44.0
s20260406,passive,30,16,short,32,10,70,55,45,8,37,0,-114.0
s20260406,passive_stress,30,16,short,32,10,70,55,45,7,38,0,-156.0
s20260406,market,15,12,long,24,8,329,211,80,16,64,0,-128.0
s20260406,passive,15,12,long,24,8,309,191,161,32,129,0,-264.0
s20260406,passive_stress,15,12,long,24,8,312,191,161,23,138,0,-552.0
s20260406,market,15,12,long,32,10,322,208,78,19,59,0,18.0
s20260406,passive,15,12,long,32,10,292,180,150,32,118,0,-156.0
s20260406,passive_stress,15,12,long,32,10,293,180,150,24,125,1,-466.1999999999971
s20260406,market,15,8,long,24,8,401,137,51,8,43,0,-152.0
s20260406,passive,15,8,long,24,8,378,124,103,18,85,0,-248.0
s20260406,passive_stress,15,8,long,24,8,377,123,102,16,86,0,-304.0
s20260406,market,15,8,long,32,10,388,133,50,13,37,0,46.0
s20260406,passive,15,8,long,32,10,363,117,97,17,79,1,-230.8000000000029
s20260406,passive_stress,15,8,long,32,10,364,118,98,16,81,1,-283.8000000000029
s20260406,market,15,16,long,24,8,279,219,98,25,73,0,16.0
s20260406,passive,15,16,long,24,8,285,226,170,30,140,0,-400.0
s20260406,passive_stress,15,16,long,24,8,288,229,173,25,148,0,-584.0
s20260406,market,15,16,long,32,10,272,215,95,24,71,0,58.0
s20260406,passive,15,16,long,32,10,272,219,164,35,129,0,-170.0
s20260406,passive_stress,15,16,long,32,10,272,219,165,30,135,0,-390.0
s20260406,market,15,12,short,24,8,316,205,88,25,63,0,96.0
s20260406,passive,15,12,short,24,8,311,198,156,33,123,0,-192.0
s20260406,passive_stress,15,12,short,24,8,317,204,160,24,136,0,-512.0
s20260406,market,15,12,short,32,10,307,195,83,22,61,0,94.0
s20260406,passive,15,12,short,32,10,297,187,148,29,119,0,-262.0
s20260406,passive_stress,15,12,short,32,10,296,186,148,27,121,0,-346.0
s20260406,market,15,8,short,24,8,392,136,48,13,35,0,32.0
s20260406,passive,15,8,short,24,8,364,131,110,21,89,0,-208.0
s20260406,passive_stress,15,8,short,24,8,369,132,110,20,90,0,-240.0
s20260406,market,15,8,short,32,10,384,132,47,13,34,0,76.0
s20260406,passive,15,8,short,32,10,353,125,103,21,82,0,-148.0
s20260406,passive_stress,15,8,short,32,10,354,128,106,19,87,0,-262.0
s20260406,market,15,16,short,24,8,264,214,103,27,76,0,40.0
s20260406,passive,15,16,short,24,8,273,220,160,34,126,0,-192.0
s20260406,passive_stress,15,16,short,24,8,275,222,162,32,130,0,-272.0
s20260406,market,15,16,short,32,10,256,207,99,24,75,0,18.0
s20260406,passive,15,16,short,32,10,267,214,155,27,128,0,-416.0
s20260406,passive_stress,15,16,short,32,10,269,216,157,27,130,0,-436.0
s20260409,market,30,12,long,24,8,94,66,30,8,22,0,16.0
s20260409,passive,30,12,long,24,8,91,65,53,12,41,0,-40.0
s20260409,passive_stress,30,12,long,24,8,91,65,53,9,44,0,-136.0
s20260409,market,30,12,long,32,10,92,64,29,8,21,0,46.0
s20260409,passive,30,12,long,32,10,91,65,53,9,44,0,-152.0
s20260409,passive_stress,30,12,long,32,10,91,65,53,9,44,0,-152.0
s20260409,market,30,8,long,24,8,118,47,16,7,9,0,96.0
s20260409,passive,30,8,long,24,8,113,40,32,7,25,0,-32.0
s20260409,passive_stress,30,8,long,24,8,114,40,32,5,27,0,-96.0
s20260409,market,30,8,long,32,10,115,46,15,7,8,0,144.0
s20260409,passive,30,8,long,32,10,112,39,32,8,24,0,16.0
s20260409,passive_stress,30,8,long,32,10,112,39,32,7,25,0,-26.0
s20260409,market,30,16,long,24,8,84,69,36,10,26,0,32.0
s20260409,passive,30,16,long,24,8,89,74,56,10,46,0,-128.0
s20260409,passive_stress,30,16,long,24,8,89,74,56,10,46,0,-128.0
s20260409,market,30,16,long,32,10,82,67,35,10,25,0,70.0
s20260409,passive,30,16,long,32,10,88,73,56,10,46,0,-140.0
s20260409,passive_stress,30,16,long,32,10,89,74,56,7,49,0,-266.0
s20260409,market,30,12,short,24,8,65,51,29,5,24,0,-72.0
s20260409,passive,30,12,short,24,8,69,56,42,11,31,0,16.0
s20260409,passive_stress,30,12,short,24,8,69,56,42,10,32,0,-16.0
s20260409,market,30,12,short,32,10,65,51,29,6,23,0,-38.0
s20260409,passive,30,12,short,32,10,69,56,42,11,31,0,42.0
s20260409,passive_stress,30,12,short,32,10,69,56,42,10,32,0,0.0
s20260409,market,30,8,short,24,8,87,32,11,2,9,0,-24.0
s20260409,passive,30,8,short,24,8,75,30,28,11,17,0,128.0
s20260409,passive_stress,30,8,short,24,8,75,30,28,10,18,0,96.0
s20260409,market,30,8,short,32,10,87,32,11,2,9,0,-26.0
s20260409,passive,30,8,short,32,10,75,30,28,7,21,0,14.0
s20260409,passive_stress,30,8,short,32,10,75,30,28,7,21,0,14.0
s20260409,market,30,16,short,24,8,59,53,32,8,24,0,0.0
s20260409,passive,30,16,short,24,8,66,61,41,11,30,0,24.0
s20260409,passive_stress,30,16,short,24,8,66,61,41,11,30,0,24.0
s20260409,market,30,16,short,32,10,59,53,32,9,23,0,58.0
s20260409,passive,30,16,short,32,10,65,60,41,13,28,0,136.0
s20260409,passive_stress,30,16,short,32,10,66,61,41,11,30,0,52.0
s20260409,market,15,12,long,24,8,300,227,105,34,71,0,248.0
s20260409,passive,15,12,long,24,8,286,217,179,38,141,0,-216.0
s20260409,passive_stress,15,12,long,24,8,290,222,182,33,149,0,-400.0
s20260409,market,15,12,long,32,10,286,216,99,28,71,0,186.0
s20260409,passive,15,12,long,32,10,269,204,165,39,126,0,-12.0
s20260409,passive_stress,15,12,long,32,10,276,208,168,32,136,0,-336.0
s20260409,market,15,8,long,24,8,380,164,66,22,44,0,176.0
s20260409,passive,15,8,long,24,8,346,144,118,31,87,0,48.0
s20260409,passive_stress,15,8,long,24,8,348,145,119,29,90,0,-24.0
s20260409,market,15,8,long,32,10,365,155,62,20,42,0,220.0
s20260409,passive,15,8,long,32,10,329,140,116,28,88,0,16.0
s20260409,passive_stress,15,8,long,32,10,329,141,117,27,90,0,-36.0
s20260409,market,15,16,long,24,8,252,224,112,34,78,0,192.0
s20260409,passive,15,16,long,24,8,249,221,171,40,131,0,-88.0
s20260409,passive_stress,15,16,long,24,8,255,225,177,30,147,0,-456.0
s20260409,market,15,16,long,32,10,241,214,105,26,79,0,42.0
s20260409,passive,15,16,long,32,10,238,209,165,40,125,0,30.0
s20260409,passive_stress,15,16,long,32,10,240,211,165,37,128,0,-96.0
s20260409,market,15,12,short,24,8,286,209,108,26,82,0,-32.0
s20260409,passive,15,12,short,24,8,289,214,165,35,130,0,-200.0
s20260409,passive_stress,15,12,short,24,8,292,216,167,31,136,0,-344.0
s20260409,market,15,12,short,32,10,273,198,105,23,82,0,-84.0
s20260409,passive,15,12,short,32,10,277,205,157,34,123,0,-142.0
s20260409,passive_stress,15,12,short,32,10,279,206,158,31,127,0,-278.0
s20260409,market,15,8,short,24,8,360,153,63,12,51,0,-120.0
s20260409,passive,15,8,short,24,8,338,154,132,23,109,0,-320.0
s20260409,passive_stress,15,8,short,24,8,338,155,133,20,113,0,-424.0
s20260409,market,15,8,short,32,10,350,150,62,12,50,0,-116.0
s20260409,passive,15,8,short,32,10,322,147,125,22,103,0,-326.0
s20260409,passive_stress,15,8,short,32,10,324,150,128,20,108,0,-440.0
s20260409,market,15,16,short,24,8,253,217,117,27,90,0,-72.0
s20260409,passive,15,16,short,24,8,271,236,160,29,131,0,-352.0
s20260409,passive_stress,15,16,short,24,8,272,237,161,25,136,0,-488.0
s20260409,market,15,16,short,32,10,243,210,115,27,88,0,-16.0
s20260409,passive,15,16,short,32,10,254,221,153,35,118,0,-60.0
s20260409,passive_stress,15,16,short,32,10,260,226,155,30,125,0,-290.0
s20260417,market,30,12,long,24,8,86,56,22,4,18,0,-48.0
s20260417,passive,30,12,long,24,8,86,59,53,8,45,0,-168.0
s20260417,passive_stress,30,12,long,24,8,86,59,53,6,47,0,-232.0
s20260417,market,30,12,long,32,10,86,56,22,4,18,0,-52.0
s20260417,passive,30,12,long,32,10,86,59,53,8,45,0,-194.0
s20260417,passive_stress,30,12,long,32,10,86,59,53,7,46,0,-236.0
s20260417,market,30,8,long,24,8,101,36,12,2,10,0,-32.0
s20260417,passive,30,8,long,24,8,93,33,32,3,29,0,-160.0
s20260417,passive_stress,30,8,long,24,8,93,33,32,3,29,0,-160.0
s20260417,market,30,8,long,32,10,101,36,12,3,9,0,6.0
s20260417,passive,30,8,long,32,10,93,33,32,3,29,0,-194.0
s20260417,passive_stress,30,8,long,32,10,93,33,32,3,29,0,-194.0
s20260417,market,30,16,long,24,8,78,64,27,6,21,0,-24.0
s20260417,passive,30,16,long,24,8,89,75,58,8,50,0,-208.0
s20260417,passive_stress,30,16,long,24,8,89,75,58,7,51,0,-240.0
s20260417,market,30,16,long,32,10,78,64,27,6,21,0,-18.0
s20260417,passive,30,16,long,32,10,88,74,57,8,49,0,-234.0
s20260417,passive_stress,30,16,long,32,10,89,75,58,7,51,0,-286.0
s20260417,market,30,12,short,24,8,68,47,23,7,16,0,40.0
s20260417,passive,30,12,short,24,8,68,49,41,11,30,0,24.0
s20260417,passive_stress,30,12,short,24,8,68,49,41,11,30,0,24.0
s20260417,market,30,12,short,32,10,68,47,23,6,17,0,22.0
s20260417,passive,30,12,short,32,10,68,49,41,10,31,0,10.0
s20260417,passive_stress,30,12,short,32,10,68,49,41,8,33,0,-74.0
s20260417,market,30,8,short,24,8,80,30,15,5,10,0,40.0
s20260417,passive,30,8,short,24,8,74,29,27,10,17,0,104.0
s20260417,passive_stress,30,8,short,24,8,74,29,27,8,19,0,40.0
s20260417,market,30,8,short,32,10,80,30,15,5,10,0,60.0
s20260417,passive,30,8,short,32,10,73,29,27,9,18,0,108.0
s20260417,passive_stress,30,8,short,32,10,73,29,27,9,18,0,108.0
s20260417,market,30,16,short,24,8,60,49,27,8,19,0,40.0
s20260417,passive,30,16,short,24,8,71,58,36,8,28,0,-32.0
s20260417,passive_stress,30,16,short,24,8,71,58,36,7,29,0,-64.0
s20260417,market,30,16,short,32,10,60,49,27,7,20,0,24.0
s20260417,passive,30,16,short,32,10,71,58,36,6,30,0,-108.0
s20260417,passive_stress,30,16,short,32,10,71,58,36,6,30,0,-108.0
s20260417,market,15,12,long,24,8,332,237,106,17,89,0,-304.0
s20260417,passive,15,12,long,24,8,313,224,186,33,153,0,-432.0
s20260417,passive_stress,15,12,long,24,8,314,224,186,30,156,0,-528.0
s20260417,market,15,12,long,32,10,323,231,103,16,87,0,-358.0
s20260417,passive,15,12,long,32,10,296,211,173,28,145,0,-554.0
s20260417,passive_stress,15,12,long,32,10,306,220,181,26,155,0,-718.0
s20260417,market,15,8,long,24,8,411,165,58,12,46,0,-80.0
s20260417,passive,15,8,long,24,8,376,145,122,22,100,0,-272.0
s20260417,passive_stress,15,8,long,24,8,376,145,122,19,103,0,-368.0
s20260417,market,15,8,long,32,10,402,160,58,13,45,0,-34.0
s20260417,passive,15,8,long,32,10,362,141,119,18,101,0,-434.0
s20260417,passive_stress,15,8,long,32,10,363,142,120,17,103,0,-486.0
s20260417,market,15,16,long,24,8,288,235,115,19,96,0,-312.0
s20260417,passive,15,16,long,24,8,298,244,181,30,151,0,-488.0
s20260417,passive_stress,15,16,long,24,8,304,251,187,23,164,0,-760.0
s20260417,market,15,16,long,32,10,278,226,110,20,90,0,-260.0
s20260417,passive,15,16,long,32,10,283,229,168,22,146,0,-756.0
s20260417,passive_stress,15,16,long,32,10,285,230,170,17,153,0,-986.0
s20260417,market,15,12,short,24,8,296,203,85,18,67,0,-104.0
s20260417,passive,15,12,short,24,8,286,202,162,34,128,0,-208.0
s20260417,passive_stress,15,12,short,24,8,287,204,163,26,137,0,-472.0
s20260417,market,15,12,short,32,10,286,197,81,19,62,0,-12.0
s20260417,passive,15,12,short,32,10,265,185,148,35,113,0,-10.0
s20260417,passive_stress,15,12,short,32,10,269,189,150,27,123,0,-366.0
s20260417,market,15,8,short,24,8,382,146,41,9,32,0,-40.0
s20260417,passive,15,8,short,24,8,333,120,107,24,83,0,-88.0
s20260417,passive_stress,15,8,short,24,8,338,122,109,20,89,0,-232.0
s20260417,market,15,8,short,32,10,376,144,41,11,30,0,52.0
s20260417,passive,15,8,short,32,10,313,118,105,27,78,0,84.0
s20260417,passive_stress,15,8,short,32,10,318,118,105,23,82,0,-84.0
s20260417,market,15,16,short,24,8,259,209,102,20,82,0,-176.0
s20260417,passive,15,16,short,24,8,278,229,167,37,130,0,-152.0
s20260417,passive_stress,15,16,short,24,8,281,232,170,29,141,0,-432.0
s20260417,market,15,16,short,32,10,250,202,97,23,74,0,-4.0
s20260417,passive,15,16,short,32,10,262,215,158,31,127,0,-278.0
s20260417,passive_stress,15,16,short,32,10,260,213,156,30,126,0,-300.0
s20260423,market,30,12,long,24,8,84,50,26,6,20,0,-16.0
s20260423,passive,30,12,long,24,8,84,52,40,9,31,0,-32.0
s20260423,passive_stress,30,12,long,24,8,84,52,40,7,33,0,-96.0
s20260423,market,30,12,long,32,10,83,49,25,6,19,0,2.0
s20260423,passive,30,12,long,32,10,82,50,38,11,27,0,82.0
s20260423,passive_stress,30,12,long,32,10,84,52,40,9,31,0,-22.0
s20260423,market,30,8,long,24,8,97,31,16,2,14,0,-64.0
s20260423,passive,30,8,long,24,8,100,33,25,6,19,0,-8.0
s20260423,passive_stress,30,8,long,24,8,100,33,25,6,19,0,-8.0
s20260423,market,30,8,long,32,10,97,31,16,4,12,0,8.0
s20260423,passive,30,8,long,32,10,95,32,25,8,17,0,86.0
s20260423,passive_stress,30,8,long,32,10,95,32,25,7,18,0,44.0
s20260423,market,30,16,long,24,8,73,57,29,7,22,0,-8.0
s20260423,passive,30,16,long,24,8,75,59,41,15,26,0,152.0
s20260423,passive_stress,30,16,long,24,8,78,62,43,11,32,0,8.0
s20260423,market,30,16,long,32,10,72,56,28,7,21,0,14.0
s20260423,passive,30,16,long,32,10,75,59,41,12,29,0,94.0
s20260423,passive_stress,30,16,long,32,10,75,59,41,12,29,0,94.0
s20260423,market,30,12,short,24,8,81,47,21,7,14,0,56.0
s20260423,passive,30,12,short,24,8,80,46,40,7,33,0,-96.0
s20260423,passive_stress,30,12,short,24,8,80,46,40,5,35,0,-160.0
s20260423,market,30,12,short,32,10,79,45,20,4,16,0,-32.0
s20260423,passive,30,12,short,32,10,79,46,40,8,32,0,-64.0
s20260423,passive_stress,30,12,short,32,10,79,45,40,5,35,0,-190.0
s20260423,market,30,8,short,24,8,98,31,12,4,8,0,32.0
s20260423,passive,30,8,short,24,8,94,28,27,5,22,0,-56.0
s20260423,passive_stress,30,8,short,24,8,94,28,27,5,22,0,-56.0
s20260423,market,30,8,short,32,10,95,31,12,2,10,0,-36.0
s20260423,passive,30,8,short,32,10,91,28,27,4,23,0,-102.0
s20260423,passive_stress,30,8,short,32,10,91,28,27,3,24,0,-144.0
s20260423,market,30,16,short,24,8,73,51,23,7,16,0,40.0
s20260423,passive,30,16,short,24,8,79,55,44,4,40,0,-224.0
s20260423,passive_stress,30,16,short,24,8,79,55,44,4,40,0,-224.0
s20260423,market,30,16,short,32,10,73,50,22,5,17,0,-10.0
s20260423,passive,30,16,short,32,10,78,55,44,8,36,0,-104.0
s20260423,passive_stress,30,16,short,32,10,79,55,44,6,38,0,-188.0
s20260423,market,15,12,long,24,8,322,217,96,31,65,0,224.0
s20260423,passive,15,12,long,24,8,301,205,174,40,134,0,-112.0
s20260423,passive_stress,15,12,long,24,8,305,208,178,33,145,0,-368.0
s20260423,market,15,12,long,32,10,309,205,91,32,59,0,434.0
s20260423,passive,15,12,long,32,10,286,191,164,34,130,0,-212.0
s20260423,passive_stress,15,12,long,32,10,295,198,168,28,140,0,-504.0
s20260423,market,15,8,long,24,8,403,141,51,16,35,0,104.0
s20260423,passive,15,8,long,24,8,372,133,116,24,92,0,-160.0
s20260423,passive_stress,15,8,long,24,8,372,133,116,22,94,0,-224.0
s20260423,market,15,8,long,32,10,396,135,51,14,37,0,78.0
s20260423,passive,15,8,long,32,10,353,124,108,23,85,0,-114.0
s20260423,passive_stress,15,8,long,32,10,356,126,110,21,89,0,-218.0
s20260423,market,15,16,long,24,8,272,215,115,36,79,0,232.0
s20260423,passive,15,16,long,24,8,297,235,171,43,128,0,8.0
s20260423,passive_stress,15,16,long,24,8,303,240,175,33,142,0,-344.0
s20260423,market,15,16,long,32,10,263,206,110,36,74,0,412.0
s20260423,passive,15,16,long,32,10,281,219,161,37,124,0,-56.0
s20260423,passive_stress,15,16,long,32,10,285,224,163,34,129,0,-202.0
s20260423,market,15,12,short,24,8,319,202,93,24,69,0,24.0
s20260423,passive,15,12,short,24,8,300,185,155,31,124,0,-248.0
s20260423,passive_stress,15,12,short,24,8,299,184,157,28,129,0,-360.0
s20260423,market,15,12,short,32,10,312,199,91,20,71,0,-70.0
s20260423,passive,15,12,short,32,10,296,179,148,25,123,0,-430.0
s20260423,passive_stress,15,12,short,32,10,297,180,149,21,128,0,-608.0
s20260423,market,15,8,short,24,8,399,131,51,15,36,0,72.0
s20260423,passive,15,8,short,24,8,365,117,102,26,76,0,16.0
s20260423,passive_stress,15,8,short,24,8,370,119,103,22,81,0,-120.0
s20260423,market,15,8,short,32,10,394,130,51,13,38,0,36.0
s20260423,passive,15,8,short,32,10,356,115,100,21,79,0,-118.0
s20260423,passive_stress,15,8,short,32,10,358,116,101,20,81,0,-170.0
s20260423,market,15,16,short,24,8,278,210,110,31,79,0,112.0
s20260423,passive,15,16,short,24,8,288,215,163,33,130,0,-248.0
s20260423,passive_stress,15,16,short,24,8,290,217,165,29,136,0,-392.0
s20260423,market,15,16,short,32,10,273,207,108,27,81,0,54.0
s20260423,passive,15,16,short,32,10,277,205,156,37,119,0,-6.0
s20260423,passive_stress,15,16,short,32,10,282,205,156,29,127,0,-342.0
s20260428,market,30,12,long,24,8,72,44,22,11,11,0,176.0
s20260428,passive,30,12,long,24,8,71,43,35,12,23,0,104.0
s20260428,passive_stress,30,12,long,24,8,71,43,35,12,23,0,104.0
s20260428,market,30,12,long,32,10,71,44,22,10,12,0,200.0
s20260428,passive,30,12,long,32,10,71,43,35,12,23,0,154.0
s20260428,passive_stress,30,12,long,32,10,69,41,34,11,23,0,122.0
s20260428,market,30,8,long,24,8,89,36,16,5,11,0,32.0
s20260428,passive,30,8,long,24,8,77,33,27,10,17,0,104.0
s20260428,passive_stress,30,8,long,24,8,77,33,27,10,17,0,104.0
s20260428,market,30,8,long,32,10,89,36,16,4,12,0,8.0
s20260428,passive,30,8,long,32,10,75,31,26,9,17,0,118.0
s20260428,passive_stress,30,8,long,32,10,75,31,26,9,17,0,118.0
s20260428,market,30,16,long,24,8,60,51,26,11,15,0,144.0
s20260428,passive,30,16,long,24,8,68,60,43,8,35,0,-88.0
s20260428,passive_stress,30,16,long,24,8,68,60,43,8,35,0,-88.0
s20260428,market,30,16,long,32,10,60,51,25,9,16,0,128.0
s20260428,passive,30,16,long,32,10,68,60,43,9,34,0,-52.0
s20260428,passive_stress,30,16,long,32,10,68,60,43,9,34,0,-52.0
s20260428,market,30,12,short,24,8,72,50,26,4,22,0,-80.0
s20260428,passive,30,12,short,24,8,69,47,42,6,36,0,-144.0
s20260428,passive_stress,30,12,short,24,8,69,47,42,6,36,0,-144.0
s20260428,market,30,12,short,32,10,72,50,25,2,23,0,-166.0
s20260428,passive,30,12,short,32,10,69,47,42,7,35,0,-126.0
s20260428,passive_stress,30,12,short,32,10,69,47,42,6,36,0,-168.0
s20260428,market,30,8,short,24,8,93,33,10,2,8,0,-16.0
s20260428,passive,30,8,short,24,8,83,29,26,3,23,0,-112.0
s20260428,passive_stress,30,8,short,24,8,83,29,26,3,23,0,-112.0
s20260428,market,30,8,short,32,10,93,33,10,1,9,0,-58.0
s20260428,passive,30,8,short,32,10,83,29,26,2,24,0,-176.0
s20260428,passive_stress,30,8,short,32,10,83,29,26,2,24,0,-176.0
s20260428,market,30,16,short,24,8,68,58,30,4,26,0,-112.0
s20260428,passive,30,16,short,24,8,70,59,46,7,39,0,-144.0
s20260428,passive_stress,30,16,short,24,8,70,59,46,6,40,0,-176.0
s20260428,market,30,16,short,32,10,68,58,30,2,28,0,-216.0
s20260428,passive,30,16,short,32,10,69,58,45,7,38,0,-156.0
s20260428,passive_stress,30,16,short,32,10,69,58,45,6,39,0,-198.0
s20260428,market,15,12,long,24,8,294,206,87,28,59,0,200.0
s20260428,passive,15,12,long,24,8,295,201,158,34,124,0,-176.0
s20260428,passive_stress,15,12,long,24,8,299,206,161,29,132,0,-360.0
s20260428,market,15,12,long,32,10,281,195,84,27,57,0,294.0
s20260428,passive,15,12,long,32,10,285,192,149,32,117,0,-146.0
s20260428,passive_stress,15,12,long,32,10,287,193,151,29,122,0,-292.0
s20260428,market,15,8,long,24,8,358,165,63,20,43,0,136.0
s20260428,passive,15,8,long,24,8,324,150,132,27,105,0,-192.0
s20260428,passive_stress,15,8,long,24,8,327,150,132,26,106,0,-224.0
s20260428,market,15,8,long,32,10,346,156,61,16,45,0,62.0
s20260428,passive,15,8,long,32,10,313,142,126,27,99,0,-126.0
s20260428,passive_stress,15,8,long,32,10,314,145,128,26,102,0,-188.0
s20260428,market,15,16,long,24,8,255,209,95,29,66,0,168.0
s20260428,passive,15,16,long,24,8,274,228,164,24,140,0,-544.0
s20260428,passive_stress,15,16,long,24,8,275,229,164,23,141,0,-576.0
s20260428,market,15,16,long,32,10,246,201,92,27,65,0,214.0
s20260428,passive,15,16,long,32,10,266,220,158,28,130,0,-404.0
s20260428,passive_stress,15,16,long,32,10,269,222,161,24,137,0,-602.0
s20260428,market,15,12,short,24,8,308,207,90,27,63,0,144.0
s20260428,passive,15,12,short,24,8,300,203,178,42,136,0,-80.0
s20260428,passive_stress,15,12,short,24,8,302,205,179,37,142,0,-248.0
s20260428,market,15,12,short,32,10,301,202,87,25,62,0,180.0
s20260428,passive,15,12,short,32,10,277,186,166,33,133,0,-274.0
s20260428,passive_stress,15,12,short,32,10,278,188,168,31,137,0,-378.0
s20260428,market,15,8,short,24,8,392,149,48,13,35,0,32.0
s20260428,passive,15,8,short,24,8,347,129,119,20,99,0,-312.0
s20260428,passive_stress,15,8,short,24,8,350,131,121,18,103,0,-392.0
s20260428,market,15,8,short,32,10,387,146,46,14,32,0,128.0
s20260428,passive,15,8,short,32,10,336,124,116,24,92,0,-152.0
s20260428,passive_stress,15,8,short,32,10,338,125,117,19,98,0,-372.0
s20260428,market,15,16,short,24,8,258,216,104,31,73,0,160.0
s20260428,passive,15,16,short,24,8,279,238,188,32,156,0,-480.0
s20260428,passive_stress,15,16,short,24,8,281,239,190,30,160,0,-560.0
s20260428,market,15,16,short,32,10,248,209,100,28,72,0,176.0
s20260428,passive,15,16,short,32,10,267,227,181,30,151,0,-550.0
s20260428,passive_stress,15,16,short,32,10,270,229,184,28,156,0,-664.0
s20260506,market,30,12,long,24,8,74,58,32,7,25,0,-32.0
s20260506,passive,30,12,long,24,8,79,62,44,11,33,0,0.0
s20260506,passive_stress,30,12,long,24,8,80,63,45,10,35,0,-40.0
s20260506,market,30,12,long,32,10,72,56,31,7,23,1,12.5
s20260506,passive,30,12,long,32,10,78,61,43,11,31,1,48.80000000000291
s20260506,passive_stress,30,12,long,32,10,78,61,43,11,31,1,47.80000000000291
s20260506,market,30,8,long,24,8,89,47,21,5,16,0,-8.0
s20260506,passive,30,8,long,24,8,83,44,32,12,20,0,128.0
s20260506,passive_stress,30,8,long,24,8,83,44,32,11,21,0,96.0
s20260506,market,30,8,long,32,10,84,45,20,5,14,1,38.5
s20260506,passive,30,8,long,32,10,80,41,29,11,16,2,220.39999999999418
s20260506,passive_stress,30,8,long,32,10,81,42,30,10,19,1,152.1999999999971
s20260506,market,30,16,long,24,8,69,62,40,10,30,0,0.0
s20260506,passive,30,16,long,24,8,87,78,46,8,38,0,-112.0
s20260506,passive_stress,30,16,long,24,8,87,78,46,8,38,0,-112.0
s20260506,market,30,16,long,32,10,67,60,39,10,28,1,58.5
s20260506,passive,30,16,long,32,10,83,74,45,12,33,0,54.0
s20260506,passive_stress,30,16,long,32,10,85,76,46,9,36,1,-69.60000000000582
s20260506,market,30,12,short,24,8,51,38,13,6,7,0,88.0
s20260506,passive,30,12,short,24,8,51,37,31,9,22,0,40.0
s20260506,passive_stress,30,12,short,24,8,52,37,31,7,24,0,-24.0
s20260506,market,30,12,short,32,10,51,37,12,4,8,0,48.0
s20260506,passive,30,12,short,32,10,49,37,31,11,20,0,152.0
s20260506,passive_stress,30,12,short,32,10,51,37,31,8,23,0,26.0
s20260506,market,30,8,short,24,8,52,27,10,6,4,0,112.0
s20260506,passive,30,8,short,24,8,50,24,22,7,15,0,48.0
s20260506,passive_stress,30,8,short,24,8,50,24,22,7,15,0,48.0
s20260506,market,30,8,short,32,10,52,26,9,4,5,0,78.0
s20260506,passive,30,8,short,32,10,50,24,22,8,14,0,116.0
s20260506,passive_stress,30,8,short,32,10,50,24,22,8,14,0,116.0
s20260506,market,30,16,short,24,8,48,40,16,9,7,0,160.0
s20260506,passive,30,16,short,24,8,51,44,32,12,20,0,128.0
s20260506,passive_stress,30,16,short,24,8,54,46,33,7,26,0,-40.0
s20260506,market,30,16,short,32,10,48,40,15,7,8,0,144.0
s20260506,passive,30,16,short,32,10,51,44,32,9,23,0,58.0
s20260506,passive_stress,30,16,short,32,10,51,44,32,9,23,0,58.0
s20260506,market,15,12,long,24,8,303,223,91,17,73,1,-158.5
s20260506,passive,15,12,long,24,8,283,205,158,29,129,0,-336.0
s20260506,passive_stress,15,12,long,24,8,286,206,159,26,133,0,-440.0
s20260506,market,15,12,long,32,10,287,211,89,17,71,1,-148.5
s20260506,passive,15,12,long,32,10,264,185,141,29,112,0,-192.0
s20260506,passive_stress,15,12,long,32,10,267,188,142,27,115,0,-286.0
s20260506,market,15,8,long,24,8,377,178,56,10,45,1,-102.5
s20260506,passive,15,8,long,24,8,330,150,126,29,97,0,-80.0
s20260506,passive_stress,15,8,long,24,8,334,154,131,20,111,0,-408.0
s20260506,market,15,8,long,32,10,364,169,54,11,42,1,-50.5
s20260506,passive,15,8,long,32,10,307,135,114,29,85,0,78.0
s20260506,passive_stress,15,8,long,32,10,309,137,116,24,92,0,-152.0
s20260506,market,15,16,long,24,8,241,201,102,21,80,1,-118.5
s20260506,passive,15,16,long,24,8,244,203,146,29,117,0,-240.0
s20260506,passive_stress,15,16,long,24,8,242,201,145,28,117,0,-264.0
s20260506,market,15,16,long,32,10,232,193,100,20,79,1,-132.5
s20260506,passive,15,16,long,32,10,234,192,138,29,109,0,-162.0
s20260506,passive_stress,15,16,long,32,10,237,195,140,26,114,0,-308.0
s20260506,market,15,12,short,24,8,240,173,67,17,50,0,8.0
s20260506,passive,15,12,short,24,8,230,169,136,21,115,0,-416.0
s20260506,passive_stress,15,12,short,24,8,232,170,137,17,120,0,-552.0
s20260506,market,15,12,short,32,10,231,166,64,15,48,1,17.0
s20260506,passive,15,12,short,32,10,215,158,127,23,104,0,-304.0
s20260506,passive_stress,15,12,short,32,10,215,157,126,18,108,0,-504.0
s20260506,market,15,8,short,24,8,295,150,48,15,33,0,96.0
s20260506,passive,15,8,short,24,8,256,125,108,26,82,0,-32.0
s20260506,passive_stress,15,8,short,24,8,258,129,110,24,86,0,-112.0
s20260506,market,15,8,short,32,10,285,147,48,13,35,0,66.0
s20260506,passive,15,8,short,32,10,246,122,105,18,85,2,-236.10000000000582
s20260506,passive_stress,15,8,short,32,10,246,122,105,18,85,2,-238.10000000000582
s20260506,market,15,16,short,24,8,195,162,75,19,56,0,8.0
s20260506,passive,15,16,short,24,8,192,162,120,20,100,0,-320.0
s20260506,passive_stress,15,16,short,24,8,197,165,123,15,108,0,-504.0
s20260506,market,15,16,short,32,10,185,153,72,17,55,0,-6.0
s20260506,passive,15,16,short,32,10,183,152,111,17,94,0,-396.0
s20260506,passive_stress,15,16,short,32,10,189,159,117,16,101,0,-498.0
s20260511,market,30,12,long,24,8,71,50,17,2,15,0,-72.0
s20260511,passive,30,12,long,24,8,72,52,42,5,37,0,-176.0
s20260511,passive_stress,30,12,long,24,8,72,52,42,3,39,0,-240.0
s20260511,market,30,12,long,32,10,71,50,17,2,15,0,-86.0
s20260511,passive,30,12,long,32,10,71,51,41,7,34,0,-116.0
s20260511,passive_stress,30,12,long,32,10,71,51,41,7,34,0,-116.0
s20260511,market,30,8,long,24,8,83,36,11,2,9,0,-24.0
s20260511,passive,30,8,long,24,8,84,34,28,4,24,0,-96.0
s20260511,passive_stress,30,8,long,24,8,84,34,28,3,25,0,-128.0
s20260511,market,30,8,long,32,10,83,36,11,2,9,0,-26.0
s20260511,passive,30,8,long,32,10,83,33,27,8,19,0,66.0
s20260511,passive_stress,30,8,long,32,10,83,33,27,5,22,0,-60.0
s20260511,market,30,16,long,24,8,69,57,23,3,20,0,-88.0
s20260511,passive,30,16,long,24,8,71,60,50,10,40,0,-80.0
s20260511,passive_stress,30,16,long,24,8,71,60,50,8,42,0,-144.0
s20260511,market,30,16,long,32,10,69,57,23,2,21,0,-146.0
s20260511,passive,30,16,long,32,10,69,58,48,7,41,0,-186.0
s20260511,passive_stress,30,16,long,32,10,69,58,48,7,41,0,-186.0
s20260511,market,30,12,short,24,8,57,34,16,5,11,0,32.0
s20260511,passive,30,12,short,24,8,58,35,25,2,23,0,-136.0
s20260511,passive_stress,30,12,short,24,8,58,35,25,2,23,0,-136.0
s20260511,market,30,12,short,32,10,56,33,16,5,11,0,50.0
s20260511,passive,30,12,short,32,10,58,35,25,4,21,0,-82.0
s20260511,passive_stress,30,12,short,32,10,58,35,25,3,22,0,-124.0
s20260511,market,30,8,short,24,8,69,24,11,4,7,0,40.0
s20260511,passive,30,8,short,24,8,68,24,21,4,17,0,-40.0
s20260511,passive_stress,30,8,short,24,8,68,24,21,4,17,0,-40.0
s20260511,market,30,8,short,32,10,69,24,11,3,8,0,16.0
s20260511,passive,30,8,short,32,10,68,24,21,4,17,0,-42.0
s20260511,passive_stress,30,8,short,32,10,68,24,21,4,17,0,-42.0
s20260511,market,30,16,short,24,8,52,46,21,5,16,0,-8.0
s20260511,passive,30,16,short,24,8,51,45,35,4,31,0,-152.0
s20260511,passive_stress,30,16,short,24,8,51,45,35,3,32,0,-184.0
s20260511,market,30,16,short,32,10,51,45,21,5,16,0,0.0
s20260511,passive,30,16,short,32,10,50,44,34,7,27,0,-46.0
s20260511,passive_stress,30,16,short,32,10,51,45,35,6,29,0,-98.0
s20260511,market,15,12,long,24,8,298,194,81,18,63,0,-72.0
s20260511,passive,15,12,long,24,8,280,176,144,36,108,0,0.0
s20260511,passive_stress,15,12,long,24,8,285,181,147,31,116,0,-184.0
s20260511,market,15,12,long,32,10,292,188,77,14,63,0,-182.0
s20260511,passive,15,12,long,32,10,273,169,139,37,102,0,164.0
s20260511,passive_stress,15,12,long,32,10,274,170,140,34,106,0,28.0
s20260511,market,15,8,long,24,8,354,146,54,15,39,0,48.0
s20260511,passive,15,8,long,24,8,328,124,106,28,78,0,48.0
s20260511,passive_stress,15,8,long,24,8,329,125,107,21,86,0,-184.0
s20260511,market,15,8,long,32,10,350,144,54,11,43,0,-78.0
s20260511,passive,15,8,long,32,10,317,118,103,26,76,1,91.19999999999709
s20260511,passive_stress,15,8,long,32,10,319,120,104,23,80,1,-45.80000000000291
s20260511,market,15,16,long,24,8,248,194,101,23,78,0,-72.0
s20260511,passive,15,16,long,24,8,249,198,154,41,113,0,80.0
s20260511,passive_stress,15,16,long,24,8,249,198,154,36,118,0,-80.0
s20260511,market,15,16,long,32,10,239,185,94,19,75,0,-142.0
s20260511,passive,15,16,long,32,10,240,190,148,38,110,0,116.0
s20260511,passive_stress,15,16,long,32,10,241,190,147,35,112,0,0.0
s20260511,market,15,12,short,24,8,251,179,85,22,63,0,24.0
s20260511,passive,15,12,short,24,8,250,180,145,28,117,0,-264.0
s20260511,passive_stress,15,12,short,24,8,250,180,145,26,119,0,-328.0
s20260511,market,15,12,short,32,10,244,171,81,17,64,0,-96.0
s20260511,passive,15,12,short,32,10,238,169,136,30,106,0,-100.0
s20260511,passive_stress,15,12,short,32,10,238,170,137,26,111,0,-278.0
s20260511,market,15,8,short,24,8,321,134,55,15,40,0,40.0
s20260511,passive,15,8,short,24,8,290,121,108,26,82,0,-32.0
s20260511,passive_stress,15,8,short,24,8,291,123,110,24,86,0,-112.0
s20260511,market,15,8,short,32,10,314,131,53,11,42,0,-68.0
s20260511,passive,15,8,short,32,10,278,117,105,24,81,0,-42.0
s20260511,passive_stress,15,8,short,32,10,278,117,106,21,85,0,-178.0
s20260511,market,15,16,short,24,8,221,188,85,23,62,0,56.0
s20260511,passive,15,16,short,24,8,229,197,143,29,114,0,-216.0
s20260511,passive_stress,15,16,short,24,8,232,200,144,23,121,0,-416.0
s20260511,market,15,16,short,32,10,212,180,83,18,65,0,-74.0
s20260511,passive,15,16,short,32,10,219,186,134,29,105,0,-122.0
s20260511,passive_stress,15,16,short,32,10,220,187,135,25,110,0,-300.0
s20260519,market,30,12,long,24,8,78,39,21,6,15,0,24.0
s20260519,passive,30,12,long,24,8,76,37,32,12,20,0,128.0
s20260519,passive_stress,30,12,long,24,8,76,37,32,10,22,0,64.0
s20260519,market,30,12,long,32,10,77,38,21,5,16,0,0.0
s20260519,passive,30,12,long,32,10,75,37,32,11,21,0,142.0
s20260519,passive_stress,30,12,long,32,10,75,37,32,11,21,0,142.0
s20260519,market,30,8,long,24,8,95,25,10,2,8,0,-16.0
s20260519,passive,30,8,long,24,8,93,23,20,7,13,0,64.0
s20260519,passive_stress,30,8,long,24,8,93,23,20,6,14,0,32.0
s20260519,market,30,8,long,32,10,95,25,10,2,8,0,-16.0
s20260519,passive,30,8,long,32,10,93,23,20,5,15,0,10.0
s20260519,passive_stress,30,8,long,32,10,93,23,20,5,15,0,10.0
s20260519,market,30,16,long,24,8,71,49,27,6,21,0,-24.0
s20260519,passive,30,16,long,24,8,71,47,40,12,28,0,64.0
s20260519,passive_stress,30,16,long,24,8,71,47,40,12,28,0,64.0
s20260519,market,30,16,long,32,10,70,48,27,5,22,0,-60.0
s20260519,passive,30,16,long,32,10,71,47,40,11,29,0,62.0
s20260519,passive_stress,30,16,long,32,10,71,47,40,11,29,0,62.0
s20260519,market,30,12,short,24,8,81,35,11,1,10,0,-56.0
s20260519,passive,30,12,short,24,8,72,29,26,3,23,0,-112.0
s20260519,passive_stress,30,12,short,24,8,72,29,26,3,23,0,-112.0
s20260519,market,30,12,short,32,10,81,35,11,1,10,0,-68.0
s20260519,passive,30,12,short,32,10,71,29,26,4,22,0,-92.0
s20260519,passive_stress,30,12,short,32,10,72,29,26,3,23,0,-134.0
s20260519,market,30,8,short,24,8,91,27,8,1,7,0,-32.0
s20260519,passive,30,8,short,24,8,74,22,21,4,17,0,-40.0
s20260519,passive_stress,30,8,short,24,8,74,22,21,4,17,0,-40.0
s20260519,market,30,8,short,32,10,91,27,8,1,7,0,-38.0
s20260519,passive,30,8,short,32,10,74,22,21,3,18,0,-84.0
s20260519,passive_stress,30,8,short,32,10,74,22,21,3,18,0,-84.0
s20260519,market,30,16,short,24,8,75,46,15,2,13,0,-56.0
s20260519,passive,30,16,short,24,8,70,39,32,3,29,0,-160.0
s20260519,passive_stress,30,16,short,24,8,70,39,32,1,31,0,-224.0
s20260519,market,30,16,short,32,10,75,46,15,2,13,0,-66.0
s20260519,passive,30,16,short,32,10,69,39,32,4,28,0,-152.0
s20260519,passive_stress,30,16,short,32,10,69,39,32,3,29,0,-194.0
s20260519,market,15,12,long,24,8,352,170,82,18,64,0,-80.0
s20260519,passive,15,12,long,24,8,332,164,138,37,101,0,80.0
s20260519,passive_stress,15,12,long,24,8,333,165,139,28,111,0,-216.0
s20260519,market,15,12,long,32,10,351,169,81,17,64,0,-96.0
s20260519,passive,15,12,long,32,10,319,157,132,29,103,0,-102.0
s20260519,passive_stress,15,12,long,32,10,321,158,133,28,105,0,-154.0
s20260519,market,15,8,long,24,8,418,110,47,14,33,0,72.0
s20260519,passive,15,8,long,24,8,407,103,87,19,68,0,-88.0
s20260519,passive_stress,15,8,long,24,8,402,104,88,17,71,0,-160.0
s20260519,market,15,8,long,32,10,417,110,47,13,34,0,76.0
s20260519,passive,15,8,long,32,10,398,99,84,19,65,0,-42.0
s20260519,passive_stress,15,8,long,32,10,401,100,84,18,66,0,-84.0
s20260519,market,15,16,long,24,8,309,197,101,21,80,0,-136.0
s20260519,passive,15,16,long,24,8,299,188,152,40,112,0,64.0
s20260519,passive_stress,15,16,long,24,8,299,189,154,38,116,0,-16.0
s20260519,market,15,16,long,32,10,307,195,99,19,80,0,-192.0
s20260519,passive,15,16,long,32,10,293,182,146,37,109,0,94.0
s20260519,passive_stress,15,16,long,32,10,294,183,147,29,118,0,-252.0
s20260519,market,15,12,short,24,8,345,162,67,12,55,0,-152.0
s20260519,passive,15,12,short,24,8,322,148,129,29,100,0,-104.0
s20260519,passive_stress,15,12,short,24,8,323,148,130,24,106,0,-272.0
s20260519,market,15,12,short,32,10,343,161,67,16,51,0,2.0
s20260519,passive,15,12,short,32,10,318,146,127,28,99,0,-94.0
s20260519,passive_stress,15,12,short,32,10,319,146,127,26,101,0,-178.0
s20260519,market,15,8,short,24,8,412,103,37,5,32,0,-136.0
s20260519,passive,15,8,short,24,8,377,88,80,16,64,0,-128.0
s20260519,passive_stress,15,8,short,24,8,377,88,80,13,67,0,-224.0
s20260519,market,15,8,short,32,10,411,103,37,7,30,0,-76.0
s20260519,passive,15,8,short,32,10,376,88,80,14,66,0,-212.0
s20260519,passive_stress,15,8,short,32,10,377,88,80,13,67,0,-254.0
s20260519,market,15,16,short,24,8,307,194,82,19,63,0,-48.0
s20260519,passive,15,16,short,24,8,291,178,146,34,112,0,-80.0
s20260519,passive_stress,15,16,short,24,8,291,178,146,28,118,0,-272.0
s20260519,market,15,16,short,32,10,304,192,82,22,60,0,104.0
s20260519,passive,15,16,short,32,10,284,175,144,36,108,0,72.0
s20260519,passive_stress,15,16,short,32,10,286,176,144,30,114,0,-180.0
s20260520,market,30,12,long,24,8,93,47,19,4,15,0,-24.0
s20260520,passive,30,12,long,24,8,95,48,35,2,33,0,-216.0
s20260520,passive_stress,30,12,long,24,8,95,48,35,1,34,0,-248.0
s20260520,market,30,12,long,32,10,93,47,19,4,15,0,-22.0
s20260520,passive,30,12,long,32,10,95,48,35,3,32,0,-224.0
s20260520,passive_stress,30,12,long,32,10,95,48,35,2,33,0,-266.0
s20260520,market,30,8,long,24,8,111,25,11,3,8,0,8.0
s20260520,passive,30,8,long,24,8,109,24,21,3,18,0,-72.0
s20260520,passive_stress,30,8,long,24,8,109,24,21,3,18,0,-72.0
s20260520,market,30,8,long,32,10,111,25,11,3,8,0,16.0
s20260520,passive,30,8,long,32,10,109,24,21,3,18,0,-84.0
s20260520,passive_stress,30,8,long,32,10,109,24,21,3,18,0,-84.0
s20260520,market,30,16,long,24,8,86,61,28,6,22,0,-32.0
s20260520,passive,30,16,long,24,8,87,62,49,4,45,0,-264.0
s20260520,passive_stress,30,16,long,24,8,87,62,49,3,46,0,-296.0
s20260520,market,30,16,long,32,10,86,61,28,6,22,0,-28.0
s20260520,passive,30,16,long,32,10,87,62,49,7,42,0,-196.0
s20260520,passive_stress,30,16,long,32,10,87,62,49,6,43,0,-238.0
s20260520,market,30,12,short,24,8,69,33,17,5,12,0,24.0
s20260520,passive,30,12,short,24,8,74,38,29,4,25,0,-104.0
s20260520,passive_stress,30,12,short,24,8,74,38,29,3,26,0,-136.0
s20260520,market,30,12,short,32,10,69,33,17,4,13,0,-2.0
s20260520,passive,30,12,short,32,10,74,38,29,6,23,0,-38.0
s20260520,passive_stress,30,12,short,32,10,74,38,29,4,25,0,-122.0
s20260520,market,30,8,short,24,8,79,20,12,3,9,0,0.0
s20260520,passive,30,8,short,24,8,82,23,18,2,16,0,-80.0
s20260520,passive_stress,30,8,short,24,8,82,23,18,2,16,0,-80.0
s20260520,market,30,8,short,32,10,79,20,12,3,9,0,6.0
s20260520,passive,30,8,short,32,10,82,23,18,4,14,0,-12.0
s20260520,passive_stress,30,8,short,32,10,82,23,18,3,15,0,-54.0
s20260520,market,30,16,short,24,8,63,35,18,6,12,0,48.0
s20260520,passive,30,16,short,24,8,71,43,30,5,25,0,-80.0
s20260520,passive_stress,30,16,short,24,8,71,43,30,5,25,0,-80.0
s20260520,market,30,16,short,32,10,63,35,18,4,14,0,-12.0
s20260520,passive,30,16,short,32,10,71,43,30,7,23,0,-6.0
s20260520,passive_stress,30,16,short,32,10,71,43,30,6,24,0,-48.0
s20260520,market,15,12,long,24,8,325,182,93,21,72,0,-72.0
s20260520,passive,15,12,long,24,8,314,172,141,38,103,0,88.0
s20260520,passive_stress,15,12,long,24,8,316,173,142,33,109,0,-80.0
s20260520,market,15,12,long,32,10,318,179,91,19,72,0,-112.0
s20260520,passive,15,12,long,32,10,302,166,135,34,101,0,78.0
s20260520,passive_stress,15,12,long,32,10,304,165,135,30,105,0,-90.0
s20260520,market,15,8,long,24,8,401,117,59,13,46,0,-56.0
s20260520,passive,15,8,long,24,8,378,108,92,23,69,0,0.0
s20260520,passive_stress,15,8,long,24,8,378,108,92,20,72,0,-96.0
s20260520,market,15,8,long,32,10,396,116,58,12,46,0,-76.0
s20260520,passive,15,8,long,32,10,370,103,88,20,68,0,-40.0
s20260520,passive_stress,15,8,long,32,10,373,103,88,18,70,0,-124.0
s20260520,market,15,16,long,24,8,285,206,113,25,88,0,-104.0
s20260520,passive,15,16,long,24,8,297,221,157,33,124,0,-200.0
s20260520,passive_stress,15,16,long,24,8,299,222,158,31,127,0,-272.0
s20260520,market,15,16,long,32,10,279,201,110,22,88,0,-176.0
s20260520,passive,15,16,long,32,10,290,216,151,32,119,0,-166.0
s20260520,passive_stress,15,16,long,32,10,291,216,153,30,123,0,-270.0
s20260520,market,15,12,short,24,8,321,163,75,16,59,0,-88.0
s20260520,passive,15,12,short,24,8,306,160,125,26,99,0,-168.0
s20260520,passive_stress,15,12,short,24,8,307,160,125,24,101,0,-232.0
s20260520,market,15,12,short,32,10,314,160,74,17,57,0,-26.0
s20260520,passive,15,12,short,32,10,299,155,120,24,96,0,-192.0
s20260520,passive_stress,15,12,short,32,10,300,155,120,20,100,0,-360.0
s20260520,market,15,8,short,24,8,372,95,49,8,41,0,-136.0
s20260520,passive,15,8,short,24,8,363,95,78,17,61,0,-80.0
s20260520,passive_stress,15,8,short,24,8,363,95,78,16,62,0,-112.0
s20260520,market,15,8,short,32,10,368,93,48,8,40,0,-144.0
s20260520,passive,15,8,short,32,10,361,93,76,14,62,0,-172.0
s20260520,passive_stress,15,8,short,32,10,362,94,77,14,63,0,-182.0
s20260520,market,15,16,short,24,8,291,180,93,20,73,0,-104.0
s20260520,passive,15,16,short,24,8,289,182,130,29,101,0,-112.0
s20260520,passive_stress,15,16,short,24,8,290,182,130,26,104,0,-208.0
s20260520,market,15,16,short,32,10,283,173,90,22,68,0,24.0
s20260520,passive,15,16,short,32,10,281,176,125,27,98,0,-116.0
s20260520,passive_stress,15,16,short,32,10,284,178,127,26,101,0,-178.0
