block_id,n_bars,net_pnl,sess_open,side,MFE,MAE,give_back_ratio
28036,13,13710.149999999994,2025-04-09,8,17698.149999999994,-465.8500000000058,0.22533428635196343
27975,9,13525.150000000052,2025-04-07,10,24475.150000000052,1395.1500000000524,0.447392559391872
28049,79,11065.849999999977,2025-04-10,-10,15400.849999999977,-2249.1500000000233,0.28147797037176564
33180,23,10438.050000000105,2025-11-20,-10,12058.050000000105,723.0500000001048,0.1343500814808353
25477,62,8406.04999999996,2024-12-20,10,9871.04999999996,-523.9500000000407,0.1484137958981067
27995,28,7106.849999999977,2025-04-08,-10,9856.849999999977,-1218.1500000000233,0.27899379619249626
27991,48,6899.149999999994,2025-04-08,-10,10034.149999999994,-1825.8500000000058,0.31243304116442366
28013,11,6324.350000000006,2025-04-09,7,6324.350000000006,195.85000000000582,0.0
34806,193,6069.049999999988,2026-02-02,8,7145.049999999988,-570.9500000000116,0.15059376771331226
27282,96,5982.849999999977,2025-03-10,-9,7661.349999999977,-879.6500000000233,0.21908671448243522
1276,49,5584.349999999977,2022-02-24,10,6199.349999999977,904.3499999999767,0.09920394880108435
35395,16,5234.849999999977,2026-02-26,-10,6624.849999999977,159.84999999997672,0.20981607130727561
32267,6,4849.699999999895,2025-10-10,-10,6024.699999999895,1894.6999999998952,0.195030457948117
587,31,4846.349999999977,2022-01-24,10,4846.349999999977,-308.6500000000233,0.0
27059,50,4756.349999999977,2025-02-27,-8,5268.349999999977,472.3499999999767,0.09718412785786865
35497,119,4621.050000000047,2026-03-03,-8,6325.050000000047,-318.94999999995343,0.26940498494082854
34715,14,4388.849999999977,2026-01-29,-10,6108.849999999977,418.8499999999767,0.28155872218175376
22148,163,4357.049999999974,2024-08-05,-3,4972.049999999974,-526.9500000000262,0.12369143512233449
2698,20,4324.700000000012,2022-04-26,-10,5249.700000000012,484.70000000001164,0.1762005447930354
34932,123,4290.849999999977,2026-02-06,10,6755.849999999977,-524.1500000000233,0.36486896541515995
21884,176,4205.849999999948,2024-07-24,-5,4890.849999999948,-216.6500000000524,0.14005745422574958
28711,166,4175.850000000006,2025-05-12,5,4683.350000000006,-21.64999999999418,0.10836260369180167
27983,23,4081.350000000006,2025-04-07,9,4081.350000000006,-328.6499999999942,0.0
27135,20,4052.7000000000116,2025-03-03,-10,5462.700000000012,-462.29999999998836,0.25811411939150913
35060,20,4012.850000000035,2026-02-12,-8,5072.850000000035,360.8500000000349,0.20895551810126314
5646,68,3983.8499999999767,2022-08-26,-10,3983.8499999999767,-146.15000000002328,0.0
15909,117,3948.7000000000116,2023-11-10,10,4503.700000000012,688.7000000000116,0.12323200923684938
26067,28,3927.3499999999767,2025-01-17,10,5137.349999999977,302.3499999999767,0.2355299911432948
32811,120,3913.8499999999767,2025-11-05,10,5398.849999999977,488.8499999999767,0.27505857728960914
28048,41,3801.8499999999767,2025-04-10,-9,3801.8499999999767,431.3499999999767,0.0
28316,110,3760.0499999999884,2025-04-24,6,4732.049999999988,316.04999999998836,0.2054078042286118
4939,69,3758.350000000006,2022-07-28,8,4134.350000000006,54.35000000000582,0.09094537230761776
28044,32,3750.5,2025-04-09,8,3750.5,606.5,0.0
27875,1,3736.0999999999476,2025-04-02,-5,3736.0999999999476,3736.0999999999476,0.0
22103,35,3610.7000000000116,2024-08-01,-8,4614.700000000012,-1.2999999999883585,0.2175656055648249
32289,20,3578.6999999999534,2025-10-10,-10,3578.6999999999534,-1106.3000000000466,0.0
27968,72,3538.5,2025-04-07,10,8203.5,-1826.5,0.5686597184128726
33700,25,3535.6999999999534,2025-12-12,-10,4785.699999999953,-819.3000000000466,0.26119480953674745
630,248,3499.8499999999767,2022-01-26,10,5564.849999999977,-1245.1500000000233,0.3710791845242924
17204,148,3468.350000000006,2024-01-08,7,3674.850000000006,174.85000000000582,0.05619276977291581
7382,63,3439.350000000006,2022-11-10,10,3549.350000000006,-55.64999999999418,0.030991590009438297
28037,1,3406.350000000006,2025-04-09,7,3406.350000000006,3406.350000000006,0.0
6807,138,3356.7000000000116,2022-10-14,-8,3480.7000000000116,-719.2999999999884,0.03562501795615813
27286,59,3321.8499999999767,2025-03-10,-9,4851.849999999977,-944.1500000000233,0.31534363181054803
14033,42,3314.3499999999767,2023-08-24,-10,4164.349999999977,114.34999999997672,0.2041134870988281
3271,44,3257.4000000000233,2022-05-18,-10,4157.400000000023,-617.5999999999767,0.21648145475537475
53,18,3221.7000000000116,2022-01-04,-10,3741.7000000000116,716.7000000000116,0.1389742630355182
28089,93,3174.7999999999884,2025-04-11,8,3882.7999999999884,-1109.2000000000116,0.18234263933244105
34937,108,3132.8499999999767,2026-02-06,10,5142.849999999977,322.8499999999767,0.3908338761581631
33198,30,3086.3499999999767,2025-11-20,-9,3086.3499999999767,-860.1500000000233,0.0
28030,5,3073.850000000006,2025-04-09,7,3073.850000000006,1005.3500000000058,0.0
5641,19,3049.8499999999767,2022-08-26,-10,3844.8499999999767,709.8499999999767,0.20677009506222735
22799,66,3041.8499999999767,2024-09-03,-9,3851.8499999999767,-459.1500000000233,0.2102885626387333
36960,278,3034.850000000006,2026-05-05,5,3389.850000000006,-202.64999999999418,0.10472439783471227
8326,37,3032.3499999999767,2022-12-22,-9,3473.3499999999767,-162.65000000002328,0.1269667611959644
1578,138,3018.7000000000116,2022-03-09,10,3658.7000000000116,-601.2999999999884,0.17492551999343975
17843,18,3003.3499999999767,2024-02-01,9,3228.3499999999767,618.3499999999767,0.06969504545665793
6012,38,2978.8499999999767,2022-09-13,-10,4003.8499999999767,-111.15000000002328,0.2560035965383333
1079,129,2930.3499999999767,2022-02-17,-8,3262.3499999999767,-885.6500000000233,0.10176713105583471
23231,224,2923.350000000006,2024-09-19,8,4203.350000000006,-52.64999999999418,0.3045190145955008
27876,9,2911.0499999999884,2025-04-02,-8,4107.049999999988,-448.95000000001164,0.2912065838010259
27099,23,2882.3499999999767,2025-02-28,10,2977.3499999999767,1137.3499999999767,0.03190756881119141
36869,84,2868.350000000006,2026-04-30,8,4044.350000000006,348.3500000000058,0.29077602086861876
7452,70,2859.350000000006,2022-11-15,8,3443.350000000006,-296.6499999999942,0.1696022768524835
4714,88,2842.850000000006,2022-07-19,8,3554.850000000006,382.8500000000058,0.20028974499627236
31284,14,2839.8499999999767,2025-08-29,-10,3579.8499999999767,169.84999999997672,0.20671257175580116
37271,22,2837.8499999999767,2026-05-18,8,2837.8499999999767,-122.15000000002328,0.0
3485,113,2812.199999999997,2022-05-26,7,4044.199999999997,-208.3000000000029,0.30463379654814327
34102,200,2800.7000000000116,2026-01-02,10,3570.7000000000116,5.7000000000116415,0.21564399137423965
621,18,2784.0999999999476,2022-01-25,-10,3474.0999999999476,-190.9000000000524,0.1986125903111627
34552,16,2779.099999999962,2026-01-21,10,4169.099999999962,574.0999999999622,0.33340529130987806
35971,5,2751.7999999999884,2026-03-23,5,4344.299999999988,2751.7999999999884,0.3665722901272942
27970,12,2751.350000000006,2025-04-07,8,2751.350000000006,-488.6499999999942,0.0
7368,22,2743.799999999981,2022-11-10,10,3678.799999999981,728.7999999999811,0.25415896487985346
34921,12,2731.749999999942,2026-02-05,-10,2731.749999999942,-113.25000000005821,0.0
35953,68,2688.8499999999767,2026-03-20,-8,4264.849999999977,-575.1500000000233,0.36953233994161777
16430,58,2667.3499999999767,2023-12-04,-8,3343.3499999999767,207.34999999997672,0.2021924118025348
36213,114,2665.4000000000233,2026-04-02,-6,3379.4000000000233,19.400000000023283,0.21128010889506868
33827,36,2656.5500000000466,2025-12-17,-8,3736.5500000000466,500.55000000004657,0.2890366782192093
14666,42,2628.7000000000116,2023-09-20,-8,2700.7000000000116,-387.29999999998836,0.026659754878364753
20674,31,2626.3499999999767,2024-05-31,8,2994.3499999999767,-25.650000000023283,0.12289812480171085
3641,114,2599.850000000006,2022-06-02,6,2602.850000000006,-397.1499999999942,0.0011525827458362923
8132,17,2588.3499999999767,2022-12-13,-9,3474.8499999999767,671.3499999999767,0.2551189259968073
698,32,2582.850000000006,2022-01-28,8,2790.850000000006,-457.1499999999942,0.07452926527760344
19829,7,2577.7000000000116,2024-04-25,8,2577.7000000000116,61.70000000001164,0.0
26238,29,2572.7000000000116,2025-01-27,-4,2976.7000000000116,-211.29999999998836,0.13572076460509908
6242,30,2564.3999999999796,2022-09-21,-6,2810.3999999999796,386.3999999999796,0.08753202391118765
23523,15,2545.7000000000116,2024-10-01,-10,3635.7000000000116,-79.29999999998836,0.2998047143603698
32263,2,2526.800000000105,2025-10-10,-10,3416.800000000105,2526.800000000105,0.26047763989697165
35876,43,2520.8499999999767,2026-03-18,-7,3171.8499999999767,-146.15000000002328,0.20524299698914034
26888,62,2513.8499999999185,2025-02-21,-10,2513.8499999999185,-96.15000000008149,0.0
13367,137,2487.850000000006,2023-07-28,8,3115.850000000006,-308.1499999999942,0.20155013880642483
33650,51,2465.3499999999767,2025-12-11,-6,3047.3499999999767,-93.65000000002328,0.19098561044842385
26559,232,2451.3499999999767,2025-02-10,9,3216.3499999999767,-410.6500000000233,0.23784724921106395
29664,54,2435.3499999999767,2025-06-20,9,3681.8499999999767,-179.15000000002328,0.33855262979209033
2947,9,2420.8499999999767,2022-05-05,-9,3343.3499999999767,287.8499999999767,0.27592085782224607
2689,46,2413.8499999999767,2022-04-26,-10,3493.8499999999767,158.84999999997672,0.30911458706012196
606,3,2399.8499999999767,2022-01-25,-9,2399.8499999999767,788.8499999999767,0.0
8185,126,2385.850000000006,2022-12-15,-5,2800.850000000006,-66.64999999999418,0.14816930574646953
33181,3,2378.3499999999767,2025-11-20,-9,2378.3499999999767,317.3499999999767,0.0
32288,4,2350.3499999999767,2025-10-10,-8,2350.3499999999767,-89.65000000002328,0.0
5296,119,2339.7000000000116,2022-08-12,8,2371.7000000000116,131.70000000001164,0.013492431589155392
11850,12,2320.4000000000233,2023-05-24,10,2320.4000000000233,945.4000000000233,0.0
3401,17,2316.7000000000116,2022-05-24,-10,3506.7000000000116,-148.29999999998836,0.33935038640316995
31119,1,2307.350000000006,2025-08-22,5,2307.350000000006,2307.350000000006,0.0
6962,82,2302.850000000006,2022-10-21,9,2365.850000000006,-383.6499999999942,0.026628907158103787
25614,28,2289.6999999999534,2024-12-30,-10,3439.6999999999534,324.69999999995343,0.33433148239672517
1920,78,2288.3499999999767,2022-03-24,10,2423.3499999999767,-526.6500000000233,0.05570800751026525
30733,114,2259.8499999999767,2025-08-06,10,2904.8499999999767,239.84999999997672,0.22204244625368097
6006,53,2250.7000000000116,2022-09-13,-10,3095.7000000000116,-384.29999999998836,0.27295926607875337
12639,83,2249.8499999999767,2023-06-27,10,2859.8499999999767,-20.150000000023283,0.2132979002395248
33023,24,2212.7000000000116,2025-11-14,8,3596.7000000000116,-687.2999999999884,0.38479717518836587
29146,17,2204.350000000035,2025-05-29,-10,3259.350000000035,389.3500000000349,0.3236841701566229
8457,59,2204.350000000006,2022-12-29,10,2924.350000000006,564.3500000000058,0.24620855916699388
10409,40,2181.350000000006,2023-03-23,9,2950.850000000006,-59.64999999999418,0.26077231984004556
22240,18,2164.8499999999767,2024-08-08,9,2164.8499999999767,-8.650000000023283,0.0
19830,18,2153.7000000000116,2024-04-25,10,2488.7000000000116,1363.7000000000116,0.13460843010406978
14042,44,2144.8499999999767,2023-08-24,-10,2334.8499999999767,-410.1500000000233,0.0813756772383673
27993,8,2138.3499999999767,2025-04-08,-8,2138.3499999999767,470.3499999999767,0.0
35651,15,2137.350000000006,2026-03-09,8,2137.350000000006,-750.6499999999942,0.0
34908,8,2103.8499999999767,2026-02-05,-9,2103.8499999999767,758.3499999999767,0.0
7833,14,2083.850000000006,2022-11-30,6,2434.850000000006,520.8500000000058,0.14415672423352532
6417,110,2060.350000000006,2022-09-28,7,2847.850000000006,-284.6499999999942,0.27652439559667763
11424,128,2056.350000000006,2023-05-05,6,2401.350000000006,-7.649999999994179,0.14366918608282805
14558,62,2050.3499999999767,2023-09-15,-8,2762.3499999999767,-33.65000000002328,0.2577515521204793
33233,8,2042.3499999999767,2025-11-21,8,2042.3499999999767,-209.65000000002328,0.0
12200,60,2039.3499999999767,2023-06-08,10,2679.3499999999767,-545.6500000000233,0.23886390355870102
28168,24,2017.3499999999767,2025-04-16,-6,2878.3499999999767,-697.6500000000233,0.29912970972953495
34936,4,2016.8499999999767,2026-02-06,9,2016.8499999999767,581.3499999999767,0.0
25225,37,1996.0499999999956,2024-12-11,5,2358.5499999999956,168.54999999999563,0.15369612685760348
1577,3,1993.7000000000116,2022-03-09,8,1993.7000000000116,505.70000000001164,0.0
5905,114,1985.8500000000058,2022-09-07,8,2601.850000000006,-562.1499999999942,0.23675461690720012
3275,50,1982.3499999999767,2022-05-18,-10,3052.3499999999767,422.3499999999767,0.3505495765557712
243,30,1974.3499999999476,2022-01-10,8,2210.3499999999476,-121.65000000005239,0.10677042097405641
22052,202,1972.550000000003,2024-07-31,5,2477.550000000003,-289.9499999999971,0.20383039696474314
6760,5,1968.3500000000058,2022-10-13,6,2967.350000000006,192.35000000000582,0.3366640268252812
12035,84,1949.5499999999593,2023-06-01,9,2498.5499999999593,-156.45000000004075,0.21972744191631505
34931,17,1932.8499999999767,2026-02-06,9,1932.8499999999767,695.3499999999767,0.0
37273,13,1931.3499999999767,2026-05-18,9,1931.3499999999767,270.8499999999767,0.0
34865,21,1928.3499999999767,2026-02-04,-9,3530.3499999999767,-159.65000000002328,0.4537793703173936
27998,6,1923.3499999999767,2025-04-08,-7,1923.3499999999767,250.34999999997672,0.0
1264,2,1923.3499999999767,2022-02-24,9,1923.3499999999767,1153.8499999999767,0.0
29512,32,1922.8499999999767,2025-06-13,-8,3050.8499999999767,-13.150000000023283,0.3697330252224818
36779,32,1914.3499999999767,2026-04-28,-8,2566.3499999999767,306.3499999999767,0.25405731876010906
5065,97,1902.3499999999767,2022-08-03,10,2842.3499999999767,107.34999999997672,0.3307122627403408
22190,7,1896.8500000000058,2024-08-06,7,1896.8500000000058,601.8500000000058,0.0
36900,68,1889.0499999999884,2026-04-30,8,2193.0499999999884,9.049999999988358,0.13861973051230095
30854,115,1887.3500000000058,2025-08-12,8,1887.3500000000058,-128.64999999999418,0.0
33702,11,1883.8499999999767,2025-12-12,-10,3358.8499999999767,1558.8499999999767,0.4391383955818242
35642,70,1881.3500000000058,2026-03-09,8,1881.3500000000058,-418.6499999999942,0.0
22496,11,1878.3499999999476,2024-08-22,-5,1878.3499999999476,-54.15000000005239,0.0
35467,66,1872.8499999999767,2026-03-02,-6,2868.8499999999767,-209.15000000002328,0.3471774404378089
33247,138,1872.3500000000058,2025-11-24,4,1936.3500000000058,-375.6499999999942,0.03305187595217797
608,13,1866.7000000000116,2022-01-25,-8,1866.7000000000116,94.70000000001164,0.0
27134,1,1865.3499999999767,2025-03-03,-8,1865.3499999999767,1865.3499999999767,0.0
19239,52,1859.8500000000058,2024-04-02,-6,2168.850000000006,-183.14999999999418,0.14247181686146998
35648,52,1848.3499999999476,2026-03-09,9,3814.8499999999476,241.8499999999476,0.5154855367838911
5821,35,1842.7000000000116,2022-09-02,-10,3022.7000000000116,-87.29999999998836,0.39037946207033297
1231,51,1838.8500000000058,2022-02-23,-6,1838.8500000000058,200.85000000000582,0.0
22167,11,1836.4500000000116,2024-08-05,7,3778.9500000000116,-1383.5499999999884,0.5140316754654055
7837,36,1832.3500000000058,2022-11-30,6,1871.3500000000058,92.35000000000582,0.020840569642236823
28016,2,1828.3500000000058,2025-04-09,6,1828.3500000000058,721.3500000000058,0.0
578,6,1826.8499999999767,2022-01-24,8,1826.8499999999767,590.8499999999767,0.0
11242,99,1820.8500000000058,2023-04-27,5,2088.350000000006,-34.14999999999418,0.12809155553427312
15531,45,1806.8499999999767,2023-10-25,-8,2410.8499999999767,234.84999999997672,0.25053404400937673
34774,9,1800.8499999999767,2026-01-30,-8,1800.8499999999767,-59.15000000002328,0.0
32286,17,1800.3499999999767,2025-10-10,-10,3110.3499999999767,-104.65000000002328,0.4211744658961242
110,21,1795.3500000000058,2022-01-05,-7,2512.850000000006,157.35000000000582,0.28553236365083406
28020,8,1792.699999999997,2025-04-09,5,1792.699999999997,512.6999999999971,0.0
22105,32,1790.8499999999767,2024-08-01,-8,3414.8499999999767,-333.1500000000233,0.47556993718611684
34934,6,1783.8500000000058,2026-02-06,8,1783.8500000000058,-356.1499999999942,0.0
25573,14,1783.8499999999767,2024-12-27,-6,2386.8499999999767,-46.15000000002328,0.2526342250246165
36529,69,1782.8499999999767,2026-04-17,4,2162.8499999999767,-197.15000000002328,0.1756941073121132
597,29,1782.7000000000116,2022-01-25,-8,1782.7000000000116,-109.29999999998836,0.0
22237,4,1780.8500000000058,2024-08-08,8,1780.8500000000058,-71.14999999999418,0.0
6440,23,1780.3500000000058,2022-09-29,-9,2563.350000000006,686.8500000000058,0.30545965240798106
14005,88,1771.8500000000058,2023-08-23,8,2483.850000000006,67.85000000000582,0.2866517704370225
22686,70,1768.3499999999767,2024-08-29,10,2833.3499999999767,-6.650000000023283,0.3758801418815214
36177,3,1767.7000000000116,2026-03-31,8,3263.7000000000116,1767.7000000000116,0.45837546343107355
35640,30,1764.3500000000058,2026-03-09,8,1764.3500000000058,608.3500000000058,0.0
28471,23,1759.3500000000058,2025-04-30,3,1798.3500000000058,395.8500000000058,0.02168654600050039
9027,105,1758.8499999999476,2023-01-25,-8,2406.8499999999476,-229.1500000000524,0.26923156823234273
2946,7,1751.8499999999767,2022-05-05,-8,1751.8499999999767,67.84999999997672,0.0
34905,2,1750.8499999999767,2026-02-05,-7,1750.8499999999767,763.8499999999767,0.0
2358,8,1749.8499999999767,2022-04-12,8,1749.8499999999767,-242.15000000002328,0.0
37216,34,1748.8499999999185,2026-05-15,-7,2728.8499999999185,61.84999999991851,0.3591256390054526
28073,74,1746.7999999999884,2025-04-11,8,4202.799999999988,-1133.2000000000116,0.5843723232130976
28237,54,1741.8500000000058,2025-04-22,5,2411.850000000006,-218.14999999999418,0.2777950535895675
22529,6,1741.8500000000058,2024-08-23,6,1741.8500000000058,220.85000000000582,0.0
15455,39,1738.8499999999767,2023-10-23,10,2508.8499999999767,-31.150000000023283,0.30691352611754674
2782,58,1733.8500000000058,2022-04-28,5,2356.350000000006,188.85000000000582,0.264179769558851
29337,91,1733.3499999999767,2025-06-06,9,3069.8499999999767,-579.6500000000233,0.43536329136603097
28080,19,1730.8500000000058,2025-04-11,7,1730.8500000000058,-631.6499999999942,0.0
31356,61,1725.3499999999767,2025-09-02,-6,2145.3499999999767,-8.650000000023283,0.1957722516139579
2820,121,1721.3500000000058,2022-04-29,-3,1986.8500000000058,-317.1499999999942,0.1336286080982456
8328,50,1721.3499999999767,2022-12-22,-9,2207.3499999999767,-299.1500000000233,0.22017351122386805
28024,9,1719.8500000000058,2025-04-09,5,1719.8500000000058,29.85000000000582,0.0
28210,270,1719.8500000000058,2025-04-21,-3,2124.850000000006,-281.1499999999942,0.1906016895310252
26236,91,1716.7000000000116,2025-01-27,-4,2118.7000000000116,-233.29999999998836,0.18973899089063945
24073,49,1715.8500000000058,2024-10-23,-5,2245.850000000006,43.35000000000582,0.23599082752632572
2950,8,1714.8499999999767,2022-05-05,-8,1714.8499999999767,86.84999999997672,0.0
28029,14,1714.7999999999884,2025-04-09,8,4506.799999999988,-1001.2000000000116,0.6195082985710498
27225,59,1702.8499999999767,2025-03-06,-8,4138.849999999977,10.849999999976717,0.5885692885705
1275,9,1693.8499999999767,2022-02-24,9,1693.8499999999767,609.3499999999767,0.0
22032,43,1683.8499999999476,2024-07-30,-5,2218.8499999999476,-6.150000000052387,0.24111589336819192
1555,3,1679.3499999999767,2022-03-08,9,1679.3499999999767,860.3499999999767,0.0
22648,18,1676.7000000000116,2024-08-28,-8,2400.7000000000116,208.70000000001164,0.3015787062106871
34718,13,1671.3499999999767,2026-01-29,-10,2861.3499999999767,26.349999999976717,0.4158876055009033
2196,95,1659.3500000000058,2022-04-06,-4,1943.3500000000058,-22.64999999999418,0.14613939846141927
30662,147,1659.3500000000058,2025-08-04,5,2251.850000000006,-225.64999999999418,0.26311699269489464
35652,20,1653.3500000000058,2026-03-09,9,3480.350000000006,910.8500000000058,0.5249472035858453
25419,7,1649.7000000000116,2024-12-18,-4,2339.7000000000116,235.70000000001164,0.2949096037953569
22306,113,1647.3499999999913,2024-08-13,3,1974.3499999999913,-53.65000000000873,0.16562412946032945
28450,22,1644.7000000000116,2025-04-30,-7,2432.2000000000116,-332.79999999998836,0.3237809390675093
22210,7,1642.3499999999767,2024-08-07,9,1642.3499999999767,-175.65000000002328,0.0
4903,21,1634.5499999999884,2022-07-27,5,1954.5499999999884,44.54999999998836,0.1637205494870952
13456,114,1630.3499999999767,2023-08-02,-8,2050.3499999999767,-133.65000000002328,0.20484307557246556
18189,6,1623.3499999999767,2024-02-16,-10,2108.3499999999767,593.3499999999767,0.23003770721180325
30576,18,1622.7000000000116,2025-07-30,8,1930.7000000000116,842.7000000000116,0.15952763246490814
32292,65,1621.3499999999767,2025-10-13,9,1621.3499999999767,-52.65000000002328,0.0
13342,29,1618.7000000000116,2023-07-27,-6,2077.7000000000116,-229.29999999998836,0.22091736054290678
25417,14,1617.3500000000058,2024-12-18,-4,2023.3500000000058,-260.6499999999942,0.2006573257221928
33183,3,1617.3499999999767,2025-11-20,-9,1617.3499999999767,6.349999999976717,0.0
12732,114,1616.8500000000058,2023-06-30,5,2031.8500000000058,-58.14999999999418,0.20424736077958452
32291,117,1613.5,2025-10-13,10,3138.5,-646.5,0.4859009080771069
24733,9,1605.3499999999767,2024-11-20,-9,2365.8499999999767,30.349999999976717,0.32144895069425683
1267,5,1590.3500000000058,2022-02-24,8,1590.3500000000058,-329.6499999999942,0.0
35915,2,1583.8500000000058,2026-03-19,7,1583.8500000000058,897.8500000000058,0.0
36167,52,1578.8500000000058,2026-03-31,8,2794.850000000006,-1001.1499999999942,0.4350859616795168
5633,1,1571.3500000000058,2022-08-26,-6,1571.3500000000058,1571.3500000000058,0.0
32810,4,1569.8499999999767,2025-11-05,9,1569.8499999999767,237.84999999997672,0.0
29152,9,1566.8499999999767,2025-05-29,-8,1566.8499999999767,-133.15000000002328,0.0
35917,9,1565.8500000000058,2026-03-19,8,1565.8500000000058,-142.14999999999418,0.0
26247,43,1564.3500000000058,2025-01-27,6,2578.350000000006,-55.64999999999418,0.3932747687474539
34929,20,1562.8499999999767,2026-02-06,9,1562.8499999999767,-426.1500000000233,0.0
27788,4,1559.3499999999767,2025-03-31,9,1559.3499999999767,384.8499999999767,0.0
35777,34,1558.8500000000058,2026-03-13,8,1558.8500000000058,-625.1499999999942,0.0
497,4,1555.3499999999767,2022-01-20,9,1555.3499999999767,173.84999999997672,0.0
32758,106,1554.8499999999767,2025-11-04,-4,1892.8499999999767,-49.15000000002328,0.1785667115724987
6512,75,1554.3500000000058,2022-10-03,9,2602.850000000006,-403.1499999999942,0.4028276696697841
335,48,1545.1999999999825,2022-01-13,-7,1769.1999999999825,-344.80000000001746,0.12661089758082875
35646,10,1537.3500000000058,2026-03-09,6,1537.3500000000058,73.35000000000582,0.0
629,37,1534.8499999999767,2022-01-26,9,1534.8499999999767,-211.15000000002328,0.0
27041,6,1530.0499999999884,2025-02-27,-8,2514.0499999999884,1470.0499999999884,0.39140033014458925
22239,23,1529.8499999999767,2024-08-08,10,3324.8499999999767,19.849999999976717,0.5398739792772644
21688,58,1529.7000000000116,2024-07-17,-7,2051.2000000000116,59.70000000001164,0.2542414196567848
8657,48,1524.3500000000058,2023-01-06,10,2389.350000000006,9.35000000000582,0.3620231443698068
35650,17,1524.3500000000058,2026-03-09,7,1524.3500000000058,176.85000000000582,0.0
35605,39,1523.4000000000524,2026-03-06,-6,2438.4000000000524,-381.5999999999476,0.37524606299211793
22242,13,1514.8499999999767,2024-08-08,9,1514.8499999999767,187.34999999997672,0.0
797,12,1513.3499999999767,2022-02-04,-7,1513.3499999999767,36.34999999997672,0.0
26873,9,1512.8499999999185,2025-02-21,-10,2442.8499999999185,587.8499999999185,0.380702867552257
36178,5,1511.3500000000058,2026-03-31,7,1511.3500000000058,398.3500000000058,0.0
34902,24,1508.3499999999767,2026-02-05,-9,1508.3499999999767,-327.6500000000233,0.0
20484,59,1502.7000000000116,2024-05-24,7,1943.7000000000116,71.20000000001164,0.22688686525698273
18675,96,1489.3499999999476,2024-03-07,8,2333.3499999999476,17.349999999947613,0.3617117020592791
22245,3,1484.3500000000058,2024-08-08,8,1484.3500000000058,476.3500000000058,0.0
34906,2,1481.8499999999767,2026-02-05,-8,1481.8499999999767,605.8499999999767,0.0
34863,4,1477.3499999999767,2026-02-04,-7,1477.3499999999767,157.84999999997672,0.0
22169,3,1476.8500000000058,2024-08-05,5,1476.8500000000058,79.35000000000582,0.0
2676,6,1471.3500000000058,2022-04-25,8,1471.3500000000058,-152.64999999999418,0.0
27098,4,1466.3499999999767,2025-02-28,9,1466.3499999999767,557.3499999999767,0.0
27932,2,1458.8500000000058,2025-04-04,6,1458.8500000000058,1188.8500000000058,0.0
1272,18,1458.8500000000058,2022-02-24,8,1458.8500000000058,-461.1499999999942,0.0
15293,26,1455.7000000000407,2023-10-17,-8,2071.7000000000407,87.70000000004075,0.29734034850605195
5222,8,1454.850000000013,2022-08-10,3,1454.850000000013,-37.6499999999869,0.0
34867,11,1453.8499999999767,2026-02-04,-9,2862.3499999999767,1179.3499999999767,0.4920781875032793
34480,57,1449.3499999999767,2026-01-20,-6,2007.3499999999767,-317.6500000000233,0.27797842927242705
37277,4,1444.7000000000116,2026-05-18,6,1444.7000000000116,235.70000000001164,0.0
28523,95,1444.3499999999767,2025-05-02,10,2864.3499999999767,44.34999999997672,0.49574947195699254
24709,80,1441.199999999997,2024-11-19,5,1881.199999999997,-26.30000000000291,0.23389325962151855
19952,3,1437.2000000000116,2024-05-01,7,1990.2000000000116,1269.2000000000116,0.2778615214551285
37056,20,1433.3500000000058,2026-05-08,6,2303.350000000006,-63.64999999999418,0.37771072568215763
1639,41,1431.8500000000058,2022-03-11,-7,1547.3500000000058,-202.64999999999418,0.0746437457588778
15003,44,1431.8499999999767,2023-10-03,-8,2143.8499999999767,51.84999999997672,0.3321127877416833
632,3,1431.8499999999767,2022-01-26,8,1431.8499999999767,443.8499999999767,0.0
3974,69,1420.8500000000058,2022-06-16,-4,1900.8500000000058,76.85000000000582,0.2525186100954828
37425,186,1419.2499999999854,2026-05-25,5,2336.7499999999854,-48.25000000001455,0.3926393495239139
21619,18,1417.8499999999767,2024-07-15,10,2082.8499999999767,317.8499999999767,0.3192740715846112
33196,1,1410.3499999999767,2025-11-20,-7,1410.3499999999767,1410.3499999999767,0.0
27785,18,1407.8499999999767,2025-03-31,10,2712.8499999999767,557.8499999999767,0.48104392060011103
28588,7,1397.3500000000058,2025-05-06,6,1397.3500000000058,83.35000000000582,0.0
642,1,1392.3500000000058,2022-01-26,7,1392.3500000000058,1392.3500000000058,0.0
27171,47,1388.8500000000058,2025-03-04,5,2601.350000000006,-776.1499999999942,0.4661041382359149
37493,5,1386.3499999999767,2026-05-27,-4,1386.3499999999767,112.34999999997672,0.0
34689,8,1376.3499999999767,2026-01-28,-5,1376.3499999999767,-226.15000000002328,0.0
35587,4,1375.8499999999767,2026-03-05,-8,1375.8499999999767,355.8499999999767,0.0
20746,258,1373.8499999999985,2024-06-05,2,1385.8499999999985,-36.150000000001455,0.008658945773352104
579,9,1373.7000000000116,2022-01-24,10,3193.7000000000116,783.7000000000116,0.569871935372763
32990,17,1368.3499999999767,2025-11-13,-6,2403.3499999999767,-47.65000000002328,0.4306488859300601
1269,4,1367.8499999999767,2022-02-24,9,1367.8499999999767,-202.65000000002328,0.0
22206,16,1356.8500000000058,2024-08-07,7,1356.8500000000058,19.85000000000582,0.0
780,13,1353.3499999999767,2022-02-03,10,1353.3499999999767,423.3499999999767,0.0
27084,7,1351.3499999999767,2025-02-28,8,1351.3499999999767,-284.6500000000233,0.0
27403,3,1349.2000000000116,2025-03-13,-5,1349.2000000000116,259.20000000001164,0.0
1177,27,1346.3500000000058,2022-02-22,8,1346.3500000000058,-225.64999999999418,0.0
30589,22,1342.8499999999767,2025-07-31,-10,2542.8499999999767,-397.1500000000233,0.4719114379534817
960,4,1339.3499999999767,2022-02-11,8,1339.3499999999767,-232.65000000002328,0.0
12265,77,1336.3500000000058,2023-06-12,6,1732.3500000000058,28.35000000000582,0.2285912200190485
28495,1,1333.3499999999767,2025-05-01,-8,1333.3499999999767,1333.3499999999767,0.0
35647,7,1332.7000000000116,2026-03-09,8,1332.7000000000116,-811.2999999999884,0.0
327,14,1331.3499999999476,2022-01-13,-7,1793.3499999999476,988.3499999999476,0.25761842362060583
9759,44,1330.3499999999767,2023-02-24,-8,1830.3499999999767,-229.65000000002328,0.27317179774360445
32441,4,1324.3500000000058,2025-10-17,5,1324.3500000000058,-163.14999999999418,0.0
29144,20,1323.3499999999767,2025-05-29,-7,1323.3499999999767,-122.15000000002328,0.0
663,11,1320.8500000000058,2022-01-27,6,1320.8500000000058,93.85000000000582,0.0
13644,46,1319.6999999999825,2023-08-09,-8,1907.6999999999825,-376.30000000001746,0.30822456361063344
25888,14,1319.4000000000233,2025-01-10,-5,2011.9000000000233,-280.5999999999767,0.34420199811123414
26425,3,1319.3499999999767,2025-02-03,8,1319.3499999999767,1079.3499999999767,0.0
13327,237,1317.8500000000058,2023-07-27,4,1585.8500000000058,-58.14999999999418,0.16899454551187
5868,19,1314.8500000000058,2022-09-06,-5,1782.3500000000058,79.85000000000582,0.2622941622015869
27093,13,1314.8500000000058,2025-02-28,5,1314.8500000000058,162.35000000000582,0.0
28017,9,1312.8500000000058,2025-04-09,7,1312.8500000000058,-1403.1499999999942,0.0
22234,73,1311.3500000000204,2024-08-08,5,1311.3500000000204,-601.1499999999796,0.0
19565,44,1311.2000000000116,2024-04-15,-3,1620.2000000000116,90.20000000001164,0.19071719540797297
8128,4,1310.8499999999767,2022-12-13,-8,1310.8499999999767,158.84999999997672,0.0
6853,13,1307.7000000000116,2022-10-18,-10,2202.7000000000116,-122.29999999998836,0.4063195169564604
28047,147,1296.6499999999942,2025-04-10,-10,5861.649999999994,-2398.350000000006,0.7787909547652972
19319,22,1296.3500000000058,2024-04-04,-5,1636.3500000000058,-301.1499999999942,0.20777950927368766
18670,92,1292.3500000000058,2024-03-07,8,2032.3500000000058,12.35000000000582,0.36411051246094317
937,7,1291.3499999999767,2022-02-10,-9,1291.3499999999767,76.34999999997672,0.0
6978,8,1287.8500000000058,2022-10-24,-7,1287.8500000000058,-21.14999999999418,0.0
34866,9,1286.3499999999767,2026-02-04,-8,1286.3499999999767,-37.65000000002328,0.0
16825,7,1283.7000000000116,2023-12-20,-10,2268.7000000000116,778.7000000000116,0.43416934808480406
10792,16,1282.3499999999767,2023-04-10,-10,1577.3499999999767,-57.65000000002328,0.18702253780074451
7110,93,1278.8500000000058,2022-10-28,5,1278.8500000000058,-18.64999999999418,0.0
23808,120,1275.3500000000058,2024-10-14,4,1615.3500000000058,-40.64999999999418,0.21048070077692066
31386,34,1273.8500000000058,2025-09-02,4,1273.8500000000058,31.85000000000582,0.0
18508,23,1273.3499999999767,2024-02-29,10,1808.3499999999767,128.34999999997672,0.2958498078358763
155,34,1273.3499999999767,2022-01-06,8,1273.3499999999767,-82.65000000002328,0.0
29031,15,1272.8499999999767,2025-05-23,-5,1997.8499999999767,95.34999999997672,0.362890106864884
18909,65,1272.3500000000058,2024-03-18,7,2021.3500000000058,-78.64999999999418,0.3705444381230355
26353,15,1271.8499999999767,2025-01-30,-6,1271.8499999999767,-462.1500000000233,0.0
3177,79,1267.3500000000058,2022-05-13,5,2279.850000000006,-72.64999999999418,0.4441081650108548
21694,22,1266.3499999999767,2024-07-17,-7,2120.3499999999767,-231.65000000002328,0.4027636946730537
37129,16,1265.8499999999767,2026-05-12,-7,2119.8499999999767,-585.6500000000233,0.40285869283204445
34749,9,1264.3499999999767,2026-01-30,-8,1264.3499999999767,220.34999999997672,0.0
23692,28,1263.7000000000116,2024-10-08,7,1890.2000000000116,189.20000000001164,0.33144640778753365
2948,3,1262.8499999999767,2022-05-05,-8,1262.8499999999767,258.8499999999767,0.0
35929,1,1260.8500000000058,2026-03-19,8,1260.8500000000058,1260.8500000000058,0.0
27226,3,1257.0499999999884,2025-03-06,-5,1257.0499999999884,67.04999999998836,0.0
19985,18,1254.8499999999476,2024-05-02,9,1349.3499999999476,-410.1500000000524,0.07003371993923271
20694,11,1253.8499999999767,2024-06-03,-10,1963.8499999999767,-111.15000000002328,0.3615347404333368
22792,2,1246.3499999999767,2024-09-03,-8,1246.3499999999767,194.34999999997672,0.0
225,99,1245.350000000013,2022-01-10,-2,1460.350000000013,-38.6499999999869,0.14722498031293735
27786,5,1244.8499999999767,2025-03-31,9,1244.8499999999767,596.8499999999767,0.0
34828,15,1243.8499999999767,2026-02-03,-8,1243.8499999999767,-452.1500000000233,0.0
22104,3,1242.3499999999767,2024-08-01,-7,1242.3499999999767,160.84999999997672,0.0
29054,329,1242.050000000003,2025-05-26,4,1792.050000000003,-103.94999999999709,0.3069110794899691
609,10,1241.8499999999767,2022-01-25,-9,1241.8499999999767,-1170.1500000000233,0.0
22509,7,1241.3499999999767,2024-08-22,-8,1241.3499999999767,221.34999999997672,0.0
2359,12,1239.7000000000116,2022-04-12,10,2284.7000000000116,114.70000000001164,0.4573904670197377
3661,21,1239.3499999999767,2022-06-03,-10,2159.3499999999767,369.3499999999767,0.42605413666149994
34537,26,1238.3499999999767,2026-01-21,10,2683.3499999999767,-386.6500000000233,0.5385059720126009
33024,4,1237.3500000000058,2025-11-14,7,1237.3500000000058,187.35000000000582,0.0
21076,7,1229.5499999999884,2024-06-20,-9,1760.5499999999884,482.54999999998836,0.301610292238223
3815,64,1226.3500000000058,2022-06-09,-3,1454.3500000000058,-225.64999999999418,0.15677106611200817
9270,12,1222.8500000000058,2023-02-03,9,1222.8500000000058,57.35000000000582,0.0
21815,2,1221.8499999999767,2024-07-22,8,1221.8499999999767,193.84999999997672,0.0
36339,32,1219.3999999999942,2026-04-07,4,1351.3999999999942,-476.6000000000058,0.09767648364658914
32304,7,1218.7000000000116,2025-10-13,6,1218.7000000000116,9.700000000011642,0.0
33235,23,1218.3499999999767,2025-11-21,10,4043.3499999999767,98.34999999997672,0.698678076347587
1596,4,1218.3499999999767,2022-03-10,-8,1218.3499999999767,62.34999999997672,0.0
17724,44,1214.8499999999476,2024-01-29,8,1330.8499999999476,-105.15000000005239,0.08716233985798894
602,36,1213.3500000000058,2022-01-25,-7,1213.3500000000058,-249.64999999999418,0.0
36181,14,1212.3500000000058,2026-03-31,6,1212.3500000000058,9.35000000000582,0.0
19795,14,1208.2000000000116,2024-04-24,-5,1208.2000000000116,-69.29999999998836,0.0
33688,53,1206.8500000000058,2025-12-11,4,1334.8500000000058,-115.14999999999418,0.09589092407386555
19316,9,1202.5499999999884,2024-04-04,-5,1622.5499999999884,230.04999999998836,0.25885180734029956
16164,91,1201.3500000000058,2023-11-22,5,1526.3500000000058,-28.64999999999418,0.2129262619975751
26427,19,1198.8499999999767,2025-02-03,8,1198.8499999999767,-181.15000000002328,0.0
3555,7,1198.3499999999767,2022-05-31,-8,1198.3499999999767,-185.65000000002328,0.0
29464,6,1196.8499999999767,2025-06-11,-6,1196.8499999999767,215.84999999997672,0.0
34830,8,1195.3499999999767,2026-02-03,-8,1195.3499999999767,-180.65000000002328,0.0
31468,2,1191.7000000000116,2025-09-05,-8,1191.7000000000116,367.70000000001164,0.0
19756,42,1187.8500000000058,2024-04-23,5,1672.8500000000058,-107.14999999999418,0.2899243805481653
603,21,1187.3499999999476,2022-01-25,-8,1187.3499999999476,243.3499999999476,0.0
2965,4,1186.8499999999767,2022-05-05,-8,1186.8499999999767,466.8499999999767,0.0
1818,7,1186.3499999999767,2022-03-21,-8,1186.3499999999767,314.3499999999767,0.0
35780,5,1185.8500000000058,2026-03-13,7,1185.8500000000058,412.3500000000058,0.0
26429,15,1184.3499999999767,2025-02-03,8,1184.3499999999767,-459.6500000000233,0.0
19503,105,1182.3499999999985,2024-04-11,3,1380.3499999999985,-170.65000000000146,0.14344188068243577
34859,6,1180.3499999999767,2026-02-04,-6,1180.3499999999767,73.34999999997672,0.0
34777,14,1180.3499999999767,2026-01-30,-7,1180.3499999999767,14.849999999976717,0.0
26248,4,1179.3500000000058,2025-01-27,5,1179.3500000000058,61.85000000000582,0.0
34551,12,1177.3500000000058,2026-01-21,4,1177.3500000000058,-328.6499999999942,0.0
25978,8,1176.8499999999767,2025-01-14,-9,1176.8499999999767,51.84999999997672,0.0
37235,3,1174.3499999999767,2026-05-15,-5,1174.3499999999767,314.3499999999767,0.0
23398,8,1172.8499999999767,2024-09-26,-9,1991.8499999999767,20.849999999976717,0.4111755403268366
33775,31,1172.8499999999767,2025-12-16,8,1172.8499999999767,-371.1500000000233,0.0
16843,142,1171.3499999999767,2023-12-21,8,1695.3499999999767,23.349999999976717,0.3090807207951203
27080,6,1171.3499999999767,2025-02-28,8,1171.3499999999767,63.34999999997672,0.0
27659,19,1168.3499999999767,2025-03-26,-10,1843.3499999999767,-101.65000000002328,0.3661811376027388
37058,84,1165.8500000000058,2026-05-08,6,2023.8500000000058,-34.14999999999418,0.4239444622872236
6003,1,1164.7000000000116,2022-09-13,-8,1164.7000000000116,1164.7000000000116,0.0
1175,15,1164.3500000000058,2022-02-22,8,1164.3500000000058,-103.64999999999418,0.0
7367,42,1163.8499999999985,2022-11-10,2,1163.8499999999985,-102.15000000000146,0.0
37237,1,1163.2000000000116,2026-05-15,-5,1163.2000000000116,1163.2000000000116,0.0
3556,13,1158.7000000000116,2022-05-31,-10,2013.7000000000116,308.70000000001164,0.42459154789690373
8366,1,1155.8500000000058,2022-12-23,-7,1155.8500000000058,1155.8500000000058,0.0
32433,65,1155.3499999999767,2025-10-17,-4,1837.3499999999767,-250.65000000002328,0.37118676354532815
33701,4,1153.8499999999767,2025-12-12,-9,1153.8499999999767,-2.650000000023283,0.0
35932,16,1145.8500000000058,2026-03-19,7,1145.8500000000058,228.85000000000582,0.0
17756,12,1145.3499999999767,2024-01-30,-10,1220.3499999999767,-224.65000000002328,0.06145777850616744
29511,1,1145.25,2025-06-13,-7,1145.25,1145.25,0.0
7106,18,1144.8500000000058,2022-10-28,5,1674.8500000000058,-42.64999999999418,0.3164462489178124
8163,4,1143.8500000000058,2022-12-14,-5,1143.8500000000058,-123.64999999999418,0.0
14032,3,1141.3499999999767,2023-08-24,-9,1141.3499999999767,169.34999999997672,0.0
33071,3,1139.8499999999767,2025-11-17,-5,1139.8499999999767,292.3499999999767,0.0
26836,6,1138.8499999999476,2025-02-20,-5,1678.8499999999476,161.3499999999476,0.32164874765465457
35180,13,1138.0500000000175,2026-02-17,5,1138.0500000000175,-366.94999999998254,0.0
34716,3,1134.6999999999534,2026-01-29,-8,1134.6999999999534,210.69999999995343,0.0
10087,28,1132.8500000000058,2023-03-09,-6,1522.8500000000058,-4.149999999994179,0.2560987621893151
29338,13,1130.8499999999767,2025-06-06,8,1130.8499999999767,22.849999999976717,0.0
24918,6,1130.8499999999767,2024-11-27,-8,1130.8499999999767,58.84999999997672,0.0
2588,37,1129.3500000000058,2022-04-21,-4,1505.3500000000058,-44.64999999999418,0.24977579964792143
31467,10,1129.3499999999767,2025-09-05,-10,2259.3499999999767,449.3499999999767,0.5001438466815729
5662,6,1128.7000000000116,2022-08-29,8,1128.7000000000116,-111.29999999998836,0.0
27281,19,1127.3499999999767,2025-03-10,-8,1127.3499999999767,-260.6500000000233,0.0
37226,12,1125.8499999999767,2026-05-15,-6,1125.8499999999767,135.84999999997672,0.0
582,5,1124.8500000000058,2022-01-24,5,1124.8500000000058,107.35000000000582,0.0
1700,29,1121.3499999999767,2022-03-15,9,2507.3499999999767,369.8499999999767,0.5527748419646291
29141,36,1119.3499999999767,2025-05-29,-6,1119.3499999999767,-110.65000000002328,0.0
32801,23,1117.8499999999767,2025-11-05,8,1117.8499999999767,57.84999999997672,0.0
35118,8,1115.1999999999825,2026-02-13,5,1115.1999999999825,-264.80000000001746,0.0
35808,14,1113.7000000000116,2026-03-16,8,1113.7000000000116,-202.29999999998836,0.0
575,5,1112.199999999997,2022-01-24,5,1112.199999999997,19.69999999999709,0.0
27532,16,1111.8500000000058,2025-03-19,6,2032.8500000000058,-349.1499999999942,0.45305851390904267
27230,4,1108.8499999999767,2025-03-06,-7,1108.8499999999767,345.8499999999767,0.0
14058,1,1106.8499999999767,2023-08-25,9,1106.8499999999767,1106.8499999999767,0.0
14031,9,1106.749999999971,2023-08-24,-10,1801.749999999971,496.7499999999709,0.38573608991259123
33259,1,1104.7000000000116,2025-11-25,-5,1104.7000000000116,1104.7000000000116,0.0
1709,38,1104.3499999999476,2022-03-15,9,1716.3499999999476,24.349999999947613,0.3565706295336142
32297,38,1103.8500000000058,2025-10-13,6,1103.8500000000058,-216.14999999999418,0.0
757,16,1103.7000000000116,2022-02-02,-10,1348.7000000000116,728.7000000000116,0.18165640987617548
27782,3,1102.3499999999767,2025-03-31,9,1102.3499999999767,211.34999999997672,0.0
27133,3,1100.8499999999767,2025-03-03,-7,1100.8499999999767,152.34999999997672,0.0
35952,9,1099.3499999999767,2026-03-20,-7,1099.3499999999767,-83.65000000002328,0.0
23528,8,1092.8499999999767,2024-10-01,-8,1092.8499999999767,92.84999999997672,0.0
29030,8,1092.0499999999884,2025-05-23,-4,1092.0499999999884,-163.95000000001164,0.0
12844,47,1091.8500000000058,2023-07-06,-5,1481.8500000000058,-30.64999999999418,0.26318453284745313
640,4,1089.7000000000116,2022-01-26,7,1089.7000000000116,-44.29999999998836,0.0
10723,42,1088.8500000000058,2023-04-05,-5,1443.8500000000058,133.85000000000582,0.24587041590192787
6806,1,1088.3500000000058,2022-10-14,-6,1088.3500000000058,1088.3500000000058,0.0
15111,4,1087.3499999999767,2023-10-09,-8,1087.3499999999767,87.34999999997672,0.0
13678,16,1083.8500000000058,2023-08-10,8,1707.8500000000058,-140.14999999999418,0.3653716661299282
35921,9,1083.3500000000058,2026-03-19,6,1083.3500000000058,-104.64999999999418,0.0
14012,2,1082.8500000000058,2023-08-23,7,1082.8500000000058,-61.64999999999418,0.0
28451,3,1082.8499999999767,2025-04-30,-6,1082.8499999999767,404.8499999999767,0.0
27284,3,1082.3499999999767,2025-03-10,-7,1082.3499999999767,-93.65000000002328,0.0
3268,59,1079.3500000000058,2022-05-18,-6,1715.3500000000058,-27.64999999999418,0.3707698137406348
33192,1,1078.3499999999767,2025-11-20,-9,1078.3499999999767,1078.3499999999767,0.0
36165,13,1077.3500000000058,2026-03-31,5,1077.3500000000058,-162.64999999999418,0.0
35812,13,1076.3500000000058,2026-03-16,8,1076.3500000000058,-179.64999999999418,0.0
33398,41,1076.3500000000058,2025-12-02,5,1506.3500000000058,-126.14999999999418,0.2854582268397108
10909,112,1073.8500000000058,2023-04-13,10,1648.8500000000058,-461.1499999999942,0.34872790126451647
27290,3,1073.8500000000058,2025-03-10,-4,1073.8500000000058,441.8500000000058,0.0
33218,4,1072.1999999999825,2025-11-21,5,1072.1999999999825,47.19999999998254,0.0
35115,4,1070.3500000000058,2026-02-13,5,1070.3500000000058,302.8500000000058,0.0
3153,3,1068.8500000000058,2022-05-12,6,1068.8500000000058,156.85000000000582,0.0
27779,5,1067.7000000000116,2025-03-31,8,1067.7000000000116,203.70000000001164,0.0
34773,9,1067.3499999999767,2026-01-30,-7,1067.3499999999767,17.349999999976717,0.0
27994,7,1066.8499999999767,2025-04-08,-9,1066.8499999999767,-1061.6500000000233,0.0
27130,15,1066.5499999999884,2025-03-03,-10,2471.5499999999884,661.5499999999884,0.5684691792599812
36229,11,1064.3500000000058,2026-04-02,4,1834.3500000000058,-237.64999999999418,0.4197672199961826
28522,9,1063.8499999999767,2025-05-02,9,1063.8499999999767,-191.65000000002328,0.0
151,23,1063.8499999999767,2022-01-06,8,1063.8499999999767,59.84999999997672,0.0
29560,104,1063.7000000000116,2025-06-16,8,2159.7000000000116,-172.29999999998836,0.5074778904477446
33125,5,1062.8500000000058,2025-11-18,5,1062.8500000000058,350.3500000000058,0.0
25123,25,1062.3499999999476,2024-12-06,7,1464.8499999999476,-78.65000000005239,0.27477216097212304
31191,49,1059.3500000000058,2025-08-26,8,1123.3500000000058,-32.64999999999418,0.05697244847999258
33699,10,1059.3499999999767,2025-12-12,-8,1059.3499999999767,59.34999999997672,0.0
2439,41,1057.8499999999767,2022-04-14,-8,1337.8499999999767,5.849999999976717,0.20929102664723614
22155,21,1055.699999999997,2024-08-05,7,2819.699999999997,296.1999999999971,0.62559846792212
32905,24,1053.3500000000058,2025-11-07,6,1071.3500000000058,-338.6499999999942,0.0168012320903532
26413,24,1050.3499999999767,2025-02-03,8,1050.3499999999767,-81.65000000002328,0.0
22788,3,1048.3499999999767,2024-09-03,-7,1048.3499999999767,281.8499999999767,0.0
33072,37,1047.8499999999767,2025-11-17,-6,2166.8499999999767,369.8499999999767,0.5164178415672576
7194,4,1047.6999999999935,2022-11-02,4,1047.6999999999935,-184.30000000000655,0.0
17440,29,1047.3499999999767,2024-01-17,-8,1723.3499999999767,-384.6500000000233,0.39225926248296
3238,92,1046.3500000000058,2022-05-17,5,1738.8500000000058,131.35000000000582,0.39825171808954063
34820,3,1043.3499999999767,2026-02-03,-8,1043.3499999999767,587.3499999999767,0.0
35928,6,1041.8500000000058,2026-03-19,7,1041.8500000000058,-235.64999999999418,0.0
35265,2,1038.3500000000058,2026-02-20,4,1038.3500000000058,208.35000000000582,0.0
35178,2,1038.3500000000058,2026-02-17,7,1038.3500000000058,586.8500000000058,0.0
35546,176,1036.8500000000058,2026-03-04,2,1356.8500000000058,-91.14999999999418,0.2358403655525656
8751,1,1036.2000000000407,2023-01-12,-9,1036.2000000000407,1036.2000000000407,0.0
456,4,1035.3499999999767,2022-01-19,8,1035.3499999999767,27.349999999976717,0.0
32334,11,1034.3499999999767,2025-10-14,-5,1034.3499999999767,-93.15000000002328,0.0
37499,5,1032.6999999998952,2026-05-27,-7,1032.6999999998952,-675.3000000001048,0.0
19629,36,1032.3500000000058,2024-04-17,-5,1582.3500000000058,-20.14999999999418,0.34758428919012735
9155,10,1027.7000000000116,2023-01-31,8,1027.7000000000116,99.70000000001164,0.0
239,24,1026.8499999999767,2022-01-10,8,2042.8499999999767,214.84999999997672,0.49734439630908367
1362,14,1026.8499999999767,2022-03-01,-8,1026.8499999999767,-445.1500000000233,0.0
1509,98,1025.3500000000058,2022-03-07,-2,1059.3500000000058,-135.64999999999418,0.032095152687968864
27228,3,1025.3499999999767,2025-03-06,-7,1025.3499999999767,195.84999999997672,0.0
37280,1,1024.3500000000058,2026-05-18,5,1024.3500000000058,1024.3500000000058,0.0
4531,12,1024.2000000000116,2022-07-11,-7,1643.7000000000116,712.7000000000116,0.37689359372147935
32319,9,1022.3499999999767,2025-10-14,-7,1022.3499999999767,255.84999999997672,0.0
30664,100,1020.3500000000058,2025-08-04,5,1030.3500000000058,-27.14999999999418,0.00970543989906337
36358,5,1020.3499999999767,2026-04-08,-8,1020.3499999999767,-19.650000000023283,0.0
36700,1,1019.8499999999767,2026-04-23,-9,1019.8499999999767,1019.8499999999767,0.0
9346,11,1019.3500000000058,2023-02-07,10,1779.3500000000058,184.35000000000582,0.42712226374799644
27394,4,1019.0499999999593,2025-03-13,-5,1019.0499999999593,-303.45000000004075,0.0
1273,8,1018.8500000000058,2022-02-24,9,1018.8500000000058,-920.6499999999942,0.0
24197,62,1018.3499999999767,2024-10-29,10,1908.3499999999767,-201.65000000002328,0.46637147273823504
638,50,1017.8499999999767,2022-01-26,10,2987.8499999999767,-592.1500000000233,0.6593369814415099
6005,1,1017.7000000000116,2022-09-13,-8,1017.7000000000116,1017.7000000000116,0.0
32045,133,1015.3500000000058,2025-10-01,3,1160.8500000000058,133.35000000000582,0.1253391911099619
756,1,1014.1000000000058,2022-02-02,-8,1014.1000000000058,1014.1000000000058,0.0
26421,3,1013.8500000000058,2025-02-03,5,1013.8500000000058,-128.64999999999418,0.0
935,5,1012.8499999999767,2022-02-10,-8,1012.8499999999767,-3.150000000023283,0.0
6961,7,1009.8500000000058,2022-10-21,8,1009.8500000000058,201.85000000000582,0.0
26381,8,1008.8499999999767,2025-01-31,-7,1008.8499999999767,224.84999999997672,0.0
10393,2,1008.3499999999767,2023-03-22,-8,1008.3499999999767,312.3499999999767,0.0
27926,2,1006.3500000000058,2025-04-04,4,1006.3500000000058,330.3500000000058,0.0
3308,2,1003.8500000000058,2022-05-19,5,1003.8500000000058,101.35000000000582,0.0
27306,13,1003.8500000000058,2025-03-11,5,1003.8500000000058,-158.64999999999418,0.0
13577,52,1003.7000000000116,2023-08-04,-7,1343.2000000000116,48.20000000001164,0.2527546158427614
26416,9,1002.8500000000058,2025-02-03,7,1002.8500000000058,-26.14999999999418,0.0
5790,21,998.3499999999476,2022-09-01,10,1078.3499999999476,333.3499999999476,0.07418741595957146
25574,5,996.3499999999767,2024-12-27,-5,996.3499999999767,131.34999999997672,0.0
23672,4,995.8499999999767,2024-10-07,-8,995.8499999999767,271.8499999999767,0.0
18258,22,995.5499999999884,2024-02-20,-5,1313.0499999999884,288.04999999998836,0.24180343475115404
32669,22,994.8499999999767,2025-10-30,-5,1757.3499999999767,-17.650000000023283,0.43389193956810546
8956,66,994.3500000000058,2023-01-20,5,1064.3500000000058,-55.64999999999418,0.0657678395264712
28170,18,994.3499999999767,2025-04-16,-6,1843.3499999999767,133.34999999997672,0.4605744975181114
115,22,992.3499999999476,2022-01-05,-7,992.3499999999476,-64.65000000005239,0.0
19923,4,991.7000000000116,2024-04-30,-10,1771.7000000000116,141.70000000001164,0.440255122199015
34819,3,991.25,2026-02-03,-9,1850.75,743.75,0.4644063217614481
32904,6,990.8500000000058,2025-11-07,5,990.8500000000058,235.85000000000582,0.0
12447,19,989.8500000000058,2023-06-20,8,989.8500000000058,213.85000000000582,0.0
34818,3,989.8499999999767,2026-02-03,-4,989.8499999999767,219.84999999997672,0.0
22696,16,989.8499999999767,2024-08-29,9,989.8499999999767,-90.15000000002328,0.0
19691,29,988.3499999999767,2024-04-19,9,988.3499999999767,-132.15000000002328,0.0
5451,39,985.3500000000058,2022-08-19,-6,1315.3500000000058,142.35000000000582,0.2508837951875915
27864,6,984.3499999999767,2025-04-02,-5,984.3499999999767,106.84999999997672,0.0
17033,16,983.6999999999825,2024-01-02,-7,1340.6999999999825,-69.80000000001746,0.26627880957709005
2410,67,983.3499999999767,2022-04-13,8,1675.3499999999767,-548.6500000000233,0.4130480198167604
32306,31,982.3500000000058,2025-10-13,8,982.3500000000058,-425.6499999999942,0.0
27438,5,980.3500000000058,2025-03-14,6,980.3500000000058,152.35000000000582,0.0
31448,126,980.3499999999913,2025-09-04,3,1008.8499999999913,-159.65000000000873,0.028249987609654803
25783,1,980.2000000000116,2025-01-07,-7,980.2000000000116,980.2000000000116,0.0
36075,106,979.3499999999767,2026-03-26,-6,3610.3499999999767,-454.6500000000233,0.7287382109767798
32403,5,979.3499999999767,2025-10-16,-9,2086.3499999999767,-15.150000000023283,0.5305917032137524
12159,13,979.0500000000029,2023-06-07,-6,1246.050000000003,37.05000000000291,0.2142771156855659
34636,129,978.1999999999971,2026-01-26,5,1773.199999999997,58.19999999999709,0.4483419806000459
35120,8,977.8500000000058,2026-02-13,5,977.8500000000058,-267.1499999999942,0.0
22106,6,977.7000000000116,2024-08-01,-6,977.7000000000116,338.70000000001164,0.0
32266,2,977.7000000000116,2025-10-10,-8,977.7000000000116,-42.29999999998836,0.0
32300,4,976.5499999999884,2025-10-13,5,976.5499999999884,16.54999999998836,0.0
636,18,975.3499999999767,2022-01-26,8,975.3499999999767,-860.6500000000233,0.0
28379,8,973.8499999999767,2025-04-28,-9,973.8499999999767,82.84999999997672,0.0
1553,1,973.7000000000116,2022-03-08,8,973.7000000000116,973.7000000000116,0.0
32322,7,972.3499999999767,2025-10-14,-8,972.3499999999767,244.34999999997672,0.0
22170,10,970.8500000000058,2024-08-05,6,970.8500000000058,-1096.1499999999942,0.0
6976,40,970.8500000000058,2022-10-24,-5,970.8500000000058,-139.14999999999418,0.0
2992,12,969.3500000000058,2022-05-06,-6,969.3500000000058,-437.6499999999942,0.0
23017,7,968.6999999999825,2024-09-11,-5,968.6999999999825,-293.80000000001746,0.0
10394,14,967.7000000000116,2023-03-22,-10,1587.7000000000116,232.70000000001164,0.39050198400201264
30050,32,966.8500000000058,2025-07-09,4,1214.8500000000058,-157.14999999999418,0.20414042885952902
23846,4,966.7000000000116,2024-10-15,-6,966.7000000000116,-107.29999999998836,0.0
37156,3,965.8499999999767,2026-05-13,-6,965.8499999999767,-774.1500000000233,0.0
8551,4,965.8499999999767,2023-01-03,-8,965.8499999999767,89.84999999997672,0.0
799,13,965.3499999999767,2022-02-04,-10,2370.3499999999767,-469.6500000000233,0.5927394688548163
37502,5,964.2000000000116,2026-05-27,-5,964.2000000000116,26.70000000001164,0.0
2678,28,963.8499999999767,2022-04-25,10,1368.8499999999767,143.84999999997672,0.29586879497388824
11179,5,963.3499999999767,2023-04-25,-8,963.3499999999767,-0.6500000000232831,0.0
32893,35,963.3499999999767,2025-11-07,-4,1617.3499999999767,133.34999999997672,0.4043651652394407
16125,39,959.3499999999767,2023-11-21,-8,1319.3499999999767,-152.65000000002328,0.2728616364118743
1527,34,957.3500000000058,2022-03-08,6,957.3500000000058,126.35000000000582,0.0
27128,20,957.3499999999767,2025-03-03,-5,957.3499999999767,-122.65000000002328,0.0
3276,5,956.3499999999767,2022-05-18,-9,956.3499999999767,-20.150000000023283,0.0
28519,41,955.8500000000058,2025-05-02,7,955.8500000000058,-556.1499999999942,0.0
9490,8,954.7000000000116,2023-02-14,-10,1579.7000000000116,179.70000000001164,0.3956447426726564
3020,6,952.8500000000058,2022-05-06,-6,952.8500000000058,91.85000000000582,0.0
32839,7,952.8499999999767,2025-11-06,-6,1588.8499999999767,508.8499999999767,0.4002895175756109
11849,10,952.7000000000116,2023-05-24,6,952.7000000000116,-10.299999999988358,0.0
1524,8,952.3500000000058,2022-03-08,6,952.3500000000058,193.35000000000582,0.0
28924,12,950.8499999999767,2025-05-20,-8,950.8499999999767,6.849999999976717,0.0
22238,1,946.8499999999476,2024-08-08,9,946.8499999999476,946.8499999999476,0.0
31939,3,946.7000000000116,2025-09-26,-6,946.7000000000116,46.70000000001164,0.0
33160,12,945.9500000000116,2025-11-19,5,1053.4500000000116,-179.04999999998836,0.10204565949973783
27265,35,944.3999999999942,2025-03-07,6,1859.3999999999942,-855.6000000000058,0.492094223943209
26291,87,943.8500000000058,2025-01-28,5,1588.8500000000058,98.85000000000582,0.4059539918809187
9267,3,942.8500000000058,2023-02-03,6,942.8500000000058,189.85000000000582,0.0
27308,9,941.8500000000058,2025-03-11,5,941.8500000000058,171.85000000000582,0.0
32264,1,941.7000000000116,2025-10-10,-8,941.7000000000116,941.7000000000116,0.0
2182,15,941.3499999999767,2022-04-05,-8,941.3499999999767,-22.650000000023283,0.0
994,16,939.7000000000116,2022-02-14,6,939.7000000000116,0.7000000000116415,0.0
34870,1,939.3499999999767,2026-02-04,-6,939.3499999999767,939.3499999999767,0.0
1181,3,938.8500000000058,2022-02-22,9,938.8500000000058,29.85000000000582,0.0
2453,17,938.8500000000058,2022-04-18,8,938.8500000000058,-245.14999999999418,0.0
2953,4,936.8500000000058,2022-05-05,-7,936.8500000000058,194.85000000000582,0.0
22691,1,936.8499999999767,2024-08-29,9,936.8499999999767,936.8499999999767,0.0
27784,13,935.8499999999767,2025-03-31,9,935.8499999999767,-184.65000000002328,0.0
26881,3,934.8499999999767,2025-02-21,-9,934.8499999999767,241.84999999997672,0.0
3690,3,931.8500000000058,2022-06-06,7,931.8500000000058,361.3500000000058,0.0
30575,1,931.3500000000058,2025-07-30,6,931.3500000000058,931.3500000000058,0.0
35586,15,929.9000000000815,2026-03-05,-9,2324.9000000000815,749.9000000000815,0.6000258075615945
27890,46,929.8500000000058,2025-04-03,5,929.8500000000058,-17.64999999999418,0.0
22247,19,929.8499999999767,2024-08-08,10,1259.8499999999767,229.84999999997672,0.2619359447553329
36859,1,929.5499999999593,2026-04-29,-4,929.5499999999593,929.5499999999593,0.0
27095,7,928.8499999999767,2025-02-28,8,928.8499999999767,32.84999999997672,0.0
30750,17,927.3499999999767,2025-08-07,-8,927.3499999999767,-544.6500000000233,0.0
30723,26,925.8500000000058,2025-08-06,7,925.8500000000058,71.85000000000582,0.0
1402,26,925.3500000000058,2022-03-02,7,925.3500000000058,127.35000000000582,0.0
27747,32,924.8500000000058,2025-03-28,-2,1139.8500000000058,-25.14999999999418,0.18862130982146677
27649,7,921.7000000000116,2025-03-26,-8,921.7000000000116,-378.29999999998836,0.0
14079,4,921.7000000000116,2023-08-25,8,921.7000000000116,5.7000000000116415,0.0
26422,1,920.8500000000058,2025-02-03,6,920.8500000000058,920.8500000000058,0.0
2713,15,920.8500000000058,2022-04-27,8,920.8500000000058,144.85000000000582,0.0
22688,37,919.3499999999767,2024-08-29,8,919.3499999999767,-144.65000000002328,0.0
35641,29,918.8500000000058,2026-03-09,9,2822.350000000006,-804.6499999999942,0.6744379683596988
3348,31,917.8500000000058,2022-05-20,-3,1313.8500000000058,-73.64999999999418,0.3014042698938222
26525,5,916.4000000000524,2025-02-07,-6,916.4000000000524,61.40000000005239,0.0
4239,39,916.3500000000058,2022-06-28,-3,1181.8500000000058,-135.14999999999418,0.2246477979439004
28169,5,914.3499999999767,2025-04-16,-5,914.3499999999767,-90.65000000002328,0.0
27423,43,912.2000000000116,2025-03-14,7,1860.7000000000116,-253.29999999998836,0.5097543935078165
5785,6,910.3500000000058,2022-09-01,7,910.3500000000058,290.8500000000058,0.0
1535,2,909.8500000000058,2022-03-08,6,909.8500000000058,-20.14999999999418,0.0
24113,141,909.3499999999913,2024-10-25,2,1101.3499999999913,-63.65000000000873,0.1743315022472434
36943,15,907.8499999999767,2026-05-04,-5,907.8499999999767,-347.1500000000233,0.0
19920,7,907.8499999999767,2024-04-30,-9,907.8499999999767,-64.15000000002328,0.0
10213,21,907.2000000000116,2023-03-15,-5,907.2000000000116,-207.79999999998836,0.0
1724,2,903.4000000000233,2022-03-16,-8,903.4000000000233,-260.5999999999767,0.0
2700,3,903.3499999999767,2022-04-26,-8,903.3499999999767,151.34999999997672,0.0
19344,2,903.3499999999767,2024-04-05,9,903.3499999999767,300.3499999999767,0.0
1262,1,901.3500000000058,2022-02-24,6,901.3500000000058,901.3500000000058,0.0
586,4,900.8499999999767,2022-01-24,9,900.8499999999767,90.84999999997672,0.0
7312,3,899.8500000000058,2022-11-08,-8,899.8500000000058,195.85000000000582,0.0
16109,97,899.3500000000058,2023-11-20,5,1146.8500000000058,44.35000000000582,0.2158085189867888
25618,1,898.7000000000116,2024-12-30,-8,898.7000000000116,898.7000000000116,0.0
3312,11,896.3500000000058,2022-05-19,8,896.3500000000058,-363.6499999999942,0.0
9327,1,896.3500000000058,2023-02-07,8,896.3500000000058,896.3500000000058,0.0
28376,7,896.3499999999767,2025-04-28,-7,896.3499999999767,-31.150000000023283,0.0
666,11,894.5499999999884,2022-01-27,5,894.5499999999884,-415.45000000001164,0.0
1726,4,893.8499999999767,2022-03-16,-9,893.8499999999767,142.34999999997672,0.0
22215,6,893.3500000000058,2024-08-07,6,893.3500000000058,218.35000000000582,0.0
12199,4,890.8499999999767,2023-06-08,9,890.8499999999767,251.84999999997672,0.0
24198,2,890.7000000000116,2024-10-29,8,890.7000000000116,-41.29999999998836,0.0
3176,3,889.3500000000058,2022-05-13,4,889.3500000000058,405.3500000000058,0.0
5059,14,888.7000000000116,2022-08-03,10,1688.7000000000116,-581.2999999999884,0.47373719429146355
28145,69,887.8499999999767,2025-04-16,-5,887.8499999999767,32.84999999997672,0.0
30725,3,886.8499999999767,2025-08-06,8,886.8499999999767,-45.15000000002328,0.0
36175,19,885.8500000000058,2026-03-31,5,885.8500000000058,-146.64999999999418,0.0
22689,20,884.8499999999767,2024-08-29,9,884.8499999999767,-802.6500000000233,0.0
27285,12,884.8499999999767,2025-03-10,-8,884.8499999999767,-687.1500000000233,0.0
19693,11,882.3499999999767,2024-04-19,9,882.3499999999767,63.34999999997672,0.0
19349,7,882.3499999999767,2024-04-05,8,882.3499999999767,274.3499999999767,0.0
22934,26,881.3499999999767,2024-09-09,9,881.3499999999767,-261.6500000000233,0.0
1172,4,880.3500000000058,2022-02-22,8,880.3500000000058,-67.64999999999418,0.0
1594,1,880.3499999999767,2022-03-10,-8,880.3499999999767,880.3499999999767,0.0
1702,2,879.8500000000058,2022-03-15,7,879.8500000000058,330.3500000000058,0.0
19523,16,879.3499999999767,2024-04-12,-10,1529.3499999999767,-125.65000000002328,0.42501716415471275
34900,1,879.2000000000116,2026-02-05,-7,879.2000000000116,879.2000000000116,0.0
29187,14,878.3500000000058,2025-05-30,-4,1368.3500000000058,46.35000000000582,0.3580955164979705
19533,25,878.3499999999767,2024-04-12,-10,1488.3499999999767,298.3499999999767,0.4098498337084755
22208,11,877.3499999999476,2024-08-07,9,877.3499999999476,89.84999999994761,0.0
5789,8,876.3500000000058,2022-09-01,9,876.3500000000058,-68.64999999999418,0.0
11673,61,875.8500000000058,2023-05-17,5,1198.3500000000058,-46.64999999999418,0.2691200400550744
36349,1,875.8499999999767,2026-04-08,-8,875.8499999999767,875.8499999999767,0.0
23522,1,875.0499999999884,2024-10-01,-8,875.0499999999884,875.0499999999884,0.0
695,15,873.8500000000058,2022-01-28,5,873.8500000000058,-328.6499999999942,0.0
931,2,873.7000000000116,2022-02-10,-8,873.7000000000116,461.70000000001164,0.0
25615,10,873.7000000000116,2024-12-30,-8,873.7000000000116,29.70000000001164,0.0
911,15,873.7000000000116,2022-02-10,-10,1648.7000000000116,73.70000000001164,0.4700673257718169
33883,5,872.3500000000058,2025-12-19,5,872.3500000000058,-85.14999999999418,0.0
1533,28,872.2000000000116,2022-03-08,5,872.2000000000116,-265.29999999998836,0.0
31466,1,871.8500000000349,2025-09-05,-9,871.8500000000349,871.8500000000349,0.0
32328,12,871.8499999999767,2025-10-14,-8,871.8499999999767,-120.15000000002328,0.0
12530,40,871.3500000000058,2023-06-22,8,883.3500000000058,-332.6499999999942,0.01358464934623866
929,6,869.3499999999767,2022-02-10,-9,869.3499999999767,-102.65000000002328,0.0
3400,30,868.8499999999476,2022-05-24,-8,868.8499999999476,-535.1500000000524,0.0
22406,122,868.3499999999913,2024-08-19,2,930.3499999999913,-2.650000000008731,0.06664158649970504
25841,5,868.2000000000116,2025-01-08,5,868.2000000000116,38.20000000001164,0.0
19822,4,867.8499999999767,2024-04-25,9,867.8499999999767,210.84999999997672,0.0
33828,18,867.8499999999767,2025-12-17,-7,867.8499999999767,-80.65000000002328,0.0
8553,4,867.8499999999767,2023-01-03,-9,867.8499999999767,156.84999999997672,0.0
35814,6,867.3500000000058,2026-03-16,8,867.3500000000058,391.3500000000058,0.0
36701,5,867.3499999999767,2026-04-23,-10,2527.3499999999767,867.3499999999767,0.6568144499179043
22793,12,867.3499999999767,2024-09-03,-9,1587.3499999999767,-10.150000000023283,0.4535861656219552
604,10,866.3499999999767,2022-01-25,-9,866.3499999999767,-722.1500000000233,0.0
5673,7,865.8500000000058,2022-08-29,8,865.8500000000058,85.85000000000582,0.0
28511,20,865.3500000000058,2025-05-02,7,865.3500000000058,245.85000000000582,0.0
30637,4,865.3500000000058,2025-08-01,6,865.3500000000058,88.35000000000582,0.0
23031,98,864.3499999999913,2024-09-11,1,901.3499999999913,114.34999999999127,0.041049536805902655
10760,34,863.8500000000058,2023-04-06,7,1248.8500000000058,34.35000000000582,0.30828362093125533
28956,58,863.3500000000058,2025-05-21,5,1473.3500000000058,-224.14999999999418,0.41402246580920865
18311,6,862.8499999999767,2024-02-21,-9,862.8499999999767,16.849999999976717,0.0
30596,2,861.8499999999767,2025-07-31,-8,861.8499999999767,289.8499999999767,0.0
27267,6,858.8500000000058,2025-03-07,4,858.8500000000058,-113.14999999999418,0.0
908,1,858.7999999999702,2022-02-10,-8,858.7999999999702,858.7999999999702,0.0
2957,7,858.7000000000116,2022-05-05,-6,858.7000000000116,99.70000000001164,0.0
1360,8,858.7000000000116,2022-03-01,-5,858.7000000000116,216.20000000001164,0.0
22789,10,857.7000000000116,2024-09-03,-9,1523.7000000000116,412.20000000001164,0.43709391612521814
2720,3,856.8500000000058,2022-04-27,8,856.8500000000058,48.85000000000582,0.0
26056,20,856.7000000000116,2025-01-16,-8,1392.7000000000116,308.70000000001164,0.38486393336683816
2671,4,856.3500000000058,2022-04-25,7,856.3500000000058,-67.64999999999418,0.0
32195,69,856.3500000000058,2025-10-08,5,931.3500000000058,-41.14999999999418,0.08052826542116233
35864,4,856.0499999999884,2026-03-18,-6,856.0499999999884,-145.95000000001164,0.0
30585,1,855.1999999999825,2025-07-31,-5,855.1999999999825,855.1999999999825,0.0
9240,2,854.7000000000116,2023-02-02,-8,854.7000000000116,-77.29999999998836,0.0
26970,8,853.8499999999767,2025-02-25,9,853.8499999999767,-145.15000000002328,0.0
7370,2,853.7000000000116,2022-11-10,6,853.7000000000116,382.70000000001164,0.0
22054,103,851.8500000000058,2024-07-31,5,1639.3500000000058,-460.6499999999942,0.48037331869338284
2164,5,850.8499999999767,2022-04-05,-9,850.8499999999767,72.34999999997672,0.0
1178,5,850.6999999999825,2022-02-22,10,2040.6999999999825,695.6999999999825,0.5831332385946049
2456,3,850.2000000000116,2022-04-18,7,850.2000000000116,-35.29999999998836,0.0
26973,3,849.2000000000116,2025-02-25,7,849.2000000000116,177.20000000001164,0.0
2730,1,848.3500000000058,2022-04-27,7,848.3500000000058,848.3500000000058,0.0
22674,3,847.3499999999767,2024-08-28,-6,847.3499999999767,355.3499999999767,0.0
5265,6,846.7000000000116,2022-08-11,-8,846.7000000000116,-57.29999999998836,0.0
37130,6,844.3499999999767,2026-05-12,-6,844.3499999999767,97.34999999997672,0.0
33703,1,843.6999999999534,2025-12-12,-8,843.6999999999534,843.6999999999534,0.0
33000,8,843.3499999999767,2025-11-13,-5,843.3499999999767,-101.65000000002328,0.0
16726,21,843.3499999999767,2023-12-14,-8,1711.3499999999767,351.3499999999767,0.5072019166155444
356,3,842.7000000000116,2022-01-14,8,842.7000000000116,426.70000000001164,0.0
15953,14,841.8499999999985,2023-11-14,2,977.8499999999985,-10.150000000001455,0.13908063608937996
2672,23,841.3500000000058,2022-04-25,8,841.3500000000058,-738.6499999999942,0.0
29158,16,840.8499999999767,2025-05-29,-5,840.8499999999767,115.84999999997672,0.0
25736,88,839.8500000000058,2025-01-03,4,1307.8500000000058,119.85000000000582,0.35783920174331757
19734,4,839.3499999999767,2024-04-22,8,839.3499999999767,11.349999999976717,0.0
22798,6,838.8499999999767,2024-09-03,-8,838.8499999999767,246.84999999997672,0.0
27191,5,836.8500000000058,2025-03-05,-3,836.8500000000058,26.85000000000582,0.0
25480,21,836.3500000000058,2024-12-20,7,836.3500000000058,-206.64999999999418,0.0
27205,16,835.8500000000058,2025-03-05,5,835.8500000000058,-341.6499999999942,0.0
26540,5,835.8499999999767,2025-02-07,-8,835.8499999999767,-56.15000000002328,0.0
2718,5,835.7000000000116,2022-04-27,6,835.7000000000116,190.70000000001164,0.0
22693,5,834.7000000000116,2024-08-29,8,834.7000000000116,-193.29999999998836,0.0
9469,94,834.3500000000058,2023-02-13,5,1261.8500000000058,-230.64999999999418,0.33878828703886993
14013,12,832.8500000000058,2023-08-23,8,864.8500000000058,212.85000000000582,0.037000635948430116
36652,136,831.8500000000058,2026-04-22,2,936.8500000000058,20.85000000000582,0.1120777072103318
22531,2,830.7000000000116,2024-08-23,6,830.7000000000116,473.70000000001164,0.0
4716,36,830.3500000000058,2022-07-19,8,934.3500000000058,-281.6499999999942,0.11130732594851966
27478,22,829.8500000000058,2025-03-18,-5,1549.8500000000058,144.85000000000582,0.4645610865567618
35112,4,829.8500000000058,2026-02-13,4,829.8500000000058,41.85000000000582,0.0
5643,3,827.3499999999767,2022-08-26,-8,827.3499999999767,451.3499999999767,0.0
36355,33,827.3499999999767,2026-04-08,-5,827.3499999999767,-197.65000000002328,0.0
31227,1,826.75,2025-08-27,-7,826.75,826.75,0.0
33704,2,825.3499999999767,2025-12-12,-9,825.3499999999767,64.84999999997672,0.0
3309,2,824.0499999999884,2022-05-19,8,824.0499999999884,-307.95000000001164,0.0
32713,3,823.8499999999767,2025-10-31,-7,823.8499999999767,78.34999999997672,0.0
10175,13,822.8500000000058,2023-03-13,5,822.8500000000058,-12.14999999999418,0.0
17797,1,822.2000000000116,2024-01-31,7,822.2000000000116,822.2000000000116,0.0
3402,7,820.8499999999767,2022-05-24,-9,820.8499999999767,-29.650000000023283,0.0
3394,129,820.3499999999767,2022-05-24,-8,820.3499999999767,-247.65000000002328,0.0
12898,25,820.2000000000116,2023-07-07,-9,1040.7000000000116,329.70000000001164,0.21187662150475403
35267,1,819.1999999999825,2026-02-20,5,819.1999999999825,819.1999999999825,0.0
7642,74,818.8500000000058,2022-11-22,8,1010.8500000000058,-185.14999999999418,0.18993916011277528
18188,6,818.3499999999767,2024-02-16,-9,818.3499999999767,-315.6500000000233,0.0
25622,2,818.3499999999767,2024-12-30,-7,818.3499999999767,415.8499999999767,0.0
2963,13,816.7000000000116,2022-05-05,-8,816.7000000000116,-499.29999999998836,0.0
33191,3,816.6999999998952,2025-11-20,-8,816.6999999998952,116.69999999989523,0.0
4129,7,816.3500000000058,2022-06-23,5,816.3500000000058,-51.14999999999418,0.0
1077,11,815.3500000000058,2022-02-17,-6,815.3500000000058,41.35000000000582,0.0
35318,22,815.3499999999767,2026-02-23,-6,815.3499999999767,77.34999999997672,0.0
9201,12,814.4499999999971,2023-02-01,2,955.4499999999971,232.4499999999971,0.1475744413627091
26529,1,813.8500000000058,2025-02-07,-3,813.8500000000058,813.8500000000058,0.0
4133,7,812.8500000000058,2022-06-23,8,812.8500000000058,-247.14999999999418,0.0
30598,3,812.7000000000116,2025-07-31,-8,812.7000000000116,-23.29999999998836,0.0
4308,6,811.8500000000058,2022-06-30,4,811.8500000000058,7.850000000005821,0.0
32316,2,811.3499999999767,2025-10-14,-7,811.3499999999767,195.34999999997672,0.0
31852,16,810.8499999999767,2025-09-24,-5,1313.3499999999767,58.34999999997672,0.3826093577492739
36133,7,810.3500000000058,2026-03-30,5,810.3500000000058,-227.14999999999418,0.0
6367,10,809.8500000000058,2022-09-27,7,809.8500000000058,32.85000000000582,0.0
34702,19,809.8499999999767,2026-01-29,-5,809.8499999999767,77.34999999997672,0.0
32805,18,806.8500000000058,2025-11-05,6,806.8500000000058,101.85000000000582,0.0
34860,2,806.6999999998952,2026-02-04,-8,806.6999999998952,-141.30000000010477,0.0
37307,42,805.8499999999767,2026-05-19,-4,805.8499999999767,37.84999999997672,0.0
5695,17,804.8500000000058,2022-08-30,-5,1417.3500000000058,-2.6499999999941792,0.43214449500828833
23623,26,804.3500000000058,2024-10-04,5,1439.3500000000058,381.8500000000058,0.4411713620731562
23670,4,803.7000000000116,2024-10-07,-7,803.7000000000116,-291.79999999998836,0.0
33779,15,802.6999999999971,2025-12-16,5,802.6999999999971,-107.30000000000291,0.0
34108,1,802.3500000000058,2026-01-02,6,802.3500000000058,802.3500000000058,0.0
33197,8,802.3499999999767,2025-11-20,-8,802.3499999999767,-385.6500000000233,0.0
22207,14,801.8500000000058,2024-08-07,8,801.8500000000058,241.85000000000582,0.0
35803,13,800.8500000000058,2026-03-16,5,800.8500000000058,65.85000000000582,0.0
3175,278,800.5499999999956,2022-05-13,5,1948.0499999999956,18.049999999995634,0.5890505890505904
17752,11,799.8499999999767,2024-01-30,-7,799.8499999999767,-5.150000000023283,0.0
4021,8,797.3500000000058,2022-06-17,6,797.3500000000058,-420.6499999999942,0.0
21882,214,795.8499999999476,2024-07-24,-5,1375.8499999999476,-161.6500000000524,0.42155758258532694
5645,10,795.3499999999767,2022-08-26,-9,795.3499999999767,-77.65000000002328,0.0
31936,1,793.3499999999767,2025-09-26,-7,793.3499999999767,793.3499999999767,0.0
25322,249,791.3500000000058,2024-12-16,3,1068.8500000000058,-189.64999999999418,0.25962483042522194
4999,11,791.2000000000116,2022-08-01,-7,791.2000000000116,-227.29999999998836,0.0
17842,3,790.3499999999767,2024-02-01,8,790.3499999999767,190.34999999997672,0.0
25474,1,790.2000000000116,2024-12-20,5,790.2000000000116,790.2000000000116,0.0
1365,5,788.3500000000058,2022-03-01,-7,788.3500000000058,-58.64999999999418,0.0
32452,57,788.3500000000058,2025-10-17,6,992.3500000000058,20.35000000000582,0.2055726306242745
35271,3,786.8500000000058,2026-02-20,5,786.8500000000058,-43.14999999999418,0.0
20443,87,785.3500000000058,2024-05-23,7,1100.3500000000058,25.85000000000582,0.2862725496432938
19796,17,784.25,2024-04-24,-10,1184.25,-140.75,0.33776651889381465
19922,2,783.7000000000116,2024-04-30,-8,783.7000000000116,391.70000000001164,0.0
8131,8,783.3499999999767,2022-12-13,-8,783.3499999999767,-464.6500000000233,0.0
260,10,783.0499999999884,2022-01-11,-5,783.0499999999884,138.04999999998836,0.0
1200,3,782.8500000000058,2022-02-22,4,782.8500000000058,206.85000000000582,0.0
19825,6,782.3500000000058,2024-04-25,7,782.3500000000058,22.85000000000582,0.0
1230,12,779.8500000000058,2022-02-23,-5,779.8500000000058,74.85000000000582,0.0
494,4,779.8499999999767,2022-01-20,8,779.8499999999767,-444.1500000000233,0.0
1180,6,778.3500000000058,2022-02-22,8,778.3500000000058,-185.64999999999418,0.0
28498,7,778.3499999999767,2025-05-01,-8,778.3499999999767,-85.65000000002328,0.0
21063,5,776.8499999999767,2024-06-20,-9,1321.3499999999767,619.3499999999767,0.41207855602225724
29008,16,776.3500000000058,2025-05-22,5,776.3500000000058,-108.64999999999418,0.0
10089,11,776.3500000000058,2023-03-09,-6,1124.3500000000058,-156.64999999999418,0.30951216258282405
34713,1,776.3499999999767,2026-01-29,-6,776.3499999999767,776.3499999999767,0.0
37132,3,775.8499999999767,2026-05-12,-6,775.8499999999767,256.8499999999767,0.0
3273,2,775.3499999999767,2022-05-18,-8,775.3499999999767,419.3499999999767,0.0
21975,3,773.8500000000058,2024-07-26,7,773.8500000000058,42.35000000000582,0.0
26430,9,773.8499999999767,2025-02-03,9,1106.8499999999767,-229.65000000002328,0.30085377422415593
33845,29,773.3500000000058,2025-12-18,5,773.3500000000058,-249.14999999999418,0.0
257,3,773.3499999999476,2022-01-11,-7,773.3499999999476,-140.1500000000524,0.0
26531,1,773.2000000000116,2025-02-07,-7,773.2000000000116,773.2000000000116,0.0
1016,103,772.8500000000058,2022-02-15,4,1362.8500000000058,112.85000000000582,0.43291631507502476
33246,4,772.8500000000058,2025-11-24,3,772.8500000000058,295.8500000000058,0.0
32031,17,772.8499999999767,2025-10-01,-7,1269.8499999999767,167.34999999997672,0.39138480922944374
3359,25,772.7000000000262,2022-05-20,7,947.7000000000262,-336.7999999999738,0.18465759206499438
25693,14,772.7000000000116,2025-01-02,8,772.7000000000116,-151.29999999998836,0.0
26244,3,772.3500000000058,2025-01-27,5,772.3500000000058,157.35000000000582,0.0
36176,3,771.8500000000058,2026-03-31,6,771.8500000000058,-185.14999999999418,0.0
52,2,771.7000000000116,2022-01-04,-8,771.7000000000116,267.70000000001164,0.0
34781,23,771.6999999999534,2026-01-30,-8,975.6999999999534,-56.300000000046566,0.20908066003895637
18309,15,770.8499999999767,2024-02-21,-8,770.8499999999767,70.84999999997672,0.0
6509,24,770.3500000000058,2022-10-03,8,770.3500000000058,-889.6499999999942,0.0
8118,69,769.8499999999985,2022-12-13,1,841.3499999999985,-10.650000000001455,0.08498246865157202
29547,11,768.8499999999767,2025-06-13,-6,768.8499999999767,117.84999999997672,0.0
2961,10,768.2000000000116,2022-05-05,-5,768.2000000000116,-99.29999999998836,0.0
37128,4,767.8499999999767,2026-05-12,-6,767.8499999999767,29.849999999976717,0.0
35316,11,767.8499999999185,2026-02-23,-8,1831.8499999999185,523.8499999999185,0.5808335835357957
10382,2,767.3999999999869,2023-03-22,-4,767.3999999999869,275.3999999999869,0.0
927,8,767.3500000000058,2022-02-10,-3,767.3500000000058,21.85000000000582,0.0
33889,9,767.3500000000058,2025-12-19,6,767.3500000000058,56.35000000000582,0.0
28143,21,766.8499999999767,2025-04-16,-5,766.8499999999767,106.84999999997672,0.0
21543,4,765.7000000000116,2024-07-11,-8,1345.7000000000116,557.7000000000116,0.4310024522553281
803,3,764.8500000000058,2022-02-04,-6,764.8500000000058,-93.14999999999418,0.0
9931,46,764.3500000000058,2023-03-02,5,1196.8500000000058,61.85000000000582,0.3613652504490938
1590,10,762.8500000000058,2022-03-10,-5,762.8500000000058,-2.1499999999941792,0.0
32326,11,762.3499999999767,2025-10-14,-6,762.3499999999767,210.34999999997672,0.0
6432,7,761.8500000000058,2022-09-29,-5,761.8500000000058,134.35000000000582,0.0
1885,16,761.8499999999767,2022-03-23,-8,761.8499999999767,-446.1500000000233,0.0
29657,23,759.8499999999767,2025-06-20,8,759.8499999999767,-28.150000000023283,0.0
32227,4,759.3499999999767,2025-10-09,-8,759.3499999999767,-68.65000000002328,0.0
28193,6,759.3499999999767,2025-04-17,-6,759.3499999999767,-191.65000000002328,0.0
4590,2,758.8500000000058,2022-07-13,5,758.8500000000058,31.35000000000582,0.0
18306,1,758.8499999999767,2024-02-21,-8,758.8499999999767,758.8499999999767,0.0
31298,8,757.8499999999767,2025-08-29,-7,757.8499999999767,-54.15000000002328,0.0
437,10,756.8500000000058,2022-01-18,-5,756.8500000000058,-178.14999999999418,0.0
28373,2,756.8499999999767,2025-04-28,-6,756.8499999999767,393.8499999999767,0.0
2162,1,755.3999999999942,2022-04-05,-9,755.3999999999942,755.3999999999942,0.0
14057,1,753.7000000000116,2023-08-25,8,753.7000000000116,753.7000000000116,0.0
1309,14,753.2000000000116,2022-02-28,-5,753.2000000000116,-56.79999999998836,0.0
21977,10,751.8500000000058,2024-07-26,7,751.8500000000058,16.85000000000582,0.0
742,4,750.3500000000058,2022-02-02,-5,750.3500000000058,175.35000000000582,0.0
22573,8,750.3499999999767,2024-08-26,-8,1498.3499999999767,750.3499999999767,0.49921580405113064
27223,8,750.2000000000116,2025-03-06,-5,750.2000000000116,-509.79999999998836,0.0
26246,2,749.8500000000058,2025-01-27,5,749.8500000000058,397.3500000000058,0.0
23538,8,749.8499999999767,2024-10-01,-5,749.8499999999767,-15.150000000023283,0.0
8549,19,749.8499999999767,2023-01-03,-10,1454.8499999999767,-60.15000000002328,0.4845860397979251
27345,25,747.8499999999913,2025-03-12,3,747.8499999999913,-72.65000000000873,0.0
35948,27,747.8499999999767,2026-03-20,-5,747.8499999999767,-252.15000000002328,0.0
4559,10,747.3500000000058,2022-07-12,7,747.3500000000058,-152.14999999999418,0.0
7087,13,744.8499999999985,2022-10-27,-2,1043.8499999999985,-71.15000000000146,0.2864396225511332
28493,15,744.3499999999476,2025-05-01,-5,744.3499999999476,-358.1500000000524,0.0
19351,29,743.3499999999767,2024-04-05,10,1603.3499999999767,193.34999999997672,0.5363769607384616
26311,2,742.8500000000058,2025-01-29,-5,742.8500000000058,-7.149999999994179,0.0
33188,1,742.7000000000116,2025-11-20,-4,742.7000000000116,742.7000000000116,0.0
6824,12,742.3500000000058,2022-10-17,8,742.3500000000058,-173.64999999999418,0.0
36796,2,741.8499999999767,2026-04-28,-5,741.8499999999767,-13.150000000023283,0.0
6438,5,741.3500000000058,2022-09-29,-6,741.3500000000058,147.35000000000582,0.0
2692,1,740.8500000000058,2022-04-26,-7,740.8500000000058,740.8500000000058,0.0
36108,86,740.8500000000058,2026-03-27,-2,839.8500000000058,-188.14999999999418,0.11787819253438032
2661,6,740.3500000000058,2022-04-25,5,740.3500000000058,-262.1499999999942,0.0
37114,17,739.8499999999767,2026-05-12,-6,739.8499999999767,76.84999999997672,0.0
19951,2,739.7000000000116,2024-05-01,5,739.7000000000116,64.70000000001164,0.0
1076,12,739.3500000000058,2022-02-17,-5,739.3500000000058,144.35000000000582,0.0
5062,5,738.7000000000116,2022-08-03,6,738.7000000000116,135.70000000001164,0.0
7199,2,738.3500000000058,2022-11-02,8,738.3500000000058,54.35000000000582,0.0
18766,26,737.3500000000058,2024-03-12,6,1310.3500000000058,188.35000000000582,0.43728774754836297
19688,18,737.3499999999476,2024-04-19,8,737.3499999999476,-162.6500000000524,0.0
10276,2,736.8500000000058,2023-03-17,-7,736.8500000000058,75.35000000000582,0.0
35716,13,736.8499999999767,2026-03-11,-3,736.8499999999767,-59.65000000002328,0.0
28097,14,736.8000000000175,2025-04-14,-10,3031.8000000000175,-648.1999999999825,0.7569760538294039
33141,20,736.6000000000058,2025-11-19,5,2049.100000000006,701.6000000000058,0.6405251085842547
584,1,736.3500000000058,2022-01-24,7,736.3500000000058,736.3500000000058,0.0
34743,65,736.3499999999767,2026-01-30,-5,736.3499999999767,-273.6500000000233,0.0
2746,7,735.8500000000058,2022-04-27,4,735.8500000000058,59.85000000000582,0.0
2710,53,735.8500000000058,2022-04-27,7,735.8500000000058,-41.14999999999418,0.0
31350,7,735.8499999999767,2025-09-02,-6,1065.8499999999767,162.84999999997672,0.30961204672327924
22179,141,734.7999999999884,2024-08-06,8,3182.7999999999884,-613.2000000000116,0.7691340957647382
34907,14,734.6999999999534,2026-02-05,-10,3089.6999999999534,644.6999999999534,0.7622099232935351
5058,2,734.3500000000058,2022-08-03,8,734.3500000000058,106.35000000000582,0.0
4404,74,734.3499999999985,2022-07-05,2,734.3499999999985,31.349999999998545,0.0
26882,13,734.3499999999767,2025-02-21,-10,1604.3499999999767,-355.6500000000233,0.5422756879733304
4123,29,733.8500000000058,2022-06-23,8,733.8500000000058,-294.1499999999942,0.0
15096,39,733.6999999999971,2023-10-06,2,902.6999999999971,9.69999999999709,0.18721612938960955
26417,28,733.3500000000058,2025-02-03,8,733.3500000000058,-822.6499999999942,0.0
3399,12,733.3500000000058,2022-05-24,-7,733.3500000000058,-1.6499999999941792,0.0
13479,12,732.8499999999767,2023-08-02,-7,732.8499999999767,32.84999999997672,0.0
23238,7,731.8500000000058,2024-09-19,6,731.8500000000058,-102.14999999999418,0.0
30836,8,731.75,2025-08-12,8,1263.75,731.75,0.42096933728981206
28641,1,731.5500000000029,2025-05-07,5,731.5500000000029,731.5500000000029,0.0
8656,10,731.3500000000058,2023-01-06,9,731.3500000000058,177.85000000000582,0.0
2697,3,731.3499999999476,2022-04-26,-8,731.3499999999476,195.3499999999476,0.0
15173,25,730.3500000000058,2023-10-11,6,730.3500000000058,97.35000000000582,0.0
17304,1,729.8499999999767,2024-01-11,-6,729.8499999999767,729.8499999999767,0.0
6439,2,729.7000000000116,2022-09-29,-8,729.7000000000116,137.70000000001164,0.0
28372,7,729.3500000000058,2025-04-28,-5,729.3500000000058,-153.14999999999418,0.0
3063,21,728.8500000000058,2022-05-10,5,728.8500000000058,-148.64999999999418,0.0
22790,1,728.3499999999767,2024-09-03,-8,728.3499999999767,728.3499999999767,0.0
31093,10,727.7000000000116,2025-08-21,-5,727.7000000000116,-64.79999999998836,0.0
939,9,727.7000000000116,2022-02-10,-8,727.7000000000116,43.70000000001164,0.0
137,42,726.8500000000058,2022-01-06,5,726.8500000000058,-128.14999999999418,0.0
26439,54,726.3499999999767,2025-02-04,-7,880.3499999999767,-215.15000000002328,0.17493042539899367
692,38,726.0999999999913,2022-01-28,8,2606.0999999999913,-609.9000000000087,0.7213844441886368
34778,8,725.8499999999767,2026-01-30,-8,725.8499999999767,-486.1500000000233,0.0
32925,9,724.3499999999767,2025-11-11,-5,724.3499999999767,-28.150000000023283,0.0
31556,28,724.3499999999767,2025-09-10,-8,724.3499999999767,-231.65000000002328,0.0
2967,4,724.3499999999767,2022-05-05,-8,724.3499999999767,-279.6500000000233,0.0
11325,20,723.4000000000015,2023-05-02,-4,881.4000000000015,-54.599999999998545,0.1792602677558427
454,46,723.3500000000058,2022-01-19,8,723.3500000000058,-60.64999999999418,0.0
28240,14,722.5500000000029,2025-04-22,5,1222.550000000003,315.0500000000029,0.40898122776164475
3377,1,722.3500000000058,2022-05-23,-6,722.3500000000058,722.3500000000058,0.0
17096,3,722.3499999999767,2024-01-03,-8,722.3499999999767,-157.65000000002328,0.0
37126,1,721.8499999999767,2026-05-12,-6,721.8499999999767,721.8499999999767,0.0
25924,46,721.3500000000058,2025-01-13,-4,1187.3500000000058,25.35000000000582,0.3924706278687815
32366,28,721.3500000000058,2025-10-15,7,1529.8500000000058,175.35000000000582,0.5284831846259417
25989,1,720.7000000000116,2025-01-14,-8,720.7000000000116,720.7000000000116,0.0
13618,15,720.6999999999825,2023-08-08,-8,1176.6999999999825,268.69999999998254,0.3875244327356223
7357,12,720.3500000000058,2022-11-09,-6,720.3500000000058,60.35000000000582,0.0
28884,14,719.8500000000058,2025-05-19,5,1187.3500000000058,149.85000000000582,0.39373394534046213
21549,2,719.8499999999767,2024-07-11,-7,719.8499999999767,26.849999999976717,0.0
8655,45,718.3500000000058,2023-01-06,10,1538.3500000000058,-486.6499999999942,0.5330386453017824
34891,8,717.3499999999767,2026-02-05,-3,717.3499999999767,55.84999999997672,0.0
2474,5,716.3499999999767,2022-04-18,9,716.3499999999767,-152.15000000002328,0.0
27129,3,715.7000000000116,2025-03-03,-7,715.7000000000116,-138.29999999998836,0.0
16822,13,715.2000000000116,2023-12-20,-5,715.2000000000116,-134.79999999998836,0.0
13075,43,714.8500000000058,2023-07-17,8,1266.8500000000058,14.85000000000582,0.4357264080198899
6957,11,714.3500000000058,2022-10-21,5,714.3500000000058,-208.14999999999418,0.0
19347,12,714.3499999999767,2024-04-05,10,1494.3499999999767,-60.65000000002328,0.5219660722053148
2667,10,712.8500000000058,2022-04-25,5,712.8500000000058,-84.64999999999418,0.0
35807,74,711.7000000000116,2026-03-16,10,2971.7000000000116,-533.2999999999884,0.7605074536460582
371,2,710.8500000000058,2022-01-14,6,710.8500000000058,305.8500000000058,0.0
31557,9,710.3499999999767,2025-09-10,-9,710.3499999999767,-293.1500000000233,0.0
32158,11,710.2000000000116,2025-10-07,-7,1235.2000000000116,76.70000000001164,0.42503238341968513
4023,18,709.8500000000058,2022-06-17,6,709.8500000000058,88.85000000000582,0.0
27123,2,709.8500000000058,2025-03-03,-4,709.8500000000058,303.8500000000058,0.0
22229,14,709.8500000000058,2024-08-08,5,709.8500000000058,-442.6499999999942,0.0
19346,4,709.8499999999767,2024-04-05,9,709.8499999999767,115.84999999997672,0.0
35062,2,709.3499999999767,2026-02-12,-6,709.3499999999767,376.3499999999767,0.0
1723,1,708.8500000000058,2022-03-16,-4,708.8500000000058,708.8500000000058,0.0
159,19,707.8500000000058,2022-01-06,6,707.8500000000058,305.8500000000058,0.0
20419,1,707.3499999999767,2024-05-22,-8,707.3499999999767,707.3499999999767,0.0
1121,2,706.8500000000058,2022-02-18,7,706.8500000000058,41.85000000000582,0.0
3654,23,706.8499999999767,2022-06-03,-10,1566.8499999999767,-593.1500000000233,0.5488719405176071
9268,1,705.7000000000116,2023-02-03,8,705.7000000000116,705.7000000000116,0.0
22171,32,705.3500000000058,2024-08-05,7,2721.350000000006,-470.6499999999942,0.7408087897550832
1600,16,705.3499999999767,2022-03-10,-8,705.3499999999767,-506.6500000000233,0.0
35966,32,704.8499999999767,2026-03-23,-4,704.8499999999767,16.849999999976717,0.0
26423,1,704.7000000000116,2025-02-03,8,704.7000000000116,704.7000000000116,0.0
33472,3,704.3499999999767,2025-12-04,-6,704.3499999999767,50.34999999997672,0.0
13287,20,704.3499999999767,2023-07-26,-9,704.3499999999767,-6.650000000023283,0.0
25784,7,703.7000000000116,2025-01-07,-9,1603.7000000000116,114.20000000001164,0.5612022198665545
32523,5,703.7000000000116,2025-10-22,-6,703.7000000000116,-10.299999999988358,0.0
26982,4,703.2000000000116,2025-02-25,5,703.2000000000116,203.20000000001164,0.0
14799,10,702.8499999999767,2023-09-26,-8,702.8499999999767,158.84999999997672,0.0
4132,3,700.8500000000058,2022-06-23,7,700.8500000000058,179.35000000000582,0.0
30607,1,700.8499999999767,2025-07-31,-8,700.8499999999767,700.8499999999767,0.0
20471,38,700.7000000000116,2024-05-23,-3,915.2000000000116,-32.79999999998836,0.23437499999999703
27566,18,700.3500000000058,2025-03-20,7,1480.8500000000058,31.85000000000582,0.5270621602458027
22112,7,700.2000000000116,2024-08-01,-5,700.2000000000116,-237.29999999998836,0.0
20695,9,699.8499999999767,2024-06-03,-9,699.8499999999767,137.34999999997672,0.0
26434,1,699.7500000000291,2025-02-04,-7,699.7500000000291,699.7500000000291,0.0
34535,2,699.7000000000116,2026-01-21,8,699.7000000000116,283.70000000001164,0.0
21613,33,699.7000000000116,2024-07-15,6,699.7000000000116,-53.29999999998836,0.0
1696,3,699.3500000000058,2022-03-15,5,699.3500000000058,61.85000000000582,0.0
18213,25,699.3499999999767,2024-02-16,-10,749.3499999999767,24.349999999976717,0.06672449456195577
6852,12,698.3500000000058,2022-10-18,-8,698.3500000000058,-361.6499999999942,0.0
28275,8,698.3500000000058,2025-04-23,4,698.3500000000058,112.35000000000582,0.0
2954,1,697.8499999999476,2022-05-05,-8,697.8499999999476,697.8499999999476,0.0
8712,15,697.3500000000058,2023-01-10,8,697.3500000000058,161.35000000000582,0.0
7107,8,696.8500000000058,2022-10-28,4,696.8500000000058,-77.14999999999418,0.0
6258,14,696.8500000000058,2022-09-22,5,696.8500000000058,101.85000000000582,0.0
37154,3,696.8499999999767,2026-05-13,-4,696.8499999999767,116.84999999997672,0.0
33190,1,695.8499999999767,2025-11-20,-6,695.8499999999767,695.8499999999767,0.0
7570,11,694.8500000000058,2022-11-18,-6,694.8500000000058,16.85000000000582,0.0
12547,26,694.8499999999767,2023-06-23,-8,694.8499999999767,-53.15000000002328,0.0
2867,2,693.8500000000058,2022-05-02,8,693.8500000000058,-94.14999999999418,0.0
26883,4,693.7000000000116,2025-02-21,-8,693.7000000000116,269.70000000001164,0.0
5115,5,692.4499999999825,2022-08-05,-9,692.4499999999825,-405.55000000001746,0.0
28514,21,692.3500000000058,2025-05-02,6,692.3500000000058,-99.64999999999418,0.0
5178,3,691.8500000000058,2022-08-08,-5,691.8500000000058,24.35000000000582,0.0
15198,3,691.7000000000116,2023-10-12,-7,691.7000000000116,110.70000000001164,0.0
27861,8,690.0499999999593,2025-04-02,-5,690.0499999999593,-74.95000000004075,0.0
15201,13,689.8499999999767,2023-10-12,-10,1384.8499999999767,-360.1500000000233,0.5018594071560181
4143,18,689.3500000000058,2022-06-23,8,689.3500000000058,-302.6499999999942,0.0
36153,4,688.8500000000058,2026-03-31,5,688.8500000000058,71.35000000000582,0.0
37033,15,688.7000000000116,2026-05-07,-4,688.7000000000116,-47.29999999998836,0.0
540,11,687.4000000000233,2022-01-21,8,687.4000000000233,-1196.5999999999767,0.0
29876,7,687.3499999999767,2025-07-01,-7,1170.3499999999767,-380.1500000000233,0.4126970564361171
14796,7,687.3499999999767,2023-09-26,-8,687.3499999999767,-336.6500000000233,0.0
33239,20,686.8500000000058,2025-11-21,6,737.8500000000058,245.85000000000582,0.0691197397845085
26372,360,686.8500000000058,2025-01-31,2,997.8500000000058,-205.14999999999418,0.3116700906949924
23958,3,686.3500000000058,2024-10-18,7,686.3500000000058,234.85000000000582,0.0
35058,7,686.3499999999767,2026-02-12,-6,686.3499999999767,5.349999999976717,0.0
1333,15,685.8500000000058,2022-02-28,-5,685.8500000000058,-709.1499999999942,0.0
755,15,685.8500000000058,2022-02-02,-2,685.8500000000058,54.85000000000582,0.0
32737,107,685.8500000000058,2025-11-03,6,1498.8500000000058,34.85000000000582,0.5424158521533154
30248,17,685.8499999999767,2025-07-16,9,685.8499999999767,-65.65000000002328,0.0
439,2,685.3499999999767,2022-01-18,-7,685.3499999999767,391.3499999999767,0.0
35990,28,684.8499999999767,2026-03-23,-3,684.8499999999767,-69.65000000002328,0.0
1634,4,684.3500000000058,2022-03-11,-6,684.3500000000058,216.35000000000582,0.0
33887,8,684.3500000000058,2025-12-19,5,684.3500000000058,19.35000000000582,0.0
30313,24,683.6999999999971,2025-07-21,4,891.6999999999971,65.69999999999709,0.2332623079511054
779,5,682.6500000000142,2022-02-03,9,682.6500000000142,-734.8499999999858,0.0
25800,11,682.3499999999767,2025-01-07,-9,1856.8499999999767,322.3499999999767,0.6325228209063817
9560,21,681.7000000000116,2023-02-16,-10,1416.7000000000116,136.70000000001164,0.5188113220865349
36698,2,680.7000000000116,2026-04-23,-8,680.7000000000116,28.70000000001164,0.0
3668,6,679.8500000000058,2022-06-03,-5,679.8500000000058,-0.14999999999417923,0.0
21319,4,679.8499999999767,2024-06-28,-6,679.8499999999767,-61.15000000002328,0.0
32844,1,679.8499999999767,2025-11-06,-5,679.8499999999767,679.8499999999767,0.0
9344,4,679.7000000000116,2023-02-07,8,679.7000000000116,251.70000000001164,0.0
29874,9,678.3499999999767,2025-07-01,-5,678.3499999999767,-79.15000000002328,0.0
33885,3,678.1999999999971,2025-12-19,5,678.1999999999971,323.1999999999971,0.0
7380,12,677.8500000000058,2022-11-10,8,677.8500000000058,-218.14999999999418,0.0
33829,56,677.8499999999767,2025-12-17,-8,1721.8499999999767,-262.1500000000233,0.606324592734567
32332,23,677.7000000000116,2025-10-14,-5,677.7000000000116,-182.29999999998836,0.0
28609,4,677.7000000000116,2025-05-07,6,677.7000000000116,167.70000000001164,0.0
8898,24,677.3500000000058,2023-01-18,-7,1111.3500000000058,-183.64999999999418,0.39051603905160187
18212,6,677.3499999999767,2024-02-16,-9,677.3499999999767,83.34999999997672,0.0
23847,1,677.3499999999767,2024-10-15,-7,677.3499999999767,677.3499999999767,0.0
9117,104,676.8500000000058,2023-01-30,-5,1029.3500000000058,-53.14999999999418,0.34244911837567205
36155,1,675.8500000000058,2026-03-31,7,675.8500000000058,675.8500000000058,0.0
35653,12,675.8500000000058,2026-03-09,8,831.8500000000058,171.85000000000582,0.18753381018212287
32888,25,675.8499999999767,2025-11-07,-3,675.8499999999767,45.84999999997672,0.0
34201,50,675.8499999999767,2026-01-07,-6,891.8499999999767,-239.15000000002328,0.24219319392275118
37351,41,675.6999999999971,2026-05-20,4,1525.699999999997,155.6999999999971,0.5571213213606879
32902,3,675.5499999999884,2025-11-07,5,675.5499999999884,33.04999999998836,0.0
2161,1,675.3500000000058,2022-04-05,-5,675.3500000000058,675.3500000000058,0.0
5675,16,674.3500000000058,2022-08-29,8,674.3500000000058,-281.6499999999942,0.0
31882,25,674.3499999999767,2025-09-25,-8,1118.3499999999767,310.3499999999767,0.39701345732553245
50,4,674.3499999999767,2022-01-04,-8,674.3499999999767,-173.65000000002328,0.0
10147,30,671.3500000000058,2023-03-13,5,671.3500000000058,13.85000000000582,0.0
2577,63,671.3500000000058,2022-04-21,6,1184.3500000000058,-309.6499999999942,0.43314898467513613
15107,24,671.3499999999767,2023-10-09,-8,671.3499999999767,-168.65000000002328,0.0
17840,14,671.3499999999476,2024-02-01,8,671.3499999999476,-48.65000000005239,0.0
18797,3,670.8499999999767,2024-03-13,-7,670.8499999999767,222.84999999997672,0.0
28147,28,670.8499999999767,2025-04-16,-5,670.8499999999767,-236.65000000002328,0.0
27161,9,670.3500000000058,2025-03-04,-3,670.3500000000058,-46.64999999999418,0.0
24096,11,670.3499999999767,2024-10-24,-5,670.3499999999767,-57.15000000002328,0.0
1699,8,669.8500000000058,2022-03-15,8,669.8500000000058,-742.1499999999942,0.0
6829,14,669.8500000000058,2022-10-17,9,669.8500000000058,-81.64999999999418,0.0
8644,5,669.8500000000058,2023-01-06,6,669.8500000000058,6.850000000005821,0.0
31120,6,669.3500000000058,2025-08-22,6,1257.3500000000058,258.3500000000058,0.467650216725651
15024,5,668.3500000000058,2023-10-04,7,668.3500000000058,-66.64999999999418,0.0
27264,2,668.3500000000058,2025-03-07,2,668.3500000000058,225.35000000000582,0.0
21934,6,667.8500000000058,2024-07-25,5,667.8500000000058,75.35000000000582,0.0
1597,2,667.8499999999767,2022-03-10,-9,667.8499999999767,132.34999999997672,0.0
33848,5,667.1999999999971,2025-12-18,5,667.1999999999971,-30.30000000000291,0.0
36385,10,666.8500000000058,2026-04-09,5,666.8500000000058,26.85000000000582,0.0
109,1,666.8500000000058,2022-01-05,-6,666.8500000000058,666.8500000000058,0.0
354,1,666.2000000000116,2022-01-14,7,666.2000000000116,666.2000000000116,0.0
25159,7,665.8499999999767,2024-12-09,-8,1201.8499999999767,17.849999999976717,0.4459791155302329
33483,11,665.8499999999767,2025-12-04,-5,665.8499999999767,-129.15000000002328,0.0
4745,8,665.3500000000058,2022-07-20,-7,665.3500000000058,80.85000000000582,0.0
3651,2,665.3500000000058,2022-06-03,-7,665.3500000000058,203.35000000000582,0.0
27780,1,664.3499999999767,2025-03-31,9,664.3499999999767,664.3499999999767,0.0
21056,17,663.7000000000116,2024-06-20,-7,663.7000000000116,-148.29999999998836,0.0
19984,7,663.3500000000058,2024-05-02,8,663.3500000000058,-128.64999999999418,0.0
26386,4,663.0499999999884,2025-01-31,-5,663.0499999999884,388.04999999998836,0.0
25743,178,662.8499999999913,2025-01-06,2,875.8499999999913,-10.150000000008731,0.24319232745333347
12521,5,662.3500000000058,2023-06-22,7,662.3500000000058,-20.14999999999418,0.0
25476,1,662.3500000000058,2024-12-20,7,662.3500000000058,662.3500000000058,0.0
33853,1,661.8500000000058,2025-12-18,6,661.8500000000058,661.8500000000058,0.0
23524,1,661.7000000000116,2024-10-01,-8,661.7000000000116,661.7000000000116,0.0
91,8,661.3500000000058,2022-01-05,-5,661.3500000000058,-203.64999999999418,0.0
24144,23,661.3499999999767,2024-10-28,9,661.3499999999767,-36.15000000002328,0.0
37497,2,661.3499999999767,2026-05-27,-4,661.3499999999767,139.34999999997672,0.0
2507,20,660.8500000000058,2022-04-19,-5,660.8500000000058,-86.64999999999418,0.0
28960,4,660.0499999999884,2025-05-21,-5,1160.0499999999884,100.04999999998836,0.4310159044868799
2732,1,659.8499999999476,2022-04-27,9,659.8499999999476,659.8499999999476,0.0
1706,8,659.7000000000116,2022-03-15,6,659.7000000000116,170.70000000001164,0.0
134,6,659.3500000000058,2022-01-06,6,659.3500000000058,137.35000000000582,0.0
25575,7,659.3499999999767,2024-12-27,-6,1370.3499999999767,410.3499999999767,0.5188455504068392
21364,11,658.3500000000058,2024-07-01,5,658.3500000000058,-16.64999999999418,0.0
10181,12,657.8500000000058,2023-03-13,5,657.8500000000058,60.35000000000582,0.0
1948,4,657.8499999999767,2022-03-25,-8,657.8499999999767,237.84999999997672,0.0
6004,18,657.7000000000116,2022-09-13,-10,1742.7000000000116,-342.29999999998836,0.6225971194124019
35393,5,657.4000000000233,2026-02-26,-8,657.4000000000233,181.40000000002328,0.0
22031,8,656.7000000000116,2024-07-30,-4,656.7000000000116,-313.29999999998836,0.0
33781,2,656.3500000000058,2025-12-16,5,656.3500000000058,121.35000000000582,0.0
26383,2,656.0499999999884,2025-01-31,-5,656.0499999999884,63.54999999998836,0.0
32282,5,654.3499999999767,2025-10-10,-6,654.3499999999767,36.34999999997672,0.0
28531,42,654.3499999999767,2025-05-05,-5,654.3499999999767,-390.6500000000233,0.0
15885,9,654.3499999999476,2023-11-09,-7,654.3499999999476,136.3499999999476,0.0
36778,27,653.8499999999767,2026-04-28,-7,653.8499999999767,-448.6500000000233,0.0
14805,46,653.8499999999767,2023-09-26,-10,1218.8499999999767,-146.15000000002328,0.46355170857776656
34714,1,653.5500000000466,2026-01-29,-9,653.5500000000466,653.5500000000466,0.0
22951,21,653.3500000000058,2024-09-09,5,653.3500000000058,-94.14999999999418,0.0
33178,2,653.3499999999767,2025-11-20,-5,653.3499999999767,123.34999999997672,0.0
32998,3,652.8499999999767,2025-11-13,-5,652.8499999999767,-89.65000000002328,0.0
1782,89,652.3499999999985,2022-03-18,2,652.3499999999985,5.349999999998545,0.0
32849,4,652.3499999999767,2025-11-06,-4,652.3499999999767,318.3499999999767,0.0
18882,3,652.2000000000407,2024-03-15,-7,652.2000000000407,81.70000000004075,0.0
23222,1,652.0500000000029,2024-09-19,7,652.0500000000029,652.0500000000029,0.0
33337,17,651.8499999999767,2025-12-01,-8,651.8499999999767,-312.1500000000233,0.0
2929,1,651.7000000000116,2022-05-04,-4,651.7000000000116,651.7000000000116,0.0
3023,5,650.8500000000058,2022-05-06,-4,650.8500000000058,258.8500000000058,0.0
6831,7,650.8500000000058,2022-10-17,9,650.8500000000058,268.3500000000058,0.0
3499,48,650.8499999999985,2022-05-27,2,867.8499999999985,66.84999999999854,0.2500432102321834
1918,8,650.8499999999767,2022-03-24,8,650.8499999999767,282.8499999999767,0.0
4488,1,650.7000000000116,2022-07-08,-8,650.7000000000116,650.7000000000116,0.0
34717,1,650.3499999999767,2026-01-29,-9,650.3499999999767,650.3499999999767,0.0
10494,4,649.3500000000058,2023-03-27,-7,649.3500000000058,187.35000000000582,0.0
1635,37,649.3500000000058,2022-03-11,-7,1510.3500000000058,61.35000000000582,0.5700665408680086
25975,13,648.7000000000116,2025-01-14,-8,648.7000000000116,-667.2999999999884,0.0
26907,30,648.3500000000058,2025-02-24,7,648.3500000000058,0.8500000000058208,0.0
3301,15,648.3500000000058,2022-05-19,5,648.3500000000058,-166.64999999999418,0.0
3069,2,647.8500000000058,2022-05-10,5,647.8500000000058,300.3500000000058,0.0
6231,2,647.7000000000116,2022-09-21,-4,647.7000000000116,265.70000000001164,0.0
34291,5,647.3499999999767,2026-01-12,-7,647.3499999999767,3.349999999976717,0.0
107,11,646.8500000000058,2022-01-05,-5,646.8500000000058,-155.64999999999418,0.0
34289,115,645.8499999999767,2026-01-12,-9,1518.8499999999767,-236.15000000002328,0.5747769694176603
33852,3,644.8500000000058,2025-12-18,5,644.8500000000058,-135.14999999999418,0.0
31253,17,644.3499999999913,2025-08-28,5,644.3499999999913,-175.65000000000873,0.0
29119,7,643.8499999999767,2025-05-28,-5,643.8499999999767,-73.65000000002328,0.0
35355,2,643.1999999999825,2026-02-24,5,643.1999999999825,250.69999999998254,0.0
31288,6,642.8499999999767,2025-08-29,-8,642.8499999999767,-97.15000000002328,0.0
17313,23,642.8499999999767,2024-01-11,-8,1250.8499999999767,-61.15000000002328,0.48606947275853324
23452,22,642.3499999999767,2024-09-27,-7,642.3499999999767,-19.150000000023283,0.0
37125,2,642.3499999999767,2026-05-12,-5,642.3499999999767,304.8499999999767,0.0
33003,8,641.8499999999767,2025-11-13,-4,641.8499999999767,39.84999999997672,0.0
5114,1,641.3500000000058,2022-08-05,-2,641.3500000000058,641.3500000000058,0.0
10384,1,641.2000000000116,2023-03-22,-7,641.2000000000116,641.2000000000116,0.0
21819,6,640.8500000000058,2024-07-22,6,640.8500000000058,130.85000000000582,0.0
21973,9,640.3500000000058,2024-07-26,6,640.3500000000058,-208.64999999999418,0.0
33022,2,640.0499999999884,2025-11-14,6,640.0499999999884,-199.95000000001164,0.0
32956,4,639.7000000000116,2025-11-12,-6,639.7000000000116,219.70000000001164,0.0
5131,3,638.8499999999767,2022-08-05,-8,638.8499999999767,78.84999999997672,0.0
2868,28,638.7000000000116,2022-05-02,10,1153.7000000000116,-1016.2999999999884,0.446389876050962
22323,6,638.3500000000058,2024-08-14,-4,638.3500000000058,98.35000000000582,0.0
24100,3,638.3499999999767,2024-10-24,-7,638.3499999999767,130.84999999997672,0.0
32189,25,638.0500000000029,2025-10-08,5,993.0500000000029,-89.44999999999709,0.3574845173959005
36320,7,636.8499999999767,2026-04-07,-6,1473.8499999999767,288.8499999999767,0.5679003969196412
35360,31,635.3500000000058,2026-02-24,5,635.3500000000058,-19.64999999999418,0.0
33808,2,635.3499999999767,2025-12-16,8,635.3499999999767,259.3499999999767,0.0
7371,1,634.7000000000116,2022-11-10,8,634.7000000000116,634.7000000000116,0.0
35067,6,634.3499999999767,2026-02-12,-5,634.3499999999767,79.34999999997672,0.0
27298,20,633.8500000000058,2025-03-11,-3,633.8500000000058,-15.64999999999418,0.0
5822,10,633.7000000000116,2022-09-02,-8,633.7000000000116,-94.29999999998836,0.0
33189,6,633.3499999999767,2025-11-20,-5,633.3499999999767,-289.1500000000233,0.0
2693,4,633.3499999999476,2022-04-26,-8,633.3499999999476,185.3499999999476,0.0
3071,2,632.7000000000116,2022-05-10,8,632.7000000000116,360.70000000001164,0.0
4602,3,632.3500000000058,2022-07-13,5,632.3500000000058,262.3500000000058,0.0
7356,36,632.3500000000058,2022-11-09,-7,1272.8500000000058,-326.6499999999942,0.5032014770004298
21368,3,632.3500000000058,2024-07-01,7,632.3500000000058,296.3500000000058,0.0
4690,3,632.3499999999767,2022-07-18,-9,632.3499999999767,42.84999999997672,0.0
22513,4,632.3499999999767,2024-08-22,-5,632.3499999999767,227.34999999997672,0.0
24236,1,632.3499999999767,2024-10-30,-7,632.3499999999767,632.3499999999767,0.0
24802,3,632.2000000000116,2024-11-21,-5,632.2000000000116,-122.79999999998836,0.0
33782,1,631.8500000000058,2025-12-16,6,631.8500000000058,631.8500000000058,0.0
26055,7,631.3499999999767,2025-01-16,-6,631.3499999999767,-217.65000000002328,0.0
23600,2,629.8500000000058,2024-10-03,-4,629.8500000000058,149.85000000000582,0.0
21617,9,629.8500000000058,2024-07-15,8,629.8500000000058,297.8500000000058,0.0
24148,7,629.8499999999767,2024-10-28,8,629.8499999999767,117.84999999997672,0.0
8159,2,629.4500000000116,2022-12-14,-5,629.4500000000116,-163.04999999998836,0.0
5272,39,628.8499999999767,2022-08-11,-10,1243.8499999999767,43.84999999997672,0.49443260843350206
19836,6,628.3500000000058,2024-04-26,-4,628.3500000000058,148.35000000000582,0.0
7375,3,628.3500000000058,2022-11-10,7,628.3500000000058,89.35000000000582,0.0
2949,7,628.3499999999767,2022-05-05,-9,1636.3499999999767,-204.15000000002328,0.6160051333761203
1421,5,627.8500000000058,2022-03-03,-5,627.8500000000058,65.35000000000582,0.0
4604,18,627.7000000000116,2022-07-13,8,1695.7000000000116,-36.29999999998836,0.6298283894556777
37055,10,627.3500000000058,2026-05-08,5,627.3500000000058,-320.1499999999942,0.0
1332,5,627.3500000000058,2022-02-28,-4,627.3500000000058,-2.6499999999941792,0.0
31062,5,627.3500000000058,2025-08-20,6,627.3500000000058,126.35000000000582,0.0
34834,3,626.8499999999767,2026-02-03,-5,626.8499999999767,486.8499999999767,0.0
32516,5,626.6999999998952,2025-10-22,-8,2578.699999999895,-5.300000000104774,0.7569705665645788
19957,9,626.5499999999884,2024-05-01,-3,893.5499999999884,58.04999999998836,0.2988081248950853
22366,28,625.3500000000058,2024-08-16,-5,1095.3500000000058,17.85000000000582,0.42908659332633176
17092,4,625.3499999999767,2024-01-03,-9,625.3499999999767,310.3499999999767,0.0
36122,135,624.8499999999767,2026-03-30,10,2129.8499999999767,-860.1500000000233,0.7066225321032075
18961,10,624.8499999999767,2024-03-19,9,624.8499999999767,-9.650000000023283,0.0
9157,12,623.8500000000058,2023-01-31,9,623.8500000000058,182.85000000000582,0.0
21550,7,623.8499999999767,2024-07-11,-8,1083.8499999999767,335.8499999999767,0.4244129722747704
6255,19,622.8500000000058,2022-09-22,7,622.8500000000058,-77.14999999999418,0.0
23207,1,621.7000000000116,2024-09-18,-4,621.7000000000116,621.7000000000116,0.0
6250,6,621.3500000000058,2022-09-22,8,621.3500000000058,81.35000000000582,0.0
34557,15,621.3500000000058,2026-01-21,5,621.3500000000058,-3.6499999999941792,0.0
4948,9,621.3500000000058,2022-07-29,-7,621.3500000000058,-204.64999999999418,0.0
32415,10,621.3499999999767,2025-10-16,-6,621.3499999999767,-200.65000000002328,0.0
9584,1,620.3499999999767,2023-02-16,-9,620.3499999999767,620.3499999999767,0.0
29315,1,620.3499999999767,2025-06-05,-7,620.3499999999767,620.3499999999767,0.0
9582,3,619.8499999999767,2023-02-16,-9,619.8499999999767,-77.65000000002328,0.0
6196,21,619.8499999999767,2022-09-20,-10,1439.8499999999767,-35.15000000002328,0.5695037677535947
19515,1,619.3499999999767,2024-04-12,-8,619.3499999999767,619.3499999999767,0.0
35496,71,618.8499999999767,2026-03-03,-5,618.8499999999767,-356.1500000000233,0.0
33151,16,618.3499999999767,2025-11-19,-3,618.3499999999767,-40.15000000002328,0.0
27773,3,617.8500000000058,2025-03-31,4,617.8500000000058,-98.14999999999418,0.0
33794,11,617.8500000000058,2025-12-16,4,617.8500000000058,-58.14999999999418,0.0
32262,11,617.7000000000116,2025-10-10,-2,617.7000000000116,-3.2999999999883585,0.0
32846,6,617.3499999999767,2025-11-06,-5,617.3499999999767,62.34999999997672,0.0
32407,2,617.3499999999767,2025-10-16,-4,617.3499999999767,395.3499999999767,0.0
27114,1,616.8500000000058,2025-03-03,-4,616.8500000000058,616.8500000000058,0.0
7372,8,616.7000000000116,2022-11-10,10,1436.7000000000116,141.70000000001164,0.5707524187373797
29324,4,615.8499999999767,2025-06-05,-6,615.8499999999767,117.84999999997672,0.0
2396,19,615.3500000000058,2022-04-13,6,615.3500000000058,-14.64999999999418,0.0
4530,34,614.8500000000058,2022-07-11,-5,614.8500000000058,-337.6499999999942,0.0
3503,113,614.8499999999985,2022-05-27,2,617.8499999999985,-57.150000000001455,0.004855547462976462
25541,1,614.5500000000175,2024-12-26,-5,614.5500000000175,614.5500000000175,0.0
31704,5,614.1000000000058,2025-09-17,8,1726.1000000000058,614.1000000000058,0.6442268698221403
27431,3,613.8500000000058,2025-03-14,5,613.8500000000058,36.35000000000582,0.0
37347,2,613.8500000000058,2026-05-20,3,613.8500000000058,324.3500000000058,0.0
28912,23,613.3499999999767,2025-05-20,-5,613.3499999999767,-284.1500000000233,0.0
2095,15,612.8500000000058,2022-03-31,-4,922.8500000000058,-43.14999999999418,0.3359159126618606
3981,31,612.7000000000116,2022-06-16,-4,1112.7000000000116,-401.29999999998836,0.4493574188909812
740,4,612.3500000000058,2022-02-02,-5,612.3500000000058,-122.64999999999418,0.0
36655,1,612.0500000000175,2026-04-23,-4,612.0500000000175,612.0500000000175,0.0
27664,5,610.8499999999767,2025-03-26,-7,610.8499999999767,43.84999999997672,0.0
35357,10,610.3500000000058,2026-02-24,6,610.3500000000058,64.35000000000582,0.0
9737,34,610.3499999999767,2023-02-23,-8,1294.3499999999767,-197.65000000002328,0.5284505736470138
27272,18,610.3499999999476,2025-03-10,-5,610.3499999999476,-367.1500000000524,0.0
2854,5,609.8500000000058,2022-05-02,3,609.8500000000058,86.35000000000582,0.0
22533,2,609.7000000000116,2024-08-23,6,609.7000000000116,-23.29999999998836,0.0
24146,28,609.7000000000116,2024-10-28,8,609.7000000000116,-90.29999999998836,0.0
27154,10,609.2000000000116,2025-03-04,-3,609.2000000000116,-62.79999999998836,0.0
3089,2,608.8500000000058,2022-05-10,6,608.8500000000058,62.85000000000582,0.0
35967,100,608.8499999999767,2026-03-23,-5,1786.3499999999767,-416.1500000000233,0.6591653371399867
37552,124,608.3499999999913,2026-05-28,2,674.3499999999913,-125.65000000000873,0.09787202491288034
3663,6,607.8499999999767,2022-06-03,-8,607.8499999999767,-60.15000000002328,0.0
26886,1,607.7000000000116,2025-02-21,-8,607.7000000000116,607.7000000000116,0.0
2696,3,607.3500000000058,2022-04-26,-7,607.3500000000058,-78.64999999999418,0.0
15521,9,607.0499999999884,2023-10-25,-8,1155.0499999999884,547.0499999999884,0.47443833600277524
27385,20,606.8499999999767,2025-03-13,-5,606.8499999999767,-125.65000000002328,0.0
16832,2,606.8499999999767,2023-12-20,-8,606.8499999999767,146.84999999997672,0.0
32381,13,606.3500000000058,2025-10-15,5,606.3500000000058,-166.14999999999418,0.0
32929,2,605.8499999999767,2025-11-11,-4,605.8499999999767,307.8499999999767,0.0
27660,6,605.8499999999767,2025-03-26,-9,605.8499999999767,290.8499999999767,0.0
6447,14,605.3500000000058,2022-09-29,-8,605.3500000000058,-178.64999999999418,0.0
33361,2,605.3499999999767,2025-12-01,-5,605.3499999999767,452.8499999999767,0.0
15452,3,604.8500000000058,2023-10-23,6,604.8500000000058,373.8500000000058,0.0
22778,3,604.3499999999767,2024-09-03,-6,604.3499999999767,202.34999999997672,0.0
31357,2,603.8499999999767,2025-09-02,-5,603.8499999999767,286.3499999999767,0.0
19697,2,603.7000000000116,2024-04-19,6,603.7000000000116,357.70000000001164,0.0
23233,6,603.3500000000058,2024-09-19,5,603.3500000000058,245.85000000000582,0.0
13776,25,603.3500000000058,2023-08-14,8,603.3500000000058,-24.64999999999418,0.0
241,4,602.8500000000058,2022-01-10,6,602.8500000000058,188.85000000000582,0.0
5820,2,602.8499999999767,2022-09-02,-8,602.8499999999767,210.84999999997672,0.0
34292,1,602.8499999999767,2026-01-12,-8,602.8499999999767,602.8499999999767,0.0
15231,28,602.7000000000407,2023-10-13,-8,1178.7000000000407,-165.29999999995925,0.48867396284040054
35925,6,602.3500000000058,2026-03-19,5,602.3500000000058,-100.14999999999418,0.0
18555,78,602.3499999999985,2024-03-01,2,722.3499999999985,-37.650000000001455,0.1661244549041327
35064,10,602.3499999999767,2026-02-12,-6,602.3499999999767,-213.65000000002328,0.0
17745,20,601.7000000000116,2024-01-30,-10,1171.7000000000116,41.70000000001164,0.4864726465818847
35019,4,601.3500000000058,2026-02-11,-2,601.3500000000058,176.35000000000582,0.0
25576,3,600.8499999999767,2024-12-27,-5,600.8499999999767,165.84999999997672,0.0
8697,2,600.7000000000116,2023-01-10,6,600.7000000000116,138.70000000001164,0.0
27938,3,600.6999999999971,2025-04-04,2,600.6999999999971,-0.3000000000029104,0.0
34407,4,600.3499999999767,2026-01-15,-5,600.3499999999767,30.349999999976717,0.0
2212,7,600.0499999999811,2022-04-06,5,600.0499999999811,-267.4500000000189,0.0
17834,7,599.8500000000058,2024-02-01,7,599.8500000000058,-44.14999999999418,0.0
35315,6,599.8499999999767,2026-02-23,-7,599.8499999999767,-110.65000000002328,0.0
138,1,599.7000000000116,2022-01-06,7,599.7000000000116,599.7000000000116,0.0
33435,1,599.7000000000116,2025-12-03,-5,599.7000000000116,599.7000000000116,0.0
3486,9,599.1999999999971,2022-05-26,5,599.1999999999971,-13.30000000000291,0.0
36120,43,598.8500000000058,2026-03-30,8,598.8500000000058,-485.1499999999942,0.0
35926,16,598.8500000000058,2026-03-19,6,598.8500000000058,-460.1499999999942,0.0
34857,8,598.8499999999767,2026-02-04,-5,598.8499999999767,-586.1500000000233,0.0
19341,11,598.8499999999767,2024-04-05,8,598.8499999999767,-285.1500000000233,0.0
27206,27,597.8500000000058,2025-03-05,6,1794.8500000000058,204.85000000000582,0.6669080981697614
19300,107,597.3500000000058,2024-04-04,5,967.3500000000058,-192.64999999999418,0.3824882410709648
18893,7,597.3499999999767,2024-03-15,-7,597.3499999999767,100.34999999997672,0.0
37230,16,597.3499999999767,2026-05-15,-4,597.3499999999767,-32.65000000002328,0.0
7352,5,596.8500000000058,2022-11-09,-5,596.8500000000058,14.35000000000582,0.0
105,16,596.8499999999767,2022-01-05,-7,1114.8499999999767,99.84999999997672,0.46463649818362185
22191,64,595.8500000000058,2024-08-06,8,2487.850000000006,155.85000000000582,0.7604960106115705
31886,1,595.8499999999767,2025-09-25,-7,595.8499999999767,595.8499999999767,0.0
31081,5,595.3499999999767,2025-08-21,-6,595.3499999999767,175.34999999997672,0.0
18713,25,594.8500000000058,2024-03-08,-4,1032.8500000000058,154.85000000000582,0.42406932274773446
15109,57,594.8499999999767,2023-10-09,-8,594.8499999999767,-101.15000000002328,0.0
32412,2,594.7000000000116,2025-10-16,-8,594.7000000000116,286.70000000001164,0.0
8698,7,594.7000000000116,2023-01-10,8,594.7000000000116,-505.29999999998836,0.0
36672,48,594.3499999999767,2026-04-23,-5,594.3499999999767,-68.15000000002328,0.0
29381,45,593.8500000000058,2025-06-10,4,817.8500000000058,-44.14999999999418,0.2738888549244952
4204,8,593.3500000000058,2022-06-27,-7,593.3500000000058,159.35000000000582,0.0
21720,22,593.3500000000058,2024-07-18,7,593.3500000000058,-85.64999999999418,0.0
21546,9,593.3499999999767,2024-07-11,-8,1093.3499999999767,109.34999999997672,0.4573101019801625
6045,13,592.8500000000058,2022-09-14,6,592.8500000000058,79.85000000000582,0.0
19827,2,592.8499999999767,2024-04-25,9,592.8499999999767,111.34999999997672,0.0
4006,6,591.8500000000058,2022-06-17,5,591.8500000000058,-160.64999999999418,0.0
10908,8,591.8500000000058,2023-04-13,9,591.8500000000058,56.35000000000582,0.0
7964,15,591.8500000000058,2022-12-06,-3,795.8500000000058,183.85000000000582,0.25632971037255575
3930,36,591.8500000000058,2022-06-15,5,591.8500000000058,-310.6499999999942,0.0
12196,6,591.3500000000058,2023-06-08,6,591.3500000000058,42.35000000000582,0.0
22111,4,591.2000000000116,2024-08-01,-3,591.2000000000116,144.20000000001164,0.0
29316,4,590.8499999999767,2025-06-05,-8,1494.8499999999767,590.8499999999767,0.6047429507977483
397,8,589.8500000000058,2022-01-18,-5,589.8500000000058,-197.64999999999418,0.0
3375,3,589.7000000000116,2022-05-23,-4,589.7000000000116,19.70000000001164,0.0
20932,7,589.7000000000116,2024-06-13,-8,589.7000000000116,-158.29999999998836,0.0
27428,4,589.3500000000058,2025-03-14,6,589.3500000000058,52.35000000000582,0.0
34326,4,589.3499999999767,2026-01-13,-5,589.3499999999767,-53.15000000002328,0.0
361,7,588.8500000000058,2022-01-14,5,588.8500000000058,-21.14999999999418,0.0
36159,57,588.8500000000058,2026-03-31,5,588.8500000000058,-361.1499999999942,0.0
27278,11,588.8500000000058,2025-03-10,-5,588.8500000000058,-68.64999999999418,0.0
32411,4,588.8499999999767,2025-10-16,-6,588.8499999999767,-386.1500000000233,0.0
36754,12,588.7000000000116,2026-04-27,-5,588.7000000000116,-173.79999999998836,0.0
27119,2,587.8500000000058,2025-03-03,-4,587.8500000000058,393.8500000000058,0.0
28317,12,587.8500000000058,2025-04-24,5,587.8500000000058,-29.64999999999418,0.0
35718,7,587.8499999999767,2026-03-11,-4,587.8499999999767,41.84999999997672,0.0
7397,4,587.6999999999825,2022-11-11,-8,587.6999999999825,19.699999999982538,0.0
6080,15,587.3499999999767,2022-09-15,-8,587.3499999999767,-244.65000000002328,0.0
36018,1,587.0499999999884,2026-03-24,4,587.0499999999884,587.0499999999884,0.0
1821,12,587.0499999999884,2022-03-21,-5,587.0499999999884,-132.95000000001164,0.0
21602,3,586.8500000000058,2024-07-12,-4,586.8500000000058,130.85000000000582,0.0
24465,5,586.8499999999767,2024-11-11,-7,586.8499999999767,-158.65000000002328,0.0
19536,4,586.8499999999767,2024-04-12,-7,586.8499999999767,222.84999999997672,0.0
6442,4,586.3500000000058,2022-09-29,-7,586.3500000000058,-15.64999999999418,0.0
4603,1,586.3500000000058,2022-07-13,6,586.3500000000058,586.3500000000058,0.0
29340,9,586.0499999999884,2025-06-06,6,586.0499999999884,220.04999999998836,0.0
15022,23,585.8500000000058,2023-10-04,5,585.8500000000058,-19.14999999999418,0.0
32622,1,585.8499999999767,2025-10-29,-4,585.8499999999767,585.8499999999767,0.0
17163,15,584.7000000000116,2024-01-05,10,1164.7000000000116,-365.29999999998836,0.4979823130419801
15629,9,583.8500000000058,2023-10-30,7,1070.3500000000058,356.3500000000058,0.45452422104918705
1624,36,583.8500000000058,2022-03-11,3,1056.3500000000058,-266.6499999999942,0.4472949306574501
31555,7,583.8499999999767,2025-09-10,-7,583.8499999999767,48.34999999997672,0.0
2925,3,583.3500000000058,2022-05-04,-3,583.3500000000058,160.35000000000582,0.0
29659,75,583.3499999999767,2025-06-20,8,583.3499999999767,-324.6500000000233,0.0
36129,5,582.8500000000058,2026-03-30,5,582.8500000000058,-292.1499999999942,0.0
33110,9,582.8500000000058,2025-11-18,-2,582.8500000000058,9.85000000000582,0.0
21208,4,582.8499999999767,2024-06-25,9,582.8499999999767,-83.15000000002328,0.0
33439,4,582.7000000000116,2025-12-03,-6,582.7000000000116,297.70000000001164,0.0
3657,1,582.7000000000116,2022-06-03,-6,582.7000000000116,582.7000000000116,0.0
32276,2,582.3499999999767,2025-10-10,-5,582.3499999999767,122.34999999997672,0.0
34779,2,582.3499999999767,2026-01-30,-9,582.3499999999767,325.8499999999767,0.0
11052,53,581.8500000000058,2023-04-20,-6,854.8500000000058,116.85000000000582,0.31935427267941524
10907,21,581.7000000000116,2023-04-13,10,1191.7000000000116,-408.29999999998836,0.5118737937400303
2711,6,581.3500000000058,2022-04-27,8,581.3500000000058,-6.649999999994179,0.0
28146,30,581.3499999999767,2025-04-16,-6,1511.3499999999767,95.34999999997672,0.6153438978396892
1366,3,580.8500000000058,2022-03-01,-8,580.8500000000058,12.85000000000582,0.0
35323,13,580.8499999999767,2026-02-23,-5,580.8499999999767,-219.15000000002328,0.0
33709,4,580.7000000000116,2025-12-12,-5,580.7000000000116,-114.29999999998836,0.0
29915,130,580.6999999999971,2025-07-02,4,588.6999999999971,-35.30000000000291,0.01358926448106003
6898,2,580.3500000000058,2022-10-19,-7,580.3500000000058,-130.14999999999418,0.0
29519,10,580.3499999999767,2025-06-13,-6,580.3499999999767,22.349999999976717,0.0
6076,6,579.8500000000058,2022-09-15,-7,579.8500000000058,-438.6499999999942,0.0
29150,6,579.8499999999767,2025-05-29,-6,579.8499999999767,-74.15000000002328,0.0
30683,3,579.8499999999767,2025-08-05,-7,579.8499999999767,-106.15000000002328,0.0
29202,73,579.8499999999767,2025-06-02,-5,579.8499999999767,-340.1500000000233,0.0
30587,10,579.7000000000116,2025-07-31,-8,579.7000000000116,-84.29999999998836,0.0
37053,31,578.8500000000058,2026-05-08,5,578.8500000000058,61.35000000000582,0.0
4088,11,577.3500000000058,2022-06-22,5,1137.3500000000058,272.3500000000058,0.49237262056534675
35964,4,576.8499999999767,2026-03-23,-3,576.8499999999767,116.34999999997672,0.0
7108,23,576.3500000000058,2022-10-28,5,1078.8500000000058,-56.14999999999418,0.46577374055707216
9488,3,576.2000000000116,2023-02-14,-5,576.2000000000116,261.20000000001164,0.0
6371,12,575.8500000000058,2022-09-27,4,575.8500000000058,109.85000000000582,0.0
15520,11,575.8500000000058,2023-10-25,-5,575.8500000000058,-96.64999999999418,0.0
910,3,575.7000000000116,2022-02-10,-8,575.7000000000116,-136.29999999998836,0.0
28187,5,575.3500000000058,2025-04-17,-4,575.3500000000058,113.35000000000582,0.0
37057,4,575.3500000000058,2026-05-08,5,575.3500000000058,130.35000000000582,0.0
24195,3,575.3499999999767,2024-10-29,8,575.3499999999767,263.3499999999767,0.0
18799,8,575.3499999999767,2024-03-13,-8,575.3499999999767,-20.650000000023283,0.0
6010,9,575.3499999999767,2022-09-13,-8,575.3499999999767,-44.65000000002328,0.0
2039,4,574.8500000000058,2022-03-30,-5,574.8500000000058,-32.64999999999418,0.0
19910,11,574.8499999999767,2024-04-30,-9,574.8499999999767,-136.15000000002328,0.0
958,24,574.8499999999767,2022-02-11,8,574.8499999999767,-497.1500000000233,0.0
36628,1,574.7000000000407,2026-04-21,-3,574.7000000000407,574.7000000000407,0.0
28520,2,574.7000000000116,2025-05-02,9,574.7000000000116,120.20000000001164,0.0
12548,20,574.7000000000116,2023-06-23,-10,1174.7000000000116,-15.299999999988358,0.5107687069038853
3358,2,574.5499999999956,2022-05-20,5,574.5499999999956,-35.450000000004366,0.0
6959,5,574.3500000000058,2022-10-21,8,574.3500000000058,98.35000000000582,0.0
426,11,574.2000000000116,2022-01-18,-5,574.2000000000116,-30.79999999998836,0.0
2845,4,573.8499999999985,2022-05-02,2,573.8499999999985,3.849999999998545,0.0
31887,4,573.8499999999767,2025-09-25,-8,1261.8499999999767,277.8499999999767,0.5452312081467787
18303,3,573.8499999999767,2024-02-21,-6,573.8499999999767,60.84999999997672,0.0
35831,41,572.8500000000058,2026-03-17,2,871.8500000000058,26.85000000000582,0.34294890176062165
6097,10,572.8500000000058,2022-09-15,-7,572.8500000000058,51.35000000000582,0.0
30677,3,572.8499999999767,2025-08-05,-5,572.8499999999767,160.34999999997672,0.0
24732,6,572.7000000000116,2024-11-20,-8,572.7000000000116,-315.29999999998836,0.0
9500,1,572.5499999999884,2023-02-14,-8,572.5499999999884,572.5499999999884,0.0
33805,15,572.3500000000058,2025-12-16,5,572.3500000000058,-340.1499999999942,0.0
28021,5,572.3499999999913,2025-04-09,6,572.3499999999913,-390.65000000000873,0.0
26544,13,572.3499999999767,2025-02-07,-5,572.3499999999767,-90.15000000002328,0.0
4891,18,572.0499999999956,2022-07-27,5,914.5499999999956,179.54999999999563,0.37450112076977926
33028,4,571.8500000000058,2025-11-14,4,571.8500000000058,-120.14999999999418,0.0
17106,10,571.8499999999767,2024-01-03,-8,571.8499999999767,-276.1500000000233,0.0
32953,2,571.8499999999767,2025-11-12,-8,571.8499999999767,-128.15000000002328,0.0
539,5,571.7000000000262,2022-01-21,4,571.7000000000262,-406.2999999999738,0.0
37059,3,571.3500000000058,2026-05-08,5,571.3500000000058,231.35000000000582,0.0
28517,18,570.8500000000058,2025-05-02,5,570.8500000000058,-71.64999999999418,0.0
6511,9,570.8500000000058,2022-10-03,8,570.8500000000058,-233.14999999999418,0.0
2147,91,570.3499999999985,2022-04-04,2,772.3499999999985,106.34999999999854,0.26153945749983865
7354,8,570.2000000000116,2022-11-09,-5,570.2000000000116,-44.79999999998836,0.0
12910,16,569.8500000000058,2023-07-10,7,569.8500000000058,-81.14999999999418,0.0
25690,58,569.8499999999767,2025-01-02,8,569.8499999999767,-582.1500000000233,0.0
27657,13,569.7000000000116,2025-03-26,-10,1239.7000000000116,569.7000000000116,0.5404533354843863
620,3,569.3500000000058,2022-01-25,-4,569.3500000000058,-164.64999999999418,0.0
7049,1,569.1999999999971,2022-10-26,-3,569.1999999999971,569.1999999999971,0.0
11079,21,568.8500000000058,2023-04-20,-7,873.3500000000058,-103.14999999999418,0.3486574683689219
34825,5,568.8499999999767,2026-02-03,-4,568.8499999999767,36.84999999997672,0.0
19921,3,568.8499999999767,2024-04-30,-10,1628.8499999999767,568.8499999999767,0.6507658777665317
32278,1,568.8499999999767,2025-10-10,-9,568.8499999999767,568.8499999999767,0.0
27531,6,568.3500000000058,2025-03-19,5,568.3500000000058,-209.14999999999418,0.0
1400,6,568.3500000000058,2022-03-02,6,568.3500000000058,-316.6499999999942,0.0
9152,2,567.3500000000058,2023-01-31,8,567.3500000000058,371.3500000000058,0.0
22862,3,566.8500000000058,2024-09-05,4,566.8500000000058,146.85000000000582,0.0
34409,8,566.8499999999185,2026-01-15,-8,566.8499999999185,-301.1500000000815,0.0
32335,1,566.7000000000116,2025-10-14,-7,566.7000000000116,566.7000000000116,0.0
21307,9,566.5500000000029,2024-06-28,3,757.0500000000029,-40.94999999999709,0.2516346344362978
8183,105,566.3500000000058,2022-12-15,-5,961.3500000000058,81.35000000000582,0.41088053258438406
1914,1,566.3499999999476,2022-03-24,8,566.3499999999476,566.3499999999476,0.0
9325,2,566.0500000000029,2023-02-07,5,566.0500000000029,-23.94999999999709,0.0
27090,3,565.8500000000058,2025-02-28,3,565.8500000000058,1.8500000000058208,0.0
19953,3,565.8500000000058,2024-05-01,6,565.8500000000058,316.8500000000058,0.0
2842,2,565.8500000000058,2022-05-02,3,565.8500000000058,346.8500000000058,0.0
9238,2,565.75,2023-02-02,-8,565.75,-42.25,0.0
35313,8,565.5499999999593,2026-02-23,-5,565.5499999999593,-344.45000000004075,0.0
37507,4,565.3499999999767,2026-05-27,-5,565.3499999999767,-99.65000000002328,0.0
3151,4,565.0499999999811,2022-05-12,5,565.0499999999811,-472.4500000000189,0.0
21932,12,565.0499999999593,2024-07-25,8,1877.0499999999593,53.049999999959255,0.6989691270877326
1637,12,564.3500000000058,2022-03-11,-5,564.3500000000058,-30.64999999999418,0.0
26547,8,564.3499999999767,2025-02-07,-8,564.3499999999767,-79.65000000002328,0.0
32961,3,564.3499999999767,2025-11-12,-5,564.3499999999767,274.3499999999767,0.0
4612,11,564.2000000000116,2022-07-13,5,564.2000000000116,-135.79999999998836,0.0
22721,6,563.8500000000058,2024-08-30,6,563.8500000000058,-201.14999999999418,0.0
6894,10,563.8500000000058,2022-10-19,-8,563.8500000000058,-376.1499999999942,0.0
31705,1,563.5499999999884,2025-09-17,5,563.5499999999884,563.5499999999884,0.0
26245,29,562.8500000000058,2025-01-27,6,1258.8500000000058,-175.14999999999418,0.5528855701632417
10006,8,562.8500000000058,2023-03-07,4,562.8500000000058,-1.1499999999941792,0.0
2727,6,562.8500000000058,2022-04-27,3,562.8500000000058,70.85000000000582,0.0
2430,1,562.8499999999767,2022-04-14,-7,562.8499999999767,562.8499999999767,0.0
33695,6,562.8499999999767,2025-12-12,-8,562.8499999999767,246.84999999997672,0.0
3059,29,562.3500000000058,2022-05-10,5,562.3500000000058,-167.64999999999418,0.0
367,5,562.3500000000058,2022-01-14,4,562.3500000000058,38.35000000000582,0.0
5288,2,562.3500000000058,2022-08-12,5,562.3500000000058,192.35000000000582,0.0
7442,1,561.8500000000058,2022-11-14,-7,561.8500000000058,561.8500000000058,0.0
23397,1,561.8499999999767,2024-09-26,-8,561.8499999999767,561.8499999999767,0.0
27426,6,561.3500000000058,2025-03-14,4,561.3500000000058,135.35000000000582,0.0
8952,66,561.3500000000058,2023-01-20,5,906.3500000000058,-176.14999999999418,0.3806476526728061
8663,187,560.8499999999985,2023-01-09,2,852.8499999999985,-87.15000000000146,0.342381426980126
36560,27,560.8499999999767,2026-04-20,-6,560.8499999999767,-45.15000000002328,0.0
6007,6,560.3499999999767,2022-09-13,-9,560.3499999999767,-119.15000000002328,0.0
36069,6,559.8499999999767,2026-03-26,-5,559.8499999999767,-35.15000000002328,0.0
8302,27,558.8500000000131,2022-12-21,4,874.8500000000131,-49.1499999999869,0.3612047779619309
14030,25,558.8500000000058,2023-08-24,-5,558.8500000000058,-213.64999999999418,0.0
1864,2,558.8499999999767,2022-03-23,-7,558.8499999999767,282.3499999999767,0.0
35059,1,558.3499999999767,2026-02-12,-7,558.3499999999767,558.3499999999767,0.0
32364,2,557.8500000000058,2025-10-15,5,557.8500000000058,67.85000000000582,0.0
23097,1,557.7000000000407,2024-09-16,-5,557.7000000000407,557.7000000000407,0.0
25796,6,557.3499999999767,2025-01-07,-5,557.3499999999767,-120.15000000002328,0.0
6425,8,556.8500000000058,2022-09-29,-4,556.8500000000058,54.85000000000582,0.0
1743,42,556.8500000000058,2022-03-17,-5,556.8500000000058,-253.14999999999418,0.0
7158,11,556.8500000000058,2022-11-01,5,556.8500000000058,54.35000000000582,0.0
36066,55,556.3999999999942,2026-03-26,-6,1315.3999999999942,-571.6000000000058,0.5770107951953803
21700,5,556.3499999999767,2024-07-17,-6,556.3499999999767,70.34999999997672,0.0
33846,22,556.0500000000029,2025-12-18,8,1904.050000000003,-383.9499999999971,0.7079646017699104
35268,5,555.8500000000058,2026-02-20,6,555.8500000000058,-584.1499999999942,0.0
9023,160,555.6999999999825,2023-01-25,-8,1179.6999999999825,139.69999999998254,0.5289480376366951
5934,8,555.3500000000058,2022-09-08,-7,555.3500000000058,26.85000000000582,0.0
34757,30,555.3499999999767,2026-01-30,-3,555.3499999999767,-7.150000000023283,0.0
29655,3,554.8499999999767,2025-06-20,8,554.8499999999767,82.84999999997672,0.0
18627,2,554.8499999999767,2024-03-05,8,554.8499999999767,110.84999999997672,0.0
147,9,554.8499999999767,2022-01-06,8,554.8499999999767,-649.1500000000233,0.0
17041,7,554.5499999999884,2024-01-02,-7,1121.5499999999884,292.04999999998836,0.5055503544202272
3269,8,553.8500000000058,2022-05-18,-5,553.8500000000058,43.85000000000582,0.0
1254,4,553.8500000000058,2022-02-24,4,553.8500000000058,15.85000000000582,0.0
21795,6,553.8500000000058,2024-07-19,-4,553.8500000000058,-24.14999999999418,0.0
3671,3,553.7000000000116,2022-06-03,-6,553.7000000000116,226.70000000001164,0.0
28643,1,553.3999999999942,2025-05-07,4,553.3999999999942,553.3999999999942,0.0
665,70,553.3500000000058,2022-01-27,8,2945.350000000006,-854.6499999999942,0.8121275909484426
34160,19,553.3500000000058,2026-01-06,4,859.3500000000058,351.3500000000058,0.35608308605341005
33001,33,553.3499999999767,2025-11-13,-6,1456.3499999999767,-301.6500000000233,0.6200432588320215
9502,8,553.0499999999884,2023-02-14,-7,553.0499999999884,-27.95000000001164,0.0
32093,8,552.7000000000116,2025-10-03,-8,552.7000000000116,-127.29999999998836,0.0
9789,102,552.3500000000058,2023-02-27,6,891.3500000000058,-221.64999999999418,0.38032198350815927
6763,1,552.3499999999985,2022-10-13,3,552.3499999999985,552.3499999999985,0.0
31280,56,552.3499999999767,2025-08-29,-9,552.3499999999767,-109.15000000002328,0.0
22202,10,551.8500000000058,2024-08-07,5,551.8500000000058,-263.1499999999942,0.0
29654,3,551.3500000000058,2025-06-20,7,551.3500000000058,166.35000000000582,0.0
15271,9,551.2000000000116,2023-10-16,5,551.2000000000116,26.20000000001164,0.0
33254,13,550.8500000000058,2025-11-25,-2,550.8500000000058,-4.149999999994179,0.0
7122,23,550.8500000000058,2022-10-31,-5,550.8500000000058,-234.14999999999418,0.0
10195,85,550.8499999999985,2023-03-14,3,946.8499999999985,-76.15000000000146,0.41822886412842647
1552,1,550.3500000000058,2022-03-08,6,550.3500000000058,550.3500000000058,0.0
24238,8,550.3499999999767,2024-10-30,-7,550.3499999999767,109.34999999997672,0.0
28273,11,549.8500000000058,2025-04-23,4,549.8500000000058,31.85000000000582,0.0
24859,11,549.8499999999767,2024-11-25,-5,549.8499999999767,-182.65000000002328,0.0
8652,2,549.3500000000058,2023-01-06,7,549.3500000000058,276.3500000000058,0.0
26435,5,549.3499999999767,2025-02-04,-8,549.3499999999767,-2.650000000023283,0.0
14462,18,548.7000000000116,2023-09-12,-8,548.7000000000116,-115.29999999998836,0.0
25464,18,548.3500000000058,2024-12-19,-3,548.3500000000058,-324.6499999999942,0.0
22118,143,548.3500000000058,2024-08-02,-2,881.3500000000058,-197.64999999999418,0.3778294661598659
37268,16,548.3500000000058,2026-05-18,5,548.3500000000058,-274.1499999999942,0.0
34679,2,548.3499999999767,2026-01-28,-7,548.3499999999767,404.8499999999767,0.0
31065,16,548.0499999999884,2025-08-20,5,548.0499999999884,-31.95000000001164,0.0
10219,3,547.8500000000058,2023-03-15,-5,547.8500000000058,222.85000000000582,0.0
11173,1,547.8500000000058,2023-04-25,-7,547.8500000000058,547.8500000000058,0.0
36361,19,547.8499999999767,2026-04-08,-7,600.3499999999767,-85.65000000002328,0.08744898809028406
28167,24,547.8499999999476,2025-04-16,-5,547.8499999999476,-144.6500000000524,0.0
27609,2,547.3500000000058,2025-03-21,6,547.3500000000058,169.35000000000582,0.0
6820,1,546.8500000000058,2022-10-17,8,546.8500000000058,546.8500000000058,0.0
23194,8,546.8500000000058,2024-09-18,2,546.8500000000058,-19.14999999999418,0.0
29730,20,546.8500000000058,2025-06-23,5,546.8500000000058,21.85000000000582,0.0
24783,29,546.8499999999767,2024-11-21,-5,546.8499999999767,-165.65000000002328,0.0
27400,10,546.8499999999476,2025-03-13,-5,546.8499999999476,-388.1500000000524,0.0
27610,20,546.3500000000058,2025-03-21,7,605.8500000000058,210.35000000000582,0.09820912767186503
18809,6,546.3500000000058,2024-03-13,-5,546.3500000000058,-143.64999999999418,0.0
32807,22,545.3500000000058,2025-11-05,8,545.3500000000058,-106.64999999999418,0.0
21968,6,545.3500000000058,2024-07-26,7,545.3500000000058,-151.14999999999418,0.0
22225,9,545.3500000000058,2024-08-08,5,545.3500000000058,-52.14999999999418,0.0
29163,22,545.3499999999767,2025-05-29,-6,614.3499999999767,194.34999999997672,0.1123138276226949
11008,7,544.8500000000058,2023-04-18,-7,544.8500000000058,12.85000000000582,0.0
29345,8,544.3500000000058,2025-06-06,5,544.3500000000058,64.35000000000582,0.0
16724,9,543.8500000000058,2023-12-14,-5,543.8500000000058,-66.14999999999418,0.0
9504,1,543.8499999999767,2023-02-14,-9,543.8499999999767,543.8499999999767,0.0
36990,2,543.8499999999767,2026-05-06,-5,543.8499999999767,158.84999999997672,0.0
19516,6,543.8499999999767,2024-04-12,-9,543.8499999999767,-279.6500000000233,0.0
22515,6,543.7000000000116,2024-08-22,-6,543.7000000000116,30.70000000001164,0.0
13313,1,543.7000000000116,2023-07-26,-4,543.7000000000116,543.7000000000116,0.0
4186,2,543.3500000000058,2022-06-27,-5,543.3500000000058,335.8500000000058,0.0
8125,5,543.3500000000058,2022-12-13,-5,543.3500000000058,10.85000000000582,0.0
12550,2,543.3499999999767,2023-06-23,-8,543.3499999999767,195.34999999997672,0.0
7310,4,542.8500000000058,2022-11-08,-8,542.8500000000058,-85.14999999999418,0.0
7377,14,542.8500000000058,2022-11-10,9,542.8500000000058,-577.6499999999942,0.0
9160,7,542.8500000000058,2023-01-31,8,542.8500000000058,150.85000000000582,0.0
3483,2,542.8500000000058,2022-05-26,3,542.8500000000058,137.85000000000582,0.0
30720,19,542.8500000000058,2025-08-06,6,542.8500000000058,-39.14999999999418,0.0
27411,4,542.7000000000116,2025-03-13,-5,542.7000000000116,127.70000000001164,0.0
18096,10,542.7000000000116,2024-02-13,10,1267.7000000000116,452.70000000001164,0.5719018695274855
12330,15,540.8500000000058,2023-06-14,-4,540.8500000000058,-73.14999999999418,0.0
34739,13,540.8499999999767,2026-01-30,-5,540.8499999999767,-319.1500000000233,0.0
26925,11,540.7000000000407,2025-02-24,8,540.7000000000407,-655.2999999999593,0.0
23108,7,540.7000000000116,2024-09-16,-6,540.7000000000116,-23.29999999998836,0.0
24290,3,540.3500000000058,2024-11-01,5,540.3500000000058,32.85000000000582,0.0
37487,93,540.3499999999913,2026-05-27,2,767.3499999999913,-38.65000000000873,0.29582328793901425
31023,19,540.1999999999825,2025-08-19,-5,960.1999999999825,-192.30000000001746,0.43740887315143473
22651,7,539.8500000000058,2024-08-28,-4,539.8500000000058,129.85000000000582,0.0
4688,5,539.8500000000058,2022-07-18,-8,539.8500000000058,-72.14999999999418,0.0
23865,53,539.3499999999767,2024-10-15,-8,1475.3499999999767,-404.6500000000233,0.6344257294879281
25782,1,539.0499999999884,2025-01-07,-5,539.0499999999884,539.0499999999884,0.0
2414,27,538.8500000000058,2022-04-13,8,1222.8500000000058,42.85000000000582,0.559349061618348
25694,51,538.8499999999767,2025-01-02,9,538.8499999999767,-460.1500000000233,0.0
10407,14,538.3500000000058,2023-03-23,7,538.3500000000058,111.35000000000582,0.0
19780,13,537.7000000000116,2024-04-24,-8,537.7000000000116,-386.29999999998836,0.0
28539,2,537.7000000000116,2025-05-05,-6,537.7000000000116,-17.29999999998836,0.0
35480,20,537.3999999999942,2026-03-02,4,1205.3999999999942,221.39999999999418,0.5541728886676649
6145,10,537.3500000000058,2022-09-19,-7,537.3500000000058,92.85000000000582,0.0
35272,1,537.3500000000058,2026-02-20,6,537.3500000000058,537.3500000000058,0.0
14842,11,537.3500000000058,2023-09-27,7,925.8500000000058,-180.14999999999418,0.41961440838148467
10109,19,536.8500000000058,2023-03-10,5,536.8500000000058,-80.64999999999418,0.0
35380,2,536.8499999999767,2026-02-26,-5,536.8499999999767,74.34999999997672,0.0
5639,1,536.5499999999884,2022-08-26,-6,536.5499999999884,536.5499999999884,0.0
26977,5,536.3500000000058,2025-02-25,5,536.3500000000058,-31.14999999999418,0.0
2412,5,536.3500000000058,2022-04-13,6,536.3500000000058,53.35000000000582,0.0
24799,1,536.3500000000058,2024-11-21,-5,536.3500000000058,536.3500000000058,0.0
17428,13,536.3500000000058,2024-01-17,-5,536.3500000000058,-16.14999999999418,0.0
152,1,536.3499999999767,2022-01-06,9,536.3499999999767,536.3499999999767,0.0
18507,1,535.9499999999898,2024-02-29,9,535.9499999999898,535.9499999999898,0.0
21710,2,535.3499999999767,2024-07-17,-5,535.3499999999767,160.34999999997672,0.0
29808,14,535.3499999999767,2025-06-27,-4,535.3499999999767,-24.650000000023283,0.0
35481,4,534.8500000000058,2026-03-02,3,534.8500000000058,120.85000000000582,0.0
34,7,534.8499999999767,2022-01-03,9,534.8499999999767,80.34999999997672,0.0
31049,12,534.3500000000058,2025-08-20,-2,722.3500000000058,138.35000000000582,0.2602616460164719
15006,5,534.3500000000058,2023-10-03,-5,534.3500000000058,196.85000000000582,0.0
30244,3,534.3499999999913,2025-07-16,5,534.3499999999913,-185.65000000000873,0.0
9343,15,534.3499999999476,2023-02-07,10,1489.3499999999476,-230.6500000000524,0.6412193238661387
28195,27,534.2000000000116,2025-04-17,-5,534.2000000000116,-438.29999999998836,0.0
27077,4,534.2000000000116,2025-02-28,7,534.2000000000116,-788.7999999999884,0.0
22162,18,533.8500000000058,2024-08-05,-2,533.8500000000058,-126.14999999999418,0.0
35014,20,533.8500000000058,2026-02-11,6,1223.8500000000058,-81.14999999999418,0.5637945826694422
34950,15,533.3499999999767,2026-02-09,-5,533.3499999999767,-166.65000000002328,0.0
26217,6,533.2000000000116,2025-01-24,-7,533.2000000000116,162.20000000001164,0.0
32361,36,532.8500000000058,2025-10-15,6,532.8500000000058,-523.1499999999942,0.0
22795,9,532.8499999999767,2024-09-03,-7,532.8499999999767,-34.15000000002328,0.0
7524,38,532.3500000000058,2022-11-17,-4,896.3500000000058,-39.64999999999418,0.406091370558373
27362,2,532.3500000000058,2025-03-12,3,532.3500000000058,250.35000000000582,0.0
6445,8,532.3500000000058,2022-09-29,-6,532.3500000000058,-22.64999999999418,0.0
22068,2,532.3500000000058,2024-07-31,4,532.3500000000058,188.35000000000582,0.0
36988,2,532.0499999999884,2026-05-06,-5,532.0499999999884,77.04999999998836,0.0
37116,19,531.7000000000116,2026-05-12,-5,531.7000000000116,-288.29999999998836,0.0
963,2,531.7000000000116,2022-02-11,5,531.7000000000116,291.70000000001164,0.0
6827,26,531.3500000000058,2022-10-17,9,531.3500000000058,-166.14999999999418,0.0
37426,5,531.3500000000058,2026-05-25,4,531.3500000000058,133.35000000000582,0.0
26923,2,531.3500000000058,2025-02-24,5,531.3500000000058,361.3500000000058,0.0
14117,143,531.3499999999985,2023-08-29,1,535.8499999999985,-26.150000000001455,0.00839787253895682
34287,1,531.3499999999767,2026-01-12,-5,531.3499999999767,531.3499999999767,0.0
31056,5,531.0499999999884,2025-08-20,5,531.0499999999884,-51.45000000001164,0.0
19520,2,530.3499999999767,2024-04-12,-9,530.3499999999767,-23.150000000023283,0.0
15409,4,529.8500000000058,2023-10-19,-4,529.8500000000058,3.8500000000058208,0.0
31060,4,529.7000000000116,2025-08-20,6,529.7000000000116,52.70000000001164,0.0
18794,5,529.3499999999767,2024-03-13,-8,529.3499999999767,-26.650000000023283,0.0
21695,5,529.2000000000116,2024-07-17,-5,529.2000000000116,21.70000000001164,0.0
29728,2,528.8500000000058,2025-06-23,5,528.8500000000058,243.85000000000582,0.0
34769,14,528.8499999999767,2026-01-30,-5,528.8499999999767,-473.6500000000233,0.0
9716,17,527.8500000000058,2023-02-22,4,527.8500000000058,-58.14999999999418,0.0
18655,2,527.7000000000116,2024-03-06,-7,527.7000000000116,335.20000000001164,0.0
29559,33,527.3500000000058,2025-06-16,6,527.3500000000058,-207.64999999999418,0.0
27775,11,527.3500000000058,2025-03-31,6,527.3500000000058,-477.6499999999942,0.0
35870,3,527.3499999999767,2026-03-18,-5,527.3499999999767,-7.650000000023283,0.0
36884,53,526.8500000000058,2026-04-30,5,526.8500000000058,-518.1499999999942,0.0
26549,22,526.8499999999767,2025-02-07,-8,526.8499999999767,-101.15000000002328,0.0
21726,10,526.8499999999476,2024-07-18,8,526.8499999999476,26.849999999947613,0.0
31818,4,526.7000000000116,2025-09-23,-8,1046.7000000000116,286.70000000001164,0.496799464985186
522,24,526.3500000000058,2022-01-21,5,526.3500000000058,-133.64999999999418,0.0
9868,5,526.3500000000058,2023-03-01,8,526.3500000000058,6.350000000005821,0.0
28189,3,526.3499999999767,2025-04-17,-6,526.3499999999767,-169.65000000002328,0.0
32439,1,526.0500000000029,2025-10-17,4,526.0500000000029,526.0500000000029,0.0
25728,9,525.8500000000058,2025-01-03,4,1043.8500000000058,-8.14999999999418,0.4962398812089832
6435,8,525.8500000000058,2022-09-29,-6,525.8500000000058,-356.1499999999942,0.0
27658,5,525.8499999999767,2025-03-26,-9,525.8499999999767,-41.15000000002328,0.0
22516,1,525.8499999999767,2024-08-22,-7,525.8499999999767,525.8499999999767,0.0
29301,4,525.7000000000116,2025-06-05,-5,525.7000000000116,3.2000000000116415,0.0
20692,14,525.7000000000116,2024-06-03,-8,525.7000000000116,-162.29999999998836,0.0
28656,7,525.3499999999767,2025-05-08,-4,525.3499999999767,83.34999999997672,0.0
22671,2,524.9000000000233,2024-08-28,-5,524.9000000000233,-102.59999999997672,0.0
6955,4,524.8500000000058,2022-10-21,5,524.8500000000058,104.85000000000582,0.0
27312,2,524.8500000000058,2025-03-11,3,524.8500000000058,119.85000000000582,0.0
8548,1,524.8499999999767,2023-01-03,-9,524.8499999999767,524.8499999999767,0.0
7863,6,524.7000000000116,2022-12-01,-4,524.7000000000116,40.70000000001164,0.0
22159,5,524.3500000000058,2024-08-05,2,524.3500000000058,69.35000000000582,0.0
6363,49,524.3500000000058,2022-09-27,5,524.3500000000058,-150.64999999999418,0.0
4715,7,524.3500000000058,2022-07-19,7,524.3500000000058,16.85000000000582,0.0
21960,5,523.8500000000058,2024-07-26,4,523.8500000000058,3.8500000000058208,0.0
8130,3,523.7000000000116,2022-12-13,-7,523.7000000000116,93.20000000001164,0.0
24028,9,523.3499999999767,2024-10-22,-7,523.3499999999767,-8.650000000023283,0.0
10149,24,522.8500000000058,2023-03-13,6,522.8500000000058,-110.14999999999418,0.0
34419,31,522.8500000000058,2026-01-16,5,522.8500000000058,-89.64999999999418,0.0
19694,39,522.8499999999767,2024-04-19,10,1587.8499999999767,-107.15000000002328,0.6707182668388171
16536,36,522.8499999999476,2023-12-06,-6,645.8499999999476,159.8499999999476,0.1904466981497406
4937,21,522.7000000000116,2022-07-28,6,522.7000000000116,-113.29999999998836,0.0
27886,25,522.3500000000058,2025-04-03,5,522.3500000000058,-582.6499999999942,0.0
25290,93,522.3499999999767,2024-12-13,8,1034.3499999999767,-189.65000000002328,0.49499685793011217
29661,25,522.3499999999767,2025-06-20,8,522.3499999999767,-77.65000000002328,0.0
2451,7,521.8500000000058,2022-04-18,6,521.8500000000058,8.85000000000582,0.0
19591,1,521.8500000000058,2024-04-16,4,521.8500000000058,521.8500000000058,0.0
7359,13,521.8500000000058,2022-11-09,-6,521.8500000000058,71.85000000000582,0.0
14707,3,521.8499999999476,2023-09-22,9,521.8499999999476,-189.1500000000524,0.0
27841,40,521.5499999999884,2025-04-02,-5,521.5499999999884,-465.95000000001164,0.0
9558,5,521.3500000000058,2023-02-16,-6,521.3500000000058,-54.64999999999418,0.0
10449,4,521.3500000000058,2023-03-24,-4,521.3500000000058,209.35000000000582,0.0
33216,3,521.3499999999767,2025-11-21,2,521.3499999999767,4.349999999976717,0.0
