day,E10_round_session,put_ret,svxy_ret,vix_close,rv20_nq,vrp_spread,P1_put_ret_worst_decile,P1_put_ret_e10_best_decile,P1_put_ret_e10_bottom_quintile,P2_svxy_ret_worst_decile,P2_svxy_ret_e10_best_decile,P2_svxy_ret_e10_bottom_quintile,P3_vrp_spread_worst_decile,P3_vrp_spread_e10_best_decile,P3_vrp_spread_e10_bottom_quintile
2022-01-03,648.6,0.00206,0.016572,16.6,,,0.0,0.0,0.0,0.0,0.0,0.0,,,
2022-01-04,3975.4,7.7e-05,0.00032,16.91,,,0.0,1.0,0.0,0.0,1.0,0.0,,,
2022-01-05,4475.8,-0.005814,-0.038505,19.73,,,1.0,1.0,0.0,1.0,1.0,0.0,,,
2022-01-06,-2269.8,0.000237,-0.002825,19.61,,,0.0,0.0,1.0,0.0,0.0,1.0,,,
2022-01-07,-1269.4,0.000102,0.014164,18.76,,,0.0,0.0,0.0,0.0,0.0,0.0,,,
2022-01-10,4379.0,0.000576,0.007558,19.4,,,0.0,1.0,0.0,0.0,1.0,0.0,,,
2022-01-11,-2768.4,0.00316,0.018591,18.41,,,0.0,0.0,1.0,0.0,0.0,1.0,,,
2022-01-12,-1312.9,0.001709,0.005123,17.62,,,0.0,0.0,0.0,0.0,0.0,0.0,,,
2022-01-13,2779.1,-0.005083,-0.029787,20.31,,,0.0,0.0,0.0,1.0,0.0,0.0,,,
2022-01-14,898.8,0.002017,0.005582,19.19,,,0.0,0.0,0.0,0.0,0.0,0.0,,,
2022-01-17,-302.0,,,,,,,,,,,,,,
2022-01-18,-30.1,-0.009993,-0.036571,22.79,,,1.0,0.0,0.0,1.0,0.0,0.0,,,
2022-01-19,-525.5,-0.008604,-0.014065,23.85,,,1.0,0.0,0.0,0.0,0.0,0.0,,,
2022-01-20,-254.0,-0.011369,-0.020798,25.59,,,1.0,0.0,0.0,0.0,0.0,0.0,,,
2022-01-21,-5164.0,-0.012685,-0.046691,28.85,,,1.0,0.0,1.0,1.0,0.0,1.0,,,
2022-01-24,7657.4,0.001846,-0.015099,29.9,,,0.0,1.0,0.0,0.0,1.0,0.0,,,
2022-01-25,2152.1,-0.005202,-0.000748,31.16,,,0.0,0.0,0.0,0.0,0.0,0.0,,,
2022-01-26,1886.7,-0.002578,-0.01029,31.96,,,0.0,0.0,0.0,0.0,0.0,0.0,,,
2022-01-27,-536.4,-0.001887,-0.002836,30.49,,,0.0,0.0,0.0,0.0,0.0,0.0,,,
2022-01-28,3154.7,0.016863,0.031469,27.66,,,0.0,1.0,0.0,0.0,1.0,0.0,,,
2022-01-31,-715.7,0.011073,0.033266,24.83,24.240946,0.589054,0.0,0.0,0.0,0.0,0.0,0.0,0.0,0.0,0.0
2022-02-01,-829.6,0.005055,0.036997,21.96,24.855979,-2.895979,0.0,0.0,0.0,0.0,0.0,0.0,0.0,0.0,0.0
2022-02-02,412.1,0.003481,0.011492,22.09,23.6876,-1.5976,0.0,0.0,0.0,0.0,0.0,0.0,0.0,0.0,0.0
2022-02-03,165.4,-0.010325,-0.061048,24.35,23.629945,0.720055,1.0,0.0,0.0,1.0,0.0,0.0,0.0,0.0,0.0
2022-02-04,384.5,0.004429,0.014809,23.22,23.501462,-0.281462,0.0,0.0,0.0,0.0,0.0,0.0,0.0,0.0,0.0
2022-02-07,-2388.3,0.000512,0.015305,22.86,23.430618,-0.570618,0.0,0.0,1.0,0.0,0.0,1.0,0.0,0.0,1.0
2022-02-08,-576.3,0.004407,0.023663,21.44,23.223265,-1.783265,0.0,0.0,0.0,0.0,0.0,0.0,0.0,0.0,0.0
2022-02-09,-491.1,0.004847,0.018151,19.96,24.16045,-4.20045,0.0,0.0,0.0,0.0,0.0,0.0,0.0,0.0,0.0
2022-02-10,1909.7,-0.006245,-0.048772,23.91,24.052671,-0.142671,1.0,0.0,0.0,1.0,0.0,0.0,0.0,0.0,0.0
2022-02-11,-1982.2,-0.010533,-0.065771,27.36,25.096848,2.263152,1.0,0.0,1.0,1.0,0.0,1.0,0.0,0.0,1.0
2022-02-14,-1040.4,0.000155,-0.000189,28.33,25.135288,3.194712,0.0,0.0,0.0,0.0,0.0,0.0,0.0,0.0,0.0
2022-02-15,1052.2,0.012286,0.041075,25.7,25.717492,-0.017492,0.0,0.0,0.0,0.0,0.0,0.0,0.0,0.0,0.0
2022-02-16,-968.0,0.003066,0.019455,24.29,25.498579,-1.208579,0.0,0.0,0.0,0.0,0.0,0.0,0.0,0.0,0.0
2022-02-17,4358.7,-0.016006,-0.059033,28.11,26.245208,1.864792,1.0,1.0,0.0,1.0,1.0,0.0,0.0,1.0,0.0
2022-02-18,-3887.0,0.000956,-0.01213,27.75,25.74041,2.00959,0.0,0.0,1.0,0.0,0.0,1.0,0.0,0.0,1.0
2022-02-21,921.3,,,,26.073354,,,,,,,,,,
2022-02-22,1343.2,-0.0041,0.002302,28.81,23.732264,5.077736,0.0,0.0,0.0,0.0,0.0,0.0,0.0,0.0,0.0
2022-02-23,2397.6,-0.010708,-0.027948,31.02,24.814006,6.205994,1.0,0.0,0.0,1.0,0.0,0.0,0.0,0.0,0.0
2022-02-24,10765.5,0.010411,0.01477,30.32,26.56739,3.75261,0.0,1.0,0.0,0.0,1.0,0.0,0.0,1.0,0.0
2022-02-25,-3383.0,0.012357,0.020377,27.59,26.386827,1.203173,0.0,0.0,1.0,0.0,0.0,1.0,0.0,0.0,1.0
2022-02-28,-6832.5,-0.001409,-0.022632,30.15,24.71508,5.43492,0.0,0.0,1.0,0.0,0.0,1.0,0.0,0.0,1.0
2022-03-01,-56.5,-0.009597,-0.055458,33.32,24.215046,9.104954,1.0,0.0,0.0,1.0,0.0,0.0,0.0,0.0,0.0
2022-03-02,-1885.8,0.011783,0.031726,30.74,24.260729,6.479271,0.0,0.0,1.0,0.0,0.0,1.0,0.0,0.0,1.0
2022-03-03,424.323077,-0.001449,-0.002796,30.48,24.351967,6.128033,0.0,0.0,0.0,0.0,0.0,0.0,0.0,0.0,0.0
2022-03-04,-2240.166667,-0.003577,-0.022827,31.98,24.677923,7.302077,0.0,0.0,1.0,0.0,0.0,1.0,0.0,0.0,1.0
2022-03-07,-996.1,-0.01835,-0.035656,36.45,26.723166,9.726834,1.0,0.0,0.0,1.0,0.0,0.0,0.0,0.0,0.0
2022-03-08,-2600.8,-0.005069,-0.001063,35.13,26.354936,8.775064,0.0,0.0,1.0,0.0,0.0,1.0,0.0,0.0,1.0
2022-03-09,6674.9,0.021126,0.019358,32.45,28.809588,3.640412,0.0,1.0,0.0,0.0,1.0,0.0,0.0,1.0,0.0
2022-03-10,-761.7,-0.000967,0.022329,30.23,28.361373,1.868627,0.0,0.0,0.0,0.0,0.0,0.0,0.0,0.0,0.0
2022-03-11,4159.3,-0.010356,-0.01041,30.75,27.657264,3.092736,1.0,1.0,0.0,0.0,1.0,0.0,0.0,1.0,0.0
2022-03-14,-2691.0,-0.005326,-0.016502,31.77,27.890247,3.879753,0.0,0.0,1.0,0.0,0.0,1.0,0.0,0.0,1.0
2022-03-15,3622.8,0.01991,0.017198,29.83,28.316765,1.513235,0.0,1.0,0.0,0.0,1.0,0.0,0.0,1.0,0.0
2022-03-16,-306.3,0.018574,0.049897,26.67,31.035969,-4.365969,0.0,0.0,0.0,0.0,0.0,0.0,0.0,0.0,0.0
2022-03-17,-2262.2,0.006432,0.008248,25.67,29.860872,-4.190872,0.0,0.0,1.0,0.0,0.0,1.0,0.0,0.0,1.0
2022-03-18,288.7,0.004478,0.027854,23.87,30.628469,-6.758469,0.0,0.0,0.0,0.0,0.0,0.0,1.0,0.0,0.0
2022-03-21,-1703.7,0.001645,0.000947,23.53,30.060717,-6.530717,0.0,0.0,1.0,0.0,0.0,1.0,1.0,0.0,1.0
2022-03-22,-581.4,0.004357,0.007573,22.94,30.237133,-7.297133,0.0,0.0,0.0,0.0,0.0,0.0,1.0,0.0,0.0
2022-03-23,553.2,-0.004202,0.001691,23.57,28.886562,-5.316562,0.0,0.0,0.0,0.0,0.0,0.0,0.0,0.0,0.0
2022-03-24,2801.8,0.005866,0.01238,21.67,28.198423,-6.528423,0.0,0.0,0.0,0.0,0.0,0.0,1.0,0.0,0.0
2022-03-25,-1108.8,0.002381,0.014082,20.81,27.757187,-6.947187,0.0,0.0,0.0,0.0,0.0,0.0,1.0,0.0,0.0
2022-03-28,-1512.2,0.003037,0.007309,19.63,28.027626,-8.397626,0.0,0.0,1.0,0.0,0.0,1.0,1.0,0.0,1.0
2022-03-29,-1554.8,0.002096,0.023581,18.9,27.848877,-8.948877,0.0,0.0,1.0,0.0,0.0,1.0,1.0,0.0,1.0
2022-03-30,-246.1,-0.000399,-0.007266,19.33,27.950993,-8.620993,0.0,0.0,0.0,0.0,0.0,0.0,1.0,0.0,0.0
2022-03-31,-1066.0,-0.002392,-0.026062,20.56,28.077221,-7.517221,0.0,0.0,0.0,1.0,0.0,0.0,1.0,0.0,0.0
2022-04-01,-1192.6,0.00243,0.019978,19.63,27.420264,-7.790264,0.0,0.0,0.0,0.0,0.0,0.0,1.0,0.0,0.0
2022-04-04,759.4,0.001985,0.025517,18.57,24.611516,-6.041516,0.0,0.0,0.0,0.0,0.0,0.0,0.0,0.0,0.0
2022-04-05,3061.7,-0.002052,-0.042404,21.03,25.580576,-4.550576,0.0,0.0,0.0,1.0,0.0,0.0,0.0,1.0,0.0
2022-04-06,-86.9,-0.001641,-0.010979,22.1,24.577987,-2.477987,0.0,0.0,0.0,0.0,0.0,0.0,0.0,0.0,0.0
2022-04-07,-1263.05,0.001824,0.013321,21.55,24.04061,-2.49061,0.0,0.0,0.0,0.0,0.0,0.0,0.0,0.0,0.0
2022-04-08,92.7,0.000599,0.001096,21.16,23.629582,-2.469582,0.0,0.0,0.0,0.0,0.0,0.0,0.0,0.0,0.0
2022-04-11,-1636.1,-0.004369,-0.028087,24.37,24.150089,0.219911,0.0,0.0,1.0,1.0,0.0,1.0,0.0,0.0,1.0
2022-04-12,1054.7,0.000285,-0.006193,24.26,23.119631,1.140369,0.0,0.0,0.0,0.0,0.0,0.0,0.0,0.0,0.0
2022-04-13,1585.3,0.006335,0.035121,21.82,20.690232,1.129768,0.0,0.0,0.0,0.0,0.0,0.0,0.0,0.0,0.0
2022-04-14,3342.2,-0.004113,-0.013316,22.7,21.723967,0.976033,0.0,1.0,0.0,0.0,1.0,0.0,0.0,1.0,0.0
2022-04-18,754.3,0.001563,0.006471,22.17,20.199957,1.970043,0.0,0.0,0.0,0.0,0.0,0.0,0.0,0.0,0.0
2022-04-19,-2245.7,0.007947,0.025349,21.37,20.43725,0.93275,0.0,0.0,1.0,0.0,0.0,1.0,0.0,0.0,1.0
2022-04-20,-1020.8,0.000578,0.011645,20.32,19.614328,0.705672,0.0,0.0,0.0,0.0,0.0,0.0,0.0,0.0,0.0
2022-04-21,2408.8,-0.007781,-0.037188,22.68,20.510344,2.169656,1.0,0.0,0.0,1.0,0.0,0.0,0.0,0.0,0.0
2022-04-22,-2382.0,-0.018716,-0.059776,28.21,20.607492,7.602508,1.0,0.0,1.0,1.0,0.0,1.0,0.0,0.0,1.0
2022-04-25,774.7,0.005374,0.008607,27.02,21.431595,5.588405,0.0,0.0,0.0,0.0,0.0,0.0,0.0,0.0,0.0
2022-04-26,10423.3,-0.023722,-0.053724,33.52,24.749879,8.770121,1.0,1.0,0.0,1.0,1.0,0.0,0.0,1.0,0.0
2022-04-27,-1065.5,0.003032,-0.008403,31.6,25.784469,5.815531,0.0,0.0,0.0,0.0,0.0,0.0,0.0,0.0,0.0
2022-04-28,-622.2,0.020344,0.02563,29.99,26.273586,3.716414,0.0,0.0,0.0,0.0,0.0,0.0,0.0,0.0,0.0
2022-04-29,-364.9,-0.031305,-0.0395,33.4,27.196543,6.203457,1.0,0.0,0.0,1.0,0.0,0.0,0.0,0.0,0.0
2022-05-02,-1867.3,0.00635,0.007554,32.34,27.757781,4.582219,0.0,0.0,1.0,0.0,0.0,1.0,0.0,0.0,1.0
2022-05-03,-2455.5,0.00457,0.029571,29.25,26.786666,2.463334,0.0,0.0,1.0,0.0,0.0,1.0,0.0,0.0,1.0
2022-05-04,-2542.3,0.026764,0.045307,25.42,28.27572,-2.85572,0.0,0.0,1.0,0.0,0.0,1.0,0.0,0.0,1.0
2022-05-05,7217.4,-0.031238,-0.087655,31.2,30.005685,1.194315,1.0,1.0,0.0,1.0,1.0,0.0,0.0,1.0,0.0
2022-05-06,-1809.4,-0.005338,0.006363,30.19,30.083603,0.106397,0.0,0.0,1.0,0.0,0.0,1.0,0.0,0.0,1.0
2022-05-09,-410.7,-0.031487,-0.040885,34.75,31.163828,3.586172,1.0,0.0,0.0,1.0,0.0,0.0,0.0,0.0,0.0
2022-05-10,-2660.5,0.002242,0.01648,32.99,31.230062,1.759938,0.0,0.0,1.0,0.0,0.0,1.0,0.0,0.0,1.0
2022-05-11,-2465.5,-0.015623,0.002378,32.56,31.706993,0.853007,1.0,0.0,1.0,0.0,0.0,1.0,0.0,0.0,1.0
2022-05-12,-3115.6,-0.001897,0.00992,31.77,30.750442,1.019558,0.0,0.0,1.0,0.0,0.0,1.0,0.0,0.0,1.0
2022-05-13,3015.5,0.024139,0.031604,28.87,33.349728,-4.479728,0.0,0.0,0.0,0.0,0.0,0.0,0.0,1.0,0.0
2022-05-16,-2116.4,-0.002814,0.020493,27.47,33.203025,-5.733025,0.0,0.0,1.0,0.0,0.0,1.0,0.0,0.0,1.0
2022-05-17,1325.6,0.019421,0.012576,26.1,34.256637,-8.156637,0.0,0.0,0.0,0.0,0.0,0.0,1.0,0.0,0.0
2022-05-18,9619.7,-0.039364,-0.071915,30.96,36.923604,-5.963604,1.0,1.0,0.0,1.0,1.0,0.0,0.0,1.0,0.0
2022-05-19,-1549.3,-0.007081,0.030434,29.35,36.626821,-7.276821,1.0,0.0,1.0,0.0,0.0,1.0,1.0,0.0,1.0
2022-05-20,1170.1,0.013332,-0.001257,29.43,36.000104,-6.570104,0.0,0.0,0.0,0.0,0.0,0.0,1.0,0.0,0.0
2022-05-23,-2740.9,0.008991,0.007131,28.48,36.104834,-7.624834,0.0,0.0,1.0,0.0,0.0,1.0,1.0,0.0,1.0
2022-05-24,-288.7,-0.002748,-0.001874,29.45,33.455892,-4.005892,0.0,0.0,0.0,0.0,0.0,0.0,0.0,0.0,0.0
2022-05-25,-2189.5,0.004554,0.010432,28.37,32.341577,-3.971577,0.0,0.0,1.0,0.0,0.0,1.0,0.0,0.0,1.0
2022-05-26,2486.6,0.006893,0.00351,27.5,33.544999,-6.044999,0.0,0.0,0.0,0.0,0.0,0.0,0.0,0.0,0.0
2022-05-27,1242.6,0.005384,0.020165,25.72,34.332113,-8.612113,0.0,0.0,0.0,0.0,0.0,0.0,1.0,0.0,0.0
2022-05-30,-294.0,,,26.54,34.198287,-7.658287,,,,,,,1.0,0.0,0.0
2022-05-31,-412.6,-1.3e-05,0.009076,26.19,34.288091,-8.098091,0.0,0.0,0.0,0.0,0.0,0.0,1.0,0.0,0.0
2022-06-01,-1474.4,-2.1e-05,0.003398,25.69,33.13249,-7.44249,0.0,0.0,1.0,0.0,0.0,1.0,1.0,0.0,1.0
2022-06-02,1590.5,0.002828,0.010159,24.72,31.76371,-7.04371,0.0,0.0,0.0,0.0,0.0,0.0,1.0,0.0,0.0
2022-06-03,3464.6,-0.00112,-0.005127,24.79,32.289833,-7.499833,0.0,1.0,0.0,0.0,1.0,0.0,1.0,1.0,0.0
2022-06-06,-723.8,0.001236,0.006541,25.07,30.479013,-5.409013,0.0,0.0,0.0,0.0,0.0,0.0,0.0,0.0,0.0
2022-06-07,812.9,0.001374,0.012406,24.02,30.397186,-6.377186,0.0,0.0,0.0,0.0,0.0,0.0,1.0,0.0,0.0
2022-06-08,-912.7,-0.00014,0.001945,23.96,29.35983,-5.39983,0.0,0.0,0.0,0.0,0.0,0.0,0.0,0.0,0.0
2022-06-09,-863.4,-0.003494,-0.025238,26.09,30.219021,-4.129021,0.0,0.0,0.0,1.0,0.0,0.0,0.0,0.0,0.0
2022-06-10,-2279.6,-0.008497,-0.03087,27.75,29.73834,-1.98834,1.0,0.0,1.0,1.0,0.0,1.0,0.0,0.0,1.0
2022-06-13,-2137.2,-0.024774,-0.069873,34.02,32.004213,2.015787,1.0,0.0,1.0,1.0,0.0,1.0,0.0,0.0,1.0
2022-06-14,-3976.9,-0.001552,0.018339,32.69,30.720604,1.969396,0.0,0.0,1.0,0.0,0.0,1.0,0.0,0.0,1.0
2022-06-15,-1336.0,0.014617,0.027555,29.62,27.831755,1.788245,0.0,0.0,0.0,0.0,0.0,0.0,0.0,0.0,0.0
2022-06-16,1339.9,-0.028912,-0.03125,32.95,29.499043,3.450957,1.0,0.0,0.0,1.0,0.0,0.0,0.0,0.0,0.0
2022-06-17,-1286.6,-0.001591,0.015257,31.13,29.684208,1.445792,0.0,0.0,0.0,0.0,0.0,0.0,0.0,0.0,0.0
2022-06-20,-699.7,,,31.03,29.300982,1.729018,,,,,,,0.0,0.0,0.0
2022-06-21,-303.9,0.011497,0.009446,30.19,29.173388,1.016612,0.0,0.0,0.0,0.0,0.0,0.0,0.0,0.0,0.0
2022-06-22,1646.6,0.000712,0.020204,28.95,29.081765,-0.131765,0.0,0.0,0.0,0.0,0.0,0.0,0.0,0.0,0.0
2022-06-23,-352.9,0.003232,-0.000209,29.05,27.890837,1.159163,0.0,0.0,0.0,0.0,0.0,0.0,0.0,0.0,0.0
2022-06-24,798.8,0.006875,0.009383,27.23,27.919776,-0.689776,0.0,0.0,0.0,0.0,0.0,0.0,0.0,0.0,0.0
2022-06-27,-1108.7,0.001107,0.015493,26.95,27.775609,-0.825609,0.0,0.0,0.0,0.0,0.0,0.0,0.0,0.0,0.0
2022-06-28,356.2,-0.003288,-0.014239,28.36,28.91044,-0.55044,0.0,0.0,0.0,0.0,0.0,0.0,0.0,0.0,0.0
2022-06-29,-2126.6,0.000417,-0.001444,28.16,28.914427,-0.754427,0.0,0.0,1.0,0.0,0.0,1.0,0.0,0.0,1.0
2022-06-30,28.1,-0.001438,-0.00372,28.71,27.561441,1.148559,0.0,0.0,0.0,0.0,0.0,0.0,0.0,0.0,0.0
2022-07-01,-630.018182,0.003974,0.011616,26.7,27.068255,-0.368255,0.0,0.0,0.0,0.0,0.0,0.0,0.0,0.0,0.0
2022-07-04,-167.9,,,27.53,26.950807,0.579193,,,,,,,0.0,0.0,0.0
2022-07-05,934.1,0.001317,-0.000205,27.54,27.804576,-0.264576,0.0,0.0,0.0,0.0,0.0,0.0,0.0,0.0,0.0
2022-07-06,-4312.7,0.00135,0.008614,26.73,27.978649,-1.248649,0.0,0.0,1.0,0.0,0.0,1.0,0.0,0.0,1.0
2022-07-07,1102.6,0.001706,0.00549,26.08,27.689183,-1.609183,0.0,0.0,0.0,0.0,0.0,0.0,0.0,0.0,0.0
2022-07-08,-2152.9,0.000636,0.011527,24.64,25.689566,-1.049566,0.0,0.0,1.0,0.0,0.0,1.0,0.0,0.0,1.0
2022-07-11,1476.3,0.000252,-0.015194,26.17,22.931144,3.238856,0.0,0.0,0.0,0.0,0.0,0.0,0.0,0.0,0.0
2022-07-12,-51.5,-0.000496,-0.004872,27.29,23.184093,4.105907,0.0,0.0,0.0,0.0,0.0,0.0,0.0,0.0,0.0
2022-07-13,-4587.9,0.000701,0.008568,26.82,22.390098,4.429902,0.0,0.0,1.0,0.0,0.0,1.0,0.0,0.0,1.0
2022-07-14,366.6,0.000252,-0.001416,26.4,19.623281,6.776719,0.0,0.0,0.0,0.0,0.0,0.0,0.0,0.0,0.0
2022-07-15,-890.5,0.001005,0.025117,24.23,20.001562,4.228438,0.0,0.0,0.0,0.0,0.0,0.0,0.0,0.0,0.0
2022-07-18,2388.2,-0.003406,-0.015017,25.3,20.147673,5.152327,0.0,0.0,0.0,0.0,0.0,0.0,0.0,0.0,0.0
2022-07-19,4967.4,0.010968,0.007222,24.5,21.740924,2.759076,0.0,1.0,0.0,0.0,1.0,0.0,0.0,1.0,0.0
2022-07-20,-1814.4,0.002949,0.012746,23.88,21.715514,2.164486,0.0,0.0,1.0,0.0,0.0,1.0,0.0,0.0,1.0
2022-07-21,-1609.8,0.004127,0.011013,23.11,21.697457,1.412543,0.0,0.0,1.0,0.0,0.0,1.0,0.0,0.0,1.0
2022-07-22,438.5,-0.001627,0.004279,23.03,19.699794,3.330206,0.0,0.0,0.0,0.0,0.0,0.0,0.0,0.0,0.0
2022-07-25,-1249.0,0.001437,0.004648,23.36,19.808495,3.551505,0.0,0.0,0.0,0.0,0.0,0.0,0.0,0.0,0.0
2022-07-26,592.4,-0.004381,-0.01311,24.69,17.517317,7.172683,0.0,0.0,0.0,0.0,0.0,0.0,0.0,0.0,0.0
2022-07-27,1929.4,0.008362,0.017777,23.24,19.275874,3.964126,0.0,0.0,0.0,0.0,0.0,0.0,0.0,0.0,0.0
2022-07-28,3856.0,0.00276,0.023992,22.33,19.496415,2.833585,0.0,1.0,0.0,0.0,1.0,0.0,0.0,1.0,0.0
2022-07-29,-1568.0,0.00228,0.007123,21.33,19.484976,1.845024,0.0,0.0,1.0,0.0,0.0,1.0,0.0,0.0,1.0
2022-08-01,-1212.8,-0.000225,-0.018425,22.84,19.314091,3.525909,0.0,0.0,0.0,0.0,0.0,0.0,0.0,0.0,0.0
2022-08-02,-534.3,-0.000726,-0.005878,23.93,18.92704,5.00296,0.0,0.0,0.0,0.0,0.0,0.0,0.0,0.0,0.0
2022-08-03,4593.5,0.002213,0.02613,21.95,19.797591,2.152409,0.0,1.0,0.0,0.0,1.0,0.0,0.0,1.0,0.0
2022-08-04,-1688.8,0.000318,-0.001115,21.44,19.450981,1.989019,0.0,0.0,1.0,0.0,0.0,1.0,0.0,0.0,1.0
2022-08-05,-733.6,0.000314,0.010979,21.15,19.802816,1.347184,0.0,0.0,0.0,0.0,0.0,0.0,0.0,0.0,0.0
2022-08-08,320.6,0.000364,-0.001473,21.29,18.379206,2.910794,0.0,0.0,0.0,0.0,0.0,0.0,0.0,0.0,0.0
2022-08-09,-27.5,-2.1e-05,-0.002765,21.77,18.531779,3.238221,0.0,0.0,0.0,0.0,0.0,0.0,0.0,0.0,0.0
2022-08-10,671.6,0.000648,0.026987,19.74,19.113333,0.626667,0.0,0.0,0.0,0.0,0.0,0.0,0.0,0.0,0.0
2022-08-11,1450.7,7.2e-05,-0.00324,20.2,19.285835,0.914165,0.0,0.0,0.0,0.0,0.0,0.0,0.0,0.0,0.0
2022-08-12,2333.9,0.000165,0.005417,19.53,19.28471,0.24529,0.0,0.0,0.0,0.0,0.0,0.0,0.0,0.0,0.0
2022-08-15,-1195.5,0.000144,0.008261,19.95,18.794179,1.155821,0.0,0.0,0.0,0.0,0.0,0.0,0.0,0.0,0.0
2022-08-16,-562.0,4.2e-05,-0.003563,19.69,17.237304,2.452696,0.0,0.0,0.0,0.0,0.0,0.0,0.0,0.0,0.0
2022-08-17,514.4,5.1e-05,0.00143,19.9,17.813061,2.086939,0.0,0.0,0.0,0.0,0.0,0.0,0.0,0.0,0.0
2022-08-18,-1075.675,4.2e-05,0.007854,19.56,17.686581,1.873419,0.0,0.0,0.0,0.0,0.0,0.0,0.0,0.0,0.0
2022-08-19,2017.4875,0.000254,-0.024265,20.6,18.649598,1.950402,0.0,0.0,0.0,1.0,0.0,0.0,0.0,0.0,0.0
2022-08-22,299.7,-0.012006,-0.0334,23.8,19.976435,3.823565,1.0,0.0,0.0,1.0,0.0,0.0,0.0,0.0,0.0
2022-08-23,-1921.514286,-0.00128,0.007512,24.11,19.686727,4.423273,0.0,0.0,1.0,0.0,0.0,1.0,0.0,0.0,1.0
2022-08-24,-836.7,0.003343,0.017707,22.82,17.880199,4.939801,0.0,0.0,0.0,0.0,0.0,0.0,0.0,0.0,0.0
2022-08-25,-380.2,0.009068,0.015751,21.78,16.704872,5.075128,0.0,0.0,0.0,0.0,0.0,0.0,0.0,0.0,0.0
2022-08-26,8465.2,-0.02398,-0.048503,25.56,21.169268,4.390732,1.0,1.0,0.0,1.0,1.0,0.0,0.0,1.0,0.0
2022-08-29,-1726.7,-0.00527,0.002842,26.21,21.173909,5.036091,0.0,0.0,1.0,0.0,0.0,1.0,0.0,0.0,1.0
2022-08-30,620.4,-0.009605,-0.007936,26.21,21.339135,4.870865,1.0,0.0,0.0,0.0,0.0,0.0,0.0,0.0,0.0
2022-08-31,-1645.6,-0.007127,0.008952,25.87,19.73748,6.13252,1.0,0.0,1.0,0.0,0.0,1.0,0.0,0.0,1.0
2022-09-01,1116.8,0.003636,0.005475,25.56,19.544439,6.015561,0.0,0.0,0.0,0.0,0.0,0.0,0.0,0.0,0.0
2022-09-02,1899.5,-0.010422,-0.004506,25.47,19.676473,5.793527,1.0,0.0,0.0,0.0,0.0,0.0,0.0,0.0,0.0
2022-09-05,-674.7,,,25.99,19.690071,6.299929,,,,,,,0.0,0.0,0.0
2022-09-06,-18.3,-0.003335,-0.011128,26.91,19.618331,7.291669,0.0,0.0,0.0,0.0,0.0,0.0,0.0,0.0,0.0
2022-09-07,2738.8,0.017725,0.026702,24.64,19.050642,5.589358,0.0,0.0,0.0,0.0,0.0,0.0,0.0,0.0,0.0
2022-09-08,-2429.9,0.006355,0.008174,23.61,19.294746,4.315254,0.0,0.0,1.0,0.0,0.0,1.0,0.0,0.0,1.0
2022-09-09,-243.0,0.01543,0.005528,22.79,19.513142,3.276858,0.0,0.0,0.0,0.0,0.0,0.0,0.0,0.0,0.0
2022-09-12,-1019.8,0.009975,0.0011,23.87,19.959155,3.910845,0.0,0.0,0.0,0.0,0.0,0.0,0.0,0.0,0.0
2022-09-13,7328.2,-0.042325,-0.0432,27.27,25.201349,2.068651,1.0,1.0,0.0,1.0,1.0,0.0,0.0,1.0,0.0
2022-09-14,-1410.5,0.003821,0.000765,26.16,25.559426,0.600574,0.0,0.0,0.0,0.0,0.0,0.0,0.0,0.0,0.0
2022-09-15,1147.3,-0.011276,0.001147,26.27,25.917742,0.352258,1.0,0.0,0.0,0.0,0.0,0.0,0.0,0.0,0.0
2022-09-16,243.5,-0.003998,0.000955,26.3,25.546258,0.753742,0.0,0.0,0.0,0.0,0.0,0.0,0.0,0.0,0.0
2022-09-19,-1306.8,0.004626,0.014308,25.76,25.132924,0.627076,0.0,0.0,0.0,0.0,0.0,0.0,0.0,0.0,0.0
2022-09-20,-119.1,-0.005336,-0.015798,27.16,25.159121,2.000879,0.0,0.0,0.0,0.0,0.0,0.0,0.0,0.0,0.0
2022-09-21,-19.3,-0.009097,-0.016434,27.99,25.571795,2.418205,1.0,0.0,0.0,0.0,0.0,0.0,0.0,0.0,0.0
2022-09-22,-1919.7,-0.003207,0.001749,27.35,24.87918,2.47082,0.0,0.0,1.0,0.0,0.0,1.0,0.0,0.0,1.0
2022-09-23,395.5,-0.011232,-0.029674,29.92,22.240679,7.679321,1.0,0.0,0.0,1.0,0.0,0.0,0.0,0.0,0.0
2022-09-26,-2691.3,-0.007339,-0.01719,32.26,22.241135,10.018865,1.0,0.0,1.0,0.0,0.0,1.0,0.0,0.0,1.0
2022-09-27,-1604.0,-0.001414,-0.007321,32.6,22.283976,10.316024,0.0,0.0,1.0,0.0,0.0,1.0,0.0,0.0,1.0
2022-09-28,1618.7,0.015432,0.019873,30.18,23.010366,7.169634,0.0,0.0,0.0,0.0,0.0,0.0,0.0,0.0,0.0
2022-09-29,2679.1875,-0.014839,-0.013861,31.84,23.867783,7.972217,1.0,0.0,0.0,0.0,0.0,0.0,0.0,0.0,0.0
2022-09-30,-1222.2,-0.012177,-0.010185,31.62,23.94186,7.67814,1.0,0.0,0.0,0.0,0.0,0.0,0.0,0.0,0.0
2022-10-03,4001.3,0.022887,0.021198,30.1,25.071309,5.028691,0.0,1.0,0.0,0.0,1.0,0.0,0.0,1.0,0.0
2022-10-04,-45.3,0.021463,0.017936,29.07,26.615683,2.454317,0.0,0.0,0.0,0.0,0.0,0.0,0.0,0.0,0.0
2022-10-05,-39.2,-0.000149,-0.00198,28.55,25.830851,2.719149,0.0,0.0,0.0,0.0,0.0,0.0,0.0,0.0,0.0
2022-10-06,-1384.4,-0.00696,-0.015672,30.52,25.750905,4.769095,1.0,0.0,0.0,0.0,0.0,0.0,0.0,0.0,0.0
2022-10-07,-1018.7,-0.020681,-0.019952,31.36,26.225281,5.134719,1.0,0.0,0.0,0.0,0.0,0.0,0.0,0.0,0.0
2022-10-10,-1331.575,-0.006781,-0.012132,32.45,25.469261,6.980739,1.0,0.0,0.0,0.0,0.0,0.0,0.0,0.0,0.0
2022-10-11,-1660.5,-0.005763,-0.008535,33.63,20.651804,12.978196,0.0,0.0,1.0,0.0,0.0,1.0,0.0,0.0,1.0
2022-10-12,-2194.7,-0.002936,0.005249,33.57,20.170055,13.399945,0.0,0.0,1.0,0.0,0.0,1.0,0.0,0.0,1.0
2022-10-13,-680.4,0.024708,0.014829,31.94,20.67494,11.26506,0.0,0.0,0.0,0.0,0.0,0.0,0.0,0.0,0.0
2022-10-14,2969.3,-0.020365,-0.011525,32.02,21.769634,10.250366,1.0,0.0,0.0,0.0,0.0,0.0,0.0,0.0,0.0
2022-10-17,3390.4,0.02474,0.012909,31.37,24.282368,7.087632,0.0,1.0,0.0,0.0,1.0,0.0,0.0,1.0,0.0
2022-10-18,-118.9,0.011829,0.010072,30.5,24.902342,5.597658,0.0,0.0,0.0,0.0,0.0,0.0,0.0,0.0,0.0
2022-10-19,392.5,-0.006028,-0.003663,30.76,24.415059,6.344941,1.0,0.0,0.0,0.0,0.0,0.0,0.0,0.0,0.0
2022-10-20,-1029.5,-0.008446,0.005719,29.98,24.402692,5.577308,1.0,0.0,0.0,0.0,0.0,0.0,0.0,0.0,0.0
2022-10-21,2903.6,0.002719,0.001625,29.69,25.458877,4.231123,0.0,0.0,0.0,0.0,0.0,0.0,0.0,0.0,0.0
2022-10-24,-1572.9,0.005285,0.008921,29.85,25.462075,4.387925,0.0,0.0,1.0,0.0,0.0,1.0,0.0,0.0,1.0
2022-10-25,-91.1,0.005777,0.020096,28.46,25.61442,2.84558,0.0,0.0,0.0,0.0,0.0,0.0,0.0,0.0,0.0
2022-10-26,-545.5,-0.00063,0.011229,27.28,25.380187,1.899813,0.0,0.0,0.0,0.0,0.0,0.0,0.0,0.0,0.0
2022-10-27,-1610.6,-0.000657,0.01013,27.39,26.000325,1.389675,0.0,0.0,1.0,0.0,0.0,1.0,0.0,0.0,1.0
2022-10-28,3674.6,0.006136,0.011765,25.75,28.657649,-2.907649,0.0,1.0,0.0,0.0,1.0,0.0,0.0,1.0,0.0
2022-10-31,-792.5,0.000207,0.008006,25.88,28.439419,-2.559419,0.0,0.0,0.0,0.0,0.0,0.0,0.0,0.0,0.0
2022-11-01,281.6,-0.000297,0.005484,25.81,27.34699,-1.53699,0.0,0.0,0.0,0.0,0.0,0.0,0.0,0.0,0.0
2022-11-02,-3664.0,-0.005482,-0.012977,25.86,28.775666,-2.915666,0.0,0.0,1.0,0.0,0.0,1.0,0.0,0.0,1.0
2022-11-03,-1728.5,-0.002466,0.010671,25.3,29.064855,-3.764855,0.0,0.0,1.0,0.0,0.0,1.0,0.0,0.0,1.0
2022-11-04,-1405.8,0.005871,0.006787,24.55,27.7711,-3.2211,0.0,0.0,0.0,0.0,0.0,0.0,0.0,0.0,0.0
2022-11-07,-2049.0,0.004102,0.004869,24.35,27.918349,-3.568349,0.0,0.0,1.0,0.0,0.0,1.0,0.0,0.0,1.0
2022-11-08,81.1,0.000963,-0.014722,25.54,27.807262,-2.267262,0.0,0.0,0.0,0.0,0.0,0.0,0.0,0.0,0.0
2022-11-09,999.8,-0.0044,-0.015321,26.09,28.527777,-2.437777,0.0,0.0,0.0,0.0,0.0,0.0,0.0,0.0,0.0
2022-11-10,9806.7,0.008912,0.027468,23.53,34.772646,-11.242646,0.0,1.0,0.0,0.0,1.0,0.0,1.0,1.0,0.0
2022-11-11,-2171.8,0.000439,0.005609,22.52,33.634244,-11.114244,0.0,0.0,1.0,0.0,0.0,1.0,1.0,0.0,1.0
2022-11-14,-1122.1,0.000385,-0.000186,23.73,32.556383,-8.826383,0.0,0.0,0.0,0.0,0.0,0.0,1.0,0.0,0.0
2022-11-15,1556.0,0.00013,-0.004834,24.54,32.390183,-7.850183,0.0,0.0,0.0,0.0,0.0,0.0,1.0,0.0,0.0
2022-11-16,-263.8,0.000152,0.011958,24.11,32.206309,-8.096309,0.0,0.0,0.0,0.0,0.0,0.0,1.0,0.0,0.0
2022-11-17,606.0,0.000103,0.00517,23.93,32.085708,-8.155708,0.0,0.0,0.0,0.0,0.0,0.0,1.0,0.0,0.0
2022-11-18,-659.5,0.001524,0.005878,23.12,31.262266,-8.142266,0.0,0.0,0.0,0.0,0.0,0.0,1.0,0.0,0.0
2022-11-21,-168.6,0.000317,0.012783,22.36,31.3846,-9.0246,0.0,0.0,0.0,0.0,0.0,0.0,1.0,0.0,0.0
2022-11-22,861.9,0.006705,0.017851,21.29,31.440962,-10.150962,0.0,0.0,0.0,0.0,0.0,0.0,1.0,0.0,0.0
2022-11-23,-1332.9,0.003275,0.010629,20.35,31.433453,-11.083453,0.0,0.0,0.0,0.0,0.0,0.0,1.0,0.0,0.0
2022-11-24,-21.1,,,20.42,29.720579,-9.300579,,,,,,,1.0,0.0,0.0
2022-11-25,589.8,0.000826,-0.002103,20.5,27.153747,-6.653747,0.0,0.0,0.0,0.0,0.0,0.0,1.0,0.0,0.0
2022-11-28,-820.0,-0.005927,-0.018619,22.21,27.110403,-4.900403,1.0,0.0,0.0,0.0,0.0,0.0,0.0,0.0,0.0
2022-11-29,-799.5,-0.000462,0.007696,21.89,27.024897,-5.134897,0.0,0.0,0.0,0.0,0.0,0.0,0.0,0.0,0.0
2022-11-30,4717.6,0.011726,0.018828,20.58,27.972935,-7.392935,0.0,1.0,0.0,0.0,1.0,0.0,1.0,1.0,0.0
2022-12-01,-1604.7,0.00032,0.008717,19.84,27.189461,-7.349461,0.0,0.0,1.0,0.0,0.0,1.0,1.0,0.0,1.0
2022-12-02,-1335.0,0.000755,0.009851,19.06,27.252415,-8.192415,0.0,0.0,0.0,0.0,0.0,0.0,1.0,0.0,0.0
2022-12-05,660.084615,-0.004855,-0.009926,20.75,27.62593,-6.87593,0.0,0.0,0.0,0.0,0.0,0.0,1.0,0.0,0.0
2022-12-06,144.0,-0.006945,-0.013137,22.17,28.433424,-6.263424,1.0,0.0,0.0,0.0,0.0,0.0,1.0,0.0,0.0
2022-12-07,-1953.7,-0.00059,-0.007532,22.68,27.657536,-4.977536,0.0,0.0,1.0,0.0,0.0,1.0,0.0,0.0,1.0
2022-12-08,-1018.5,0.00456,0.009354,22.29,18.807597,3.482403,0.0,0.0,0.0,0.0,0.0,0.0,0.0,0.0,0.0
2022-12-09,-1430.6,-0.002802,-0.01154,22.83,18.450008,4.379992,0.0,0.0,0.0,0.0,0.0,0.0,0.0,0.0,1.0
2022-12-12,1145.0,0.005727,0.002477,25.0,18.801232,6.198768,0.0,0.0,0.0,0.0,0.0,0.0,0.0,0.0,0.0
2022-12-13,3839.0,0.007228,0.022058,22.55,18.850274,3.699726,0.0,1.0,0.0,0.0,1.0,0.0,0.0,1.0,0.0
2022-12-14,-2636.5,0.002253,0.017611,21.14,18.680421,2.459579,0.0,0.0,1.0,0.0,0.0,1.0,0.0,0.0,1.0
2022-12-15,3452.7,-0.010814,-0.032575,22.83,21.433199,1.396801,1.0,1.0,0.0,1.0,1.0,0.0,0.0,1.0,0.0
2022-12-16,-643.3,-0.004692,-0.001929,22.62,21.603265,1.016735,0.0,0.0,0.0,0.0,0.0,0.0,0.0,0.0,0.0
2022-12-19,-749.9,-0.002439,0.013003,22.42,21.654754,0.765246,0.0,0.0,0.0,0.0,0.0,0.0,0.0,0.0,0.0
2022-12-20,-912.0,0.001498,0.00451,21.48,21.224172,0.255828,0.0,0.0,0.0,0.0,0.0,0.0,0.0,0.0,0.0
2022-12-21,108.65,0.007998,0.017786,20.07,21.384694,-1.314694,0.0,0.0,0.0,0.0,0.0,0.0,0.0,0.0,0.0
2022-12-22,5320.2,-0.007292,-0.026977,21.97,22.400754,-0.430754,1.0,1.0,0.0,1.0,1.0,0.0,0.0,1.0,0.0
2022-12-23,-2735.0,0.003797,0.014996,20.87,22.388145,-1.518145,0.0,0.0,1.0,0.0,0.0,1.0,0.0,0.0,1.0
2022-12-27,1443.5,-0.000557,-0.000172,21.65,22.38996,-0.73996,0.0,0.0,0.0,0.0,0.0,0.0,0.0,0.0,0.0
2022-12-28,-1079.2,-0.006787,0.001203,22.14,22.457351,-0.317351,1.0,0.0,0.0,0.0,0.0,0.0,0.0,0.0,0.0
2022-12-29,3298.3,0.010105,0.00635,21.44,18.58418,2.85582,0.0,1.0,0.0,0.0,1.0,0.0,0.0,1.0,0.0
2022-12-30,-298.7,-0.00048,0.000682,21.67,18.656715,3.013285,0.0,0.0,0.0,0.0,0.0,0.0,0.0,0.0,0.0
2023-01-03,1352.3,-0.000807,0.003238,22.9,18.695116,4.204884,0.0,0.0,0.0,0.0,0.0,0.0,0.0,0.0,0.0
2023-01-04,-2939.3,0.004933,0.015628,22.01,18.658128,3.351872,0.0,0.0,1.0,0.0,0.0,1.0,0.0,0.0,1.0
2023-01-05,-253.6,-0.005669,-0.004014,22.46,18.199572,4.260428,0.0,0.0,0.0,0.0,0.0,0.0,0.0,0.0,0.0
2023-01-06,2308.9,0.012259,0.012091,21.13,19.803254,1.326746,0.0,0.0,0.0,0.0,0.0,0.0,0.0,0.0,0.0
2023-01-09,1476.9,0.000755,-0.004314,21.97,19.554819,2.415181,0.0,0.0,0.0,0.0,0.0,0.0,0.0,0.0,0.0
2023-01-10,-47.5,0.003165,0.023163,20.58,19.73366,0.84634,0.0,0.0,0.0,0.0,0.0,0.0,0.0,0.0,0.0
2023-01-11,-405.1,0.002421,-0.003095,21.09,20.014119,1.075881,0.0,0.0,0.0,0.0,0.0,0.0,0.0,0.0,0.0
2023-01-12,-2246.1,0.002913,0.024669,18.83,19.720158,-0.890158,0.0,0.0,1.0,0.0,0.0,1.0,0.0,0.0,1.0
2023-01-13,-935.7,0.000644,0.012915,18.35,19.839079,-1.489079,0.0,0.0,0.0,0.0,0.0,0.0,0.0,0.0,0.0
2023-01-16,-313.5,,,19.49,16.754773,2.735227,,,,,,,0.0,0.0,0.0
2023-01-17,-1172.8,0.000752,-0.004565,19.36,16.420315,2.939685,0.0,0.0,0.0,0.0,0.0,0.0,0.0,0.0,0.0
2023-01-18,1516.8,-2.6e-05,-0.016445,20.34,16.440176,3.899824,0.0,0.0,0.0,0.0,0.0,0.0,0.0,0.0,0.0
2023-01-19,-977.3,0.000302,-0.003215,20.52,16.632316,3.887684,0.0,0.0,0.0,0.0,0.0,0.0,0.0,0.0,0.0
2023-01-20,1937.4,0.003651,0.016613,19.85,17.538124,2.311876,0.0,0.0,0.0,0.0,0.0,0.0,0.0,0.0,0.0
2023-01-23,-955.8,0.004523,0.006505,19.81,16.222132,3.587868,0.0,0.0,0.0,0.0,0.0,0.0,0.0,0.0,0.0
2023-01-24,-2067.4,0.000235,0.018285,19.2,16.215774,2.984226,0.0,0.0,1.0,0.0,0.0,1.0,0.0,0.0,1.0
2023-01-25,2919.5,0.00071,-0.00031,19.08,15.76773,3.31227,0.0,0.0,0.0,0.0,0.0,0.0,0.0,0.0,0.0
2023-01-26,-1200.6,0.002844,0.006504,18.73,15.351976,3.378024,0.0,0.0,0.0,0.0,0.0,0.0,0.0,0.0,0.0
2023-01-27,-23.8,0.001109,0.009385,18.51,14.740889,3.769111,0.0,0.0,0.0,0.0,0.0,0.0,0.0,0.0,0.0
2023-01-30,596.2,-0.002858,-0.013565,19.94,16.230641,3.709359,0.0,0.0,0.0,0.0,0.0,0.0,0.0,0.0,0.0
2023-01-31,2217.3,0.003644,0.01097,19.4,15.854714,3.545286,0.0,0.0,0.0,0.0,0.0,0.0,0.0,0.0,0.0
2023-02-01,-2341.5,0.002469,0.016659,17.87,17.501226,0.368774,0.0,0.0,1.0,0.0,0.0,1.0,0.0,0.0,1.0
2023-02-02,483.9,0.001261,-0.011425,18.73,16.589505,2.140495,0.0,0.0,0.0,0.0,0.0,0.0,0.0,0.0,0.0
2023-02-03,-2656.1,-0.00014,-0.005474,18.33,16.164254,2.165746,0.0,0.0,1.0,0.0,0.0,1.0,0.0,0.0,1.0
2023-02-06,-756.6,0.000178,-0.010703,19.43,16.680085,2.749915,0.0,0.0,0.0,0.0,0.0,0.0,0.0,0.0,0.0
2023-02-07,2641.8,0.001323,0.014992,18.66,17.038294,1.621706,0.0,0.0,0.0,0.0,0.0,0.0,0.0,0.0,0.0
2023-02-08,109.9,-0.000398,-0.019796,19.63,17.655569,1.974431,0.0,0.0,0.0,0.0,0.0,0.0,0.0,0.0,0.0
2023-02-09,-615.3,-0.000932,-0.014448,20.71,18.049787,2.660213,0.0,0.0,0.0,0.0,0.0,0.0,0.0,0.0,0.0
2023-02-10,-1405.7,0.001077,-0.009142,20.53,18.365732,2.164268,0.0,0.0,0.0,0.0,0.0,0.0,0.0,0.0,0.0
2023-02-13,906.5,0.00136,0.018931,20.34,18.633497,1.706503,0.0,0.0,0.0,0.0,0.0,0.0,0.0,0.0,0.0
2023-02-14,-947.7,0.000474,0.020921,18.91,18.638308,0.271692,0.0,0.0,0.0,0.0,0.0,0.0,0.0,0.0,0.0
2023-02-15,-1365.2,0.000203,0.010093,18.23,18.070309,0.159691,0.0,0.0,0.0,0.0,0.0,0.0,0.0,0.0,0.0
2023-02-16,3011.2,2.1e-05,-0.026798,20.17,19.390226,0.779774,0.0,0.0,0.0,1.0,0.0,0.0,0.0,0.0,0.0
2023-02-17,-1059.9,0.003276,-0.0014,20.02,18.686086,1.333914,0.0,0.0,0.0,0.0,0.0,0.0,0.0,0.0,0.0
2023-02-20,-280.5,,,21.23,17.861427,3.368573,,,,,,,0.0,0.0,0.0
2023-02-21,1661.8,-0.009505,-0.037233,22.87,18.96139,3.90861,1.0,0.0,0.0,1.0,0.0,0.0,0.0,0.0,0.0
2023-02-22,-1283.2,0.000311,0.014725,22.29,18.811743,3.478257,0.0,0.0,0.0,0.0,0.0,0.0,0.0,0.0,0.0
2023-02-23,-35.0,0.004035,0.016106,21.14,18.328876,2.811124,0.0,0.0,0.0,0.0,0.0,0.0,0.0,0.0,0.0
2023-02-24,1471.8,-0.006141,-0.01742,21.67,18.48652,3.18348,1.0,0.0,0.0,0.0,0.0,0.0,0.0,0.0,0.0
2023-02-27,382.5,0.003562,0.017888,20.95,17.81365,3.13635,0.0,0.0,0.0,0.0,0.0,0.0,0.0,0.0,0.0
2023-02-28,-1080.2,-0.001817,0.011925,20.7,17.58947,3.11053,0.0,0.0,0.0,0.0,0.0,0.0,0.0,0.0,0.0
2023-03-01,-1702.5,-0.002433,-0.006203,20.58,14.869251,5.710749,0.0,0.0,1.0,0.0,0.0,1.0,0.0,0.0,1.0
2023-03-02,576.5,0.005842,0.018568,19.59,14.357327,5.232673,0.0,0.0,0.0,0.0,0.0,0.0,0.0,0.0,0.0
2023-03-03,193.1,0.010628,0.015931,18.49,15.956867,2.533133,0.0,0.0,0.0,0.0,0.0,0.0,0.0,0.0,0.0
2023-03-06,871.8,0.001414,0.00769,18.61,15.817181,2.792819,0.0,0.0,0.0,0.0,0.0,0.0,0.0,0.0,0.0
2023-03-07,-2365.8,-0.00891,-0.011073,19.59,15.064007,4.525993,1.0,0.0,1.0,0.0,0.0,1.0,0.0,0.0,1.0
2023-03-08,-1280.3,0.001877,0.008322,19.11,14.750645,4.359355,0.0,0.0,0.0,0.0,0.0,0.0,0.0,0.0,0.0
2023-03-09,1693.5,-0.015411,-0.052221,22.61,15.43792,7.17208,1.0,0.0,0.0,1.0,0.0,0.0,0.0,0.0,0.0
2023-03-10,-3377.5,-0.013107,-0.055573,24.8,15.478311,9.321689,1.0,0.0,1.0,1.0,0.0,1.0,0.0,0.0,1.0
2023-03-13,-1140.0,-0.00092,-0.015759,26.52,14.634152,11.885848,0.0,0.0,0.0,0.0,0.0,0.0,0.0,0.0,0.0
2023-03-14,432.7,0.016487,0.030319,23.73,16.012683,7.717317,0.0,0.0,0.0,0.0,0.0,0.0,0.0,0.0,0.0
2023-03-15,-1609.2,-0.005429,-0.038023,26.14,15.749232,10.390768,0.0,0.0,1.0,1.0,0.0,1.0,0.0,0.0,1.0
2023-03-16,-771.1,0.016502,0.042963,22.99,16.299748,6.690252,0.0,0.0,0.0,0.0,0.0,0.0,0.0,0.0,0.0
2023-03-17,-502.8,-0.000575,-0.054539,25.51,16.248328,9.261672,0.0,0.0,0.0,1.0,0.0,0.0,0.0,0.0,0.0
2023-03-20,-1287.1,0.006173,0.024224,24.15,16.26905,7.88095,0.0,0.0,0.0,0.0,0.0,0.0,0.0,0.0,0.0
2023-03-21,-281.5,0.006808,0.04373,21.38,15.316807,6.063193,0.0,0.0,0.0,0.0,0.0,0.0,0.0,0.0,0.0
2023-03-22,2979.8,-0.005964,-0.019889,22.26,16.005485,6.254515,1.0,0.0,0.0,0.0,0.0,0.0,0.0,0.0,0.0
2023-03-23,2196.9,0.000525,-0.011643,22.61,16.372574,6.237426,0.0,0.0,0.0,0.0,0.0,0.0,0.0,0.0,0.0
2023-03-24,-1686.6,0.004082,0.019522,21.74,15.459974,6.280026,0.0,0.0,1.0,0.0,0.0,1.0,0.0,0.0,1.0
2023-03-27,-591.4,0.002978,0.018653,20.6,15.73767,4.86233,0.0,0.0,0.0,0.0,0.0,0.0,0.0,0.0,0.0
2023-03-28,106.9,0.000571,0.012478,19.97,15.768124,4.201876,0.0,0.0,0.0,0.0,0.0,0.0,0.0,0.0,0.0
2023-03-29,547.5,0.004805,0.017766,19.12,16.130173,2.989827,0.0,0.0,0.0,0.0,0.0,0.0,0.0,0.0,0.0
2023-03-30,-783.7,0.00168,0.000157,19.02,16.233172,2.786828,0.0,0.0,0.0,0.0,0.0,0.0,0.0,0.0,0.0
2023-03-31,-219.9,0.002567,0.002359,18.7,15.777094,2.922906,0.0,0.0,0.0,0.0,0.0,0.0,0.0,0.0,0.0
2023-04-03,-587.7,0.001883,0.011765,18.55,15.868318,2.681682,0.0,0.0,0.0,0.0,0.0,0.0,0.0,0.0,0.0
2023-04-04,-237.5,-0.000173,-0.008527,19.0,15.325052,3.674948,0.0,0.0,0.0,0.0,0.0,0.0,0.0,0.0,0.0
2023-04-05,970.4,0.000272,0.004066,19.08,16.042702,3.037298,0.0,0.0,0.0,0.0,0.0,0.0,0.0,0.0,0.0
2023-04-06,1316.4,0.000965,0.008721,18.4,14.745116,3.654884,0.0,0.0,0.0,0.0,0.0,0.0,0.0,0.0,0.0
2023-04-07,-129.7,,,,14.189697,,,,,,,,,,
2023-04-10,1182.3,0.001087,0.005713,18.97,14.293771,4.676229,0.0,0.0,0.0,0.0,0.0,0.0,0.0,0.0,0.0
2023-04-11,510.8,0.000259,0.005987,19.1,13.634431,5.465569,0.0,0.0,0.0,0.0,0.0,0.0,0.0,0.0,0.0
2023-04-12,-2628.4,0.000234,-0.004273,19.09,14.076299,5.013701,0.0,0.0,1.0,0.0,0.0,1.0,0.0,0.0,1.0
2023-04-13,2937.8,0.000691,0.017931,17.8,13.127571,4.672429,0.0,0.0,0.0,0.0,0.0,0.0,0.0,0.0,0.0
2023-04-14,-558.7,0.000288,0.009335,17.07,12.968384,4.101616,0.0,0.0,0.0,0.0,0.0,0.0,0.0,0.0,0.0
2023-04-17,-1046.7,0.000481,0.013872,16.95,12.99196,3.95804,0.0,0.0,0.0,0.0,0.0,0.0,0.0,0.0,0.0
2023-04-18,-57.1,0.000144,0.004414,16.83,12.490613,4.339387,0.0,0.0,0.0,0.0,0.0,0.0,0.0,0.0,0.0
2023-04-19,220.2,0.000164,-0.000146,16.46,11.670488,4.789512,0.0,0.0,0.0,0.0,0.0,0.0,0.0,0.0,0.0
2023-04-20,1117.7,0.000172,-0.009962,17.17,11.30089,5.86911,0.0,0.0,0.0,0.0,0.0,0.0,0.0,0.0,0.0
2023-04-21,-1136.5,0.001116,0.009322,16.77,11.275313,5.494687,0.0,0.0,0.0,0.0,0.0,0.0,0.0,0.0,0.0
2023-04-24,-510.1,0.00157,0.002492,16.89,10.975824,5.914176,0.0,0.0,0.0,0.0,0.0,0.0,0.0,0.0,0.0
2023-04-25,1631.3,-0.008639,-0.041679,18.76,11.298965,7.461035,1.0,0.0,0.0,1.0,0.0,0.0,0.0,0.0,0.0
2023-04-26,-1834.0,-0.001263,0.013429,18.84,10.277128,8.562872,0.0,0.0,1.0,0.0,0.0,1.0,0.0,0.0,1.0
2023-04-27,2355.2,0.010838,0.02078,17.03,11.925377,5.104623,0.0,0.0,0.0,0.0,0.0,0.0,0.0,0.0,0.0
2023-04-28,-1160.7,0.003975,0.022275,15.78,11.001057,4.778943,0.0,0.0,0.0,0.0,0.0,0.0,0.0,0.0,0.0
2023-05-01,-485.5,0.000859,0.006782,16.08,10.982581,5.097419,0.0,0.0,0.0,0.0,0.0,0.0,0.0,0.0,0.0
2023-05-02,-204.8,-0.00501,-0.022072,17.78,11.281817,6.498183,0.0,0.0,0.0,0.0,0.0,0.0,0.0,0.0,0.0
2023-05-03,-346.7,-0.002924,-0.015682,18.34,10.764361,7.575639,0.0,0.0,0.0,0.0,0.0,0.0,0.0,0.0,0.0
2023-05-04,-1510.3,-0.004098,-0.023079,20.09,10.5397,9.5503,0.0,0.0,1.0,0.0,0.0,1.0,0.0,0.0,1.0
2023-05-05,2192.1,0.011467,0.038714,17.19,12.085798,5.104202,0.0,0.0,0.0,0.0,0.0,0.0,0.0,0.0,0.0
2023-05-08,-330.2,0.002101,0.008804,16.98,12.078934,4.901066,0.0,0.0,0.0,0.0,0.0,0.0,0.0,0.0,0.0
2023-05-09,-124.6,-0.001548,-0.009891,17.71,12.039633,5.670367,0.0,0.0,0.0,0.0,0.0,0.0,0.0,0.0,0.0
2023-05-10,-365.7,0.003077,0.012634,16.94,11.979985,4.960015,0.0,0.0,0.0,0.0,0.0,0.0,0.0,0.0,0.0
2023-05-11,-1004.1,0.000252,0.006819,16.93,11.050968,5.879032,0.0,0.0,0.0,0.0,0.0,0.0,0.0,0.0,0.0
2023-05-12,38.0,0.000325,-0.000576,17.03,11.218533,5.811467,0.0,0.0,0.0,0.0,0.0,0.0,0.0,0.0,0.0
2023-05-15,-376.6,0.003045,0.012832,17.12,11.345327,5.774673,0.0,0.0,0.0,0.0,0.0,0.0,0.0,0.0,0.0
2023-05-16,-979.0,-0.002345,-0.014804,17.99,11.356084,6.633916,0.0,0.0,0.0,0.0,0.0,0.0,0.0,0.0,0.0
2023-05-17,184.3,0.004494,0.016472,16.87,11.613885,5.256115,0.0,0.0,0.0,0.0,0.0,0.0,0.0,0.0,0.0
2023-05-18,-29.9,0.000641,0.020896,16.05,12.476515,3.573485,0.0,0.0,0.0,0.0,0.0,0.0,0.0,0.0,0.0
2023-05-19,135.9,0.000778,-0.014063,16.81,12.650299,4.159701,0.0,0.0,0.0,0.0,0.0,0.0,0.0,0.0,0.0
2023-05-22,-480.1,0.000898,0.000141,17.21,12.580696,4.629304,0.0,0.0,0.0,0.0,0.0,0.0,0.0,0.0,0.0
2023-05-23,1726.8,-0.006126,-0.009884,18.53,12.917269,5.612731,1.0,0.0,0.0,0.0,0.0,0.0,0.0,0.0,0.0
2023-05-24,2833.5,-0.004884,-0.018682,20.03,12.996235,7.033765,0.0,0.0,0.0,0.0,0.0,0.0,0.0,0.0,0.0
2023-05-25,-2232.3,0.005852,0.010173,19.14,11.77229,7.36771,0.0,0.0,1.0,0.0,0.0,1.0,0.0,0.0,1.0
2023-05-26,-64.6,0.007376,0.02086,17.95,13.79888,4.15112,0.0,0.0,0.0,0.0,0.0,0.0,0.0,0.0,0.0
2023-05-29,-263.6,,,17.46,13.660641,3.799359,,,,,,,0.0,0.0,0.0
2023-05-30,-794.9,0.001984,0.013529,17.46,13.141067,4.318933,0.0,0.0,0.0,0.0,0.0,0.0,0.0,0.0,0.0
2023-05-31,-349.0,-0.001675,0.003476,17.94,13.291604,4.648396,0.0,0.0,0.0,0.0,0.0,0.0,0.0,0.0,0.0
2023-06-01,1370.5,0.005545,0.029098,15.65,13.39249,2.25751,0.0,0.0,0.0,0.0,0.0,0.0,0.0,0.0,0.0
2023-06-02,-1190.0,0.004747,0.018312,14.6,12.633322,1.966678,0.0,0.0,0.0,0.0,0.0,0.0,0.0,0.0,0.0
2023-06-05,-666.3125,0.000612,0.012032,14.73,12.694382,2.035618,0.0,0.0,0.0,0.0,0.0,0.0,0.0,0.0,0.0
2023-06-06,-1050.6,0.000977,0.029266,13.96,12.372044,1.587956,0.0,0.0,0.0,0.0,0.0,0.0,0.0,0.0,0.0
2023-06-07,1952.6,5.2e-05,-0.00165,13.94,14.068074,-0.128074,0.0,0.0,0.0,0.0,0.0,0.0,0.0,0.0,0.0
2023-06-08,3178.8,0.001087,0.012587,13.65,14.430782,-0.780782,0.0,1.0,0.0,0.0,1.0,0.0,0.0,1.0,0.0
2023-06-09,-552.6,0.000583,-0.004018,13.83,14.136545,-0.306545,0.0,0.0,0.0,0.0,0.0,0.0,0.0,0.0,0.0
2023-06-12,2352.9,0.000856,-0.001639,15.01,14.706716,0.303284,0.0,0.0,0.0,0.0,0.0,0.0,0.0,0.0,0.0
2023-06-13,-1288.4,0.000435,0.001515,14.61,14.702799,-0.092799,0.0,0.0,0.0,0.0,0.0,0.0,0.0,0.0,0.0
2023-06-14,-1155.0,0.000316,0.015761,13.88,14.661563,-0.781563,0.0,0.0,0.0,0.0,0.0,0.0,0.0,0.0,0.0
2023-06-15,-673.3,0.000198,-0.013779,14.5,14.017275,0.482725,0.0,0.0,0.0,0.0,0.0,0.0,0.0,0.0,0.0
2023-06-16,-246.2,-0.000771,0.017495,13.54,13.977884,-0.437884,0.0,0.0,0.0,0.0,0.0,0.0,0.0,0.0,0.0
2023-06-19,-7.9,,,14.19,14.195896,-0.005896,,,,,,,0.0,0.0,0.0
2023-06-20,-263.0,-0.001385,-0.000124,13.88,13.244418,0.635582,0.0,0.0,0.0,0.0,0.0,0.0,0.0,0.0,0.0
2023-06-21,604.8,-0.001926,0.010516,13.2,14.261312,-1.061312,0.0,0.0,0.0,0.0,0.0,0.0,0.0,0.0,0.0
2023-06-22,1489.8,0.002652,0.011998,12.91,14.420843,-1.510843,0.0,0.0,0.0,0.0,0.0,0.0,0.0,0.0,0.0
2023-06-23,834.0,-0.004288,-0.007259,13.44,13.186103,0.253897,0.0,0.0,0.0,0.0,0.0,0.0,0.0,0.0,0.0
2023-06-26,-575.5,-0.002438,0.00134,14.25,13.805825,0.444175,0.0,0.0,0.0,0.0,0.0,0.0,0.0,0.0,0.0
2023-06-27,2259.1,0.008048,0.01436,13.74,14.365261,-0.625261,0.0,0.0,0.0,0.0,0.0,0.0,0.0,0.0,0.0
2023-06-28,-1604.8,0.000562,0.017277,13.43,14.066834,-0.636834,0.0,0.0,1.0,0.0,0.0,1.0,0.0,0.0,1.0
2023-06-29,-1353.9,0.002502,-0.01085,13.54,13.641077,-0.101077,0.0,0.0,0.0,0.0,0.0,0.0,0.0,0.0,0.0
2023-06-30,1396.2,0.006174,0.009658,13.59,14.06531,-0.47531,0.0,0.0,0.0,0.0,0.0,0.0,0.0,0.0,0.0
2023-07-03,-380.1,0.000615,0.000945,13.57,14.049725,-0.479725,0.0,0.0,0.0,0.0,0.0,0.0,0.0,0.0,0.0
2023-07-04,-117.3,,,13.7,14.071025,-0.371025,,,,,,,0.0,0.0,0.0
2023-07-05,-227.0,-0.000223,-0.005899,14.18,12.470649,1.709351,0.0,0.0,0.0,0.0,0.0,0.0,0.0,0.0,0.0
2023-07-06,1407.4,-0.003544,-0.025872,15.44,12.412009,3.027991,0.0,0.0,0.0,1.0,0.0,0.0,0.0,0.0,0.0
2023-07-07,-224.6,-0.000118,0.009381,14.83,12.452941,2.377059,0.0,0.0,0.0,0.0,0.0,0.0,0.0,0.0,0.0
2023-07-10,-759.5,0.001875,0.005794,15.07,11.337561,3.732439,0.0,0.0,0.0,0.0,0.0,0.0,0.0,0.0,0.0
2023-07-11,-1224.0,0.003441,0.00468,14.84,11.257433,3.582567,0.0,0.0,0.0,0.0,0.0,0.0,0.0,0.0,0.0
2023-07-12,-377.8,0.00332,0.02795,13.54,11.621494,1.918506,0.0,0.0,0.0,0.0,0.0,0.0,0.0,0.0,0.0
2023-07-13,196.1,0.001637,-0.00337,13.61,12.224781,1.385219,0.0,0.0,0.0,0.0,0.0,0.0,0.0,0.0,0.0
2023-07-14,630.5,0.000463,0.005946,13.34,12.115092,1.224908,0.0,0.0,0.0,0.0,0.0,0.0,0.0,0.0,0.0
2023-07-17,896.6,0.000883,0.001507,13.48,12.175897,1.304103,0.0,0.0,0.0,0.0,0.0,0.0,0.0,0.0,0.0
2023-07-18,425.1,0.000268,0.004976,13.3,12.286974,1.013026,0.0,0.0,0.0,0.0,0.0,0.0,0.0,0.0,0.0
2023-07-19,-1035.1,0.000198,-0.007485,13.76,11.27691,2.48309,0.0,0.0,0.0,0.0,0.0,0.0,0.0,0.0,0.0
2023-07-20,-64.9,0.000167,0.000464,13.99,13.041632,0.948368,0.0,0.0,0.0,0.0,0.0,0.0,0.0,0.0,0.0
2023-07-21,-1513.7,-0.001122,0.005335,13.6,12.450332,1.149668,0.0,0.0,1.0,0.0,0.0,1.0,0.0,0.0,1.0
2023-07-24,-1116.4,0.002605,0.008767,13.91,11.690434,2.219566,0.0,0.0,0.0,0.0,0.0,0.0,0.0,0.0,0.0
2023-07-25,859.8,0.000981,0.001029,13.86,11.342331,2.517669,0.0,0.0,0.0,0.0,0.0,0.0,0.0,0.0,0.0
2023-07-26,-1038.6,0.001205,0.013137,13.19,11.598019,1.591981,0.0,0.0,0.0,0.0,0.0,0.0,0.0,0.0,0.0
2023-07-27,2769.1,-0.003029,-0.024918,14.41,11.577647,2.832353,0.0,0.0,0.0,1.0,0.0,0.0,0.0,0.0,0.0
2023-07-28,1999.0,0.004533,0.02012,13.33,11.910069,1.419931,0.0,0.0,0.0,0.0,0.0,0.0,0.0,0.0,0.0
2023-07-31,-1085.9,0.001669,0.007481,13.63,11.906548,1.723452,0.0,0.0,0.0,0.0,0.0,0.0,0.0,0.0,0.0
2023-08-01,-735.166667,-0.000864,-0.008326,13.93,11.999617,1.930383,0.0,0.0,0.0,0.0,0.0,0.0,0.0,0.0,0.0
2023-08-02,2730.4,-0.006551,-0.045723,16.09,14.059643,2.030357,1.0,0.0,0.0,1.0,0.0,0.0,0.0,0.0,0.0
2023-08-03,-1391.1,-0.00178,0.001189,15.92,13.776284,2.143716,0.0,0.0,0.0,0.0,0.0,0.0,0.0,0.0,0.0
2023-08-04,-58.9,-0.002059,-0.01615,17.1,13.882386,3.217614,0.0,0.0,0.0,0.0,0.0,0.0,0.0,0.0,0.0
2023-08-07,84.3,0.007161,0.026192,15.77,14.071893,1.698107,0.0,0.0,0.0,0.0,0.0,0.0,0.0,0.0,0.0
2023-08-08,1421.7,-0.002451,-0.010468,15.99,14.332289,1.657711,0.0,0.0,0.0,0.0,0.0,0.0,0.0,0.0,0.0
2023-08-09,1131.0,-0.004635,0.004755,15.96,14.060209,1.899791,0.0,0.0,0.0,0.0,0.0,0.0,0.0,0.0,0.0
2023-08-10,384.4,0.000585,-0.001893,15.85,13.102097,2.747903,0.0,0.0,0.0,0.0,0.0,0.0,0.0,0.0,0.0
2023-08-11,-595.9,-0.000133,0.019557,14.84,13.214834,1.625166,0.0,0.0,0.0,0.0,0.0,0.0,0.0,0.0,0.0
2023-08-14,602.0,0.005797,0.008951,14.82,13.478285,1.341715,0.0,0.0,0.0,0.0,0.0,0.0,0.0,0.0,0.0
2023-08-15,1367.2,-0.010392,-0.028805,16.46,13.411013,3.048987,1.0,0.0,0.0,1.0,0.0,0.0,0.0,0.0,0.0
2023-08-16,-1310.2,-0.007512,-0.00783,16.78,13.642675,3.137325,1.0,0.0,0.0,0.0,0.0,0.0,0.0,0.0,0.0
2023-08-17,-1201.2,-0.007664,-0.023556,17.89,12.726344,5.163656,1.0,0.0,0.0,1.0,0.0,0.0,0.0,0.0,0.0
2023-08-18,-390.2,-0.007349,0.012491,17.3,12.754812,4.545188,1.0,0.0,0.0,0.0,0.0,0.0,0.0,0.0,0.0
2023-08-21,-467.3,0.003654,0.013304,17.13,13.816615,3.313385,0.0,0.0,0.0,0.0,0.0,0.0,0.0,0.0,0.0
2023-08-22,-34.3,-0.000168,-0.00191,16.97,13.294716,3.675284,0.0,0.0,0.0,0.0,0.0,0.0,0.0,0.0,0.0
2023-08-23,4243.2,0.004192,0.016742,15.98,15.686705,0.293295,0.0,1.0,0.0,0.0,1.0,0.0,0.0,1.0,0.0
2023-08-24,8770.4,-0.004095,-0.019172,17.2,18.662136,-1.462136,0.0,1.0,0.0,0.0,1.0,0.0,0.0,1.0,0.0
2023-08-25,1143.5,0.003629,0.021585,15.68,18.066779,-2.386779,0.0,0.0,0.0,0.0,0.0,0.0,0.0,0.0,0.0
2023-08-28,-1090.8,0.003035,0.019368,15.08,18.336742,-3.256742,0.0,0.0,0.0,0.0,0.0,0.0,0.0,0.0,0.0
2023-08-29,195.9,0.002859,0.013128,14.45,19.681527,-5.231527,0.0,0.0,0.0,0.0,0.0,0.0,0.0,0.0,0.0
2023-08-30,-982.0,0.00091,0.016254,13.88,18.531346,-4.651346,0.0,0.0,0.0,0.0,0.0,0.0,0.0,0.0,0.0
2023-08-31,-855.5,0.000356,0.010513,13.57,18.534906,-4.964906,0.0,0.0,0.0,0.0,0.0,0.0,0.0,0.0,0.0
2023-09-01,-235.1,0.000506,0.006641,13.09,18.456706,-5.366706,0.0,0.0,0.0,0.0,0.0,0.0,0.0,0.0,0.0
2023-09-04,-157.0,,,13.82,18.293164,-4.473164,,,,,,,0.0,0.0,0.0
2023-09-05,-667.0,0.000545,-0.003958,14.01,18.06614,-4.05614,0.0,0.0,0.0,0.0,0.0,0.0,0.0,0.0,0.0
2023-09-06,368.677778,-0.000162,-0.008389,14.45,18.007655,-3.557655,0.0,0.0,0.0,0.0,0.0,0.0,0.0,0.0,0.0
2023-09-07,66.7,0.000146,0.000779,14.4,18.133702,-3.733702,0.0,0.0,0.0,0.0,0.0,0.0,0.0,0.0,0.0
2023-09-08,-1612.7,0.000702,0.010234,13.84,17.972288,-4.132288,0.0,0.0,1.0,0.0,0.0,1.0,0.0,0.0,1.0
2023-09-11,412.9,0.000942,0.012332,13.8,17.90704,-4.10704,0.0,0.0,0.0,0.0,0.0,0.0,0.0,0.0,0.0
2023-09-12,933.1,6.3e-05,-0.002937,14.23,17.875931,-3.645931,0.0,0.0,0.0,0.0,0.0,0.0,0.0,0.0,0.0
2023-09-13,-724.9,0.000386,0.008836,13.48,17.486308,-4.006308,0.0,0.0,0.0,0.0,0.0,0.0,0.0,0.0,0.0
2023-09-14,-559.6,0.000173,0.016003,12.82,16.940442,-4.120442,0.0,0.0,0.0,0.0,0.0,0.0,0.0,0.0,0.0
2023-09-15,3492.261538,-0.001614,-0.018518,13.79,18.133902,-4.343902,0.0,1.0,0.0,0.0,1.0,0.0,0.0,1.0,0.0
2023-09-18,-775.3,0.000895,0.003145,14.0,17.614849,-3.614849,0.0,0.0,0.0,0.0,0.0,0.0,0.0,0.0,0.0
2023-09-19,262.5,-0.000705,0.003459,14.11,17.643846,-3.533846,0.0,0.0,0.0,0.0,0.0,0.0,0.0,0.0,0.0
2023-09-20,2490.7,-0.005125,-0.01939,15.14,16.473101,-1.333101,0.0,0.0,0.0,0.0,0.0,0.0,0.0,0.0,0.0
2023-09-21,-1325.2,-0.011887,-0.039218,17.54,13.990989,3.549011,1.0,0.0,0.0,1.0,0.0,0.0,0.0,0.0,0.0
2023-09-22,-1081.6,-0.001672,-0.000343,17.2,13.663447,3.536553,0.0,0.0,0.0,0.0,0.0,0.0,0.0,0.0,0.0
2023-09-25,-78.3,0.00439,-0.000458,16.9,13.485812,3.414188,0.0,0.0,0.0,0.0,0.0,0.0,0.0,0.0,0.0
2023-09-26,1957.3,-0.012369,-0.0452,18.94,12.082985,6.857015,1.0,0.0,0.0,1.0,0.0,0.0,0.0,0.0,0.0
2023-09-27,30.1,4.9e-05,0.020254,18.22,11.922581,6.297419,0.0,0.0,0.0,0.0,0.0,0.0,0.0,0.0,0.0
2023-09-28,-2381.2,0.005446,0.023141,17.34,12.269492,5.070508,0.0,0.0,1.0,0.0,0.0,1.0,0.0,0.0,1.0
2023-09-29,-23.8,-0.001619,-0.008726,17.52,12.319392,5.200608,0.0,0.0,0.0,0.0,0.0,0.0,0.0,0.0,0.0
2023-10-02,-2070.9,0.000472,-0.002085,17.61,12.60833,5.00167,0.0,0.0,1.0,0.0,0.0,1.0,0.0,0.0,1.0
2023-10-03,1640.1,-0.012599,-0.047006,19.78,13.508941,6.271059,1.0,0.0,0.0,1.0,0.0,0.0,0.0,0.0,0.0
2023-10-04,1888.7,0.006709,0.026306,18.58,14.22311,4.35689,0.0,0.0,0.0,0.0,0.0,0.0,0.0,0.0,0.0
2023-10-05,-568.4,-0.000479,0.005933,18.49,14.160492,4.329508,0.0,0.0,0.0,0.0,0.0,0.0,0.0,0.0,0.0
2023-10-06,-763.0,0.011062,0.00755,17.45,15.447511,2.002489,0.0,0.0,0.0,0.0,0.0,0.0,0.0,0.0,0.0
2023-10-09,-1646.9,0.006606,0.006908,17.7,15.098823,2.601177,0.0,0.0,1.0,0.0,0.0,1.0,0.0,0.0,1.0
2023-10-10,-65.9,0.005016,0.016163,17.03,14.964558,2.065442,0.0,0.0,0.0,0.0,0.0,0.0,0.0,0.0,0.0
2023-10-11,271.0,0.004289,0.008697,16.09,15.146731,0.943269,0.0,0.0,0.0,0.0,0.0,0.0,0.0,0.0,0.0
2023-10-12,379.1,-0.005297,-0.009643,16.69,15.039873,1.650127,0.0,0.0,0.0,0.0,0.0,0.0,0.0,0.0,0.0
2023-10-13,852.5,-0.004702,-0.059794,19.32,14.55531,4.76469,0.0,0.0,0.0,1.0,0.0,0.0,0.0,0.0,0.0
2023-10-16,112.5,0.010394,0.047515,17.21,15.119719,2.090281,0.0,0.0,0.0,0.0,0.0,0.0,0.0,0.0,0.0
2023-10-17,1032.2,0.000221,-0.013492,17.88,15.145001,2.734999,0.0,0.0,0.0,0.0,0.0,0.0,0.0,0.0,0.0
2023-10-18,-750.3,-0.013128,-0.032422,19.22,14.755059,4.464941,1.0,0.0,0.0,1.0,0.0,0.0,0.0,0.0,0.0
2023-10-19,-2231.0,-0.008966,-0.024979,21.4,14.228173,7.171827,1.0,0.0,1.0,1.0,0.0,1.0,0.0,0.0,1.0
2023-10-20,-832.5,-0.001332,-0.002374,21.71,14.792243,6.917757,0.0,0.0,0.0,0.0,0.0,0.0,0.0,0.0,0.0
2023-10-23,1278.2,0.00097,0.017036,20.37,14.868178,5.501822,0.0,0.0,0.0,0.0,0.0,0.0,0.0,0.0,0.0
2023-10-24,-978.3,0.004479,0.022047,18.97,14.230208,4.739792,0.0,0.0,0.0,0.0,0.0,0.0,0.0,0.0,0.0
2023-10-25,3362.4,-0.006839,-0.031574,20.19,16.076875,4.113125,1.0,1.0,0.0,1.0,1.0,0.0,0.0,1.0,0.0
2023-10-26,-2030.7,-0.007129,-0.003609,20.68,16.60954,4.07046,1.0,0.0,1.0,0.0,0.0,1.0,0.0,0.0,1.0
2023-10-27,-470.9,-0.00274,-0.016985,21.27,16.698449,4.571551,0.0,0.0,0.0,0.0,0.0,0.0,0.0,0.0,0.0
2023-10-30,-315.4,0.009693,0.03659,19.75,16.883712,2.866288,0.0,0.0,0.0,0.0,0.0,0.0,0.0,0.0,0.0
2023-10-31,-1297.0,0.005158,0.032234,18.14,16.066798,2.073202,0.0,0.0,0.0,0.0,0.0,0.0,0.0,0.0,0.0
2023-11-01,-150.6,0.006804,0.02256,16.87,16.926048,-0.056048,0.0,0.0,0.0,0.0,0.0,0.0,0.0,0.0,0.0
2023-11-02,-581.0,0.00725,0.017185,15.66,17.460201,-1.800201,0.0,0.0,0.0,0.0,0.0,0.0,0.0,0.0,0.0
2023-11-03,72.9,0.002324,0.011187,14.91,17.076908,-2.166908,0.0,0.0,0.0,0.0,0.0,0.0,0.0,0.0,0.0
2023-11-06,-212.1,0.001288,0.017498,14.89,17.056082,-2.166082,0.0,0.0,0.0,0.0,0.0,0.0,0.0,0.0,0.0
2023-11-07,-996.1,0.000586,0.003107,14.81,17.242766,-2.432766,0.0,0.0,0.0,0.0,0.0,0.0,0.0,0.0,0.0
2023-11-08,-386.9,0.000502,0.009623,14.45,17.051616,-2.601616,0.0,0.0,0.0,0.0,0.0,0.0,0.0,0.0,0.0
2023-11-09,-506.8,-0.000395,-0.019391,15.29,17.090628,-1.800628,0.0,0.0,0.0,0.0,0.0,0.0,0.0,0.0,0.0
2023-11-10,5548.6,0.001191,0.020221,14.17,17.654114,-3.484114,0.0,1.0,0.0,0.0,1.0,0.0,0.0,1.0,0.0
2023-11-13,-885.5,0.000561,0.006023,14.76,17.293747,-2.533747,0.0,0.0,0.0,0.0,0.0,0.0,0.0,0.0,0.0
2023-11-14,464.6,0.000221,0.00283,14.16,18.292749,-4.132749,0.0,0.0,0.0,0.0,0.0,0.0,0.0,0.0,0.0
2023-11-15,285.8,0.000205,0.01118,14.18,17.825754,-3.645754,0.0,0.0,0.0,0.0,0.0,0.0,0.0,0.0,0.0
2023-11-16,-608.5,0.000197,0.007085,14.32,17.024482,-2.704482,0.0,0.0,0.0,0.0,0.0,0.0,0.0,0.0,0.0
2023-11-17,-901.1,0.000852,0.00874,13.8,16.236981,-2.436981,0.0,0.0,0.0,0.0,0.0,0.0,0.0,0.0,0.0
2023-11-20,1346.0,0.003777,0.003698,13.41,16.476209,-3.066209,0.0,0.0,0.0,0.0,0.0,0.0,0.0,0.0,0.0
2023-11-21,581.9,-0.000346,0.010212,13.35,16.860972,-3.510972,0.0,0.0,0.0,0.0,0.0,0.0,0.0,0.0,0.0
2023-11-22,-332.2,0.001705,-0.003647,12.85,14.243963,-1.393963,0.0,0.0,0.0,0.0,0.0,0.0,0.0,0.0,0.0
2023-11-23,-62.9,,,12.8,12.318366,0.481634,,,,,,,0.0,0.0,0.0
2023-11-24,-131.9,0.001071,0.020605,12.46,12.63147,-0.17147,0.0,0.0,0.0,0.0,0.0,0.0,0.0,0.0,0.0
2023-11-27,-198.4,0.000462,-0.001742,12.69,12.690579,-0.000579,0.0,0.0,0.0,0.0,0.0,0.0,0.0,0.0,0.0
2023-11-28,-543.8,0.000505,0.00657,12.69,12.686147,0.003853,0.0,0.0,0.0,0.0,0.0,0.0,0.0,0.0,0.0
2023-11-29,1125.8,-0.000454,-0.007037,12.98,11.747305,1.232695,0.0,0.0,0.0,0.0,0.0,0.0,0.0,0.0,0.0
2023-11-30,-382.3,0.001398,0.006779,12.92,11.63905,1.28095,0.0,0.0,0.0,0.0,0.0,0.0,0.0,0.0,0.0
2023-12-01,-1698.5,0.001611,0.002142,12.63,11.106937,1.523063,0.0,0.0,1.0,0.0,0.0,1.0,0.0,0.0,1.0
2023-12-04,2309.6,-0.00016,-0.001222,13.08,11.8479,1.2321,0.0,0.0,0.0,0.0,0.0,0.0,0.0,0.0,0.0
2023-12-05,-1717.5,0.000437,0.003567,12.85,11.57583,1.27417,0.0,0.0,1.0,0.0,0.0,1.0,0.0,0.0,1.0
2023-12-06,689.6,-0.000609,-0.001727,12.97,11.748104,1.221896,0.0,0.0,0.0,0.0,0.0,0.0,0.0,0.0,0.0
2023-12-07,2247.5,0.001718,-0.000102,13.06,11.920664,1.139336,0.0,0.0,0.0,0.0,0.0,0.0,0.0,0.0,0.0
2023-12-08,-1880.9,0.001318,0.013126,12.35,10.351553,1.998447,0.0,0.0,1.0,0.0,0.0,1.0,0.0,0.0,1.0
2023-12-11,-688.5,0.00095,0.013257,12.63,10.556846,2.073154,0.0,0.0,0.0,0.0,0.0,0.0,0.0,0.0,0.0
2023-12-12,-979.8,0.000358,0.014075,12.07,8.89063,3.17937,0.0,0.0,0.0,0.0,0.0,0.0,0.0,0.0,0.0
2023-12-13,-1414.1,0.000183,0.007624,12.19,9.130803,3.059197,0.0,0.0,0.0,0.0,0.0,0.0,0.0,0.0,0.0
2023-12-14,920.9,0.000179,0.0,12.48,9.178536,3.301464,0.0,0.0,0.0,0.0,0.0,0.0,0.0,0.0,0.0
2023-12-15,-217.6,-0.000521,-0.014259,12.28,9.134733,3.145267,0.0,0.0,0.0,0.0,0.0,0.0,0.0,0.0,0.0
2023-12-18,109.9,0.002598,-0.00059,12.56,8.522757,4.037243,0.0,0.0,0.0,0.0,0.0,0.0,0.0,0.0,0.0
2023-12-19,185.8,0.002029,-0.007582,12.53,8.051306,4.478694,0.0,0.0,0.0,0.0,0.0,0.0,0.0,0.0,0.0
2023-12-20,2751.8,-0.005854,-0.031154,13.67,9.450267,4.219733,1.0,0.0,0.0,1.0,0.0,0.0,0.0,0.0,0.0
2023-12-21,1063.5,0.004136,0.009626,13.65,9.731564,3.918436,0.0,0.0,0.0,0.0,0.0,0.0,0.0,0.0,0.0
2023-12-22,-711.0,0.001373,0.014099,13.03,9.594782,3.435218,0.0,0.0,0.0,0.0,0.0,0.0,0.0,0.0,0.0
2023-12-26,656.3,0.002692,0.012903,12.99,9.688268,3.301732,0.0,0.0,0.0,0.0,0.0,0.0,0.0,0.0,0.0
2023-12-27,-673.8,0.001336,0.020737,12.43,9.688314,2.741686,0.0,0.0,0.0,0.0,0.0,0.0,0.0,0.0,0.0
2023-12-28,-24.5,0.00017,0.001354,12.47,9.761966,2.708034,0.0,0.0,0.0,0.0,0.0,0.0,0.0,0.0,0.0
2023-12-29,409.7,-6.9e-05,-0.001063,12.45,9.751341,2.698659,0.0,0.0,0.0,0.0,0.0,0.0,0.0,0.0,0.0
2024-01-02,2189.3,-0.000752,0.000193,13.2,11.302759,1.897241,0.0,0.0,0.0,0.0,0.0,0.0,0.0,0.0,0.0
2024-01-03,814.5,-0.00337,-0.017308,14.04,11.381241,2.658759,0.0,0.0,0.0,0.0,0.0,0.0,0.0,0.0,0.0
2024-01-04,-1066.6,-0.001309,0.001476,14.13,11.577612,2.552388,0.0,0.0,0.0,0.0,0.0,0.0,0.0,0.0,0.0
2024-01-05,356.8,0.001536,0.01572,13.35,11.393509,1.956491,0.0,0.0,0.0,0.0,0.0,0.0,0.0,0.0,0.0
2024-01-08,3825.0,0.006745,0.011511,13.08,12.243521,0.836479,0.0,1.0,0.0,0.0,1.0,0.0,0.0,1.0,0.0
2024-01-09,-894.9,0.000231,0.011667,12.76,12.208672,0.551328,0.0,0.0,0.0,0.0,0.0,0.0,0.0,0.0,0.0
2024-01-10,-870.7,0.001542,0.00501,12.69,12.112764,0.577236,0.0,0.0,0.0,0.0,0.0,0.0,0.0,0.0,0.0
2024-01-11,-243.3,0.000511,0.002634,12.44,11.898002,0.541998,0.0,0.0,0.0,0.0,0.0,0.0,0.0,0.0,0.0
2024-01-12,-1365.3,0.000572,-0.006754,12.7,11.544535,1.155465,0.0,0.0,0.0,0.0,0.0,0.0,0.0,0.0,0.0
2024-01-15,-408.4,,,13.25,11.530809,1.719191,,,,,,,0.0,0.0,0.0
2024-01-16,180.1,0.000713,-0.016528,13.84,11.470223,2.369777,0.0,0.0,0.0,0.0,0.0,0.0,0.0,0.0,0.0
2024-01-17,738.3,-0.000448,-0.019399,14.79,11.524923,3.265077,0.0,0.0,0.0,0.0,0.0,0.0,0.0,0.0,0.0
2024-01-18,-1247.9,0.001511,0.017138,14.13,12.334697,1.795303,0.0,0.0,0.0,0.0,0.0,0.0,0.0,0.0,0.0
2024-01-19,-549.7,0.003338,0.012613,13.3,12.895822,0.404178,0.0,0.0,0.0,0.0,0.0,0.0,0.0,0.0,0.0
2024-01-22,-370.733333,0.001732,0.017305,13.19,12.693589,0.496411,0.0,0.0,0.0,0.0,0.0,0.0,0.0,0.0,0.0
2024-01-23,-793.4,0.001485,0.01402,12.55,12.753696,-0.203696,0.0,0.0,0.0,0.0,0.0,0.0,0.0,0.0,0.0
2024-01-24,721.2,0.000137,-0.012167,13.14,12.648152,0.491848,0.0,0.0,0.0,0.0,0.0,0.0,0.0,0.0,0.0
2024-01-25,-901.8,0.001179,-0.006718,13.45,12.719667,0.730333,0.0,0.0,0.0,0.0,0.0,0.0,0.0,0.0,0.0
2024-01-26,-995.1,0.000292,0.004321,13.26,12.789151,0.470849,0.0,0.0,0.0,0.0,0.0,0.0,0.0,0.0,0.0
2024-01-29,1256.4,0.001807,-0.003648,13.6,12.974535,0.625465,0.0,0.0,0.0,0.0,0.0,0.0,0.0,0.0,0.0
2024-01-30,2819.1,0.000326,0.007698,13.31,12.579506,0.730494,0.0,0.0,0.0,0.0,0.0,0.0,0.0,0.0,0.0
2024-01-31,-2772.4,-0.003573,-0.025433,14.35,12.635415,1.714585,0.0,0.0,1.0,1.0,0.0,1.0,0.0,0.0,1.0
2024-02-01,3673.5,0.003483,0.003919,13.88,13.626928,0.253072,0.0,1.0,0.0,0.0,1.0,0.0,0.0,1.0,0.0
2024-02-02,-1674.4,0.001455,0.001809,13.85,13.600714,0.249286,0.0,0.0,1.0,0.0,0.0,1.0,0.0,0.0,1.0
2024-02-05,-676.6,0.000639,0.019865,13.67,12.594469,1.075531,0.0,0.0,0.0,0.0,0.0,0.0,0.0,0.0,0.0
2024-02-06,-546.0,0.000662,0.012395,13.06,12.715353,0.344647,0.0,0.0,0.0,0.0,0.0,0.0,0.0,0.0,0.0
2024-02-07,-83.7,0.000461,0.001657,12.83,12.947499,-0.117499,0.0,0.0,0.0,0.0,0.0,0.0,0.0,0.0,0.0
2024-02-08,-717.8,0.000238,0.004136,12.79,12.944591,-0.154591,0.0,0.0,0.0,0.0,0.0,0.0,0.0,0.0,0.0
2024-02-09,-287.1,0.000159,-0.003661,12.93,13.10693,-0.17693,0.0,0.0,0.0,0.0,0.0,0.0,0.0,0.0,0.0
2024-02-12,737.2,0.000491,-0.011023,13.93,13.402271,0.527729,0.0,0.0,0.0,0.0,0.0,0.0,0.0,0.0,0.0
2024-02-13,-49.5,-1.1e-05,-0.038176,15.85,14.257925,1.592075,0.0,0.0,0.0,1.0,0.0,0.0,0.0,0.0,0.0
2024-02-14,-1471.9,0.000389,0.029261,14.38,14.129254,0.250746,0.0,0.0,1.0,0.0,0.0,1.0,0.0,0.0,1.0
2024-02-15,-1049.9,0.000185,0.002627,14.01,13.573412,0.436588,0.0,0.0,0.0,0.0,0.0,0.0,0.0,0.0,0.0
2024-02-16,3200.8,-0.002229,0.002714,14.24,13.10344,1.13656,0.0,1.0,0.0,0.0,1.0,0.0,0.0,1.0,0.0
2024-02-19,-135.7,,,14.71,13.131277,1.578723,,,,,,,0.0,0.0,0.0
2024-02-20,476.6,-0.001909,-0.016986,15.42,13.603216,1.816784,0.0,0.0,0.0,0.0,0.0,0.0,0.0,0.0,0.0
2024-02-21,-502.1,0.000939,0.004272,15.34,13.722483,1.617517,0.0,0.0,0.0,0.0,0.0,0.0,0.0,0.0,0.0
2024-02-22,-573.8,0.008397,0.010872,14.54,14.697047,-0.157047,0.0,0.0,0.0,0.0,0.0,0.0,0.0,0.0,0.0
2024-02-23,-51.3,0.001122,0.017207,13.75,14.669685,-0.919685,0.0,0.0,0.0,0.0,0.0,0.0,0.0,0.0,0.0
2024-02-26,-1194.2,-1.1e-05,0.005608,13.74,14.318026,-0.578026,0.0,0.0,0.0,0.0,0.0,0.0,0.0,0.0,0.0
2024-02-27,-1623.4,0.001042,0.009874,13.43,13.600792,-0.170792,0.0,0.0,1.0,0.0,0.0,1.0,0.0,0.0,1.0
2024-02-28,536.2,-0.000157,-0.007967,13.84,13.30545,0.53455,0.0,0.0,0.0,0.0,0.0,0.0,0.0,0.0,0.0
2024-02-29,1060.4,0.001094,0.007118,13.4,12.234236,1.165764,0.0,0.0,0.0,0.0,0.0,0.0,0.0,0.0,0.0
2024-03-01,-0.5,0.001942,-0.000634,13.11,12.838609,0.271391,0.0,0.0,0.0,0.0,0.0,0.0,0.0,0.0,0.0
2024-03-04,-590.6,0.000508,0.000453,13.49,12.972303,0.517697,0.0,0.0,0.0,0.0,0.0,0.0,0.0,0.0,0.0
2024-03-05,517.1,-0.001862,-0.020663,14.46,13.844491,0.615509,0.0,0.0,0.0,0.0,0.0,0.0,0.0,0.0,0.0
2024-03-06,-760.2,0.001368,-0.00111,14.5,13.421635,1.078365,0.0,0.0,0.0,0.0,0.0,0.0,0.0,0.0,0.0
2024-03-07,3023.4,0.001557,0.002594,14.44,13.875707,0.564293,0.0,0.0,0.0,0.0,0.0,0.0,0.0,1.0,0.0
2024-03-08,376.0,-0.000153,-0.012382,14.74,14.040356,0.699644,0.0,0.0,0.0,0.0,0.0,0.0,0.0,0.0,0.0
2024-03-11,-680.9,0.00063,0.004678,15.22,13.94323,1.27677,0.0,0.0,0.0,0.0,0.0,0.0,0.0,0.0,0.0
2024-03-12,362.1,0.001155,0.024958,13.84,13.75475,0.08525,0.0,0.0,0.0,0.0,0.0,0.0,0.0,0.0,0.0
2024-03-13,-156.6,0.000227,0.003362,13.75,13.67731,0.07269,0.0,0.0,0.0,0.0,0.0,0.0,0.0,0.0,0.0
2024-03-14,-1777.7,0.000108,-0.013221,14.4,13.720986,0.679014,0.0,0.0,1.0,0.0,0.0,1.0,0.0,0.0,1.0
2024-03-15,898.7,0.000108,-0.00936,14.41,13.555505,0.854495,0.0,0.0,0.0,0.0,0.0,0.0,0.0,0.0,0.0
2024-03-18,1347.8,0.003426,0.010931,14.33,13.801915,0.528085,0.0,0.0,0.0,0.0,0.0,0.0,0.0,0.0,0.0
2024-03-19,1122.3,0.002643,0.013928,13.82,13.214141,0.605859,0.0,0.0,0.0,0.0,0.0,0.0,0.0,0.0,0.0
2024-03-20,-1917.8,0.003217,0.011478,13.04,13.771381,-0.731381,0.0,0.0,1.0,0.0,0.0,1.0,0.0,0.0,1.0
2024-03-21,15.0,0.001061,0.003663,12.92,12.743299,0.176701,0.0,0.0,0.0,0.0,0.0,0.0,0.0,0.0,0.0
2024-03-22,-1188.3,-1.8e-05,-0.001602,13.06,12.677781,0.382219,0.0,0.0,0.0,0.0,0.0,0.0,0.0,0.0,0.0
2024-03-25,127.1,0.000361,0.002675,13.19,12.694942,0.495058,0.0,0.0,0.0,0.0,0.0,0.0,0.0,0.0,0.0
2024-03-26,357.8,-0.000188,0.002846,13.24,12.719943,0.520057,0.0,0.0,0.0,0.0,0.0,0.0,0.0,0.0,0.0
2024-03-27,-78.5,0.00226,0.008602,12.78,12.365849,0.414151,0.0,0.0,0.0,0.0,0.0,0.0,0.0,0.0,0.0
2024-03-28,-804.3,1.1e-05,-0.008792,13.01,11.899409,1.110591,0.0,0.0,0.0,0.0,0.0,0.0,0.0,0.0,0.0
2024-04-01,-769.1,0.000595,-0.003371,13.65,11.07559,2.57441,0.0,0.0,0.0,0.0,0.0,0.0,0.0,0.0,0.0
2024-04-02,1605.5,-0.001292,-0.014418,14.61,11.310294,3.299706,0.0,0.0,0.0,0.0,0.0,0.0,0.0,0.0,0.0
2024-04-03,-2091.1,0.000636,0.003161,14.33,10.346798,3.983202,0.0,0.0,1.0,0.0,0.0,1.0,0.0,0.0,1.0
2024-04-04,3805.2,-0.004915,-0.021964,16.35,11.717602,4.632398,0.0,1.0,0.0,0.0,1.0,0.0,0.0,1.0,0.0
2024-04-05,2223.7,0.004101,-0.010032,16.03,11.888545,4.141455,0.0,0.0,0.0,0.0,0.0,0.0,0.0,0.0,0.0
2024-04-08,-1492.1,0.001875,0.019989,15.19,11.385772,3.804228,0.0,0.0,1.0,0.0,0.0,1.0,0.0,0.0,1.0
2024-04-09,-231.4,0.000774,0.003828,14.98,11.397404,3.582596,0.0,0.0,0.0,0.0,0.0,0.0,0.0,0.0,0.0
2024-04-10,-2761.7,-0.002721,-0.008717,15.8,11.160359,4.639641,0.0,0.0,1.0,0.0,0.0,1.0,0.0,0.0,1.0
2024-04-11,620.2,0.003199,0.009068,14.91,12.182874,2.727126,0.0,0.0,0.0,0.0,0.0,0.0,0.0,0.0,0.0
2024-04-12,3490.6,-0.005167,-0.041757,17.31,13.300763,4.009237,0.0,1.0,0.0,1.0,1.0,0.0,0.0,1.0,0.0
2024-04-15,1062.3,-0.006649,-0.028609,19.23,13.858185,5.371815,1.0,0.0,0.0,1.0,0.0,0.0,0.0,0.0,0.0
2024-04-16,-1625.3,-0.000534,0.015799,18.4,13.501443,4.898557,0.0,0.0,1.0,0.0,0.0,1.0,0.0,0.0,1.0
2024-04-17,-593.8,-0.004898,0.006336,18.21,13.967444,4.242556,0.0,0.0,0.0,0.0,0.0,0.0,0.0,0.0,0.0
2024-04-18,-1465.8,-0.002267,-0.005533,18.0,12.959817,5.040183,0.0,0.0,1.0,0.0,0.0,1.0,0.0,0.0,1.0
2024-04-19,332.7,-0.002097,-0.012279,18.71,13.944031,4.765969,0.0,0.0,0.0,0.0,0.0,0.0,0.0,0.0,0.0
2024-04-22,-34.685714,0.006887,0.038462,16.94,14.561157,2.378843,0.0,0.0,0.0,0.0,0.0,0.0,0.0,0.0,0.0
2024-04-23,1719.0,0.005088,0.019641,15.69,16.026601,-0.336601,0.0,0.0,0.0,0.0,0.0,0.0,0.0,0.0,0.0
2024-04-24,1403.1,0.00044,0.006054,15.97,16.140483,-0.170483,0.0,0.0,0.0,0.0,0.0,0.0,0.0,0.0,0.0
2024-04-25,5521.9,-0.001358,-0.011488,15.37,17.326939,-1.956939,0.0,1.0,0.0,0.0,1.0,0.0,0.0,1.0,0.0
2024-04-26,-1333.2,0.003845,0.016971,15.03,17.352636,-2.322636,0.0,0.0,0.0,0.0,0.0,0.0,0.0,0.0,0.0
2024-04-29,-422.2,0.00183,0.008344,14.67,17.421372,-2.751372,0.0,0.0,0.0,0.0,0.0,0.0,0.0,0.0,0.0
2024-04-30,4307.0,-0.004917,-0.014571,15.65,18.567162,-2.917162,0.0,1.0,0.0,0.0,1.0,0.0,0.0,1.0,0.0
2024-05-01,1728.8,-0.000378,-0.003103,15.39,18.502412,-3.112412,0.0,0.0,0.0,0.0,0.0,0.0,0.0,0.0,0.0
2024-05-02,2261.5,0.003984,0.016664,14.68,18.626679,-3.946679,0.0,0.0,0.0,0.0,0.0,0.0,0.0,0.0,0.0
2024-05-03,-678.5,0.003987,0.018192,13.49,18.855828,-5.365828,0.0,0.0,0.0,0.0,0.0,0.0,0.0,0.0,0.0
2024-05-06,-281.5,0.001697,0.011852,13.49,19.100846,-5.610846,0.0,0.0,0.0,0.0,0.0,0.0,0.0,0.0,0.0
2024-05-07,-357.1,0.000378,0.003671,13.23,19.04997,-5.81997,0.0,0.0,0.0,0.0,0.0,0.0,0.0,0.0,0.0
2024-05-08,-54.3,0.00037,0.003832,13.0,18.765678,-5.765678,0.0,0.0,0.0,0.0,0.0,0.0,0.0,0.0,0.0
2024-05-09,-538.7,0.000377,0.00347,12.69,18.031523,-5.341523,0.0,0.0,0.0,0.0,0.0,0.0,0.0,0.0,0.0
2024-05-10,-167.3,0.000242,0.007263,12.55,17.18711,-4.63711,0.0,0.0,0.0,0.0,0.0,0.0,0.0,0.0,0.0
2024-05-13,-586.2,0.000498,-0.005494,13.6,16.26923,-2.66923,0.0,0.0,0.0,0.0,0.0,0.0,0.0,0.0,0.0
2024-05-14,-838.1,0.000135,0.00725,13.42,16.367504,-2.947504,0.0,0.0,0.0,0.0,0.0,0.0,0.0,0.0,0.0
2024-05-15,-1444.9,0.000198,0.020566,12.45,16.196142,-3.746142,0.0,0.0,1.0,0.0,0.0,1.0,0.0,0.0,1.0
2024-05-16,289.9,0.000157,0.001175,12.42,15.949198,-3.529198,0.0,0.0,0.0,0.0,0.0,0.0,0.0,0.0,0.0
2024-05-17,-357.4,0.001174,0.004864,11.99,14.029633,-2.039633,0.0,0.0,0.0,0.0,0.0,0.0,0.0,0.0,0.0
2024-05-20,-659.6,0.00122,-0.000167,12.15,13.927272,-1.777272,0.0,0.0,0.0,0.0,0.0,0.0,0.0,0.0,0.0
2024-05-21,260.9,0.001526,0.009182,11.86,13.139337,-1.279337,0.0,0.0,0.0,0.0,0.0,0.0,0.0,0.0,0.0
2024-05-22,-808.5,-0.001141,-0.010091,12.29,12.588972,-0.298972,0.0,0.0,0.0,0.0,0.0,0.0,0.0,0.0,0.0
2024-05-23,973.3,-0.003276,-0.007186,12.77,12.116824,0.653176,0.0,0.0,0.0,0.0,0.0,0.0,0.0,0.0,0.0
2024-05-24,1509.2,0.004063,0.015654,11.93,12.334274,-0.404274,0.0,0.0,0.0,0.0,0.0,0.0,0.0,0.0,0.0
2024-05-27,82.6,,,12.36,12.334825,0.025175,,,,,,,0.0,0.0,0.0
2024-05-28,-756.2,0.000966,-0.010607,12.92,9.017428,3.902572,0.0,0.0,0.0,0.0,0.0,0.0,0.0,0.0,0.0
2024-05-29,1423.1,-0.003624,-0.019263,14.28,10.02098,4.25902,0.0,0.0,0.0,0.0,0.0,0.0,0.0,0.0,0.0
2024-05-30,-1424.3,-0.003491,0.001366,14.47,9.869385,4.600615,0.0,0.0,0.0,0.0,0.0,0.0,0.0,0.0,1.0
2024-05-31,3357.0,0.005454,0.015521,12.92,8.847028,4.072972,0.0,1.0,0.0,0.0,1.0,0.0,0.0,1.0,0.0
2024-06-03,1212.1,0.000828,0.003695,13.11,8.587162,4.522838,0.0,0.0,0.0,0.0,0.0,0.0,0.0,0.0,0.0
2024-06-04,-1538.8,0.00062,-0.002677,13.16,8.591057,4.568943,0.0,0.0,1.0,0.0,0.0,1.0,0.0,0.0,1.0
2024-06-05,1383.6,0.004885,0.009899,12.63,10.368879,2.261121,0.0,0.0,0.0,0.0,0.0,0.0,0.0,0.0,0.0
2024-06-06,-546.5,0.00066,0.004154,12.58,10.421687,2.158313,0.0,0.0,0.0,0.0,0.0,0.0,0.0,0.0,0.0
2024-06-07,-632.8,0.000337,0.004798,12.22,10.505721,1.714279,0.0,0.0,0.0,0.0,0.0,0.0,0.0,0.0,0.0
2024-06-10,-647.7,0.001514,0.000823,12.74,10.523434,2.216566,0.0,0.0,0.0,0.0,0.0,0.0,0.0,0.0,0.0
2024-06-11,-771.9,0.00085,-0.000494,12.85,10.54947,2.30053,0.0,0.0,0.0,0.0,0.0,0.0,0.0,0.0,0.0
2024-06-12,-1894.7,0.002052,0.0107,12.04,11.049036,0.990964,0.0,0.0,1.0,0.0,0.0,1.0,0.0,0.0,1.0
2024-06-13,-1046.7,0.000443,0.0,11.94,10.936312,1.003688,0.0,0.0,0.0,0.0,0.0,0.0,0.0,0.0,0.0
2024-06-14,-984.1,0.000162,-0.015309,12.66,10.912275,1.747725,0.0,0.0,0.0,0.0,0.0,0.0,0.0,0.0,0.0
2024-06-17,-357.2,0.000649,0.003473,12.75,11.235877,1.514123,0.0,0.0,0.0,0.0,0.0,0.0,0.0,0.0,0.0
2024-06-18,-671.785714,0.000241,0.002143,12.3,11.252129,1.047871,0.0,0.0,0.0,0.0,0.0,0.0,0.0,0.0,0.0
2024-06-19,14.8,,,12.48,11.249722,1.230278,,,,,,,0.0,0.0,0.0
2024-06-20,2242.6,0.000313,-0.013322,13.28,11.460002,1.819998,0.0,0.0,0.0,0.0,0.0,0.0,0.0,0.0,0.0
2024-06-21,-1752.5,-0.000623,0.006168,13.2,11.323741,1.876259,0.0,0.0,1.0,0.0,0.0,1.0,0.0,0.0,1.0
2024-06-24,-334.4,-0.000371,0.001822,13.33,12.313344,1.016656,0.0,0.0,0.0,0.0,0.0,0.0,0.0,0.0,0.0
2024-06-25,1524.6,0.002126,0.012072,12.84,12.683667,0.156333,0.0,0.0,0.0,0.0,0.0,0.0,0.0,0.0,0.0
2024-06-26,-1833.8,0.001194,0.004248,12.55,11.991786,0.558214,0.0,0.0,1.0,0.0,0.0,1.0,0.0,0.0,1.0
2024-06-27,-218.2,0.001127,0.005369,12.24,11.495151,0.744849,0.0,0.0,0.0,0.0,0.0,0.0,0.0,0.0,0.0
2024-06-28,1580.8,-0.001395,-0.006474,12.44,11.714139,0.725861,0.0,0.0,0.0,0.0,0.0,0.0,0.0,0.0,0.0
2024-07-01,375.0,0.00236,0.018896,12.22,11.700467,0.519533,0.0,0.0,0.0,0.0,0.0,0.0,0.0,0.0,0.0
2024-07-02,-1018.4,0.002601,0.006555,12.03,11.911441,0.118559,0.0,0.0,0.0,0.0,0.0,0.0,0.0,0.0,0.0
2024-07-03,-321.3,0.001344,-0.0027,12.09,10.696893,1.393107,0.0,0.0,0.0,0.0,0.0,0.0,0.0,0.0,0.0
2024-07-04,69.1,,,12.26,10.736278,1.523722,,,,,,,0.0,0.0,0.0
2024-07-05,480.2,0.001603,-0.000796,12.48,10.885303,1.594697,0.0,0.0,0.0,0.0,0.0,0.0,0.0,0.0,0.0
2024-07-08,-190.3,0.000909,0.008926,12.37,10.890502,1.479498,0.0,0.0,0.0,0.0,0.0,0.0,0.0,0.0,0.0
2024-07-09,-659.9,0.000459,-0.000632,12.51,10.851142,1.658858,0.0,0.0,0.0,0.0,0.0,0.0,0.0,0.0,0.0
2024-07-10,216.4,0.000576,0.001265,12.85,9.828511,3.021489,0.0,0.0,0.0,0.0,0.0,0.0,0.0,0.0,0.0
2024-07-11,3799.1,8.2e-05,-0.001895,12.92,12.73542,0.18458,0.0,1.0,0.0,0.0,1.0,0.0,0.0,1.0,0.0
2024-07-12,811.0,0.000633,0.008383,12.46,12.759234,-0.299234,0.0,0.0,0.0,0.0,0.0,0.0,0.0,0.0,0.0
2024-07-15,642.4,0.000522,-0.008314,13.12,12.338152,0.781848,0.0,0.0,0.0,0.0,0.0,0.0,0.0,0.0,0.0
2024-07-16,-1313.3,0.00022,-0.003954,13.19,12.37285,0.81715,0.0,0.0,0.0,0.0,0.0,0.0,0.0,0.0,0.0
2024-07-17,5667.5,0.000117,-0.017151,14.48,15.557034,-1.077034,0.0,1.0,0.0,0.0,1.0,0.0,0.0,1.0,0.0
2024-07-18,-3285.7,8.9e-05,-0.014704,15.93,15.353512,0.576488,0.0,0.0,1.0,0.0,0.0,1.0,0.0,0.0,1.0
2024-07-19,-1298.9,-0.000337,-0.020827,16.52,15.790341,0.729659,0.0,0.0,0.0,0.0,0.0,0.0,0.0,0.0,0.0
2024-07-22,1004.3,0.005839,0.028638,14.91,15.915663,-1.005663,0.0,0.0,0.0,0.0,0.0,0.0,0.0,0.0,0.0
2024-07-23,-1779.8,-0.000173,0.002768,14.72,15.526632,-0.806632,0.0,0.0,1.0,0.0,0.0,1.0,0.0,0.0,1.0
2024-07-24,5453.35,-0.012997,-0.068193,18.04,19.114213,-1.074213,1.0,1.0,0.0,1.0,1.0,0.0,0.0,1.0,0.0
2024-07-25,-411.2,-0.003557,-0.004008,18.46,19.351466,-0.891466,0.0,0.0,0.0,0.0,0.0,0.0,0.0,0.0,0.0
2024-07-26,-721.0,0.008234,0.028691,16.39,19.72618,-3.33618,0.0,0.0,0.0,0.0,0.0,0.0,0.0,0.0,0.0
2024-07-29,-1454.4,0.001296,0.008163,16.6,19.686469,-3.086469,0.0,0.0,1.0,0.0,0.0,1.0,0.0,0.0,1.0
2024-07-30,-1725.0,-0.003433,-0.014845,17.69,19.963788,-2.273788,0.0,0.0,1.0,0.0,0.0,1.0,0.0,0.0,1.0
2024-07-31,3708.0,0.009591,0.01387,16.36,23.698286,-7.338286,0.0,1.0,0.0,0.0,1.0,0.0,1.0,1.0,0.0
2024-08-01,5963.7,-0.007955,-0.04408,18.59,25.568785,-6.978785,1.0,1.0,0.0,1.0,1.0,0.0,1.0,1.0,0.0
2024-08-02,-3025.5,-0.014651,-0.118021,23.39,25.932219,-2.542219,1.0,0.0,1.0,1.0,0.0,1.0,0.0,0.0,1.0
2024-08-05,5165.9,-0.026544,-0.214343,38.57,26.112177,12.457823,1.0,1.0,0.0,1.0,1.0,0.0,0.0,1.0,0.0
2024-08-06,-3172.1,0.009385,0.097399,27.71,26.049278,1.660722,0.0,0.0,1.0,0.0,0.0,1.0,0.0,0.0,1.0
2024-08-07,-1753.1,-0.006696,0.022537,27.85,25.489092,2.360908,1.0,0.0,1.0,0.0,0.0,1.0,0.0,0.0,1.0
2024-08-08,8564.7,0.022368,0.039082,23.79,28.99427,-5.20427,0.0,1.0,0.0,0.0,1.0,0.0,0.0,1.0,0.0
2024-08-09,-1627.2,0.004658,0.065602,20.37,28.899329,-8.529329,0.0,0.0,1.0,0.0,0.0,1.0,1.0,0.0,1.0
2024-08-12,-1484.6,0.001122,0.003489,20.71,28.81409,-8.10409,0.0,0.0,1.0,0.0,0.0,1.0,1.0,0.0,1.0
2024-08-13,2386.8,0.015687,0.03865,18.12,30.408235,-12.288235,0.0,0.0,0.0,0.0,0.0,0.0,1.0,0.0,0.0
2024-08-14,-817.2,0.00375,0.034062,16.19,29.28797,-13.09797,0.0,0.0,0.0,0.0,0.0,0.0,1.0,0.0,0.0
2024-08-15,-993.0,0.012948,0.019802,15.23,30.279503,-15.049503,0.0,0.0,0.0,0.0,0.0,0.0,1.0,0.0,0.0
2024-08-16,231.1,0.001396,-0.00168,14.8,30.061776,-15.261776,0.0,0.0,0.0,0.0,0.0,0.0,1.0,0.0,0.0
2024-08-19,-259.8,0.004196,0.012717,14.65,29.98996,-15.33996,0.0,0.0,0.0,0.0,0.0,0.0,1.0,0.0,0.0
2024-08-20,-415.0,-0.001076,-0.021976,15.88,29.994666,-14.114666,0.0,0.0,0.0,0.0,0.0,0.0,1.0,0.0,0.0
2024-08-21,-569.9,0.001053,-0.005665,16.27,27.68512,-11.41512,0.0,0.0,0.0,0.0,0.0,0.0,1.0,0.0,0.0
2024-08-22,1448.8,-0.002707,-0.021268,17.55,27.75978,-10.20978,0.0,0.0,0.0,0.0,0.0,0.0,1.0,0.0,0.0
2024-08-23,-410.3,0.004186,0.02891,15.86,27.727639,-11.867639,0.0,0.0,0.0,0.0,0.0,0.0,1.0,0.0,0.0
2024-08-26,697.1,0.000457,0.000377,16.15,28.04657,-11.89657,0.0,0.0,0.0,0.0,0.0,0.0,1.0,0.0,0.0
2024-08-27,-535.9,0.000911,0.011122,15.43,27.241061,-11.811061,0.0,0.0,0.0,0.0,0.0,0.0,1.0,0.0,0.0
2024-08-28,1323.8,-0.002132,-0.028337,17.11,25.032234,-7.922234,0.0,0.0,0.0,1.0,0.0,0.0,1.0,0.0,0.0
2024-08-29,4212.3,0.001235,0.016884,15.65,22.767475,-7.117475,0.0,1.0,0.0,0.0,1.0,0.0,1.0,1.0,0.0
2024-08-30,-524.6,0.003065,0.014717,15.0,21.127256,-6.127256,0.0,0.0,0.0,0.0,0.0,0.0,0.0,0.0,0.0
2024-09-02,-414.3,,,15.55,19.669332,-4.119332,,,,,,,0.0,0.0,0.0
2024-09-03,8283.6,-0.007245,-0.101339,20.72,23.130457,-2.410457,1.0,1.0,0.0,1.0,1.0,0.0,0.0,1.0,0.0
2024-09-04,-1396.2,-0.001005,-0.011794,21.32,22.538456,-1.218456,0.0,0.0,0.0,0.0,0.0,0.0,0.0,0.0,0.0
2024-09-05,-3295.1,-0.000352,0.02366,19.9,19.082135,0.817865,0.0,0.0,1.0,0.0,0.0,1.0,0.0,0.0,1.0
2024-09-06,249.0,-0.010553,-0.034976,22.38,21.415546,0.964454,1.0,0.0,0.0,1.0,0.0,0.0,0.0,0.0,0.0
2024-09-09,2660.4,0.00929,0.031157,19.45,22.289554,-2.839554,0.0,0.0,0.0,0.0,0.0,0.0,0.0,0.0,0.0
2024-09-10,-1435.6,0.003163,0.010894,19.08,20.763604,-1.683604,0.0,0.0,0.0,0.0,0.0,0.0,0.0,0.0,1.0
2024-09-11,358.1,0.005431,0.02013,17.69,21.973285,-4.283285,0.0,0.0,0.0,0.0,0.0,0.0,0.0,0.0,0.0
2024-09-12,-1592.5,0.004132,0.004584,17.07,20.945236,-3.875236,0.0,0.0,1.0,0.0,0.0,1.0,0.0,0.0,1.0
2024-09-13,-745.0,0.001787,0.002579,16.56,20.997318,-4.437318,0.0,0.0,0.0,0.0,0.0,0.0,0.0,0.0,0.0
2024-09-16,-1489.0,0.001,-0.004948,17.14,20.565516,-3.425516,0.0,0.0,1.0,0.0,0.0,1.0,0.0,0.0,1.0
2024-09-17,-719.6,0.000258,-0.010541,17.61,20.581731,-2.971731,0.0,0.0,0.0,0.0,0.0,0.0,0.0,0.0,0.0
2024-09-18,-4393.1,0.000858,0.00402,18.23,20.464752,-2.234752,0.0,0.0,1.0,0.0,0.0,1.0,0.0,0.0,1.0
2024-09-19,4473.566667,0.001012,0.022222,16.33,21.179214,-4.849214,0.0,1.0,0.0,0.0,1.0,0.0,0.0,1.0,0.0
2024-09-20,-245.6,0.000754,0.001958,16.15,21.027697,-4.877697,0.0,0.0,0.0,0.0,0.0,0.0,0.0,0.0,0.0
2024-09-23,-1004.3,0.002404,-0.001368,15.89,20.662382,-4.772382,0.0,0.0,0.0,0.0,0.0,0.0,0.0,0.0,0.0
2024-09-24,-653.4,0.001595,-0.000391,15.39,20.703454,-5.313454,0.0,0.0,0.0,0.0,0.0,0.0,0.0,0.0,0.0
2024-09-25,-1215.7,-0.00045,-0.00607,15.41,19.830739,-4.420739,0.0,0.0,0.0,0.0,0.0,0.0,0.0,0.0,0.0
2024-09-26,1697.3,0.001484,0.0,15.37,19.787521,-4.417521,0.0,0.0,0.0,0.0,0.0,0.0,0.0,0.0,0.0
2024-09-27,37.5,-0.000974,-0.024035,16.96,19.898046,-2.938046,0.0,0.0,0.0,1.0,0.0,0.0,0.0,0.0,0.0
2024-09-30,-1420.7,0.002466,0.011506,16.73,19.892795,-3.162795,0.0,0.0,0.0,0.0,0.0,0.0,0.0,0.0,0.0
2024-10-01,3083.7,-0.004079,-0.038316,19.26,16.823187,2.436813,0.0,0.0,0.0,1.0,0.0,0.0,0.0,1.0,0.0
2024-10-02,-2133.9,0.000786,0.00747,18.9,16.809673,2.090327,0.0,0.0,1.0,0.0,0.0,1.0,0.0,0.0,1.0
2024-10-03,-1465.4,-0.000775,-0.023481,20.49,16.915593,3.574407,0.0,0.0,1.0,0.0,0.0,1.0,0.0,0.0,1.0
2024-10-04,-392.2,0.004885,0.020038,19.21,13.440041,5.769959,0.0,0.0,0.0,0.0,0.0,0.0,0.0,0.0,0.0
2024-10-07,723.9,-0.003199,-0.043838,22.64,13.175434,9.464566,0.0,0.0,0.0,1.0,0.0,0.0,0.0,0.0,0.0
2024-10-08,1875.2,0.004358,0.018599,21.42,13.599693,7.820307,0.0,0.0,0.0,0.0,0.0,0.0,0.0,0.0,0.0
2024-10-09,-668.7,0.002394,0.013376,20.86,12.207158,8.652842,0.0,0.0,0.0,0.0,0.0,0.0,0.0,0.0,0.0
2024-10-10,-1077.0,0.000681,-0.005657,20.93,12.066762,8.863238,0.0,0.0,0.0,0.0,0.0,0.0,0.0,0.0,0.0
2024-10-11,-1178.9,0.001439,0.004846,20.46,12.067874,8.392126,0.0,0.0,0.0,0.0,0.0,0.0,0.0,0.0,0.0
2024-10-14,746.6,0.001268,0.018033,19.7,12.23905,7.46095,0.0,0.0,0.0,0.0,0.0,0.0,0.0,0.0,0.0
2024-10-15,2081.9,0.000192,-0.016066,20.64,13.49982,7.14018,0.0,0.0,0.0,0.0,0.0,0.0,0.0,0.0,0.0
2024-10-16,-1718.7,0.000358,0.005443,19.58,13.434611,6.145389,0.0,0.0,1.0,0.0,0.0,1.0,0.0,0.0,1.0
2024-10-17,-225.7,0.000199,0.007704,19.11,11.569831,7.540169,0.0,0.0,0.0,0.0,0.0,0.0,0.0,0.0,0.0
2024-10-18,28.4,0.000624,0.011777,18.03,11.59215,6.43785,0.0,0.0,0.0,0.0,0.0,0.0,0.0,0.0,0.0
2024-10-21,115.5,3e-05,-0.000408,18.37,11.595834,6.774166,0.0,0.0,0.0,0.0,0.0,0.0,0.0,0.0,0.0
2024-10-22,-853.6,2.4e-05,0.001839,18.2,11.489113,6.710887,0.0,0.0,0.0,0.0,0.0,0.0,0.0,0.0,0.0
2024-10-23,3070.8,-0.004787,-0.024674,19.24,12.201248,7.038752,0.0,0.0,0.0,1.0,0.0,0.0,0.0,1.0,0.0
2024-10-24,-1559.1,0.001646,0.008781,19.08,12.231708,6.848292,0.0,0.0,1.0,0.0,0.0,1.0,0.0,0.0,1.0
2024-10-25,1451.9,-0.000423,-0.024456,20.33,12.00364,8.32636,0.0,0.0,0.0,1.0,0.0,0.0,0.0,0.0,0.0
2024-10-28,-1353.5,0.002426,0.023794,19.8,11.998941,7.801059,0.0,0.0,0.0,0.0,0.0,0.0,0.0,0.0,0.0
2024-10-29,1837.4,0.00111,0.002905,19.34,11.298003,8.041997,0.0,0.0,0.0,0.0,0.0,0.0,0.0,0.0,0.0
2024-10-30,1301.7,-0.001335,-0.012001,20.35,11.865058,8.484942,0.0,0.0,0.0,0.0,0.0,0.0,0.0,0.0,0.0
2024-10-31,-2251.0,-0.012456,-0.038534,23.16,14.140715,9.019285,1.0,0.0,1.0,1.0,0.0,1.0,0.0,0.0,1.0
2024-11-01,-630.8,0.003497,0.008495,21.88,13.707843,8.172157,0.0,0.0,0.0,0.0,0.0,0.0,0.0,0.0,0.0
2024-11-04,-2913.8,-0.000637,0.02311,21.98,13.381781,8.598219,0.0,0.0,1.0,0.0,0.0,1.0,0.0,0.0,1.0
2024-11-05,1448.5,0.008835,0.025966,20.49,13.265281,7.224719,0.0,0.0,0.0,0.0,0.0,0.0,0.0,0.0,0.0
2024-11-06,-3052.3,0.014903,0.051235,16.27,15.785272,0.484728,0.0,0.0,1.0,0.0,0.0,1.0,0.0,0.0,1.0
2024-11-07,-99.8,0.002357,0.015659,15.2,16.349993,-1.149993,0.0,0.0,0.0,0.0,0.0,0.0,0.0,0.0,0.0
2024-11-08,-527.0,0.000804,0.001927,14.94,16.332898,-1.392898,0.0,0.0,0.0,0.0,0.0,0.0,0.0,0.0,0.0
2024-11-11,-401.8,0.000753,0.001346,14.97,16.050552,-1.080552,0.0,0.0,0.0,0.0,0.0,0.0,0.0,0.0,0.0
2024-11-12,-1302.3,0.000259,0.000576,14.71,15.086217,-0.376217,0.0,0.0,0.0,0.0,0.0,0.0,0.0,0.0,0.0
2024-11-13,-2038.0,0.000295,0.011711,14.02,15.0919,-1.0719,0.0,0.0,1.0,0.0,0.0,1.0,0.0,0.0,1.0
2024-11-14,-650.5,0.000166,-0.00038,14.31,15.495983,-1.185983,0.0,0.0,0.0,0.0,0.0,0.0,0.0,0.0,0.0
2024-11-15,489.2,0.000325,-0.035308,16.14,17.391653,-1.251653,0.0,0.0,0.0,1.0,0.0,0.0,0.0,0.0,0.0
2024-11-18,-951.6,0.002822,0.019677,15.58,17.489954,-1.909954,0.0,0.0,0.0,0.0,0.0,0.0,0.0,0.0,0.0
2024-11-19,663.3,0.000912,-0.017754,16.35,17.585205,-1.235205,0.0,0.0,0.0,0.0,0.0,0.0,0.0,0.0,0.0
2024-11-20,-1249.9,-0.00035,-0.016896,17.16,17.055385,0.104615,0.0,0.0,0.0,0.0,0.0,0.0,0.0,0.0,0.0
2024-11-21,-3790.6,0.002318,0.004596,16.87,16.991308,-0.121308,0.0,0.0,1.0,0.0,0.0,1.0,0.0,0.0,1.0
2024-11-22,-1780.4,0.00222,0.018699,15.24,16.98975,-1.74975,0.0,0.0,1.0,0.0,0.0,1.0,0.0,0.0,1.0
2024-11-25,-188.1,0.002215,0.019918,14.6,16.988695,-2.388695,0.0,0.0,0.0,0.0,0.0,0.0,0.0,0.0,0.0
2024-11-26,-1558.166667,0.001584,0.005169,14.1,16.772602,-2.672602,0.0,0.0,1.0,0.0,0.0,1.0,0.0,0.0,1.0
2024-11-27,1410.7,-0.000177,0.001524,14.1,16.734081,-2.634081,0.0,0.0,0.0,0.0,0.0,0.0,0.0,0.0,0.0
2024-11-28,116.7,,,13.9,14.633896,-0.733896,,,,,,,0.0,0.0,0.0
2024-11-29,-697.4,0.001516,0.006466,13.51,14.593304,-1.083304,0.0,0.0,0.0,0.0,0.0,0.0,0.0,0.0,0.0
2024-12-02,-189.3,0.001004,0.010204,13.34,14.747226,-1.407226,0.0,0.0,0.0,0.0,0.0,0.0,0.0,0.0,0.0
2024-12-03,-569.3,0.000457,0.001309,13.3,14.408159,-1.108159,0.0,0.0,0.0,0.0,0.0,0.0,0.0,0.0,0.0
2024-12-04,-641.9,0.000728,-0.002615,13.45,11.878425,1.571575,0.0,0.0,0.0,0.0,0.0,0.0,0.0,0.0,0.0
2024-12-05,-210.4,0.000245,-0.00206,13.54,11.065921,2.474079,0.0,0.0,0.0,0.0,0.0,0.0,0.0,0.0,0.0
2024-12-06,1269.3,0.00062,0.008821,12.77,11.36109,1.40891,0.0,0.0,0.0,0.0,0.0,0.0,0.0,0.0,0.0
2024-12-09,1310.722222,0.000156,-0.010419,14.19,11.685155,2.504845,0.0,0.0,0.0,0.0,0.0,0.0,0.0,0.0,0.0
2024-12-10,-99.3,2.9e-05,0.001316,14.18,11.691216,2.488784,0.0,0.0,0.0,0.0,0.0,0.0,0.0,0.0,0.0
2024-12-11,2398.9,0.000805,0.004506,13.58,12.584867,0.995133,0.0,0.0,0.0,0.0,0.0,0.0,0.0,0.0,0.0
2024-12-12,-319.744444,8.8e-05,-0.003178,13.92,12.350678,1.569322,0.0,0.0,0.0,0.0,0.0,0.0,0.0,0.0,0.0
2024-12-13,64.5,0.000319,-0.00075,13.81,9.024093,4.785907,0.0,0.0,0.0,0.0,0.0,0.0,0.0,0.0,0.0
2024-12-16,1709.5,0.000426,-0.008632,14.69,10.024728,4.665272,0.0,0.0,0.0,0.0,0.0,0.0,0.0,0.0,0.0
2024-12-17,-1593.7,8.1e-05,-0.011736,15.87,10.331566,5.538434,0.0,0.0,1.0,0.0,0.0,1.0,0.0,0.0,1.0
2024-12-18,1571.1,-0.007991,-0.086573,27.62,17.29025,10.32975,1.0,0.0,0.0,1.0,0.0,0.0,0.0,0.0,0.0
2024-12-19,-2243.0,0.004408,-0.043825,24.09,17.316874,6.773126,0.0,0.0,1.0,1.0,0.0,1.0,0.0,0.0,1.0
2024-12-20,6792.8,-0.003393,0.077193,18.36,17.399041,0.960959,0.0,1.0,0.0,0.0,1.0,0.0,0.0,1.0,0.0
2024-12-23,-1802.5,0.003627,0.031352,16.78,17.584067,-0.804067,0.0,0.0,1.0,0.0,0.0,1.0,0.0,0.0,1.0
2024-12-24,347.1,0.004339,0.027043,14.27,18.073606,-3.803606,0.0,0.0,0.0,0.0,0.0,0.0,0.0,0.0,0.0
2024-12-26,-1838.4,0.000462,-0.001153,14.73,17.7538,-3.0238,0.0,0.0,1.0,0.0,0.0,1.0,0.0,0.0,1.0
2024-12-27,2441.9,-0.002716,-0.02386,15.95,18.352172,-2.402172,0.0,0.0,0.0,1.0,0.0,0.0,0.0,0.0,0.0
2024-12-30,3089.9,-0.003561,-0.01025,17.4,19.115465,-1.715465,0.0,0.0,0.0,0.0,0.0,0.0,0.0,1.0,0.0
2024-12-31,-1988.6,-0.001036,-0.002987,17.35,18.932539,-1.582539,0.0,0.0,1.0,0.0,0.0,1.0,0.0,0.0,1.0
2025-01-02,-2503.9,-0.00126,-0.010987,17.93,18.82702,-0.89702,0.0,0.0,1.0,0.0,0.0,1.0,0.0,0.0,1.0
2025-01-03,1214.3,0.007098,0.027469,16.13,19.263747,-3.133747,0.0,0.0,0.0,0.0,0.0,0.0,0.0,0.0,0.0
2025-01-06,834.033333,0.002763,0.004914,16.04,19.796955,-3.756955,0.0,0.0,0.0,0.0,0.0,0.0,0.0,0.0,0.0
2025-01-07,2104.4,-0.00416,-0.028756,17.82,20.528186,-2.708186,0.0,0.0,0.0,1.0,0.0,0.0,0.0,0.0,0.0
2025-01-08,-4525.2,0.001176,-0.000201,17.7,20.421395,-2.721395,0.0,0.0,1.0,0.0,0.0,1.0,0.0,0.0,1.0
2025-01-09,-262.7,,,18.07,20.4197,-2.3497,,,,,,,0.0,0.0,0.0
2025-01-10,-2018.7,-0.007977,-0.032635,19.54,20.106602,-0.566602,1.0,0.0,1.0,1.0,0.0,1.0,0.0,0.0,1.0
2025-01-13,372.4,0.002133,0.010204,19.19,20.084396,-0.894396,0.0,0.0,0.0,0.0,0.0,0.0,0.0,0.0,0.0
2025-01-14,-2908.6,0.001483,0.010307,18.71,19.892921,-1.182921,0.0,0.0,1.0,0.0,0.0,1.0,0.0,0.0,1.0
2025-01-15,178.5,0.011569,0.04142,16.12,20.190101,-4.070101,0.0,0.0,0.0,0.0,0.0,0.0,0.0,0.0,0.0
2025-01-16,1252.0,0.001028,-0.000784,16.6,20.254246,-3.654246,0.0,0.0,0.0,0.0,0.0,0.0,0.0,0.0,0.0
2025-01-17,4733.1,-0.000207,-0.002353,15.97,16.903851,-0.933851,0.0,1.0,0.0,0.0,1.0,0.0,0.0,1.0,0.0
2025-01-20,-660.7,,,15.81,16.927525,-1.117525,,,,,,,0.0,0.0,0.0
2025-01-21,-1147.6,0.005179,0.021226,15.06,16.840537,-1.780537,0.0,0.0,0.0,0.0,0.0,0.0,0.0,0.0,0.0
2025-01-22,84.0,0.002056,-0.007506,15.1,16.911002,-1.811002,0.0,0.0,0.0,0.0,0.0,0.0,0.0,0.0,0.0
2025-01-23,-484.9,0.001609,0.008338,15.02,16.238174,-1.218174,0.0,0.0,0.0,0.0,0.0,0.0,0.0,0.0,0.0
2025-01-24,3.0,-0.000365,0.002115,14.85,16.304416,-1.454416,0.0,0.0,0.0,0.0,0.0,0.0,0.0,0.0,0.0
2025-01-27,7849.0,-0.005674,-0.03435,17.9,18.377902,-0.477902,0.0,1.0,0.0,1.0,1.0,0.0,0.0,1.0,0.0
2025-01-28,409.5,0.004147,0.017886,16.41,18.119392,-1.709392,0.0,0.0,0.0,0.0,0.0,0.0,0.0,0.0,0.0
2025-01-29,-2864.9,-0.001395,0.002928,16.56,17.921323,-1.361323,0.0,0.0,1.0,0.0,0.0,1.0,0.0,0.0,1.0
2025-01-30,-2578.1,0.002803,0.002531,15.84,17.887196,-2.047196,0.0,0.0,1.0,0.0,0.0,1.0,0.0,0.0,1.0
2025-01-31,2677.9,-0.00204,-0.017476,16.43,17.257568,-0.827568,0.0,0.0,0.0,0.0,0.0,0.0,0.0,0.0,0.0
2025-02-03,4099.8,-0.003055,-0.01166,18.62,16.6338,1.9862,0.0,1.0,0.0,0.0,1.0,0.0,0.0,1.0,0.0
2025-02-04,-2387.0,0.004477,0.015397,17.21,15.356241,1.853759,0.0,0.0,1.0,0.0,0.0,1.0,0.0,0.0,1.0
2025-02-05,53.2,0.002454,0.011028,15.77,15.554269,0.215731,0.0,0.0,0.0,0.0,0.0,0.0,0.0,0.0,0.0
2025-02-06,-1914.9,0.001697,0.00448,15.5,15.554473,-0.054473,0.0,0.0,1.0,0.0,0.0,1.0,0.0,0.0,1.0
2025-02-07,299.1,-0.002562,-0.018422,16.54,15.342708,1.197292,0.0,0.0,0.0,0.0,0.0,0.0,0.0,0.0,0.0
2025-02-10,3215.2,0.003797,0.013829,15.81,15.735692,0.074308,0.0,1.0,0.0,0.0,1.0,0.0,0.0,1.0,0.0
2025-02-11,-1106.0,0.00065,-0.001559,16.02,15.768603,0.251397,0.0,0.0,0.0,0.0,0.0,0.0,0.0,0.0,0.0
2025-02-12,-2054.5,-0.000261,0.002537,15.89,14.625355,1.264645,0.0,0.0,1.0,0.0,0.0,1.0,0.0,0.0,1.0
2025-02-13,-2719.9,0.00267,0.007981,15.1,14.554633,0.545367,0.0,0.0,1.0,0.0,0.0,1.0,0.0,0.0,1.0
2025-02-14,-934.6,0.000674,0.002318,14.77,13.587082,1.182918,0.0,0.0,0.0,0.0,0.0,0.0,0.0,0.0,0.0
2025-02-17,-157.3,,,15.37,13.547988,1.822012,,,,,,,0.0,0.0,0.0
2025-02-18,-1274.4,0.001089,0.002505,15.35,13.521299,1.828701,0.0,0.0,0.0,0.0,0.0,0.0,0.0,0.0,0.0
2025-02-19,-1119.0,0.000244,0.005574,15.27,13.17471,2.09529,0.0,0.0,0.0,0.0,0.0,0.0,0.0,0.0,0.0
2025-02-20,232.9,0.000187,-0.001529,15.66,13.24952,2.41048,0.0,0.0,0.0,0.0,0.0,0.0,0.0,0.0,0.0
2025-02-21,8375.4,-0.006233,-0.035605,18.21,15.069435,3.140565,1.0,1.0,0.0,1.0,1.0,0.0,0.0,1.0,0.0
2025-02-24,-3636.9,-0.002488,-0.003573,18.98,12.252336,6.727664,0.0,0.0,1.0,0.0,0.0,1.0,0.0,0.0,1.0
2025-02-25,-2213.1,-0.003285,-0.00239,19.43,12.08176,7.34824,0.0,0.0,1.0,0.0,0.0,1.0,0.0,0.0,1.0
2025-02-26,-1312.0,0.000324,0.009784,19.1,12.164848,6.935152,0.0,0.0,0.0,0.0,0.0,0.0,0.0,0.0,0.0
2025-02-27,5167.2,-0.012206,-0.030453,21.13,15.648982,5.481018,1.0,1.0,0.0,1.0,1.0,0.0,0.0,1.0,0.0
2025-02-28,1513.1,0.012298,0.014889,19.63,16.486906,3.143094,0.0,0.0,0.0,0.0,0.0,0.0,0.0,0.0,0.0
2025-03-03,4387.7,-0.013457,-0.044815,22.78,17.390078,5.389922,1.0,1.0,0.0,1.0,1.0,0.0,0.0,1.0,0.0
2025-03-04,-1705.8,-0.010864,-0.011782,23.51,17.365624,6.144376,1.0,0.0,1.0,0.0,0.0,1.0,0.0,0.0,1.0
2025-03-05,-887.5,0.010171,0.022142,21.93,17.068699,4.861301,0.0,0.0,0.0,0.0,0.0,0.0,0.0,0.0,0.0
2025-03-06,2176.2,-0.016711,-0.054155,24.87,18.003083,6.866917,1.0,0.0,0.0,1.0,0.0,0.0,0.0,0.0,0.0
2025-03-07,-1127.6,0.005461,0.022462,23.37,17.840446,5.529554,0.0,0.0,0.0,0.0,0.0,0.0,0.0,0.0,0.0
2025-03-10,8830.9,-0.025797,-0.054491,27.86,20.218551,7.641449,1.0,1.0,0.0,1.0,1.0,0.0,0.0,1.0,0.0
2025-03-11,-4363.3,-0.008065,0.001139,26.92,20.191891,6.728109,1.0,0.0,1.0,0.0,0.0,1.0,0.0,0.0,1.0
2025-03-12,-3665.8,0.004769,0.024801,24.23,20.563001,3.666999,0.0,0.0,1.0,0.0,0.0,1.0,0.0,0.0,1.0
2025-03-13,-1047.6,-0.013283,-0.022425,24.66,20.033815,4.626185,1.0,0.0,0.0,0.0,0.0,0.0,0.0,0.0,0.0
2025-03-14,2239.7,0.020113,0.044742,21.77,21.445149,0.324851,0.0,0.0,0.0,0.0,0.0,0.0,0.0,0.0,0.0
2025-03-17,167.2,0.007905,0.018913,20.51,21.849167,-1.339167,0.0,0.0,0.0,0.0,0.0,0.0,0.0,0.0,0.0
2025-03-18,242.5,-0.010713,-0.013868,21.7,22.071735,-0.371735,1.0,0.0,0.0,0.0,0.0,0.0,0.0,0.0,0.0
2025-03-19,128.5,0.010684,0.016227,19.9,22.857482,-2.957482,0.0,0.0,0.0,0.0,0.0,0.0,0.0,0.0,0.0
2025-03-20,-988.2,-0.002339,0.009581,19.8,22.875676,-3.075676,0.0,0.0,0.0,0.0,0.0,0.0,0.0,0.0,0.0
2025-03-21,1346.3,-0.003635,0.000211,19.28,22.380196,-3.100196,0.0,0.0,0.0,0.0,0.0,0.0,0.0,0.0,0.0
2025-03-24,-173.1,0.007525,0.031204,17.48,23.609799,-6.129799,0.0,0.0,0.0,0.0,0.0,0.0,0.0,0.0,0.0
2025-03-25,-313.3,0.001358,-0.003067,17.15,23.712017,-6.562017,0.0,0.0,0.0,0.0,0.0,0.0,1.0,0.0,0.0
2025-03-26,4284.2,-0.003652,-0.016407,18.33,24.436088,-6.106088,0.0,1.0,0.0,0.0,1.0,0.0,0.0,1.0,0.0
2025-03-27,-3571.5,-0.000783,-0.002294,18.69,22.52778,-3.83778,0.0,0.0,1.0,0.0,0.0,1.0,0.0,0.0,1.0
2025-03-28,804.2,-0.010076,-0.044096,21.65,23.99706,-2.34706,1.0,0.0,0.0,1.0,0.0,0.0,0.0,0.0,0.0
2025-03-31,2702.0,0.004034,0.000437,22.28,23.593547,-1.313547,0.0,0.0,0.0,0.0,0.0,0.0,0.0,0.0,0.0
2025-04-01,-3924.7,0.002027,-0.001311,21.77,23.955484,-2.185484,0.0,0.0,1.0,0.0,0.0,1.0,0.0,0.0,1.0
2025-04-02,3737.1,0.003156,0.016411,21.51,24.751617,-3.241617,0.0,1.0,0.0,0.0,1.0,0.0,0.0,1.0,0.0
2025-04-03,-4388.3,-0.031809,-0.12465,30.02,25.23901,4.78099,1.0,0.0,1.0,1.0,0.0,1.0,0.0,0.0,1.0
2025-04-04,-10062.8,-0.056735,-0.098623,45.31,32.060992,13.249008,1.0,0.0,1.0,1.0,0.0,1.0,0.0,0.0,1.0
2025-04-07,3256.0,-0.002106,-0.002456,46.98,30.771226,16.208774,0.0,1.0,0.0,0.0,1.0,0.0,0.0,1.0,0.0
2025-04-08,15109.1,-0.015048,-0.066193,52.33,31.286897,21.043103,1.0,1.0,0.0,1.0,1.0,0.0,0.0,1.0,0.0
2025-04-09,5824.6,0.08804,0.106913,33.62,51.367857,-17.747857,0.0,1.0,0.0,0.0,1.0,0.0,1.0,1.0,0.0
2025-04-10,5057.6,-0.030254,-0.095528,40.72,53.283528,-12.563528,1.0,1.0,0.0,1.0,1.0,0.0,1.0,1.0,0.0
2025-04-11,-7965.0,0.017348,0.013166,37.56,53.19259,-15.63259,0.0,0.0,1.0,0.0,0.0,1.0,1.0,0.0,1.0
2025-04-14,-1148.1,0.010633,0.055732,30.89,53.111417,-22.221417,0.0,0.0,0.0,0.0,0.0,0.0,1.0,0.0,0.0
2025-04-15,-2695.4,-0.001411,0.004103,30.12,52.90379,-22.78379,0.0,0.0,1.0,0.0,0.0,1.0,1.0,0.0,1.0
2025-04-16,540.3,-0.022737,-0.04195,32.64,53.476309,-20.836309,1.0,0.0,0.0,1.0,0.0,0.0,1.0,0.0,0.0
2025-04-17,-1385.7,0.005218,0.013932,29.65,53.530117,-23.880117,0.0,0.0,0.0,0.0,0.0,0.0,1.0,0.0,0.0
2025-04-21,2417.8,-0.012563,-0.030286,33.82,54.057466,-20.237466,1.0,0.0,0.0,1.0,0.0,0.0,1.0,0.0,0.0
2025-04-22,1757.0,0.014926,0.032389,30.57,54.365088,-23.795088,0.0,0.0,0.0,0.0,0.0,0.0,1.0,0.0,0.0
2025-04-23,-75.4,0.007938,0.018207,28.45,55.229406,-26.779406,0.0,0.0,0.0,0.0,0.0,0.0,1.0,0.0,0.0
2025-04-24,5473.1,0.007014,0.018432,26.47,55.782388,-29.312388,0.0,1.0,0.0,0.0,1.0,0.0,1.0,1.0,0.0
2025-04-25,-2453.7,0.003172,0.02134,24.84,55.927585,-31.087585,0.0,0.0,1.0,0.0,0.0,1.0,1.0,0.0,1.0
2025-04-28,-1844.3,0.001433,-0.004232,25.15,54.854185,-29.704185,0.0,0.0,1.0,0.0,0.0,1.0,1.0,0.0,1.0
2025-04-29,-2879.6,0.001805,0.006109,24.17,54.89072,-30.72072,0.0,0.0,1.0,0.0,0.0,1.0,1.0,0.0,1.0
2025-04-30,4905.8,0.00073,-0.012408,24.7,54.942611,-30.242611,0.0,1.0,0.0,0.0,1.0,0.0,1.0,1.0,0.0
2025-05-01,800.4,0.001092,0.008019,24.6,54.328882,-29.728882,0.0,0.0,0.0,0.0,0.0,0.0,1.0,0.0,0.0
2025-05-02,4522.4,0.002028,0.02148,22.68,53.717273,-31.037273,0.0,1.0,0.0,0.0,1.0,0.0,1.0,1.0,0.0
2025-05-05,-907.3,0.000792,-0.009086,23.64,48.33443,-24.69443,0.0,0.0,0.0,0.0,0.0,0.0,1.0,0.0,0.0
2025-05-06,-1916.1,-0.000327,-0.019911,24.76,48.647783,-23.887783,0.0,0.0,1.0,0.0,0.0,1.0,1.0,0.0,1.0
2025-05-07,-2967.2,0.000812,0.013633,23.55,47.604833,-24.054833,0.0,0.0,1.0,0.0,0.0,1.0,1.0,0.0,1.0
2025-05-08,-442.6,0.000757,0.019515,22.48,28.635281,-6.155281,0.0,0.0,0.0,0.0,0.0,0.0,1.0,0.0,0.0
2025-05-09,-2016.0,0.000426,0.002845,21.9,23.438327,-1.538327,0.0,0.0,1.0,0.0,0.0,1.0,0.0,0.0,1.0
2025-05-12,2766.0,0.000691,0.06603,18.39,25.95764,-7.56764,0.0,0.0,0.0,0.0,0.0,0.0,1.0,0.0,0.0
2025-05-13,-397.9,9.2e-05,0.003629,18.22,26.118827,-7.898827,0.0,0.0,0.0,0.0,0.0,0.0,1.0,0.0,0.0
2025-05-14,-983.6,0.000156,-0.010849,18.62,26.082044,-7.462044,0.0,0.0,0.0,0.0,0.0,0.0,1.0,0.0,0.0
2025-05-15,-463.1,0.000133,0.009018,17.83,22.856424,-5.026424,0.0,0.0,0.0,0.0,0.0,0.0,0.0,0.0,0.0
2025-05-16,-1223.1,0.001938,0.001932,17.24,22.946969,-5.706969,0.0,0.0,0.0,0.0,0.0,0.0,0.0,0.0,0.0
2025-05-19,1540.6,0.000604,-0.005786,18.14,19.258089,-1.118089,0.0,0.0,0.0,0.0,0.0,0.0,0.0,0.0,0.0
2025-05-20,-859.1,-0.000773,0.005092,18.09,18.990147,-0.900147,0.0,0.0,0.0,0.0,0.0,0.0,0.0,0.0,0.0
2025-05-21,1032.9,-0.008827,-0.035464,20.87,19.003785,1.866215,1.0,0.0,0.0,1.0,0.0,0.0,0.0,0.0,0.0
2025-05-22,-2463.6,0.000688,0.003752,20.28,17.620569,2.659431,0.0,0.0,1.0,0.0,0.0,1.0,0.0,0.0,1.0
2025-05-23,556.6,-0.004706,-0.032395,22.29,18.366185,3.923815,0.0,0.0,0.0,1.0,0.0,0.0,0.0,0.0,0.0
2025-05-26,1613.2,,,20.57,18.623565,1.946435,,,,,,,0.0,0.0,0.0
2025-05-27,-541.9,0.014323,0.050219,18.96,18.675469,0.284531,0.0,0.0,0.0,0.0,0.0,0.0,0.0,0.0,0.0
2025-05-28,-917.0,-0.00239,-0.004169,19.31,18.507472,0.802528,0.0,0.0,0.0,0.0,0.0,0.0,0.0,0.0,0.0
2025-05-29,4183.8,0.00226,-0.000739,19.18,18.725588,0.454412,0.0,1.0,0.0,0.0,1.0,0.0,0.0,1.0,0.0
2025-05-30,645.7,-6.1e-05,-0.003696,18.57,17.853277,0.716723,0.0,0.0,0.0,0.0,0.0,0.0,0.0,0.0,0.0
2025-06-02,-1791.8,0.00371,0.006431,18.36,17.526968,0.833032,0.0,0.0,1.0,0.0,0.0,1.0,0.0,0.0,1.0
2025-06-03,-697.6,0.003118,0.011059,17.69,16.885304,0.804696,0.0,0.0,0.0,0.0,0.0,0.0,0.0,0.0,0.0
2025-06-04,-962.3,0.000455,0.000972,17.61,16.889321,0.720679,0.0,0.0,0.0,0.0,0.0,0.0,0.0,0.0,0.0
2025-06-05,443.1,-0.001734,-0.008985,18.48,17.49292,0.98708,0.0,0.0,0.0,0.0,0.0,0.0,0.0,0.0,0.0
2025-06-06,2165.4,0.004964,0.020828,16.77,17.773347,-1.003347,0.0,0.0,0.0,0.0,0.0,0.0,0.0,0.0,0.0
2025-06-09,-601.9,0.001242,0.004561,17.16,12.62244,4.53756,0.0,0.0,0.0,0.0,0.0,0.0,0.0,0.0,0.0
2025-06-10,-367.1,0.001652,0.00239,16.95,11.973517,4.976483,0.0,0.0,0.0,0.0,0.0,0.0,0.0,0.0,0.0
2025-06-11,-1773.9,-0.000442,-0.004529,17.26,11.92565,5.33435,0.0,0.0,1.0,0.0,0.0,1.0,0.0,0.0,1.0
2025-06-12,-823.6,0.000951,-0.005029,18.02,11.917186,6.102814,0.0,0.0,0.0,0.0,0.0,0.0,0.0,0.0,0.0
2025-06-13,1929.8,-0.002923,-0.040192,20.82,12.693565,8.126435,0.0,0.0,0.0,1.0,0.0,0.0,0.0,0.0,0.0
2025-06-16,2318.5,0.00439,0.035607,19.11,13.344636,5.765364,0.0,0.0,0.0,0.0,0.0,0.0,0.0,0.0,0.0
2025-06-17,-259.9,-0.001964,-0.028329,21.6,13.704113,7.895887,0.0,0.0,0.0,1.0,0.0,0.0,0.0,0.0,0.0
2025-06-18,-2457.6,0.002376,0.011712,20.14,12.831976,7.308024,0.0,0.0,1.0,0.0,0.0,1.0,0.0,0.0,1.0
2025-06-19,943.2,,,22.17,13.570523,8.599477,,,,,,,0.0,0.0,0.0
2025-06-20,945.7,0.00033,-0.005419,20.62,12.955837,7.664163,0.0,0.0,0.0,0.0,0.0,0.0,0.0,0.0,0.0
2025-06-23,19.9,0.005563,0.007925,19.83,12.288778,7.541222,0.0,0.0,0.0,0.0,0.0,0.0,0.0,0.0,0.0
2025-06-24,-354.0,0.004636,0.037346,17.48,12.913448,4.566552,0.0,0.0,0.0,0.0,0.0,0.0,0.0,0.0,0.0
2025-06-25,-303.3,0.000935,0.001895,16.76,12.919239,3.840761,0.0,0.0,0.0,0.0,0.0,0.0,0.0,0.0,0.0
2025-06-26,-834.2,0.002039,0.0026,16.59,12.798339,3.791661,0.0,0.0,0.0,0.0,0.0,0.0,0.0,0.0,0.0
2025-06-27,-169.1,0.001116,0.000236,16.32,12.748893,3.571107,0.0,0.0,0.0,0.0,0.0,0.0,0.0,0.0,0.0
2025-06-30,-1160.2,0.001194,0.004243,16.73,12.619206,4.110794,0.0,0.0,0.0,0.0,0.0,0.0,0.0,0.0,0.0
2025-07-01,38.3,0.000286,-0.000235,16.83,12.999909,3.830091,0.0,0.0,0.0,0.0,0.0,0.0,0.0,0.0,0.0
2025-07-02,-175.0,0.000693,0.002348,16.64,13.122312,3.517688,0.0,0.0,0.0,0.0,0.0,0.0,0.0,0.0,0.0
2025-07-03,-400.6,0.000666,0.003045,16.38,12.505,3.875,0.0,0.0,0.0,0.0,0.0,0.0,0.0,0.0,0.0
2025-07-04,320.7,,,17.48,12.319698,5.160302,,,,,,,0.0,0.0,0.0
2025-07-07,-2877.3,0.000502,-0.004904,17.79,12.426665,5.363335,0.0,0.0,1.0,0.0,0.0,1.0,0.0,0.0,1.0
2025-07-08,-1236.7,0.000607,0.0115,16.81,12.34965,4.46035,0.0,0.0,0.0,0.0,0.0,0.0,0.0,0.0,0.0
2025-07-09,143.7,0.000541,0.017401,15.94,12.318801,3.621199,0.0,0.0,0.0,0.0,0.0,0.0,0.0,0.0,0.0
2025-07-10,-1112.8,0.000223,0.004105,15.78,12.375023,3.404977,0.0,0.0,0.0,0.0,0.0,0.0,0.0,0.0,0.0
2025-07-11,-1459.1,0.000154,-0.002044,16.4,11.542218,4.857782,0.0,0.0,1.0,0.0,0.0,1.0,0.0,0.0,1.0
2025-07-14,-1423.7,0.000488,-0.00751,17.2,10.875255,6.324745,0.0,0.0,0.0,0.0,0.0,0.0,0.0,0.0,0.0
2025-07-15,189.2,0.000118,0.00321,17.38,10.132848,7.247152,0.0,0.0,0.0,0.0,0.0,0.0,0.0,0.0,0.0
2025-07-16,301.7,0.000183,-0.003429,17.16,10.110749,7.049251,0.0,0.0,0.0,0.0,0.0,0.0,0.0,0.0,0.0
2025-07-17,-959.3,0.000141,0.001835,16.52,8.923911,7.596089,0.0,0.0,0.0,0.0,0.0,0.0,0.0,0.0,0.0
2025-07-18,-662.1,-0.000154,0.007555,16.41,8.939105,7.470895,0.0,0.0,0.0,0.0,0.0,0.0,0.0,0.0,0.0
2025-07-21,283.6,0.001662,0.003408,16.65,8.714974,7.935026,0.0,0.0,0.0,0.0,0.0,0.0,0.0,0.0,0.0
2025-07-22,-1217.1,0.000516,0.002264,16.5,8.066893,8.433107,0.0,0.0,0.0,0.0,0.0,0.0,0.0,0.0,0.0
2025-07-23,-813.4,0.003855,0.02056,15.37,8.44489,6.92511,0.0,0.0,0.0,0.0,0.0,0.0,0.0,0.0,0.0
2025-07-24,-1096.1,0.000712,0.001328,15.39,8.125539,7.264461,0.0,0.0,0.0,0.0,0.0,0.0,0.0,0.0,0.0
2025-07-25,-409.6,0.001524,0.004422,14.93,8.11386,6.81614,0.0,0.0,0.0,0.0,0.0,0.0,0.0,0.0,0.0
2025-07-28,-644.5,0.000931,0.013427,15.03,7.997685,7.032315,0.0,0.0,0.0,0.0,0.0,0.0,0.0,0.0,0.0
2025-07-29,706.7,-0.000801,-0.011729,15.98,7.453735,8.526265,0.0,0.0,0.0,0.0,0.0,0.0,0.0,0.0,0.0
2025-07-30,2149.7,0.000136,-0.001538,15.48,7.641491,7.838509,0.0,0.0,0.0,0.0,0.0,0.0,0.0,0.0,0.0
2025-07-31,5942.7,-0.001044,-0.002201,16.72,8.918327,7.801673,0.0,1.0,0.0,0.0,1.0,0.0,0.0,1.0,0.0
2025-08-01,-2137.8,-0.008539,-0.041253,20.38,11.10307,9.27693,1.0,0.0,1.0,1.0,0.0,1.0,0.0,0.0,1.0
2025-08-04,3355.6,0.009569,0.034514,17.52,13.116039,4.403961,0.0,1.0,0.0,0.0,1.0,0.0,0.0,1.0,0.0
2025-08-05,1133.3,-0.001482,-0.004226,17.85,13.740746,4.109254,0.0,0.0,0.0,0.0,0.0,0.0,0.0,0.0,0.0
2025-08-06,3538.9,0.003746,0.016082,16.77,14.367598,2.402402,0.0,1.0,0.0,0.0,1.0,0.0,0.0,1.0,0.0
2025-08-07,336.1,0.000256,-0.004616,16.57,14.400493,2.169507,0.0,0.0,0.0,0.0,0.0,0.0,0.0,0.0,0.0
2025-08-08,-656.9,0.002724,0.017668,15.15,14.644208,0.505792,0.0,0.0,0.0,0.0,0.0,0.0,0.0,0.0,0.0
2025-08-11,292.3,0.000216,-0.001736,16.25,14.831485,1.418515,0.0,0.0,0.0,0.0,0.0,0.0,0.0,0.0,0.0
2025-08-12,1919.8,0.001694,0.020652,14.73,15.373723,-0.643723,0.0,0.0,0.0,0.0,0.0,0.0,0.0,0.0,0.0
2025-08-13,-4.3,0.0003,0.003408,14.49,15.405302,-0.915302,0.0,0.0,0.0,0.0,0.0,0.0,0.0,0.0,0.0
2025-08-14,-1811.2,0.000171,-0.002123,14.83,15.24027,-0.41027,0.0,0.0,1.0,0.0,0.0,1.0,0.0,0.0,1.0
2025-08-15,-1334.3,0.000138,0.001702,15.09,15.317543,-0.227543,0.0,0.0,0.0,0.0,0.0,0.0,0.0,0.0,0.0
2025-08-18,-1489.1,0.000978,0.012742,14.99,15.261436,-0.271436,0.0,0.0,1.0,0.0,0.0,1.0,0.0,0.0,1.0
2025-08-19,1832.4,-0.002389,-0.010694,15.57,15.840456,-0.270456,0.0,0.0,0.0,0.0,0.0,0.0,0.0,0.0,0.0
2025-08-20,1611.8,-0.001376,0.002543,15.69,15.712045,-0.022045,0.0,0.0,0.0,0.0,0.0,0.0,0.0,0.0,0.0
2025-08-21,-982.9,-0.002611,-0.007188,16.6,15.770209,0.829791,0.0,0.0,0.0,0.0,0.0,0.0,0.0,0.0,0.0
2025-08-22,2093.3,0.009087,0.041951,14.22,16.651715,-2.431715,0.0,0.0,0.0,0.0,0.0,0.0,0.0,0.0,0.0
2025-08-25,-815.5,-0.000917,-0.001839,14.79,16.675457,-1.885457,0.0,0.0,0.0,0.0,0.0,0.0,0.0,0.0,0.0
2025-08-26,943.3,0.002022,0.003276,14.62,16.718795,-2.098795,0.0,0.0,0.0,0.0,0.0,0.0,0.0,0.0,0.0
2025-08-27,-1444.0,0.00083,-0.000816,14.85,16.458519,-1.608519,0.0,0.0,0.0,0.0,0.0,0.0,0.0,0.0,1.0
2025-08-28,-155.6,0.002109,0.005106,14.43,15.972583,-1.542583,0.0,0.0,0.0,0.0,0.0,0.0,0.0,0.0,0.0
2025-08-29,3501.0,-0.002447,-0.009551,15.36,15.02516,0.33484,0.0,1.0,0.0,0.0,1.0,0.0,0.0,1.0,0.0
2025-09-01,-1033.7,,,16.12,13.307504,2.812496,,,,,,,0.0,0.0,0.0
2025-09-02,3721.4,-0.003058,-0.015388,17.17,12.829858,4.340142,0.0,1.0,0.0,0.0,1.0,0.0,0.0,1.0,0.0
2025-09-03,-1413.7,0.003369,0.013128,16.35,11.979733,4.370267,0.0,0.0,0.0,0.0,0.0,0.0,0.0,0.0,0.0
2025-09-04,-96.1,0.003896,0.013986,15.3,12.332655,2.967345,0.0,0.0,0.0,0.0,0.0,0.0,0.0,0.0,0.0
2025-09-05,2129.2,-4.8e-05,0.0,15.18,11.80357,3.37643,0.0,0.0,0.0,0.0,0.0,0.0,0.0,0.0,0.0
2025-09-08,-465.6,0.001731,0.009128,15.11,11.767933,3.342067,0.0,0.0,0.0,0.0,0.0,0.0,0.0,0.0,0.0
2025-09-09,-328.9,0.001003,0.002814,15.04,10.882076,4.157924,0.0,0.0,0.0,0.0,0.0,0.0,0.0,0.0,0.0
2025-09-10,310.2,0.000897,0.001403,15.35,10.886734,4.463266,0.0,0.0,0.0,0.0,0.0,0.0,0.0,0.0,0.0
2025-09-11,75.2,0.001951,0.01281,14.71,11.084986,3.625014,0.0,0.0,0.0,0.0,0.0,0.0,0.0,0.0,0.0
2025-09-12,-191.5,0.000273,0.000395,14.76,11.067732,3.692268,0.0,0.0,0.0,0.0,0.0,0.0,0.0,0.0,0.0
2025-09-15,154.3,0.000818,-0.004346,15.69,11.311523,4.378477,0.0,0.0,0.0,0.0,0.0,0.0,0.0,0.0,0.0
2025-09-16,320.8,0.000108,-0.008532,16.36,10.094272,6.265728,0.0,0.0,0.0,0.0,0.0,0.0,0.0,0.0,0.0
2025-09-17,-1439.9,0.000554,0.018811,15.72,9.709439,6.010561,0.0,0.0,0.0,0.0,0.0,0.0,0.0,0.0,1.0
2025-09-18,-1407.9,0.000348,-0.001375,15.7,9.701612,5.998388,0.0,0.0,0.0,0.0,0.0,0.0,0.0,0.0,0.0
2025-09-19,138.4,0.001914,0.000983,15.45,8.659227,6.790773,0.0,0.0,0.0,0.0,0.0,0.0,0.0,0.0,0.0
2025-09-22,-673.8,0.001968,-0.00786,16.1,8.487888,7.612112,0.0,0.0,0.0,0.0,0.0,0.0,0.0,0.0,0.0
2025-09-23,219.914286,-0.00186,-0.006734,16.64,9.012411,7.627589,0.0,0.0,0.0,0.0,0.0,0.0,0.0,0.0,0.0
2025-09-24,-24.7,-0.000562,0.00658,16.18,9.064272,7.115728,0.0,0.0,0.0,0.0,0.0,0.0,0.0,0.0,0.0
2025-09-25,1914.1,-0.001703,-0.007528,16.74,8.934305,7.805695,0.0,0.0,0.0,0.0,0.0,0.0,0.0,0.0,0.0
2025-09-26,-2273.0,0.003776,0.022156,15.29,7.325094,7.964906,0.0,0.0,1.0,0.0,0.0,1.0,0.0,0.0,1.0
2025-09-29,305.9,0.002018,-0.00742,16.12,7.338213,8.781787,0.0,0.0,0.0,0.0,0.0,0.0,0.0,0.0,0.0
2025-09-30,-2405.9,0.001394,0.002164,16.28,6.851868,9.428132,0.0,0.0,1.0,0.0,0.0,1.0,0.0,0.0,1.0
2025-10-01,1269.0,0.001552,0.002552,16.29,7.011503,9.278497,0.0,0.0,0.0,0.0,0.0,0.0,0.0,0.0,0.0
2025-10-02,-608.6,0.000442,-0.007049,16.63,6.573043,10.056957,0.0,0.0,0.0,0.0,0.0,0.0,0.0,0.0,0.0
2025-10-03,540.7,0.000593,0.00493,16.65,6.983192,9.666808,0.0,0.0,0.0,0.0,0.0,0.0,0.0,0.0,0.0
2025-10-06,896.0,0.002037,0.00157,16.37,7.20195,9.16805,0.0,0.0,0.0,0.0,0.0,0.0,0.0,0.0,0.0
2025-10-07,432.1,-0.000851,-0.011168,17.24,7.622168,9.617832,0.0,0.0,0.0,0.0,0.0,0.0,0.0,0.0,0.0
2025-10-08,1877.8,0.002151,0.009709,16.3,8.258914,8.041086,0.0,0.0,0.0,0.0,0.0,0.0,0.0,0.0,0.0
2025-10-09,-98.8,-0.000209,-0.001177,16.43,8.334326,8.095674,0.0,0.0,0.0,0.0,0.0,0.0,0.0,0.0,0.0
2025-10-10,15258.7,-0.014098,-0.063458,21.66,18.016718,3.643282,1.0,1.0,0.0,1.0,1.0,0.0,0.0,1.0,0.0
2025-10-13,2043.3,0.012268,0.03776,19.03,20.56177,-1.53177,0.0,0.0,0.0,0.0,0.0,0.0,0.0,0.0,0.0
2025-10-14,960.8,-0.000294,-0.022842,20.81,20.690033,0.119967,0.0,0.0,0.0,0.0,0.0,0.0,0.0,0.0,0.0
2025-10-15,1119.1,0.002715,-0.004137,20.64,20.818093,-0.178093,0.0,0.0,0.0,0.0,0.0,0.0,0.0,0.0,0.0
2025-10-16,1982.6,-0.001206,-0.049231,25.31,20.746497,4.563503,0.0,0.0,0.0,1.0,0.0,0.0,0.0,0.0,0.0
2025-10-17,3541.7,0.00359,0.042604,20.78,20.91179,-0.13179,0.0,1.0,0.0,0.0,1.0,0.0,0.0,1.0,0.0
2025-10-20,-222.6,0.006384,0.038977,18.23,21.208716,-2.978716,0.0,0.0,0.0,0.0,0.0,0.0,0.0,0.0,0.0
2025-10-21,-441.9,0.000669,0.002824,17.87,21.082095,-3.212095,0.0,0.0,0.0,0.0,0.0,0.0,0.0,0.0,0.0
2025-10-22,-261.6,-0.001677,-0.007844,18.6,21.306483,-2.706483,0.0,0.0,0.0,0.0,0.0,0.0,0.0,0.0,0.0
2025-10-23,-1638.1,0.002839,0.011352,17.3,21.431487,-4.131487,0.0,0.0,1.0,0.0,0.0,1.0,0.0,0.0,1.0
2025-10-24,-402.4,0.002537,0.007617,16.37,21.590117,-5.220117,0.0,0.0,0.0,0.0,0.0,0.0,0.0,0.0,0.0
2025-10-27,657.6,0.002895,0.013726,15.79,22.426619,-6.636619,0.0,0.0,0.0,0.0,0.0,0.0,1.0,0.0,0.0
2025-10-28,-314.8,0.000231,-0.013932,16.42,22.465612,-6.045612,0.0,0.0,0.0,0.0,0.0,0.0,0.0,0.0,0.0
2025-10-29,-1902.075,-8.9e-05,-0.008358,16.92,22.413594,-5.493594,0.0,0.0,1.0,0.0,0.0,1.0,0.0,0.0,1.0
2025-10-30,-3100.0,-0.001269,-0.003412,16.91,22.47447,-5.56447,0.0,0.0,1.0,0.0,0.0,1.0,0.0,0.0,1.0
2025-10-31,11.1,0.000846,0.000403,17.44,22.537124,-5.097124,0.0,0.0,0.0,0.0,0.0,0.0,0.0,0.0,0.0
2025-11-03,-515.6,0.00155,0.004227,17.17,22.456005,-5.286005,0.0,0.0,0.0,0.0,0.0,0.0,0.0,0.0,0.0
2025-11-04,1340.6,-0.002514,-0.020645,19.0,23.65684,-4.65684,0.0,0.0,0.0,0.0,0.0,0.0,0.0,0.0,0.0
2025-11-05,4712.5,0.001816,0.018829,18.01,23.403431,-5.393431,0.0,1.0,0.0,0.0,1.0,0.0,0.0,1.0,0.0
2025-11-06,818.9,-0.002958,-0.021294,19.5,24.118486,-4.618486,0.0,0.0,0.0,0.0,0.0,0.0,0.0,0.0,0.0
2025-11-07,2810.5,0.001115,0.0039,19.08,18.034314,1.045686,0.0,0.0,0.0,0.0,0.0,0.0,0.0,0.0,0.0
2025-11-10,-587.5,0.004783,0.029237,17.6,16.444223,1.155777,0.0,0.0,0.0,0.0,0.0,0.0,0.0,0.0,0.0
2025-11-11,-681.4,0.000934,0.001192,17.28,16.283838,0.996162,0.0,0.0,0.0,0.0,0.0,0.0,0.0,0.0,0.0
2025-11-12,-663.1,0.000282,-0.003968,17.51,16.183417,1.326583,0.0,0.0,0.0,0.0,0.0,0.0,0.0,0.0,0.0
2025-11-13,2112.6,-0.003172,-0.031474,20.0,17.818098,2.181902,0.0,0.0,0.0,1.0,0.0,0.0,0.0,0.0,0.0
2025-11-14,4269.354545,0.000905,0.004319,19.83,17.53295,2.29705,0.0,1.0,0.0,0.0,1.0,0.0,0.0,1.0,0.0
2025-11-17,-939.5,-0.00188,-0.026213,22.38,17.334933,5.045067,0.0,0.0,0.0,1.0,0.0,0.0,0.0,0.0,0.0
2025-11-18,-3952.6,-0.002507,-0.017245,24.69,18.020348,6.669652,0.0,0.0,1.0,0.0,0.0,1.0,0.0,0.0,1.0
2025-11-19,-3012.4,0.003258,0.01391,23.66,18.904195,4.755805,0.0,0.0,1.0,0.0,0.0,1.0,0.0,0.0,1.0
2025-11-20,15932.7,-0.006339,-0.037147,26.42,22.229378,4.190622,1.0,1.0,0.0,1.0,1.0,0.0,0.0,1.0,0.0
2025-11-21,-3012.3,0.004717,0.026962,23.43,22.3858,1.0442,0.0,0.0,1.0,0.0,0.0,1.0,0.0,0.0,1.0
2025-11-24,2675.9,0.007475,0.0365,20.52,23.144918,-2.624918,0.0,0.0,0.0,0.0,0.0,0.0,0.0,0.0,0.0
2025-11-25,-3237.8,0.003534,0.014415,18.56,23.048739,-4.488739,0.0,0.0,1.0,0.0,0.0,1.0,0.0,0.0,1.0
2025-11-26,-1065.0,0.001968,0.015225,17.19,23.388919,-6.198919,0.0,0.0,0.0,0.0,0.0,0.0,1.0,0.0,0.0
2025-11-27,-103.6,,,17.21,23.390021,-6.180021,,,,,,,1.0,0.0,0.0
2025-11-28,70.2,0.001612,0.006599,16.35,23.514343,-7.164343,0.0,0.0,0.0,0.0,0.0,0.0,1.0,0.0,0.0
2025-12-01,-522.8,-3e-06,0.003576,17.24,23.429685,-6.189685,0.0,0.0,0.0,0.0,0.0,0.0,1.0,0.0,0.0
2025-12-02,-1095.5,0.000933,0.007126,16.59,22.550344,-5.960344,0.0,0.0,0.0,0.0,0.0,0.0,0.0,0.0,0.0
2025-12-03,-2402.0,0.000836,0.002752,16.08,22.458827,-6.378827,0.0,0.0,1.0,0.0,0.0,1.0,1.0,0.0,1.0
2025-12-04,-2108.8,0.000499,0.005096,15.78,21.679423,-5.899423,0.0,0.0,1.0,0.0,0.0,1.0,0.0,0.0,1.0
2025-12-05,-1035.4,0.000526,0.00624,15.41,21.658445,-6.248445,0.0,0.0,0.0,0.0,0.0,0.0,1.0,0.0,0.0
2025-12-08,-984.9,0.000287,-0.006783,16.66,20.607028,-3.947028,0.0,0.0,0.0,0.0,0.0,0.0,0.0,0.0,0.0
2025-12-09,-1266.266667,0.00026,-0.001366,16.93,20.593727,-3.663727,0.0,0.0,0.0,0.0,0.0,0.0,0.0,0.0,0.0
2025-12-10,-3008.6,0.000595,0.02032,15.77,20.652151,-4.882151,0.0,0.0,1.0,0.0,0.0,1.0,0.0,0.0,1.0
2025-12-11,1566.6,0.000438,0.006128,14.85,19.115284,-4.265284,0.0,0.0,0.0,0.0,0.0,0.0,0.0,0.0,0.0
2025-12-12,7090.1,-4.5e-05,0.001523,15.74,21.139952,-5.399952,0.0,1.0,0.0,0.0,1.0,0.0,0.0,1.0,0.0
2025-12-15,-1739.7,0.000531,0.0,16.5,20.911478,-4.411478,0.0,0.0,1.0,0.0,0.0,1.0,0.0,0.0,1.0
2025-12-16,-1520.3,0.000169,0.00095,16.48,20.155517,-3.675517,0.0,0.0,1.0,0.0,0.0,1.0,0.0,0.0,1.0
2025-12-17,4222.5,-0.000121,-0.005506,17.62,19.968609,-2.348609,0.0,1.0,0.0,0.0,1.0,0.0,0.0,1.0,0.0
2025-12-18,-445.3,0.000446,0.013746,16.87,15.586333,1.283667,0.0,0.0,0.0,0.0,0.0,0.0,0.0,0.0,0.0
2025-12-19,2609.1,0.000778,0.019021,14.91,15.917676,-1.007676,0.0,0.0,0.0,0.0,0.0,0.0,0.0,0.0,0.0
2025-12-22,-380.7,0.003659,0.016263,14.08,13.626551,0.453449,0.0,0.0,0.0,0.0,0.0,0.0,0.0,0.0,0.0
2025-12-23,-16.8,0.001617,-0.001273,14.0,13.635433,0.364567,0.0,0.0,0.0,0.0,0.0,0.0,0.0,0.0,0.0
2025-12-24,-305.7,0.001216,0.000182,13.47,13.255498,0.214502,0.0,0.0,0.0,0.0,0.0,0.0,0.0,0.0,0.0
2025-12-26,-633.0,0.000679,0.001274,13.6,13.254163,0.345837,0.0,0.0,0.0,0.0,0.0,0.0,0.0,0.0,0.0
2025-12-29,-2362.5,-9e-06,0.006727,14.2,13.131354,1.068646,0.0,0.0,1.0,0.0,0.0,1.0,0.0,0.0,1.0
2025-12-30,-819.3,-2.7e-05,0.005779,14.33,13.112835,1.217165,0.0,0.0,0.0,0.0,0.0,0.0,0.0,0.0,0.0
2025-12-31,49.6,-0.002324,-0.005566,14.95,13.174244,1.775756,0.0,0.0,0.0,0.0,0.0,0.0,0.0,0.0,0.0
2026-01-02,1529.9,0.001553,0.007945,14.51,13.145323,1.364677,0.0,0.0,0.0,0.0,0.0,0.0,0.0,0.0,0.0
2026-01-05,589.5,0.002876,-0.002329,14.9,13.452635,1.447365,0.0,0.0,0.0,0.0,0.0,0.0,0.0,0.0,0.0
2026-01-06,561.5,0.001468,0.007003,14.75,13.857758,0.892242,0.0,0.0,0.0,0.0,0.0,0.0,0.0,0.0,0.0
2026-01-07,-144.0,-0.000307,-0.009629,15.38,13.855676,1.524324,0.0,0.0,0.0,0.0,0.0,0.0,0.0,0.0,0.0
2026-01-08,-2127.9,0.000283,0.006122,15.45,13.944018,1.505982,0.0,0.0,1.0,0.0,0.0,1.0,0.0,0.0,1.0
2026-01-09,-2279.6,0.001615,0.008769,14.49,14.180476,0.309524,0.0,0.0,1.0,0.0,0.0,1.0,0.0,0.0,1.0
2026-01-12,779.8,0.000643,-0.000532,15.12,14.171279,0.948721,0.0,0.0,0.0,0.0,0.0,0.0,0.0,0.0,0.0
2026-01-13,-2466.7,0.000146,-0.014199,15.98,11.076054,4.903946,0.0,0.0,1.0,0.0,0.0,1.0,0.0,0.0,1.0
2026-01-14,651.9,0.000205,-0.012424,16.75,11.714882,5.035118,0.0,0.0,0.0,0.0,0.0,0.0,0.0,0.0,0.0
2026-01-15,813.1,0.000345,0.014585,15.84,11.750115,4.089885,0.0,0.0,0.0,0.0,0.0,0.0,0.0,0.0,0.0
2026-01-16,-1118.9,-0.000606,-0.001438,15.86,10.331583,5.528417,0.0,0.0,0.0,0.0,0.0,0.0,0.0,0.0,0.0
2026-01-19,-253.8,,,18.84,10.626205,8.213795,,,,,,,0.0,0.0,0.0
2026-01-20,840.3,-0.012049,-0.058845,20.09,9.793056,10.296944,1.0,0.0,0.0,1.0,0.0,0.0,0.0,0.0,0.0
2026-01-21,3367.7,0.008691,0.05086,16.9,11.059707,5.840293,0.0,1.0,0.0,0.0,1.0,0.0,0.0,1.0,0.0
2026-01-22,-771.9,0.003774,0.011099,15.64,11.081799,4.558201,0.0,0.0,0.0,0.0,0.0,0.0,0.0,0.0,0.0
2026-01-23,-112.1,0.000422,-0.009537,16.09,11.079265,5.010735,0.0,0.0,0.0,0.0,0.0,0.0,0.0,0.0,0.0
2026-01-26,138.2,0.003075,0.000363,16.15,11.37297,4.77703,0.0,0.0,0.0,0.0,0.0,0.0,0.0,0.0,0.0
2026-01-27,497.8,0.001824,-0.008355,16.35,11.72165,4.62835,0.0,0.0,0.0,0.0,0.0,0.0,0.0,0.0,0.0
2026-01-28,-1539.0,-0.000118,-0.002381,16.35,11.794247,4.555753,0.0,0.0,1.0,0.0,0.0,1.0,0.0,0.0,1.0
2026-01-29,6167.1,-0.000609,-0.00459,16.88,11.97647,4.90353,0.0,1.0,0.0,0.0,1.0,0.0,0.0,1.0,0.0
2026-01-30,-654.4,-0.001186,-0.002213,17.44,12.962126,4.477874,0.0,0.0,0.0,0.0,0.0,0.0,0.0,0.0,0.0
2026-02-02,6017.1,0.003886,0.023105,16.34,13.102292,3.237708,0.0,1.0,0.0,0.0,1.0,0.0,0.0,1.0,0.0
2026-02-03,4695.6,-0.004231,-0.021319,18.0,14.077187,3.922813,0.0,1.0,0.0,0.0,1.0,0.0,0.0,1.0,0.0
2026-02-04,3116.3,-0.003185,-0.008676,18.64,14.602005,4.037995,0.0,1.0,0.0,0.0,1.0,0.0,0.0,1.0,0.0
2026-02-05,2795.6,-0.008751,-0.030354,21.77,17.262785,4.507215,1.0,0.0,0.0,1.0,0.0,0.0,0.0,0.0,0.0
2026-02-06,10733.5,0.014574,0.034569,17.76,19.893882,-2.133882,0.0,1.0,0.0,0.0,1.0,0.0,0.0,1.0,0.0
2026-02-09,-2208.5,0.003526,0.01615,17.36,20.298607,-2.938607,0.0,0.0,1.0,0.0,0.0,1.0,0.0,0.0,1.0
2026-02-10,-945.2,-0.000583,-0.010413,17.79,20.324707,-2.534707,0.0,0.0,0.0,0.0,0.0,0.0,0.0,0.0,0.0
2026-02-11,-1206.6,0.000651,-0.000185,17.65,20.008111,-2.358111,0.0,0.0,0.0,0.0,0.0,0.0,0.0,0.0,0.0
2026-02-12,5103.7,-0.010102,-0.032127,20.82,20.838768,-0.018768,1.0,1.0,0.0,1.0,1.0,0.0,0.0,1.0,0.0
2026-02-13,-5148.8,0.001494,-0.006486,20.6,20.837037,-0.237037,0.0,0.0,1.0,0.0,0.0,1.0,0.0,0.0,1.0
2026-02-16,-739.1,,,21.2,20.557503,0.642497,,,,,,,0.0,0.0,0.0
2026-02-17,-2514.5,0.002751,0.016897,20.29,20.31061,-0.02061,0.0,0.0,1.0,0.0,0.0,1.0,0.0,0.0,1.0
2026-02-18,-542.9,0.004962,-0.000189,19.62,19.741923,-0.121923,0.0,0.0,0.0,0.0,0.0,0.0,0.0,0.0,0.0
2026-02-19,-2482.0,-0.001618,-0.011709,20.23,19.645922,0.584078,0.0,0.0,1.0,0.0,0.0,1.0,0.0,0.0,1.0
2026-02-20,-1896.6,-0.003089,0.011848,19.09,20.003207,-0.913207,0.0,0.0,1.0,0.0,0.0,1.0,0.0,0.0,1.0
2026-02-23,610.9,-0.005014,-0.022285,21.01,20.08365,0.92635,0.0,0.0,0.0,0.0,0.0,0.0,0.0,0.0,0.0
2026-02-24,-964.2,0.005147,0.019123,19.55,20.058431,-0.508431,0.0,0.0,0.0,0.0,0.0,0.0,0.0,0.0,0.0
2026-02-25,252.4,0.00486,0.019712,17.93,21.045611,-3.115611,0.0,0.0,0.0,0.0,0.0,0.0,0.0,0.0,0.0
2026-02-26,4525.7,-0.001798,-0.007993,18.63,21.507561,-2.877561,0.0,1.0,0.0,0.0,1.0,0.0,0.0,1.0,0.0
2026-02-27,-1673.9,-0.002504,-0.020423,19.86,21.104123,-1.244123,0.0,0.0,1.0,0.0,0.0,1.0,0.0,0.0,1.0
2026-03-02,974.4,0.000228,-0.00746,21.44,20.792359,0.647641,0.0,0.0,0.0,0.0,0.0,0.0,0.0,0.0,0.0
2026-03-03,2171.9,-0.005179,-0.020235,23.57,20.297961,3.272039,0.0,0.0,0.0,0.0,0.0,0.0,0.0,0.0,0.0
2026-03-04,-1897.7,0.00556,0.018686,21.15,20.887839,0.262161,0.0,0.0,1.0,0.0,0.0,1.0,0.0,0.0,1.0
2026-03-05,-3390.0,-0.003236,-0.034949,23.75,18.345788,5.404212,0.0,0.0,1.0,1.0,0.0,1.0,0.0,0.0,1.0
2026-03-06,-1324.0,-0.010539,-0.068027,29.49,16.323456,13.166544,1.0,0.0,0.0,1.0,0.0,0.0,0.0,0.0,0.0
2026-03-09,11506.1,0.00901,0.051095,25.5,16.498773,9.001227,0.0,1.0,0.0,0.0,1.0,0.0,0.0,1.0,0.0
2026-03-10,-2044.9,-0.001037,-0.025327,24.93,16.481307,8.448693,0.0,0.0,1.0,1.0,0.0,1.0,0.0,0.0,1.0
2026-03-11,-3150.9,0.000777,0.022632,24.23,16.48928,7.74072,0.0,0.0,1.0,0.0,0.0,1.0,0.0,0.0,1.0
2026-03-12,-1899.4,-0.013134,-0.034836,27.29,16.109126,11.180874,1.0,0.0,1.0,1.0,0.0,1.0,0.0,0.0,1.0
2026-03-13,-2505.5,-0.00477,-0.008917,27.19,16.409018,10.780982,0.0,0.0,1.0,0.0,0.0,1.0,0.0,0.0,1.0
2026-03-16,2032.4,0.010408,0.039632,23.51,17.14507,6.36493,0.0,0.0,0.0,0.0,0.0,0.0,0.0,0.0,0.0
2026-03-17,-523.4,0.00329,0.003915,22.37,17.289583,5.080417,0.0,0.0,0.0,0.0,0.0,0.0,0.0,0.0,0.0
2026-03-18,3707.5,-0.014123,-0.039819,25.09,18.094979,6.995021,1.0,1.0,0.0,1.0,1.0,0.0,0.0,1.0,0.0
2026-03-19,-1791.5,-0.002693,0.013895,24.06,18.069118,5.990882,0.0,0.0,1.0,0.0,0.0,1.0,0.0,0.0,1.0
2026-03-20,3509.3,-0.006451,-0.034577,26.78,18.41519,8.36481,1.0,1.0,0.0,1.0,1.0,0.0,0.0,1.0,0.0
2026-03-23,-5564.0,0.007105,0.023586,26.15,18.367635,7.782365,0.0,0.0,1.0,0.0,0.0,1.0,0.0,0.0,1.0
2026-03-24,-2321.8,-0.001305,-0.012375,26.95,17.976413,8.973587,0.0,0.0,1.0,0.0,0.0,1.0,0.0,0.0,1.0
2026-03-25,-2993.9,0.003617,0.01577,25.33,16.528276,8.801724,0.0,0.0,1.0,0.0,0.0,1.0,0.0,0.0,1.0
2026-03-26,1459.4,-0.009292,-0.03892,27.44,17.26286,10.17714,1.0,0.0,0.0,1.0,0.0,0.0,0.0,0.0,0.0
2026-03-27,124.2,-0.010972,-0.038725,31.05,18.801983,12.248017,1.0,0.0,0.0,1.0,0.0,0.0,0.0,0.0,0.0
2026-03-30,-838.5,0.000442,0.005064,30.61,18.70096,11.90904,0.0,0.0,0.0,0.0,0.0,0.0,0.0,0.0,0.0
2026-03-31,7202.4,0.019529,0.049015,25.25,22.811715,2.438285,0.0,1.0,0.0,0.0,1.0,0.0,0.0,1.0,0.0
2026-04-01,-1503.2,0.004449,0.010262,24.54,22.303612,2.236388,0.0,0.0,1.0,0.0,0.0,1.0,0.0,0.0,1.0
2026-04-02,3142.4,0.001514,-0.000865,23.87,22.315686,1.554314,0.0,1.0,0.0,0.0,1.0,0.0,0.0,1.0,0.0
2026-04-03,106.9,,,,21.891628,,,,,,,,,,
2026-04-06,-4076.8,0.003534,0.01406,24.17,21.691693,2.478307,0.0,0.0,1.0,0.0,0.0,1.0,0.0,0.0,1.0
2026-04-07,94.2,-0.001141,-0.018985,25.78,21.690499,4.089501,0.0,0.0,0.0,0.0,0.0,0.0,0.0,0.0,0.0
2026-04-08,-3085.2,0.009214,0.049793,21.04,23.736352,-2.696352,0.0,0.0,1.0,0.0,0.0,1.0,0.0,0.0,1.0
2026-04-09,-487.0,0.001605,0.021127,19.49,23.246486,-3.756486,0.0,0.0,0.0,0.0,0.0,0.0,0.0,0.0,0.0
2026-04-10,-865.9,0.00033,-0.008722,19.23,22.938063,-3.708063,0.0,0.0,0.0,0.0,0.0,0.0,0.0,0.0,0.0
2026-04-13,-1555.2,0.000823,0.020258,19.12,22.745103,-3.625103,0.0,0.0,1.0,0.0,0.0,1.0,0.0,0.0,1.0
2026-04-14,-430.5,0.000285,0.008022,18.36,23.242124,-4.882124,0.0,0.0,0.0,0.0,0.0,0.0,0.0,0.0,0.0
2026-04-15,-1010.3,0.000181,-0.002786,18.17,22.521374,-4.351374,0.0,0.0,0.0,0.0,0.0,0.0,0.0,0.0,0.0
2026-04-16,-1272.0,0.000148,-0.000199,17.94,22.494353,-4.554353,0.0,0.0,0.0,0.0,0.0,0.0,0.0,0.0,0.0
2026-04-17,752.5,-0.000923,0.006785,17.48,21.505907,-4.025907,0.0,0.0,0.0,0.0,0.0,0.0,0.0,0.0,0.0
2026-04-20,-3746.2,-0.000645,-0.006145,18.87,21.64877,-2.77877,0.0,0.0,1.0,0.0,0.0,1.0,0.0,0.0,1.0
2026-04-21,-3427.8,-0.003772,-0.009374,19.5,21.719117,-2.219117,0.0,0.0,1.0,0.0,0.0,1.0,0.0,0.0,1.0
2026-04-22,504.8,0.006036,0.006443,18.92,21.85951,-2.93951,0.0,0.0,0.0,0.0,0.0,0.0,0.0,0.0,0.0
2026-04-23,-1871.5,-0.00156,0.0022,19.31,19.784795,-0.474795,0.0,0.0,1.0,0.0,0.0,1.0,0.0,0.0,1.0
2026-04-24,-605.6,0.00344,-0.007186,18.71,16.738584,1.971416,0.0,0.0,0.0,0.0,0.0,0.0,0.0,0.0,0.0
2026-04-27,-1026.3,0.002119,0.016888,18.02,16.210834,1.809166,0.0,0.0,0.0,0.0,0.0,0.0,0.0,0.0,0.0
2026-04-28,704.7,-0.00109,0.006722,17.83,14.293221,3.536779,0.0,0.0,0.0,0.0,0.0,0.0,0.0,0.0,0.0
2026-04-29,-2242.3,3.5e-05,-0.009427,18.81,14.418106,4.391894,0.0,0.0,1.0,0.0,0.0,1.0,0.0,0.0,1.0
2026-04-30,3688.8,0.005015,0.015662,16.89,14.785184,2.104816,0.0,1.0,0.0,0.0,1.0,0.0,0.0,1.0,0.0
2026-05-01,-341.3,0.001306,-0.005075,16.99,14.293215,2.696785,0.0,0.0,0.0,0.0,0.0,0.0,0.0,0.0,0.0
2026-05-04,-1324.9,-0.000411,-0.007259,18.29,14.574827,3.715173,0.0,0.0,0.0,0.0,0.0,0.0,0.0,0.0,0.0
2026-05-05,3583.0,0.002928,0.00336,17.38,14.887132,2.492868,0.0,1.0,0.0,0.0,1.0,0.0,0.0,1.0,0.0
2026-05-06,-1590.8,0.001984,0.008864,17.39,13.804148,3.585852,0.0,0.0,1.0,0.0,0.0,1.0,0.0,0.0,1.0
2026-05-07,-392.0,0.000304,0.002733,17.08,14.165262,2.914738,0.0,0.0,0.0,0.0,0.0,0.0,0.0,0.0,0.0
2026-05-08,5858.3,0.00079,-0.002921,17.19,15.384885,1.805115,0.0,1.0,0.0,0.0,1.0,0.0,0.0,1.0,0.0
2026-05-11,-3561.5,0.00045,-0.005272,18.38,15.452985,2.927015,0.0,0.0,1.0,0.0,0.0,1.0,0.0,0.0,1.0
2026-05-12,3440.4,0.000251,0.00903,17.99,16.0724,1.9176,0.0,1.0,0.0,0.0,1.0,0.0,0.0,1.0,0.0
2026-05-13,-1731.8,0.000207,-0.008171,17.87,16.045469,1.824531,0.0,0.0,1.0,0.0,0.0,1.0,0.0,0.0,1.0
2026-05-14,-2761.3,0.000163,0.010985,17.26,16.034286,1.225714,0.0,0.0,1.0,0.0,0.0,1.0,0.0,0.0,1.0
2026-05-15,-425.2,-0.000234,-0.003298,18.43,17.660423,0.769577,0.0,0.0,0.0,0.0,0.0,0.0,0.0,0.0,0.0
2026-05-18,-3458.1,0.001188,0.009733,17.82,17.704599,0.115401,0.0,0.0,1.0,0.0,0.0,1.0,0.0,0.0,1.0
2026-05-19,-5034.4,-0.002902,-0.001928,18.06,17.946725,0.113275,0.0,0.0,1.0,0.0,0.0,1.0,0.0,0.0,1.0
2026-05-20,-790.4,0.005106,0.008692,17.44,17.856726,-0.416726,0.0,0.0,0.0,0.0,0.0,0.0,0.0,0.0,0.0
2026-05-21,-3266.0,0.001987,0.016277,16.76,17.485942,-0.725942,0.0,0.0,1.0,0.0,0.0,1.0,0.0,0.0,1.0
2026-05-22,-795.7,0.00158,-0.005653,16.7,16.728988,-0.028988,0.0,0.0,0.0,0.0,0.0,0.0,0.0,0.0,0.0
2026-05-25,1694.4,,,16.59,17.088667,-0.498667,,,,,,,0.0,0.0,0.0
2026-05-26,2.7,0.003558,0.015729,17.01,16.446342,0.563658,0.0,0.0,0.0,0.0,0.0,0.0,0.0,0.0,0.0
2026-05-27,-16.0,0.000959,0.011567,16.29,16.292649,-0.002649,0.0,0.0,0.0,0.0,0.0,0.0,0.0,0.0,0.0
2026-05-28,-1126.3,0.002324,0.010328,15.74,15.764837,-0.024837,0.0,0.0,0.0,0.0,0.0,0.0,0.0,0.0,0.0
2026-05-29,-1828.3,0.000706,0.007484,15.32,15.764554,-0.444554,0.0,0.0,1.0,0.0,0.0,1.0,0.0,0.0,1.0
2026-06-01,-402.2,0.001096,-0.012683,16.05,15.611678,0.438322,0.0,0.0,0.0,0.0,0.0,0.0,0.0,0.0,0.0
2026-06-02,1909.9,0.00073,0.008992,15.77,15.025219,0.744781,0.0,0.0,0.0,0.0,0.0,0.0,0.0,0.0,0.0
2026-06-03,-880.6,-0.000913,-0.002001,16.06,14.763306,1.296694,0.0,0.0,0.0,0.0,0.0,0.0,0.0,0.0,0.0
2026-06-04,-1671.7,0.001564,0.01786,15.4,14.801698,0.598302,0.0,0.0,1.0,0.0,0.0,1.0,0.0,0.0,1.0
2026-06-05,14066.2,-0.010762,-0.037243,21.51,23.077041,-1.567041,1.0,1.0,0.0,1.0,1.0,0.0,0.0,1.0,0.0
2026-06-08,5405.2,0.003096,0.010787,18.92,24.292691,-5.372691,0.0,1.0,0.0,0.0,1.0,0.0,0.0,1.0,0.0
2026-06-09,7749.5,-0.002005,-0.008832,19.87,24.343263,-4.473263,0.0,1.0,0.0,0.0,1.0,0.0,0.0,1.0,0.0
2026-06-10,7139.7,-0.011142,-0.027474,22.22,25.089649,-2.869649,1.0,1.0,0.0,1.0,1.0,0.0,0.0,1.0,0.0
2026-06-11,10087.1,0.012625,0.022714,19.44,27.88771,-8.44771,0.0,1.0,0.0,0.0,1.0,0.0,1.0,1.0,0.0
2026-06-12,-12723.7,0.005144,0.024636,17.68,27.30853,-9.62853,0.0,0.0,1.0,0.0,0.0,1.0,1.0,0.0,1.0
2026-06-15,0.0,0.006385,0.035519,16.2,28.943224,-12.743224,0.0,0.0,0.0,0.0,0.0,0.0,1.0,0.0,0.0
2026-06-16,5810.1,-0.000109,-0.001583,16.41,29.656316,-13.246316,0.0,1.0,0.0,0.0,1.0,0.0,1.0,1.0,0.0
2026-06-17,-6430.3,-0.002092,-0.02167,18.44,29.460491,-11.020491,0.0,0.0,1.0,0.0,0.0,1.0,1.0,0.0,1.0
2026-06-18,3585.7,0.003943,0.016388,16.4,30.126021,-13.726021,0.0,1.0,0.0,0.0,1.0,0.0,1.0,1.0,0.0
2026-06-19,-1512.8,,,16.78,30.162116,-13.382116,,,,,,,1.0,0.0,1.0
2026-06-22,-38.9,-0.000257,0.001417,17.28,29.748909,-12.468909,0.0,0.0,0.0,0.0,0.0,0.0,1.0,0.0,0.0
2026-06-23,853.7,-0.008355,-0.026893,19.49,31.67603,-12.18603,1.0,0.0,0.0,1.0,0.0,0.0,1.0,0.0,0.0
2026-06-24,-174.9,-4e-05,0.002909,18.63,31.962456,-13.332456,0.0,0.0,0.0,0.0,0.0,0.0,1.0,0.0,0.0
2026-06-25,3645.9,0.000758,0.008158,18.89,32.0766,-13.1866,0.0,1.0,0.0,0.0,1.0,0.0,1.0,1.0,0.0
2026-06-26,-2224.0,0.008598,-0.001439,18.41,32.456952,-14.046952,0.0,0.0,1.0,0.0,0.0,1.0,1.0,0.0,1.0
2026-06-29,6557.7,-0.000223,0.019089,17.65,33.720145,-16.070145,0.0,1.0,0.0,0.0,1.0,0.0,1.0,1.0,0.0
2026-06-30,-1191.7,0.004332,0.01184,16.45,34.207596,-17.757596,0.0,0.0,0.0,0.0,0.0,0.0,1.0,0.0,0.0
2026-07-01,1406.7,0.000825,-0.002969,16.59,34.459531,-17.869531,0.0,0.0,0.0,0.0,0.0,0.0,1.0,0.0,0.0
2026-07-02,-4210.4,-0.000187,0.003854,16.15,34.924102,-18.774102,0.0,0.0,1.0,0.0,0.0,1.0,1.0,0.0,1.0
2026-07-03,3062.7,,,15.81,29.60761,-13.79761,,,,,,,1.0,1.0,0.0
2026-07-06,-4658.0,0.005663,0.013261,15.57,28.722592,-13.152592,0.0,0.0,1.0,0.0,0.0,1.0,1.0,0.0,1.0
2026-07-07,2656.9,-0.001786,-0.004133,16.13,29.226879,-13.096879,0.0,0.0,0.0,0.0,0.0,0.0,1.0,0.0,0.0
2026-07-08,-1903.0,-0.001311,-0.009338,16.9,27.948042,-11.048042,0.0,0.0,1.0,0.0,0.0,1.0,1.0,0.0,1.0
2026-07-09,-1714.4,0.004436,0.010822,15.84,26.162508,-10.322508,0.0,0.0,1.0,0.0,0.0,1.0,1.0,0.0,1.0
2026-07-10,-3027.2,0.001885,0.010879,15.03,26.040064,-11.010064,0.0,0.0,1.0,0.0,0.0,1.0,1.0,0.0,1.0
2026-07-13,4287.5,-0.001918,-0.015032,17.16,24.855127,-7.695127,0.0,1.0,0.0,0.0,1.0,0.0,1.0,1.0,0.0
2026-07-14,1329.881818,0.002492,0.005897,16.5,24.704232,-8.204232,0.0,0.0,0.0,0.0,0.0,0.0,1.0,0.0,0.0
2026-07-15,968.8,0.001371,0.01431,15.67,24.662508,-8.992508,0.0,0.0,0.0,0.0,0.0,0.0,1.0,0.0,0.0
2026-07-16,4920.2,4.2e-05,-0.012069,16.73,24.201165,-7.471165,0.0,1.0,0.0,0.0,1.0,0.0,1.0,1.0,0.0
2026-07-17,1371.1,-0.00916,-0.026153,18.77,24.548562,-5.778562,1.0,0.0,0.0,1.0,0.0,0.0,0.0,0.0,0.0
2026-07-20,-3099.0,0.000635,0.009364,18.65,24.544671,-5.894671,0.0,0.0,1.0,0.0,0.0,1.0,0.0,0.0,1.0
2026-07-21,6476.1,0.004672,0.017679,17.05,23.417455,-6.367455,0.0,1.0,0.0,0.0,1.0,0.0,1.0,1.0,0.0
2026-07-22,-2782.4,-0.000102,-0.00602,16.64,22.987599,-6.347599,0.0,0.0,1.0,0.0,0.0,1.0,1.0,0.0,1.0
2026-07-23,1256.4,-0.00629,-0.025091,18.7,23.213455,-4.513455,1.0,0.0,0.0,1.0,0.0,0.0,0.0,0.0,0.0
2026-07-24,465.8,0.001233,0.00852,18.58,23.136864,-4.556864,0.0,0.0,0.0,0.0,0.0,0.0,0.0,0.0,0.0
2026-07-27,-2569.2,0.001044,0.001936,18.67,21.04709,-2.37709,0.0,0.0,1.0,0.0,0.0,1.0,0.0,0.0,1.0
2026-07-28,815.0,0.001666,0.002986,18.21,19.778359,-1.568359,0.0,0.0,0.0,0.0,0.0,0.0,0.0,0.0,0.0
2026-07-29,4007.4,-0.010048,-0.030648,20.66,20.873983,-0.213983,1.0,1.0,0.0,1.0,1.0,0.0,0.0,1.0,0.0
2026-07-30,11713.1,0.012964,0.033785,17.09,25.426867,-8.336867,0.0,1.0,0.0,0.0,1.0,0.0,1.0,1.0,0.0
2026-07-31,30.8,0.003568,0.01468,15.99,24.904182,-8.914182,0.0,0.0,0.0,0.0,0.0,0.0,1.0,0.0,0.0
