window_end_date,CONTROL_net,CONTROL_sharpe,F0.5_net,F0.5_sharpe,F0.7_net,F0.7_sharpe
2022-03-25,12800.500000001874,1.344713639136031,12152.000000002223,1.272908516842637,12443.000000002223,1.3085007686213526
2022-03-28,12221.700000001892,1.2846725077832508,11573.200000002242,1.213016103087171,11864.200000002242,1.2483886777975883
2022-03-29,8166.300000001843,0.8630091414140517,7505.300000002194,0.7910168097942412,7796.300000002194,0.8248979239390576
2022-03-30,5513.40000000181,0.5886186739230701,4852.4000000021615,0.5166655341930824,5143.4000000021615,0.549815329440976
2022-03-31,7355.50000000178,0.7891407425526369,6675.500000002131,0.7142413167324559,6966.500000002131,0.7483710376911403
2022-04-01,7085.400000001735,0.7593858778050037,6513.900000002144,0.6965393839723459,6744.400000002144,0.7239039501463829
2022-04-04,6272.200000001677,0.6754464735182645,5726.700000002086,0.6151805694961139,5957.200000002086,0.6423693569722836
2022-04-05,10066.200000001521,1.0826633096080691,9520.70000000187,1.0213740182963085,9751.20000000187,1.0501027619686794
2022-04-06,10468.500000001502,1.1270656640487253,9734.50000000188,1.0449177778643817,10019.000000001852,1.0797158780496865
2022-04-07,5618.900000001536,0.5976876064227044,4878.400000001828,0.5175082230044277,5162.900000001829,0.5497718801032044
2022-04-08,5116.800000001547,0.5444799651049637,4376.300000001839,0.464423207959641,4660.80000000184,0.4964947829108185
2022-04-11,4428.400000001561,0.4706814463346801,3640.4000000018973,0.38584365172218893,3940.4000000018686,0.4192372155487901
2022-04-12,6120.600000001511,0.6476218206168056,5332.600000001861,0.5626435641641138,5632.600000001833,0.5965618739644072
2022-04-13,8924.400000001337,0.9369201592244698,7997.400000001746,0.8379048305450899,8297.400000001748,0.8726347747833295
2022-04-14,13678.600000001072,1.402826527863161,12751.60000000148,1.3049938252727398,13051.600000001481,1.340610946224369
2022-04-18,16379.900000001246,1.6927878192779806,15315.900000001595,1.5779312467670186,15701.900000001597,1.6246453087988653
2022-04-19,13165.600000001206,1.3708438992185354,11803.100000001556,1.2274871749363583,12401.100000001556,1.2932885950543087
2022-04-20,15792.000000001311,1.658447764859663,14626.50000000166,1.53604395695412,15039.500000001663,1.581956891687478
2022-04-21,19720.700000001256,2.0674741131539456,18555.200000001663,1.944884349299521,18968.200000001667,1.991502889952809
2022-04-22,18406.000000001342,1.9319944640113604,17186.50000000172,1.8040149317009866,17637.00000000172,1.854166959359127
2022-04-25,17729.700000001398,1.8661618444772272,16550.700000001747,1.7419199947937904,17001.20000000175,1.7920943597203167
2022-04-26,26070.200000001314,2.468398442212852,24888.70000000165,2.3555480475021473,25361.70000000165,2.4035129685281373
2022-04-27,25647.300000001414,2.424171262778208,24634.800000001735,2.3288965305307547,24957.300000001735,2.3610873303582767
2022-04-28,24483.300000001458,2.308532597690815,23749.300000001807,2.2404993134776108,23949.300000001807,2.26061792194752
2022-04-29,26512.00000000144,2.5141644070988023,25850.000000001823,2.453457870759907,26050.000000001826,2.4738632541080463
2022-05-02,25192.800000001436,2.3797647783170595,24588.80000000177,2.324938029197103,24788.80000000177,2.3451661248025126
2022-05-03,24997.300000001516,2.3584308963014213,24351.800000001833,2.2991719513378186,24551.800000001836,2.319350216650255
2022-05-04,21736.00000000141,2.0324261874597176,21102.500000001703,1.9747041432322618,21302.500000001703,1.994467836493709
2022-05-05,30390.70000000108,2.669529009956523,29757.200000001372,2.615204155314422,29957.200000001372,2.634144503019881
2022-05-06,25149.400000001086,2.1562231823498275,24515.900000001377,2.103129137667991,24715.900000001377,2.121266454574929
2022-05-09,23522.200000001067,2.0129373293313693,22962.70000000132,1.966591522246593,23117.7000000013,1.9805390538564185
2022-05-10,23313.200000001176,1.9940972220073474,22753.700000001434,1.947764917533753,22908.70000000141,1.9616972170955493
2022-05-11,19940.700000001234,1.6925961128512452,19390.700000001478,1.6472598702637098,19545.700000001452,1.6609557156653596
2022-05-12,18900.500000001353,1.597691934018491,18283.000000001586,1.5462649722581694,18438.000000001586,1.5598580717778685
2022-05-13,17788.100000001345,1.5128597788854337,17122.600000001574,1.4574847958903747,17277.600000001577,1.471133265085283
2022-05-16,17740.70000000132,1.5085499632730472,17061.700000001558,1.4519587805765515,17216.700000001558,1.4656018132736781
2022-05-17,17158.6000000013,1.4586772585203485,16504.100000001537,1.4041590111394509,16659.100000001537,1.4177802172742542
2022-05-18,28104.80000000113,2.203134841843919,27627.800000001364,2.167429716206167,27637.800000001364,2.1683714733432202
2022-05-19,22806.000000001128,1.8031359255094184,22337.50000000136,1.7675207130271708,22347.50000000136,1.768440095597797
2022-05-20,13220.100000001175,1.152967370755726,12751.600000001406,1.1133548945566272,12761.600000001408,1.1143229973051512
2022-05-23,13091.800000001153,1.1407850389428644,12748.800000001382,1.113088902908741,12634.800000001354,1.1023023323395722
2022-05-24,16986.50000000101,1.5037189705711833,16513.000000001244,1.4632347820625011,16480.000000001215,1.4600644296764342
2022-05-25,17100.50000000114,1.514264692313741,16742.000000001368,1.484380819353951,16709.00000000137,1.4812045762798898
2022-05-26,22479.200000001107,1.991594628807616,22146.700000001394,1.964106796059095,22113.700000001398,1.9608373979024087
2022-05-27,22019.40000000113,1.953295305020581,21800.400000001446,1.935281472613555,21684.90000000142,1.925075767866543
2022-05-30,24023.800000001087,2.1455336571808594,23804.800000001404,2.127519679259067,23689.300000001378,2.1172342374993094
2022-05-31,21880.100000001054,1.9554465690342007,21661.1000000014,1.9373121472663954,21545.600000001403,1.9270314417423096
2022-06-01,24918.100000001014,2.275336435906004,24707.10000000136,2.257844127290005,24591.600000001363,2.2473226202532395
2022-06-02,24732.10000000106,2.260359857231336,24680.900000001424,2.2557422107393794,24565.400000001428,2.2452195419930376
2022-06-03,28618.600000000923,2.6097554558324214,28567.400000001315,2.605140043199096,28451.90000000132,2.5946068486907445
2022-06-06,22944.500000001015,2.1247995917808837,22968.800000001378,2.1257256927906174,22853.30000000138,2.115083265760784
2022-06-07,28240.000000001008,2.647818554253962,28165.30000000137,2.6376542364862976,28049.800000001374,2.626841626359879
2022-06-08,23177.300000001072,2.1845806387617754,23077.10000000135,2.172295579557546,22961.600000001352,2.161471953645336
2022-06-09,20628.000000001084,1.9397538719970857,20718.80000000135,1.9459576503983227,20603.30000000135,1.9351717329058868
2022-06-10,20963.200000000965,1.9732756306461872,21054.000000001244,1.9794452319105251,20938.500000001244,1.968646799914607
2022-06-13,16784.50000000095,1.570438137785763,17012.300000001225,1.5916864205016759,16828.80000000123,1.5740468574540185
2022-06-14,15209.400000000966,1.410248307962351,15410.700000001241,1.428559727189841,15227.200000001245,1.4111491661550795
2022-06-15,13964.700000001,1.2952674833812852,14166.000000001277,1.3136019177952538,13982.50000000128,1.2962284813145897
2022-06-16,15823.900000001016,1.4627390076536642,16025.200000001296,1.4809889239639806,15841.700000001298,1.4636122487834993
2022-06-17,13839.700000001012,1.2814695202072706,14001.000000001291,1.2960091110721634,13817.500000001295,1.2786731468033703
2022-06-20,14205.500000000982,1.3162776301725594,14366.800000001262,1.3308193741614425,14183.300000001262,1.3134581854837846
2022-06-21,13843.000000000964,1.282580148618406,14004.300000001243,1.297128304678623,13820.800000001243,1.2797809077087492
2022-06-22,17172.900000000955,1.5906571395865385,17334.200000001234,1.6051370623081354,17150.700000001234,1.5876763240976397
2022-06-23,15985.40000000093,1.4781979421939546,16146.700000001209,1.492676820278253,15963.200000001209,1.4752901940081717
2022-06-24,17378.900000000922,1.6047993341569635,17487.700000001198,1.6147084007906496,17382.7000000012,1.604246305174297
2022-06-27,18273.700000000626,1.6912564913245038,18298.500000000844,1.6929293264138334,18254.000000000848,1.688340677410651
2022-06-28,17169.100000000675,1.592520855922573,17193.900000000893,1.5942309324712953,17149.400000000896,1.589661556170574
2022-06-29,13393.200000000776,1.2423658423587296,13394.000000001039,1.2418606795087657,13349.50000000104,1.2373969529807365
2022-06-30,11516.600000000815,1.0614015293077574,11705.900000001067,1.0786886348718967,11607.400000001096,1.0692225426686124
2022-07-01,14600.200000000816,1.361790213818186,14760.000000001097,1.3764838078802488,14695.500000001128,1.3699786963638843
2022-07-04,14389.60000000076,1.3420043218886726,14549.40000000104,1.356697808966713,14484.900000001071,1.3502011652127577
2022-07-05,16992.200000000747,1.5833361198458642,17252.300000000985,1.6072775462734883,17094.500000001073,1.592314414946077
2022-07-06,11277.900000000767,1.036253771991276,11538.000000000979,1.0599100376940338,11380.200000001078,1.0452790015199676
2022-07-07,10323.30000000089,0.952095658173226,10706.900000001071,0.9866283588527499,10549.10000000114,0.9719652067492327
2022-07-08,4487.400000001127,0.42107119049583663,4834.500000001336,0.45315064739601246,4676.700000001407,0.438317074387331
2022-07-11,5030.100000000946,0.47162000336765375,5377.200000001155,0.5036231959860125,5219.400000001226,0.4887949413037217
2022-07-12,4963.700000000905,0.4653560789373554,5336.300000001113,0.4997660416901588,5178.500000001184,0.48493907204650855
2022-07-13,3063.2000000008647,0.28637848091582685,3432.3000000010734,0.3205408313178085,3274.500000001144,0.30577687629052036
2022-07-14,-168.2999999991248,-0.015819477749256104,200.80000000102677,0.018853037761628024,43.00000000109708,0.004036965842018105
2022-07-15,-859.499999999191,-0.08075002161157496,-318.599999999022,-0.02990492185096012,-581.69999999894,-0.05458987185719961
2022-07-18,-1088.599999999226,-0.10234383302132231,-588.1999999989987,-0.05525520909536618,-851.299999998917,-0.07995542045740545
2022-07-19,-7024.299999999113,-0.7272474056376347,-6520.39999999889,-0.6743160798353938,-6783.499999998809,-0.7014098321683752
2022-07-20,-5381.499999999252,-0.5589255469928943,-4781.099999999025,-0.4962257588052277,-5044.199999998944,-0.5234357330192912
2022-07-21,-6035.999999999271,-0.6254456084485074,-5435.599999999044,-0.5628370406051623,-5698.699999998962,-0.5899757726517698
2022-07-22,-6412.999999999267,-0.6645437554938197,-5813.099999999069,-0.6019505935364616,-6076.199999998988,-0.629086224092352
2022-07-25,-5483.899999999261,-0.5696825878690068,-4883.999999999034,-0.5070126206519013,-5147.099999998953,-0.534226946312161
2022-07-26,-1935.0999999994,-0.20238413074557024,-1334.6999999991149,-0.1395058759260148,-1612.7999999990625,-0.16854188452198474
2022-07-27,3855.4000000007054,0.4010693958293567,4455.8000000009615,0.46331914449100586,4177.700000001043,0.4342908087890834
2022-07-28,-2068.2999999988915,-0.23591461331324234,-1467.8999999986358,-0.16730994168503668,-1745.999999998554,-0.1989635117109892
2022-07-29,2082.3000000009542,0.24608860292629933,2682.70000000121,0.3168414344512642,2404.600000001292,0.28391042584245413
2022-08-01,2775.1000000009208,0.32854253183418064,3306.0000000011473,0.39105381279479023,3072.9000000012584,0.363426206338067
2022-08-02,3966.5000000009404,0.4704806873601235,4497.400000001167,0.5330042898806702,4264.300000001278,0.5052938229203051
2022-08-03,11866.700000000777,1.364237483101899,12397.600000001004,1.424464440662029,12164.500000001057,1.3973239305010272
2022-08-04,12416.90000000077,1.433582647921703,13015.300000001056,1.5027291584184705,12782.20000000108,1.475422941893989
2022-08-05,9703.400000000793,1.1338725226172348,10301.800000001049,1.2037379286708643,10068.700000001072,1.176221072820118
2022-08-08,11292.500000000686,1.3288965673066018,11890.900000000942,1.3993202377249123,11657.800000000965,1.3715298059261039
2022-08-09,11560.000000000631,1.3607531616018793,12289.400000000916,1.4467080518710367,11982.30000000094,1.4101473800123738
2022-08-10,981.6000000008119,0.14428028097821344,1775.5000000010969,0.2608342949155451,1468.4000000011201,0.21568224751950366
2022-08-11,3212.1000000007534,0.4725049126470951,4006.0000000010095,0.5890694971882001,3698.900000001033,0.5437860982443048
2022-08-12,3181.400000000629,0.46810770885680175,3975.300000000885,0.5847022137797269,3668.2000000009084,0.5394088448048312
2022-08-15,6899.100000000648,1.0517362001698594,7693.000000000904,1.1726155154890716,7385.900000000927,1.1254072662230947
2022-08-16,6052.200000000865,0.9204204811934636,6846.100000001121,1.0409617652604333,6539.000000001144,0.9939408718960053
2022-08-17,5975.900000000811,0.9083577173155062,6668.800000001125,1.0128667564442495,6353.200000001119,0.9645667013384509
2022-08-18,1270.400000000895,0.1959892041468011,1931.3000000011502,0.29777085445644846,1615.7000000011444,0.249049404512883
2022-08-19,747.600000000943,0.11578579512879209,1306.0000000011692,0.20233271117240134,1072.9000000011924,0.1660529072555874
2022-08-22,1942.7000000010325,0.300450371698358,2506.1000000012295,0.3877216425532108,2273.0000000012237,0.3512973629501669
2022-08-23,811.7000000010362,0.12463198889029403,1375.1000000012332,0.21120020823816701,1142.0000000011983,0.17522549320841088
2022-08-24,1669.4000000010951,0.25792750012702104,2224.800000001292,0.3438284826181242,1991.7000000012572,0.3074909293816195
2022-08-25,-1304.3999999989333,-0.20580531925352197,-910.2999999986951,-0.1440261618803434,-1120.89999999873,-0.1771769967621285
2022-08-26,1798.6000000013105,0.263731952454617,2192.7000000015196,0.3223289158572506,1982.1000000014847,0.29111288512735256
2022-08-29,935.7000000012433,0.13626740376024077,1329.8000000014524,0.19413595860440266,1119.200000001476,0.1632507619678357
2022-08-30,482.9000000012402,0.07060882498646136,897.5000000014493,0.13152636081565894,686.9000000014728,0.10057737402245509
2022-08-31,1160.7000000012722,0.17049066927934933,1600.8000000014808,0.23572749610852756,1390.2000000015046,0.20453595515082929
2022-09-01,1553.1000000012993,0.2286748371904083,1979.2000000015078,0.2920863262421766,1728.1000000015317,0.25475287995800133
2022-09-02,5895.10000000119,0.844977077985877,6321.200000001399,0.9081764489255124,6070.100000001423,0.8711249978455472
2022-09-05,7999.300000001198,1.165209369747599,8243.400000001406,1.2009493243802503,8057.300000001429,1.1733914134569805
2022-09-06,11846.200000001101,1.7790047882236535,12119.300000001309,1.821374293357499,11933.200000001332,1.792563478418152
2022-09-07,14981.400000001026,2.208878585036915,15254.500000001233,2.2509301623208557,15068.400000001257,2.2223488699354164
2022-09-08,10953.600000000944,1.6091390830603995,11226.700000001154,1.6504001353429925,11058.100000001177,1.6252267864399197
2022-09-09,11833.300000000934,1.739068209834193,12199.400000001144,1.7941787862223926,12030.800000001167,1.7689345893968764
2022-09-12,11672.20000000098,1.714241318893582,12036.300000001189,1.768976548742664,11867.700000001212,1.7437605309048307
2022-09-13,16366.500000000999,2.2910725311856535,16730.600000001206,2.34387685746921,16562.00000000123,2.3195834135364373
2022-09-14,13213.700000000994,1.8536373995498838,13577.800000001203,1.9060390361723496,13409.200000001227,1.8819021088525831
2022-09-15,14039.00000000082,1.975704453693342,14403.100000001028,2.0284121493272487,14234.500000001051,2.0041429154307724
2022-09-16,11771.600000000875,1.658671347914548,12215.200000001085,1.7215085325006514,11968.100000001108,1.6870701603750333
2022-09-19,11804.400000001267,1.6634661030430484,12211.500000001492,1.7209661027087602,11964.400000001515,1.6865281454135244
2022-09-20,10609.000000001313,1.4942893754255466,11016.100000001523,1.5516881318087472,10769.000000001546,1.517265157599865
2022-09-21,9843.30000000132,1.3754621974010004,10574.500000001579,1.4830504215390565,10203.600000001556,1.4294445968172094
2022-09-22,10861.000000001319,1.5329408226517884,11632.500000001572,1.648569416894336,11261.600000001548,1.5941462050920385
2022-09-23,11639.600000001346,1.6422350824110925,12311.6000000016,1.7447786292606384,11984.700000001554,1.6961029020053375
2022-09-26,8892.500000001408,1.2281289125034065,9564.500000001695,1.3263791509989482,9237.600000001643,1.2794385298634974
2022-09-27,5558.600000001435,0.7669330546686621,6177.80000000172,0.8560670467726362,5928.7000000016415,0.8201051415756215
2022-09-28,10720.90000000132,1.52947297833163,11340.100000001621,1.6257553529122746,11091.000000001528,1.5868846267094512
2022-09-29,12039.000000001257,1.6947567202087088,12673.70000000147,1.7925654425770423,12424.600000001377,1.7538874761109406
2022-09-30,11537.000000001188,1.6169772491516328,12212.700000001372,1.7202434742096566,11963.60000000128,1.6818947000344666
2022-10-03,13083.800000001198,1.8124756636527535,13759.500000001382,1.9155494431609934,13510.40000000129,1.877258224965245
2022-10-04,14090.500000001177,1.9542663228968715,14756.20000000139,2.0570107373286097,14522.100000001297,2.0204085020317724
2022-10-05,14296.400000001164,1.9860840160931172,14965.600000001348,2.089752419039513,14731.500000001255,2.053008961450605
2022-10-06,13000.30000000115,1.7878997396680667,13649.500000001335,1.8861163774806289,13415.400000001242,1.8502335027916954
2022-10-07,14034.900000001127,1.9337742727349214,14512.300000001294,2.0078626641217876,14383.50000000119,1.986983625606139
2022-10-10,12065.400000001098,1.663325148457603,12621.100000001261,1.7476029328889189,12454.300000001156,1.721625243263833
2022-10-11,6852.500000001151,0.9707718115858548,7404.700000001307,1.0537031845368987,7237.900000001202,1.0282227341064467
2022-10-12,4701.700000001181,0.6579286309616093,5376.4000000013375,0.7565360413788255,5148.100000001232,0.7227707957558627
2022-10-13,8956.40000000127,1.2476033129013548,9609.600000001425,1.3466079480524573,9381.30000000132,1.3115639411115705
2022-10-14,13874.100000001208,1.8479722978022417,14527.300000001364,1.9460140774811534,14299.000000001259,1.9112125694603919
2022-10-17,17039.70000000114,2.2494368700083225,17692.900000001297,2.3490984427859263,17464.60000000119,2.313650176914958
2022-10-18,17257.000000000975,2.2764269488911184,17909.700000001132,2.3761198936624277,17696.400000001056,2.3425167535169744
2022-10-19,13806.400000001058,1.8560523405736538,14459.100000001245,1.9550919495919108,14245.800000001138,1.9218348117076516
2022-10-20,10278.300000001012,1.3926893181802644,10802.000000001199,1.4709255548350935,10588.700000001063,1.4386116413392154
2022-10-21,14091.400000001084,1.8728953122495628,14615.10000000127,1.9520695544477984,14401.800000001134,1.9192725294447708
2022-10-24,11964.700000001145,1.566975192740381,12488.400000001331,1.6432558117848068,12275.100000001166,1.6117293868048244
2022-10-25,12210.500000001115,1.5989930326260282,12688.700000001301,1.6695061846267045,12505.400000001137,1.64182014173794
2022-10-26,5823.300000001234,0.805042154844422,6094.500000001421,0.8457217606286637,6014.700000001315,0.8332581852082814
2022-10-27,7073.200000001203,0.985928494997178,7344.40000000136,1.0276962381773436,7264.600000001255,1.0148007758200475
2022-10-28,11368.100000001157,1.5190871173683482,11639.300000001344,1.5609928368753685,11559.500000001237,1.5478292486180592
2022-10-31,10803.70000000112,1.4407547014571631,11074.900000001306,1.4822634490593694,10995.100000001257,1.4692609769530833
2022-11-01,12262.000000001155,1.6295906595788558,12402.200000001312,1.6540716898157486,12396.400000001264,1.6507459443617842
2022-11-02,10645.50000000118,1.4038270190811244,10781.200000001338,1.4272461898890207,10775.40000000129,1.4243096289014883
2022-11-03,8785.500000001159,1.1584597278653213,8921.200000001345,1.1809023363339182,8915.400000001297,1.1783416104852078
2022-11-04,6229.000000001224,0.8232420328371904,6364.70000000141,0.8444237037767259,6358.900000001363,0.8423674675334002
2022-11-07,3781.100000001266,0.49402738175214217,3916.800000001452,0.5136762174228671,3911.0000000014047,0.5121516279880868
2022-11-08,1609.5000000011287,0.20670442084631635,1745.2000000013159,0.22493934583575026,1739.4000000012675,0.22386942660633294
2022-11-09,4343.200000001046,0.556595466590733,4464.900000001175,0.5742197650358781,4467.600000001155,0.5737669611071375
2022-11-10,12356.200000001027,1.4858565562646335,12477.900000001157,1.5052570948047796,12480.600000001137,1.503739728556168
2022-11-11,10451.700000001008,1.2560245105915901,10573.400000001138,1.2746629973501105,10576.100000001119,1.2734293848145164
2022-11-14,8346.800000000963,1.0002503799837767,8463.500000001122,1.0174176633753105,8466.200000001132,1.0165043884436464
2022-11-15,11327.400000000966,1.3620380823027383,11356.600000001124,1.3703537232749647,11403.300000001134,1.3740750108104365
2022-11-16,12158.900000000911,1.464553929593818,12188.10000000107,1.4732564939875081,12234.80000000108,1.4768406826313842
2022-11-17,13029.800000000996,1.5697591679053562,13060.50000000109,1.5790241513537684,13084.7000000011,1.5796861194268887
2022-11-18,7544.100000000996,0.9635480116926782,7603.300000001096,0.9749425751162,7627.500000001106,0.9764631755565553
2022-11-21,9475.500000001035,1.2206961215737155,9534.700000001134,1.233265664420151,9558.900000001086,1.2343642378553503
2022-11-22,7787.900000000963,1.0068468872488505,7847.100000001063,1.0186052860196146,7871.300000001014,1.020052931644196
2022-11-23,8583.200000000872,1.112098675983918,8642.400000000971,1.1243234083030682,8666.600000000923,1.1255959671772653
2022-11-24,9506.30000000084,1.234641995484713,9498.50000000094,1.2383096881070172,9563.200000000892,1.2448820200617683
2022-11-25,6190.100000001047,0.8225956943306756,6182.300000001118,0.8248250847792645,6247.00000000107,0.8321405028862013
2022-11-28,4693.600000001105,0.61904732979727,4685.800000001176,0.6204389338075871,4750.500000001128,0.6280227130039233
2022-11-29,3902.000000001187,0.51485515439884,3942.7000000012576,0.5222947299279648,3967.9000000012093,0.5247883191614289
2022-11-30,7508.700000001293,0.9280629026360154,7549.400000001364,0.9363563580416088,7574.6000000013155,0.9381633377720697
2022-12-01,7998.400000001364,0.9919269983019661,8039.100000001434,1.000485784060186,8046.800000001385,0.9998925896352211
2022-12-02,7504.10000000139,0.9309109947805505,7491.80000000146,0.9327416055051586,7499.5000000014115,0.9322523550112093
2022-12-05,8202.000000001384,1.0187175722169723,8191.700000001454,1.0211274303560103,8199.400000001406,1.0204987623440067
2022-12-06,4808.500000001362,0.6198788963524181,4798.700000001461,0.6210329537431801,4806.400000001413,0.6209865274791647
2022-12-07,4014.400000001444,0.5147862835822785,4004.6000000015138,0.5155154219595727,4012.3000000014654,0.5156495643711256
2022-12-08,3035.9000000016767,0.3882255739811593,3026.1000000017466,0.3884606924806652,3033.800000001698,0.38880630861643084
2022-12-09,2727.9000000016113,0.34841161800844284,2718.100000001681,0.34849193124347333,2725.8000000016327,0.3489036676582117
2022-12-12,3935.500000001537,0.502405535675947,3962.2000000015923,0.507791616142724,3969.900000001544,0.5079416338904046
2022-12-13,7658.700000001527,0.9599616441163348,7685.400000001597,0.9669443878563992,7693.100000001548,0.9663805164310024
2022-12-14,7063.800000001569,0.8798160673838665,6849.900000001633,0.8546582136254647,6981.400000001631,0.870627596608388
2022-12-15,10296.100000001492,1.2809627451204275,10041.900000001546,1.251161709435187,10173.400000001544,1.266943835651832
2022-12-16,8197.300000001504,1.0156237689148593,8072.100000001557,1.001364380840799,8125.600000001548,1.0076414458763534
2022-12-19,11032.000000001499,1.390379855458898,10904.300000001489,1.376032710958326,10957.800000001487,1.3822867608340936
2022-12-20,11287.200000001521,1.4248791291039749,11159.500000001512,1.410552313795895,11213.00000000151,1.4168046180077267
2022-12-21,10033.200000001598,1.269979649107715,9861.000000001617,1.2497758891208262,9920.5000000016,1.2568593258200411
2022-12-22,11664.500000001588,1.4442424403798864,11492.300000001693,1.424634026131797,11551.800000001691,1.4315199450520066
2022-12-23,10880.80000000165,1.3376536149678115,10704.100000001696,1.3174580610019089,10763.600000001694,1.3243306892920998
2022-12-27,9814.30000000159,1.2154886942011116,9637.600000001637,1.1950246946785197,9697.100000001636,1.2019826323848415
2022-12-28,7588.200000001687,0.9337601389267438,7431.000000001704,0.9154896622072561,7475.500000001703,0.9206642977139152
2022-12-29,11665.900000001728,1.4247708823375467,11508.700000001774,1.4071430568314311,11553.200000001772,1.4121345627964053
2022-12-30,13494.600000001841,1.6635484362396245,13357.400000001888,1.6487653855426936,13401.900000001886,1.6537301990575166
2023-01-03,13995.800000001656,1.724148897771076,13858.600000001703,1.7094456227868409,13903.100000001701,1.714390367354262
2023-01-04,12029.800000001736,1.4619591382801524,11814.300000001787,1.4372432991296276,11896.800000001786,1.4469914353924567
2023-01-05,13687.500000001697,1.6706503665785806,13472.000000001755,1.6460139953820172,13554.500000001754,1.6557748374766046
2023-01-06,16457.300000001676,2.0298727305718494,16119.300000001733,1.988030500677512,16263.300000001731,2.0064913796589714
2023-01-09,14591.200000001549,1.8157073666154613,14206.200000001607,1.7675638088076422,14376.200000001605,1.7892673678814084
2023-01-10,10000.30000000165,1.2938465720350116,9562.300000001707,1.2371213181349354,9732.300000001705,1.2594678356097952
2023-01-11,7457.600000001674,0.9758565634174639,7009.100000001725,0.91718985368939,7186.10000000173,0.940597408872766
2023-01-12,3268.5000000019663,0.42062113778254895,2820.0000000019663,0.3629576939497749,2997.0000000019645,0.3858175169824234
2023-01-13,3771.5000000019154,0.48534783414815896,3323.0000000019154,0.4276880035359509,3500.0000000019136,0.45056313350360033
2023-01-16,4678.900000001917,0.603600592841077,4359.400000001917,0.5627924875211373,4536.400000001944,0.5857734886485579
2023-01-17,709.500000001864,0.09339967347574818,390.00000000186355,0.05138364025537311,567.0000000018908,0.0747175731849875
2023-01-18,4444.400000001815,0.5912677097150112,4124.900000001814,0.5491898573080268,4301.9000000018705,0.5728897603810454
2023-01-19,2565.9000000018145,0.3398113581977004,2291.900000001814,0.30374993300376146,2438.9000000018705,0.323314506259472
2023-01-20,5798.6000000017975,0.7633330204788761,5731.600000001797,0.7558775573422287,5775.100000001853,0.7613824067587364
2023-01-23,7413.800000001795,0.9758509935062964,7346.800000001794,0.968773088147794,7390.30000000185,0.9742173057053221
2023-01-24,1878.4000000017782,0.2572123191817628,1811.4000000017777,0.248528305749799,1854.900000001834,0.25440944935652005
2023-01-25,3256.300000001896,0.44667552102325414,3189.3000000018956,0.43834988753226295,3232.8000000018937,0.4441780201310809
2023-01-26,757.4000000018946,0.10412068689834683,690.4000000018941,0.09509979956149726,733.9000000018923,0.10105647524688695
2023-01-27,3347.9000000018946,0.4629224878968379,3220.900000001894,0.44603594953847053,3264.4000000018923,0.4519043324963573
2023-01-30,4102.900000001888,0.568237312061239,3975.900000001887,0.5514802817100033,4019.400000001885,0.5573229163108119
2023-01-31,7620.800000001824,1.043245476143067,7493.800000001823,1.027339399299486,7537.300000001821,1.0329689422838755
2023-02-01,9223.900000001822,1.2776485434892169,9344.700000001869,1.297301076749626,9353.700000001867,1.2980066068283629
2023-02-02,13178.800000001867,1.8671169079250893,13299.600000001914,1.8887522071329126,13308.600000001912,1.8892073941121794
2023-02-03,9660.800000001955,1.3608934571866107,9781.600000002001,1.3811313293882848,9790.600000002,1.3818035774321844
2023-02-06,2438.300000001933,0.3788257903835876,2559.1000000019794,0.3986912124983587,2568.1000000019776,0.39987995019044653
2023-02-07,6184.800000001838,0.9416685545597089,6305.600000001885,0.9626463293300255,6314.600000001883,0.9635296013755987
2023-02-08,7966.2000000017815,1.219086208107718,8087.000000001828,1.2409647747820665,8096.000000001826,1.241708811340343
2023-02-09,7333.1000000018485,1.1257824720392338,7541.400000001866,1.16027063762107,7506.400000001864,1.1546209249837764
2023-02-10,5992.900000001859,0.9147079447230196,6201.200000001876,0.9485042510146983,6166.200000001874,0.9429412344010122
2023-02-13,6066.600000001812,0.9257574450552688,6274.900000001837,0.9595707862117137,6239.900000001835,0.9540063194150051
2023-02-14,6010.70000000184,0.9172733893771265,6190.500000001857,0.9467414978373273,6155.500000001855,0.9411796749104958
2023-02-15,6479.300000001809,0.9884748784755332,6659.100000001827,1.018094037456994,6624.100000001825,1.0125165797893243
2023-02-16,7040.70000000184,1.0741610927722869,7220.500000001857,1.103976590973963,7185.500000001855,1.0983776277248545
2023-02-17,5955.600000001921,0.9042242382933614,6100.400000001939,0.9279317334434043,6065.400000001937,0.9224054179851688
2023-02-20,5889.100000001921,0.8940767485742698,6033.900000001939,0.9177630930667953,5998.900000001937,0.9122395397699132
2023-02-21,5478.500000001908,0.8314114579440753,5623.300000001955,0.854966611673112,5588.300000001953,0.8494602508119155
2023-02-22,5786.600000001863,0.8808714828499414,5931.40000000191,0.9046001282349035,5896.400000001908,0.8990643806427329
2023-02-23,6102.200000001862,0.9291463400736905,6196.000000001908,0.9451201065569113,6200.500000001906,0.9456546481646066
2023-02-24,-619.5999999981923,-0.10770729342177787,-525.7999999981457,-0.09160838082196097,-521.2999999981475,-0.09080499909688133
2023-02-27,586.0000000017626,0.10266427303395928,679.8000000018092,0.11937279805247097,684.3000000018073,0.12013705724613913
2023-02-28,-22.69999999817628,-0.0039722439714918395,71.10000000187028,0.012470294452006099,75.60000000186847,0.013256693480194353
2023-03-01,-1218.7999999981676,-0.21220309498066314,-1147.4999999980919,-0.2002020594906987,-1142.9999999980937,-0.19937425581100088
2023-03-02,-701.1999999981326,-0.12138755652583541,-630.3999999980861,-0.10935502417635502,-625.8999999980879,-0.10855146137760827
2023-03-03,2263.000000001821,0.3961614882816186,2333.8000000018965,0.40942381747966655,2338.3000000018947,0.41012525550040607
2023-03-06,3142.400000001793,0.5528317476879747,3213.2000000018397,0.5665047969640599,3217.700000001838,0.5671755306776048
2023-03-07,2254.9000000018223,0.39253827181023415,2325.700000001869,0.405713872165763,2330.200000001867,0.40641265183395536
2023-03-08,295.5000000018572,0.05126448365489846,366.300000001904,0.06367865017205013,370.80000000190216,0.06444729352782826
2023-03-09,-2276.399999998217,-0.4102673459888456,-2205.5999999981705,-0.3983857981718996,-2201.0999999981723,-0.3974815011721671
2023-03-10,-1332.7999999981232,-0.24475993170797128,-1295.9999999980773,-0.2383090746070841,-1291.4999999980791,-0.2374251108606238
2023-03-13,-3326.6999999980735,-0.6200356102521086,-3360.899999998028,-0.627191191783668,-3296.3999999980297,-0.6150421255584646
2023-03-14,-1348.2999999981162,-0.2529739806544487,-1473.4999999980703,-0.2769258909570843,-1369.999999998072,-0.25738773764545336
2023-03-15,-1600.6999999981467,-0.300254407882143,-1723.3999999980717,-0.32381064253302894,-1619.8999999980736,-0.30426049877777894
2023-03-16,1448.7000000018402,0.27054652256809786,1326.0000000019152,0.2480294634779732,1429.5000000019133,0.26731104568059055
2023-03-17,175.20000000187656,0.03252820912663851,97.00000000192244,0.018037752090715814,194.50000000193518,0.03615749580313792
2023-03-20,-5592.799999998051,-1.136932125155141,-5594.999999998005,-1.1405537971974373,-5497.499999998006,-1.1201649716570146
2023-03-21,-2629.8999999981015,-0.5532757804309092,-2632.099999997996,-0.5553936990633921,-2534.5999999979977,-0.5345857492848786
2023-03-22,-4277.799999998067,-0.912154682709397,-4279.999999997961,-0.9154269396028067,-4182.499999997963,-0.8941433529005924
2023-03-23,-926.399999998087,-0.19777293238615515,-928.5999999979813,-0.19885270460813165,-831.0999999979831,-0.17789884270507933
2023-03-24,-4699.899999998109,-1.0416653207360993,-4812.099999997974,-1.0686073732782853,-4659.599999997976,-1.0349231473091063
2023-03-27,-4622.899999998196,-1.0247478685758564,-4735.099999998061,-1.051659410532897,-4582.599999998063,-1.0179697826089769
2023-03-28,-5419.299999997979,-1.207454826700109,-5649.499999997815,-1.2614019259206048,-5433.999999997846,-1.2134130781073147
2023-03-29,-2349.299999998052,-0.5454778862773332,-2579.499999997888,-0.6002080699414569,-2363.999999997919,-0.5502069245782979
2023-03-30,-2953.799999998081,-0.6861397537062759,-3183.9999999979173,-0.7412184576168221,-2968.499999997948,-0.6912103447812844
2023-03-31,-2370.399999998065,-0.5467397338759918,-2600.5999999979013,-0.6011023048676966,-2385.099999997932,-0.5514317873112825
2023-04-03,-3048.4999999980055,-0.7050467897140298,-3210.1999999978416,-0.7436332013133296,-3020.6999999978725,-0.7000360241895028
2023-04-04,-3927.399999998007,-0.9052808295323387,-4036.099999997843,-0.931763733092771,-3846.599999997845,-0.8883643598512609
2023-04-05,-3190.0999999980404,-0.732636456654972,-3288.2999999978692,-0.7563250141777755,-3105.7999999978783,-0.7146490574619695
2023-04-06,1153.9000000018868,0.2774898473104541,1100.200000002109,0.2647600411863537,1263.2000000021071,0.30429688816417905
2023-04-07,764.3000000018374,0.18390272978643943,710.6000000020595,0.1711015175879978,873.6000000020576,0.21056196307694422
2023-04-10,889.6000000019421,0.21408971020519982,835.9000000021642,0.20130710862942788,998.9000000021624,0.24080620327933566
2023-04-11,2053.8000000018446,0.4954183577866556,2000.1000000020085,0.4827968839981741,2163.1000000020067,0.5226990246066479
2023-04-12,-528.7999999981103,-0.12728340259897225,-587.9999999979464,-0.14162001156989118,-424.9999999979482,-0.10245980953726747
2023-04-13,4412.700000001811,0.9959494744711955,4353.500000001974,0.9830599887084439,4516.500000001972,1.0208980549478681
2023-04-14,2014.8000000017796,0.4669656841166469,1955.6000000019435,0.4534885939104248,2118.6000000019417,0.4917691460059941
2023-04-17,-524.8999999982466,-0.12027946287699584,-584.0999999980827,-0.133919565339098,-421.0999999980845,-0.09663184175459705
2023-04-18,598.3000000018596,0.1380746190315647,486.10000000205264,0.11224571063163939,649.1000000020508,0.15002225311005532
2023-04-19,614.0000000018204,0.1416849653672343,501.80000000201335,0.11586042740638171,664.8000000020115,0.1536369186136394
2023-04-20,1913.500000001864,0.44451930910686993,1801.300000002028,0.41868445604858,1964.300000002026,0.45701892617785994
2023-04-21,190.1000000019135,0.044124568524760044,77.90000000207738,0.018092239008717637,240.90000000207556,0.05600024850297717
2023-04-24,-769.5999999980544,-0.1775306927721166,-881.7999999978905,-0.20353630290441144,-718.7999999978923,-0.1660575487953499
2023-04-25,-2047.1999999979948,-0.48827759872824955,-2159.399999997831,-0.5153894586854109,-1996.3999999978328,-0.4769075215467096
2023-04-26,-2106.0999999980254,-0.5020603995567188,-2466.099999997908,-0.5872899281248423,-2268.59999999791,-0.5408257429149885
2023-04-27,-307.29999999808797,-0.07006294920011463,-667.2999999979706,-0.1519812643538216,-469.79999999797246,-0.10711067844764113
2023-04-28,1056.4000000019673,0.24610419520386123,696.4000000020847,0.1620413144091265,893.9000000020828,0.20823422933673935
2023-05-01,1973.5000000019659,0.46262940296984517,1613.5000000020832,0.37774886347850645,1811.0000000020814,0.4244948389932209
2023-05-02,-1038.2999999979716,-0.25801603824469377,-1376.2999999978251,-0.3416139175928879,-1178.799999997827,-0.292942896655751
2023-05-03,-2817.3999999978682,-0.6935947397337846,-3155.399999997751,-0.7760386089582021,-2957.8999999977527,-0.7282591767894531
2023-05-04,-4749.999999997888,-1.1625414178103277,-5087.999999997771,-1.2442481074335354,-4890.499999997773,-1.1971298867974993
2023-05-05,-652.3999999979551,-0.15282116302124732,-990.3999999978378,-0.2317512441172712,-792.8999999978396,-0.18573751498091506
2023-05-08,-1863.199999997929,-0.4369456907616161,-2196.1999999978116,-0.5145587562165017,-1990.6999999978134,-0.4669180278157995
2023-05-09,-2450.699999998009,-0.5746091392542287,-2783.6999999978916,-0.652107031669575,-2578.1999999978934,-0.60460678500441
2023-05-10,-4998.699999997929,-1.1431318476841774,-5326.699999997812,-1.2174830216867198,-5121.199999997813,-1.1715647934528577
2023-05-11,-6307.499999997895,-1.4381879999718696,-6608.499999997749,-1.5065573452560366,-6429.999999997751,-1.4666902478800894
2023-05-12,-4928.4999999979245,-1.1325770160656772,-5278.999999997749,-1.2136854453231185,-5100.499999997751,-1.1733783686041248
2023-05-15,-5348.399999997875,-1.2276713969594777,-5702.8999999976995,-1.3096626775060054,-5524.399999997701,-1.2694395978981379
2023-05-16,-5347.799999997935,-1.2275354917723118,-5702.299999997759,-1.3095267711934444,-5523.799999997761,-1.2693035813938292
2023-05-17,-3621.9999999978736,-0.8425574724677808,-3976.499999997698,-0.9253477625160383,-3797.9999999977,-0.8844199344804136
2023-05-18,-2449.299999997964,-0.5632845669193405,-2803.7999999977883,-0.6449763481971973,-2625.29999999779,-0.604349091052409
2023-05-19,-2886.999999997968,-0.6624426624571819,-3241.499999997851,-0.7439988216051975,-3062.9999999978527,-0.7035205352994498
2023-05-22,-2882.6999999979143,-0.6614641470841406,-3237.199999997797,-0.7430207922227435,-3058.699999997799,-0.702541456491875
2023-05-23,-2151.0999999979595,-0.4942955239102525,-2505.599999997842,-0.5758889352819484,-2327.099999997844,-0.5352523972307502
2023-05-24,-24.499999998011617,-0.005644953683250109,-356.4999999979236,-0.08217393283380224,-177.99999999792544,-0.04106281549997754
2023-05-25,-3096.2999999980148,-0.7205234377502503,-3428.2999999979265,-0.7982972734228123,-3249.7999999979284,-0.7572717101730128
2023-05-26,-2178.199999998016,-0.4980573549531288,-2510.199999997928,-0.5742923382122508,-2331.69999999793,-0.5338398223692792
2023-05-29,-1997.5999999980102,-0.456911480151924,-2329.599999997893,-0.533141692646833,-2151.099999997895,-0.4926501820079451
2023-05-30,82.10000000207424,0.019264102322584332,-249.89999999780866,-0.058661800432249424,-71.39999999781048,-0.016774768133344213
2023-05-31,467.50000000206114,0.11026918190584754,135.50000000217824,0.03197310291240472,314.0000000021764,0.07415747000882762
2023-06-01,712.1000000020888,0.1675391085205352,380.1000000022059,0.08946172760281698,558.6000000022041,0.1315898597198732
2023-06-02,952.5000000020386,0.22551018158159714,595.0000000021269,0.1408218328288706,773.500000002125,0.18323290765223751
2023-06-05,936.9000000020037,0.221809101347286,650.4000000020919,0.15395606531081962,768.9000000020901,0.18214132996472085
2023-06-06,-817.3999999979192,-0.19203910719459263,-948.8999999978018,-0.22300049021622792,-915.8999999978037,-0.21529589504619606
2023-06-07,257.60000000210994,0.06028363317274988,126.10000000222726,0.029517826736863324,159.10000000222544,0.03725155397181303
2023-06-08,1699.200000002043,0.38058035012104846,1567.7000000021312,0.35119971511384096,1600.7000000021294,0.35867526096318514
2023-06-09,2294.8000000019615,0.517379824274024,2163.3000000020497,0.4878259942275908,2196.300000002048,0.4953854103281998
2023-06-12,5810.000000001959,1.283339935368608,5602.500000002017,1.236221335111978,5635.500000002015,1.243814111285508
2023-06-13,4701.7000000019925,1.033846400327842,4494.200000002051,0.9872469509955032,4527.200000002049,0.9947356461924759
2023-06-14,2379.600000001993,0.5050438345507687,2172.100000002052,0.46062172065328794,2205.1000000020504,0.4677182516752874
2023-06-15,1707.50000000198,0.3657098957671605,1500.000000002039,0.3210046493339972,1533.0000000020373,0.3281357503007612
2023-06-16,3492.000000001871,0.7511624804402319,3377.000000001901,0.7269212046680769,3355.000000001899,0.7218105592960478
2023-06-19,3643.6000000017966,0.7840142366186869,3528.6000000018266,0.7597856311412816,3506.600000001825,0.7546557684069086
2023-06-20,2345.8000000017864,0.5001043549852977,2348.8000000017873,0.5011188662645643,2263.8000000018146,0.4827166687302121
2023-06-21,2541.400000001843,0.5412752098062902,2512.400000001844,0.5355995003656302,2427.4000000018714,0.5171916734271829
2023-06-22,5310.700000001926,1.0972670328279333,5281.700000001927,1.0922211581865204,5196.700000001954,1.0740386511229605
2023-06-23,2638.800000001961,0.5419298287723716,2609.800000001962,0.5364401987595183,2524.8000000019892,0.5186999570380778
2023-06-26,1910.700000001999,0.3910131969056514,1881.7000000019998,0.3854124063276575,1796.700000002027,0.3678172969480741
2023-06-27,5461.0000000019145,1.082248198632358,5432.000000001915,1.0773586977612992,5347.000000001914,1.0599487383978217
2023-06-28,4635.700000001919,0.9201441983519917,4606.70000000192,0.9151222532980081,4521.700000001918,0.8977784517042243
2023-06-29,2552.200000001919,0.5092324418382267,2478.7000000018616,0.49525916422647526,2413.2000000018597,0.481813796404382
2023-06-30,4021.7000000019334,0.795651162172144,3948.200000001876,0.7821709805969763,3882.7000000018743,0.7686216208807012
2023-07-03,3828.500000001791,0.757170585044434,3755.0000000017335,0.7436440757071304,3689.5000000017317,0.7301296580488554
2023-07-04,3270.7000000019116,0.6472844216619759,3197.2000000019125,0.633604067636917,3131.7000000019107,0.620165602687704
2023-07-05,4818.300000001859,0.9625217332097921,4750.30000000186,0.9503149507232183,4684.800000001858,0.9364912413416688
2023-07-06,1355.6000000019053,0.2877744528716218,1287.6000000019062,0.27379889218915765,1222.1000000019044,0.2596559290523098
2023-07-07,892.7000000019402,0.18900964196566894,824.7000000019411,0.17490535485578118,759.2000000019393,0.16088233596439241
2023-07-10,1319.5000000018995,0.28121899104382325,1285.5000000019004,0.2745593346128934,1220.0000000018986,0.26035239603185295
2023-07-11,-105.69999999817037,-0.022300048031093755,-86.69999999819856,-0.018329592674458453,-152.19999999820038,-0.03215143241792031
2023-07-12,-1931.299999998169,-0.40405862579115065,-1912.299999998197,-0.400899834074746,-1977.799999998199,-0.4143135916329862
2023-07-13,-1319.9999999982388,-0.2750857239384636,-1300.9999999982088,-0.27167557557549843,-1366.4999999982106,-0.28513428565207344
2023-07-14,-687.7999999983217,-0.14386194380308812,-668.7999999982917,-0.14017371791480981,-734.2999999982935,-0.15378172204933604
2023-07-17,1590.400000001639,0.3314616262135479,1609.40000000164,0.3361045752501233,1543.900000001638,0.32216732831854983
2023-07-18,752.7000000017001,0.15807709999036684,771.700000001701,0.16240204272497857,706.2000000016992,0.14849829745761498
2023-07-19,918.4000000016681,0.19309752086223736,932.4000000016981,0.19644097165277632,881.4000000016963,0.18556242587068097
2023-07-20,-1548.1999999981922,-0.3395598731556955,-1552.1999999981622,-0.341213173832504,-1603.199999998164,-0.35215673718209306
2023-07-21,-1406.7999999980889,-0.3087742132649166,-1438.7999999980298,-0.3164781277872175,-1489.7999999980316,-0.3274466374979708
2023-07-24,-3181.6999999981194,-0.6859681317902311,-3213.6999999980603,-0.6943147705653868,-3264.699999998062,-0.7048272508539468
2023-07-25,-2189.1999999980103,-0.46980637976218237,-2243.1999999979803,-0.4823793595651709,-2294.199999997982,-0.4929912653804592
2023-07-26,-1241.0999999980118,-0.26855001157522407,-1295.0999999980108,-0.2808145034921977,-1346.0999999980127,-0.2916564516901346
2023-07-27,2422.9000000019805,0.5119723936548873,2368.9000000019814,0.5015316735739297,2317.9000000019796,0.4903709151492516
2023-07-28,1644.7000000021285,0.35462245340071047,1590.7000000021294,0.34367389730373427,1539.7000000021276,0.3324012795774809
2023-07-31,1234.7000000020776,0.2652619951825958,1175.7000000020785,0.25308730420471265,1116.7000000020766,0.24019325730205135
2023-08-01,885.3000000021563,0.18979202084446709,826.3000000021572,0.1774939258430452,767.3000000021553,0.16468898337518303
2023-08-02,4836.000000002023,1.044270302247378,4772.000000002024,1.0323462195575568,4713.000000002022,1.0187133057620772
2023-08-03,5190.5000000020445,1.1245773205364948,5099.500000002016,1.106562502411605,5067.5000000020145,1.0990085440734176
2023-08-04,2494.200000002056,0.5206181085712557,2487.700000001999,0.5199951273194777,2455.700000001997,0.5130495340034575
2023-08-07,2488.800000002011,0.5194746169179012,2486.300000001954,0.5196982248980272,2454.300000001952,0.5127528432124282
2023-08-08,3207.7000000019907,0.6693768397078792,3205.2000000019334,0.6698152395042429,3173.2000000019316,0.6627937447309502
2023-08-09,4237.8000000019165,0.8782202739227085,4201.800000001888,0.8723375519766,4181.3000000018865,0.8675281114581678
2023-08-10,2392.1000000020285,0.4987056764762718,2366.1000000020003,0.4942264488644807,2345.6000000019985,0.4896315123070253
2023-08-11,2309.2000000019543,0.48110828550361606,2283.2000000019843,0.47659801809106006,2262.7000000019825,0.47201768021191276
2023-08-14,3812.3000000019456,0.7889311542388278,3829.3000000019465,0.7935112858313018,3800.8000000019447,0.7871852861068189
2023-08-15,4934.60000000165,1.0134359656854015,4951.600000001651,1.018272935585338,4923.100000001649,1.0118745654041414
2023-08-16,3719.00000000171,0.7663243582651856,3736.0000000017108,0.7708500366971297,3707.500000001709,0.7645653445850115
2023-08-17,5187.400000001755,1.079593551108669,5204.400000001756,1.0846042517556864,5175.900000001754,1.0780753576127997
2023-08-18,3794.400000001777,0.8030267656060701,3806.4000000017777,0.8067149271595458,3783.400000001776,0.8013718993258132
2023-08-21,4221.900000001755,0.8932540376092392,4233.900000001756,0.8970702672386358,4210.900000001754,0.8916744921923455
2023-08-22,4712.000000001324,0.995625182106659,4724.000000001325,0.9995812912937934,4701.000000001323,0.9941314706821753
2023-08-23,8468.100000001301,1.7236939331703938,8480.100000001301,1.7284290871746177,8457.1000000013,1.7227786315005769
2023-08-24,13155.600000001126,2.3593371196047754,13167.600000001126,2.3639400750772808,13144.600000001124,2.358755389376039
2023-08-25,13931.000000001055,2.5235112879765422,13943.000000001055,2.5283624533831266,13920.000000001053,2.5230338274591637
2023-08-28,13137.500000001077,2.368186380753908,13149.500000001077,2.372834875036123,13126.500000001075,2.367614185963225
2023-08-29,16337.300000001022,2.9336738618183795,16285.300000000992,2.925283987730142,16308.80000000099,2.9296885966331914
2023-08-30,15152.100000001046,2.7196305368344107,15100.100000001017,2.711196428194643,15123.600000001015,2.715575788885958
2023-08-31,11708.500000001113,2.17212097621904,11656.500000001113,2.1632945142084457,11680.000000001111,2.1677678636516577
2023-09-01,12872.900000001137,2.3927087034426404,12820.900000001137,2.3839307790763544,12844.400000001135,2.3884334451225833
2023-09-04,10450.600000001119,1.97902383324741,10398.600000001119,1.9699737254919214,10422.100000001117,1.9745236091110792
2023-09-05,10951.900000001056,2.0806793865947735,10899.900000001056,2.0716360617566183,10923.400000001055,2.076209651347227
2023-09-06,14075.200000001067,2.758031631167194,14060.700000001096,2.7558651305159363,14059.700000001096,2.7561426501006063
2023-09-07,12866.800000001036,2.5240571779868683,12852.300000001065,2.521838449753021,12851.300000001065,2.522076979993589
2023-09-08,10446.20000000114,2.0181851443009236,10407.700000001198,2.0096413120550265,10443.700000001198,2.018211497749109
2023-09-11,10222.400000001217,1.9736307811082037,10162.400000001275,1.96080068530135,10198.400000001275,1.9693214385872861
2023-09-12,11881.800000001254,2.31477239270789,11821.800000001313,2.301559266129131,11857.80000000131,2.3104701179985097
2023-09-13,10838.500000001179,2.1091376904375605,10785.500000001295,2.096905787633408,10821.500000001293,2.1056215463396217
2023-09-14,6963.800000001145,1.3744796153734042,6956.300000001262,1.372628114449221,6964.300000001262,1.3747938777807627
2023-09-15,10671.90000000113,2.0905373536676928,10664.400000001246,2.088502851148186,10672.400000001246,2.0909588638990853
2023-09-18,10992.100000001126,2.158562893826857,10909.600000001185,2.1407244612659686,10917.600000001185,2.1432100214191494
2023-09-19,7953.200000001024,1.612000088146613,7870.700000001025,1.5940457191725286,7878.700000001023,1.596386192879704
2023-09-20,11046.800000000883,2.156904588462046,10964.300000000885,2.1391771083114293,10972.300000000883,2.141642762851072
2023-09-21,10775.800000000898,2.098545961020915,10735.8000000009,2.0901266335322233,10743.800000000898,2.0925638674758904
2023-09-22,7530.000000000961,1.4500534728077612,7490.000000000962,1.4419540518983913,7498.00000000096,1.4440822217303033
2023-09-25,8249.700000001052,1.5885327787778116,8172.200000001025,1.573354020065875,8210.200000001052,1.581168965506562
2023-09-26,10324.200000000712,1.9594152157029316,10246.700000000596,1.9443542710150195,10284.70000000071,1.9521857659372583
2023-09-27,9177.600000000743,1.7327131076106321,9103.100000000655,1.7184098237079488,9141.10000000077,1.7261156382969383
2023-09-28,7844.500000000787,1.4679562498055065,7767.500000000729,1.4533257495560572,7805.500000000844,1.4608679250102896
2023-09-29,8116.500000000691,1.5214261085306127,8039.500000000693,1.5067578382838336,8077.500000000808,1.5143315722956245
2023-10-02,8185.2000000007465,1.5354532492280344,8055.200000000777,1.509956622906484,8093.200000000892,1.5175328032693236
2023-10-03,11132.700000000703,2.0906481478010828,11002.700000000705,2.064601374632956,11040.70000000082,2.0723848349405345
2023-10-04,14692.400000000736,2.7420415733831742,14562.400000000736,2.7154810921471144,14600.400000000853,2.723466136293277
2023-10-05,13404.200000000754,2.5018168427436387,13274.200000000725,2.475515535145174,13312.200000000841,2.48340513334381
2023-10-06,14457.400000000787,2.6973072282730035,14257.900000000773,2.6586754403807666,14295.90000000089,2.6666373095388383
2023-10-09,12326.500000000771,2.3000379433718883,12127.000000000771,2.2617468519915063,12165.000000000888,2.2695540703057366
2023-10-10,11950.000000000684,2.230290099639934,11775.500000000684,2.1967552949861577,11792.0000000008,2.2004890174930885
2023-10-11,12594.300000000687,2.356084102590415,12434.30000000066,2.32518187355164,12436.300000000774,2.3260399915013936
2023-10-12,11150.3000000006,2.070193360360916,11008.30000000057,2.0430236154376002,11010.300000000687,2.043812984022714
2023-10-13,12778.500000000495,2.365600538471708,12662.000000000437,2.3434295019786475,12653.500000000553,2.3425400531035003
2023-10-16,15216.700000000506,2.864838987255885,15122.700000000477,2.8460513872479254,15114.200000000594,2.845301886074588
2023-10-17,14537.60000000042,2.7414707408776855,14443.60000000042,2.7227228952622236,14435.100000000537,2.7219388340175623
2023-10-18,12670.700000000332,2.33419380276649,12643.20000000039,2.331372731135514,12564.700000000506,2.3144025006147775
2023-10-19,9505.000000000422,1.7818376159541565,9500.500000000422,1.7831034116183893,9422.000000000538,1.7664591982486064
2023-10-20,7950.500000000336,1.5120632744622375,7946.000000000336,1.5130512824047757,7867.500000000451,1.496463975510189
2023-10-23,9477.400000000373,1.8108758966848455,9472.900000000373,1.8122433654370476,9394.400000000489,1.7952085651969276
2023-10-24,9579.10000000034,1.8316460458947414,9574.60000000034,1.8330416208580171,9496.100000000457,1.8159673597041812
2023-10-25,11345.900000000198,2.0872367466559045,11341.400000000198,2.088786100791425,11262.900000000314,2.072128991511993
2023-10-26,11591.800000000214,2.1352322879229257,11597.800000000221,2.13887274421393,11519.300000000338,2.122131272035651
2023-10-27,13356.500000000153,2.5299433311529156,13362.500000000153,2.534260219588274,13284.00000000027,2.516482030897497
2023-10-30,13661.800000000192,2.591802909353404,13611.800000000192,2.5849868990153824,13533.300000000309,2.567115508295525
2023-10-31,11443.900000000307,2.1349652491551376,11393.900000000307,2.1277954253706266,11315.400000000423,2.110830810851057
2023-11-01,11091.400000000322,2.0744877160121797,11035.400000000292,2.065986236352231,10961.400000000409,2.0499110819752575
2023-11-02,11198.100000000224,2.0957511855810393,11132.100000000195,2.08526015221123,11058.100000000311,2.0691517575300384
2023-11-03,12474.40000000027,2.342503039780196,12302.900000000242,2.3129033698665227,12272.400000000358,2.3044177507363006
2023-11-06,10980.400000000227,2.0696213712996867,10765.900000000227,2.0323815188406855,10743.400000000343,2.0255561502265635
2023-11-07,8938.000000000487,1.6878186120476497,8706.000000000487,1.646481420403115,8683.500000000604,1.6401423020990313
2023-11-08,8569.90000000043,1.615235619682519,8398.40000000046,1.585921018394563,8349.900000000576,1.5745121611860096
2023-11-09,8484.600000000282,1.5991240062976444,8313.10000000034,1.5697826481894606,8264.600000000457,1.55839801361198
2023-11-10,13794.500000000276,2.3054185439748425,13628.000000000276,2.280742116910313,13574.000000000393,2.2691156986633256
2023-11-13,12764.400000000402,2.1273971973550387,12597.900000000402,2.1025757225656743,12543.900000000518,2.0912031498599073
2023-11-14,12623.900000000722,2.10455316552151,12457.400000000722,2.0796993182093275,12403.400000000838,2.0683505296820863
2023-11-15,9976.100000000704,1.7072173498293317,9809.600000000704,1.6812854007155116,9755.60000000082,1.6700724704768923
2023-11-16,2773.600000000887,0.5280802959686841,2607.100000000887,0.4974050577648785,2553.1000000010026,0.48642373353351376
2023-11-17,3605.700000000864,0.689859409245826,3439.200000000864,0.6593631517538087,3385.2000000009793,0.6480927939579469
2023-11-20,6069.6000000008435,1.1561721959376867,5903.1000000008435,1.1266908741664285,5849.100000000959,1.1147982941551784
2023-11-21,4265.100000000865,0.825779241510968,4098.600000000865,0.7952082696168052,4044.600000000981,0.7835909318306618
2023-11-22,4068.4000000008828,0.7869282629883455,3919.4000000008828,0.7597763229657772,3865.4000000009983,0.7482225916009754
2023-11-23,4336.300000000848,0.8392439798858952,4187.300000000848,0.8121872421999269,4133.300000000963,0.8005482805883921
2023-11-24,3650.8000000008333,0.7073692874284964,3501.8000000008333,0.6800041656004113,3447.800000000949,0.6685467870277841
2023-11-27,3348.000000000845,0.64812285544708,3199.000000000845,0.6206538692084279,3145.0000000009604,0.6092949430172261
2023-11-28,3487.6000000008216,0.6754035856928791,3338.6000000008216,0.6479832525700138,3284.600000000937,0.6365794387456444
2023-11-29,3304.20000000082,0.6404451138223894,3117.700000000791,0.6057746446911213,3088.2000000009066,0.5990867385941273
2023-11-30,3626.5000000008376,0.7032812232726477,3365.5000000008667,0.6542349891482856,3366.0000000009823,0.653301133258009
2023-12-01,4104.100000000836,0.8012456396289247,3884.600000000778,0.7607494673093028,3848.1000000008935,0.7519353823579715
2023-12-04,4857.80000000087,0.948176126704469,4659.800000000811,0.9123963854354005,4623.300000000927,0.9032451350746757
2023-12-05,4019.200000000893,0.7840346381247953,3821.2000000008347,0.7477765417982472,3784.7000000009502,0.7389991348290141
2023-12-06,5602.800000000942,1.0888059610257919,5429.800000000826,1.0585942998036988,5393.3000000009415,1.0491653731868265
2023-12-07,8063.4000000006135,1.5769173891065755,7844.900000000497,1.5381222402984132,7836.400000000613,1.533611579611266
2023-12-08,5770.800000000621,1.1522112628641537,5552.300000000505,1.1116399583306826,5543.800000000621,1.1077994950252723
2023-12-11,6701.400000000547,1.3394909824099697,6557.900000000489,1.3149891825539197,6549.400000000605,1.3107447301678423
2023-12-12,6345.500000000662,1.2658803233371698,6202.000000000662,1.2411946087247072,6193.5000000007785,1.2371061394930112
2023-12-13,3503.9000000007873,0.728810268738166,3360.4000000007877,0.7014342174520385,3351.900000000903,0.6981972711503871
2023-12-14,4297.500000000786,0.8988280187465604,4111.500000000786,0.8625769296753864,4103.000000000902,0.8589748534983727
2023-12-15,6111.400000000693,1.3043147963716266,5925.400000000693,1.2685992494575584,5916.900000000809,1.263988764994674
2023-12-18,6084.800000000636,1.2987853800337996,5936.300000000665,1.2708757719828134,5897.800000000752,1.2600114447669921
2023-12-19,4099.900000000896,0.8929569063936335,3951.4000000010133,0.8633415273593489,3912.900000001012,0.8530932200747751
2023-12-20,5418.600000000806,1.1865989137938633,5267.1000000008935,1.1570329909053554,5228.600000000893,1.1460704900101033
2023-12-21,7205.700000000819,1.5950418113497526,7062.7000000008775,1.5683288563606845,7024.200000000877,1.5562822382171322
2023-12-22,7012.300000000876,1.549821970138622,6869.300000000876,1.5230087777257717,6830.800000000875,1.5110898022768517
2023-12-26,8852.60000000085,1.9704210959360526,8728.60000000082,1.9495032470805513,8690.10000000082,1.9364770732101935
2023-12-27,6769.900000000867,1.5229109690843594,6645.900000000868,1.5003492312435047,6607.400000000866,1.488205963044728
2023-12-28,4866.600000000821,1.1254144924863274,4739.100000000851,1.1001293607326854,4697.600000000849,1.0878543775143175
2023-12-29,5290.900000000831,1.2253905072234532,5163.400000000861,1.2004434213422115,5121.900000000859,1.187897639144926
2024-01-02,5799.400000000875,1.3346743426969545,5590.4000000008755,1.293526762500148,5624.400000000917,1.296855857245599
2024-01-03,6386.000000000691,1.476840504179133,6177.000000000699,1.4362629424459732,6211.000000000814,1.439089733979113
2024-01-04,5321.200000000725,1.2214533018619016,5087.200000000726,1.1740466377381527,5142.70000000084,1.1827290318253527
2024-01-05,5438.500000000757,1.2482610543658585,5195.000000000758,1.1988055204347194,5250.500000000872,1.2074029433809244
2024-01-08,11473.800000000738,2.3404458224543845,11230.300000000738,2.2999493012099044,11285.800000000854,2.305113197424718
2024-01-09,10572.60000000074,2.168338933732529,10331.60000000074,2.1275123175752046,10397.600000000857,2.1350367403323687
2024-01-10,10208.900000000758,2.095909791762387,9945.400000000729,2.050375187920868,10011.400000000845,2.0581114367204623
2024-01-11,9230.700000000717,1.8863990254514198,8967.20000000066,1.8402446574657763,9033.200000000776,1.8485442559597698
2024-01-12,10655.00000000075,2.231117474996173,10325.000000000691,2.167803277104018,10461.000000000808,2.1937019954916215
2024-01-15,11082.900000000627,2.3281962341846896,10729.900000000627,2.259550135523612,10865.900000000744,2.285429129560725
2024-01-16,10158.200000000666,2.129800726588947,9805.200000000666,2.060914418767303,9941.200000000781,2.0869417446306464
2024-01-17,9083.900000000729,1.9016111416567123,8730.900000000729,1.8323802053713059,8866.900000000845,1.8586034189778946
2024-01-18,9585.50000000072,2.0120562347866136,9232.50000000072,1.9428718383486863,9368.500000000837,1.9690448332449066
2024-01-19,6954.700000000921,1.5579584880896362,6601.700000000922,1.4834336963037893,6737.700000001037,1.511741961662012
2024-01-22,6256.900000000809,1.3923955332111866,5893.400000000803,1.3154823114366694,6029.400000000917,1.3438382223280982
2024-01-23,5968.600000000872,1.32354024373831,5751.900000000919,1.2818200241381514,5827.900000001034,1.2958470340252237
2024-01-24,4875.800000000847,1.0695181388950095,4734.1000000009235,1.0440647750639764,4810.100000001038,1.0584821218365086
2024-01-25,6499.700000000797,1.4553274281725792,6358.000000000845,1.431575602465138,6434.0000000009595,1.4453884134572839
2024-01-26,3698.8000000008033,0.8113295470838863,3596.6000000008507,0.7929233511553846,3656.6000000009653,0.8044747213929302
2024-01-29,5744.700000000819,1.2455267836850312,5642.500000000867,1.2293955019016158,5702.500000000981,1.2399735430258065
2024-01-30,6016.500000000706,1.3021917714443858,6019.8000000007605,1.3087063960326841,6036.300000000875,1.3098965680703751
2024-01-31,4630.900000000751,0.986258579894153,4572.700000000798,0.9768926314131391,4589.200000000913,0.9786838968517386
2024-02-01,7985.9000000007,1.6514160138148588,7945.200000000747,1.6480277919636601,7961.700000000862,1.6487127527957461
2024-02-02,8955.00000000075,1.8573016028388605,8853.800000000767,1.8410718274816729,8896.300000000883,1.8472021334504356
2024-02-05,8151.700000000812,1.684027132414362,8050.500000000793,1.667420638656118,8093.000000000917,1.673779649268809
2024-02-06,2500.5000000006403,0.6353254475409912,2399.3000000006878,0.6120934567405708,2441.8000000008024,0.621520573225454
2024-02-07,2975.1000000005806,0.7587216079580449,2873.900000000628,0.7359088069958458,2916.4000000007427,0.7450863474428602
2024-02-08,2004.8000000006214,0.5105123269611429,1903.600000000647,0.4867302166228289,1946.1000000007616,0.49645872049683126
2024-02-09,1975.4000000006636,0.5030831334988066,1928.20000000066,0.4929673344159487,1930.7000000007747,0.4925605799573734
2024-02-12,2985.9000000006345,0.7747031449276576,2938.7000000005655,0.7655172080761518,2941.20000000068,0.7644837702250115
2024-02-13,3560.9000000006563,0.9235546650444616,3513.7000000005874,0.9149611675323914,3516.200000000702,0.9136007372595684
2024-02-14,-320.29999999943584,-0.08079205713354307,-365.4999999995048,-0.09255339021441902,-362.9999999993902,-0.09172910862460164
2024-02-15,-1165.2999999996105,-0.2931121921900575,-1248.499999999563,-0.31514279778992815,-1224.4999999994484,-0.3085126792938268
2024-02-16,1539.000000000145,0.3752681228527394,1438.3000000001925,0.3517989663217056,1462.3000000003071,0.3570530140446672
2024-02-19,1430.2000000001567,0.34867332916337296,1329.5000000001896,0.325126946781326,1353.5000000003042,0.330425863180891
2024-02-20,1663.100000000209,0.40545896619366983,1605.4000000002566,0.3925691307396998,1629.4000000003712,0.39775216252650125
2024-02-21,1368.499999999956,0.33280619789540195,1310.8000000000034,0.3197294564947224,1334.800000000118,0.32502544200475203
2024-02-22,1661.199999999982,0.4040754554557293,1681.0000000000587,0.41005579806739867,1656.5000000001733,0.4034283190176067
2024-02-23,651.4999999999923,0.15839083315320795,671.300000000098,0.1636679341479151,646.8000000002125,0.1574417705398557
2024-02-26,-406.100000000028,-0.09800694736915211,-311.7999999999805,-0.07545819922695186,-366.2999999998659,-0.08850763615286243
2024-02-27,-514.7000000000263,-0.12397487469732815,-430.3999999999206,-0.10393714801194356,-484.899999999806,-0.11691434690249818
2024-02-28,-1414.9000000003073,-0.3410204877024611,-1330.6000000001432,-0.3215251311029432,-1385.1000000000286,-0.33417178996925007
2024-02-29,-1228.3000000004615,-0.29628370714579944,-1158.5000000002974,-0.2801532164462431,-1213.0000000001828,-0.2928731988727322
2024-03-01,-902.3000000004613,-0.21634593538672603,-832.5000000002974,-0.20010939458353394,-887.0000000001828,-0.21287882157047824
2024-03-04,-2355.4000000002275,-0.5689814312789442,-2285.600000000063,-0.5535094170597984,-2340.0999999999485,-0.5658258606796222
2024-03-05,-1437.9000000002636,-0.34548741690459117,-1394.1000000000413,-0.33590700956721004,-1434.5999999999267,-0.34507156443321557
2024-03-06,-2001.8000000004906,-0.4817122636600031,-1853.50000000021,-0.44730484219545547,-1949.5000000000955,-0.4696606461196668
2024-03-07,593.299999999457,0.1394025874261229,741.5999999997375,0.17473884853455685,645.5999999998521,0.15186021966744653
2024-03-08,461.29999999962433,0.10839717449229529,655.5999999999049,0.15448763312978284,559.6000000000195,0.1316418314506599
2024-03-11,-95.60000000036257,-0.022384385623970167,292.69999999994707,0.06884252121730199,90.70000000006166,0.021277964657468347
2024-03-12,97.89999999962288,0.0229194470915261,508.6999999999034,0.11962332165268748,306.700000000018,0.07193708710826223
2024-03-13,-312.8000000006362,-0.07333875726762949,97.99999999964433,0.02307889076817511,-104.00000000024107,-0.02442935015064895
2024-03-14,-1369.4000000005328,-0.3187526913011024,-960.1000000002523,-0.22443145905761552,-1162.1000000001377,-0.27097995101988887
2024-03-15,-1309.1000000006245,-0.3046121204322941,-899.800000000344,-0.21026411645611764,-1101.8000000002294,-0.2568312748535718
2024-03-18,-1266.3000000006507,-0.2945658160622759,-863.0000000003702,-0.20161332452280467,-1065.0000000002556,-0.24818975338271113
2024-03-19,-50.800000000781665,-0.011824119032691333,352.49999999949887,0.08240927351089634,150.49999999961346,0.03509573509233554
2024-03-20,-2022.1000000007336,-0.46778816336500645,-1670.300000000424,-0.38769701816545726,-1872.3000000003094,-0.43353915282732175
2024-03-21,-1528.7000000007613,-0.3541332475568742,-1176.9000000004226,-0.2735620379918957,-1378.900000000308,-0.3197360328067561
2024-03-22,-2694.300000000745,-0.6218010568835847,-2339.0000000004356,-0.5415659065249179,-2538.000000000321,-0.5862458383065317
2024-03-25,-3556.700000000703,-0.8175829355613888,-3201.4000000003934,-0.7382447113915173,-3400.400000000279,-0.7823151008682004
2024-03-26,-4724.800000000781,-1.0992758651482748,-4218.5000000004575,-0.9820244332673603,-4493.0000000003865,-1.044811520244808
2024-03-27,-4364.700000000514,-1.0154602150629979,-3858.4000000001824,-0.8982020429684491,-4132.900000000184,-0.9610580203185659
2024-03-28,-3445.600000000501,-0.8060575719530181,-2939.300000000162,-0.6880990337735058,-3213.800000000164,-0.7514918812294802
2024-04-01,-4999.200000000506,-1.1577646547956366,-4492.900000000168,-1.0410515061273864,-4767.40000000017,-1.1035085451544522
2024-04-02,-10073.100000000493,-2.842034988725731,-9566.800000000097,-2.6990402886871587,-9841.300000000097,-2.773448613378025
2024-04-03,-10657.90000000051,-3.0140806806672322,-10151.600000000115,-2.870466765938812,-10426.100000000115,-2.9449993416792686
2024-04-04,-7629.100000000522,-1.947627385129875,-7122.800000000127,-1.8188855048917043,-7397.300000000127,-1.8869573296682098
2024-04-05,-5070.100000000486,-1.2642705378881298,-4556.300000000089,-1.1365872320760928,-4830.800000000091,-1.2036171562010434
2024-04-08,-5321.000000000473,-1.3227914988273186,-4807.200000000076,-1.1954799785424102,-5081.700000000078,-1.2622594755726257
2024-04-09,-5269.300000000425,-1.310138349193234,-4739.000000000028,-1.1787569945391074,-5013.50000000003,-1.2455634722271902
2024-04-10,-5600.70000000047,-1.388701071672508,-5070.400000000073,-1.2576567268790388,-5344.900000000075,-1.3242177362904959
2024-04-11,-4666.400000000562,-1.1563936194422268,-4136.100000000165,-1.0254662896190578,-4410.600000000167,-1.0921966061012496
2024-04-12,-3934.3000000008324,-0.9714155967228005,-3404.0000000004356,-0.840957029230829,-3678.5000000004375,-0.9076326243538835
2024-04-15,-2108.60000000085,-0.4951477983545014,-1578.300000000453,-0.3708915799256005,-1852.800000000455,-0.4348550120620299
2024-04-16,-2408.9000000007873,-0.5631039061628013,-1878.600000000405,-0.4394431680826753,-2153.100000000407,-0.5030416418290105
2024-04-17,-240.7000000007099,-0.05620895563941792,142.7999999996399,0.033313718826996096,-71.7000000003618,-0.01671713439127117
2024-04-18,263.19999999937886,0.06189680865464111,627.6999999996488,0.14742427086599505,413.19999999964693,0.09698654402992676
2024-04-19,2203.799999999428,0.5079168153861622,2595.79999999972,0.5972353716264859,2381.2999999997182,0.5475128461178971
2024-04-22,2540.999999999396,0.5902682807944888,2932.999999999688,0.6801604014469226,2718.4999999996644,0.6299746107766213
2024-04-23,3090.699999999357,0.708741334116348,3482.6999999996483,0.7973339626672598,3268.1999999996474,0.7476944819955571
2024-04-24,2494.9999999994034,0.5741113691339259,2854.499999999746,0.6557633414180036,2645.999999999745,0.6074413662159255
2024-04-25,8330.899999999427,1.7672320391645313,8712.399999999776,1.8517658506786847,8503.899999999776,1.8059712472418266
2024-04-26,5272.099999999438,1.1561029421616011,5653.5999999997875,1.2420641730964948,5445.0999999997875,1.1953602041238034
2024-04-29,4368.599999999526,0.9559660618680332,4750.099999999875,1.0413017913920237,4541.599999999875,0.994887509283598
2024-04-30,8449.79999999926,1.7521766186820007,8831.299999999617,1.8347142717402556,8622.79999999961,1.7899895946254796
2024-05-01,6279.199999999473,1.2724234767018423,6666.1999999998225,1.3532311383293567,6457.6999999998225,1.3100199086463222
2024-05-02,6854.499999999418,1.3892984881590413,7241.499999999768,1.470384842559458,7032.999999999767,1.4270549094437612
2024-05-03,6695.999999999418,1.3556067826961578,7086.499999999789,1.43727178872893,6864.499999999789,1.3911339794849793
2024-05-06,6255.599999999395,1.2661011810522445,6592.099999999795,1.33672404658116,6410.099999999795,1.2987047603972044
2024-05-07,6725.599999999482,1.3642623466724415,7062.099999999948,1.4352724964549057,6880.099999999948,1.3970599267904547
2024-05-08,6694.999999999505,1.358160245275543,7031.499999999971,1.429161929513017,6849.49999999997,1.3909530069812035
2024-05-09,8325.699999999633,1.736941216611153,8660.200000000099,1.8104742949881851,8478.200000000099,1.770694247802733
2024-05-10,8009.499999999658,1.6657386316251912,8382.000000000007,1.7473339308801072,8178.500000000007,1.7029575271259898
2024-05-13,5468.99999999992,1.1606734473913716,5844.00000000027,1.2431189579891748,5640.500000000269,1.1985118739808265
2024-05-14,6179.899999999958,1.3104343769999702,6554.9000000003225,1.3932198838582017,6351.400000000322,1.3484493885086382
2024-05-15,5756.699999999932,1.2197218034429682,6088.700000000282,1.293090892627797,5885.200000000281,1.248491419818699
2024-05-16,6249.200000000164,1.328094468129545,6581.200000000515,1.4019939167943463,6377.700000000514,1.3571069392410775
2024-05-17,5723.700000000209,1.2147221419604204,5906.700000000529,1.2560373863843473,5779.200000000557,1.2277276231773437
2024-05-20,6350.900000000198,1.3506831670715758,6533.90000000049,1.3923904626642674,6406.400000000518,1.3638640720322979
2024-05-21,8139.1000000002605,1.7392716021144867,8322.100000000552,1.7820872270898211,8194.60000000058,1.7529510059592026
2024-05-22,9253.100000000275,2.000167448607077,9446.100000000566,2.046672414549578,9318.600000000624,2.016832893473903
2024-05-23,11644.200000000565,2.4768012762780387,11837.200000000797,2.5237808362326883,11709.700000000856,2.4938063207021606
2024-05-24,13488.100000000617,2.8416923114734365,13695.60000000085,2.892469852169751,13568.100000000908,2.8622775161013014
2024-05-27,12292.000000000662,2.6114910860470903,12499.500000000895,2.6620634102895746,12372.000000000953,2.631929992001136
2024-05-28,12211.100000000617,2.5928533609876525,12418.60000000085,2.6433401082377745,12291.10000000085,2.6132514309679933
2024-05-29,11453.400000000664,2.4373584479104697,11686.900000000838,2.4926117496867555,11545.400000000838,2.4599256913841843
2024-05-30,11021.600000000893,2.3397118270688564,11151.10000000101,2.371754102975315,11065.10000000101,2.3514326205542178
2024-05-31,11898.200000001023,2.474150068720978,12055.20000000114,2.5095518355955986,11969.20000000114,2.48955641833245
2024-06-03,12279.4000000007,2.553606375175407,12390.400000000816,2.5793102549218796,12304.400000000816,2.559243548360401
2024-06-04,11960.300000000723,2.478013936523827,11991.80000000084,2.486328496663089,11957.30000000084,2.4776677373624447
2024-06-05,13081.20000000074,2.6943634002260235,13090.200000000885,2.698119266689448,13055.700000000885,2.6893734183171722
2024-06-06,12806.20000000103,2.635576751839505,12793.200000001205,2.634496098883263,12739.200000001205,2.621551622537621
2024-06-07,12055.000000001055,2.4501479997762,12156.500000001259,2.4777817658671406,12047.000000001259,2.4511711592143364
2024-06-10,11468.900000001253,2.3303842710138105,11570.400000001486,2.3576456700278072,11460.900000001486,2.331278739927528
2024-06-11,10221.200000001314,2.0697311283246576,10322.700000001547,2.0961008322904315,10213.200000001547,2.070337186388796
2024-06-12,9524.800000001458,1.929335398910112,9626.300000001691,1.9553015622623748,9516.800000001691,1.9297929425971794
2024-06-13,10254.200000001285,2.0929334274815723,10407.200000001489,2.1317725178730065,10297.700000001489,2.105687429541392
2024-06-14,10222.500000001353,2.08634029376682,10375.500000001528,2.1251512684342817,10266.000000001528,2.0990806695474227
2024-06-17,11071.600000001337,2.2717493287657606,11291.600000001541,2.3256076139880637,11149.100000001541,2.292077837417224
2024-06-18,11321.400000001297,2.328363531200897,11541.4000000015,2.3826033423953907,11398.9000000015,2.3488671420807505
2024-06-19,11193.100000001308,2.301652609916965,11413.100000001512,2.355770841601975,11270.600000001512,2.322096723584467
2024-06-20,12945.20000000114,2.625164167675754,13165.200000001314,2.679773035612618,13022.700000001314,2.645935423887484
2024-06-21,12339.200000001023,2.4936494071586814,12559.200000001198,2.5474894487577187,12416.700000001198,2.514061981730894
2024-06-24,13077.800000001058,2.66608466285306,13297.800000001233,2.7212053320754865,13155.300000001233,2.687076818435882
2024-06-25,14686.300000000869,2.975471701726626,14906.300000000985,3.0315230117700644,14763.800000000985,2.9969554050873413
2024-06-26,14857.600000000843,3.0123242092284896,15077.600000000959,3.068583504715993,14935.100000000959,3.033905453278512
2024-06-27,11133.500000000895,2.3668290767307507,11353.500000001011,2.4233558879279027,11211.000000001011,2.3882578505922725
2024-06-28,8822.400000000896,1.8971307564993451,9034.900000001013,1.9509450081005253,8892.400000001013,1.9164481754562088
2024-07-01,9722.50000000088,2.1061698192727887,9869.500000000997,2.1466454917764435,9727.000000000997,2.111438355542274
2024-07-02,10931.0000000008,2.3623586795516642,11061.500000000917,2.4000511531601445,10919.000000000915,2.364361597885157
2024-07-03,12490.600000000799,2.7103904554209914,12621.100000000915,2.7497759387656813,12478.600000000915,2.7130941216705855
2024-07-04,12093.5000000008,2.6244403997311383,12224.000000000917,2.6634562584975425,12081.500000000917,2.6269786224539327
2024-07-05,12714.700000001088,2.7449946788300945,12845.200000001205,2.784276597089754,12702.700000001205,2.747723373063429
2024-07-08,9397.000000001164,2.107399585713076,9564.00000000128,2.1545508941733025,9421.50000000128,2.1179346483509227
2024-07-09,10367.600000001177,2.3531676635969014,10534.600000001308,2.4022314877843,10392.100000001308,2.3645046776357423
2024-07-10,9322.400000001086,2.1273574202253718,9489.400000001202,2.175602568339339,9346.900000001202,2.1382167420268643
2024-07-11,13868.800000000687,2.954970219084908,14035.800000000854,3.0031655072936534,13893.300000000854,2.9666223100464753
2024-07-12,13297.400000000649,2.856116575302404,13436.900000000824,2.8998121480679098,13294.400000000824,2.863161907125304
2024-07-15,14845.100000000588,3.248421027951743,14984.600000000763,3.295283352479891,14842.100000000784,3.25684071469543
2024-07-16,12268.600000000632,2.7366913942702635,12408.100000000806,2.7819404429016648,12265.600000000804,2.743973267306565
2024-07-17,14779.50000000064,3.1804779034767847,14951.500000000759,3.2330622824774733,14803.000000000755,3.1941997454734405
2024-07-18,9215.800000000614,2.1518165370684117,9448.800000000732,2.214619596194816,9300.300000000729,2.1748074825754213
2024-07-19,8059.900000000591,1.8490739120861361,8292.900000000709,1.9094090873195797,8144.400000000705,1.871129107706556
2024-07-22,9102.600000000355,2.0936703162480246,9335.600000000473,2.155181383471484,9187.10000000047,2.116180562867127
2024-07-23,4785.500000000655,1.1725233491518896,5018.500000000772,1.2344585529935588,4870.000000000769,1.1950919124623152
2024-07-24,10133.000000000568,2.3840304235387637,10360.500000000684,2.4467006380456744,10212.000000000682,2.4059355082360483
2024-07-25,6210.100000000632,1.3434723909848076,6465.100000000749,1.4044442128968988,6316.600000000746,1.3695913129968051
2024-07-26,6497.40000000062,1.4086645559904702,6748.900000000737,1.4692640052485861,6613.9000000007345,1.4373095194357588
2024-07-29,4352.600000000617,0.914279816458381,4682.100000000734,0.9891878522068186,4458.600000000732,0.9383262144776608
2024-07-30,4962.400000000649,1.041735028711046,5291.900000000766,1.1173711850814723,5068.400000000764,1.0660199904072876
2024-07-31,6179.600000000748,1.282909563031644,6509.100000000865,1.3591013663125147,6285.600000000863,1.3073831975699608
2024-08-01,13220.900000000765,2.3318056979019333,13550.400000000882,2.400540835603589,13326.90000000088,2.353927925774986
2024-08-02,10242.500000000931,1.7077715997673084,10572.000000001048,1.769509449069355,10348.500000001046,1.7276315605305377
2024-08-05,15452.300000000847,2.4142887710014516,15318.300000000963,2.430750582060424,15325.300000000962,2.4118370658195505
2024-08-06,11131.60000000082,1.6636143970356048,10997.600000000937,1.6671288532508903,11004.600000000935,1.6556362524732702
2024-08-07,9873.10000000082,1.4647080022415226,9739.100000000937,1.4652362250866162,9746.100000000935,1.4554175618149803
2024-08-08,15726.300000000803,2.170278412007847,15592.30000000092,2.1778764175373353,15599.300000000918,2.1649152128112696
2024-08-09,15452.200000000827,2.130292367886954,15389.700000000943,2.1478591797353244,15369.200000000912,2.1311008803127676
2024-08-12,14327.500000000844,1.968071902546774,14265.00000000096,1.9835009387126077,14244.50000000093,1.967915716017194
2024-08-13,15689.200000000812,2.139169055230423,15634.700000000928,2.1573076240225504,15622.700000000897,2.1418404776421887
2024-08-14,15115.200000000827,2.0568520162757093,15060.700000000943,2.0739246217140113,15048.700000000883,2.059048961649411
2024-08-15,13054.300000000789,1.7881750512463914,12900.30000000089,1.7882054832900218,12950.80000000083,1.7837922215140332
2024-08-16,11716.000000000917,1.6120658598533744,11562.000000001004,1.610095377061605,11612.500000000944,1.6067439583782506
2024-08-19,11038.400000000896,1.5175820828421667,10884.400000001013,1.5144698729421677,10934.900000000953,1.5117388056510197
2024-08-20,11245.40000000097,1.5468488160250107,11091.400000001086,1.5440943761097443,11141.900000001084,1.5411677826547863
2024-08-21,10687.100000000952,1.4686391350847894,10533.100000001068,1.4649362126595329,10583.600000001066,1.4625260379398024
2024-08-22,13240.400000000795,1.8083967860245893,13085.900000000911,1.8085284729958402,13136.40000000091,1.8040345932760224
2024-08-23,9683.000000000786,1.3412921500700317,9531.000000000902,1.3370732282487678,9581.5000000009,1.3353890416749843
2024-08-26,9888.000000000757,1.3692806684793288,9736.000000000873,1.3654112022772567,9786.500000000871,1.3635465516114498
2024-08-27,9944.20000000071,1.3774988721377792,9677.700000000797,1.3568014366407994,9782.700000000796,1.3629883811369288
2024-08-28,10623.100000000733,1.4648814935157601,10356.60000000082,1.4452309396268554,10461.600000000819,1.450891161128606
2024-08-29,12239.20000000074,1.6826390833920253,11994.700000000797,1.6686637909992321,12119.200000000796,1.6757516038115816
2024-08-30,13324.500000000684,1.8454827358198478,12967.000000000713,1.8157191486133641,13147.000000000711,1.8305504423743666
2024-09-02,13072.10000000069,1.8094852724339752,12714.60000000069,1.7793446442592156,12894.600000000688,1.7943716920356911
2024-09-03,18936.40000000065,2.492614530204747,18578.90000000065,2.469456744967723,18758.90000000065,2.480888562937991
2024-09-04,18543.200000000623,2.438260227461067,18095.700000000623,2.4018361432078965,18275.700000000623,2.413592433795176
2024-09-05,16580.40000000094,2.1488656312413554,16142.900000000926,2.11167390580327,16322.900000000924,2.124791430411458
2024-09-06,18756.20000000087,2.4145894930982226,18318.70000000087,2.379806919669758,18498.70000000087,2.3916766360033073
2024-09-09,20684.700000000943,2.6502404376680984,20180.200000000914,2.6086138811763937,20393.200000000914,2.6238069851518997
2024-09-10,18341.70000000103,2.3056365489917163,17837.200000001,2.2615918860908555,18050.200000001,2.2782152700174354
2024-09-11,17821.400000000984,2.2378040598091187,17316.900000000955,2.193238674803683,17529.900000000955,2.2101489786341184
2024-09-12,13398.200000001118,1.6653737398421014,12893.700000001118,1.6164562858948317,13106.700000001116,1.6357618640363354
2024-09-13,14176.500000001193,1.764722273287501,13610.000000001193,1.708723660705169,13823.000000001191,1.7276464249119847
2024-09-16,13353.900000000926,1.6559756199011195,12787.400000000926,1.599258672451036,13000.400000000924,1.618610266775205
2024-09-17,11168.50000000096,1.38637557382576,10602.00000000096,1.327412977497785,10815.000000000959,1.3479596965431668
2024-09-18,9456.800000001036,1.1656318689089153,8703.300000001094,1.0804091021486537,9136.800000001092,1.1310228838356373
2024-09-19,13257.500000001019,1.6055007198622286,12504.000000001077,1.5244122879555488,12937.500000001075,1.5731240532506705
2024-09-20,12619.20000000106,1.5244876253090787,11865.700000001118,1.4430730704498362,12299.200000001116,1.491864408402837
2024-09-23,12039.700000001088,1.4526441180937548,11442.700000001205,1.3903794142588008,11876.200000001203,1.439253108823501
2024-09-24,10012.600000001112,1.2059310328960327,9415.600000001228,1.1421027531032613,9849.100000001226,1.1914888074689636
2024-09-25,8765.30000000108,1.0555457875479977,8168.300000001196,0.9906991925236835,8601.800000001194,1.0404521165556437
2024-09-26,10127.20000000103,1.216365550016071,9530.200000001147,1.1527614465503246,9963.700000001145,1.2019933962039768
2024-09-27,9207.200000000827,1.1081153976442795,8613.700000001001,1.0440842256299216,9028.700000001,1.091452947632108
2024-09-30,6758.400000000838,0.8007465834861659,6128.400000000955,0.7311311263583145,6543.400000000953,0.7785677494032545
2024-10-01,9479.200000000594,1.1141738502941747,8849.20000000071,1.0471101088803199,9264.200000000708,1.093420808773897
2024-10-02,7850.700000000565,0.918238775339258,7082.200000000739,0.8332258979889685,7601.700000000679,0.8926107167452739
2024-10-03,3875.7000000008848,0.4635840406223511,3107.2000000010594,0.37401574617070565,3626.7000000009994,0.43560968845006925
2024-10-04,1947.0000000008731,0.23319647681107797,1178.5000000010477,0.142060412119859,1698.0000000009877,0.2042294204450409
2024-10-07,2466.8000000008906,0.29536069586099634,1698.3000000010652,0.20464855543076932,2217.800000001005,0.26666209722237666
2024-10-08,5495.600000000777,0.6510902156175572,4727.10000000101,0.5634818486113935,5246.600000000892,0.6241187123645564
2024-10-09,3120.8000000008906,0.3741487377924831,2352.300000001123,0.28381866359354124,2871.800000001005,0.3457428967481608
2024-10-10,3922.70000000087,0.4716488466421962,3132.7000000011026,0.37903196731755573,3652.200000000985,0.44092780568497
2024-10-11,4708.700000001045,0.5681704202380363,3918.7000000012777,0.47582414525192324,4438.200000001159,0.5377383359833796
2024-10-14,5345.800000001196,0.644025218038972,4555.800000001429,0.5522809220585535,5075.300000001311,0.6139433885039242
2024-10-15,8040.40000000094,0.9662154604939144,7250.400000001187,0.8765875538889403,7769.900000001069,0.9374770371255001
2024-10-16,3225.8000000008033,0.393249607049746,2435.8000000012107,0.29887330019603314,2955.3000000010925,0.361798426346131
2024-10-17,7279.300000000556,0.909197694418297,6461.800000000905,0.8121231989377578,6981.300000000787,0.875455054658448
2024-10-18,7865.200000000608,0.982911967764317,7047.7000000009575,0.8862201915539678,7567.200000000839,0.9494366287807691
2024-10-21,10375.50000000064,1.3118617453360604,9480.00000000099,1.2051993813678137,10088.000000000871,1.280779097370133
2024-10-22,9980.30000000057,1.2621036900655682,9084.800000000934,1.1551786781932338,9692.800000000816,1.2308202330855047
2024-10-23,10222.000000000437,1.2908341988217273,9326.500000000844,1.1841936368385164,9934.500000000726,1.2597009797899847
2024-10-24,2875.800000000221,0.39231894876485346,1980.3000000007016,0.2720174923104807,2588.3000000005686,0.35485554518152673
2024-10-25,7050.300000000192,0.9989652106384931,6154.800000000658,0.8783050069478865,6762.8000000005395,0.9632826900276421
2024-10-28,1715.4000000001543,0.25716823984439047,1280.9000000005908,0.19144100674017422,1658.400000000502,0.24866146585631968
2024-10-29,6745.899999999892,1.049793953862341,6413.2000000004045,0.9937993862920255,6710.400000000241,1.0442603191412754
2024-10-30,8773.899999999616,1.3762234870766272,8441.200000000128,1.3182634601298853,8738.399999999963,1.370633175600181
2024-10-31,2593.199999999706,0.44928964802074056,2260.0000000002474,0.38957508700581506,2581.7000000000826,0.4473453522822035
2024-11-01,2593.7999999996973,0.44939501812900334,2260.6000000001804,0.3896797201029063,2582.3000000000447,0.44745072738585484
2024-11-04,1829.699999999808,0.31450758741555873,1496.500000000262,0.25595749852037164,1818.2000000001262,0.31256429648281214
2024-11-05,1669.6999999996617,0.28767266960021814,1328.5000000000578,0.22777531949799035,1641.7000000000094,0.28295000809373044
2024-11-06,2371.799999999638,0.40962370676571147,2030.6000000000345,0.34897456753189515,2343.799999999986,0.40493288631447666
2024-11-07,3350.7999999995654,0.5772519178176314,3109.0999999999763,0.5330461210094403,3359.799999999928,0.5790313495411228
2024-11-08,2895.59999999951,0.4988196798188336,2653.8999999999355,0.454997034172702,2904.599999999887,0.5005677845259757
2024-11-11,3221.399999999324,0.5553378952370177,2959.6999999997784,0.5077654987798655,3240.39999999973,0.558840052579987
2024-11-12,2339.699999999385,0.4014378113498173,2077.9999999998395,0.3548443799436851,2358.699999999791,0.4048596809681334
2024-11-13,1764.2999999992307,0.3017307585798554,1502.5999999997434,0.2557677505949377,1783.299999999695,0.3051009739646564
2024-11-14,-90.4000000007079,-0.015680724091988694,-253.10000000019542,-0.04368663654709365,11.599999999756193,0.002012706338989239
2024-11-15,1819.999999999228,0.31474254437711413,1612.2999999997696,0.27744097379618354,1879.4999999997212,0.32511425840493524
2024-11-18,692.8999999994987,0.11982122219600382,485.2000000000403,0.08349049065962699,752.3999999999919,0.13014217688697569
2024-11-19,3352.1999999995596,0.5766142309882,3144.5000000000723,0.5382131393224625,3411.7000000000817,0.5870018282688642
2024-11-20,922.7999999994636,0.16071650311400554,715.0999999999763,0.12391947874453797,982.3000000000441,0.1711218146895188
2024-11-21,-2219.40000000065,-0.3851674046371637,-2427.1000000001372,-0.4191514344615224,-2159.9000000000697,-0.3749257731679028
2024-11-22,-2119.800000000644,-0.3680535517640304,-2327.5000000001314,-0.40213520823763665,-2060.300000000064,-0.3578035934200758
2024-11-25,-1289.8000000008042,-0.2238796252519384,-1497.500000000277,-0.25865299471228,-1230.3000000002237,-0.21360129712849774
2024-11-26,-6960.1000000007925,-1.34797099446587,-7167.800000000279,-1.3799539548727968,-6900.600000000212,-1.3367649719567594
2024-11-27,-5491.700000000842,-1.0592469674616611,-5609.400000000329,-1.0759428338488584,-5342.200000000262,-1.0310735860537248
2024-11-28,-2875.5000000010195,-0.5695458598955432,-3003.200000000492,-0.5911958720404963,-2736.0000000004247,-0.5421912988075102
2024-11-29,-4460.4000000009555,-0.9029068335636475,-4588.100000000442,-0.9228480475957204,-4320.900000000375,-0.8751014871876482
2024-12-02,-5716.300000001037,-1.1773543005663225,-5844.000000000524,-1.1957634020500656,-5576.800000000457,-1.149176805770381
2024-12-03,-2775.2000000011185,-0.597277185756316,-2902.9000000006054,-0.6202487339395064,-2635.7000000005382,-0.5675966889549929
2024-12-04,-2414.600000001011,-0.5202598752709185,-2542.3000000004977,-0.5438051327795915,-2275.1000000004306,-0.49050400626036406
2024-12-05,134.19999999903587,0.030025037733523156,6.499999999549004,0.0014428211072905635,273.6999999996161,0.06128086803728905
2024-12-06,1880.39999999896,0.4123437526699177,1814.6999999994732,0.3948952280540954,2081.8999999995403,0.4568582031775514
2024-12-09,4015.9999999991696,0.8897110105251017,3950.2999999996828,0.8683062695004261,4217.49999999975,0.9351177015379548
2024-12-10,4699.299999999362,1.0452994408984537,4654.099999999875,1.0271056166968864,4913.299999999942,1.0938600799752434
2024-12-11,9263.199999999328,2.0203075261979486,9404.999999999782,2.044539383577186,9443.699999999848,2.0602553026561172
2024-12-12,5574.399999999266,1.295701205774087,5716.199999999721,1.3235889958777411,5754.899999999788,1.3378902375953734
2024-12-13,5850.399999999383,1.3654706391024323,5992.199999999837,1.3931956694277916,6030.899999999905,1.4078626563599086
2024-12-16,8610.599999999366,1.9700860061040175,8661.399999999761,1.972746607189975,8700.09999999983,1.9892908778301186
2024-12-17,9185.199999999182,2.1160698832139806,9235.999999999578,2.1180308273496005,9274.699999999646,2.1353273614965924
2024-12-18,10715.899999999237,2.4639641205300196,10865.199999999633,2.484152859995279,10836.899999999701,2.4894107455520205
2024-12-19,8588.799999999188,1.9836480939598078,8752.599999999584,2.010127358630053,8724.299999999652,2.013224078887694
2024-12-20,15469.299999999275,2.7942252210656595,15629.599999999613,2.813871768846829,15619.799999999681,2.8202615553947825
2024-12-23,15370.699999999095,2.769410138029932,15614.499999999374,2.810083509210028,15604.69999999944,2.816456816021592
2024-12-24,14016.599999999307,2.5651868024797992,14260.399999999587,2.60657533825175,14250.599999999653,2.61257526325289
2024-12-26,13489.499999999287,2.447172905990155,13871.799999999508,2.518630526314006,13757.499999999633,2.5012814916317283
2024-12-27,14982.999999999083,2.7089765509720114,15365.299999999304,2.7806138566457967,15250.999999999429,2.7636029448807795
2024-12-30,14815.399999998801,2.6749536232102473,15197.699999999022,2.7464339277242167,15083.399999999147,2.7294032517660543
2024-12-31,13991.299999998722,2.5232028990909456,14421.599999998944,2.603577617606819,14307.299999999068,2.586401012654334
2025-01-02,10322.699999998977,1.8924944181973586,10745.499999999141,1.9716051227746365,10631.199999999324,1.9534428850299785
2025-01-03,11739.699999998933,2.131205217684324,11966.499999999127,2.1792520703674727,11967.69999999931,2.1796510361846546
2025-01-06,12282.599999998913,2.2346258261302308,12509.399999999107,2.2831594074651487,12510.59999999929,2.283568495944022
2025-01-07,15600.599999998447,2.7937628303846185,15827.399999998612,2.843428900839185,15828.599999998794,2.8438752961523597
2025-01-08,11309.49999999847,1.9451897315430031,11523.299999998635,1.9869368573358674,11530.999999998803,1.9887270335828762
2025-01-09,9260.299999998735,1.6052600733365223,9474.099999998885,1.646421345926931,9481.799999999068,1.6481456130054024
2025-01-10,9832.099999998913,1.7140061084819342,10045.899999998903,1.7557248002216093,10053.599999999085,1.7574879555216507
2025-01-13,10076.299999999172,1.7551686338442258,10290.09999999922,1.7969661256681597,10297.799999999403,1.7987377360694419
2025-01-14,7877.799999998779,1.3489886312491317,8091.599999998827,1.3889253517308833,8099.29999999901,1.3905631570842063
2025-01-15,8272.999999998747,1.4156553547973632,8471.299999998795,1.4531470108369402,8475.99999999898,1.4542971872128478
2025-01-16,10396.499999998645,1.7531584174148196,10594.799999998679,1.7909440437876702,10599.499999998863,1.7921521933389828
2025-01-17,11713.1999999987,1.9355374262064167,11911.49999999869,1.9729597690512692,11916.199999998875,1.974177107676724
2025-01-20,12487.79999999891,2.072631718696143,12686.099999998827,2.1106033931477,12690.799999999026,2.1118598431779736
2025-01-21,11092.299999998866,1.8297288353341306,11290.599999998798,1.8668026609861774,11295.299999998982,1.8679929431405164
2025-01-22,11789.899999998872,1.9481932683905983,11988.199999998833,1.9856484833819685,11992.899999998988,1.986868709677798
2025-01-23,10335.099999999175,1.7137430827285995,10431.59999999906,1.7351674375779056,10516.599999999291,1.7486067976682589
2025-01-24,9800.99999999946,1.6254639162264004,9897.499999999345,1.6466066406821447,9982.499999999576,1.6600751734787742
2025-01-27,13993.099999999451,2.2377986824708187,14090.099999999307,2.2599681521589825,14150.599999999538,2.268634937654555
2025-01-28,14561.89999999944,2.3339680737471946,14658.899999999354,2.356501209410442,14719.399999999556,2.3651493580425984
2025-01-29,15246.69999999921,2.4615005346499066,15236.699999999153,2.46497064510914,15363.699999999353,2.485873822318197
2025-01-30,9497.299999999113,1.4751857722791921,9642.299999999115,1.505870526806271,9697.29999999923,1.5121034962940192
2025-01-31,9330.399999999032,1.4487926186643028,9475.399999999034,1.4793174493883017,9530.399999999148,1.4855890951398494
2025-02-03,10371.599999998869,1.5983724245401347,10516.59999999887,1.6294323043487453,10571.599999998985,1.6354528567990527
2025-02-04,9643.49999999866,1.4817368768315622,9748.499999998663,1.5054791640414553,9803.499999998776,1.511670083792978
2025-02-05,10190.899999998828,1.565748068724539,10315.899999998774,1.5930620720107562,10340.899999998886,1.5944253921520752
2025-02-06,10818.299999998837,1.668166251823226,10943.299999998782,1.696150253778336,10968.299999998895,1.697349574961593
2025-02-07,11981.99999999879,1.8557856303734381,12106.999999998678,1.8849370917363026,12131.99999999879,1.8858353316256433
2025-02-10,13927.999999998805,2.1354089220210613,13953.99999999869,2.1503484730643696,13994.999999998805,2.153325309842251
2025-02-11,12331.299999998822,1.8935414711752028,12372.299999998679,1.909425984583473,12410.799999998793,1.9124061214125632
2025-02-12,12511.099999998884,1.9224648154551847,12552.09999999874,1.938514434613079,12590.599999998854,1.9414508360606213
2025-02-13,10664.899999998843,1.6479259271215716,10705.89999999873,1.66270525967076,10744.399999998785,1.6660613717362807
2025-02-14,10902.799999998968,1.6859259023309192,10943.799999998855,1.700918325575982,10982.299999998851,1.7042163395501773
2025-02-17,12353.299999998997,1.9298415131118238,12394.299999998884,1.9463640708303054,12432.79999999888,1.9492847400073194
2025-02-18,12357.399999998755,1.9305208800255735,12398.399999998643,1.947047560530352,12436.899999998639,1.9499671620663301
2025-02-19,10840.69999999873,1.685768126131621,10881.6999999986,1.7008937480019322,10920.199999998613,1.7041948176307895
2025-02-20,11369.999999998718,1.7705264052878107,11390.499999998603,1.7828772394255734,11428.999999998601,1.7860517152136683
2025-02-21,15977.699999998542,2.3070209732820914,15998.199999998427,2.320243604727784,16036.699999998425,2.322677973425364
2025-02-24,15174.999999998676,2.1865233191437503,15179.999999998561,2.196757868323029,15218.49999999856,2.1993544158457285
2025-02-25,14438.299999998679,2.079959697036727,14454.299999998564,2.09136571390085,14492.799999998562,2.094099713128502
2025-02-26,10684.099999998594,1.4991466433377265,10901.399999998526,1.5407184902134772,10842.899999998524,1.528219567709557
2025-02-27,18129.699999998367,2.2773918142952003,18346.999999998297,2.3182822560386684,18288.499999998297,2.305721851102712
2025-02-28,20318.099999998245,2.5389479069769267,20636.899999998175,2.592151247781091,20578.399999998175,2.5790683846049314
2025-03-03,27234.49999999773,3.1603914898592294,27553.29999999766,3.212051060212321,27494.79999999766,3.1990323869041806
2025-03-04,20741.3999999979,2.3206529088239725,21060.19999999783,2.36611405146462,21001.69999999783,2.35534755901766
2025-03-05,18193.899999997884,2.0217972801927995,18512.699999997814,2.065572398524567,18454.199999997814,2.0554507729962075
2025-03-06,18126.599999997823,2.014149594783256,18424.899999997753,2.055552006484977,18374.399999997753,2.046359044099396
2025-03-07,10437.399999997797,1.1261656681251795,11027.199999997729,1.1991292972450334,10791.699999997727,1.1685822840615405
2025-03-10,19735.099999997707,1.932545157195368,20324.899999997637,2.0035547034853023,20089.399999997637,1.9733162205941388
2025-03-11,14167.799999997616,1.321227121387561,14668.099999997548,1.3742052706880652,14432.599999997547,1.347871298668875
2025-03-12,7404.799999997602,0.676218281471953,7905.099999997534,0.7250219762348942,7669.599999997532,0.701330917047558
2025-03-13,7701.199999997567,0.7034884699347194,8201.499999997499,0.7524287263310445,7965.999999997497,0.7286468009668181
2025-03-14,9470.299999997529,0.8596683366098741,9872.099999997461,0.9001569295629311,9703.59999999746,0.882067805850677
2025-03-17,10708.19999999764,0.9727352167463909,10862.9999999976,0.9913069941512371,10694.499999997599,0.9729145617796575
2025-03-18,4351.199999997625,0.4164819709185541,4505.999999997557,0.4334729755157573,4337.499999997555,0.41584773368559097
2025-03-19,6738.099999997707,0.6516857336364431,6858.899999997755,0.6664527389570268,6690.399999997753,0.6478205870237478
2025-03-20,4865.09999999775,0.47049434944258983,5028.899999997784,0.4886355299807937,4860.399999997782,0.4706270843366728
2025-03-21,8600.499999997832,0.8341962351989216,8575.299999997822,0.8362357700483437,8501.29999999782,0.8258673030255019
2025-03-24,7159.99999999805,0.695427138248344,7134.79999999804,0.6967265280157535,7060.799999998038,0.6868741370204828
2025-03-25,7894.299999998344,0.767575405729119,7869.099999998334,0.7692707129711371,7795.099999998332,0.759126283483622
2025-03-26,12897.999999997934,1.226634087866596,12824.799999998098,1.225916137057925,12750.799999998097,1.2143744536368624
2025-03-27,9295.79999999785,0.8634749406910166,9230.099999998014,0.8615823748415011,9156.099999998012,0.8516943324664011
2025-03-28,10124.79999999785,0.9372280872932991,10255.099999997985,0.95333518770383,10065.599999997983,0.9328038715421958
2025-03-31,11176.499999997875,1.0338639496833615,11306.799999998011,1.0503732725093082,11117.29999999801,1.0295492017946455
2025-04-01,4297.8999999982625,0.39162738292601407,4428.199999998427,0.4051559214534875,4238.6999999984255,0.38666157205434487
2025-04-02,10609.599999998187,0.9686146361467737,10772.899999998352,0.9875708247581965,10576.899999998364,0.9666194751310929
2025-04-03,6744.999999998108,0.6045762706178732,7080.299999998273,0.6380424845207772,6775.799999998271,0.6082612373929619
2025-04-04,4244.199999998164,0.3763371289034139,4579.4999999983265,0.408193805049056,4274.999999998325,0.37963179144730197
2025-04-07,6999.099999998129,0.6141492385332458,7461.899999998292,0.657591454140681,7157.399999998291,0.6284411789074901
2025-04-08,23631.49999999824,1.7687971138056484,24094.299999998402,1.809421824322909,23789.799999998402,1.7815801865309007
2025-04-09,36133.89999999835,2.453641621897389,36612.19999999853,2.4931755071455504,36310.69999999853,2.4668042590587955
2025-04-10,39766.19999999805,2.6639354380532847,40244.49999999821,2.7035076697338467,39942.99999999821,2.6770326168989413
2025-04-11,33131.59999999803,2.206807624492819,33609.89999999819,2.2447196461024164,33308.39999999819,2.2195645038406107
2025-04-14,33685.599999997736,2.244437383347491,34163.8999999979,2.2824764579751244,33862.3999999979,2.2572193392299913
2025-04-15,32193.099999997823,2.136573370182148,32671.39999999797,2.1741206376950464,32369.89999999797,2.149243591990527
2025-04-16,31223.699999997654,2.070413487217242,31713.9999999977,2.1085621663418754,31412.4999999977,2.0838679833016753
2025-04-17,30931.299999997456,2.0504840494667897,31421.599999997503,2.0885624159364222,31120.099999997503,2.0639237833350457
2025-04-21,32938.39999999726,2.181576274575995,33428.699999997305,2.2200044597500463,33127.199999997305,2.1950764403002965
2025-04-22,30872.69999999719,2.054163176895338,31361.999999997235,2.092347956019777,31060.499999997235,2.067593074257605
2025-04-23,29213.799999997267,1.9388260565804212,29703.099999997314,1.97656056977997,29401.599999997314,1.9521565941777947
2025-04-24,36366.899999997375,2.3787525145857,36963.19999999742,2.4246484223071554,36595.19999999742,2.3949478927932253
2025-04-25,37994.699999997654,2.500372176638125,38435.9999999977,2.5349577492053306,38139.9999999977,2.5103345973038373
2025-04-28,35806.99999999751,2.345838484428425,36248.29999999756,2.3798681526063183,35952.29999999756,2.3557170364905238
2025-04-29,32432.299999997704,2.1223571652315667,32907.09999999775,2.158151642848263,32611.09999999775,2.1345105038442616
2025-04-30,34790.39999999793,2.2783038760149985,35305.199999997974,2.3172873498843973,35009.199999997974,2.2932805407283285
2025-05-01,32531.19999999783,2.124227565583642,32974.99999999799,2.157665109300292,32736.99999999799,2.1381810989633037
2025-05-02,36365.499999997875,2.3668671555340364,36809.29999999804,2.400750285940704,36571.29999999803,2.380863791310913
2025-05-05,35908.499999998065,2.3363398707228917,36352.29999999823,2.3701380496700217,36114.29999999822,2.350320118782193
2025-05-06,32701.299999998213,2.1271106898129184,33145.099999998376,2.1604107313830827,32907.09999999837,2.1410104616477956
2025-05-07,29394.699999998324,1.8955334043922167,29862.499999998483,1.9297394409248994,29611.49999999848,1.9100309432287303
2025-05-08,27750.299999998126,1.7845743006280215,28205.099999998343,1.8175231726748302,27948.099999998343,1.7976826326826965
2025-05-09,25163.19999999815,1.6101309156559203,25617.99999999837,1.6425121712116102,25360.99999999837,1.6231208951862484
2025-05-12,26955.49999999811,1.7241237656377186,27410.29999999833,1.7567423099847042,27153.29999999833,1.7371419606889467
2025-05-13,28506.999999998166,1.8232819479278135,28961.799999998388,1.8561201968793593,28704.799999998388,1.8363297979401674
2025-05-14,28582.599999998405,1.8282624950970547,29037.399999998626,1.861114801664954,28780.399999998626,1.8413129447616907
2025-05-15,29484.199999998586,1.8878154350014091,29938.999999998803,1.920838308977174,29681.999999998803,1.9008978373637613
2025-05-16,28826.39999999845,1.8447207962757444,29301.69999999879,1.8789606341706953,29044.69999999879,1.8591133096971286
2025-05-19,25859.899999998743,1.6727243232953555,26335.19999999908,1.7069767918731378,26078.19999999908,1.687218243237072
2025-05-20,26125.999999998705,1.6903748158002763,26616.799999998984,1.7257123754085621,26359.799999998984,1.7059109678375295
2025-05-21,25434.699999998746,1.644551907320817,25914.499999999025,1.679034650306617,25657.499999999025,1.6593394883283883
2025-05-22,26027.29999999894,1.6861414938261161,26305.79999999917,1.7065192731557461,26145.79999999917,1.6935877422037398
2025-05-23,18165.199999999197,1.2076224677844116,18443.699999999422,1.227858810391637,18283.699999999422,1.2153058967715313
2025-05-26,17578.299999999275,1.1696736005692905,17755.299999999505,1.1833421063669325,17595.299999999505,1.1708451607221824
2025-05-27,11318.799999999756,0.7716904962585138,11495.799999999985,0.7850585465059262,11335.799999999985,0.7728759490919193
2025-05-28,15823.899999999703,1.0933971965607323,16000.899999999932,1.1075292713319902,15840.899999999932,1.0946119257480895
2025-05-29,19630.499999999447,1.3578015140180248,19807.499999999676,1.3724235281345525,19647.499999999676,1.3590289127248505
2025-05-30,19721.499999999447,1.3641576821172836,19878.999999999618,1.3774283276632338,19718.999999999618,1.3640243463727184
2025-06-02,24723.89999999947,1.73854913136195,24589.89999999964,1.729101596718547,24614.89999999964,1.7297713328844624
2025-06-03,16022.29999999961,1.1807179098410838,15888.299999999781,1.1708546010009273,15913.299999999781,1.1718816570206176
2025-06-04,21988.29999999958,1.6710074981607599,21943.799999999752,1.6690498714045547,21968.799999999752,1.6697198645445868
2025-06-05,24133.299999999494,1.8565200046695034,24339.599999999595,1.8759419129157653,24364.599999999595,1.8764503461705937
2025-06-06,26262.39999999976,2.0176133120025304,26468.699999999862,2.0373306849935497,26493.699999999862,2.0377213325561616
2025-06-09,22881.09999999983,1.7638045044053585,23087.399999999932,1.7830860090879224,23112.399999999932,1.7836616533567535
2025-06-10,22223.59999999983,1.7127849585574755,22662.399999999903,1.7499092265547336,22687.399999999903,1.7505097580186
2025-06-11,21120.099999999715,1.6275900004015877,21632.899999999758,1.6703452269405066,21632.899999999758,1.6690433919632115
2025-06-12,21649.7999999998,1.669362283909666,22113.099999999842,1.708289623862624,22113.099999999842,1.706956865445951
2025-06-13,22464.39999999969,1.7338438255107722,22884.699999999746,1.7694898122420457,22884.699999999746,1.7681068223002843
2025-06-16,23449.39999999966,1.80540548237598,24058.69999999976,1.8551061883194613,23964.19999999976,1.8466567537292349
2025-06-17,23557.299999999654,1.813856241965683,24166.599999999755,1.86357677355769,24072.099999999755,1.8551207777189682
2025-06-18,20964.59999999967,1.6034137613013726,21573.899999999772,1.652407205091695,21479.399999999772,1.6441568115563678
2025-06-19,16660.000000000175,1.2915150180597215,17269.3000000001,1.3406584293078325,17179.8000000001,1.3328797649493325
2025-06-20,23221.30000000015,1.830563705362818,23813.100000000075,1.8802473751946014,23723.600000000075,1.8719463776483174
2025-06-23,21315.300000000207,1.6864109145401094,21907.100000000133,1.7360022083879634,21817.600000000133,1.7277699560739923
2025-06-24,20362.800000000163,1.611512144548965,20954.60000000009,1.6609749389155413,20865.10000000009,1.6527931974713608
2025-06-25,23604.90000000014,1.8975073178335597,24196.700000000066,1.9483578007874138,24107.200000000066,1.939819292746801
2025-06-26,19833.100000000122,1.602660336740505,20377.90000000005,1.6494672118934888,20301.90000000005,1.6422261475681235
2025-06-27,23858.900000000212,1.9599151586752646,24231.70000000014,1.9916051780376727,24264.20000000014,1.9944795681271454
2025-06-30,26295.69999999991,2.18281493025761,26668.499999999836,2.2150277960617046,26700.999999999836,2.2179628464047387
2025-07-01,22769.799999999814,1.9049540280858785,23056.599999999682,1.9313760820679482,23089.099999999682,1.9343011243812125
2025-07-02,9169.900000000052,0.9498235410026362,9456.69999999992,0.981255940731203,9489.19999999992,0.9847676147977574
2025-07-03,-3634.800000000107,-0.5038907300745602,-3348.0000000002497,-0.4654659565246541,-3315.5000000002497,-0.4610497253436516
2025-07-04,-9551.399999999821,-1.448648090919926,-9264.599999999891,-1.4097648335194035,-9232.099999999891,-1.4051672308301408
2025-07-07,-8846.299999999845,-1.3578158540376777,-8528.499999999915,-1.3140854333114922,-8500.999999999915,-1.3100844969215046
2025-07-08,-10179.49999999955,-1.559838900330191,-9861.69999999962,-1.5168884778989244,-9834.19999999962,-1.5129251947283722
2025-07-09,-6828.999999999594,-1.0636210812716815,-6511.19999999965,-1.0182159125238395,-6483.69999999965,-1.0141094572762037
2025-07-10,-6319.099999999615,-0.9855148693638967,-6013.299999999568,-0.9415854984243092,-5985.799999999568,-0.9374604938248323
2025-07-11,-7014.899999999385,-1.0908516301940787,-6709.099999999338,-1.047437653820945,-6681.599999999338,-1.043342648906308
2025-07-14,-9804.199999999155,-1.5424005798987324,-9498.399999999108,-1.5002320688127704,-9470.899999999108,-1.4961681234785373
2025-07-15,-10683.199999999213,-1.6924180176767778,-10376.399999999167,-1.6503787196958506,-10348.899999999167,-1.6463126928640126
2025-07-16,-9002.599999999207,-1.4374502250790249,-8771.29999999916,-1.4062877546452985,-8743.79999999916,-1.4021515954256887
2025-07-17,-14785.599999999207,-2.7080739464516297,-14554.29999999916,-2.679696911470557,-14526.79999999916,-2.675262078695581
2025-07-18,-12501.099999999367,-2.3234401211707745,-12228.799999999379,-2.2849974921665437,-12201.299999999379,-2.280431258145465
2025-07-21,-9534.19999999914,-1.8073119667509523,-9261.899999999152,-1.7656834472813385,-9234.399999999152,-1.760921909458852
2025-07-22,-8816.499999999158,-1.6810403870253943,-8577.699999999111,-1.64434317800364,-8550.199999999111,-1.6395288918741135
2025-07-23,-11445.59999999928,-2.1976624508306064,-11282.799999999233,-2.176524409639499,-11215.799999999233,-2.164998168142714
2025-07-24,-10412.39999999924,-2.0199054426512952,-10178.59999999931,-1.9861810642050066,-10169.59999999931,-1.983983156706116
2025-07-25,-13828.999999999318,-2.8481386334296537,-13595.199999999388,-2.8182066270394586,-13586.199999999388,-2.815618544872905
2025-07-28,-13657.799999999263,-2.8130120730237964,-13423.999999999332,-2.78287023658794,-13414.999999999332,-2.7802917810659338
2025-07-29,-12354.099999999513,-2.552813501161503,-12120.299999999583,-2.5210601500649026,-12111.299999999583,-2.518543320762528
2025-07-30,-8403.899999999487,-1.859692950474676,-8194.099999999557,-1.8254928089203772,-8172.0999999995565,-1.8210830188716278
2025-07-31,-2745.2999999998738,-0.5735292654870644,-2522.500000000002,-0.5304050224720984,-2494.500000000002,-0.5247222985096762
2025-08-01,-1382.2999999998883,-0.29782629449879994,-1225.0000000000164,-0.26548836426996447,-1102.5000000000164,-0.2394084711974089
2025-08-04,728.9000000000942,0.14811604173052723,886.1999999999662,0.18103216862327282,1008.6999999999662,0.20642455843363863
2025-08-05,205.0999999996984,0.04189649990190311,282.39999999962856,0.058027276402211204,444.89999999957035,0.09155637706488268
2025-08-06,4375.899999999643,0.842229739353637,4453.1999999996315,0.861635653184962,4615.699999999515,0.8943707432925446
2025-08-07,5062.099999999364,0.973805040859734,5139.399999999352,0.9939009888609441,5301.899999999236,1.026827461067696
2025-08-08,6068.099999999451,1.1699075948835942,6145.399999999323,1.1911149702906216,6307.899999999207,1.2244391815747915
2025-08-11,3476.7999999994336,0.6899702482961109,3554.099999999306,0.7092656566833883,3716.599999999189,0.7428199993799489
2025-08-12,4237.19999999934,0.8413534556436266,4314.499999999271,0.861520336411614,4476.999999999154,0.8953442939600292
2025-08-13,5091.599999998956,1.0152986974433909,5077.899999998886,1.018191897399221,5285.89999999877,1.0616446965025337
2025-08-14,6926.399999998945,1.4243670896720766,6912.699999998875,1.4299468033693756,7120.699999998758,1.475653402481219
2025-08-15,6951.999999998761,1.4298236367870256,6923.799999998691,1.432328479622627,7157.299999998575,1.483526318256959
2025-08-18,4590.19999999886,0.9482268603005082,4561.99999999879,0.9479573276584398,4795.499999998674,0.9983458937130687
2025-08-19,5735.099999998869,1.1691758227235058,5706.8999999988,1.170098914274517,5940.399999998683,1.2202529922175789
2025-08-20,6558.799999998793,1.3351129478448784,6530.599999998724,1.3369681753199874,6764.099999998607,1.3873997663415776
2025-08-21,4202.099999999087,0.8699113304822527,4173.899999999018,0.8691912299539759,4407.399999998901,0.9195302460387963
2025-08-22,7267.399999999177,1.4424899622855871,7258.699999999166,1.4486331346542405,7492.199999999049,1.4979711485861593
2025-08-25,6984.899999999192,1.3857405945140666,6976.19999999918,1.3915677386340906,7209.699999999064,1.4407603262222373
2025-08-26,7673.899999999207,1.5174111738500247,7665.199999999195,1.5239062536035968,7898.6999999990785,1.5732053662245407
2025-08-27,7793.399999999279,1.5420426623966892,7784.699999999268,1.5486808174148141,8018.199999999151,1.5980668852174884
2025-08-28,9290.299999999448,1.8914049860312985,9191.099999999495,1.8731036747626124,9424.599999999378,1.924503882128391
2025-08-29,9510.399999998974,1.9282419068209575,9411.19999999902,1.9100383087102821,9644.699999998904,1.9612996366088706
2025-09-01,9540.499999998936,1.9347659943617648,9441.299999998982,1.9165644236591837,9674.799999998866,1.9678530042503775
2025-09-02,12078.999999998965,2.393988423997757,11979.799999999012,2.3765014146939722,12213.299999998895,2.427632036880486
2025-09-03,11580.99999999898,2.287781140648188,11430.299999999026,2.259892023646038,11673.299999998968,2.3123337194030125
2025-09-04,12707.89999999896,2.5041629290925416,12557.199999999006,2.4764518012208283,12800.199999998948,2.529270085485186
2025-09-05,14603.799999998662,2.8437744940601144,14613.399999998755,2.840689781025145,14759.599999998709,2.8791285237857536
2025-09-08,11664.49999999866,2.330553907398712,11674.099999998753,2.3281870942380025,11820.299999998706,2.3658465648479856
2025-09-09,11718.799999998691,2.341688644936194,11728.399999998785,2.339300758287509,11874.599999998738,2.377009014428708
2025-09-10,14888.599999998389,3.1094807967565243,14898.199999998482,3.105258625166673,15044.399999998435,3.148353657015757
2025-09-11,14104.299999998502,2.938703084407438,14113.899999998595,2.934841864072957,14255.099999998549,2.9760357298591735
2025-09-12,11675.599999998476,2.4616628882360794,11702.69999999857,2.4615532423076507,11843.899999998523,2.501277235582433
2025-09-15,11580.899999998464,2.4427819648208398,11607.999999998558,2.442713173461092,11749.199999998511,2.4823774108502006
2025-09-16,11625.699999998322,2.452352430512685,11652.799999998415,2.4522612701374795,11793.999999998368,2.4919692339015285
2025-09-17,11982.299999998211,2.538910477457207,12080.69999999835,2.5555352888711345,12150.099999998258,2.5787764541812157
2025-09-18,11474.099999998229,2.416685466740178,11599.499999998368,2.4396903272612196,11655.399999998275,2.459196992912857
2025-09-19,12359.999999998237,2.601249763454183,12485.399999998377,2.624034373615085,12541.299999998284,2.6441257005880203
2025-09-22,14055.09999999849,2.976317125622015,14180.49999999863,2.9988140824004397,14236.399999998537,3.020336314357239
2025-09-23,14913.09999999836,3.153565973529437,15012.999999998558,3.1697795323327913,15068.899999998464,3.1918275523099293
2025-09-24,14128.39999999826,2.9971504230745376,14228.299999998459,3.013600674299104,14284.199999998365,3.035220951310879
2025-09-25,11595.29999999824,2.3823105812339005,11811.999999998368,2.430065262590119,11867.899999998275,2.4489532911443574
2025-09-26,9466.799999998153,1.8914595553910487,9683.499999998223,1.937048722617841,9739.39999999813,1.9537649315895824
2025-09-29,11925.199999998176,2.4885536462392657,12110.899999998246,2.5283336244188552,12171.799999998153,2.5493766394333197
2025-09-30,11162.49999999815,2.2996432705859173,11296.199999998162,2.3255394035875603,11357.099999998069,2.34550855298959
2025-10-01,12155.799999998182,2.479243048898012,12289.499999998194,2.5048278715632675,12350.3999999981,2.5251080396761494
2025-10-02,12315.399999998086,2.513502553274384,12136.099999998156,2.471356173454147,12353.499999998063,2.5257817009608092
2025-10-03,14166.699999997885,2.916846304229156,13987.399999997955,2.873197304773589,14204.799999997862,2.930042859654362
2025-10-06,15603.499999997859,3.2299653265956096,15424.199999997929,3.1851646854251414,15641.599999997836,3.2438721055190305
2025-10-07,15401.399999997824,3.1904180116706113,15222.099999997894,3.1456947746701367,15439.4999999978,3.204261205756795
2025-10-08,18408.799999997733,3.6851196829205897,18304.999999997803,3.6569431124376592,18522.39999999771,3.7155572806875923
2025-10-09,18011.799999997354,3.602455506995693,17907.999999997424,3.5745006165340496,18125.399999997328,3.6326614218289177
2025-10-10,25734.999999997206,4.142742285565053,25590.199999997334,4.113438605117167,25807.59999999724,4.160069794283808
2025-10-13,26187.09999999718,4.211771731188346,26042.29999999731,4.182370612801799,26259.699999997214,4.229186873725972
2025-10-14,26069.59999999709,4.189123728324126,25924.799999997165,4.159794658796414,26142.19999999707,4.206483665036025
2025-10-15,25418.099999997125,4.052571623405159,25349.299999997194,4.038948407222973,25527.1999999971,4.076870776621146
2025-10-16,25981.099999997037,4.155515673225446,25912.299999997107,4.141756103645368,26090.199999997014,4.18011675372311
2025-10-17,29709.59999999711,4.6151608350984885,29640.79999999718,4.6014706773673275,29818.699999997087,4.639779874717083
2025-10-20,30526.999999997002,4.748118509962561,30458.199999997072,4.734294431103454,30636.09999999698,4.773040810569461
2025-10-21,29637.399999997026,4.5917462932538475,29657.599999997037,4.594619591366652,29835.499999996944,4.632813467116089
2025-10-22,30245.299999996685,4.685276108506903,30448.799999996685,4.714393946452209,30510.399999996545,4.736322218281532
2025-10-23,27328.499999997148,4.36151869964847,27531.999999997148,4.391349764335671,27593.599999997008,4.413347035564631
2025-10-24,28609.99999999709,4.612011875617874,28878.99999999709,4.656367502052049,28846.09999999695,4.6588756867559225
2025-10-27,25399.29999999712,4.2346802043463025,25668.29999999712,4.280089747168431,25635.399999996982,4.282335647554427
2025-10-28,24417.99999999757,4.066682057519622,24766.99999999751,4.1245805000382285,24694.09999999743,4.120173716757214
2025-10-29,20122.4999999977,3.4634725158794746,20471.499999997584,3.522705159193036,20398.59999999756,3.517341904257605
2025-10-30,18775.199999997974,3.216288338234207,19124.199999997858,3.2751206575941527,19051.299999997835,3.2692852697437544
2025-10-31,18918.79999999772,3.240526107591222,19219.29999999766,3.2912298478223545,19191.899999997637,3.2930718014816662
2025-11-03,19198.29999999766,3.2896411012667075,19559.79999999766,3.3508754209329457,19532.399999997637,3.352835688149228
2025-11-04,16815.099999997736,2.8278255918113646,17399.399999997724,2.9350419472367446,17371.9999999977,2.9360895326765264
2025-11-05,21694.19999999806,3.415868971215818,22369.499999997992,3.533489008137968,22296.59999999797,3.5274578515846433
2025-11-06,24573.39999999781,3.843995080687608,25283.69999999774,3.9668936925442715,25255.29999999772,3.9664967397216073
2025-11-07,26204.899999997957,4.098868537114005,26622.69999999783,4.182372465834912,26716.799999997864,4.198796676207503
2025-11-10,27614.29999999785,4.342870407629091,28032.09999999772,4.4282699681786735,28126.199999997756,4.444951356036908
2025-11-11,24744.499999997643,3.8861857171359473,25162.299999997573,3.9689277636075504,25256.39999999755,3.9852858939543707
2025-11-12,23778.29999999728,3.730275410511441,24196.09999999733,3.8120772109688117,24290.199999997305,3.82832008061871
2025-11-13,26747.899999997113,4.146858214136917,27165.69999999716,4.229760747887557,27259.799999997136,4.246063964036872
2025-11-14,28662.599999997008,4.279739018062755,29080.399999997055,4.359767559524111,29174.49999999703,4.375524602964015
2025-11-17,26089.199999996927,3.7942375660816197,26506.999999996973,3.8694987715116995,26601.09999999695,3.8845429760782033
2025-11-18,22185.899999996967,3.1409300786398684,22693.499999997002,3.2284397219169727,22787.59999999698,3.2427681393848786
2025-11-19,19887.299999996874,2.7580988400276354,20460.89999999691,2.8532960353877854,20554.999999996886,2.8671709645412164
2025-11-20,38570.89999999647,3.4850386858807245,38984.19999999658,3.5300031159274288,39078.299999996554,3.539119615905365
2025-11-21,30162.999999996886,2.6133362285308785,30552.29999999699,2.6512620796339017,30646.399999996967,2.6597749570128695
2025-11-24,34119.69999999684,2.9374104218969133,34685.99999999697,2.9882013885095176,34704.09999999695,2.991391560085786
2025-11-25,26770.29999999664,2.251744910425673,27336.599999996746,2.3006022205150747,27354.699999996723,2.3033150442534764
2025-11-26,26699.099999996834,2.2454200341990123,27242.899999996996,2.2922654590828158,27276.499999996915,2.29635037378177
2025-11-27,25615.899999996793,2.1544111627878504,26159.699999996956,2.2011773816402425,26193.299999996874,2.2052102121002455
2025-11-28,23803.69999999719,2.0053114702919417,24187.199999997305,2.0393766365970643,24317.599999997212,2.0509609954456876
2025-12-01,23732.999999996886,1.9991723685459757,24116.499999997002,2.0332273756382704,24246.89999999691,2.044808299337832
2025-12-02,23732.099999996804,1.9990952999465579,24115.59999999692,2.033150197980199,24245.999999996828,2.044731084845264
2025-12-03,22153.299999997078,1.8623440668449376,22536.799999997194,1.8961766117869472,22667.1999999971,1.9076823237042737
2025-12-04,21719.89999999685,1.8245303763903014,22122.39999999691,1.8599673508757228,22252.799999996816,1.8714513584477905
2025-12-05,21849.999999996857,1.8358015073925642,22252.499999996915,1.8712580630393427,22382.899999996822,1.8827483865479053
2025-12-08,20664.099999996746,1.734881282131003,21190.099999996688,1.780911708199075,21320.499999996595,1.7923630001428756
2025-12-09,19975.69999999687,1.6759656106204344,20501.69999999687,1.7218844351187668,20632.099999996775,1.7333069949713493
2025-12-10,17728.099999996804,1.4748872087319957,18292.2999999967,1.5240577829296165,18403.99999999671,1.5331931722218735
2025-12-11,19448.699999996636,1.6208423028558654,20012.89999999653,1.6703626875175643,20124.599999996542,1.6795066216548773
2025-12-12,22487.099999996222,1.856191060177048,23051.29999999606,1.9056510748933595,23162.99999999613,1.9147030018098017
2025-12-15,22149.599999995902,1.8285250428899424,22713.79999999574,1.8779387184103962,22825.49999999581,1.886992213887885
2025-12-16,21215.99999999616,1.7514356936484325,21799.199999995995,1.8023469372115108,21910.899999996065,1.8114027329122215
2025-12-17,27237.499999996042,2.1878497708419355,27820.699999995995,2.2381526992501857,27932.399999996065,2.2469675258164408
2025-12-18,27520.499999996217,2.2130922854025568,27986.89999999624,2.252999484783302,28098.59999999631,2.2618199420272567
2025-12-19,32244.09999999634,2.5995788628730474,32693.499999996362,2.638928484114276,32805.19999999643,2.6477792268118865
2025-12-22,32381.899999996152,2.611150146151579,32830.29999999612,2.650441405803351,32941.99999999619,2.6592940408699497
2025-12-23,34870.39999999618,2.8242797974906724,35370.799999996205,2.868891282258792,35482.499999996275,2.8777925216295244
2025-12-24,33095.79999999615,2.6822995019837266,33596.19999999617,2.7266758966331732,33707.89999999624,2.735576092900326
2025-12-26,32931.89999999656,2.6684796645328763,33745.299999996525,2.7393883440138245,33700.499999996595,2.734947760106215
2025-12-29,30628.899999996764,2.4728200659591293,31442.29999999673,2.5429707510949124,31397.4999999968,2.5386137869656875
2025-12-30,29606.19999999681,2.3886768871945696,30419.599999996775,2.458576037422508,30374.799999996845,2.4542498630323752
2025-12-31,29743.199999996752,2.3996923829732535,30612.59999999666,2.4741089237772185,30531.299999996845,2.4668522313602606
2026-01-02,27812.399999996793,2.2540473608790634,28681.79999999673,2.328461746045866,28600.499999996915,2.3212199583585154
2026-01-05,28265.69999999713,2.291389210161159,29135.099999997037,2.3659126718701304,29053.799999997223,2.358656048289944
2026-01-06,21303.399999997375,1.80825683119077,22117.29999999731,1.8806264158186865,22080.999999997497,1.8769264077552865
2026-01-07,20120.299999997398,1.7079603454112189,20934.199999997305,1.780110002779688,20897.89999999749,1.776444864231732
2026-01-08,19341.99999999709,1.6384292754927539,20155.899999996996,1.7102693325778178,20119.599999997183,1.7066372837432615
2026-01-09,19812.49999999712,1.6809324942111583,20626.399999997026,1.752982567610716,20590.099999997212,1.7493291261279136
2026-01-12,21074.69999999719,1.7876808357504828,21888.599999997095,1.859955073855112,21852.29999999728,1.856265097263904
2026-01-13,15056.599999996863,1.2814935547711244,15889.499999996711,1.3546800396076348,15853.199999996898,1.3511502424085222
2026-01-14,14911.69999999684,1.2692656805383609,15744.599999996688,1.3424328858104193,15708.299999996874,1.3389069229164654
2026-01-15,16921.099999996746,1.4400900240498988,17761.299999996758,1.5137342788207162,17632.199999996898,1.5025068117574139
2026-01-16,15749.599999996892,1.3403451706265268,16406.499999996915,1.3984811909011012,16393.6999999971,1.3969895969988946
2026-01-19,14377.899999996851,1.222996391300427,15046.799999996816,1.2819273080620741,15029.49999999706,1.280078489600884
2026-01-20,14302.299999996874,1.2164973500620149,15005.699999996781,1.2783870631256624,14988.399999997084,1.276539375058205
2026-01-21,16160.899999996938,1.3695428986361313,16864.299999996845,1.4314975557862566,16846.999999997148,1.429612110580476
2026-01-22,15953.699999996752,1.3516866970700772,16657.09999999666,1.413591914486341,16639.79999999696,1.4117123521380002
2026-01-23,16607.2999999967,1.4080499056789662,17310.699999996606,1.4701122505065363,17293.39999999691,1.4682140729830222
2026-01-26,17900.099999996688,1.51931436941751,18603.499999996595,1.5816732976402652,18586.199999996898,1.5797388246613204
2026-01-27,16855.89999999688,1.429861473985602,17742.299999996554,1.5078024995172241,17616.499999996973,1.4965721900001754
2026-01-28,15423.2999999967,1.3059982729485473,16248.699999996315,1.3783478088023482,16122.899999996735,1.3671929217428436
2026-01-29,20193.399999996444,1.7089177999077576,20795.999999996013,1.7617151761634422,20670.199999996432,1.750411788179611
2026-01-30,13489.299999996088,1.1583050391386176,14091.899999995716,1.2111782729886018,13966.099999996135,1.1999400147367683
2026-02-02,16170.59999999628,1.3671188638333265,16740.699999995908,1.4168020498981961,16570.399999996327,1.4021080404722024
2026-02-03,19001.69999999611,1.5881344695917607,19687.29999999574,1.6484969850487743,19368.9999999961,1.6217844002767225
2026-02-04,23064.999999995896,1.899407146671061,23750.599999995466,1.959548492212273,23432.299999995827,1.9331489171304432
2026-02-05,23846.899999995658,1.966522373991321,24532.49999999517,2.026909118661358,24214.199999995588,2.000453641279583
2026-02-06,33025.19999999614,2.577809377248782,33710.799999995535,2.6362178116899755,33392.499999995955,2.6109545334101263
2026-02-09,29624.999999996304,2.3165818554159867,30321.5999999957,2.3753931701641324,30003.299999996118,2.3501843907198436
2026-02-10,24785.59999999628,1.9672670408348432,25482.199999995675,2.0261967673870913,25163.899999996094,2.00072644976818
2026-02-11,26728.899999996385,2.1357042766396503,27425.49999999578,2.1954376596964784,27107.1999999962,2.169745826002684
2026-02-12,36372.89999999601,2.8489178552612517,36979.69999999541,2.9007421986746564,36661.39999999583,2.875287923793788
2026-02-13,34899.49999999613,2.7098064979013774,35440.299999995535,2.7548857551593535,35121.999999995955,2.7297224763634658
2026-02-16,16707.099999996397,1.7181422819431311,17247.899999995745,1.7765053584259363,16929.599999996164,1.743681265699252
2026-02-17,19131.799999996525,2.0363242123570617,19696.599999995873,2.100962250936693,19378.299999996292,2.066885932504458
2026-02-18,15626.999999996624,1.685497239777401,16014.799999995943,1.7337907931099947,15772.499999996362,1.7063408020603315
2026-02-19,18697.799999996903,2.084941500626383,19085.59999999625,2.136831094714109,18843.29999999667,2.1080143533236844
2026-02-20,19661.499999996944,2.1965775551550135,20055.299999996292,2.2497617019825884,19812.99999999671,2.2207685319206227
2026-02-23,20999.999999996508,2.343772851264891,21393.799999995856,2.397560968607877,21151.499999996275,2.3684387884979374
2026-02-24,20476.499999996508,2.2832934284410666,20870.299999995856,2.336751059055078,20627.999999996275,2.307722510297239
2026-02-25,22167.799999996816,2.4706633641158313,22505.099999996164,2.519005452909324,22317.299999996583,2.495512402687147
2026-02-26,25099.19999999652,2.7715812847861176,25436.499999995867,2.8207808561902747,25248.699999996286,2.7971580582539484
2026-02-27,25619.799999996467,2.8348013650530257,25957.099999995815,2.8844209141578205,25769.299999996234,2.86066620250956
2026-03-02,28414.39999999659,3.1420399832055064,28562.699999995995,3.1740468651094544,28488.899999996414,3.161140954102297
2026-03-03,31498.99999999648,3.463193880213516,31677.799999995885,3.499262599074587,31603.999999996304,3.4859442075213596
2026-03-04,31066.89999999653,3.4099077367458697,31148.699999996083,3.434014690326357,31048.399999996473,3.4175089913417724
2026-03-05,28427.19999999655,3.0642855313098423,28489.499999996013,3.0834422233305077,28389.199999996432,3.0679115749640933
2026-03-06,29333.599999996717,3.186958882568837,29427.89999999624,3.210190945585771,29396.5999999966,3.204194487620867
2026-03-09,36562.699999996956,3.7039299167436237,36656.99999999648,3.726692510569434,36625.69999999684,3.720870969546958
2026-03-10,29552.69999999742,2.978569224212554,29811.499999997002,3.019658361285988,29639.699999997305,2.996361668362819
2026-03-11,25855.299999997776,2.5616192641134505,26096.599999997357,2.5974914668142612,25924.79999999766,2.575564425401365
2026-03-12,25065.999999997497,2.479093698546337,25272.299999997078,2.5108965826856844,25100.49999999738,2.4891932042584664
2026-03-13,15713.099999997588,1.5981535588719167,15959.399999997171,1.63145713968154,15787.599999997474,1.610828513607605
2026-03-16,19022.599999997503,1.9444739900702968,19268.899999997084,1.9798351736525848,19097.099999997386,1.9583697711594052
2026-03-17,15456.099999997532,1.586287719176133,15679.899999997113,1.617206271675181,15523.599999997416,1.5980778237209536
2026-03-18,18944.89999999758,1.923075855109695,19169.699999997218,1.955363546017391,19013.39999999752,1.9358124720836103
2026-03-19,16066.299999997658,1.6187049222445338,16291.099999997328,1.6491767873672658,16134.799999997631,1.6303914912155157
2026-03-20,20821.99999999738,2.0508961416239067,21046.799999997136,2.082566200852328,20890.49999999744,2.063457221864733
2026-03-23,15443.599999997183,1.4615295911813058,15668.399999996938,1.4890264508372193,15512.099999997241,1.4718205108255662
2026-03-24,15738.799999997078,1.4911235207252658,15813.599999996834,1.5036910525612794,15657.299999997136,1.4864492129383593
2026-03-25,12711.899999996822,1.1875257970887827,12876.699999996577,1.2080257775094807,12615.899999996878,1.1807884787167038
2026-03-26,14332.599999997008,1.333364367612056,14441.399999996822,1.3492198157410398,14217.099999997008,1.3251170909479137
2026-03-27,14823.199999996898,1.3776029538770587,14931.999999996682,1.393627371349194,14707.699999996868,1.3694421890469122
2026-03-30,16003.999999997002,1.4849169106678919,16112.799999996816,1.5013679142703373,15888.499999997002,1.4769596169446648
2026-03-31,23156.399999997055,2.0268623916489474,23320.69999999684,2.048908523230637,23051.399999997026,2.020959749874291
2026-04-01,22505.699999997014,1.9677317386087243,22717.999999996828,1.9939461759543384,22448.699999997014,1.96615582328535
2026-04-02,26991.49999999741,2.3557952402035958,27219.799999997223,2.3847402194618303,26950.49999999741,2.3560985150705864
2026-04-03,28442.19999999742,2.4897541226632933,28670.499999997235,2.5193496005222733,28401.19999999742,2.490287632177716
2026-04-06,24147.09999999759,2.0884993268824754,24311.899999997462,2.1096517530190253,24088.09999999759,2.086530929751268
2026-04-07,25431.599999997386,2.210730005836637,25469.89999999752,2.2204981283581047,25321.599999997445,2.2040933344088525
2026-04-08,23088.99999999709,1.997920062125179,23127.299999997194,2.006995281454495,22978.999999997144,1.9910357078528476
2026-04-09,21571.899999997404,1.867574901021477,21513.899999997404,1.8682461759218232,21458.3999999974,1.8602329108303464
2026-04-10,21677.299999997485,1.8769284865959954,21619.299999997485,1.8776287867135026,21563.79999999748,1.8695977365559282
2026-04-13,22683.999999997526,1.965924214105783,22613.999999997584,1.9658126591128577,22562.999999997523,1.9580233307957975
2026-04-14,24276.89999999749,2.1028685457938447,24172.399999997608,2.1000842580421386,24121.399999997488,2.092066745000262
2026-04-15,22812.399999997462,1.982303918048618,22707.89999999758,1.9791769585102792,22656.89999999746,1.9713350282028785
2026-04-16,22262.699999997392,1.9324083613246408,22101.19999999745,1.9238885240821362,22101.69999999739,1.9208850091128538
2026-04-17,23406.999999997322,2.030999845708723,23245.49999999738,2.0227520492398177,23245.99999999732,2.019594336034446
2026-04-20,21103.299999997165,1.8229184704246295,20814.79999999728,1.8021696592113712,20878.799999997165,1.8053548099292436
2026-04-21,21149.299999996932,1.8270253051391927,20440.799999997165,1.7686538300181922,20569.799999996932,1.7776645067090162
2026-04-22,22451.3999999972,1.9435261337625902,21742.899999997375,1.8851744615967125,21871.899999997142,1.894067396781964
2026-04-23,17645.199999997072,1.5276750014840836,16936.699999997305,1.4688091377411243,17065.699999997072,1.47817929609984
2026-04-24,20355.799999997456,1.7693171733763497,19647.29999999769,1.7105385792792334,19776.299999997456,1.7196574192478589
2026-04-27,14619.299999997282,1.2943856352265293,13908.299999997515,1.233718723633416,14037.29999999728,1.2435468093705326
2026-04-28,8671.39999999714,0.7757779772671864,8151.899999997433,0.7297374348568249,8280.899999997197,0.7402884922279965
2026-04-29,2822.1999999974205,0.2570371236926677,2302.6999999977697,0.2098740123436709,2431.699999997535,0.2213169325318247
2026-04-30,4810.999999997962,0.43706551829418794,4305.499999998136,0.3913917598949288,4434.499999997902,0.4025529589963806
2026-05-01,-3805.100000002073,-0.3767318293914943,-4310.6000000018985,-0.4271769670066123,-4181.600000002133,-0.4136843789413603
2026-05-04,-3644.600000002044,-0.3609342163220727,-4161.100000001928,-0.41245878255556545,-4032.1000000021622,-0.39898834527350946
2026-05-05,-235.40000000203236,-0.022976079087894317,-751.9000000019159,-0.0734485141264311,-622.9000000021506,-0.06074723192369517
2026-05-06,1629.6999999979444,0.1590063206327898,1113.1999999980608,0.10869686747463098,1242.1999999978261,0.12109471344963807
2026-05-07,-6604.400000001829,-0.679262496913363,-7120.900000001829,-0.7331499020752834,-6991.900000002063,-0.7185285246761322
2026-05-08,4529.299999997951,0.44797006466818184,4012.799999997951,0.3971788589546078,4141.799999997716,0.40926485503272625
2026-05-11,4067.99999999805,0.4019616441358495,3551.49999999805,0.3511879960922001,3680.4999999978154,0.36333876305407165
2026-05-12,7556.099999997765,0.7605056375058052,7039.599999997765,0.7090176425885962,7168.59999999753,0.72077784336289
2026-05-13,6230.1999999974505,0.6252720341843107,5713.6999999974505,0.5738510019953085,5842.699999997216,0.5858068964726482
2026-05-14,8031.199999997334,0.810012498782074,7514.699999997334,0.758445079260328,7643.699999997099,0.7701443739581424
2026-05-15,4631.699999996985,0.46079000680835824,4109.199999996985,0.40911366410510164,4238.19999999675,0.42124675086542374
2026-05-18,1699.799999997369,0.1687943246684696,1177.299999997369,0.11700288069899578,1306.2999999971344,0.12960353094051416
2026-05-19,-5220.100000002654,-0.48776707417217,-5742.600000002654,-0.5370404138253968,-5613.600000002889,-0.5241732159031713
2026-05-20,-6012.100000002654,-0.5627107841493832,-6478.100000002654,-0.6067463357088592,-6403.600000002889,-0.5989411246473086
2026-05-21,-9737.700000002282,-0.9200964244635808,-10203.700000002282,-0.96486836532632,-10129.200000002516,-0.9564671602203876
2026-05-22,-10032.00000000227,-0.9475343204003301,-10498.00000000227,-0.9923144494755197,-10423.500000002505,-0.9838773899598797
2026-05-25,-10600.900000002264,-1.0035035817451443,-10896.900000002264,-1.031563620638016,-10936.400000002499,-1.0343399354201017
2026-05-26,-13372.8000000022,-1.27737771371182,-13538.000000002212,-1.2934056086521974,-13577.500000002447,-1.2959554708872467
2026-05-27,-12332.600000002567,-1.1788339507082428,-12789.80000000255,-1.2227642226459983,-12627.300000002871,-1.2061255652073157
2026-05-28,-9638.200000002602,-0.9306744307817862,-10075.900000002555,-0.9732101997079731,-9913.400000002906,-0.9566376867286537
2026-05-29,-8449.600000002567,-0.8189417559318392,-9028.80000000252,-0.8747699423704463,-8844.800000002871,-0.8562357516836329
2026-06-01,-15846.400000002584,-1.6607588423895312,-16425.600000002538,-1.7210784969407296,-16241.600000002887,-1.7000547131529196
2026-06-02,-11789.100000002858,-1.2489431814049163,-12532.800000002811,-1.325537712958958,-12208.300000003162,-1.2913573211143317
2026-06-03,-9324.100000003265,-1.0005922767582778,-9893.300000003335,-1.060222554805936,-9568.80000000357,-1.0256025659607122
2026-06-04,-11241.800000003132,-1.195637430346913,-11811.000000003201,-1.2545502643175492,-11486.500000003436,-1.2202291881334932
2026-06-05,1657.5999999965989,0.15820821317292863,1048.3999999964108,0.09990512379409097,1372.899999996178,0.13086038041540995
2026-06-08,2408.9999999965353,0.22928562480195006,1799.7999999963467,0.17103000571827134,2124.299999996114,0.20191830488406956
2026-06-09,11877.29999999664,1.0550684902133665,11032.099999996335,0.9827259205479407,11341.099999996102,1.0105384566554279
2026-06-10,7961.399999996704,0.7134241703013042,7116.199999996399,0.6395670517245569,7425.199999996166,0.667505141192133
2026-06-11,20732.099999996397,1.6987285425858714,19886.89999999606,1.6330123776900896,20195.89999999583,1.6589100730557955
2026-06-12,9983.099999996482,0.8045443998340763,9137.899999996062,0.7381520104132785,9446.899999995829,0.7632793887948565
2026-06-15,16378.899999996527,1.3574052091717526,15533.699999996108,1.290350270557411,15842.699999995875,1.316394549775263
2026-06-16,21679.199999996166,1.780956621236721,21055.999999995747,1.733494865731416,21371.499999995514,1.759976350616068
2026-06-17,22252.699999996574,1.8341379228338912,21539.499999996155,1.7782008426328615,21959.499999995922,1.8145886009972172
2026-06-18,21725.09999999654,1.7931846698861293,21011.89999999612,1.737124541675765,21431.899999995887,1.7735170104200833
2026-06-19,19682.699999996516,1.6252212147278802,18969.499999996096,1.5689318779790489,19389.499999995864,1.605143660179
2026-06-22,17094.499999996242,1.4109588491969243,16381.299999995823,1.3544040775526238,16801.29999999559,1.3903641138297091
2026-06-23,7325.099999996102,0.6357100594069806,6611.899999995683,0.575022103962308,7031.89999999545,0.6120731446986457
2026-06-24,2609.6999999959635,0.22031445922330087,1810.9999999955435,0.15313927324085533,2230.9999999953106,0.18879671093263295
2026-06-25,3588.0999999958703,0.30123613976863706,2366.3999999953344,0.199505398967475,2989.8999999951016,0.2519529817933539
2026-06-26,685.1999999958762,0.05713045129129319,-648.5000000046598,-0.054270838058230804,30.99999999522379,0.0025936659554727285
2026-06-29,5631.399999995772,0.47275854365986175,4361.199999995177,0.3675647116512533,4995.1999999951195,0.4208266051510316
2026-06-30,8243.299999996203,0.6917616716601283,7080.599999995404,0.5966091776878379,7639.09999999555,0.6433285118907297
2026-07-01,10439.49999999636,0.879023483915885,9276.799999995474,0.7842661321476114,9835.299999995708,0.8310696676852832
2026-07-02,7254.5999999962205,0.604455425271299,6091.899999995334,0.5096323697698844,6650.399999995569,0.5560569077676077
2026-07-03,9559.09999999619,0.7940455832921711,8396.399999995305,0.7002153552098567,8954.899999995538,0.7464205962573912
2026-07-06,7854.99999999601,0.6513175190273736,6692.299999995124,0.557121535238834,7250.799999995357,0.6033009981455112
2026-07-07,7278.999999995923,0.6041105621192341,6116.299999995037,0.5096509012112306,6674.79999999527,0.5558933896049019
2026-07-08,5893.29999999594,0.48916099878855657,4730.5999999950545,0.39424737536307874,5289.099999995287,0.4405488919235235
2026-07-09,5872.299999996202,0.48739907896779916,4765.099999995375,0.3971482896333278,5296.099999995549,0.4411375826686314
2026-07-10,3687.999999996243,0.3060516566115972,2580.7999999954154,0.21507563262886403,3111.7999999955905,0.259162220971786
2026-07-13,6974.799999995998,0.5797597890087592,5994.599999995113,0.50056307800183,6462.099999995346,0.5391639259673052
2026-07-14,7645.899999996412,0.6357494547065561,6951.199999995584,0.5808336316786805,7416.699999995817,0.6192341314476075
2026-07-15,8951.299999996318,0.7432350238512082,8256.59999999555,0.6889040424812194,8722.099999995782,0.7271753835945717
2026-07-16,15880.899999996383,1.300615830906595,15186.199999995613,1.2494696013521103,15651.699999995846,1.2869044251060566
2026-07-17,14537.699999996372,1.1904757953567862,13842.999999995602,1.1388547950292132,14308.499999995835,1.1763406049818637
2026-07-20,12718.199999996546,1.0354214411557574,12023.499999995778,0.9833928354692504,12488.999999996011,1.0207472191961446
2026-07-21,17945.89999999685,1.4550645186584712,17251.199999996083,1.4050194365703816,17716.699999996315,1.4420193259369989
2026-07-22,17007.99999999671,1.3748368950651475,16290.799999995941,1.322644209241185,16756.299999996172,1.3595667566448149
2026-07-23,15230.799999996087,1.2330324487255642,14499.599999995493,1.1790852925161783,14965.099999995726,1.216130209857425
2026-07-24,16683.999999995634,1.3483470181517405,15952.799999995039,1.294961463962123,16418.29999999527,1.3318894735502413
2026-07-27,17488.299999995535,1.414321369157991,16757.099999995,1.3611740170801494,17222.59999999523,1.398097707139537
2026-07-28,13888.999999995429,1.1325177157101762,13157.799999994893,1.0777907203585761,13623.299999995126,1.1151496829022551
2026-07-29,16386.49999999514,1.325403072573525,16013.799999994602,1.2984493376644985,16479.299999994837,1.335335518044678
2026-07-30,27207.599999995233,2.078629911070941,26834.899999994814,2.05446536410639,27300.399999995047,2.0891557531166507
2026-07-31,18302.899999995047,1.4376602928509588,18347.499999994674,1.4463189553008466,18605.499999994907,1.4649266167658668
