date,book_net
2003-02-04,-0.0018112735286745386
2003-02-05,-0.0008719735420390973
2003-02-06,-0.002362183567291333
2003-02-07,-0.003392068383850465
2003-02-10,0.0014682342817877118
2003-02-11,-0.0008068584407430169
2003-02-12,-0.0031175806095030123
2003-02-13,0.0011947667598200783
2003-02-14,0.002432469056585083
2003-02-18,0.003119400675111572
2003-02-19,-0.003682871936065432
2003-02-20,-0.0007977248792069464
2003-02-21,0.0019660611341530193
2003-02-24,-0.0032064518322788716
2003-02-25,0.0003118742079098152
2003-02-26,-0.0016569693032905163
2003-02-27,0.00043522529244812477
2003-02-28,0.0013483829647650434
2003-03-03,0.0005620923606866786
2003-03-04,-0.004215497577610878
2003-03-05,0.0011046962982498775
2003-03-06,-0.0028320648613219825
2003-03-07,5.303994669583116e-05
2003-03-10,-0.005803395718635645
2003-03-11,-0.0015191732218994608
2003-03-12,-0.0016546435265302405
2003-03-13,0.005431440147234761
2003-03-14,0.0007149493773016228
2003-03-17,0.0063410230785507435
2003-03-18,0.001581560629971939
2003-03-19,0.0017123749395822055
2003-03-20,0.0013453457973044273
2003-03-21,0.005343699049106063
2003-03-24,-0.006276550654236803
2003-03-25,0.002316059997119522
2003-03-26,-0.0022231887790828595
2003-03-27,0.0005874134341797266
2003-03-28,-0.0004802344102972063
2003-03-31,-0.004325645867323752
2003-04-01,0.004579758854937437
2003-04-02,0.004381722064391669
2003-04-03,-0.0019390305313786672
2003-04-04,0.0028621175269287298
2003-04-07,0.0011272893862418554
2003-04-08,0.0003446470367875642
2003-04-09,-0.0006630555140443425
2003-04-10,-0.0008618622389687781
2003-04-11,-0.0009093602328668785
2003-04-14,0.004212716861020001
2003-04-15,0.002881116976646953
2003-04-16,-0.003418855751705323
2003-04-17,0.0030483415164645946
2003-04-21,0.0002119822354489992
2003-04-22,0.0035748451120981095
2003-04-23,0.002490694813693516
2003-04-24,-0.0019051770826096258
2003-04-25,-0.003290961491831562
2003-04-28,0.004150135669719338
2003-04-29,0.0010401138376866896
2003-04-30,0.0014062218643174972
2003-05-01,-0.00036716068836037993
2003-05-02,0.0037899261937932513
2003-05-05,0.0012707242816351197
2003-05-06,0.003509513602536135
2003-05-07,-0.0014783670837042614
2003-05-08,-0.0023116877751978874
2003-05-09,0.002773995951402961
2003-05-12,0.0022977179091586714
2003-05-13,0.0009859707350501439
2003-05-14,-0.00010819556958313602
2003-05-15,0.00044169164910385397
2003-05-16,0.00024494346033840527
2003-05-19,-0.0048293882105328225
2003-05-20,0.0006380777542032748
2003-05-21,-0.0002795601425513016
2003-05-22,0.0026229526544062232
2003-05-23,0.001759054439850086
2003-05-27,0.002801224746333833
2003-05-28,0.001393286414816853
2003-05-29,0.0006804370400066123
2003-05-30,0.002734532405733425
2003-06-02,0.002668927379844589
2003-06-03,0.00033742444863674024
2003-06-04,0.0024961071357895
2003-06-05,0.0031808479041051455
2003-06-06,0.00024456626046453513
2003-06-09,-0.0032342507190990144
2003-06-10,0.0027173261706199014
2003-06-11,0.0034129670717258235
2003-06-12,0.0010055448937143822
2003-06-13,-0.002213756140023083
2003-06-16,0.003693169896440173
2003-06-17,0.0008195582212214665
2003-06-18,-0.0009719097222788717
2003-06-19,-0.0035238954179818535
2003-06-20,-0.0010499008724075725
2003-06-23,-0.003429539274355147
2003-06-24,-0.00022859585467630678
2003-06-25,-0.0010883497102339972
2003-06-26,0.0021722059164266502
2003-06-27,-0.0019518539181541225
2003-06-30,-0.0007396302882663908
2003-07-01,0.0014943125299833747
2003-07-02,0.005502150584206167
2003-07-03,-0.0019823467223388496
2003-07-07,0.0036934284280793167
2003-07-08,0.0010758119903717571
2003-07-09,-0.0002459168323706766
2003-07-10,-0.003086581605633618
2003-07-11,0.0019619139090344046
2003-07-14,0.001998342556906602
2003-07-15,-0.001987745796914104
2003-07-16,-0.0021564340979026617
2003-07-17,-0.005141474887967111
2003-07-18,0.0039320294488714835
2003-07-21,-0.00252744427706093
2003-07-22,0.0009534822604572721
2003-07-23,0.0021522172120986773
2003-07-24,0.0002060398684899783
2003-07-25,0.003015319721476227
2003-07-28,0.0011656538089966162
2003-07-29,-0.00040161525223928146
2003-07-30,-0.0012430294620911935
2003-07-31,-0.0016545141036029103
2003-08-01,-0.001966439369319245
2003-08-04,0.000777493609492317
2003-08-05,-0.004051627370606389
2003-08-06,0.0027895269078624615
2003-08-07,0.0025821524827886883
2003-08-08,0.0006923034410991728
2003-08-11,0.0011327460263388647
2003-08-12,0.0014252212447001624
2003-08-13,-0.003016536218313695
2003-08-14,0.0034315253248798625
2003-08-15,-0.0006463227640904712
2003-08-18,0.003266016077356681
2003-08-19,0.0032437634631126283
2003-08-20,-0.0015304921010221013
2003-08-21,-0.00010444631113198924
2003-08-22,-0.0026276832764164705
2003-08-25,-0.0016745284844952816
2003-08-26,0.0009522635047141178
2003-08-27,-4.31966186559973e-05
2003-08-28,0.0029612469622346954
2003-08-29,4.403039577213258e-05
2003-09-02,0.0027680071526878557
2003-09-03,0.0031794521125790755
2003-09-04,0.0007971034130945329
2003-09-05,0.0022395328477321907
2003-09-08,0.00032428266445031363
2003-09-09,0.0007464851481052339
2003-09-10,-0.0010428701280269027
2003-09-11,0.00013301497664841713
2003-09-12,0.0017776070166246201
2003-09-15,0.0005601612673440033
2003-09-16,0.002136523309323715
2003-09-17,0.0024626086160711427
2003-09-18,0.0026182670741294227
2003-09-19,-0.0006554552010256127
2003-09-22,-0.003742334041360239
2003-09-23,0.0015149870021658016
2003-09-24,-0.0010558630996210954
2003-09-25,-0.003863791309394185
2003-09-26,-0.0006172037948796404
2003-09-29,0.00213808857120127
2003-09-30,3.127326593923355e-05
2003-10-01,0.00794035666758281
2003-10-02,0.00014142322777244045
2003-10-03,-0.000814102116050399
2003-10-06,0.0028675189609188995
2003-10-07,-0.001197791770488702
2003-10-08,-0.0009396825568043089
2003-10-09,0.0007648231780805155
2003-10-10,0.0008211305485651482
2003-10-13,0.002235568141849579
2003-10-14,0.0005676076742374542
2003-10-15,-0.0032868423211508298
2003-10-16,0.0005677540177574764
2003-10-17,-0.0008708215682979015
2003-10-20,0.00216460898067108
2003-10-21,-0.00021728467760328803
2003-10-22,-0.0019215488648769222
2003-10-23,-0.002774419064168059
2003-10-24,0.0018634567636478688
2003-10-27,0.001569593291835543
2003-10-28,0.003914701933353223
2003-10-29,-0.0007004480531417764
2003-10-30,-0.0002581158055006817
2003-10-31,-0.00013738369433718387
2003-11-03,0.0010343642004893093
2003-11-04,0.0019534050937601802
2003-11-05,-0.001867669689315998
2003-11-06,-0.0012219749749321361
2003-11-07,-0.0001225865974562538
2003-11-10,-0.0023394958024199573
2003-11-11,-0.0007232919266889376
2003-11-12,0.0057023633362676945
2003-11-13,0.0033553580980544063
2003-11-14,-0.001073712352712806
2003-11-17,-0.0030418934496693932
2003-11-18,0.0008658273048630174
2003-11-19,2.3158870464206822e-05
2003-11-20,-0.00045880087036318933
2003-11-21,0.0021817589838972907
2003-11-24,0.0014777500006683084
2003-11-25,0.0020206109252399697
2003-11-26,0.0011209506065181633
2003-11-28,-0.0008258644234377463
2003-12-01,0.002929074516718229
2003-12-02,0.0009424507019352112
2003-12-03,-0.0013528882444861783
2003-12-04,0.0006451915669756475
2003-12-05,0.0009751168428430984
2003-12-08,0.0013199952756605096
2003-12-09,-0.002611028539327427
2003-12-10,-0.001773839555714368
2003-12-11,0.0054086585313796315
2003-12-12,0.0017147323704461176
2003-12-15,-0.002976308567275903
2003-12-16,0.00496629898557661
2003-12-17,0.0008172691411269941
2003-12-18,0.004703051938440332
2003-12-19,-0.0012689313780240357
2003-12-22,0.002183903100705211
2003-12-23,-0.0014880728573700857
2003-12-24,0.0013945625551065777
2003-12-26,0.001014329944304135
2003-12-29,0.002821511849141868
2003-12-30,-0.00020739992318289562
2003-12-31,0.0008230810068175174
2004-01-02,-0.00035181229292581036
2004-01-05,0.003326109889765356
2004-01-06,0.0014370058173149803
2004-01-07,-6.832318235688688e-06
2004-01-08,0.0025765521108830902
2004-01-09,0.00045285782658254
2004-01-12,0.0014692872146850684
2004-01-13,-9.810844840398361e-06
2004-01-14,0.0033431481443538746
2004-01-15,-5.6695117040569956e-05
2004-01-16,-0.0013636215670191315
2004-01-20,0.002460026726766469
2004-01-21,0.003696925124549083
2004-01-22,0.0007781285417092474
2004-01-23,-0.0030331587023644762
2004-01-26,0.00098281412420906
2004-01-27,-0.00046536144463442077
2004-01-28,-0.005224800886514487
2004-01-29,-0.0013074776982374566
2004-01-30,0.0013265553329182438
2004-02-02,0.0005633087330068181
2004-02-03,0.0003548464188912628
2004-02-04,-0.0043365512019566165
2004-02-05,0.0008821186895217754
2004-02-06,0.007113573513259331
2004-02-09,0.0016833240990443688
2004-02-10,0.0014449020971583624
2004-02-11,0.004206346770980451
2004-02-12,-0.002138796515234646
2004-02-13,-0.0005621604992714962
2004-02-17,0.004686658139166399
2004-02-18,-0.00367928141268863
2004-02-19,5.0959702680849e-05
2004-02-20,-0.0030961652132494807
2004-02-23,0.00034226839205696237
2004-02-24,-0.00024849150297942606
2004-02-25,0.0008401247147872453
2004-02-26,9.25565493854573e-05
2004-02-27,0.0032777239512830495
2004-03-01,0.004024490614098012
2004-03-02,-0.004303220247363305
2004-03-03,0.00040434488286687136
2004-03-04,0.00208605021965171
2004-03-05,0.006279101830535655
2004-03-08,-0.00080758044692929
2004-03-09,-0.0011526732726672394
2004-03-10,-0.006161300865567385
2004-03-11,-0.004554245472411398
2004-03-12,0.0035015032983970414
2004-03-15,-0.005246690892362437
2004-03-16,0.0034987224574671585
2004-03-17,0.004940545325934626
2004-03-18,-0.0011081393466178626
2004-03-19,-0.0038453277218930327
2004-03-22,-0.003741543187153603
2004-03-23,0.002139035046462614
2004-03-24,-0.001920743444776744
2004-03-25,0.004074877847310908
2004-03-26,-0.0017743291733256145
2004-03-29,0.0036416471638453145
2004-03-30,0.001383655258296102
2004-03-31,0.0025572037914858062
2004-04-01,0.0024847541430349255
2004-04-02,-0.004850227407010643
2004-04-05,-0.0012575385601062198
2004-04-06,0.00016672235014046207
2004-04-07,0.0004678243778492551
2004-04-08,-0.0020855469373453383
2004-04-12,0.000258778380266691
2004-04-13,-0.006875755094847814
2004-04-14,-0.002065042130481064
2004-04-15,-0.001194365385709519
2004-04-16,0.0043997396866368695
2004-04-19,-0.0009746064244420778
2004-04-20,-0.0061843624979799885
2004-04-21,0.003415443569711958
2004-04-22,0.002978197109317053
2004-04-23,-0.002198948263465031
2004-04-26,0.0008189573970710615
2004-04-27,0.0011094359659755883
2004-04-28,-0.006481284348193025
2004-04-29,-0.003977280562648534
2004-04-30,-0.00026363467565670973
2004-05-03,0.0034037843498854877
2004-05-04,-0.0011487952694147919
2004-05-05,0.0011059350230822706
2004-05-06,-0.0026545762593398747
2004-05-07,-0.00739057843732036
2004-05-10,-0.0011133668718187266
2004-05-11,0.0005647640378096123
2004-05-12,0.0013249959256558539
2004-05-13,-0.0027089028230705705
2004-05-14,0.0036486209929042883
2004-05-17,0.0023960007582449765
2004-05-18,-0.000989799841090668
2004-05-19,-0.002995297795226427
2004-05-20,0.002019257029338801
2004-05-21,-0.0005259637099135055
2004-05-24,0.0007808654474892512
2004-05-25,0.0020691884136130032
2004-05-26,0.0015973637147356963
2004-05-27,0.002208685379658839
2004-05-28,-0.0011705713256595044
2004-06-01,0.0003050179407485325
2004-06-02,0.0002729793846044316
2004-06-03,-0.0009265651903355236
2004-06-04,0.0008499853949735692
2004-06-07,0.0015260787592500213
2004-06-08,0.00046160320663689807
2004-06-09,-0.0024180016906092893
2004-06-10,0.0017316882833285747
2004-06-14,-0.002752588915464075
2004-06-15,0.004979508307625603
2004-06-16,0.0005637788439637516
2004-06-17,0.0015314438781493438
2004-06-18,0.0005479888417851425
2004-06-21,-0.0005760685887156483
2004-06-22,-0.0010427976222250415
2004-06-23,0.0011051804894999084
2004-06-24,0.00046435440868038055
2004-06-25,-0.0012700678440256128
2004-06-28,-0.00040195860155583667
2004-06-29,0.0007281483694627292
2004-06-30,0.0014968141342854215
2004-07-01,-0.0018172288891384854
2004-07-02,0.002474793226020928
2004-07-06,0.000968904632991368
2004-07-07,0.0007404520643364874
2004-07-08,0.0019527775846227382
2004-07-09,0.00043469159481312
2004-07-12,0.0016492696194954418
2004-07-13,-0.0011673741072697396
2004-07-14,0.0010285631410416503
2004-07-15,-0.001687930819114245
2004-07-16,0.0041243961060210815
2004-07-19,-0.00011668062586622156
2004-07-20,-0.0038025094329673798
2004-07-21,0.0008699766472142144
2004-07-22,-0.0002312863299407101
2004-07-23,0.0015989781534734681
2004-07-26,0.0010981488903782028
2004-07-27,-0.004055469059181977
2004-07-28,0.0012363205788314166
2004-07-29,-0.0014953105472754289
2004-07-30,0.001960438589204829
2004-08-02,0.001438472693600554
2004-08-03,0.0017653369937762724
2004-08-04,-9.93750899869379e-05
2004-08-05,0.0003733777243643015
2004-08-06,0.0053683950056852186
2004-08-09,-0.001153746198568555
2004-08-10,-0.0013487549004871085
2004-08-11,0.0016715884746865207
2004-08-12,0.0008422340672244304
2004-08-13,0.0011227352122813148
2004-08-16,-0.0013449171276442454
2004-08-17,-0.00013013919383999943
2004-08-18,-0.0027706469827764603
2004-08-19,0.0009275540018209119
2004-08-20,-0.0015896331529899074
2004-08-23,-0.0023711063084493884
2004-08-24,0.000322107881119735
2004-08-25,-0.00022473175424022828
2004-08-26,0.0018108138412907873
2004-08-27,-0.00043427460100181094
2004-08-30,0.002062967814030598
2004-08-31,0.002419218894053937
2004-09-01,-0.002336808889293507
2004-09-02,-0.008428190388855146
2004-09-03,0.005267525407709671
2004-09-07,-0.005011196281380459
2004-09-08,0.0027076625227148965
2004-09-09,-0.0017551242943830128
2004-09-10,-0.0041493158158957795
2004-09-13,-0.0025689884239168456
2004-09-14,-0.00035353508716368326
2004-09-15,0.004241980286795726
2004-09-16,-0.0016756520360363704
2004-09-17,-0.0024936844140724785
2004-09-20,0.003153385947904322
2004-09-21,-0.003918802138276919
2004-09-22,0.009302672509909777
2004-09-23,0.00011859615306689926
2004-09-24,-0.0003072143281914302
2004-09-27,0.004398612836927471
2004-09-28,-0.004492926723925612
2004-09-29,-0.0052866623114156824
2004-09-30,-0.001325758550510616
2004-10-01,-0.011285454308420782
2004-10-04,-0.002888195760045188
2004-10-05,0.0005126423061980206
2004-10-06,-0.004684705046571454
2004-10-07,0.00520941993491297
2004-10-08,0.0062669511156071
2004-10-11,-0.0019389538816251735
2004-10-12,0.003955774010767109
2004-10-13,0.005751328969862537
2004-10-14,0.005003203814852628
2004-10-15,-0.0055435651491660895
2004-10-18,-0.003483771132212389
2004-10-19,0.003779751813982539
2004-10-20,0.000716924240550287
2004-10-21,-0.005688743192554343
2004-10-22,0.007290553807806247
2004-10-25,-0.0002464533754111388
2004-10-26,-0.0054747996617694845
2004-10-27,-0.009518501977663503
2004-10-28,-6.403725329408334e-05
2004-10-29,0.0007897096086710741
2004-11-01,-0.0035400471310235025
2004-11-02,-0.0006858805657042005
2004-11-03,-0.006760903785403828
2004-11-04,-0.006748307770163866
2004-11-05,-0.0050930661660214364
2004-11-08,0.0018680350657210478
2004-11-09,-0.00013788588100674664
2004-11-10,-0.0009327234891293102
2004-11-11,-0.005861531464913492
2004-11-12,-0.0044904498613796305
2004-11-15,-0.001320893598354859
2004-11-16,0.004425586420265854
2004-11-17,-0.004751867241714228
2004-11-18,5.85032701115601e-05
2004-11-19,0.004704185959629772
2004-11-22,-0.002682455298345217
2004-11-23,-0.001053086808772917
2004-11-24,-0.0030400321084309823
2004-11-26,-0.0030130452542551605
2004-11-29,-0.0012566203806679294
2004-11-30,-0.00042507414435503997
2004-12-01,-0.007429000213609258
2004-12-02,-0.000701966880355133
2004-12-03,0.0018377183581945646
2004-12-06,0.001724365566187807
2004-12-07,0.007205925082529465
2004-12-08,0.0005166452826774214
2004-12-09,0.0007949647595311245
2004-12-10,0.0012152005560140495
2004-12-13,-0.006382366074957528
2004-12-14,-0.0018452175347154962
2004-12-15,-0.0013014790061978497
2004-12-16,0.0006976577642095796
2004-12-17,0.0019914042213681113
2004-12-20,-0.0012886708251604818
2004-12-21,-0.004783073392754082
2004-12-22,-0.0012930143615681223
2004-12-23,-0.0024015651348296358
2004-12-27,-0.0008448217663208172
2004-12-28,-0.004557024791624075
2004-12-29,-0.000590451674657375
2004-12-30,0.002137544039097111
2004-12-31,-0.00016627889953400678
2005-01-03,0.00552326528165143
2005-01-04,0.010263028676326943
2005-01-05,0.006075573126682346
2005-01-06,-0.0005905652437426296
2005-01-07,0.0014091851736695723
2005-01-10,-0.0024215674356018375
2005-01-11,0.004525423329098315
2005-01-12,-0.0038585149804450897
2005-01-13,0.006123919053602503
2005-01-14,-0.005466882027597327
2005-01-18,-0.0034993873473696396
2005-01-19,0.008262685386583193
2005-01-20,0.006363923816451949
2005-01-21,0.0006488421927192623
2005-01-24,0.0030031327451256785
2005-01-25,-0.0035667446800066757
2005-01-26,-0.006132652669392527
2005-01-27,-0.0010898932789571013
2005-01-28,0.0024792589006829356
2005-01-31,-0.005375032757694821
2005-02-01,-0.003926227831598899
2005-02-02,-0.0017442128493365616
2005-02-03,0.002816144275103381
2005-02-04,-0.004993200358502411
2005-02-07,0.002061753627626474
2005-02-08,-0.0001474945653201319
2005-02-09,0.007011788833854231
2005-02-10,-0.0049922715637225985
2005-02-11,-0.006889879538765705
2005-02-14,-0.0015223322648775584
2005-02-15,-0.0032382656313749824
2005-02-16,0.0006158786576549433
2005-02-17,0.00271348550417537
2005-02-18,-0.0030869919337963565
2005-02-22,0.006222857149459071
2005-02-23,-0.0020317963354400327
2005-02-24,-0.005613725080649224
2005-02-25,-0.00675547147531114
2005-02-28,0.001428604227114139
2005-03-01,-0.003847416564118258
2005-03-02,0.003035314867544842
2005-03-03,0.0002672937230078917
2005-03-04,-0.006077169385661156
2005-03-07,-0.0010006592330850668
2005-03-08,0.001546493893043762
2005-03-09,0.002000764860708746
2005-03-10,0.0016033514341289266
2005-03-11,0.001586656973838839
2005-03-14,-9.408970868673954e-05
2005-03-15,0.0056125071410678615
2005-03-16,0.0048457024235644955
2005-03-17,-0.0013785607892809863
2005-03-18,0.001502887341865073
2005-03-21,0.002378902270772335
2005-03-22,0.005457304979547473
2005-03-23,0.0033656380575167004
2005-03-24,-0.00011851264912225701
2005-03-28,-0.0022094050115341337
2005-03-29,0.008877811729180464
2005-03-30,-0.008625720177149512
2005-03-31,0.0011953399042041592
2005-04-01,0.0026503002086991734
2005-04-04,-0.001826915105694325
2005-04-05,-0.0022335197131459748
2005-04-06,-0.0016381323392439197
2005-04-07,-0.005462618398383121
2005-04-08,0.005279276457388688
2005-04-11,0.00221805320655565
2005-04-12,-0.0023742293763129477
2005-04-13,0.009163075430630902
2005-04-14,0.010694327086754135
2005-04-15,0.01238850697787002
2005-04-18,-0.0021523952759098888
2005-04-19,-0.00577151891432741
2005-04-20,0.008864524962155958
2005-04-21,-0.016304173706573912
2005-04-22,0.007110221049804
2005-04-25,-0.005317359133747005
2005-04-26,0.006931858060471297
2005-04-27,0.0013165334669128462
2005-04-28,0.011211535609500492
2005-04-29,-0.009426240957417424
2005-05-02,-0.0029133556140307406
2005-05-03,-0.001056461648556239
2005-05-04,-0.007997231784025291
2005-05-05,5.665005524277212e-05
2005-05-06,-0.0014978770211551522
2005-05-09,-0.0025771821193901717
2005-05-10,0.008234243396957589
2005-05-11,-0.0018346040611485293
2005-05-12,0.006935481083856838
2005-05-13,0.0018608257054145096
2005-05-16,-0.005051125584689297
2005-05-17,-0.0016748025084066655
2005-05-18,-0.00686847403173899
2005-05-19,-0.0027269523323369964
2005-05-20,0.0007921358658416261
2005-05-23,-0.0019423790630747149
2005-05-24,0.0016533148867322836
2005-05-25,0.001136733111708276
2005-05-26,-0.0040611763137159826
2005-05-27,-0.0016543470221239123
2005-05-31,0.0057849393695967345
2005-06-01,-0.002920571702220011
2005-06-02,-0.003055346863981199
2005-06-03,0.0032915298060275182
2005-06-06,-0.0011246842500168795
2005-06-07,0.0015561125551176622
2005-06-08,0.001322114527012067
2005-06-09,-0.003542195031630762
2005-06-10,-0.0003290634965357922
2005-06-13,-0.0022401134187797307
2005-06-14,-0.0016730856872922935
2005-06-15,-0.0022336920088863598
2005-06-16,-0.00220921298647223
2005-06-17,-0.0037609645514214813
2005-06-20,0.001981705839541715
2005-06-21,0.00023287555488581236
2005-06-22,0.0016766340465604816
2005-06-23,0.007987115260700872
2005-06-24,0.00463852721796591
2005-06-27,0.00024264711136971206
2005-06-28,-0.006570763068740039
2005-06-29,0.000762108377528557
2005-06-30,0.0037443043146990485
2005-07-01,-0.0032313534105310334
2005-07-05,-0.006284728315459996
2005-07-06,0.004621541562991819
2005-07-07,-0.00024149418670022673
2005-07-08,-0.010324817643650015
2005-07-11,-0.005795091521456682
2005-07-12,-0.00411471608819721
2005-07-13,0.0007336152473417669
2005-07-14,-0.002379804973786867
2005-07-15,0.0008208257018802585
2005-07-18,0.0016211122935131212
2005-07-19,-0.004653505347649113
2005-07-20,-0.0029294154768773344
2005-07-21,-0.0009972967109266905
2005-07-22,-0.0007711403790620547
2005-07-25,0.002318078683763358
2005-07-26,-0.0007899905613779059
2005-07-27,-0.004302559944828219
2005-07-28,-0.0033778765579613053
2005-07-29,0.0012144330549755014
2005-08-01,-0.003590798292019194
2005-08-02,-0.006466236488688158
2005-08-03,0.0001259133711090294
2005-08-04,0.0062983611777355656
2005-08-05,0.004247470062016101
2005-08-08,7.261072859031786e-05
2005-08-09,-0.005203293847607571
2005-08-10,-0.0009027560455635864
2005-08-11,-0.0032118821973377482
2005-08-12,0.006588003222917122
2005-08-15,-0.004301694097430117
2005-08-16,0.010910065922338093
2005-08-17,-0.0013872019757389447
2005-08-18,0.0060115548040510225
2005-08-19,-0.0012668905259934
2005-08-22,-0.003511276215697847
2005-08-23,0.0030336313478715286
2005-08-24,0.005823314055949359
2005-08-25,-0.0028060944724079607
2005-08-26,0.0037389604984422674
2005-08-29,-0.0045051046001592975
2005-08-30,0.004637394205930633
2005-08-31,-0.008786290288310355
2005-09-01,-0.00319538747262335
2005-09-02,0.00020927113159886266
2005-09-06,-0.009510307850767813
2005-09-07,-0.001862083594753439
2005-09-08,0.0025670040976906875
2005-09-09,-0.005676877112641171
2005-09-12,-0.00032817927105723113
2005-09-13,0.005108360938033208
2005-09-14,0.0029827264243093596
2005-09-15,-0.0012870596293838262
2005-09-16,-0.007430274097274682
2005-09-19,0.003750558491715175
2005-09-20,0.003924552879388047
2005-09-21,0.005325862430469175
2005-09-22,-0.00045770873861443635
2005-09-23,-0.002058034454423904
2005-09-26,-0.004069011571502971
2005-09-27,0.002148344284989396
2005-09-28,-0.0016164700451529186
2005-09-29,-0.008390546144951567
2005-09-30,-0.0016191300484667715
2005-10-03,-0.0017365775211909882
2005-10-04,0.00684155738835209
2005-10-05,0.012143644271990536
2005-10-06,0.007097133417428747
2005-10-07,-0.004237155917910344
2005-10-10,0.004553270471437969
2005-10-11,0.0014504497615332164
2005-10-12,0.007135180708265211
2005-10-13,-0.0010445826938006227
2005-10-14,-0.0057695368301909486
2005-10-17,-0.0011494227160096253
2005-10-18,0.008921767228376022
2005-10-19,-0.010900140301943346
2005-10-20,0.014037459129453797
2005-10-21,-0.004414879159457767
2005-10-24,-0.013574735298846957
2005-10-25,0.0021599184904484226
2005-10-26,0.0004626678615507798
2005-10-27,0.010417552567502373
2005-10-28,-0.009068205791826626
2005-10-31,-0.005440806967751746
2005-11-01,-0.004050899999467225
2005-11-02,-0.008771114016540484
2005-11-03,-0.0040130305203558096
2005-11-04,0.0011464534236765897
2005-11-07,-0.0007807735862062985
2005-11-08,0.0031304696547447912
2005-11-09,-0.0033822936115026968
2005-11-10,-0.0007396062649231153
2005-11-11,-0.0019161424967440348
2005-11-14,-3.418500677809731e-05
2005-11-15,0.004850366938737194
2005-11-16,0.00046833632182637395
2005-11-17,-0.007333601161024581
2005-11-18,-0.0036402003680248945
2005-11-21,-0.001548380813274651
2005-11-22,-0.0011963713233480752
2005-11-23,-0.003409588365603062
2005-11-25,0.001928361098546632
2005-11-28,0.004154305483115464
2005-11-29,-0.00035144671906497477
2005-11-30,0.0014016055659012941
2005-12-01,-0.010168419642912194
2005-12-02,-0.0011361489501300328
2005-12-05,-8.229280235610323e-05
2005-12-06,-0.0004250837484909768
2005-12-07,0.0030674858617744907
2005-12-08,0.002769241439662003
2005-12-09,-0.005026667590372481
2005-12-12,-0.0036339975786694972
2005-12-13,-0.002539584889808376
2005-12-14,0.002569594700823394
2005-12-15,0.0024811675638670614
2005-12-16,0.0016256781193764145
2005-12-19,0.004842085473921218
2005-12-20,-0.0012592387685390518
2005-12-21,-0.004332565885403997
2005-12-22,-0.0017286332966694009
2005-12-23,0.0002865314259197068
2005-12-27,0.008028293824735333
2005-12-28,-0.0027294182889089982
2005-12-29,0.0025147634622928474
2005-12-30,0.003093874804216535
2006-01-03,-0.015415088248367808
2006-01-04,-0.004207471442100988
2006-01-05,-0.0010231685001158214
2006-01-06,-0.009235120959056427
2006-01-09,-0.002410662155549201
2006-01-10,-0.00032441408068266457
2006-01-11,-0.004149473084922477
2006-01-12,0.005382966075312153
2006-01-13,0.000898677133275608
2006-01-17,0.005828548528975931
2006-01-18,0.004533530090464949
2006-01-19,-0.00843087340802834
2006-01-20,0.013754478744169752
2006-01-23,-0.005463413339667526
2006-01-24,-0.004731215840963159
2006-01-25,-0.002363589050650377
2006-01-26,-0.007890325884447864
2006-01-27,-0.005517815991422266
2006-01-30,8.567934790520714e-05
2006-01-31,0.002057584855001526
2006-02-01,-0.0039767725698833245
2006-02-02,0.009135193347015885
2006-02-03,0.005270789666743942
2006-02-06,-0.0027092373875244667
2006-02-07,0.006018854719847702
2006-02-08,-0.004542069140417112
2006-02-09,0.0022447300697256843
2006-02-10,-0.001425296113144683
2006-02-13,0.005162880550432531
2006-02-14,-0.008042294366024055
2006-02-15,-0.00023257682224250508
2006-02-16,-0.0064370079114861615
2006-02-17,0.0035370667293831456
2006-02-21,0.002558687576843941
2006-02-22,-0.003176693125392656
2006-02-23,-0.00027050784483413593
2006-02-24,-0.002495005117544994
2006-02-27,-0.003263642077927538
2006-02-28,0.009147006253508972
2006-03-01,-0.009335755052495698
2006-03-02,0.0019596915790277055
2006-03-03,0.004989808172352571
2006-03-06,0.005951598718117169
2006-03-07,0.006701647436396511
2006-03-08,-0.0015697083472450922
2006-03-09,0.003940253486467989
2006-03-10,-0.006025020220435582
2006-03-13,-0.001479487145865821
2006-03-14,-0.0102400182790875
2006-03-15,-0.002994623669110993
2006-03-16,-0.0008856097962343023
2006-03-17,-0.0011665998800981516
2006-03-20,-0.000988027810357431
2006-03-21,0.008162879492922333
2006-03-22,-0.005371212575602827
2006-03-23,0.0033981264491311143
2006-03-24,-0.0047746364604037955
2006-03-27,0.0009517371909073661
2006-03-28,0.006738307749392966
2006-03-29,-0.0076004404922055185
2006-03-30,-0.0002310154277937479
2006-03-31,0.0009634327444465331
2006-04-03,-0.0021619852778313707
2006-04-04,-0.004070039518974134
2006-04-05,-0.0028601777614631926
2006-04-06,-0.001390647301511109
2006-04-07,0.005534908069596407
2006-04-10,0.0005099359335378055
2006-04-11,0.006718980703296826
2006-04-12,-0.0023318541481639923
2006-04-13,-0.0028623158110211047
2006-04-17,0.0009905975415577556
2006-04-18,-0.01244192156036568
2006-04-19,-0.004115493657276612
2006-04-20,0.0014157139208047832
2006-04-21,0.0012933399024133536
2006-04-24,0.0028367624853116494
2006-04-25,-0.00035793560234270656
2006-04-26,-0.0023043055900125987
2006-04-27,0.0004998737902230919
2006-04-28,-0.0008319981983873209
2006-05-01,0.0024042419311929
2006-05-02,-0.005876524388552302
2006-05-03,0.0013467108882157487
2006-05-04,-0.0049689764325976955
2006-05-05,-0.005274384689019453
2006-05-08,-0.00024273766011712614
2006-05-09,-0.0006486363283301138
2006-05-10,0.0033864969840903415
2006-05-11,0.009884121062133792
2006-05-12,0.008837337406280394
2006-05-15,0.003928296960122326
2006-05-16,0.002367250922180273
2006-05-17,0.012751823877604198
2006-05-18,0.007359448796971851
2006-05-19,-0.005210918360974107
2006-05-22,0.010621937194213471
2006-05-23,0.004717094169794406
2006-05-24,-0.0021911546176830604
2006-05-25,-0.01167678722901492
2006-05-26,-0.0027060481510515558
2006-05-30,0.01391716975036475
2006-05-31,-0.00784358687089611
2006-06-01,-0.008341786206600093
2006-06-02,0.001115409093036595
2006-06-05,0.011988937300240213
2006-06-06,0.003360665986980063
2006-06-07,0.005590397115039523
2006-06-08,0.004286679576756408
2006-06-09,0.004032995641937109
2006-06-12,0.009322411161340515
2006-06-13,0.009240917261490754
2006-06-14,-0.009060519877753845
2006-06-15,-0.017914564583342292
2006-06-16,0.004135743820302419
2006-06-19,0.0064542407941105525
2006-06-20,-0.0022203872713745677
2006-06-21,-0.00794309540601929
2006-06-22,0.002995506509139174
2006-06-23,-0.00032697429417994327
2006-06-26,-0.003304350702606921
2006-06-27,0.009386231139375964
2006-06-28,-0.006547748175885407
2006-06-29,-0.016772676980431996
2006-06-30,0.00013788221159023427
2006-07-03,-0.004542021883470826
2006-07-05,0.005698094876135862
2006-07-06,-0.0009342398389076014
2006-07-07,0.005724435299243731
2006-07-10,-0.00025927337378207834
2006-07-11,-0.0019244533946899027
2006-07-12,0.007836938597499328
2006-07-13,0.009924389007266372
2006-07-14,0.0028604522216364205
2006-07-17,0.0020669881044123703
2006-07-18,-0.003658652638022862
2006-07-19,-0.007961816362414276
2006-07-20,0.006979843559827656
2006-07-21,0.0037866086953770033
2006-07-24,-0.010715855779719641
2006-07-25,-0.0017943531753967003
2006-07-26,0.0005380573947800405
2006-07-27,0.00016857029754156037
2006-07-28,-0.00669869187983755
2006-07-31,0.0013814143672690859
2006-08-01,0.004986281668171148
2006-08-02,-0.0052396533513741584
2006-08-03,-0.0015848675683771667
2006-08-04,-0.00017706167825476684
2006-08-07,0.0023888929411876557
2006-08-08,0.002807068316960019
2006-08-09,0.001075867395048375
2006-08-10,-0.002160579863293547
2006-08-11,0.00434586908551451
2006-08-14,-0.0009756247333322666
2006-08-15,-0.010235679240076484
2006-08-16,-0.007032122265372948
2006-08-17,-0.00031425892883406623
2006-08-18,-0.0018578568476906472
2006-08-21,0.0023203997206717353
2006-08-22,3.6919901882082596e-05
2006-08-23,0.003384466008519897
2006-08-24,0.00010767869769890267
2006-08-25,-0.0008022348908075234
2006-08-28,-0.0029666353007443483
2006-08-29,-0.0024366413567638275
2006-08-30,-0.001668335314759624
2006-08-31,-8.285592355324489e-05
2006-09-01,-0.002691395206969144
2006-09-05,-0.0012556463175321356
2006-09-06,0.008713898186676042
2006-09-07,0.0034533318679352202
2006-09-08,-0.00194596203718307
2006-09-11,0.001743035525294535
2006-09-12,-0.008302512741682715
2006-09-13,-0.0026899694965756443
2006-09-14,0.0013282516611907438
2006-09-15,-0.0006366798475827371
2006-09-18,-0.000577789428607163
2006-09-19,0.0007371121563218881
2006-09-20,-0.005468579238294879
2006-09-21,0.0009029329873341328
2006-09-22,0.002422344965241999
2006-09-25,-0.0062712758617311974
2006-09-26,-0.0017046632140418014
2006-09-27,-0.0006143393724636301
2006-09-28,-4.223979992633392e-05
2006-09-29,0.00244266192267838
2006-10-02,0.0018586926377505552
2006-10-03,0.00035924918463951864
2006-10-04,-0.010729255996628807
2006-10-05,-0.0011201641039259816
2006-10-06,0.004453178855773485
2006-10-09,-0.001363860003848647
2006-10-10,0.0012296160058410243
2006-10-11,0.0018774577284849285
2006-10-12,-0.007376426252683556
2006-10-13,-0.001097433679480801
2006-10-16,-0.0021257511920297714
2006-10-17,0.003356806057486068
2006-10-18,-0.0005974415166087495
2006-10-19,-0.0014378590886069454
2006-10-20,0.0008432144090954495
2006-10-23,-0.0008102401977830427
2006-10-24,-0.00041039529362536673
2006-10-25,-0.004757554789715407
2006-10-26,-0.004415926422588049
2006-10-27,0.004169980204821947
2006-10-30,-0.0007406779457530921
2006-10-31,-0.002760076513825418
2006-11-01,0.003958569422279363
2006-11-02,0.0006474005606714392
2006-11-03,0.003417574812962018
2006-11-06,-0.008355122728564316
2006-11-07,-0.0029171068028106934
2006-11-08,-0.0022224895066921624
2006-11-09,0.0029638920076763167
2006-11-10,-0.0026601525684061453
2006-11-13,-0.0008257003273463544
2006-11-14,-0.0072984029018907945
2006-11-15,-0.000602147704281879
2006-11-16,0.0012319806022538136
2006-11-17,-0.0007425351183458793
2006-11-20,0.0006039484355180872
2006-11-21,-0.002485284540943593
2006-11-22,-0.0030875390144628153
2006-11-24,0.0017729282042168385
2006-11-27,0.008797805058278261
2006-11-28,-0.0032895120593314704
2006-11-29,-0.005587523248880527
2006-11-30,-0.0024293360149324626
2006-12-01,0.0015125552069478762
2006-12-04,-0.007189383274267462
2006-12-05,-0.0022622981264329707
2006-12-06,0.0023624860357819885
2006-12-07,0.0027845537443428707
2006-12-08,0.001661144689633906
2006-12-11,-0.002671687133299049
2006-12-12,0.0012483372287805628
2006-12-13,0.0008037396218482266
2006-12-14,-0.004096161787627621
2006-12-15,5.136837167148441e-05
2006-12-18,0.0035591448351196646
2006-12-19,0.00031863186163041973
2006-12-20,-0.0003730741687483657
2006-12-21,0.0010081570341436885
2006-12-22,0.004917505133624099
2006-12-26,-0.003852874727162008
2006-12-27,-0.004002328634619725
2006-12-28,0.0023029914213069324
2006-12-29,0.002219150332781021
2007-01-03,-0.0023582388308199084
2007-01-04,-0.002753050393280565
2007-01-05,0.010108112175953044
2007-01-08,-0.001509663325156425
2007-01-09,0.0004223765438655707
2007-01-10,-0.0005515809600473455
2007-01-11,-0.003236804467705689
2007-01-12,-0.005173772942562067
2007-01-16,0.0006184099582170118
2007-01-17,0.002533834338966382
2007-01-18,0.004623090992278774
2007-01-19,-0.003364234376358518
2007-01-22,0.003036791939273092
2007-01-23,-0.0027649469225844874
2007-01-24,-0.006127534468580727
2007-01-25,0.01170831330491928
2007-01-26,-0.00020934953878948176
2007-01-29,0.0005628169905556446
2007-01-30,-0.003969449387045528
2007-01-31,-0.005423629182545696
2007-02-01,-0.0037805383748358763
2007-02-02,-0.0003993907488947818
2007-02-05,0.00026081901864918476
2007-02-06,-0.003048109087514654
2007-02-07,-0.0032269759211431426
2007-02-08,0.0014856463070509543
2007-02-09,0.006986614054036145
2007-02-12,0.003244847477608183
2007-02-13,-0.0052987597036048715
2007-02-14,-0.009107229673175331
2007-02-15,-0.0017146832073790628
2007-02-16,-0.0004849264293479909
2007-02-20,-0.003085114949721105
2007-02-21,0.0004478112497127027
2007-02-22,8.070047743826145e-05
2007-02-23,0.00039552303737167943
2007-02-26,-0.000445623903742696
2007-02-27,0.026537978342315787
2007-02-28,-0.00494958274088383
2007-03-01,0.004328009897303066
2007-03-02,0.0066823798018655605
2007-03-05,0.008430007241133106
2007-03-06,-0.01280030326645372
2007-03-07,0.0006381277943927746
2007-03-08,-0.005492089474252098
2007-03-09,0.0013637063598214098
2007-03-12,-0.003091628780455852
2007-03-13,0.010889006965857387
2007-03-14,-0.0033656960647278507
2007-03-15,-0.0014006603242293942
2007-03-16,0.001779462773824051
2007-03-19,-0.00671963566318895
2007-03-20,-0.003981419502794145
2007-03-21,-0.010928945948921987
2007-03-22,0.0029219084143014985
2007-03-23,0.00017104359012829257
2007-03-26,-0.00016924223834944161
2007-03-27,0.002783675755301316
2007-03-28,0.005520494351026667
2007-03-29,-0.0021184983141546714
2007-03-30,0.0002495890393018091
2007-04-02,-0.001545408396117
2007-04-03,-0.005399090243699469
2007-04-04,-0.0016961315498258192
2007-04-05,-0.0001718714921628044
2007-04-09,0.0015569067999460873
2007-04-10,-0.002723654624316831
2007-04-11,0.003896074723254867
2007-04-12,-0.003939419509506274
2007-04-13,-0.0012567809605876566
2007-04-16,-0.006223619064017398
2007-04-17,-0.0013677320501194483
2007-04-18,0.0003554645690057666
2007-04-19,0.0014546790994145492
2007-04-20,-0.00432069528741417
2007-04-23,0.001072480710180431
2007-04-24,-0.0011507485430164064
2007-04-25,-0.004072770222304882
2007-04-26,0.0010149296873507463
2007-04-27,0.0012020856325994191
2007-04-30,0.004278918311112801
2007-05-01,-0.000729402502394808
2007-05-02,-0.005326645176058256
2007-05-03,-0.0015120163610448578
2007-05-04,-0.0032562876063242274
2007-05-07,-0.0006804368440690759
2007-05-08,0.002612281773850748
2007-05-09,-0.001514208026842016
2007-05-10,0.007822869102029758
2007-05-11,-0.00644545759771956
2007-05-14,0.003941008606920141
2007-05-15,0.0016285526558458207
2007-05-16,-0.0035383198142588273
2007-05-17,0.003716994346979523
2007-05-18,-0.003182123069653916
2007-05-21,-0.0020134858350863835
2007-05-22,0.0006441145206794464
2007-05-23,0.0012270849427668718
2007-05-24,0.006960796531207004
2007-05-25,-0.0031691861368695257
2007-05-29,-0.0016863414531903438
2007-05-30,-0.004361785934993561
2007-05-31,-0.0012683918007828517
2007-06-01,-0.0021503936577921315
2007-06-04,0.0001337750807054706
2007-06-05,0.00047262376029888774
2007-06-06,0.007986098208442654
2007-06-07,0.0057751921447987435
2007-06-08,-0.007323970462139271
2007-06-11,-0.002040467242065787
2007-06-12,0.004321268499895421
2007-06-13,-0.00597535265841381
2007-06-14,-0.005122416895265343
2007-06-15,-0.004084284048840745
2007-06-18,-0.0007142424007154997
2007-06-19,0.0014927774497850903
2007-06-20,0.005649273118487335
2007-06-21,-0.005761406256319233
2007-06-22,0.007783512936805049
2007-06-25,0.0039418334113766875
2007-06-26,0.004571263478462608
2007-06-27,-0.008262921298710207
2007-06-28,-0.00015028063676897149
2007-06-29,0.0018255022419296383
2007-07-02,-0.006182295610478328
2007-07-03,-0.004069127365654281
2007-07-05,-0.002763055735754522
2007-07-06,-0.004555297015705335
2007-07-09,-4.025498290495186e-06
2007-07-10,0.010775275759573036
2007-07-11,-0.005865753224244263
2007-07-12,-0.009552068943084508
2007-07-13,-0.001465353339106222
2007-07-16,0.0034208297608252915
2007-07-17,-0.001038375816038426
2007-07-18,0.0031749754964605793
2007-07-19,-0.0026404538916141988
2007-07-20,0.007329175215048773
2007-07-23,-0.0031408829630941953
2007-07-24,0.012078485506233938
2007-07-25,0.00032153941905029324
2007-07-26,0.01743193175717986
2007-07-27,0.011236050879045363
2007-07-30,-0.01079692559972184
2007-07-31,0.00861746496675732
2007-08-01,-0.0028340364683761923
2007-08-02,-0.004363782172328848
2007-08-03,0.011974050358214958
2007-08-06,-0.005114568490208903
2007-08-07,-0.004230487251903875
2007-08-08,-0.007351044761151838
2007-08-09,0.013354630926979074
2007-08-10,0.004726564409734728
2007-08-13,-0.0019485478343491088
2007-08-14,0.007498411321470329
2007-08-15,0.01050496989255417
2007-08-16,-0.0018513874214630278
2007-08-17,-0.009065129882303692
2007-08-20,-0.0013730514195422977
2007-08-21,-0.00251673985358202
2007-08-22,-0.008692596947484834
2007-08-23,0.0006065283237903341
2007-08-24,-0.008203839084381818
2007-08-27,0.0032997879329338766
2007-08-28,0.011801879857465072
2007-08-29,-0.012294931168590331
2007-08-30,9.397685319533306e-05
2007-08-31,-0.006922107760097625
2007-09-04,-0.006083979356398456
2007-09-05,0.006190953975334729
2007-09-06,-0.0014882224678700587
2007-09-07,0.009895146742410297
2007-09-10,0.0028345180793240654
2007-09-11,-0.007041586648897496
2007-09-12,-0.0007872611967400066
2007-09-13,-0.004124192199845888
2007-09-14,0.00031934210377610535
2007-09-17,0.004410735781738454
2007-09-18,-0.015148430668928228
2007-09-19,-0.004415991771512472
2007-09-20,-0.0016107745155350196
2007-09-21,-0.000555445754324435
2007-09-24,1.878659311805115e-05
2007-09-25,-0.0005942534520633102
2007-09-26,-0.0026814116229568873
2007-09-27,-0.0023281853201548536
2007-09-28,0.0020877462747316607
2007-10-01,-0.006273647762153181
2007-10-02,5.884395350440837e-05
2007-10-03,0.0028798024223042925
2007-10-04,-0.000767911014343105
2007-10-05,-0.00977741822798645
2007-10-08,0.002452780495868632
2007-10-09,-0.004455491665740476
2007-10-10,0.0003184293225711361
2007-10-11,0.0029761123927478446
2007-10-12,-0.005110297644981113
2007-10-15,0.004156780774343554
2007-10-16,0.005095371294187703
2007-10-17,-0.0022825524633312794
2007-10-18,0.0007042092150860636
2007-10-19,0.014919199116234974
2007-10-22,-0.003973583850852271
2007-10-23,-0.006450300244797432
2007-10-24,0.00340327356412426
2007-10-25,-0.0002371177440333784
2007-10-26,-0.007921263540486135
2007-10-29,-0.0021174028463128
2007-10-30,0.003057411405334017
2007-10-31,-0.00771965220537733
2007-11-01,0.01380876489639845
2007-11-02,-0.0013900759229000768
2007-11-05,0.005667413506388187
2007-11-06,-0.008114769269144114
2007-11-07,0.011747948313653665
2007-11-08,0.002904598749826555
2007-11-09,0.010215438762948682
2007-11-12,0.009324942041445418
2007-11-13,-0.01700360597949734
2007-11-14,0.002273973083332742
2007-11-15,0.007632731400265136
2007-11-16,-0.0011991266042528537
2007-11-19,0.010892024611844695
2007-11-20,-0.005530429815397736
2007-11-21,0.011466710983894922
2007-11-23,-0.008661573450263488
2007-11-26,0.013375728659875212
2007-11-27,-0.00950151096298347
2007-11-28,-0.01613787239917756
2007-11-29,0.003250207109594848
2007-11-30,-0.0020131114679171743
2007-12-03,0.004526220949373694
2007-12-04,0.0024637217016356253
2007-12-05,-0.008279046604101654
2007-12-06,-0.006638047891184977
2007-12-07,-0.001079909988284993
2007-12-10,-0.0030755372534044738
2007-12-11,0.013523834972867596
2007-12-12,-0.006659581386745658
2007-12-13,0.0019226122760112206
2007-12-14,0.005574481512303407
2007-12-17,0.008975483350224323
2007-12-18,-0.003263623777766599
2007-12-19,0.001971645146622653
2007-12-20,-0.004228586517336102
2007-12-21,-0.008680021719824151
2007-12-24,-0.0034244035614531105
2007-12-26,-0.002575397236848095
2007-12-27,0.006736071368748324
2007-12-28,0.002446730270276034
2007-12-31,0.004140468859631008
2008-01-02,0.005609721387919566
2008-01-03,8.665745107740234e-05
2008-01-04,0.010943771515275725
2008-01-07,0.0004154535840778051
2008-01-08,0.006449372257679795
2008-01-09,-0.005221694139982823
2008-01-10,-0.0032215020233234506
2008-01-11,0.007592049265063658
2008-01-14,-0.004158890549080409
2008-01-15,0.011249230159725412
2008-01-16,0.00418501226914468
2008-01-17,0.00918509701465357
2008-01-18,-0.0003432494449240786
2008-01-22,0.008544721915853391
2008-01-23,-0.0045836929341359954
2008-01-24,-0.008156905310534398
2008-01-25,0.007282609165256652
2008-01-28,-0.006038339622466723
2008-01-29,-0.0018918502715428917
2008-01-30,0.0020051830076456252
2008-01-31,-0.005241080925096738
2008-02-01,-0.005176812118684448
2008-02-04,0.000577991331466718
2008-02-05,0.006079065025000795
2008-02-06,0.003182262051009618
2008-02-07,-0.005698650393513309
2008-02-08,0.0010805133741197805
2008-02-11,-0.0008621558224770698
2008-02-12,-0.0006057674320161058
2008-02-13,-0.005436255400022678
2008-02-14,0.002225886069104219
2008-02-15,0.001218166707648304
2008-02-19,-0.002140982720125059
2008-02-20,-0.0009946908210565883
2008-02-21,0.004814483994266994
2008-02-22,-0.0010734812035743174
2008-02-25,-0.00364370315103988
2008-02-26,-0.0007085762551118495
2008-02-27,-6.0690802625982926e-05
2008-02-28,0.004173623226601013
2008-02-29,0.0070300799241776145
2008-03-03,0.0008331740152721744
2008-03-04,-0.0006670342759168818
2008-03-05,-0.002732047072876722
2008-03-06,0.007196831949722781
2008-03-07,0.0014558352235197573
2008-03-10,0.005981908887978843
2008-03-11,-0.011037720717101079
2008-03-12,0.004849142095993293
2008-03-13,-0.002496431389881841
2008-03-14,0.005914540770198151
2008-03-17,0.004230367387367101
2008-03-18,-0.010884303708571033
2008-03-19,0.007487114671938373
2008-03-20,-0.0035329019737853095
2008-03-24,-0.010032166483565216
2008-03-25,0.00023094585058583517
2008-03-26,0.0020124922383975698
2008-03-27,0.002107786393374136
2008-03-28,0.0029371880958923087
2008-03-31,-0.0004111024795957348
2008-04-01,-0.009804726083503086
2008-04-02,-0.00010126701527064978
2008-04-03,-0.00031770876944892725
2008-04-04,0.00112053050923592
2008-04-07,-0.000725232831152319
2008-04-08,-0.0002179333980477618
2008-04-09,0.0023122739782050444
2008-04-10,-0.0027882012337349846
2008-04-11,0.002305885729220227
2008-04-14,-9.093344518379755e-05
2008-04-15,-0.0013882322022533316
2008-04-16,-0.0018228168760985979
2008-04-17,-0.0002866264316304581
2008-04-18,-0.0021595553898752537
2008-04-21,0.0001321735551196546
2008-04-22,0.0016198338181150358
2008-04-23,-0.001504994786156108
2008-04-24,-0.0018895212902328227
2008-04-25,0.00013165933661293404
2008-04-28,0.0003048443044032237
2008-04-29,0.0002177192817879852
2008-04-30,0.0005421680743313784
2008-05-01,-0.0015041407003912842
2008-05-02,-0.0015971779531830277
2008-05-05,0.0003299801707742781
2008-05-06,-0.0009267378662303912
2008-05-07,0.0015799232126413813
2008-05-08,0.00047683891553166165
2008-05-09,0.0004003248133127365
2008-05-12,-0.0017802484384127255
2008-05-13,-0.002457512775364107
2008-05-14,0.0002651121353448522
2008-05-15,0.0010791830403414477
2008-05-16,-0.0005320951420403324
2008-05-19,0.0006514740361258951
2008-05-20,0.0007905036025731843
2008-05-21,0.0003815226323853639
2008-05-22,-0.001289998261209667
2008-05-23,0.0005796786261196814
2008-05-27,-0.0024700224380593424
2008-05-28,-0.0020766430413484316
2008-05-29,-0.001974371328404611
2008-05-30,0.0005227592799064053
2008-06-02,0.0010975809579018819
2008-06-03,0.001738626926822856
2008-06-04,-0.002348029661791098
2008-06-05,-0.002359639101969454
2008-06-06,0.002619682501690102
2008-06-09,0.00011683341138571113
2008-06-10,-0.0008005507283300352
2008-06-11,0.0012889328424440028
2008-06-12,-0.001998071957074013
2008-06-13,-0.0017447210550777788
2008-06-16,-0.0007568576035120268
2008-06-17,0.0004832296399925972
2008-06-18,0.0011070137668928036
2008-06-19,-0.0027724839231237906
2008-06-20,0.0023179639029823015
2008-06-23,0.0010325088809245626
2008-06-24,0.002149748919796676
2008-06-25,-0.001680971797228611
2008-06-26,0.00293962007478607
2008-06-27,0.00039391689658840445
2008-06-30,0.0018995535132416725
2008-07-01,-0.0011531900218976212
2008-07-02,-0.00018574975400391695
2008-07-03,0.0008423942851535717
2008-07-07,-0.0005437152119920186
2008-07-08,-0.0008692429441275136
2008-07-09,0.0006153406602707928
2008-07-10,0.0005582120344521523
2008-07-11,-0.003943041674117176
2008-07-14,0.0017709331656678652
2008-07-15,-0.0028496549180494052
2008-07-16,-0.0012401702401257056
2008-07-17,0.0009898542575631898
2008-07-18,0.001051526656303412
2008-07-21,0.0005221455177326599
2008-07-22,-0.0011869155405554077
2008-07-23,-0.0008082692153311071
2008-07-24,-0.0009842194565319355
2008-07-25,-0.0022259366287550294
2008-07-28,0.00015007846730714027
2008-07-29,0.0019543898994578237
2008-07-30,0.0012450109548804852
2008-07-31,-0.0012660949381101334
2008-08-01,-0.0011078672370333975
2008-08-04,-0.0021700323770837806
2008-08-05,0.0006197966188928222
2008-08-06,-0.00017926122250708495
2008-08-07,-0.0012079570986115726
2008-08-08,-0.001135900751398373
2008-08-11,-0.003150622804821786
2008-08-12,-0.0001760218474824546
2008-08-13,-0.0024410570668588925
2008-08-14,0.00030262106344260673
2008-08-15,0.00027419982661892596
2008-08-18,-0.00031878347563173625
2008-08-19,-0.0008076227350012377
2008-08-20,0.00251827523854834
2008-08-21,0.001132170819974936
2008-08-22,-0.0010921509253769498
2008-08-25,0.00010232290812408884
2008-08-26,0.0008282586647628769
2008-08-27,0.0017735558811781164
2008-08-28,0.0004268054174308657
2008-08-29,-0.00023177185517659358
2008-09-02,-0.0014059554338269186
2008-09-03,-0.00043029149513069167
2008-09-04,-0.003393935409818185
2008-09-05,0.0009531343524776574
2008-09-08,0.004066972703810717
2008-09-09,-0.004272924623164193
2008-09-10,0.0001422909514686084
2008-09-11,-0.0017986556146545544
2008-09-12,0.002464403541542664
2008-09-15,-0.0025043404959704946
2008-09-16,-0.0016215359832835886
2008-09-17,-0.0030866261535473405
2008-09-18,0.002503357716348929
2008-09-19,0.007017305494272372
2008-09-22,-0.002763222521301302
2008-09-23,-0.0037706972898072524
2008-09-24,0.0021541794124035605
2008-09-25,0.0042953507679240515
2008-09-26,-0.0019725971218741683
2008-09-29,-0.00847005166350236
2008-09-30,0.005074659093276469
2008-10-01,0.0034779921514693
2008-10-02,-0.005703526964492597
2008-10-03,-0.0007306096049643896
2008-10-06,-0.006072858106945068
2008-10-07,-0.00675502833965233
2008-10-08,-0.004898881503149047
2008-10-09,-0.012258481525425335
2008-10-10,-0.0013234406326876943
2008-10-13,0.017823036464822948
2008-10-14,-0.002983743691557824
2008-10-15,-0.013004860746292887
2008-10-16,0.006247829521955999
2008-10-17,-0.0033591611804198065
2008-10-20,0.009317065190425846
2008-10-21,-0.0038185529738045294
2008-10-22,-0.008373873348149562
2008-10-23,0.0016798849253486924
2008-10-24,-0.009542400115484798
2008-10-27,-0.005829473475426669
2008-10-28,0.014933522929592984
2008-10-29,-0.0009813345738720568
2008-10-30,0.0070739266854250435
2008-10-31,0.0015063607158857936
2008-11-03,0.0005108774153828472
2008-11-04,0.005661496171960124
2008-11-05,-0.0036416359245967493
2008-11-06,-0.004503801869251873
2008-11-07,0.0031178665536190976
2008-11-10,-0.0005410188468773144
2008-11-11,-0.002304310406356202
2008-11-12,-0.0033612259780293877
2008-11-13,0.005045848782756198
2008-11-14,-0.0034062147128037282
2008-11-17,-0.00013690410979689876
2008-11-18,0.001557013197207472
2008-11-19,-0.0036262686335213445
2008-11-20,-0.0009721838726480936
2008-11-21,0.004597553478966167
2008-11-24,0.0031752331678516874
2008-11-25,0.003970839964935995
2008-11-26,0.0037659726184074566
2008-11-28,0.0014007874240645826
2008-12-01,-0.004205075435236154
2008-12-02,0.006304913515658862
2008-12-03,0.0030318946311940482
2008-12-04,-0.002572614821003344
2008-12-05,0.00316417622470602
2008-12-08,0.005158512363232138
2008-12-09,-0.00038658153879803396
2008-12-10,0.002132911993598682
2008-12-11,-0.0028601827699739277
2008-12-12,0.002542050912919889
2008-12-15,-0.0013257258737327685
2008-12-16,0.009327942721739752
2008-12-17,0.0007888465535951778
2008-12-18,-0.0009795182236277723
2008-12-19,-0.0002289821234557688
2008-12-22,-0.002799040820729704
2008-12-23,-0.0012366096713003856
2008-12-24,0.0006152677781778543
2008-12-26,0.0011186153664911914
2008-12-29,-0.0006520406332709011
2008-12-30,0.0036687852420086674
2008-12-31,0.00017230909809202912
2009-01-02,0.001712853169927129
2009-01-05,-0.00127108702092064
2009-01-06,0.001236664723627567
2009-01-07,-0.003941062065905935
2009-01-08,0.001084724969349669
2009-01-09,-0.0032781249838625304
2009-01-12,-0.00264808804906628
2009-01-13,8.533602402839735e-05
2009-01-14,-0.004031424683970339
2009-01-15,0.001427790552991023
2009-01-16,-3.5658212252739984e-05
2009-01-20,-0.008428146420555904
2009-01-21,0.004424445705043587
2009-01-22,-0.00412572957467321
2009-01-23,0.00018000956123542396
2009-01-26,0.0009528158773260061
2009-01-27,0.0030594209820167004
2009-01-28,0.003522147667277639
2009-01-29,-0.006829439585730404
2009-01-30,-0.0022764070962532734
2009-02-02,0.0014022544244503509
2009-02-03,0.0010640882049974597
2009-02-04,-0.0008448417972704603
2009-02-05,0.002611594449801758
2009-02-06,0.003907392515985723
2009-02-09,-8.995314249930104e-05
2009-02-10,-0.0048680701494371965
2009-02-11,0.002093171377647366
2009-02-12,0.00011854898601268577
2009-02-13,-0.0025905834333564593
2009-02-17,-0.0042423307966523655
2009-02-18,-0.0014977348848073538
2009-02-19,-0.0025580172398018304
2009-02-20,-0.0009410669699686302
2009-02-23,-0.004644129124628895
2009-02-24,0.005360498359121893
2009-02-25,-0.0033143295228607052
2009-02-26,-0.0030286860665377693
2009-02-27,-0.0018351501904773232
2009-03-02,-0.005650858480053657
2009-03-03,-0.0010552009405688405
2009-03-04,0.004810150337509578
2009-03-05,-0.0044673685210686424
2009-03-06,-0.00037224260585400087
2009-03-09,-0.0033664064524226473
2009-03-10,0.009027163331616295
2009-03-11,0.001954058570479414
2009-03-12,0.00649524497459852
2009-03-13,0.000780691408734441
2009-03-16,-0.001956030609199806
2009-03-17,0.004887236008844748
2009-03-18,0.007649207388773967
2009-03-19,-0.0011642833835663446
2009-03-20,-0.00333006861172446
2009-03-23,0.011041364386248422
2009-03-24,-0.004007794290013839
2009-03-25,0.001280241892168085
2009-03-26,0.004704833007914044
2009-03-27,-0.003796510402112359
2009-03-30,-0.004861570488396497
2009-03-31,0.0026005788011315475
2009-04-01,0.0038100510283825824
2009-04-02,0.005465596041276253
2009-04-03,0.00042481040894579115
2009-04-06,-0.0021279570828856387
2009-04-07,-0.0037839110645688256
2009-04-08,0.0028919295812620204
2009-04-09,0.005275247344136681
2009-04-13,0.0011596521183944994
2009-04-14,-0.002044750762995892
2009-04-15,0.0014621906274324542
2009-04-16,0.0021869780485086272
2009-04-17,-0.0006552429081574559
2009-04-20,-0.005567485222386694
2009-04-21,0.0028120783722770776
2009-04-22,-0.0009390111051089898
2009-04-23,0.0017589841082245022
2009-04-24,0.002018143127448299
2009-04-27,-0.00129283633617115
2009-04-28,-0.0016626771984228235
2009-04-29,0.0036900605198571506
2009-04-30,0.00025379172364993003
2009-05-01,0.0006897572424330991
2009-05-04,0.006686733262688078
2009-05-05,-0.0009649925041069875
2009-05-06,0.0019823550277244424
2009-05-07,-0.005100888382075129
2009-05-08,0.0045602005019321
2009-05-11,-0.001233733042578305
2009-05-12,-0.00043269840913443295
2009-05-13,-0.00487804269875813
2009-05-14,0.0021132541900513026
2009-05-15,-0.0012096178897841208
2009-05-18,0.004914908050334495
2009-05-19,0.00043976714767780947
2009-05-20,0.00025961275351064444
2009-05-21,-0.004321348267154914
2009-05-22,-0.0011356846883488305
2009-05-26,0.003954407091094193
2009-05-27,-0.0041352864540092705
2009-05-28,0.0031804150626865337
2009-05-29,0.004829856418431435
2009-06-01,0.0028668186745162204
2009-06-02,0.0009113153396837703
2009-06-03,-0.002149604515201493
2009-06-04,0.00043509647293322383
2009-06-05,-0.0014101409849579197
2009-06-08,-0.0017315798837394076
2009-06-09,0.0015648299101243877
2009-06-10,-0.0010795008524792141
2009-06-11,0.0024073318675692378
2009-06-12,0.00014041585025159425
2009-06-15,-0.004473935948714138
2009-06-16,-0.001328494393249828
2009-06-17,-5.848320602638795e-05
2009-06-18,-0.0013178912077388427
2009-06-19,0.002492382473466225
2009-06-22,-0.0052770174036124926
2009-06-23,0.0010364998529977033
2009-06-24,0.0014645967542588146
2009-06-25,0.006142521819348236
2009-06-26,0.0003546567359408818
2009-06-29,0.0012434957422007913
2009-06-30,-0.0015253368068765772
2009-07-01,0.0017273195987133401
2009-07-02,-0.005543213805046557
2009-07-06,-0.0006702210770761578
2009-07-07,-0.0042603009689943724
2009-07-08,0.0010725669023027252
2009-07-09,0.0001587202374394239
2009-07-10,0.00028930071210713616
2009-07-13,0.0035720509794080527
2009-07-14,7.488060236878868e-05
2009-07-15,0.005750520634392541
2009-07-16,0.0023486076280949198
2009-07-17,-0.0003126503969320359
2009-07-20,0.003924624631682744
2009-07-21,0.002354272815038223
2009-07-22,-5.84719530583802e-05
2009-07-23,0.003557910599202367
2009-07-24,0.00046365364132564506
2009-07-27,0.000234554798069135
2009-07-28,-0.00037159348497131997
2009-07-29,-0.0007465825323883825
2009-07-30,0.003967477779328484
2009-07-31,0.002100576000951033
2009-08-03,0.0029730628011432514
2009-08-04,-0.0003754537771316804
2009-08-05,-0.0025722799547404905
2009-08-06,-0.0018409622920912197
2009-08-07,0.0019418293155593228
2009-08-10,-0.00011522657877831115
2009-08-11,-0.0017960174864833642
2009-08-12,0.002329595595036976
2009-08-13,0.003593594679607497
2009-08-14,-0.002608645772537603
2009-08-17,-0.005984750921726639
2009-08-18,0.0028984812946903043
2009-08-19,0.0025204678178752616
2009-08-20,0.003180949750891523
2009-08-21,0.0027605463708499714
2009-08-24,0.0012812034141324554
2009-08-25,0.001281572073729773
2009-08-26,-1.1743228162531822e-05
2009-08-27,0.00010916069059477209
2009-08-28,-2.4599486832656368e-05
2009-08-31,-0.002474643749415325
2009-09-01,-0.004976968010278469
2009-09-02,0.0008854286028822117
2009-09-03,0.0021074872093865575
2009-09-04,0.003251069041211205
2009-09-08,0.003018910232769996
2009-09-09,0.0027272068217908535
2009-09-10,0.004212007825003575
2009-09-11,0.0004949074651559516
2009-09-14,0.00011007713343116924
2009-09-15,0.0009390926439792885
2009-09-16,0.004891948097240064
2009-09-17,0.00018378372117027513
2009-09-18,-0.0002255289006670109
2009-09-21,-0.0009477455207424769
2009-09-22,0.0024370437946783815
2009-09-23,-0.0020039715469851744
2009-09-24,-0.0034088972739440646
2009-09-25,-0.00036976350102678105
2009-09-28,0.00507751689079533
2009-09-29,-0.0009823301334222247
2009-09-30,-0.0005029584455949796
2009-10-01,-0.006096249657307713
2009-10-02,-0.001955324234679288
2009-10-05,0.004444463523119874
2009-10-06,0.004220831016485088
2009-10-07,0.0017096282901272039
2009-10-08,0.001893902796742234
2009-10-09,-0.0006015328581919663
2009-10-12,0.0014901691642394185
2009-10-13,4.834477262697539e-05
2009-10-14,0.004718382116841367
2009-10-15,-0.0004430154484397239
2009-10-16,-0.0022145548661118377
2009-10-19,0.004025078535998882
2009-10-20,-0.0015320460128529893
2009-10-21,-0.0024037648649492473
2009-10-22,0.0021734141716025774
2009-10-23,-0.004300585166560661
2009-10-26,-0.004028816210617072
2009-10-27,-0.0018750204535657553
2009-10-28,-0.007646459597450111
2009-10-29,0.006459688435514727
2009-10-30,-0.008059803508526305
2009-11-02,0.0014833618339604837
2009-11-03,0.0004489303311085807
2009-11-04,0.00024206948833357475
2009-11-05,0.006664923047958547
2009-11-06,0.001112224185185443
2009-11-09,0.007751909173185381
2009-11-10,-0.0006896155148352852
2009-11-11,0.002272289310173007
2009-11-12,-0.004115956857716305
2009-11-13,0.0034416437170293602
2009-11-16,0.006437009954416671
2009-11-17,0.00022353527908891565
2009-11-18,-0.0016354946550725753
2009-11-19,-0.0052560032108096046
2009-11-20,-0.00123685595098923
2009-11-23,0.004902770641052975
2009-11-24,-0.00010346614521117043
2009-11-25,0.0024234457934333123
2009-11-27,-0.006812398786806613
2009-11-30,0.0017253714243570693
2009-12-01,0.004397591626528428
2009-12-02,0.0008695022241784235
2009-12-03,-0.003305662091958685
2009-12-04,0.0011642736745366743
2009-12-07,-0.0008042889030439501
2009-12-08,-0.0033409102980225193
2009-12-09,0.0006631792914377595
2009-12-10,9.224629519235276e-05
2009-12-11,0.00019100545029698463
2009-12-14,0.0031830190906971703
2009-12-15,-0.002751141189428274
2009-12-16,0.001558534781398108
2009-12-17,-0.003582505564211653
2009-12-18,0.0018000358998322668
2009-12-21,0.0005295948821588593
2009-12-22,0.0014094961061132168
2009-12-23,0.0025044412413751864
2009-12-24,0.0011143656452629479
2009-12-28,0.00048266221310247964
2009-12-29,0.00010188294387427739
2009-12-30,0.0006728951407938231
2009-12-31,-0.003228381189175415
2010-01-04,0.007208193092258925
2010-01-05,0.0012896482078157702
2010-01-06,-0.0013282063208891815
2010-01-07,0.00042779465335281104
2010-01-08,0.0024879170612553546
2010-01-11,-0.00027703954110228757
2010-01-12,-0.0026038769855902537
2010-01-13,0.0022835171665910752
2010-01-14,0.002273938879915718
2010-01-15,-0.003891281546747611
2010-01-19,0.0051969386053742446
2010-01-20,-0.005297402791006936
2010-01-21,-0.006118880245078523
2010-01-22,-0.008358085945275234
2010-01-25,0.001593841723251963
2010-01-26,-0.002240887793018152
2010-01-27,0.0013223182347935937
2010-01-28,-0.0060724260296385274
2010-01-29,-0.003938280460810143
2010-02-01,0.005001646416114554
2010-02-02,0.004662961619229259
2010-02-03,-0.002788539687635535
2010-02-04,-0.011237234262177551
2010-02-05,0.0009250795079777316
2010-02-08,-0.003994745985807484
2010-02-09,0.005892367817963415
2010-02-10,-0.0016966197279710208
2010-02-11,0.005070884233131088
2010-02-12,-0.0002166621214962132
2010-02-16,0.0071567271240270585
2010-02-17,0.00038103117130667717
2010-02-18,0.0016089716623423544
2010-02-19,-0.00031114063576651485
2010-02-22,-7.794537786394162e-05
2010-02-23,-0.0035556621459708615
2010-02-24,0.003517296671626452
2010-02-25,-0.00026662753024025526
2010-02-26,0.0015830698286820558
2010-03-01,0.005437687263575682
2010-03-02,0.002259252143724376
2010-03-03,0.0012432510758665024
2010-03-04,0.0008223106582624223
2010-03-05,0.005680869044108629
2010-03-08,-0.00028181890323045433
2010-03-09,0.0013998026138755764
2010-03-10,0.00211005928583442
2010-03-11,0.0013467932734961276
2010-03-12,0.0008405362543504203
2010-03-15,-0.0014495211540239382
2010-03-16,0.004543016090954714
2010-03-17,0.0026399864768358893
2010-03-18,-0.001352988562214823
2010-03-19,-0.0035039702019371913
2010-03-22,0.0032357059306511167
2010-03-23,0.002566642292941699
2010-03-24,-0.00607769684022194
2010-03-25,-0.0017844965604559794
2010-03-26,0.0014366772935238501
2010-03-29,0.002643781556673854
2010-03-30,0.0011204860187481959
2010-03-31,-0.0005145696537937564
2010-04-01,0.003668870695881031
2010-04-05,0.0017005298929615982
2010-04-06,0.0014906004883742288
2010-04-07,-0.0005850585223805637
2010-04-08,0.0005401731328428511
2010-04-09,0.003561339923607635
2010-04-12,0.001027327795540799
2010-04-13,0.0010456643659573083
2010-04-14,0.005385911126266473
2010-04-15,0.0006721090943975426
2010-04-16,-0.006419622437509774
2010-04-19,-0.0010162820447201825
2010-04-20,0.004147204772331854
2010-04-21,0.0011818215109329541
2010-04-22,0.0008025648716874285
2010-04-23,0.002339520998136408
2010-04-26,-0.0006953276945974805
2010-04-27,-0.009953446121599017
2010-04-28,0.00033788486274103643
2010-04-29,0.007648150263086028
2010-04-30,-0.00644506888677564
2010-05-03,0.0051551118490266055
2010-05-04,-0.012397017645340132
2010-05-05,-0.0042270076055966515
2010-05-06,-0.012927047907656143
2010-05-07,-0.007569133594648368
2010-05-10,0.0223826345656012
2010-05-11,-0.0024150624942089957
2010-05-12,0.006855243438021655
2010-05-13,-0.004655864959987796
2010-05-14,-0.007178247259507757
2010-05-17,-0.0002915867257981079
2010-05-18,-0.0056215414192349435
2010-05-19,-0.0024133447729598983
2010-05-20,-0.015505533343530048
2010-05-21,0.008201614613704724
2010-05-24,-0.005672365454550449
2010-05-25,-6.977782316671393e-05
2010-05-26,-0.0033002838548855614
2010-05-27,0.016891956106497692
2010-05-28,-0.004770630190477083
2010-06-01,-0.006629420131459201
2010-06-02,0.007448530539875903
2010-06-03,0.0008033052773996733
2010-06-04,-0.009308043245954085
2010-06-07,-0.004423393238664347
2010-06-08,0.0020964287115364418
2010-06-09,-0.0015123018699838891
2010-06-10,0.008470668942110349
2010-06-11,0.0036555867127780087
2010-06-14,0.00022222809565966442
2010-06-15,0.007923219920620568
2010-06-16,0.0003659928631367918
2010-06-17,0.0013503198790938854
2010-06-18,-1.9547610675846592e-05
2010-06-21,-0.0008408379590621877
2010-06-22,-0.003400341192120345
2010-06-23,0.0006040900563870504
2010-06-24,-0.005638969946073296
2010-06-25,0.002680692715821342
2010-06-28,-0.0002597305098279283
2010-06-29,-0.010329839586167398
2010-06-30,-0.002713595772499818
2010-07-01,0.00023591056826516776
2010-07-02,-0.0017644197677696395
2010-07-06,0.0027637712913867432
2010-07-07,0.008409001205376538
2010-07-08,0.0020907868247096273
2010-07-09,0.0021488150323985713
2010-07-12,-0.0008388079463039384
2010-07-13,0.0043969157029468365
2010-07-14,0.0013560415807794726
2010-07-15,0.0007263803279866378
2010-07-16,-0.008424439345180338
2010-07-19,0.0016769344021059587
2010-07-20,0.004391343001567852
2010-07-21,-0.0028223748072984584
2010-07-22,0.007599613896636084
2010-07-23,0.002529121282697775
2010-07-26,0.0032357730066696487
2010-07-27,-0.0010857878818071188
2010-07-28,-0.0018520564097581358
2010-07-29,-0.00045463878296442126
2010-07-30,0.0017617424753332252
2010-08-02,0.006059747865067591
2010-08-03,-0.0006072023506172468
2010-08-04,0.0010420067089147924
2010-08-05,-0.00036995403489593833
2010-08-06,0.0007332639722333027
2010-08-09,0.0016476736560401212
2010-08-10,-0.0026185230338986024
2010-08-11,-0.009338972346445379
2010-08-12,-0.0017463401806350545
2010-08-13,-7.121880964048536e-05
2010-08-16,0.00380627053269653
2010-08-17,0.003148930349671588
2010-08-18,0.000560607627544363
2010-08-19,-0.003945186092224767
2010-08-20,-0.0013336215791987576
2010-08-23,-0.0022180159042301507
2010-08-24,-0.002827201578836723
2010-08-25,0.0008104295669555603
2010-08-26,-0.0011114247339209082
2010-08-27,0.0029606602231933795
2010-08-30,-0.0028930227534507743
2010-08-31,0.0013044744659696812
2010-09-01,0.00869645067459468
2010-09-02,0.0017097190354406848
2010-09-03,0.0034273992561287916
2010-09-07,-0.0024088461989785637
2010-09-08,0.0022934156808104822
2010-09-09,-0.00020749777974415697
2010-09-10,0.000736809521333552
2010-09-13,0.0067817237433067815
2010-09-14,0.001459186341415393
2010-09-15,0.00010762786301221329
2010-09-16,-0.001585931462422501
2010-09-17,0.0005823708737881172
2010-09-20,0.0069067459289286585
2010-09-21,0.001014587613520314
2010-09-22,-0.0007298811208248289
2010-09-23,-0.002174204502340335
2010-09-24,0.006805281393168965
2010-09-27,0.0003375346774657966
2010-09-28,0.0023486681569756516
2010-09-29,-0.0004775997815401289
2010-09-30,-0.0010113795155545053
2010-10-01,0.001907959886479095
2010-10-04,-0.003033850901651331
2010-10-05,0.008301044047641336
2010-10-06,0.0009291670663557298
2010-10-07,-0.0010997940222938543
2010-10-08,0.0028919594796075303
2010-10-11,0.00015712006095069768
2010-10-12,-0.00023370150762943163
2010-10-13,0.004183080223978308
2010-10-14,-0.0015442741763428902
2010-10-15,0.00033491003235620637
2010-10-18,0.001722217890026338
2010-10-19,-0.006012064620232286
2010-10-20,0.0044254622990351185
2010-10-21,-0.0014902717760338054
2010-10-22,0.001719167801143705
2010-10-25,0.0021025626340644304
2010-10-26,-0.0017822049243001823
2010-10-27,-0.0029997204213421595
2010-10-28,0.0015361076532605926
2010-10-29,0.0011752676445122053
2010-11-01,-0.00022369565342816086
2010-11-02,0.006278471477475861
2010-11-03,0.001329087134267529
2010-11-04,0.009305060141889606
2010-11-05,-0.0010824765866719135
2010-11-08,-0.0005982755320069407
2010-11-09,-0.005835557350520537
2010-11-10,0.0028361483376856175
2010-11-11,-0.002686967743996628
2010-11-12,-0.007316777933748093
2010-11-15,-0.0031123545122086617
2010-11-16,-0.0057763451672664876
2010-11-17,0.0006440770285125679
2010-11-18,0.0076639586390876225
2010-11-19,0.001158661260140449
2010-11-22,0.0008260794635973594
2010-11-23,-0.007463769258451859
2010-11-24,0.00542689739667207
2010-11-26,-0.003982777030806288
2010-11-29,0.0009281209757897742
2010-11-30,-0.00311828074002053
2010-12-01,0.006940416198239441
2010-12-02,0.0053233851711882935
2010-12-03,0.0016201097838862229
2010-12-06,0.0011984058149413993
2010-12-07,-0.0025723159840204224
2010-12-08,-0.0009392676886336442
2010-12-09,0.0011387945571363055
2010-12-10,0.001379440545101248
2010-12-13,0.0011323477224508716
2010-12-14,-0.001392404652647769
2010-12-15,-0.004259868449778615
2010-12-16,0.0035384720045820565
2010-12-17,0.0019079530649657765
2010-12-20,0.00038155890172868694
2010-12-21,0.004189931153132138
2010-12-22,1.379252563340456e-05
2010-12-23,-0.0010634589440229319
2010-12-27,0.0007719396963055906
2010-12-28,-0.0021707928722952837
2010-12-29,0.003973239744425753
2010-12-30,-0.0007720974546100121
2010-12-31,0.0012114427140281294
2011-01-03,0.0043199855756806795
2011-01-04,-0.0010129077322379814
2011-01-05,-0.00011350868260202869
2011-01-06,-0.0013402547226374656
2011-01-07,-0.0009641040606985302
2011-01-10,0.00034284706365982076
2011-01-11,0.0016398954344598368
2011-01-12,0.005197722342358028
2011-01-13,0.0004039831215726268
2011-01-14,0.002392940286787329
2011-01-18,0.0005268430147151518
2011-01-19,-0.005004159502654899
2011-01-20,-0.0046598309042834634
2011-01-21,-0.0007846694711603117
2011-01-24,0.004206914580928729
2011-01-25,0.0006167355515404507
2011-01-26,0.002229180094985689
2011-01-27,0.0016499096804625116
2011-01-28,-0.010262135072720458
2011-01-31,0.0027422967127076156
2011-02-01,0.008839122078761487
2011-02-02,-0.0016226813634230455
2011-02-03,-0.0002890165448155434
2011-02-04,-4.0569633270643055e-05
2011-02-07,0.0026952235701798583
2011-02-08,0.0013572002839461882
2011-02-09,-0.0019592002163090452
2011-02-10,-0.0016707744373279313
2011-02-11,0.004595678350439266
2011-02-14,0.0008135669844533538
2011-02-15,-0.0006752841317063332
2011-02-16,0.003574553566171005
2011-02-17,0.0019250338024904264
2011-02-18,0.0007157319166252273
2011-02-22,-0.011145151728815743
2011-02-23,-0.002960883881415506
2011-02-24,0.0018506994339797915
2011-02-25,0.007358265361202088
2011-02-28,0.0023638446024336793
2011-03-01,-0.007267050112627737
2011-03-02,0.0014382365738500563
2011-03-03,0.007845833034657265
2011-03-04,-0.001456761636233115
2011-03-07,-0.006475299537630297
2011-03-08,0.0037498522910180535
2011-03-09,3.3923322400615225e-05
2011-03-10,-0.009168164021326803
2011-03-11,0.002084897608885104
2011-03-14,-0.0025570502452059098
2011-03-15,-0.005863982323264536
2011-03-16,-0.008865882447507129
2011-03-17,0.006196136264140051
2011-03-18,0.002830337806287313
2011-03-21,0.009018837456277568
2011-03-22,-0.0008707428399086759
2011-03-23,0.002221256733814098
2011-03-24,0.004970509299944979
2011-03-25,-9.661044233258285e-05
2011-03-28,-0.0014434619122471644
2011-03-29,0.003417174971312841
2011-03-30,0.0053947223812627594
2011-03-31,0.00017409918608370955
2011-04-01,0.003618575441901823
2011-04-04,0.0010357404685966325
2011-04-05,-0.0009549845715603589
2011-04-06,0.0006315288880675954
2011-04-07,-0.0014743829903308807
2011-04-08,-0.0016509108079451112
2011-04-11,-0.00240078971806822
2011-04-12,-0.003810578729751436
2011-04-13,0.0026631507700264727
2011-04-14,0.0005203939740286188
2011-04-15,0.002690983563585936
2011-04-18,-0.006817840921181341
2011-04-19,0.0035052623430425894
2011-04-20,0.00894109917424219
2011-04-21,0.003345014853752297
2011-04-25,-4.9393703369368974e-05
2011-04-26,0.004801293347160216
2011-04-27,0.0019881866820775874
2011-04-28,0.0013526880119230573
2011-04-29,0.000995902794694024
2011-05-02,-0.0007723732237255445
2011-05-03,-0.004118458033157352
2011-05-04,-0.0038064083378489097
2011-05-05,-0.003603922340694317
2011-05-06,0.0023589655288367116
2011-05-09,0.0028869120523063486
2011-05-10,0.0043156039203635565
2011-05-11,-0.006748404879870906
2011-05-12,0.001996776608848201
2011-05-13,-0.005824742442958869
2011-05-16,-0.0037791898734399567
2011-05-17,0.001407894703192879
2011-05-18,0.003948876500636806
2011-05-19,0.0008897629838053987
2011-05-20,-0.004163251970908651
2011-05-23,-0.008144627405451466
2011-05-24,0.0004474370150759836
2011-05-25,0.0025002287184179243
2011-05-26,0.005549740308931202
2011-05-27,0.003187319499947597
2011-05-31,0.007977942042622093
2011-06-01,-0.010153569889411412
2011-06-02,-0.0007095134227912176
2011-06-03,-0.003929112646498983
2011-06-06,-0.006936738424586797
2011-06-07,0.0019148451089042735
2011-06-08,-0.0033642067591314515
2011-06-09,0.002535364134070869
2011-06-10,-0.008065567824684717
2011-06-13,-0.0007588029839958382
2011-06-14,0.006002043626177442
2011-06-15,-0.0083851225505287
2011-06-16,-0.00022072733497308493
2011-06-17,0.0006475104019920858
2011-06-20,0.001794138862607521
2011-06-21,0.009297970874969008
2011-06-22,-0.004051117235232898
2011-06-23,0.0013194046689818638
2011-06-24,-0.004787876279962374
2011-06-27,0.004080549442008461
2011-06-28,0.005420143598472503
2011-06-29,0.003202378614426307
2011-06-30,0.005150171943937999
2011-07-01,0.006704902855333923
2011-07-05,0.0009681337904698143
2011-07-06,0.0002926359977415989
2011-07-07,0.005274072702821858
2011-07-08,-0.0015278174489755955
2011-07-11,-0.009011604434671869
2011-07-12,-0.0028453618671222263
2011-07-13,0.004613113937305117
2011-07-14,-0.006660361984382412
2011-07-15,0.0040939486649766545
2011-07-18,-0.005870877813585521
2011-07-19,0.010588698097916266
2011-07-20,-0.0007561720415221483
2011-07-21,0.0051793355175401325
2011-07-22,0.0022248335184354576
2011-07-25,-0.003703500176927679
2011-07-26,0.0008400357617627594
2011-07-27,-0.011529846968494005
2011-07-28,1.6115988259195575e-05
2011-07-29,0.0019525652239458775
2011-08-01,-0.0016330290307581153
2011-08-02,-0.010285935107125672
2011-08-03,0.0025570415676009852
2011-08-04,-0.022483565224363036
2011-08-05,-0.004421463120900029
2011-08-08,-0.030924122217632608
2011-08-09,0.02749441339986562
2011-08-10,-0.019794803974220045
2011-08-11,0.018113203180040838
2011-08-12,0.005061071784295516
2011-08-15,0.009321056923640927
2011-08-16,-0.003887366339232253
2011-08-17,0.002418828742143285
2011-08-18,-0.021196714729235584
2011-08-19,-0.007139969994217718
2011-08-22,0.00023525995309631677
2011-08-23,0.016610521052629956
2011-08-24,5.051991630954057e-05
2011-08-25,-0.007890684270304807
2011-08-26,0.009986536972803925
2011-08-29,0.013461154552060539
2011-08-30,0.0028341967085113167
2011-08-31,0.0024718446334675583
2011-09-01,-0.0033356020857780236
2011-09-02,-0.004892087429181303
2011-09-06,-0.0021409784509396953
2011-09-07,0.006614462658159428
2011-09-08,-0.003010657348510231
2011-09-09,-0.006729148031912327
2011-09-12,0.000991048612042103
2011-09-13,0.001865202204871808
2011-09-14,0.003440836778840776
2011-09-15,0.0030784358007971964
2011-09-16,0.0015070192865607483
2011-09-19,-0.002747392388155609
2011-09-20,-0.0009285091964794427
2011-09-21,-0.006138350029335187
2011-09-22,-0.00791948636193661
2011-09-23,0.0018822224901212155
2011-09-26,0.0037452947448309002
2011-09-27,0.003861137954776312
2011-09-28,-0.0061433070969820055
2011-09-29,0.0024526177019161613
2011-09-30,-0.007015168721118455
2011-10-03,-0.006028920749793815
2011-10-04,0.005941731956741051
2011-10-05,0.004409985355019395
2011-10-06,0.00458551802046217
2011-10-07,-0.003476010789803362
2011-10-10,0.00842561833363966
2011-10-11,0.0009021775466174408
2011-10-12,0.0026074569573182513
2011-10-13,0.0007099572304475433
2011-10-14,0.0035354628652245423
2011-10-17,-0.004863812703534344
2011-10-18,0.004670614212213954
2011-10-19,-0.004319852861701391
2011-10-20,-0.0010656883210827365
2011-10-21,0.004762387207024752
2011-10-24,0.005893233689063169
2011-10-25,-0.0036736436472873113
2011-10-26,0.0015295154433555274
2011-10-27,0.009210326707543348
2011-10-28,9.733468807961512e-05
2011-10-31,-0.005230291604566037
2011-11-01,-0.005179411739513275
2011-11-02,0.0035533733385322004
2011-11-03,0.004093571149753077
2011-11-04,-0.0014296695130602804
2011-11-07,0.0015618110737462849
2011-11-08,0.0023051470964930653
2011-11-09,-0.009640662757565635
2011-11-10,0.0007484308505837427
2011-11-11,0.004897918169308821
2011-11-14,-0.0018630153492991271
2011-11-15,0.0014607871069316242
2011-11-16,-0.003994308839840047
2011-11-17,-0.004061259571252877
2011-11-18,-0.0005421608621561678
2011-11-21,-0.005341024780082866
2011-11-22,0.0002511258742610731
2011-11-23,-0.0059672452624315525
2011-11-25,-0.0024952888498552634
2011-11-28,0.009731112565766949
2011-11-29,-0.0005954070799222426
2011-11-30,0.011026722514751631
2011-12-01,-0.000602800607441127
2011-12-02,0.0007039431230315702
2011-12-05,0.0030234883802200165
2011-12-06,-0.0014299061904993022
2011-12-07,0.0011481202302656432
2011-12-08,-0.005561537284598478
2011-12-09,0.0037553818768775262
2011-12-12,-0.004220543129376316
2011-12-13,-0.0022786601298467
2011-12-14,-0.002120391802048457
2011-12-15,0.0007128027371095777
2011-12-16,0.0016670228399962286
2011-12-19,-0.0026184648804681698
2011-12-20,0.006720832101810182
2011-12-21,-0.0014362435572510936
2011-12-22,0.0024670548333161767
2011-12-23,0.0008868870116521222
2011-12-27,1.0611284631100297e-05
2011-12-28,-0.0024578698729578173
2011-12-29,0.00289755567638938
2011-12-30,1.08964659045508e-05
2012-01-03,0.004082166120982539
2012-01-04,-0.0011709272665124002
2012-01-05,-1.457158275363525e-05
2012-01-06,-0.0006078513554292546
2012-01-09,0.0007756750159156976
2012-01-10,0.0031182658154136774
2012-01-11,0.0012655604577074214
2012-01-12,0.000667765883974373
2012-01-13,-0.0009261234797088316
2012-01-17,0.002489816458202728
2012-01-18,0.0035355989856467964
2012-01-19,0.0009143044723804369
2012-01-20,-0.00035506901654073104
2012-01-23,-3.583838877518666e-05
2012-01-24,3.8727253124387014e-05
2012-01-25,0.0031060504613710234
2012-01-26,0.00024907114315918293
2012-01-27,0.0011949453178950894
2012-01-30,-0.0009637843679067402
2012-01-31,0.001435970536298607
2012-02-01,0.003027214923477063
2012-02-02,0.0010002341200606973
2012-02-03,0.003149247282598576
2012-02-06,-0.0002690515178814177
2012-02-07,-0.00043235547683004484
2012-02-08,0.0013400485577895417
2012-02-09,-6.397765431805777e-05
2012-02-10,-0.002781771232704512
2012-02-13,0.0033057617113877273
2012-02-14,-0.0005248993529665811
2012-02-15,-0.0010778741844474826
2012-02-16,0.0032840531922657067
2012-02-17,0.00016882456832640876
2012-02-21,-0.0011319358281157556
2012-02-22,-0.00013899216803449948
2012-02-23,0.002106880283068596
2012-02-24,0.0014732483850314361
2012-02-27,7.387060303997318e-05
2012-02-28,0.001925367343189326
2012-02-29,-0.0028137865514708455
2012-03-01,0.0015966884185961965
2012-03-02,-0.0010670881015618495
2012-03-05,-0.002985256737650215
2012-03-06,-0.006038262873647785
2012-03-07,0.0027191596956756985
2012-03-08,0.004208889567084834
2012-03-09,0.0012276870873976617
2012-03-12,-0.0008781309925532398
2012-03-13,0.0051425359372801495
2012-03-14,-0.004113761927303567
2012-03-15,0.002278550921585175
2012-03-16,0.00042632562320827624
2012-03-19,0.00029507863026106865
2012-03-20,-0.0020863716746714147
2012-03-21,0.0006288224814227893
2012-03-22,-0.0023340246073500753
2012-03-23,0.0024781337978450166
2012-03-26,0.005242613511299098
2012-03-27,-0.0002885086454907941
2012-03-28,-0.0027052757221678937
2012-03-29,-0.00028942701091952535
2012-03-30,-0.00033612051675364213
2012-04-02,0.004188257953653814
2012-04-03,-0.0040529967483900285
2012-04-04,-0.004617818288290145
2012-04-05,0.0010025201800110566
2012-04-09,-0.001744392609976059
2012-04-10,-0.006165045690784677
2012-04-11,0.002733199759955262
2012-04-12,0.005575668072357321
2012-04-13,-0.004151148740470485
2012-04-16,-0.0008890862242476974
2012-04-17,0.005834490735737795
2012-04-18,-0.0013195667931933878
2012-04-19,-0.0025231909388452505
2012-04-20,0.0013665410835524382
2012-04-23,-0.004482873063767832
2012-04-24,0.0004134613838085864
2012-04-25,0.005857016627105638
2012-04-26,0.0032833430905716316
2012-04-27,0.001741547465003584
2012-04-30,-0.0021396888033120252
2012-05-01,0.0010264915910152752
2012-05-02,3.0903193730468386e-05
2012-05-03,-0.0038536899213998054
2012-05-04,-0.0065853978019336035
2012-05-07,0.00106550711629369
2012-05-08,-0.0023760210843211094
2012-05-09,-0.002801018330909991
2012-05-10,0.0005763091369377517
2012-05-11,-0.0009681426661743302
2012-05-14,-0.0045206782669879935
2012-05-15,-0.0022309080140941527
2012-05-16,-0.0029024025998331767
2012-05-17,-0.005455830656084243
2012-05-18,-0.00390630782774717
2012-05-21,0.008618832064662013
2012-05-22,-0.0020829449840024717
2012-05-23,0.000304839174456758
2012-05-24,-0.0015000684057056395
2012-05-25,-0.0005195678148193681
2012-05-29,0.005867648306655771
2012-05-30,-0.003984617736105142
2012-05-31,0.0008901692087211159
2012-06-01,-0.008409277786091197
2012-06-04,0.00024445148588984856
2012-06-05,0.001774922725276929
2012-06-06,0.008578402568204725
2012-06-07,0.00010765359450972424
2012-06-08,0.0020087594277986877
2012-06-11,-0.00570509879372736
2012-06-12,0.004796489284032631
2012-06-13,-0.0018477863953708016
2012-06-14,0.0029456258935970595
2012-06-15,0.0064276774171608585
2012-06-18,0.0013219986770613326
2012-06-19,0.004529395722954261
2012-06-20,-2.176329654315149e-05
2012-06-21,-0.0104213974057671
2012-06-22,0.002265526592202737
2012-06-25,-0.006147158849562863
2012-06-26,0.001995927441251622
2012-06-27,0.004145070313077885
2012-06-28,-0.0010875869317841123
2012-06-29,0.012211721521881387
2012-07-02,0.003081453046764209
2012-07-03,0.0034920833574476006
2012-07-05,-0.0017230420212457776
2012-07-06,-0.0036988925580760707
2012-07-09,-0.00014585642584591488
2012-07-10,-0.0035074334459491165
2012-07-11,-0.00019996288385519542
2012-07-12,-0.002637032925874234
2012-07-13,0.005819270280190199
2012-07-16,-0.0004025607706979124
2012-07-17,0.0016813941064056724
2012-07-18,0.0028605346991752694
2012-07-19,0.0018787285225095925
2012-07-20,-0.004425985701587274
2012-07-23,-0.0058127099891948026
2012-07-24,-0.0028458789991288353
2012-07-25,0.0005026621852337114
2012-07-26,0.006109315902319744
2012-07-27,0.006914440543832547
2012-07-30,2.4540026352146718e-05
2012-07-31,-0.001750636943864857
2012-08-01,-0.0021169604409721414
2012-08-02,-0.002491140357195177
2012-08-03,0.0085198048443052
2012-08-06,0.0025236115556598014
2012-08-07,0.0013205258011162468
2012-08-08,-0.0004299981205281955
2012-08-09,0.0009007647982901333
2012-08-10,0.001060534787766163
2012-08-13,-0.0010925016382397807
2012-08-14,-0.0014003664650941224
2012-08-15,-0.000754409592411818
2012-08-16,0.0033418776037977757
2012-08-17,0.0012793121551474256
2012-08-20,3.454962265219092e-05
2012-08-21,-2.4016780834315485e-05
2012-08-22,0.001960725267365243
2012-08-23,-0.0026641541754310882
2012-08-24,0.001159678562821646
2012-08-27,0.00043630874997163064
2012-08-28,0.00022957897761147756
2012-08-29,-0.000557084465460766
2012-08-30,-0.003733965959685847
2012-08-31,0.004341837248224495
2012-09-04,-0.00035416089600876394
2012-09-05,-0.001141362992879802
2012-09-06,0.007965025843144409
2012-09-07,0.003857177839785484
2012-09-10,-0.003750416827642225
2012-09-11,0.0015565750396165999
2012-09-12,0.0005817419045022735
2012-09-13,0.007753443610072054
2012-09-14,0.001059258579071637
2012-09-17,-0.0010320382106717991
2012-09-18,4.4013718958907254e-05
2012-09-19,0.0011458065978794303
2012-09-20,-0.0012353928804878175
2012-09-21,0.0008974834710972708
2012-09-24,-0.0006449681162502383
2012-09-25,-0.004506259085933668
2012-09-26,-0.0019875784550228235
2012-09-27,0.004893297881186591
2012-09-28,-0.004036078510229445
2012-10-01,0.002340890599282204
2012-10-02,0.0008747720658508456
2012-10-03,0.00019153719915541526
2012-10-04,0.002448914383022555
2012-10-05,-0.0019396127661513763
2012-10-08,-0.0022165558965214264
2012-10-09,-0.006200972849697205
2012-10-10,-0.0014256254634269373
2012-10-11,0.0018714840966071362
2012-10-12,-0.001402921362177226
2012-10-15,0.003605754418767497
2012-10-16,0.004171439446745515
2012-10-17,0.0013109465276706725
2012-10-18,-0.0031988148212972623
2012-10-19,-0.007429404611546464
2012-10-22,0.0010320922812354343
2012-10-23,-0.005100487318420255
2012-10-24,-0.0017121238554328331
2012-10-25,0.0012829760060506215
2012-10-26,0.000806753780662555
2012-10-31,0.0006771882386392942
2012-11-01,0.005274000825626582
2012-11-02,-0.0052060453054436255
2012-11-05,0.0025282719971033356
2012-11-06,0.0023290818581359197
2012-11-07,-0.008530073824750215
2012-11-08,-0.005130829722142606
2012-11-09,0.0010733556745703744
2012-11-12,0.00021278503594539984
2012-11-13,-0.002646827307921341
2012-11-14,-0.00713147943103519
2012-11-15,-0.0007088607816576178
2012-11-16,0.0022211451165627155
2012-11-19,0.010259883310274552
2012-11-20,-0.0009293327000355232
2012-11-21,0.0007516323626198168
2012-11-23,0.0076630015063142605
2012-11-26,0.0008188424988020923
2012-11-27,-0.0017677490714999458
2012-11-28,0.004091815760180475
2012-11-29,0.003995481326417627
2012-11-30,-0.0004625632053864356
2012-12-03,-0.0009004161147744982
2012-12-04,0.0009975943849597378
2012-12-05,0.00012838175588523074
2012-12-06,0.002362901411187463
2012-12-07,-0.0008880351727073204
2012-12-10,0.0018355525089564842
2012-12-11,0.0035503175194175987
2012-12-12,-0.0015377870190303844
2012-12-13,-0.0032027276976271616
2012-12-14,2.1818337231433442e-05
2012-12-17,0.0031816898043578942
2012-12-18,0.004786995165610606
2012-12-19,-0.0004370115245446513
2012-12-20,0.0025247129884074728
2012-12-21,-0.0032014317173055876
2012-12-24,-0.0018080546059646271
2012-12-26,-0.001385070115268776
2012-12-27,0.0010757122812281807
2012-12-28,-0.0030596326563861434
2012-12-31,0.007486251102612636
2013-01-02,0.011284413003579546
2013-01-03,-0.004579184017471642
2013-01-04,0.0020747662972395216
2013-01-07,-0.001839924017745461
2013-01-08,-0.001344819180244234
2013-01-09,0.002265978810577746
2013-01-10,0.003513947369077359
2013-01-11,0.0004708836286325065
2013-01-14,-0.00018097776682945242
2013-01-15,0.00011915671765617049
2013-01-16,-0.00016458290630600947
2013-01-17,0.0024002189868569525
2013-01-18,0.001415641110096503
2013-01-22,0.0018036368936580997
2013-01-23,-6.271751906282365e-05
2013-01-24,-0.001440578029665444
2013-01-25,0.0009096045317277737
2013-01-28,-0.001651680744256061
2013-01-29,0.0018433873467831015
2013-01-30,-0.0024063447404916102
2013-01-31,0.0004330744684669624
2013-02-01,0.003682841286924492
2013-02-04,-0.006656650184534182
2013-02-05,0.0035406226841159876
2013-02-06,0.001124335549102826
2013-02-07,-0.0024688608598033585
2013-02-08,0.004675797510864919
2013-02-11,-0.0005211664311108136
2013-02-12,0.0008006755973696673
2013-02-13,0.0006849295609249649
2013-02-14,0.0010199141335178591
2013-02-15,-0.0015176940542804228
2013-02-19,0.003856360744449025
2013-02-20,-0.007130498592772305
2013-02-21,-0.0057105196133163194
2013-02-22,0.006278550944899211
2013-02-25,-0.008196230460043133
2013-02-26,0.0026742424857347526
2013-02-27,0.006504735048615782
2013-02-28,-0.0005631371785928055
2013-03-01,0.00224112830711209
2013-03-04,0.00012730783817724577
2013-03-05,0.006344097646582327
2013-03-06,-0.00011245686990837753
2013-03-07,0.0005424036729586092
2013-03-08,0.0014313955943230441
2013-03-11,0.0006493643144688911
2013-03-12,-0.0018835347279516103
2013-03-13,-0.0010290755603235785
2013-03-14,0.0036468562963858455
2013-03-15,-0.00047423858567500896
2013-03-18,-0.003075673637488395
2013-03-19,-0.0011918188469522562
2013-03-20,0.002723438852472405
2013-03-21,-0.004534420581154681
2013-03-22,0.004057369982944133
2013-03-25,-0.0023491125801527618
2013-03-26,0.004676107049730617
2013-03-27,0.001413890722877038
2013-03-28,0.0009550214594760531
2013-04-01,-0.00461207102731604
2013-04-02,0.0016186356124720804
2013-04-03,-0.005228181469157159
2013-04-04,0.003959491060275479
2013-04-05,-0.0008200198641065357
2013-04-08,0.002252713678709533
2013-04-09,0.0024969580507787407
2013-04-10,0.007732433486175673
2013-04-11,0.0019834718728289707
2013-04-12,-0.0010688193929067962
2013-04-15,-0.014873151502229629
2013-04-16,0.00908971070754603
2013-04-17,-0.010383008042163818
2013-04-18,-0.00344019723964502
2013-04-19,0.00690553027679799
2013-04-22,0.0035338827445856023
2013-04-23,0.00660645128537874
2013-04-24,0.0027005429720472237
2013-04-25,0.003300521709122353
2013-04-26,-0.0011619163534807985
2013-04-29,0.005506820019784066
2013-04-30,0.003851774426133973
2013-05-01,-0.005617564906641756
2013-05-02,0.0055207920743944195
2013-05-03,0.003614716085682375
2013-05-06,0.0010733635093860031
2013-05-07,0.0019345765374038926
2013-05-08,0.0038765806920471515
2013-05-09,-0.0030151480718719112
2013-05-10,-0.0005554541815072828
2013-05-13,-0.0017424501220806785
2013-05-14,0.002611908360801234
2013-05-15,0.002647824469070501
2013-05-16,-0.0006031975404874251
2013-05-17,0.0030311460279405632
2013-05-20,0.0006810568556667415
2013-05-21,0.0013721113161066622
2013-05-22,-0.008425526345952167
2013-05-23,-0.0024716095391516136
2013-05-24,-0.0019863309902342506
2013-05-28,-6.508138550794858e-05
2013-05-29,-0.003384254811953451
2013-05-30,0.002129007174770659
2013-05-31,-0.009145832887820672
2013-06-03,0.004658117583461829
2013-06-04,-0.004438354620108943
2013-06-05,-0.00811320604073001
2013-06-06,0.004802790243516492
2013-06-07,0.0030861489785502065
2013-06-10,-0.0014077492841196233
2013-06-11,-0.006402733086315005
2013-06-12,-0.006193676657371247
2013-06-13,0.012007722677084472
2013-06-14,-0.005593352143119334
2013-06-17,0.005088211955116671
2013-06-18,0.004697160757977908
2013-06-19,-0.013165914594013353
2013-06-20,-0.02053394728570102
2013-06-21,-0.0005236457854937525
2013-06-24,-0.008769134880901043
2013-06-25,0.0065494925942833964
2013-06-26,0.0063464443951574976
2013-06-27,0.007959368028345576
2013-06-28,-0.0003430337603881454
2013-07-01,0.004998284791247685
2013-07-02,-0.0021636387207524996
2013-07-03,-0.00041300481228855436
2013-07-05,-0.0005046107882630029
2013-07-08,0.0032704057945216786
2013-07-09,0.00446653879313592
2013-07-10,-0.000393803270020519
2013-07-11,0.013877196203255428
2013-07-12,-0.0009146038406781977
2013-07-15,0.003803446467595076
2013-07-16,-0.0005996933251549631
2013-07-17,0.002739941040985621
2013-07-18,-0.0005869393414332483
2013-07-19,0.0004291000589514084
2013-07-22,0.002262672143255172
2013-07-23,-0.0004911717736421178
2013-07-24,-0.0034767116825982648
2013-07-25,0.002825423622445295
2013-07-26,2.557346643959259e-05
2013-07-29,-0.0039877041150626425
2013-07-30,0.0004580517230473818
2013-07-31,0.0005251006161220424
2013-08-01,0.004649900709293816
2013-08-02,0.0035492083463050054
2013-08-05,-0.0012986984813771363
2013-08-06,-0.0036710062925289226
2013-08-07,-0.001972997306674688
2013-08-08,0.00448920950253176
2013-08-09,-0.0005132267498816982
2013-08-12,0.0005697636369820755
2013-08-13,0.0002907194306496569
2013-08-14,-0.0011291632886680234
2013-08-15,-0.009474643680482677
2013-08-16,-0.0021474322380163166
2013-08-19,-0.005555787076281249
2013-08-20,0.003639522322225997
2013-08-21,-0.0065404460494159836
2013-08-22,0.0070110778709732
2013-08-23,0.00481361996547556
2013-08-26,-0.0016046795082891412
2013-08-27,-0.009832975547240575
2013-08-28,0.00031817368568099456
2013-08-29,0.0032760149847794132
2013-08-30,-0.004011834641478723
2013-09-03,0.003256439957467806
2013-09-04,0.005513499466949828
2013-09-05,-0.00024397582594210148
2013-09-06,0.003352979080954563
2013-09-09,0.00855862507578452
2013-09-10,0.003744841942032838
2013-09-11,0.001817131264454004
2013-09-12,-0.002933504265976878
2013-09-13,0.002465712057788524
2013-09-16,0.0024180321983229957
2013-09-17,0.003192080038576853
2013-09-18,0.012952218951632769
2013-09-19,-0.0017652971746508893
2013-09-20,-0.004107917679732479
2013-09-23,0.00018962526274484394
2013-09-24,0.00017915785133173654
2013-09-25,-0.001132528195673841
2013-09-26,0.002343947292744305
2013-09-27,-0.002388728447045723
2013-09-30,-0.002704296857302927
2013-10-01,0.005543288097138318
2013-10-02,-0.0001475682890063356
2013-10-03,-0.005286767788545323
2013-10-04,0.004110645566924154
2013-10-07,-0.005407071365598456
2013-10-08,-0.008147252285150083
2013-10-09,-0.00041773843207495103
2013-10-10,0.01293864845303405
2013-10-11,0.004945553499919529
2013-10-14,0.0021872319802852527
2013-10-15,-0.0041650361844184644
2013-10-16,0.00803781406458551
2013-10-17,0.006106254632242709
2013-10-18,0.00559829279498091
2013-10-21,-0.0001375608277060828
2013-10-22,0.00479993360324579
2013-10-23,-0.004503915549093548
2013-10-24,0.0019277592964358477
2013-10-25,0.002307451261543266
2013-10-28,0.00017666285039361616
2013-10-29,0.0021399305068582138
2013-10-30,-0.0040336027039980455
2013-10-31,-0.0029057310484975566
2013-11-01,-0.0019243373646977147
2013-11-04,0.0034356757782389434
2013-11-05,-0.004860761750937209
2013-11-06,0.0019916992865639306
2013-11-07,-0.008856703121836392
2013-11-08,0.0033286944006945406
2013-11-11,-0.0005153861693463713
2013-11-12,-0.0006663801258990999
2013-11-13,0.005241871767751857
2013-11-14,0.004010131175138313
2013-11-15,0.0039510405860925316
2013-11-18,-0.0010117431999896514
2013-11-19,-0.0032434949181106877
2013-11-20,-0.004696159582224158
2013-11-21,0.0055285203557849
2013-11-22,0.00398385433749954
2013-11-25,-0.0008392225125727218
2013-11-26,0.0024072246677014513
2013-11-27,0.002360643790279862
2013-11-29,0.001806078135963097
2013-12-02,-0.005683154947020139
2013-12-03,-0.0021216563600069786
2013-12-04,-0.0022501638251338084
2013-12-05,-0.0025675332218132786
2013-12-06,0.007694522756130625
2013-12-09,0.0012188740843428287
2013-12-10,-0.0008843305547946143
2013-12-11,-0.009665068808067877
2013-12-12,-0.0027274045044015822
2013-12-13,0.000836725443734073
2013-12-16,0.004358207760450453
2013-12-17,-0.0015738512294963813
2013-12-18,0.008898785443318553
2013-12-19,-0.00368010277904251
2013-12-20,0.00633111104447574
2013-12-23,0.004834773821273872
2013-12-24,0.0005951667280384077
2013-12-26,0.0008677736762663441
2013-12-27,0.0013544059758667057
2013-12-30,0.0014486269164118435
2013-12-31,0.002072502463068942
2014-01-02,-0.008880242441614929
2014-01-03,-0.0005824225411498127
2014-01-06,-0.0023088677302803124
2014-01-07,0.004906610788351411
2014-01-08,-0.000702222048643172
2014-01-09,-0.00014998041565078983
2014-01-10,0.006424917553207963
2014-01-13,-0.007461705359885443
2014-01-14,0.007240994405167358
2014-01-15,0.003324178347078372
2014-01-16,0.00025990555330742646
2014-01-17,-0.002165668973344352
2014-01-21,0.0027284319818757052
2014-01-22,0.0017180355939664306
2014-01-23,-0.0038072039742017825
2014-01-24,-0.014486543830027182
2014-01-27,-0.0058747786744351065
2014-01-28,0.004278849740598154
2014-01-29,-0.006440743775128244
2014-01-30,0.0074034204726692475
2014-01-31,-0.0034117212177788747
2014-02-03,-0.014480921086682157
2014-02-04,0.00479543197265896
2014-02-05,-0.002614949440039587
2014-02-06,0.007962368939216842
2014-02-07,0.008030918629030341
2014-02-10,0.00022648496514445353
2014-02-11,0.006918642441938354
2014-02-12,0.0002845311981277965
2014-02-13,0.004727878877310303
2014-02-14,0.002704610415916478
2014-02-18,0.00279363314440583
2014-02-19,-0.00505857825587571
2014-02-20,0.003116981449948666
2014-02-21,0.001400234212348775
2014-02-24,0.00312122088151202
2014-02-25,-0.00021213537055784167
2014-02-26,0.0010257017141166438
2014-02-27,0.0048524930443041734
2014-02-28,-0.0006649134142028886
2014-03-03,-0.00560784725351482
2014-03-04,0.008047384502555288
2014-03-05,0.0007032859214878233
2014-03-06,0.0012812914932068356
2014-03-07,-0.0035055333056826787
2014-03-10,-0.0014090570417890757
2014-03-11,-0.003929654813697637
2014-03-12,0.0017026350150327887
2014-03-13,-0.006658253704263744
2014-03-14,-0.000605745598794348
2014-03-17,0.004365002484099114
2014-03-18,0.00680832025464012
2014-03-19,-0.007520096341098345
2014-03-20,0.0011519205236213373
2014-03-21,-0.001243144620228879
2014-03-24,-0.001244763664758209
2014-03-25,0.003027436387945223
2014-03-26,-0.0034221224737430445
2014-03-27,0.0009412643496689868
2014-03-28,0.0015034645989466134
2014-03-31,0.005117459064628191
2014-04-01,0.005506330133532025
2014-04-02,0.0006477280403259484
2014-04-03,-0.002577917636446687
2014-04-04,-0.00699141020183322
2014-04-07,-0.003906175391346896
2014-04-08,0.00390743582197362
2014-04-09,0.007225714719155151
2014-04-10,-0.012070629454310667
2014-04-11,-0.004204723602300846
2014-04-14,0.002602726524222536
2014-04-15,0.0007460854121458469
2014-04-16,0.006953508435351874
2014-04-17,0.0005303496275105118
2014-04-21,0.001546775629872285
2014-04-22,0.0033207981178530696
2014-04-23,-0.0022861061867542622
2014-04-24,0.0014474747976128365
2014-04-25,-0.006698084599264672
2014-04-28,0.00048143869920092046
2014-04-29,0.0036514929897414014
2014-04-30,0.002536450327080117
2014-05-01,0.002040010710000036
2014-05-02,0.0006859137340561513
2014-05-05,-0.0004681692324549117
2014-05-06,-0.0036287218771723713
2014-05-07,0.00109671364809984
2014-05-08,-0.001667216167651785
2014-05-09,0.0008272553706254114
2014-05-12,0.007225601727352512
2014-05-13,0.0010668918270997526
2014-05-14,-0.0008978455237303918
2014-05-15,-0.0030629917533416544
2014-05-16,0.0028314534306074592
2014-05-19,0.0013361959500386641
2014-05-20,-0.003809185462674717
2014-05-21,0.003788399422324403
2014-05-22,0.0024384566192608946
2014-05-23,0.003407503387985322
2014-05-27,0.004343373837159004
2014-05-28,0.001018487943789381
2014-05-29,0.002212019934443967
2014-05-30,-0.0016413996816966841
2014-06-02,-0.0012697106716791004
2014-06-03,-0.0020375785181360605
2014-06-04,0.000385991961184728
2014-06-05,0.006523597080646849
2014-06-06,0.00408527418132007
2014-06-09,0.0008347717059741952
2014-06-10,-0.0003501840265694809
2014-06-11,-0.001773402728981336
2014-06-12,-0.0018713140032936577
2014-06-13,0.0007795689239701186
2014-06-16,0.0004963507691134113
2014-06-17,-0.00021189752020537453
2014-06-18,0.006412945485626704
2014-06-19,-0.0010753624410887697
2014-06-20,0.0011472843078589653
2014-06-23,-0.0011947730677415492
2014-06-24,-0.0015957180093373743
2014-06-25,0.002860596451841157
2014-06-26,0.0008321783843456979
2014-06-27,0.001705884743059398
2014-06-30,0.0006967115106517652
2014-07-01,0.004396914608374332
2014-07-02,-0.0007032034779724005
2014-07-03,0.0027565674177750348
2014-07-07,-0.0032515958380498855
2014-07-08,-0.0046343732950882765
2014-07-09,0.003232667945057409
2014-07-10,-0.00435199195848033
2014-07-11,0.0017458943393704968
2014-07-14,0.0036417326760168588
2014-07-15,-0.0026971102715107886
2014-07-16,0.0028966442914089043
2014-07-17,-0.007726790170935721
2014-07-18,0.008162086730831844
2014-07-21,-0.0006992861825594384
2014-07-22,0.004759860455975069
2014-07-23,0.0017116957866202922
2014-07-24,-0.000784373515024233
2014-07-25,-0.0018531617229663785
2014-07-28,6.991633010924913e-05
2014-07-29,-0.0011975511087083536
2014-07-30,-0.0021999809885210313
2014-07-31,-0.013834673924621172
2014-08-01,-0.00037420836278576866
2014-08-04,0.004859694989353717
2014-08-05,-0.006482965858948968
2014-08-06,-0.0007079099343493979
2014-08-07,-0.0021041564099949597
2014-08-08,0.005690523874610365
2014-08-11,0.004370717253747075
2014-08-12,-0.0018070879846220492
2014-08-13,0.006063515200351789
2014-08-14,0.003692671950462724
2014-08-15,0.0014788005266016388
2014-08-18,0.004898816554330029
2014-08-19,0.0025286164133253965
2014-08-20,-0.001401650069186854
2014-08-21,0.00199462206441748
2014-08-22,-0.000683116054546864
2014-08-25,0.004198295595857957
2014-08-26,0.0016845494358825744
2014-08-27,0.0017668834542691797
2014-08-28,-0.0020476360733623525
2014-08-29,0.0014077671295500025
2014-09-02,-0.0014696384330041992
2014-09-03,0.0018251457297310913
2014-09-04,-0.0036609671859126557
2014-09-05,0.0029409352428742563
2014-09-08,-0.0034587354437068765
2014-09-09,-0.006327328919392191
2014-09-10,0.0020576641711259774
2014-09-11,-0.0014381898441530514
2014-09-12,-0.006217464428455964
2014-09-15,-0.003392238537166047
2014-09-16,0.004971370920986657
2014-09-17,-0.0022855497875855836
2014-09-18,0.004431334495143596
2014-09-19,-0.0015640210061834885
2014-09-22,-0.0066162309599504185
2014-09-23,-0.0037867434301500024
2014-09-24,0.0057738632809827065
2014-09-25,-0.011405274753244966
2014-09-26,0.0048428402181225245
2014-09-29,-0.003508813768172908
2014-09-30,-0.002839277657282135
2014-10-01,-0.007949411058623424
2014-10-02,-0.001285912046630006
2014-10-03,0.005533881211630257
2014-10-06,0.0013969940154453322
2014-10-07,-0.008445071549867896
2014-10-08,0.013225355797265767
2014-10-09,-0.016014452524872953
2014-10-10,-0.010546575342628975
2014-10-13,-0.003268358742156788
2014-10-14,0.0036453912193575347
2014-10-15,-0.001722957603981971
2014-10-16,-0.003341852331598542
2014-10-17,0.0070812095379825185
2014-10-20,0.007196405057852933
2014-10-21,0.010593431036555752
2014-10-22,-0.005645611838205239
2014-10-23,0.006436524222702634
2014-10-24,0.004727093348607977
2014-10-27,-0.0017097506597858424
2014-10-28,0.011475380253665563
2014-10-29,-0.0026392332813877195
2014-10-30,0.005003763312248866
2014-10-31,0.008845525887990919
2014-11-03,-0.0021495457433295326
2014-11-04,-0.0017442526013110849
2014-11-05,0.0002586383327105501
2014-11-06,-0.001718851031511648
2014-11-07,0.0029361131975894346
2014-11-10,0.0007033435334793305
2014-11-11,0.0012530971149089995
2014-11-12,-0.000900484358960668
2014-11-13,0.0005615997131370162
2014-11-14,0.002007700098018005
2014-11-17,-0.003084811798364513
2014-11-18,0.004506603678560756
2014-11-19,-0.0031422741334330676
2014-11-20,0.0016261821068399818
2014-11-21,0.006355022144822292
2014-11-24,0.0025019673365463822
2014-11-25,0.0007505635970513894
2014-11-26,0.003729559824274748
2014-11-28,-0.00308703931046231
2014-12-01,-0.006539483323875733
2014-12-02,0.001470133634944617
2014-12-03,0.0023402586777333556
2014-12-04,0.0003298355453286671
2014-12-05,-0.00034551244136647404
2014-12-08,-0.0043031420869714225
2014-12-09,0.0014907374648891634
2014-12-10,-0.008445777201518316
2014-12-11,0.0007749238086065948
2014-12-12,-0.0067598525208732
2014-12-15,-0.007931162649436834
2014-12-16,-0.0006329406037666696
2014-12-17,0.010494485864118072
2014-12-18,0.009640390392247586
2014-12-19,0.004126461938561304
2014-12-22,0.003924311542323249
2014-12-23,-0.004614022678372035
2014-12-24,0.0018488267317302869
2014-12-26,0.003773904588913876
2014-12-29,0.00027868525943064594
2014-12-30,-0.002862711619110413
2014-12-31,-0.0038107791201540436
2015-01-02,-0.001158302601495859
2015-01-05,-0.00832959567938885
2015-01-06,-0.00415669871702969
2015-01-07,0.00789888672463897
2015-01-08,0.008256920238345136
2015-01-09,-0.0022374095385816924
2015-01-12,-0.002796836562662211
2015-01-13,0.0013419908787487488
2015-01-14,-0.0015469168403509303
2015-01-15,-0.0009666659747196833
2015-01-16,0.005266255788105668
2015-01-20,0.0023865954455901217
2015-01-21,0.0026557509772771604
2015-01-22,0.008020100541938456
2015-01-23,-3.5872577935860645e-05
2015-01-26,0.0023872110686828612
2015-01-27,-0.005358077496388387
2015-01-28,-0.004694227718237164
2015-01-29,0.0045098320952674095
2015-01-30,-0.007012347949881807
2015-02-02,0.006533506010002944
2015-02-03,0.005732328422563759
2015-02-04,-0.002028113108281848
2015-02-05,0.004430363918484637
2015-02-06,-0.006704691665534248
2015-02-09,-0.0025056812690630393
2015-02-10,0.003616349538546171
2015-02-11,-0.0009373515941724211
2015-02-12,0.007195590793974536
2015-02-13,0.002792633840480433
2015-02-17,-0.0011805378144584444
2015-02-18,0.0019272885141222865
2015-02-19,-0.0005246780226640927
2015-02-20,0.0035347904577718143
2015-02-23,0.00010989596380696339
2015-02-24,0.004293792165518613
2015-02-25,2.252654200522947e-05
2015-02-26,-0.0011536076934512444
2015-02-27,-0.0004498958843101165
2015-03-02,0.00037574616055656077
2015-03-03,-0.003662668911918988
2015-03-04,-0.002742007386774072
2015-03-05,0.0007838426432163109
2015-03-06,-0.0101249592647165
2015-03-09,0.0022633542880013693
2015-03-10,-0.008941790864226641
2015-03-11,0.0013402495007413266
2015-03-12,0.006320610595079427
2015-03-13,-0.003912389564409133
2015-03-16,0.00735258373789303
2015-03-17,0.0016262862959403525
2015-03-18,0.011014281741198484
2015-03-19,-0.004139860997867514
2015-03-20,0.007724411225394555
2015-03-23,0.00041111341640626885
2015-03-24,-0.00011340964162965588
2015-03-25,-0.01018539239015153
2015-03-26,-0.004376673431292489
2015-03-27,0.0032115994083137117
2015-03-30,0.005976078456215807
2015-03-31,-0.004331819884274627
2015-04-01,0.0023818044945976536
2015-04-02,0.0021446477605355095
2015-04-06,0.00444365397121287
2015-04-07,-0.0012739519964346752
2015-04-08,0.004589444238509751
2015-04-09,0.0007633163270298404
2015-04-10,0.0020151398161369857
2015-04-13,-0.001720792197035939
2015-04-14,0.0018768630916215067
2015-04-15,0.003219468871795748
2015-04-16,0.0005884857763630706
2015-04-17,-0.007151829223101643
2015-04-20,0.003271034964081603
2015-04-21,0.001263183402523857
2015-04-22,0.0010801995831949782
2015-04-23,0.0029531182749098213
2015-04-24,0.0032665626472166676
2015-04-27,-0.0012937033419058938
2015-04-28,-0.0002747090963027701
2015-04-29,-0.005669355177830494
2015-04-30,-0.007886815604682722
2015-05-01,0.004000175584400305
2015-05-04,0.000591229648751291
2015-05-05,-0.008123581753645213
2015-05-06,-0.0035045811323529455
2015-05-07,0.002494817438415591
2015-05-08,0.008862720047582184
2015-05-11,-0.0057319679832860395
2015-05-12,-0.0013004936000147094
2015-05-13,0.0007224810339446019
2015-05-14,0.007405481998190339
2015-05-15,0.0029986717825303
2015-05-18,-0.001007192254084223
2015-05-19,-0.0017300338600620205
2015-05-20,0.0007347010043547299
2015-05-21,0.0027966859651425238
2015-05-22,-0.0016799799149398254
2015-05-26,-0.005845376301706948
2015-05-27,0.005888849901076662
2015-05-28,-0.002005739317973538
2015-05-29,-0.0041480617482768925
2015-06-01,-0.0008587981921332188
2015-06-02,-0.0009943897306686081
2015-06-03,0.0001475302017478647
2015-06-04,-0.004855606491687557
2015-06-05,-0.0030932700288370065
2015-06-08,-0.002747225217441968
2015-06-09,-0.0026866413972819005
2015-06-10,0.007919247141836578
2015-06-11,0.0028971494986861648
2015-06-12,-0.003483827905508474
2015-06-15,-0.003068459268392001
2015-06-16,0.0032067392569593844
2015-06-17,0.00039143330766671074
2015-06-18,0.006542677494808346
2015-06-19,-0.0011027516853460784
2015-06-22,0.004020445456183438
2015-06-23,0.001062023816183988
2015-06-24,-0.0035985256185124656
2015-06-25,-0.0016538924036923858
2015-06-26,-0.0033845811100008047
2015-06-29,-0.011973536839649378
2015-06-30,0.0016617622412425084
2015-07-01,0.0017859045319277142
2015-07-02,0.0001931824991420793
2015-07-06,-0.004100336021823507
2015-07-07,0.0006316429564954132
2015-07-08,-0.011666005138222047
2015-07-09,0.0026582755987318123
2015-07-10,0.010048899751618233
2015-07-13,0.00578030939177301
2015-07-14,0.0037634733912555503
2015-07-15,-0.0011681764218730952
2015-07-16,0.00617120287733106
2015-07-17,0.0013463668597374632
2015-07-20,-0.0009784683655940302
2015-07-21,-0.0009334426923794234
2015-07-22,-0.0030643333962868946
2015-07-23,-0.0028261031107161432
2015-07-24,-0.0071410899177866164
2015-07-27,-0.0049830025710568965
2015-07-28,0.005642940875081993
2015-07-29,0.0028598718785723593
2015-07-30,0.00036861595218063017
2015-07-31,0.003123677898397957
2015-08-03,-0.0026124591028852027
2015-08-04,-0.001465105681897918
2015-08-05,0.0014152774531211987
2015-08-06,-0.005153789081000102
2015-08-07,-0.000360393004410466
2015-08-10,0.006298005544261964
2015-08-11,-0.005883623533428527
2015-08-12,-0.0021115717786448214
2015-08-13,-0.0015012226905441106
2015-08-14,0.0018040115516991737
2015-08-17,0.002409290886869191
2015-08-18,-0.0043931134299557695
2015-08-19,-0.004023732313118276
2015-08-20,-0.012646087875788713
2015-08-21,-0.01563738700528226
2015-08-24,-0.023012951558366416
2015-08-25,-0.0024907930097297117
2015-08-26,0.018562800131172494
2015-08-27,0.014105071353621693
2015-08-28,8.392217842115113e-05
2015-08-31,-0.00435535549210491
2015-09-01,-0.017768930604892357
2015-09-02,0.007308273878385862
2015-09-03,0.0005904051018337077
2015-09-04,-0.006481096864217439
2015-09-08,0.010484527742657087
2015-09-09,-0.003721177859564622
2015-09-10,0.0025220057754935343
2015-09-11,0.002251713268912443
2015-09-14,-0.001652676474314483
2015-09-15,0.002517235402117682
2015-09-16,0.005022290566273297
2015-09-17,0.0017355677991089849
2015-09-18,-0.006262000296843161
2015-09-21,-0.0011973446008467972
2015-09-22,-0.0060707484683995595
2015-09-23,-0.002102101684109226
2015-09-24,-0.0008105476799466048
2015-09-25,-0.0021137653051709177
2015-09-28,-0.009084286513342626
2015-09-29,-0.0002690127151822773
2015-09-30,0.008757566278920353
2015-10-01,0.0014326943372757522
2015-10-02,0.008102805235625874
2015-10-05,0.006496277861355987
2015-10-06,-0.000819835961791489
2015-10-07,0.00511880938065583
2015-10-08,0.0025226405858239953
2015-10-09,0.0011749310891977277
2015-10-12,0.0002901947186754891
2015-10-13,-0.004217581768309597
2015-10-14,0.0003953391941844122
2015-10-15,0.00712296371931307
2015-10-16,0.0004928621170036455
2015-10-19,-0.0005199773181366331
2015-10-20,-0.0017430785672565262
2015-10-21,-0.0024506241274411034
2015-10-22,0.0063477517146519795
2015-10-23,0.004017104687000163
2015-10-26,-0.0010291670326923522
2015-10-27,-0.002053616776107441
2015-10-28,0.0031858219375008197
2015-10-29,-0.003990081695093229
2015-10-30,-0.0005531475413635305
2015-11-02,0.0052920975928734204
2015-11-03,0.0010714143935194385
2015-11-04,-0.001459023049903859
2015-11-05,-0.0005298480044612151
2015-11-06,-0.002489939961991222
2015-11-09,-0.005998524527340861
2015-11-10,0.00032836421942901336
2015-11-11,-0.0008187102471974936
2015-11-12,-0.005299775695694624
2015-11-13,-0.004185196173852551
2015-11-16,0.005980961879137666
2015-11-17,-0.0002644862262693938
2015-11-18,0.006184654434718952
2015-11-19,0.0013557116671429699
2015-11-20,0.0016049078199635231
2015-11-23,-0.0007774514112273258
2015-11-24,0.0011925099066988829
2015-11-25,0.0006135866484828074
2015-11-27,-0.0008764273463796373
2015-11-30,-0.0006862410842651515
2015-12-01,0.005252624099324099
2015-12-02,-0.004986367441250836
2015-12-03,-0.008714371258651597
2015-12-04,0.0074595515337075174
2015-12-07,-0.003200437000500919
2015-12-08,-0.003390292196650279
2015-12-09,-0.0041016528920906695
2015-12-10,0.00025779917933342334
2015-12-11,-0.007913549606328693
2015-12-14,-6.0008548400094716e-05
2015-12-15,0.0038329852860860335
2015-12-16,0.007190451923374787
2015-12-17,-0.004766024498851468
2015-12-18,-0.005399207428119797
2015-12-21,0.0036296953177076853
2015-12-22,0.0028467857350801206
2015-12-23,0.005017946171313158
2015-12-24,0.0001857051871657011
2015-12-28,-0.001254233817566637
2015-12-29,0.0027343029026570854
2015-12-30,-0.004228222000183182
2015-12-31,-0.004434339506782206
2016-01-04,-0.007939824006198214
2016-01-05,-6.323157051946996e-05
2016-01-06,-0.004986964921206147
2016-01-07,-0.011686760819519209
2016-01-08,-0.004834134300919546
2016-01-11,-0.00074825828212563
2016-01-12,0.004237784928458869
2016-01-13,-0.009735329426261659
2016-01-14,0.006233457650419206
2016-01-15,-0.0114713762879557
2016-01-19,0.0007586895341880422
2016-01-20,-0.0038128034862644927
2016-01-21,0.0007149755095059106
2016-01-22,0.011911669838945196
2016-01-25,-0.006744641399051261
2016-01-26,0.007056255062632448
2016-01-27,-0.005379256151261562
2016-01-28,0.0035097329312650197
2016-01-29,0.012842217294352603
2016-02-01,-0.00157946333054144
2016-02-02,-0.006883474898321687
2016-02-03,0.002195813411330142
2016-02-04,0.001685375619759606
2016-02-05,-0.008205969947723988
2016-02-08,-0.0036907815195671516
2016-02-09,-0.0025660956422803743
2016-02-10,0.0013904823089095103
2016-02-11,-0.0033607274648074104
2016-02-12,0.004937468688450319
2016-02-16,0.0071137025410358224
2016-02-17,0.0063765753083133885
2016-02-18,-0.0009910708573458514
2016-02-19,0.0002079082447263569
2016-02-22,0.00577795626542317
2016-02-23,-0.00532302338696632
2016-02-24,0.001277523478666557
2016-02-25,0.004393436194646729
2016-02-26,-0.0019898154889021686
2016-02-29,-0.0011365929442213889
2016-03-01,0.008496572513564655
2016-03-02,0.00269854875278527
2016-03-03,0.0029947099715315548
2016-03-04,0.0018149569885777537
2016-03-07,-5.146884897206321e-05
2016-03-08,-0.003964446915101507
2016-03-09,0.0011115817778573382
2016-03-10,-0.001485923064560339
2016-03-11,0.00700396754325319
2016-03-14,-0.0004849733261549887
2016-03-15,-0.0031249457949125057
2016-03-16,0.004738115157356255
2016-03-17,0.004247776222088752
2016-03-18,0.001754250628491949
2016-03-21,-0.0006421650327180224
2016-03-22,-0.0005440552402479863
2016-03-23,-0.00330991117281092
2016-03-24,-0.0006377826852113478
2016-03-28,0.0010576957999058735
2016-03-29,0.00762562906322663
2016-03-30,0.0012479851340684012
2016-03-31,-5.253322174391907e-05
2016-04-01,0.0007562351738203419
2016-04-04,-0.0021246852325990237
2016-04-05,-0.004520701855390392
2016-04-06,0.00483253406658872
2016-04-07,-0.0045946465950340515
2016-04-08,0.0027998173338866865
2016-04-11,3.9900345750235856e-05
2016-04-12,0.003833546483872715
2016-04-13,0.0067251845230220375
2016-04-14,-0.0007809466765678665
2016-04-15,0.00025844552385914107
2016-04-18,0.0023966495276142776
2016-04-19,0.0020366954237452683
2016-04-20,-0.0013962021534232516
2016-04-21,-0.0027690467811405848
2016-04-22,-0.0011430627081414249
2016-04-25,-0.002050651325354473
2016-04-26,0.0009895227116466926
2016-04-27,0.0017277699565802732
2016-04-28,-0.00396379585492941
2016-04-29,-0.0022583271378376363
2016-05-02,0.0018670113617838579
2016-05-03,-0.005074814299539594
2016-05-04,-0.0035188055089829286
2016-05-05,0.0002578402558489091
2016-05-06,0.001107567044165208
2016-05-09,-3.9015552341480304e-05
2016-05-10,0.00617216125589497
2016-05-11,-0.00327651709799903
2016-05-12,-0.0017916586328854721
2016-05-13,-0.0028995998836055833
2016-05-16,0.00415445246687404
2016-05-17,-0.004644877533988505
2016-05-18,-0.0020985786156250126
2016-05-19,-0.0024506529975865735
2016-05-20,0.00478468191940735
2016-05-23,-0.0005732570823401038
2016-05-24,0.006545930715798413
2016-05-25,0.0034204854931333497
2016-05-26,0.0017600086627643757
2016-05-27,0.0012873983498730155
2016-05-31,0.000249077766299735
2016-06-01,0.0009124670655986525
2016-06-02,0.0028843911406104456
2016-06-03,0.0029776665361134305
2016-06-06,0.002370538427120013
2016-06-07,0.002029029729282127
2016-06-08,0.002556051266747706
2016-06-09,-0.0023153147339401146
2016-06-10,-0.007407451677051948
2016-06-13,-0.004618895829885402
2016-06-14,-0.00243374540483983
2016-06-15,0.0018653750369684082
2016-06-16,0.001073214116681296
2016-06-17,-0.0017769249629472049
2016-06-20,0.0047416335845154416
2016-06-21,0.001178446901312576
2016-06-22,-0.00021687240649898162
2016-06-23,0.007703530396598473
2016-06-24,-0.020820720581877596
2016-06-27,-0.006787362143953045
2016-06-28,0.010681501319404563
2016-06-29,0.008397383712278038
2016-06-30,0.007299688259150043
2016-07-01,0.0032141397666519806
2016-07-05,-0.0037161156247707107
2016-07-06,0.001781652806164299
2016-07-07,-0.0002637691310763959
2016-07-08,0.008021614466557525
2016-07-11,0.0021347533671620886
2016-07-12,0.0022836271516284176
2016-07-13,0.00035128909965644457
2016-07-14,0.0013236721807999077
2016-07-15,-0.0016124480274515797
2016-07-18,0.0016695946161058139
2016-07-19,-0.0013260889100067473
2016-07-20,0.0023073829849525438
2016-07-21,-0.0010319067457431393
2016-07-22,0.0020571666649146616
2016-07-25,-0.001317443464145439
2016-07-26,0.0015231014138582027
2016-07-27,0.0025603522141140075
2016-07-28,0.0001284996135711515
2016-07-29,0.002691752742933241
2016-08-01,-0.001266747452766069
2016-08-02,-0.004703658028601643
2016-08-03,0.0015089985696526995
2016-08-04,0.002137481386614091
2016-08-05,0.0028617069088136206
2016-08-08,0.0004795995644871827
2016-08-09,0.0026034347584983682
2016-08-10,-0.00030676484035322213
2016-08-11,0.0016285015080561977
2016-08-12,0.0006298416161237323
2016-08-15,0.001690830723124078
2016-08-16,-0.0027605638039929804
2016-08-17,0.00024720047690867416
2016-08-18,0.0023666833490229816
2016-08-19,-0.0019780067726510777
2016-08-22,0.00021228029064151579
2016-08-23,0.0011037822492955896
2016-08-24,-0.0021706775612686992
2016-08-25,-0.0007861066929870154
2016-08-26,-0.0022631304286666967
2016-08-29,0.003406407419325602
2016-08-30,-0.0009168795399941096
2016-08-31,-0.0020073523846876437
2016-09-01,0.001681524074149822
2016-09-02,0.003374353781642363
2016-09-06,0.0048281815338440314
2016-09-07,0.0004992663789957272
2016-09-08,-0.0032755981268969754
2016-09-09,-0.015844317188427343
2016-09-12,0.0069869393081916295
2016-09-13,-0.010211509730500362
2016-09-14,0.0011018646481513095
2016-09-15,0.00638542809084133
2016-09-16,-0.0017402027967640202
2016-09-19,0.0008198811740209045
2016-09-20,0.0008237007213263082
2016-09-21,0.00885327246868369
2016-09-22,0.005736444334000835
2016-09-23,-0.004041638206443721
2016-09-26,-0.004306162739659765
2016-09-27,0.004799542021800577
2016-09-28,0.0028317572944470027
2016-09-29,-0.005889990253845241
2016-09-30,0.0031098727633760413
2016-10-03,-0.0010635774173971696
2016-10-04,-0.0038230296296826996
2016-10-05,0.0024016707409635304
2016-10-06,-0.001226965300885664
2016-10-07,-0.0020330158222084185
2016-10-10,0.0028786123520692405
2016-10-11,-0.008442141357326441
2016-10-12,-0.00029838065674427
2016-10-13,-0.002115602682507984
2016-10-14,-0.0013782294580692465
2016-10-17,-0.00046047176800696646
2016-10-18,0.005262600634972744
2016-10-19,0.0016151847486747502
2016-10-20,-0.0008599758845922248
2016-10-21,0.0004992487691978946
2016-10-24,0.0023761672002953226
2016-10-25,-0.001390320255532281
2016-10-26,-0.004100019126434851
2016-10-27,-0.00411671041649559
2016-10-28,-0.0018768605836768663
2016-10-31,0.0013261153130864356
2016-11-01,-0.004069944445499849
2016-11-02,-0.0042157324138981656
2016-11-03,-0.0034974207791384124
2016-11-04,-0.0006023943860796337
2016-11-07,0.012146962657078023
2016-11-08,0.0016825936805974885
2016-11-09,-0.003115111981218601
2016-11-10,-0.004910402767037198
2016-11-11,-0.0009067823654617573
2016-11-14,-0.0023755382129112507
2016-11-15,0.005819529202500112
2016-11-16,-0.0005286647269258919
2016-11-17,0.001361891632564823
2016-11-18,-0.002817792834831677
2016-11-21,0.005026060841332285
2016-11-22,0.003357725925271553
2016-11-23,-0.0020131369864520173
2016-11-25,0.001988724840757136
2016-11-28,-0.0012407600115002728
2016-11-29,0.0019427479381590044
2016-11-30,-0.004823750465925256
2016-12-01,-0.006192714694034593
2016-12-02,0.001698604911894374
2016-12-05,0.0052468199794358525
2016-12-06,0.0030630160458857123
2016-12-07,0.00859562564823289
2016-12-08,0.0011317449152192791
2016-12-09,0.0006363813554545992
2016-12-12,-0.002698214928964436
2016-12-13,0.005002412367221925
2016-12-14,-0.008766300527573429
2016-12-15,0.001318726627459612
2016-12-16,-0.0011926268735469145
2016-12-19,0.0020822944478596462
2016-12-20,0.0019497806377050016
2016-12-21,-0.0009796010800293793
2016-12-22,-0.002871605461562234
2016-12-23,0.0018546181908168033
2016-12-27,0.0012553579644700504
2016-12-28,-0.002112813540074031
2016-12-29,0.0021356186231262352
2016-12-30,-0.001871381082341029
2017-01-03,0.004621626966553529
2017-01-04,0.005900058594245913
2017-01-05,0.003356770097300991
2017-01-06,-0.0007185573622938852
2017-01-09,5.573995721565006e-06
2017-01-10,0.0016836378453551502
2017-01-11,0.0030480924246708094
2017-01-12,-0.0009382516087105288
2017-01-13,0.0013306696020832021
2017-01-17,-0.0014968683580239503
2017-01-18,-0.0017598246709728844
2017-01-19,-0.003145781017181683
2017-01-20,0.0022519677234476964
2017-01-23,0.002235661260506269
2017-01-24,0.003367060154690157
2017-01-25,0.004406582789995009
2017-01-26,-0.0009166909747359737
2017-01-27,-0.00010958603689639145
2017-01-30,-0.005118980635061085
2017-01-31,0.0017604773753950732
2017-02-01,0.0007506269729961754
2017-02-02,0.0001784639482827675
2017-02-03,0.004518516991040001
2017-02-06,-0.0010800678715429592
2017-02-07,0.00017219278358040517
2017-02-08,0.002577230344147981
2017-02-09,0.0024571346719489415
2017-02-10,0.0030520741546138067
2017-02-13,0.0024748041048345366
2017-02-14,0.0004255805371890177
2017-02-15,0.0031267078631750465
2017-02-16,0.00041813154002565584
2017-02-17,0.0008550226844535688
2017-02-21,0.003922788179231698
2017-02-22,4.183583612961333e-05
2017-02-23,-0.0001660240018268021
2017-02-24,-0.0002778965344114763
2017-02-27,0.0003679903382629158
2017-02-28,-0.003568658595205021
2017-03-01,0.006828324324756325
2017-03-02,-0.007004566044273581
2017-03-03,0.002364780192980516
2017-03-06,-0.0025497869681709124
2017-03-07,-0.0025033328787111126
2017-03-08,-0.003312484251472171
2017-03-09,-0.0013287410559967023
2017-03-10,0.004907148868640109
2017-03-13,0.0020600067251293525
2017-03-14,-0.003021383474739603
2017-03-15,0.011627548651752645
2017-03-16,0.00023154790797616726
2017-03-17,0.001087027710541228
2017-03-20,0.0009692774376396032
2017-03-21,-0.009029946684249437
2017-03-22,0.0026608005958377364
2017-03-23,0.00013433114810520674
2017-03-24,0.0012660221856173807
2017-03-27,0.001046041533741572
2017-03-28,0.003346531970507933
2017-03-29,0.002315411759079602
2017-03-30,-0.00035672640975088483
2017-03-31,-0.0008711640416684
2017-04-03,0.00014295951889304646
2017-04-04,-0.0003930217292083544
2017-04-05,-0.0033199744001409237
2017-04-06,0.001327020250681178
2017-04-07,-0.001447394713072805
2017-04-10,0.0004091189741157965
2017-04-11,0.001843301755926008
2017-04-12,-0.0019095220772956892
2017-04-13,-0.003982736920262027
2017-04-17,0.0062014366075604675
2017-04-18,-0.0011146030599096816
2017-04-19,-0.0018547975452359883
2017-04-20,0.006525403994584987
2017-04-21,-0.0007928911642979914
2017-04-24,0.010727373267924422
2017-04-25,0.003931874478173606
2017-04-26,0.00014298572178482374
2017-04-27,0.0012478079297956423
2017-04-28,-0.0014077990499865092
2017-05-01,0.0030216330127098173
2017-05-02,0.0021038038966930874
2017-05-03,-0.0029562012644126505
2017-05-04,-0.0003939713448864223
2017-05-05,0.004999329619290586
2017-05-08,-0.0021833666367125377
2017-05-09,0.0012267922538827063
2017-05-10,0.002019774188012594
2017-05-11,-0.0014276889413385825
2017-05-12,0.0021653169759534153
2017-05-15,0.004247103856591249
2017-05-16,0.0021921942738559043
2017-05-17,-0.0128151401158964
2017-05-18,0.0012076498222531081
2017-05-19,0.0070559624423351675
2017-05-22,0.003239499373925637
2017-05-23,0.00019078694018750074
2017-05-24,0.0026525984221133386
2017-05-25,0.003239386019094362
2017-05-26,0.00039909236094075583
2017-05-30,-0.0009683542594025058
2017-05-31,-0.0007025602661289062
2017-06-01,0.006485342503399286
2017-06-02,0.007493583232138886
2017-06-05,-0.002838463169533943
2017-06-06,-0.0009263852401341447
2017-06-07,0.0003292305215025917
2017-06-08,0.001813939051029899
2017-06-09,-0.005752598323497311
2017-06-12,-0.0024844251161477114
2017-06-13,0.004902307399384209
2017-06-14,0.00023568356808335424
2017-06-15,-0.0051706422559930805
2017-06-16,0.0008307100231641764
2017-06-19,0.006668760038113074
2017-06-20,-0.005473173477864061
2017-06-21,0.0014764892939795645
2017-06-22,0.001183427503668054
2017-06-23,0.002707557733722294
2017-06-26,0.001289469058404888
2017-06-27,-0.008972672273932204
2017-06-28,0.008067260649963928
2017-06-29,-0.009984425361904942
2017-06-30,0.0002576308444947224
2017-07-03,-0.0008860202009505642
2017-07-05,0.0012368647056590068
2017-07-06,-0.008140856046350307
2017-07-07,0.0035170237316454072
2017-07-10,0.0024749670825697056
2017-07-11,0.002329739832073335
2017-07-12,0.008991494952540107
2017-07-13,0.0011074525502404147
2017-07-14,0.005334463938255153
2017-07-17,-0.00015197356290085835
2017-07-18,0.0025727351814498287
2017-07-19,0.004964824810858812
2017-07-20,0.0011603361559640848
2017-07-21,-0.000938531152278365
2017-07-24,0.00016210275041609722
2017-07-25,-0.0009127315802363393
2017-07-26,0.0024864684621101842
2017-07-27,-0.0036546601296021976
2017-07-28,0.00017830359480948424
2017-07-31,-0.0004965366211948733
2017-08-01,0.0033323437940058764
2017-08-02,-0.0019036651326269586
2017-08-03,0.0005561219517684902
2017-08-04,0.0002446087983974063
2017-08-07,0.0008660128990783277
2017-08-08,-0.002232785027159932
2017-08-09,-0.0017785226601299553
2017-08-10,-0.006906152519867856
2017-08-11,-0.00037087525514865053
2017-08-14,0.004229266634636237
2017-08-15,-0.002218602774666937
2017-08-16,0.003239111722100979
2017-08-17,-0.005585675706266061
2017-08-18,0.0013138185445075341
2017-08-21,0.000987040097337171
2017-08-22,0.0032848778458888714
2017-08-23,0.0013192878125394103
2017-08-24,-0.0003814759029807091
2017-08-25,0.0037339586193122112
2017-08-28,-0.00021899830452311016
2017-08-29,-0.0005663176368686859
2017-08-30,-3.372044826211973e-06
2017-08-31,0.0033642741526319956
2017-09-01,0.0012148077784225365
2017-09-05,-0.004314817993741881
2017-09-06,0.0023349524688251223
2017-09-07,0.004282957026885803
2017-09-08,-0.002541946252265895
2017-09-11,0.006135281228286749
2017-09-12,0.0012807810184781697
2017-09-13,-0.0018748691602648018
2017-09-14,7.103251172540072e-05
2017-09-15,0.002480429848302919
2017-09-18,0.0005121232458960163
2017-09-19,0.0011273650469313882
2017-09-20,-0.0013127814607989576
2017-09-21,-0.002295807138392908
2017-09-22,0.0009205332798810474
2017-09-25,-0.003819227134848786
2017-09-26,-0.0002562096613439487
2017-09-27,0.0018459599285789727
2017-09-28,0.0006266592571241472
2017-09-29,0.0045646600462521045
2017-10-02,0.0020962608350388327
2017-10-03,0.0034342766635087284
2017-10-04,-0.0008155993921916356
2017-10-05,0.0006353771916827591
2017-10-06,-0.0019877068896465935
2017-10-09,-0.0003634527813167969
2017-10-10,0.00432277696318213
2017-10-11,0.0012836164684936428
2017-10-12,0.00010026585554466664
2017-10-13,0.00298046506360837
2017-10-16,-0.0009749229235595144
2017-10-17,-0.0016381815962753243
2017-10-18,0.000870049311676173
2017-10-19,-0.0007918177241983164
2017-10-20,-9.512604077871756e-05
2017-10-23,-0.002200421092618789
2017-10-24,-0.00038910647455650695
2017-10-25,-0.003117832799708411
2017-10-26,-0.0004602303991868488
2017-10-27,0.0022041624979672373
2017-10-30,-0.0015327979128120738
2017-10-31,0.0027662753576036653
2017-11-01,0.0007724374950207765
2017-11-02,0.002286210432010967
2017-11-03,-0.0011724941224822835
2017-11-06,0.002487206753403424
2017-11-07,-0.0033976577476016786
2017-11-08,0.0009453134586476261
2017-11-09,-0.003225633814189517
2017-11-10,-0.003886676018901128
2017-11-13,-0.0011037513854573826
2017-11-14,-0.000684071805678276
2017-11-15,-0.001277358714416202
2017-11-16,0.005824794036003558
2017-11-17,0.0012883295914926554
2017-11-20,0.0024285380910819727
2017-11-21,0.005493616961556653
2017-11-22,0.001289464879529654
2017-11-24,0.0012039582785335235
2017-11-27,-0.003926432423819263
2017-11-28,0.007005324978700471
2017-11-29,-0.001827945289645359
2017-11-30,-0.0010224626016381237
2017-12-01,-0.0002464119235840079
2017-12-04,0.00013387040899114758
2017-12-05,-0.0025313879324020782
2017-12-06,-0.0028233202851410902
2017-12-07,0.0011723812507503778
2017-12-08,0.0033448754795857897
2017-12-11,0.000390509840565626
2017-12-12,-0.0006919666820497838
2017-12-13,0.004561639023091269
2017-12-14,-0.0045693769012307974
2017-12-15,0.0030460509833704096
2017-12-18,0.0052055162035664106
2017-12-19,-0.005032734460979742
2017-12-20,-0.0015881191197209437
2017-12-21,0.0034594945459131402
2017-12-22,0.0016558222593996404
2017-12-26,0.0007136228635471236
2017-12-27,0.0027713027168060522
2017-12-28,0.0015472763962739186
2017-12-29,-8.20383533448616e-05
2018-01-02,0.003003486902593959
2018-01-03,0.0028008123995619553
2018-01-04,0.003519770638854868
2018-01-05,0.0017463543154110671
2018-01-08,-0.0006421228997022749
2018-01-09,-0.0014127482745928338
2018-01-10,-0.0015577449727647269
2018-01-11,0.0010894565063858822
2018-01-12,0.0035118148200230406
2018-01-16,0.0012276758866877513
2018-01-17,0.0016540832047442506
2018-01-18,-0.0010701255347223236
2018-01-19,3.341476827408308e-06
2018-01-22,0.001541104747601072
2018-01-23,0.0011324538931190848
2018-01-24,0.0024942583724168878
2018-01-25,0.0002692749330556845
2018-01-26,0.0029675408741721334
2018-01-29,-0.005485236347800882
2018-01-30,-0.004740527497678543
2018-01-31,0.0016585664210662999
2018-02-01,-0.003005822911130558
2018-02-02,-0.00830026326009328
2018-02-05,-0.00842054162196986
2018-02-06,0.005419357365479836
2018-02-07,-0.007228386980020482
2018-02-08,-0.0075651252607827875
2018-02-09,0.0013468139619777547
2018-02-12,0.00475600055556934
2018-02-13,0.0005123774214914924
2018-02-14,0.0020965321507580674
2018-02-15,0.002696131381848045
2018-02-16,0.0017271417399346257
2018-02-20,-0.004871419417399126
2018-02-21,-0.0037539887244035907
2018-02-22,0.0022883117083225615
2018-02-23,0.00410653434597685
2018-02-26,0.003071632918526077
2018-02-27,-0.006525139304554493
2018-02-28,-0.0017170813724983241
2018-03-01,-0.002709061317556263
2018-03-02,-0.00274879120807768
2018-03-05,-0.00047854040451297033
2018-03-06,0.00019346793946501068
2018-03-07,-0.0012838758369774594
2018-03-08,0.0013726418951576639
2018-03-09,-0.00012625208877300575
2018-03-12,0.00042082968438958033
2018-03-13,0.0002573189290303155
2018-03-14,0.0014661261162082883
2018-03-15,3.952909570086866e-05
2018-03-16,-0.0010348440835354696
2018-03-19,-0.0007776926355040921
2018-03-20,4.717601924225367e-05
2018-03-21,0.0004210499312202485
2018-03-22,-0.001379668220403191
2018-03-23,-0.00033160860600353067
2018-03-26,0.001062214455853268
2018-03-27,0.0028664229086475105
2018-03-28,0.0012085146352459081
2018-03-29,0.002166687043244637
2018-04-02,0.00019532522200567653
2018-04-03,-0.00088423003330061
2018-04-04,-0.0013401763927294154
2018-04-05,-0.0006921841598390658
2018-04-06,0.0012657251008541474
2018-04-09,0.0010313466373382087
2018-04-10,0.00019145888295019035
2018-04-11,-0.00023489661143401522
2018-04-12,-0.0017807711186584013
2018-04-13,0.000337207016382207
2018-04-16,-0.0005326827583787839
2018-04-17,-0.0007087112511872315
2018-04-18,-0.0005743475345969971
2018-04-19,-0.0013096256710500916
2018-04-20,-0.0017990111895467302
2018-04-23,-0.000650857130486165
2018-04-24,-0.0005994577054258535
2018-04-25,-0.0015421772735366844
2018-04-26,0.001750674398805973
2018-04-27,0.0017535539702391862
2018-04-30,8.536935230368666e-05
2018-05-01,-0.00267769751246259
2018-05-02,-0.0014254402015196103
2018-05-03,0.0014731791777029986
2018-05-04,-0.0004720401161305626
2018-05-07,-0.001911747704257648
2018-05-08,-0.000403094954544505
2018-05-09,-0.0009729398420395052
2018-05-10,0.0032989630497196926
2018-05-11,0.0005967031645697301
2018-05-14,-0.0002990770412926489
2018-05-15,-0.004731915040294629
2018-05-16,-0.0005116674911735328
2018-05-17,-0.0019321267133203446
2018-05-18,0.00036618608524728894
2018-05-21,0.0011464422003511063
2018-05-22,0.00043502377110501733
2018-05-23,-0.00043977349642159314
2018-05-24,0.00011954136831690062
2018-05-25,0.000690808614000728
2018-05-29,-0.0011690592247659089
2018-05-30,0.00033186405410383395
2018-05-31,-0.0008972641318326533
2018-06-01,0.00014694783642562768
2018-06-04,-0.0020007519372110118
2018-06-05,-0.0012940998546325856
2018-06-06,-0.001120307634645849
2018-06-07,0.0007748029676729112
2018-06-08,-0.0012009507004548407
2018-06-11,-3.22938754686224e-05
2018-06-12,-0.002306686790658504
2018-06-13,0.0001312903831280597
2018-06-14,-0.0014108615531476427
2018-06-15,-0.0007709062090881866
2018-06-18,-0.00228947927100721
2018-06-19,-0.0006044774785758846
2018-06-20,-0.002556017020592934
2018-06-21,0.0012080701329034542
2018-06-22,0.002727844513978504
2018-06-25,0.002682231593130831
2018-06-26,-0.0011723810495905126
2018-06-27,0.0023966950313971205
2018-06-28,-0.0006443057708134546
2018-06-29,0.0013206999332336922
2018-07-02,-0.003913263181782818
2018-07-03,0.0024510175638985526
2018-07-05,-0.00214804235312655
2018-07-06,-0.001103042910938396
2018-07-09,-0.0008055139331028024
2018-07-10,-0.0004078132876410691
2018-07-11,-0.0009876219456746566
2018-07-12,-0.00111082550344256
2018-07-13,0.001202175089340371
2018-07-16,-0.00044271205555614584
2018-07-17,-0.0009865452475114837
2018-07-18,-0.0010118635056464923
2018-07-19,-0.0002565467550018855
2018-07-20,0.0008698144503942726
2018-07-23,-0.003293618322964208
2018-07-24,0.002832550027800034
2018-07-25,-0.000586243271149893
2018-07-26,-0.0009438989303232782
2018-07-27,0.005384313728313238
2018-07-30,0.00203955641820771
2018-07-31,-0.0011685441437507677
2018-08-01,-0.0027586449077414304
2018-08-02,-0.00486195799742766
2018-08-03,0.001319852272902524
2018-08-06,-0.002981879237190286
2018-08-07,9.687644856006345e-05
2018-08-08,5.4547796956713606e-05
2018-08-09,0.0005316631805395272
2018-08-10,-0.0013944790391560347
2018-08-13,-0.0009763265918241718
2018-08-14,-0.0025923407999722025
2018-08-15,-2.0758295030854263e-05
2018-08-16,-0.0010439275523351902
2018-08-17,0.0009965994990415138
2018-08-20,0.001904529770026559
2018-08-21,-0.0006152780219608653
2018-08-22,0.0014304459429026202
2018-08-23,-0.0017565507685856146
2018-08-24,0.0004005400541187961
2018-08-27,5.871899604709766e-05
2018-08-28,-0.0018142621335008428
2018-08-29,-0.0008087912718987288
2018-08-30,-0.0024426769364984066
2018-08-31,-0.0014905906968911593
2018-09-04,-0.0028654913310709154
2018-09-05,-0.0006979018886745193
2018-09-06,0.0028335069933264137
2018-09-07,-0.0026437749872720378
2018-09-10,-0.00031891525792949863
2018-09-11,-0.00282677828802012
2018-09-12,0.002154786372129179
2018-09-13,0.00023739553917975689
2018-09-14,-0.0010482519036908767
2018-09-17,0.0032294077641941126
2018-09-18,-0.0019336919492336652
2018-09-19,0.0011723727738028337
2018-09-20,-0.0005345569592761142
2018-09-21,0.0019069081214720786
2018-09-24,-0.001436309731027651
2018-09-25,0.0005081942472998013
2018-09-26,0.003288436374587809
2018-09-27,-0.0011837088706890377
2018-09-28,-0.002325392231988971
2018-10-01,-5.5628356462937655e-05
2018-10-02,0.0034814248688896355
2018-10-03,-0.004477698631419485
2018-10-04,0.004975761738858966
2018-10-05,0.0017885718035560957
2018-10-08,-6.132391620165644e-05
2018-10-09,0.0018626143630910419
2018-10-10,0.014344510110602426
2018-10-11,0.009123074570480992
2018-10-12,-0.008499733989746237
2018-10-15,0.002575700601090268
2018-10-16,-0.011082189605351511
2018-10-17,-0.00040857665678893017
2018-10-18,0.00842840860417586
2018-10-19,0.0012640923548741451
2018-10-22,-0.0012559190511542168
2018-10-23,0.003178898354931408
2018-10-24,0.01699463419862945
2018-10-25,-0.01126102173256024
2018-10-26,0.009380611423757514
2018-10-29,0.00514736405908248
2018-10-30,-0.008605109284266152
2018-10-31,-0.005875297857572626
2018-11-01,-0.007942811210286643
2018-11-02,-0.001293540100311187
2018-11-05,-7.764072972152621e-05
2018-11-06,-0.001417938968709232
2018-11-07,-0.006177053575093194
2018-11-08,0.0014340424709728035
2018-11-09,0.0063030473788983675
2018-11-12,0.006591925356312871
2018-11-13,0.00020755032686875608
2018-11-14,0.0021721324459544086
2018-11-15,-0.005089054188845607
2018-11-16,0.0009088536211761198
2018-11-19,0.0068233994860451746
2018-11-20,0.004818111051554003
2018-11-21,-0.002111696602264532
2018-11-23,0.0016890181103491372
2018-11-26,-0.004286467820786048
2018-11-27,-0.0005091786111934523
2018-11-28,-0.007964875523558231
2018-11-29,0.0017102954018580485
2018-11-30,-0.001414046735985843
2018-12-03,-0.002539029241575936
2018-12-04,0.011064268966539005
2018-12-06,0.00031402159528550215
2018-12-07,0.007678061882231229
2018-12-10,-0.0002661905294551274
2018-12-11,-0.0009396380048597707
2018-12-12,-0.0025313526876831615
2018-12-13,0.000993320347098881
2018-12-14,0.005180162774484178
2018-12-17,0.006605502012403702
2018-12-18,0.0005306656108914827
2018-12-19,0.007330355337244791
2018-12-20,0.0024858849314046186
2018-12-21,0.0052606331634622305
2018-12-24,0.006589076210201778
2018-12-26,-0.014810046949154769
2018-12-27,-0.0004301814330962002
2018-12-28,0.001889602053045956
2018-12-31,-0.00047359942102509993
2019-01-02,-0.0003405279810286287
2019-01-03,0.0081733889473138
2019-01-04,-0.0098189591382673
2019-01-07,-0.003227502488686038
2019-01-08,-0.0027630393913382224
2019-01-09,-0.0016296396244241073
2019-01-10,-0.0016512710470172663
2019-01-11,0.0007656720141331182
2019-01-14,0.0013989114734476377
2019-01-15,-0.0031826122594935044
2019-01-16,-0.0014006037285139914
2019-01-17,-0.0020440549461191704
2019-01-18,-0.0028302464868091904
2019-01-22,0.004394418659342223
2019-01-23,-0.0004770981365835175
2019-01-24,-0.00022167381216740083
2019-01-25,-0.003023683231784648
2019-01-28,0.0018815696412918716
2019-01-29,0.0020063836898236392
2019-01-30,-0.0036245990746212402
2019-01-31,-0.0010540265157441076
2019-02-01,-0.0009649560887698205
2019-02-04,-0.0028316289008560322
2019-02-05,-0.00044025275437135084
2019-02-06,0.0010770003524127787
2019-02-07,0.002790149956721446
2019-02-08,0.0004348358401911686
2019-02-11,-0.001137053254274992
2019-02-12,-0.0027973804035799268
2019-02-13,-0.0007940125926617085
2019-02-14,0.001241626563756587
2019-02-15,-0.0007261430315081354
2019-02-19,-0.000115954991792392
2019-02-20,-0.0009625310992091712
2019-02-21,-0.0006598435159868391
2019-02-22,-0.0010088928589965574
2019-02-25,-0.0014749724997620546
2019-02-26,0.002330452929228053
2019-02-27,-0.0015467228610515612
2019-02-28,0.0005957499229219832
2019-03-01,-0.0026419306762375896
2019-03-04,0.0018459881182334046
2019-03-05,4.474186325623044e-05
2019-03-06,0.0036934183185393724
2019-03-07,0.003698316655328359
2019-03-08,0.0016126318465532795
2019-03-11,-0.005294853410416917
2019-03-12,-0.00010259579979911824
2019-03-13,-0.00081730237645308
2019-03-14,-3.195146998339968e-06
2019-03-15,-6.213421060340769e-05
2019-03-18,-0.0019000281264603767
2019-03-19,2.7068343375823102e-05
2019-03-20,0.0029620903020684355
2019-03-21,-0.003339708715519928
2019-03-22,0.00953627302293411
2019-03-25,0.0004249222299046924
2019-03-26,-0.0018274528929515248
2019-03-27,0.003667994790529257
2019-03-28,-0.0017930418174991064
2019-03-29,-0.002168443279469763
2019-04-01,-0.005530892750443436
2019-04-02,0.0006654463889066089
2019-04-03,-0.002046691882279711
2019-04-04,-0.0010327798125039807
2019-04-05,-0.0018568845797750921
2019-04-08,-0.0006816034874479645
2019-04-09,0.0018430222780547144
2019-04-10,-0.001216452358313565
2019-04-11,4.2088268169659534e-05
2019-04-12,-0.0026127452348972176
2019-04-15,0.0013225688868256146
2019-04-16,-0.0023111772008330106
2019-04-17,0.0009464932785216468
2019-04-18,0.0008515680639889761
2019-04-22,-0.0004203005477481971
2019-04-23,-0.0026284350129521165
2019-04-24,0.001963455278489855
2019-04-25,0.00012591748839086138
2019-04-26,-0.0004101445736600785
2019-04-29,-0.0013616073485390983
2019-04-30,0.0019322851955977354
2019-05-01,0.002062536577388776
2019-05-02,-0.001260781765674397
2019-05-03,-0.0035289049583362314
2019-05-06,0.002070587058460551
2019-05-07,0.0063767891570593455
2019-05-08,0.00041196076892094645
2019-05-09,0.0029627878928730964
2019-05-10,-0.0007541361648160709
2019-05-13,0.010729795339962244
2019-05-14,-0.0036512975769586076
2019-05-15,-0.0007675481039416868
2019-05-16,-0.0016344095285035518
2019-05-17,0.004133178087995207
2019-05-20,0.0022709192253948965
2019-05-21,-0.0039419130906759295
2019-05-22,0.002570305219185547
2019-05-23,0.006924709033433934
2019-05-24,0.00034558408163400675
2019-05-28,0.0019488218528996935
2019-05-29,0.0009730424763339166
2019-05-30,0.001045276930318294
2019-05-31,0.005121634556485532
2019-06-03,0.0033808950034874834
2019-06-04,-0.0045794231976895505
2019-06-05,-0.0003916478400646549
2019-06-06,-0.0009362310709290496
2019-06-07,-0.004022585245582234
2019-06-10,-0.0009086300931638345
2019-06-11,-0.0002326617737302911
2019-06-12,0.00014794189526729892
2019-06-13,-0.002400561499033033
2019-06-14,0.001066449068468136
2019-06-17,-0.0015571053123484022
2019-06-18,-0.004833335892439571
2019-06-19,-0.0014725601505522785
2019-06-20,-0.0030756630097395696
2019-06-21,0.0026228683326595375
2019-06-24,0.00040061733981661276
2019-06-25,0.00286424397159963
2019-06-26,0.0005620276640369783
2019-06-27,-0.0039462396212941305
2019-06-28,-0.0009229209999095097
2019-07-01,-0.002595779996617383
2019-07-02,-0.0013689637250484752
2019-07-03,-0.002536374743488355
2019-07-05,0.0007199839108124909
2019-07-08,0.0009074732866231235
2019-07-09,-0.0014317665320875185
2019-07-10,0.00010301070059255968
2019-07-11,0.002155558444794107
2019-07-12,-0.0018387537672012123
2019-07-15,-0.00021222525287903742
2019-07-16,0.0008823758194106442
2019-07-17,-0.0003367782081637092
2019-07-18,-0.00032215476451850764
2019-07-19,0.0015546367245515868
2019-07-22,-0.0009793813979261346
2019-07-23,-0.0002907568614786511
2019-07-24,-0.0031410932089646973
2019-07-25,0.001088670093010745
2019-07-26,-0.0025334304425150703
2019-07-29,0.0011095458212364408
2019-07-30,-0.002976524348123575
2019-07-31,5.8062320618840146e-05
2019-08-01,-0.003262830644757951
2019-08-02,-2.3514137155658594e-05
2019-08-05,-0.0003475155461660449
2019-08-06,-0.002624482219450388
2019-08-07,0.0004935921042465665
2019-08-08,-0.004398324275142644
2019-08-09,0.0014766826586770825
2019-08-12,-0.0014511051159279292
2019-08-13,-0.0015494719659663416
2019-08-14,-0.000735572243059486
2019-08-15,-0.0007562373055032328
2019-08-16,-0.0012280263886006156
2019-08-19,-0.0006693206497267477
2019-08-20,0.00045789411548487544
2019-08-21,0.0004145198024656102
2019-08-22,-7.691096377065159e-05
2019-08-23,0.0035396518972643284
2019-08-26,-0.0017209573660015738
2019-08-27,0.00017844306484715434
2019-08-28,-0.0023626903673250182
2019-08-29,-0.0017847382321330202
2019-08-30,0.0018990266264284274
2019-09-03,0.001786845186316486
2019-09-04,-4.8836239192552766e-05
2019-09-05,-0.0002493111097693564
2019-09-06,0.0007002581390599666
2019-09-09,0.0017901549838048227
2019-09-10,0.0017489490948202624
2019-09-11,-0.0016223708533830508
2019-09-12,0.0015160070288659556
2019-09-13,0.004345692219909312
2019-09-16,-0.0030351036119607017
2019-09-17,-0.0007427550431630673
2019-09-18,-0.000355112316044825
2019-09-19,8.91339843680238e-05
2019-09-20,-0.0003848823968018687
2019-09-23,-0.00037633891185984646
2019-09-24,0.00018245584068938563
2019-09-25,-0.0009544122429945823
2019-09-26,0.0012155025729189428
2019-09-27,0.0002577846582902768
2019-09-30,-0.0006251257246762367
2019-10-01,0.0010654578305513385
2019-10-02,-0.004324439471045724
2019-10-03,0.0006810949141101455
2019-10-04,0.00025848186663250124
2019-10-07,-0.00015075329774954594
2019-10-08,-0.0015282627409044004
2019-10-09,0.0023560067026447908
2019-10-10,0.0035984698926865115
2019-10-11,0.0044582369813556426
2019-10-14,-0.001655811248307856
2019-10-15,0.002968258881893305
2019-10-16,0.0001053301959869502
2019-10-17,-2.8529434955929286e-05
2019-10-18,5.384740064271557e-05
2019-10-21,0.0018351420926920083
2019-10-22,-0.00071151091922692
2019-10-23,0.0007436618549695053
2019-10-24,-0.00015571232086397627
2019-10-25,0.0007620422339516317
2019-10-28,0.00131355622386942
2019-10-29,-0.0003773907547978592
2019-10-30,-0.0002789833664974005
2019-10-31,-0.0027181780203013087
2019-11-01,0.0020114921411034073
2019-11-04,-0.000551922722512157
2019-11-05,-0.0014190443775034568
2019-11-06,0.0011537994811281294
2019-11-07,-0.0011699190007417534
2019-11-08,-0.001944936642735257
2019-11-11,-0.0007396600454836633
2019-11-12,-0.0004008788535420723
2019-11-13,-0.00016707956460909105
2019-11-14,0.001305633157202864
2019-11-15,0.001263169212476675
2019-11-18,0.0005781223332481203
2019-11-19,0.00026238726493449334
2019-11-20,0.00023868363697574497
2019-11-21,-0.0006898263640669251
2019-11-22,0.00033091171260969584
2019-11-25,0.00019528082320818731
2019-11-26,0.00020551402382892742
2019-11-27,-0.0008956698149117003
2019-11-29,-0.002426409984666679
2019-12-02,-0.0012024318073355755
2019-12-03,0.001675034420822418
2019-12-04,0.0006849522632140577
2019-12-05,-0.0005238347178206261
2019-12-06,0.00014913545093278146
2019-12-09,-0.0008038015303045686
2019-12-10,0.0001630721895095655
2019-12-11,0.003532723683881172
2019-12-12,0.00034561355464746233
2019-12-13,0.002770456133560107
2019-12-16,0.000506920320681638
2019-12-17,-0.0004839040494854152
2019-12-18,-0.0007938222643838244
2019-12-19,-0.00032996888474382224
2019-12-20,0.0004281747451498348
2019-12-23,-0.00013280270508513612
2019-12-24,-0.0003123472250379225
2019-12-26,0.0016655726539966662
2019-12-27,0.0016013535135597924
2019-12-30,-0.002109447908838519
2019-12-31,-0.0002088156940124066
2020-01-02,0.0048158193533693406
2020-01-03,-0.0020947592858050388
2020-01-06,-0.0005689731145595891
2020-01-07,-0.001104728717286216
2020-01-08,-4.374002865549856e-05
2020-01-09,0.0014043952435534841
2020-01-10,0.001240056110894739
2020-01-13,0.0013244554487050555
2020-01-14,-0.00015612961745674756
2020-01-15,-0.0005149032445597054
2020-01-16,-0.00048787250754359627
2020-01-17,0.0007375801058813314
2020-01-21,-0.0025666567625034016
2020-01-22,0.0013853760615325532
2020-01-23,-0.0010685887704574056
2020-01-24,0.0004354264750107805
2020-01-27,-0.004467073482202117
2020-01-28,0.0003439918494209943
2020-01-29,0.002320080974673375
2020-01-30,-0.0018552438940355545
2020-01-31,-0.002441318181160329
2020-02-03,-0.00043763855918580564
2020-02-04,0.004359662059025384
2020-02-05,0.0028057976460384667
2020-02-06,-0.00011580375058176204
2020-02-07,-0.00313053587996805
2020-02-10,-0.0006195531061145022
2020-02-11,0.002430788646869936
2020-02-12,0.0015645803825440905
2020-02-13,-0.0031314986701097614
2020-02-14,-0.0004887368626999486
2020-02-18,-0.002479326347939914
2020-02-19,0.00022298552740287968
2020-02-20,-0.0032503157647753
2020-02-21,-0.0004871724090387245
2020-02-24,-0.008677027551228336
2020-02-25,-0.0009250081181569628
2020-02-26,0.001715510898079301
2020-02-27,-0.0047430141437822685
2020-02-28,-0.002856859775312364
2020-03-02,0.001051332455051638
2020-03-03,-0.0063390218223717525
2020-03-04,0.009260149410380879
2020-03-05,-0.01137779827325659
2020-03-06,-0.010205034941081558
2020-03-09,-0.028824703057123712
2020-03-10,0.017905432030103533
2020-03-11,-0.013443773477710993
2020-03-12,-0.03400026804301412
2020-03-13,0.023249690558906123
2020-03-16,-0.043721574853445466
2020-03-17,0.022530614806933674
2020-03-18,-0.018585667724673544
2020-03-19,0.003689939648768794
2020-03-20,-0.012097080611868974
2020-03-23,-0.011629579236373129
2020-03-24,0.029468917905197272
2020-03-25,0.010176073998925101
2020-03-26,0.015017834333368145
2020-03-27,-0.014457957958547957
2020-03-30,0.006178565836972423
2020-03-31,-0.0013742240334793266
2020-04-01,-0.017550342714752122
2020-04-02,0.0033822668815298197
2020-04-03,-0.0031776685276564847
2020-04-06,0.010325276490967898
2020-04-07,-9.54828649515933e-05
2020-04-08,0.0036024042445064095
2020-04-09,0.0029364591580401025
2020-04-13,-0.0014630701920558384
2020-04-14,0.004537281462744924
2020-04-15,-0.00306453233376133
2020-04-16,0.0010768524006089708
2020-04-17,0.0037701310824035353
2020-04-20,-0.0019246941089285426
2020-04-21,-0.004091742826831988
2020-04-22,0.0031436897770975372
2020-04-23,0.00017285513191513712
2020-04-24,0.00196668940555896
2020-04-27,0.002295186594416119
2020-04-28,0.0005982286537731283
2020-04-29,0.005280974868304329
2020-04-30,-0.0034078938940834513
2020-05-01,-0.004719557373103458
2020-05-04,0.0008752990142497916
2020-05-05,0.000989602365262659
2020-05-06,-0.0013534262990084025
2020-05-07,0.0031167956024822003
2020-05-08,0.0030297015852358247
2020-05-11,-0.0005409759481802275
2020-05-12,-0.0026137725272239805
2020-05-13,-0.002093897362964209
2020-05-14,0.0010763195438391333
2020-05-15,0.0002988464688100107
2020-05-18,0.005446901717181024
2020-05-19,-0.0015468216434522846
2020-05-20,0.003602436671147446
2020-05-21,-0.001305359875478523
2020-05-22,-0.00019373558609284526
2020-05-26,0.0025360152336761626
2020-05-27,0.002265201398698949
2020-05-28,-0.0008907895709300428
2020-05-29,0.0014226609604169257
2020-06-01,0.0020095610934848297
2020-06-02,0.0019332566616418031
2020-06-03,0.0024947442620299365
2020-06-04,-0.00198783954285346
2020-06-05,0.004179932326645192
2020-06-08,0.002442710215901198
2020-06-09,-0.0007662474730786368
2020-06-10,0.0007063111698963467
2020-06-11,-0.010232852250866831
2020-06-12,0.0026612235799963486
2020-06-15,0.0013663686584627225
2020-06-16,0.0023563660649234303
2020-06-17,0.00018236371316952317
2020-06-18,0.0004295186515671566
2020-06-19,-0.0005708123710799997
2020-06-22,0.0019801868772267484
2020-06-23,0.0010363841270613987
2020-06-24,-0.004022670455778559
2020-06-25,0.002181709134301736
2020-06-26,-0.003293202644079002
2020-06-29,0.0026069538125863983
2020-06-30,0.0012378255553773538
2020-07-01,0.0008377451890283306
2020-07-02,0.0023405214439660353
2020-07-06,0.004368280866329904
2020-07-07,-0.001965915538946344
2020-07-08,0.0024022934884583235
2020-07-09,-0.00022337179536574133
2020-07-10,0.0011444144206585094
2020-07-13,-0.002097335002687493
2020-07-14,0.0022433376066334095
2020-07-15,0.002222818141555677
2020-07-16,-0.0013323806274115346
2020-07-17,0.0007024039494011617
2020-07-20,0.002405302396173358
2020-07-21,0.0007524685439982146
2020-07-22,0.0004944561020204808
2020-07-23,-0.0018618754848517974
2020-07-24,-0.0015636399862206064
2020-07-27,0.0024721894959082065
2020-07-28,-0.001358031476074647
2020-07-29,0.003085250955114228
2020-07-30,-0.0009381729416836753
2020-07-31,-0.0004904151228579518
2020-08-03,0.0024568465989455728
2020-08-04,0.0023780916673820564
2020-08-05,0.0011731767396415303
2020-08-06,0.0015565707368375605
2020-08-07,-0.0016566502487590472
2020-08-10,0.00034029552290806923
2020-08-11,-0.002429113530706419
2020-08-12,0.0032330686640113944
2020-08-13,-0.0011288851686166758
2020-08-14,-0.0005976539154816776
2020-08-17,0.002267067362653726
2020-08-18,0.0006185249797229917
2020-08-19,-0.0017970695012747312
2020-08-20,0.0010701814904458828
2020-08-21,0.0005317789929179126
2020-08-24,0.002252714133914453
2020-08-25,0.0005315003527059979
2020-08-26,0.0015538116799581477
2020-08-27,-0.0020246435404701075
2020-08-28,0.00210990203612998
2020-08-31,-0.0013106106719547783
2020-09-01,0.003533585412080186
2020-09-02,0.0030249379543229923
2020-09-03,-0.008377700130099591
2020-09-04,-0.003040159706988358
2020-09-08,-0.006339047516522482
2020-09-09,0.005297920686358235
2020-09-10,-0.003960470237782025
2020-09-11,0.0007968194266970586
2020-09-14,0.004069375753198441
2020-09-15,0.001978116523276094
2020-09-16,-0.0009771402097361432
2020-09-17,-0.001687365633178252
2020-09-18,-0.0027140368600414837
2020-09-21,-0.003741272321880086
2020-09-22,0.0015267474861208042
2020-09-23,-0.005776234483442558
2020-09-24,0.0003407210827069355
2020-09-25,0.003378837086079997
2020-09-28,0.004679952408712148
2020-09-29,-0.0007383763256192414
2020-09-30,0.0007612690230284856
2020-10-01,0.0030269290669817477
2020-10-02,-0.003086270910161598
2020-10-05,0.0034749458290717974
2020-10-06,-0.0019543165896922267
2020-10-07,0.0035201546949086976
2020-10-08,0.0029373213003190905
2020-10-09,0.002488850707583094
2020-10-12,0.004241479269575719
2020-10-13,-0.001038370280060738
2020-10-14,-0.0016918196720398695
2020-10-15,-0.0014267994617203257
2020-10-16,-0.00015392570779774117
2020-10-19,-0.003295148296136436
2020-10-20,0.0006626063615782219
2020-10-21,-0.0011225383545313584
2020-10-22,0.0001566365315386112
2020-10-23,0.0019376709790551486
2020-10-26,-0.004152534771075683
2020-10-27,0.00020471094275298222
2020-10-28,-0.009273087895120201
2020-10-29,0.0019357341260866831
2020-10-30,-0.004718360146587998
2020-11-02,0.004020500127884685
2020-11-03,0.005204105478877135
2020-11-04,0.009639203970854788
2020-11-05,0.007292954995168063
2020-11-06,-0.0011719377831018154
2020-11-09,0.0018985847817553792
2020-11-10,-0.0010051001075050726
2020-11-11,0.00325468115957829
2020-11-12,-0.0014337954356469127
2020-11-13,0.004345074408078371
2020-11-16,0.003926272102409022
2020-11-17,0.0003740523413296223
2020-11-18,-0.0025087794993479827
2020-11-19,0.0022337674275830755
2020-11-20,0.0006097497483188099
2020-11-23,0.0009146995449460705
2020-11-24,0.004093330346910672
2020-11-25,-0.0005442192577303189
2020-11-27,0.0031356930673506304
2020-11-30,-0.004774532938974921
2020-12-01,0.003324798033689999
2020-12-02,-0.0003326508558300582
2020-12-03,0.002228912454083827
2020-12-04,0.0020726101009980787
2020-12-07,0.0006487197126151175
2020-12-08,0.0018457671319611416
2020-12-09,-0.0033280355481454453
2020-12-10,0.0026576253161269183
2020-12-11,-0.0006946289497077167
2020-12-14,-0.0004179063381376112
2020-12-15,0.004194658818523013
2020-12-16,0.0005774423120593892
2020-12-17,0.0021798964955694815
2020-12-18,-0.0015191697449878367
2020-12-21,-0.002087931126667756
2020-12-22,0.0004758390050406229
2020-12-23,0.00105597089098878
2020-12-24,0.0006746763043056691
2020-12-28,0.0018504903340050888
2020-12-29,0.0002899553690806496
2020-12-30,0.0019724837374657817
2020-12-31,-7.840177214142708e-06
2021-01-04,-0.001717138368101988
2021-01-05,0.0039772203109435
2021-01-06,8.108878910827047e-05
2021-01-07,0.003656769466421203
2021-01-08,0.0033771903758524056
2021-01-11,-0.004252070137051513
2021-01-12,0.0021228670652862383
2021-01-13,0.0016342463153140752
2021-01-14,0.0010189853671973986
2021-01-15,-0.003786671198139712
2021-01-19,0.004695886454748781
2021-01-20,0.005133060197873306
2021-01-21,-0.00041575802533828075
2021-01-22,-0.000378067869845746
2021-01-25,0.0028063006652714415
2021-01-26,-0.0011069393963270575
2021-01-27,-0.00887347518954044
2021-01-28,0.0011955747880413072
2021-01-29,-0.008495449378804457
2021-02-01,0.008104116699939715
2021-02-02,0.0042712857407560005
2021-02-03,-0.00044595790376628693
2021-02-04,0.0030268122520030662
2021-02-05,0.001744716638720109
2021-02-08,0.003858189951571865
2021-02-09,0.0017210921759347319
2021-02-10,0.0002558815677126934
2021-02-11,0.0013697622652839659
2021-02-12,0.0001348718552550832
2021-02-16,-0.0022097307376725646
2021-02-17,-0.0007769946886429092
2021-02-18,-0.0034481585879290754
2021-02-19,2.6072741628049368e-05
2021-02-22,-0.0061641113473280005
2021-02-23,-0.00027896406418056926
2021-02-24,0.00217395690437166
2021-02-25,-0.01378502145342645
2021-02-26,0.0013013116830709129
2021-03-01,0.009174043627882558
2021-03-02,-0.0037298865906304373
2021-03-03,-0.006216122124898649
2021-03-04,-0.008004065746809839
2021-03-05,0.005528179416905908
2021-03-08,-0.005682447021253631
2021-03-09,0.010047495175330956
2021-03-10,0.0019979510347816628
2021-03-11,0.006525491842716196
2021-03-12,-0.0035565497382249248
2021-03-15,0.0023395802577510882
2021-03-16,-0.0005635885908945507
2021-03-17,0.0011031053241284626
2021-03-18,-0.00938031464270256
2021-03-19,0.0020453840129161173
2021-03-22,0.0026065784518129777
2021-03-23,-0.004925672705095606
2021-03-24,-0.004937266095554025
2021-03-25,0.002360139098706545
2021-03-26,0.006307614799380916
2021-03-29,-0.0038210217839260673
2021-03-30,0.0007583899919280573
2021-03-31,0.0017907029144828858
2021-04-01,0.006691037941054435
2021-04-05,0.004156898779708162
2021-04-06,0.00016600518505295006
2021-04-07,-0.0020375068517512977
2021-04-08,0.0038716958404040797
2021-04-09,0.00019736473636333172
2021-04-12,-0.0014206713822965732
2021-04-13,0.0029039849465416876
2021-04-14,-0.0004765078751154404
2021-04-15,0.005820712682524108
2021-04-16,0.0005734931070009999
2021-04-19,-0.002644603659919298
2021-04-20,-0.004154489487846818
2021-04-21,0.004665558200473969
2021-04-22,-0.002168185739396994
2021-04-23,0.0048009139222233614
2021-04-26,0.001181647570327502
2021-04-27,-0.0017267213522162166
2021-04-28,0.0009045920342409978
2021-04-29,5.994617074140451e-05
2021-04-30,-0.004212713336154723
2021-05-03,0.0015982274879500814
2021-05-04,-0.0047209208255351385
2021-05-05,0.0017096759626635564
2021-05-06,0.0033249123257015323
2021-05-07,0.004047285482375621
2021-05-10,-0.007600482582679591
2021-05-11,-0.0035616510052242627
2021-05-12,-0.01176864079186927
2021-05-13,0.004420703711359323
2021-05-14,0.009132500508993396
2021-05-17,-0.0012072088938404654
2021-05-18,-0.0007451652534219712
2021-05-19,-0.002551427723332096
2021-05-20,0.0061323503763573645
2021-05-21,-0.0008618754419471212
2021-05-24,0.0044980857652071
2021-05-25,0.0012418407118069137
2021-05-26,0.0019326933808345064
2021-05-27,0.00013744696295216706
2021-05-28,0.0010524639013724153
2021-06-01,0.002432967573081514
2021-06-02,0.0012525306103802153
2021-06-03,-0.00394199006711607
2021-06-04,0.006227543642524816
2021-06-07,0.0006309216721178451
2021-06-08,0.0012997706308605463
2021-06-09,4.422120908594499e-06
2021-06-10,0.0028322554090567525
2021-06-11,0.0007029251940044594
2021-06-14,0.000136324091198295
2021-06-15,-0.0013976124387829695
2021-06-16,-0.004165833986678041
2021-06-17,0.0015155137304545653
2021-06-18,-0.004267539047240045
2021-06-21,0.0036428199072163687
2021-06-22,0.0017281915944098133
2021-06-23,-0.0005937063205264638
2021-06-24,0.004018177304231479
2021-06-25,0.0002914273322517866
2021-06-28,0.001232670045858948
2021-06-29,0.00018214541142744345
2021-06-30,-0.0008475888629241898
2021-07-01,0.0009076342408537531
2021-07-02,0.0025405359987294906
2021-07-06,-0.0016897329014506385
2021-07-07,0.0015594658824411994
2021-07-08,-0.005024412816927633
2021-07-09,0.005305477848339479
2021-07-12,0.001266851786352194
2021-07-13,-0.003427561244987849
2021-07-14,0.001355664403451166
2021-07-15,-0.0009061897110877614
2021-07-16,-0.004369138515043929
2021-07-19,-0.004480072051546011
2021-07-20,0.00543817352308943
2021-07-21,0.0035469538617737602
2021-07-22,0.000882887483816251
2021-07-23,0.0013625051546860025
2021-07-26,-0.0013586553729184464
2021-07-27,-0.0033403992619026597
2021-07-28,0.0046212594394058
2021-07-29,0.0016452905400266358
2021-07-30,-0.0022697378709285597
2021-08-02,0.0020044543774692097
2021-08-03,0.0032556362829408735
2021-08-04,-0.0012484366371469603
2021-08-05,0.0023258553919450445
2021-08-06,-0.002963276031118378
2021-08-09,-0.0006850688188845721
2021-08-10,-0.00039329922685981647
2021-08-11,0.0017375279712919436
2021-08-12,-0.0006111237943383559
2021-08-13,0.002324280654982198
2021-08-16,-0.0012830121762019665
2021-08-17,-0.005524592775673972
2021-08-18,-0.003214720342677932
2021-08-19,-0.0021451129816660868
2021-08-20,0.003600213491516464
2021-08-23,0.006520013114454572
2021-08-24,0.002613208797319784
2021-08-25,-0.0003660596488916808
2021-08-26,-0.003502294963682113
2021-08-27,0.007411084664063283
2021-08-30,0.0019957156899888993
2021-08-31,0.00032064439866724275
2021-09-01,0.0031570739327361126
2021-09-02,0.001525178015432937
2021-09-03,1.1451522775873368e-05
2021-09-07,-0.0015020548478483836
2021-09-08,-0.0029125723057325495
2021-09-09,-0.00013755763748733873
2021-09-10,-0.004253058202779017
2021-09-13,0.0026532354387734224
2021-09-14,-0.0019718878397052583
2021-09-15,0.0025569419419811724
2021-09-16,-0.002217403887946338
2021-09-17,-0.005534429951300047
2021-09-20,-0.009778787668876554
2021-09-21,0.0019674727120922836
2021-09-22,0.006028586990403089
2021-09-23,0.003250608725931388
2021-09-24,-0.003580579604852127
2021-09-27,-0.0002430209237428415
2021-09-28,-0.013539086355289926
2021-09-29,-0.0009883549562138504
2021-09-30,-0.0024647633230843167
2021-10-01,0.0051396487844200525
2021-10-04,-0.007908998215422656
2021-10-05,0.0035838435679878427
2021-10-06,-0.0001603148536364308
2021-10-07,0.004975468085034122
2021-10-08,-0.0018741863384497375
2021-10-11,-0.0034616189933386545
2021-10-12,0.001155987074961622
2021-10-13,0.005279025996549734
2021-10-14,0.007708503690966051
2021-10-15,0.0024856726876239126
2021-10-18,0.0007205283001249126
2021-10-19,0.002753479702218167
2021-10-20,0.000869950078411293
2021-10-21,-0.0005173746141570915
2021-10-22,0.00044189750541138013
2021-10-25,0.0029730871166983278
2021-10-26,0.00032875320275617604
2021-10-27,-0.001064402238485011
2021-10-28,0.0048454694754006865
2021-10-29,-0.0010821462944191043
2021-11-01,0.004262646155174246
2021-11-02,0.000687608470723136
2021-11-03,0.003996279462596854
2021-11-04,0.0032844579739326183
2021-11-05,0.003735132633272473
2021-11-08,0.0003045100949188192
2021-11-09,-0.000826382051470907
2021-11-10,-0.008792136611857156
2021-11-11,0.00265423421909144
2021-11-12,0.003392483290821652
2021-11-15,-0.0023639463773927213
2021-11-16,0.0010174857904505735
2021-11-17,-0.0010222961565167154
2021-11-18,0.0004694741907840471
2021-11-19,-0.0006446429356527646
2021-11-22,-0.0056376483634353785
2021-11-23,-0.00231095592807518
2021-11-24,0.0012933012043070185
2021-11-26,-0.011794573974756467
2021-11-29,0.004229193288514221
2021-11-30,-0.005441462998946403
2021-12-01,-0.005094573242053904
2021-12-02,0.007857168511018324
2021-12-03,-0.005312381658860929
2021-12-06,0.004795481574838146
2021-12-07,0.01145367336983928
2021-12-08,0.0006890159839753586
2021-12-09,-0.005352766935162161
2021-12-10,0.0025345815899869774
2021-12-13,-0.00539305410057338
2021-12-14,-0.004081787285404046
2021-12-15,0.006688159418314421
2021-12-16,-0.005095054427836991
2021-12-17,-0.002458169695422087
2021-12-20,-0.006020427305335837
2021-12-21,0.00966811428823017
2021-12-22,0.005584316728529388
2021-12-23,0.0028774518031532844
2021-12-27,0.006154340231649663
2021-12-28,-0.0016510584717289334
2021-12-29,-0.001570069128329676
2021-12-30,0.0010201792080058213
2021-12-31,-0.001863343722673787
2022-01-03,0.0017840147976245703
2022-01-04,-0.0013241181424552377
2022-01-05,-0.011649228922156779
2022-01-06,-0.0001304475705483831
2022-01-07,-0.0019303304377079255
2022-01-10,-0.0014818356689997932
2022-01-11,0.00794586295986586
2022-01-12,0.0029640449965367276
2022-01-13,-0.0061972170971438985
2022-01-14,-0.0013134820890015597
2022-01-18,-0.012554689004415517
2022-01-19,-0.0024696464575768556
2022-01-20,-0.0033181398539529517
2022-01-21,-0.008211676255600613
2022-01-24,-0.000660898552147743
2022-01-25,-0.005961340343724762
2022-01-26,-0.005173591693768507
2022-01-27,-0.003503711663062384
2022-01-28,0.008754136611589138
2022-01-31,0.012654038714062376
2022-02-01,0.0037814394478522116
2022-02-02,0.00221562158083577
2022-02-03,-0.01106014906491934
2022-02-04,0.00043105687547745445
2022-02-07,-0.0005197602968389867
2022-02-08,0.0037068647982289693
2022-02-09,0.008415168563270674
2022-02-10,-0.009197585008068708
2022-02-11,-0.006412383674148475
2022-02-14,-0.0036677297621693847
2022-02-15,0.008922460811386023
2022-02-16,0.002037127502349454
2022-02-17,-0.00844014527755225
2022-02-18,-0.0026499260885041467
2022-02-22,-0.005660097914962859
2022-02-23,-0.008857011091992042
2022-02-24,0.002703797507112493
2022-02-25,0.010145763956902901
2022-02-28,-0.0006916796422953769
2022-03-01,-0.006250192909296136
2022-03-02,0.002311777781948419
2022-03-03,-0.004598942958898994
2022-03-04,-0.005668381168633681
2022-03-07,-0.014775346163755226
2022-03-08,-0.0007571832592747473
2022-03-09,0.012720024810491287
2022-03-10,-0.005643777425682964
2022-03-11,-0.006639143951022078
2022-03-14,-0.007418659125717546
2022-03-15,0.006283903095999718
2022-03-16,0.018343926686783165
2022-03-17,0.0028788340029023466
2022-03-18,0.0064982773473995295
2022-03-21,-0.005761848136452166
2022-03-22,0.004418971997162409
2022-03-23,-0.003400402374413023
2022-03-24,0.004086383291086392
2022-03-25,-0.0021797708115136346
2022-03-28,0.002403496692655353
2022-03-29,0.00913302481081711
2022-03-30,-0.0025261316361050953
2022-03-31,-0.005842889320893635
2022-04-01,0.002840858202708329
2022-04-04,0.0005706553232837962
2022-04-05,-0.005868048349091736
2022-04-06,-0.0030521962019364342
2022-04-07,-0.0008752402042849069
2022-04-08,-0.0008325470274039012
2022-04-11,-0.0033871261917201947
2022-04-12,-0.0002674867692085537
2022-04-13,0.00305223858564367
2022-04-14,-0.0033881967100676657
2022-04-18,-0.0016894646376329106
2022-04-19,0.00039456061164202524
2022-04-20,0.002937164370497375
2022-04-21,-0.00456516486688257
2022-04-22,-0.004664272930366917
2022-04-25,0.0003355688734378258
2022-04-26,-0.004887033835737485
2022-04-27,1.4043342165304522e-05
2022-04-28,0.003268682567887537
2022-04-29,-0.0042280032478101475
2022-05-02,-0.0016619735965541524
2022-05-03,0.0023982114836976144
2022-05-04,0.0053367757570261555
2022-05-05,-0.010172050378910774
2022-05-06,-0.003918359004278998
2022-05-09,-0.006504164809365137
2022-05-10,0.0012262006687313038
2022-05-11,-0.0007167312294026222
2022-05-12,0.0003709825185278769
2022-05-13,0.0049328683684447235
2022-05-16,0.00016091230544164326
2022-05-17,0.004127990295999616
2022-05-18,-0.00470923854272652
2022-05-19,0.002294761636018515
2022-05-20,0.0018725083065159584
2022-05-23,0.0019069340713607455
2022-05-24,1.5780338451773946e-05
2022-05-25,0.0018138122859822864
2022-05-26,0.0032204444093833907
2022-05-27,0.003913675338609388
2022-05-31,-0.0026425989349084886
2022-06-01,-0.0025914561800592134
2022-06-02,0.0014151503098212075
2022-06-03,-0.001828830258353862
2022-06-06,-0.001044152805126182
2022-06-07,0.0005741237161638234
2022-06-08,-0.0009810182950183769
2022-06-09,-0.002312489497618606
2022-06-10,-0.0025287623693067075
2022-06-13,-0.005613789287418996
2022-06-14,-0.001145038973092095
2022-06-15,0.003371720302719055
2022-06-16,-0.00045089049669585785
2022-06-17,-0.000821349534211579
2022-06-21,0.0004774386249285259
2022-06-22,0.0006865467835288227
2022-06-23,0.00022450746717001145
2022-06-24,0.0016956012958392356
2022-06-27,-0.0012834412805047919
2022-06-28,0.0005608080625475427
2022-06-29,0.0013366695556354484
2022-06-30,0.0008535430451356085
2022-07-01,0.0009008520825985176
2022-07-05,-0.0029854888854856094
2022-07-06,-0.0018867676296662193
2022-07-07,-0.001702070929054757
2022-07-08,-0.0008976945077057275
2022-07-11,0.0012342307685829172
2022-07-12,0.0013897974947141534
2022-07-13,0.0011213854095436368
2022-07-14,-0.0019235223748467745
2022-07-15,-0.0012026445161272062
2022-07-18,0.0011834032866191552
2022-07-19,-0.002643058749852528
2022-07-20,-0.0028164783967050324
2022-07-21,0.0015852700957521282
2022-07-22,0.003113686586965365
2022-07-25,1.1678640549111176e-05
2022-07-26,0.0005292709747111349
2022-07-27,-0.002014062991071293
2022-07-28,-0.0002153798784489139
2022-07-29,-0.0015815638633974265
2022-08-01,0.001253927218757966
2022-08-02,-0.002371662875885846
2022-08-03,-0.002392710180923216
2022-08-04,0.00021809380592758935
2022-08-05,-0.0027832260211770924
2022-08-08,0.0009116622178978361
2022-08-09,0.001094045141136272
2022-08-10,-0.00394814957552688
2022-08-11,-0.0018197417203519681
2022-08-12,-0.002740808261301768
2022-08-15,-0.0007838942376085606
2022-08-16,9.531430723206577e-05
2022-08-17,0.0007257192645604383
2022-08-18,-0.00031886820934737053
2022-08-19,0.0016864657580446237
2022-08-22,0.0027922455225508716
2022-08-23,-0.000683751836516274
2022-08-24,-0.0012955168201066642
2022-08-25,-0.0023577873486261415
2022-08-26,0.005621904216015606
2022-08-29,0.0009426101213632019
2022-08-30,0.002538010586327619
2022-08-31,-0.0003707878629747705
2022-09-01,-0.001510666761733227
2022-09-02,0.0029398889979270035
2022-09-06,1.6597695917930193e-05
2022-09-07,-0.002494219666332427
2022-09-08,-0.001531090560873186
2022-09-09,-0.002565157123415854
2022-09-12,-0.002799599270657776
2022-09-13,0.007837762163083887
2022-09-14,-0.0008829187002100093
2022-09-15,0.0020056536634801302
2022-09-16,0.0017480492505804626
2022-09-19,-0.0016200468277769817
2022-09-20,0.00021008907707759637
2022-09-21,0.004547498451048584
2022-09-22,0.0004409156532951184
2022-09-23,0.0032590637140889594
2022-09-26,-0.0006718356956663456
2022-09-27,-0.002238459487647334
2022-09-28,0.00019092850037029114
2022-09-29,0.004705846299586752
2022-09-30,0.0017231437391963507
2022-10-03,-0.0028191435730237496
2022-10-04,-0.0058681846327483505
2022-10-05,-0.0012978564570115295
2022-10-06,1.8198597037816552e-05
2022-10-07,0.00559020316621647
2022-10-10,0.0010792774106364355
2022-10-11,0.002006551198497532
2022-10-12,0.000532145475728497
2022-10-13,-0.004010402879788569
2022-10-14,0.004230946135281562
2022-10-17,-0.006017512315575003
2022-10-18,-0.001170968281907825
2022-10-19,0.0007655500878556535
2022-10-20,-0.0002658604572640621
2022-10-21,-0.00471959664985571
2022-10-24,0.0009275605335280785
2022-10-25,-0.0007979332749751649
2022-10-26,0.0018259722803483614
2022-10-27,0.0022367643164216164
2022-10-28,-0.0041571150426910446
2022-10-31,-1.8932355130576138e-06
2022-11-01,0.00028454787475751367
2022-11-02,0.005278866538461088
2022-11-03,0.0016906207223748619
2022-11-04,-0.0019504411876115461
2022-11-07,-0.0005894519366477726
2022-11-08,-0.0013881127627254875
2022-11-09,0.004167605944575485
2022-11-10,-0.013130119220510513
2022-11-11,-0.0023295219244434495
2022-11-14,0.0017147020609802968
2022-11-15,-0.004593401271995176
2022-11-16,0.001908291572682708
2022-11-17,0.0017050782864001005
2022-11-18,0.00048596019772063605
2022-11-21,0.0014245450350079552
2022-11-22,-0.0024328427716126676
2022-11-23,-0.0019939028698171485
2022-11-25,0.001186705523085393
2022-11-28,0.00234987345777435
2022-11-29,-0.0001901756423444261
2022-11-30,-0.007986062911456693
2022-12-01,-0.0010134248064327532
2022-12-02,-0.0009348055307854642
2022-12-05,0.00671132320909933
2022-12-06,0.0023468633489534528
2022-12-07,-0.0006634438786691019
2022-12-08,-0.0020813688241937576
2022-12-09,0.0036207994578473846
2022-12-12,-0.002191062632510362
2022-12-13,-0.003987316524534941
2022-12-14,0.0008853953178545789
2022-12-15,0.007823902123834684
2022-12-16,0.002802965339972816
2022-12-19,0.0035382092336382824
2022-12-20,0.0007418571806704215
2022-12-21,-0.004149796254560276
2022-12-22,0.004194342273424797
2022-12-23,0.00011263895956618023
2022-12-27,0.001766009699738727
2022-12-28,0.004594425155669566
2022-12-29,-0.006846538520008699
2022-12-30,0.002849982223980162
2023-01-03,-0.0015435492961128805
2023-01-04,-0.00590934514120968
2023-01-05,0.003342762759428419
2023-01-06,-0.009676605887619722
2023-01-09,-0.0016263055189539171
2023-01-10,-0.0013960113898049567
2023-01-11,-0.004559603442855832
2023-01-12,-0.00446949861575495
2023-01-13,-0.0010696033399867644
2023-01-17,0.0008634239925575134
2023-01-18,0.0016523236032897825
2023-01-19,0.0016751100797691952
2023-01-20,-0.004395911729088284
2023-01-23,-0.0031470749308744207
2023-01-24,-0.000576717965773034
2023-01-25,-0.0007438283920954799
2023-01-26,-0.0024272563306828245
2023-01-27,-0.00023873596807559225
2023-01-30,0.005319946971650828
2023-01-31,-0.004266435574896106
2023-02-01,-0.005451344022214943
2023-02-02,-0.0038602802273824607
2023-02-03,0.006022906375605292
2023-02-06,0.005009499581847106
2023-02-07,-0.0031031068407775405
2023-02-08,0.0030474692255903694
2023-02-09,0.0024421415177272223
2023-02-10,0.002124283533221767
2023-02-13,-0.0045413864464825884
2023-02-14,0.0001715348598138117
2023-02-15,0.0003777556331178807
2023-02-16,0.00408842282967074
2023-02-17,0.0006307240622755744
2023-02-21,0.008518205251831727
2023-02-22,0.00030834195705083697
2023-02-23,-0.0028095249909600903
2023-02-24,0.00666784631861721
2023-02-27,-0.002571883803278118
2023-02-28,0.0012980592544018842
2023-03-01,-0.0002918355399694746
2023-03-02,-0.000981854258808072
2023-03-03,-0.007231880529475818
2023-03-06,0.002012732719312932
2023-03-07,0.00557222742104174
2023-03-08,-0.0012244297352809557
2023-03-09,0.006513058215537058
2023-03-10,0.002549552479724549
2023-03-13,0.00027224442465152016
2023-03-14,-0.0037078135382920623
2023-03-15,0.003651943063740138
2023-03-16,-0.005498278081673008
2023-03-17,0.003187484382481957
2023-03-20,-0.0028323843121083156
2023-03-21,-0.004165374513570729
2023-03-22,0.0026160646439680134
2023-03-23,-0.002199251438483264
2023-03-24,-0.0010146594102907716
2023-03-27,0.0012215488607530375
2023-03-28,-0.0005623506990294478
2023-03-29,-0.004099110456982129
2023-03-30,-0.0030742031218686226
2023-03-31,-0.004811875271119766
2023-04-03,-0.001588204560283501
2023-04-04,0.001283398244729399
2023-04-05,0.002212998058066892
2023-04-06,-0.0016936896050295056
2023-04-10,0.000697997739267036
2023-04-11,-0.0009400663220757039
2023-04-12,0.0014028630782667454
2023-04-13,-0.005011892658260222
2023-04-14,0.0026583438957114122
2023-04-17,-0.000386842509031693
2023-04-18,-0.00031394952580995834
2023-04-19,0.0014326452367962002
2023-04-20,0.0007665941489779562
2023-04-21,0.0006716778605909812
2023-04-24,-0.000595047385562633
2023-04-25,0.005951966998731395
2023-04-26,0.0010193295095880155
2023-04-27,-0.0057089995222524
2023-04-28,-0.0033214757088215856
2023-05-01,0.0027343639455574046
2023-05-02,0.003086875823549545
2023-05-03,7.00822085489733e-05
2023-05-04,0.0017465700733355534
2023-05-05,-0.00705582960806079
2023-05-08,0.001116291900543791
2023-05-09,0.0024397420297893914
2023-05-10,-0.002241054985870727
2023-05-11,0.00044045708912833595
2023-05-12,0.002794402001111264
2023-05-15,-0.003390878135535683
2023-05-16,0.003759992199002696
2023-05-17,-0.004050400600154607
2023-05-18,-0.0010704154323852963
2023-05-19,0.0008170351176252878
2023-05-22,-0.001571555403156682
2023-05-23,0.005105950046452326
2023-05-24,0.004542835911064265
2023-05-25,-0.0008921950418090536
2023-05-26,-0.006930416989941895
2023-05-30,0.0010854441954792236
2023-05-31,0.0030147478850264552
2023-06-01,-0.005971720609481032
2023-06-02,-0.006741543826252021
2023-06-05,0.0020842755260752203
2023-06-06,-0.00426211267966651
2023-06-07,0.0029423707314003423
2023-06-08,-0.00407577721682715
2023-06-09,0.0003820191392536582
2023-06-12,-0.0033434236704840865
2023-06-13,-0.003005410179191923
2023-06-14,-0.0013186919208149131
2023-06-15,-0.005844387359732535
2023-06-16,0.0026898422890654
2023-06-20,0.003908701433618788
2023-06-21,0.001982401617171789
2023-06-22,0.001491207016644993
2023-06-23,0.005156458237749839
2023-06-26,0.0007567204338825689
2023-06-27,-0.00497322161629376
2023-06-28,-0.0004637894662740266
2023-06-29,0.0013304684909157122
2023-06-30,-0.005447360837701659
2023-07-03,-0.0006992498995246123
2023-07-05,0.0038215938477088023
2023-07-06,0.008322655737636207
2023-07-07,-0.0017522492545075008
2023-07-10,-0.002445921919612184
2023-07-11,-0.00426355972242208
2023-07-12,-0.008462268546501525
2023-07-13,-0.007116174163464319
2023-07-14,0.0029212632722450164
2023-07-17,-0.0020154839404554303
2023-07-18,-0.0026219963168615996
2023-07-19,-0.0010207287044118063
2023-07-20,0.006040133562016446
2023-07-21,0.00046864871873609685
2023-07-24,-0.001428251696859354
2023-07-25,-0.0014247544031040337
2023-07-26,-0.0014933291526473633
2023-07-27,0.005517199228041471
2023-07-28,-0.007264988532404063
2023-07-31,-0.0013486129818132296
2023-08-01,0.005000989331427947
2023-08-02,0.010159918767661298
2023-08-03,0.0026688687621902168
2023-08-04,-0.000809788403067909
2023-08-07,-0.0018289758447885827
2023-08-08,0.0027860359662592264
2023-08-09,0.002043281270993078
2023-08-10,0.0012173605566457321
2023-08-11,0.0034857468141223217
2023-08-14,-0.00012182194405491594
2023-08-15,0.006676863244169302
2023-08-16,0.005595285308640812
2023-08-17,0.003958162731861462
2023-08-18,-5.960197431188578e-05
2023-08-21,-0.0013479007282323997
2023-08-22,0.0008355937175228059
2023-08-23,-0.008610492143287038
2023-08-24,0.007530624546379424
2023-08-25,-0.0027833684707906418
2023-08-28,-0.004543232120561917
2023-08-29,-0.008606009638232546
2023-08-30,-0.0007190055988149771
2023-08-31,0.0014700687155435736
2023-09-01,-0.0007372253620627874
2023-09-05,0.005682091938067032
2023-09-06,0.0030782956097174133
2023-09-07,0.0032042961161686703
2023-09-08,-0.00021762046170280744
2023-09-11,-0.003934745624327656
2023-09-12,0.00229473233775815
2023-09-13,0.0006746565572694996
2023-09-14,-0.004664340357482582
2023-09-15,0.005435810282635596
2023-09-18,0.0007695545145847889
2023-09-19,0.0021856128113852727
2023-09-20,0.004152590314679652
2023-09-21,0.011072871454306021
2023-09-22,-0.0014602819629895509
2023-09-25,0.0016902638402329717
2023-09-26,0.007737330567551298
2023-09-27,-0.00024079174032984207
2023-09-28,-0.003832054863711015
2023-09-29,0.0010695937624209566
2023-10-02,0.0047373196167444466
2023-10-03,0.010139609394365133
2023-10-04,-0.0034012432486311213
2023-10-05,-0.0010428667646223023
2023-10-06,-0.005668033946473812
2023-10-09,-0.003533190853130875
2023-10-10,-0.005160580610508461
2023-10-11,-0.0037152807114598746
2023-10-12,0.008108382693575571
2023-10-13,0.0028072785683070016
2023-10-16,-0.004166895861521881
2023-10-17,0.0011598212139014817
2023-10-18,0.009912988210147371
2023-10-19,0.007035289865463811
2023-10-20,0.005979542120650245
2023-10-23,-0.00017062508083976312
2023-10-24,-0.005556047487505336
2023-10-25,0.0103154197333398
2023-10-26,0.00315243826587527
2023-10-27,0.0019685634238441802
2023-10-30,-0.005177099769035086
2023-10-31,-0.0013359478019016478
2023-11-01,-0.007908106109641036
2023-11-02,-0.012535688929330928
2023-11-03,-0.009248465382897655
2023-11-06,0.0013496162508661513
2023-11-07,-0.0009994004530829012
2023-11-08,0.0007726047673510391
2023-11-09,0.006306502638743497
2023-11-10,-0.006666453815687479
2023-11-13,0.0003851709415875523
2023-11-14,-0.017983497616119403
2023-11-15,0.00025988522426599055
2023-11-16,0.0013186349242828245
2023-11-17,-0.0033932664698724095
2023-11-20,-0.004749916936353159
2023-11-21,0.0032417922269877635
2023-11-22,-0.0015048794777120643
2023-11-24,-0.000423178910878292
2023-11-27,0.00019553899508326826
2023-11-28,-0.0013240447618619838
2023-11-29,-0.000830075332822124
2023-11-30,0.00036840247273346553
2023-12-01,-0.007101169238294885
2023-12-04,0.0035663465891067362
2023-12-05,0.000569884371378907
2023-12-06,0.00020021858494583466
2023-12-07,-0.0035259071951766357
2023-12-08,-0.00043282294571793015
2023-12-11,-0.00221622716660255
2023-12-12,-0.0016976805814841438
2023-12-13,-0.01081693529269756
2023-12-14,-0.006788823502673516
2023-12-15,0.002440525274206746
2023-12-18,-0.0009309853417038273
2023-12-19,-0.0050681852143105
2023-12-20,0.007425861812866942
2023-12-21,-0.007208805253309661
2023-12-22,-0.00033475419759782936
2023-12-26,-0.003638321534841118
2023-12-27,-0.003307985924820406
2023-12-28,0.0005846825398430549
2023-12-29,0.0027886879544633714
2024-01-02,0.006200772950696597
2024-01-03,0.005584146331845574
2024-01-04,0.0025515575362405154
2024-01-05,0.0005765981205072127
2024-01-08,-0.007753466547607376
2024-01-09,0.003856825454090497
2024-01-10,-0.0016074740202055543
2024-01-11,-0.0005752101990816307
2024-01-12,-0.0009649208072987145
2024-01-16,0.007932144142811145
2024-01-17,0.005276797497900423
2024-01-18,-0.004461887900295544
2024-01-19,-0.005988023113233324
2024-01-22,-0.0018639814439370273
2024-01-23,-0.0004999220525576247
2024-01-24,-0.0016515594065424884
2024-01-25,-0.002541611857363513
2024-01-26,0.0005379802605049376
2024-01-29,-0.005199743077212361
2024-01-30,0.0021455287824860233
2024-01-31,0.006378846670055958
2024-02-01,-0.0076337301897406095
2024-02-02,0.0009915084103284024
2024-02-05,0.004267282645943875
2024-02-06,-0.005111146546129431
2024-02-07,-0.0015831416069844112
2024-02-08,0.00014436246509925412
2024-02-09,-0.0036456571610689954
2024-02-12,-0.002066605254948324
2024-02-13,0.013004284155904483
2024-02-14,-0.007794338485937334
2024-02-15,-0.005791574567134806
2024-02-16,0.0028295382950696457
2024-02-20,0.0018873114993266382
2024-02-21,0.0011615099300711785
2024-02-22,-0.00929374536399119
2024-02-23,-0.0010070672762266587
2024-02-26,0.0011984221102637846
2024-02-27,-0.0015133930393864622
2024-02-28,0.0031295311557350846
2024-02-29,-0.0027268706549731948
2024-03-01,-0.00698347087022444
2024-03-04,0.0017531311604838745
2024-03-05,0.00408331179489988
2024-03-06,-0.005566917769746948
2024-03-07,-0.005880390200453956
2024-03-08,0.003102315765513892
2024-03-11,0.0019358114788279764
2024-03-12,-0.004270398440104357
2024-03-13,0.0016656207884064814
2024-03-14,0.005088538955624832
2024-03-15,0.003021361483954961
2024-03-18,-0.0011292716666007133
2024-03-19,-0.0013046755018927565
2024-03-20,-0.006816034466688079
2024-03-21,-0.0018382978884199219
2024-03-22,0.0014831188554319194
2024-03-25,0.0014549525192207988
2024-03-26,0.0005246821716095713
2024-03-27,-0.004882981172433993
2024-03-28,0.00016401077569904625
2024-04-01,0.003068158263224993
2024-04-02,0.004641422512489806
2024-04-03,-0.0017906066834852228
2024-04-04,0.005333047799253436
2024-04-05,-0.0021646263131357302
2024-04-08,-0.0016666871563936773
2024-04-09,-0.0024520782459712784
2024-04-10,0.010908407784351391
2024-04-11,-0.003927753026692149
2024-04-12,0.009763938563326737
2024-04-15,0.007670425035800391
2024-04-16,0.004561952229565657
2024-04-17,0.001892379194695897
2024-04-18,0.0016977986773139078
2024-04-19,0.003617797547491416
2024-04-22,-0.006125758092441854
2024-04-23,-0.007282273432968201
2024-04-24,0.0008011269924613004
2024-04-25,0.0029219923792556824
2024-04-26,-0.0068066868660680195
2024-04-29,-0.004078521790445288
2024-04-30,0.010658186882036375
2024-05-01,0.0006213352827054256
2024-05-02,-0.009751603450847707
2024-05-03,-0.00807402593329691
2024-05-06,-0.00484527785149661
2024-05-07,-0.0005058456507213562
2024-05-08,0.0014535686443112933
2024-05-09,-0.0037687198223448643
2024-05-10,0.0005001837221035926
2024-05-13,-0.001440141992150776
2024-05-14,-0.0043236992529014666
2024-05-15,-0.008535486811642694
2024-05-16,0.0020326615980437485
2024-05-17,-0.0003672416083877338
2024-05-20,-0.00022519048721879255
2024-05-21,0.00011732140753964607
2024-05-22,0.0030995771798319155
2024-05-23,0.005340801895041554
2024-05-24,-0.004442623994883346
2024-05-28,0.001402586401417186
2024-05-29,0.008313686165203225
2024-05-30,-0.0005605323572481309
2024-05-31,-0.002692283637052513
2024-06-03,-0.0032897038768707736
2024-06-04,0.001428177401224183
2024-06-05,-0.008945967712226147
2024-06-06,-0.00011853820433958605
2024-06-07,0.006708889327430055
2024-06-10,-0.0010206276616053168
2024-06-11,0.00019675640494691373
2024-06-12,-0.007817949097144932
2024-06-13,0.0007736991181214402
2024-06-14,0.0016046393801166993
2024-06-17,-0.003312918347092873
2024-06-18,-0.0031281132396415966
2024-06-20,0.0025660313455557835
2024-06-21,0.0018590483678387357
2024-06-24,2.2190863449399917e-05
2024-06-25,-0.0015930766378483242
2024-06-26,0.002833254342028437
2024-06-27,-0.0019320844034676913
2024-06-28,0.002233944933774558
2024-07-01,0.0012949706823553225
2024-07-02,-0.004049624212737507
2024-07-03,-0.006502649845809154
2024-07-05,-0.0040714700685003154
2024-07-08,-0.000418807521357254
2024-07-09,0.0007811604039553067
2024-07-10,-0.006578827123953977
2024-07-11,-0.0018253208091925939
2024-07-12,-0.0051542369031070175
2024-07-15,0.001247563972471039
2024-07-16,-0.0067932843120679515
2024-07-17,0.0094978801712791
2024-07-18,0.007174766439613573
2024-07-19,0.005555160660773458
2024-07-22,-0.007023017614789605
2024-07-23,0.00174642373805488
2024-07-24,0.014467035322156924
2024-07-25,0.0017898779415926847
2024-07-26,-0.008504587200410979
2024-07-29,0.0014744374452566329
2024-07-30,0.0019775892124777633
2024-07-31,-0.012614594873188544
2024-08-01,0.013379841444333658
2024-08-02,0.008151014171978263
2024-08-05,0.01575845568110388
2024-08-06,-0.0015210486728673516
2024-08-07,0.002536831231051521
2024-08-08,-0.012338099100170072
2024-08-09,-0.0030337918431399963
2024-08-12,-0.00018789006209605973
2024-08-13,-0.010494750893254759
2024-08-14,-0.0001675193878583692
2024-08-15,-0.008582785892984167
2024-08-16,-0.0031141313535457005
2024-08-19,-0.006715298138692532
2024-08-20,0.0019853024155056433
2024-08-21,-0.003881140744226143
2024-08-22,0.006908698005509697
2024-08-23,-0.010511968224312336
2024-08-26,0.0032948964661073193
2024-08-27,-0.00031509310825136833
2024-08-28,0.0039595961536306465
2024-08-29,-0.0004960700946772956
2024-08-30,-0.0022243961203005425
2024-09-03,0.011288045439532447
2024-09-04,-0.0001804072780510583
2024-09-05,-5.880540025405491e-05
2024-09-06,0.009866708203000393
2024-09-09,-0.004996131823636494
2024-09-10,-0.000982861726104143
2024-09-11,-0.00450394308315664
2024-09-12,-0.004070661856992272
2024-09-13,-0.0038696913843880736
2024-09-16,-0.0020891903600475303
2024-09-17,0.0004439994007562421
2024-09-18,0.002797529970036053
2024-09-19,-0.009934956946323835
2024-09-20,0.00293418834854261
2024-09-23,-0.0012318223945785342
2024-09-24,-0.005310626788682612
2024-09-25,0.003964989285677016
2024-09-26,-0.008053972681492159
2024-09-27,0.00042240773848338146
2024-09-30,0.002001475630044807
2024-10-01,0.0026145037538907834
2024-10-02,-0.0006645409240757681
2024-10-03,0.004300627421926353
2024-10-04,-0.002595860027735469
2024-10-07,0.0035214975783951588
2024-10-08,-8.79296137958176e-05
2024-10-09,-0.00025545267627656966
2024-10-10,0.0010727788542093987
2024-10-11,-0.003352414476370609
2024-10-14,-0.0019178485109776053
2024-10-15,0.004570406407809593
2024-10-16,-0.0031529793307348247
2024-10-17,0.0020183408851016144
2024-10-18,-0.002599223887974557
2024-10-21,0.005413509344699024
2024-10-22,0.001300557086521845
2024-10-23,0.005375020953251582
2024-10-24,-0.0021566249855352547
2024-10-25,0.0010365170741096247
2024-10-28,-0.00238927644904411
2024-10-29,-7.84178981946608e-05
2024-10-30,0.002871195704322049
2024-10-31,0.007174302655764212
2024-11-01,-0.0001480414724380928
2024-11-04,-0.0021043240265757146
2024-11-05,-0.007094024488273973
2024-11-06,-0.004319096355028734
2024-11-07,-0.007827709770788251
2024-11-08,0.001834188989054922
2024-11-11,0.00016820957030085388
2024-11-12,0.00805765693938102
2024-11-13,0.0030454938034747
2024-11-14,0.0026436076544579753
2024-11-15,0.005718512284463839
2024-11-18,-0.00336396155946847
2024-11-19,-0.0019638773011350155
2024-11-20,0.0008717951106768327
2024-11-21,-0.0018772737910361028
2024-11-22,-0.0025895193910144667
2024-11-25,-0.005502530717500659
2024-11-26,0.0012296114186481648
2024-11-27,-0.0006669789511745007
2024-11-29,-0.00478813329547016
2024-12-02,-0.001892886820452146
2024-12-03,0.00024360683250872507
2024-12-04,-0.003535421560763979
2024-12-05,0.00013057573653222067
2024-12-06,-0.0015367950848791604
2024-12-09,0.0009111421283255096
2024-12-10,0.0043664110882284885
2024-12-11,-0.0031810621548378475
2024-12-12,0.005125180640503845
2024-12-13,0.0013758054403865537
2024-12-16,-0.0014882032863387424
2024-12-17,0.00224389418464004
2024-12-18,0.01777268154305079
2024-12-19,0.0023952256150964715
2024-12-20,-0.0038216479104328585
2024-12-23,-0.0016886711946985944
2024-12-24,-0.004328464623203124
2024-12-26,-0.0009112685628351602
2024-12-27,0.0052581079933580405
2024-12-30,0.0038601008465559785
2024-12-31,0.0021504284259275374
2025-01-02,0.0009070790765767969
2025-01-03,-0.006301399880141843
2025-01-06,-0.0037291668827223023
2025-01-07,0.0033055132480591556
2025-01-08,0.0012184335408654927
2025-01-10,0.007524953003988365
2025-01-13,0.0008222721317643548
2025-01-14,-0.0026186252755328768
2025-01-15,-0.006483637712828346
2025-01-16,0.0007368816551397112
2025-01-17,-0.0042183203028301796
2025-01-21,-0.005901948663112878
2025-01-22,-0.0017120126020873508
2025-01-23,-0.003281701427679669
2025-01-24,0.00027941868149595605
2025-01-27,0.008655370054114977
2025-01-28,-0.003073394325197243
2025-01-29,0.0006900328959798733
2025-01-30,-0.004492891327707506
2025-01-31,0.003367961028943447
2025-02-03,0.0053942191945395455
2025-02-04,-0.005902710044759134
2025-02-05,-0.0009453805817451322
2025-02-06,-0.001804310058861314
2025-02-07,0.003760795469348788
2025-02-10,-0.004600658808326749
2025-02-11,-0.00028977433961059504
2025-02-12,-0.001651925303455249
2025-02-13,-0.003680149551780932
2025-02-14,-0.0003527968805119336
2025-02-18,-0.004019636879192207
2025-02-19,0.001821204921553997
2025-02-20,0.0006909771671816648
2025-02-21,0.009094262101518754
2025-02-24,0.004435917587221874
2025-02-25,0.0029899064933216254
2025-02-26,-0.0008084565620207294
2025-02-27,0.008697483217030634
2025-02-28,-0.001504202041623862
2025-03-03,0.006742736565146031
2025-03-04,0.0029420075729846376
2025-03-05,-0.008343528194108427
2025-03-06,0.008387506844750587
2025-03-07,-0.0030499219314718204
2025-03-10,0.01315679500919995
2025-03-11,0.0018421995332613581
2025-03-12,-0.0024712196517968107
2025-03-13,0.00493304398665798
2025-03-14,-0.01027684924434897
2025-03-17,-0.006202366547667441
2025-03-18,0.004076257859421861
2025-03-19,-0.005122153597577319
2025-03-20,0.0031902911810448927
2025-03-21,0.002125841227769138
2025-03-24,-0.005305782726735948
2025-03-25,-0.0008267527592206317
2025-03-26,0.007162348506028825
2025-03-27,0.0008446318131275502
2025-03-28,0.008001383618467446
2025-03-31,6.270220833155429e-05
2025-04-01,-0.0024556602576658866
2025-04-02,-0.0026894701234042103
2025-04-03,0.017706282012444965
2025-04-04,0.027146754157236025
2025-04-07,0.010939513752303806
2025-04-08,0.009004945836851406
2025-04-09,-0.043344696825611845
2025-04-10,0.01813185847251587
2025-04-11,-0.010112436780450335
2025-04-14,-0.006108615840236969
2025-04-15,-0.0013651442927143976
2025-04-16,0.006292677776111175
2025-04-17,-0.0018156102836257085
2025-04-21,0.008681822992904192
2025-04-22,-0.011211524084970344
2025-04-23,-0.00688173490170966
2025-04-24,-0.010062175932901006
2025-04-25,-0.0028304453385727
2025-04-28,-0.0021470772524734617
2025-04-29,-0.0030477652971560303
2025-04-30,0.0007838727013489646
2025-05-01,-0.0008566406252764839
2025-05-02,-0.0047018775061788394
2025-05-05,0.00098976914415377
2025-05-06,0.001468146021898425
2025-05-07,-4.6306428640419606e-05
2025-05-08,-1.6800034880668488e-05
2025-05-09,-0.0006900962718013479
2025-05-12,-0.006212320625243813
2025-05-13,-0.0011086725018751582
2025-05-14,0.000848282775436901
2025-05-15,-0.002605197370938736
2025-05-16,-0.0012366364750436988
2025-05-19,-0.0003774411931439573
2025-05-20,0.0006880490381899741
2025-05-21,0.005600102871090858
2025-05-22,-0.000504185349403616
2025-05-23,0.00025609502931144235
2025-05-27,-0.005714400366817683
2025-05-28,0.0028855235711369755
2025-05-29,-0.0019658210106575586
2025-05-30,0.0007955121398966775
2025-06-02,-0.00110378207185458
2025-06-03,-0.0017080405529514267
2025-06-04,0.0005970765542988522
2025-06-05,3.176358446571834e-05
2025-06-06,-0.004334835670876054
2025-06-09,-0.0008803389480834833
2025-06-10,-0.001035315779077308
2025-06-11,0.001122112660038908
2025-06-12,0.0003807013242006735
2025-06-13,0.003698549568278576
2025-06-16,-0.004173786182809866
2025-06-17,0.004977848357895251
2025-06-18,-0.00021323057623596329
2025-06-20,0.001635456950573315
2025-06-23,-0.0024713500345790013
2025-06-24,-0.004334123226755786
2025-06-25,0.0010427686049263056
2025-06-26,-0.0025922507654562287
2025-06-27,-0.0015823199753210624
2025-06-30,7.259124626262632e-05
2025-07-01,-0.00021945906422530677
2025-07-02,-0.0017412781735370699
2025-07-03,-0.001214315561594343
2025-07-07,0.005175883600090365
2025-07-08,-0.0012542236585898427
2025-07-09,-0.0032874803241778453
2025-07-10,-0.0004978377949057652
2025-07-11,0.003927021916616447
2025-07-14,-0.000646815105843368
2025-07-15,0.002881430517811818
2025-07-16,-0.0020592790651304035
2025-07-17,-0.0023498567042652928
2025-07-18,0.0006679034310258985
2025-07-21,-0.002067222663114174
2025-07-22,-0.0014112402914323073
2025-07-23,-0.004030515270447829
2025-07-24,0.0022535961399251484
2025-07-25,-0.0009124299997410916
2025-07-28,0.002633015486115069
2025-07-29,-0.0008983480121118351
2025-07-30,0.0024270481042278015
2025-07-31,0.002609040981024708
2025-08-01,0.0023376866337818446
2025-08-04,-0.006757114229801866
2025-08-05,0.0002849596663026679
2025-08-06,-0.0019446499353421723
2025-08-07,-0.0012652002527969851
2025-08-08,-0.0012901142956501495
2025-08-11,0.0010494985097683448
2025-08-12,-0.005824937929781073
2025-08-13,-0.004365725070765911
2025-08-14,0.0031616203988453595
2025-08-15,0.0010200658015921454
2025-08-18,-0.0002549914983468326
2025-08-19,0.002144765907518206
2025-08-20,0.00046546027941985645
2025-08-21,0.002105355982869718
2025-08-22,-0.009699285107008323
2025-08-25,0.0036911526324620515
2025-08-26,-0.0011114649650225997
2025-08-27,-0.00010542682201346574
2025-08-28,-0.002169220978541883
2025-08-29,0.003326529234081507
2025-09-02,0.003599929139831067
2025-09-03,-0.0019780933067179993
2025-09-04,-0.0033162306881062273
2025-09-05,-0.0022049383103394343
2025-09-08,-0.0031976925932742538
2025-09-09,-0.000183680253697646
2025-09-10,-0.0009276757564062189
2025-09-11,-0.006135776057673499
2025-09-12,0.001170497867873125
2025-09-15,-0.003418240700783225
2025-09-16,-0.000101533914853991
2025-09-17,0.00012061287960570674
2025-09-18,-0.003664410494875024
2025-09-19,0.0003174309570574649
2025-09-22,-0.0025216713570113203
2025-09-23,0.001692287888835144
2025-09-24,0.002720474208900766
2025-09-25,0.003458656022133688
2025-09-26,-0.0024286489281525247
2025-09-29,-0.0023753280582647592
2025-09-30,-0.0017153547207769601
2025-10-01,-0.002938857842700402
2025-10-02,-0.0014485998944178563
2025-10-03,-0.001919470084457004
2025-10-06,-0.0031452901592451507
2025-10-07,0.004465948979682479
2025-10-08,-0.003640985499192006
2025-10-09,0.0029408980113117523
2025-10-10,0.01694120861384277
2025-10-13,-0.009966970310439244
2025-10-14,0.0007428814253436309
2025-10-15,-0.004618029731072439
2025-10-16,0.0027172355961200124
2025-10-17,-0.001165006253528075
2025-10-20,-0.005822815429183109
2025-10-21,0.00319647606723994
2025-10-22,0.003023420344592286
2025-10-23,-0.004912707336848174
2025-10-24,-0.0035453573736499966
2025-10-27,-0.0049406804027186425
2025-10-28,-8.795618033054455e-05
2025-10-29,-0.0014362434916437583
2025-10-30,0.004313454428035208
2025-10-31,-0.0008254839630437426
2025-11-03,-0.0013490691836959582
2025-11-04,0.008104478335296334
2025-11-05,-0.005434545562500791
2025-11-06,0.006916011983958896
2025-11-07,-0.00047337617777975957
2025-11-10,-0.007860186771765719
2025-11-11,-0.00021771647658597716
2025-11-12,-0.00034740775307830576
2025-11-13,0.007441989275290162
2025-11-14,-0.0006518918912534009
2025-11-17,0.006679206609010992
2025-11-18,0.004220353694981628
2025-11-19,-0.0004523675058012855
2025-11-20,0.009210632503040576
2025-11-21,-0.005192860375154967
2025-11-24,-0.005880162642840384
2025-11-25,-0.004578938600602381
2025-11-26,-0.003888928392755163
2025-11-28,-0.0029993125065785023
2025-12-01,0.000733093442457359
2025-12-02,-0.000991027154821072
2025-12-03,-0.00210868082650337
2025-12-04,-0.0019454090386280306
2025-12-05,-0.0017479672611715451
2025-12-08,0.0004872511841688138
2025-12-09,3.5450001326532255e-05
2025-12-10,-0.0037707188133454424
2025-12-11,-0.0011725772631657181
2025-12-12,0.004681468561243303
2025-12-15,0.0009863383315811506
2025-12-16,0.0027172815377578753
2025-12-17,0.005329502705399631
2025-12-18,-0.003748217018690619
2025-12-19,-0.005312885180671689
2025-12-22,-0.0031744543273422754
2025-12-23,-0.0017072565838753022
2025-12-24,-0.0002139746826626612
2025-12-26,-0.0006011460258210198
2025-12-29,0.002528162244807945
2025-12-30,-6.337342945298586e-05
2025-12-31,0.0017697304548220689
2026-01-02,-0.005339975804281586
2026-01-05,-0.004792029289468127
2026-01-06,-0.0040603841762172355
2026-01-07,0.0028159491000916796
2026-01-08,-0.001400507680581929
2026-01-09,-0.0033533374727765883
2026-01-12,-0.003620271534327601
2026-01-13,0.0025237508702650384
2026-01-14,0.0008466524114045176
2026-01-15,-0.0024388443564065583
2026-01-16,-0.001017275033548628
2026-01-20,0.006939692497074831
2026-01-21,-0.006568422893550842
2026-01-22,-0.0030010082875922203
2026-01-23,0.00032553158823902997
2026-01-26,-0.0009340779696611406
2026-01-27,-0.006853473340554914
2026-01-28,0.0004943741175433878
2026-01-29,0.00072797200247432
2026-01-30,0.006027755077889989
2026-02-02,-0.003940140156320408
2026-02-03,0.0022592293324331606
2026-02-04,0.0039460190771703875
2026-02-05,0.009339915863589385
2026-02-06,-0.013655515844684914
2026-02-09,-0.004565421703607156
2026-02-10,0.0025530724233031117
2026-02-11,-0.003435247612484178
2026-02-12,0.010650647410121212
2026-02-13,-0.0007243367050719147
2026-02-17,0.0004943968799443872
2026-02-18,-0.00318602171888212
2026-02-19,0.001485584129304521
2026-02-20,-0.005404464030506005
2026-02-23,0.006818985577780673
2026-02-24,-0.004794746349983427
2026-02-25,-0.005587671746666908
2026-02-26,0.0035556519703088805
2026-02-27,0.004367371686607851
2026-03-02,0.0013667773404892637
2026-03-03,0.012624541919438357
2026-03-04,-0.0067585616139493486
2026-03-05,0.007144074316232846
2026-03-06,0.006521028186402631
2026-03-09,-0.004956157554800922
2026-03-10,-0.0019775311559886263
2026-03-11,-0.0016637060993767456
2026-03-12,0.010159315076202482
2026-03-13,0.0028614177464087467
2026-03-16,-0.006983677459383317
2026-03-17,-0.0017570864916993743
2026-03-18,0.007603547493258689
2026-03-19,0.0007710566381109843
2026-03-20,0.009726435685815053
2026-03-23,-0.009424554617999703
2026-03-24,0.001827489439266648
2026-03-25,-0.004068998645561829
2026-03-26,0.01014800721882401
2026-03-27,0.006980722583478938
2026-03-30,0.005545331889593279
2026-03-31,-0.018092547973905353
2026-04-01,-0.005811454035784414
2026-04-02,0.0013995576145854319
2026-04-06,-0.0030118210525946053
2026-04-07,7.926540427872015e-05
2026-04-08,-0.014536298566761993
2026-04-09,-0.0015271309538599882
2026-04-10,-0.0008149425711737305
2026-04-13,-0.0036703806103305253
2026-04-14,-0.005149785162470368
2026-04-15,-0.002666308585417065
2026-04-16,-0.0016431211425041795
2026-04-17,-0.005054004617898904
2026-04-20,0.000780175873087641
2026-04-21,0.003773994661451655
2026-04-22,-0.004395975257674547
2026-04-23,0.0025861388714943975
2026-04-24,-0.004413216403026186
2026-04-27,-0.0006602241944078301
2026-04-28,0.003395414848164384
2026-04-29,-9.477400762850433e-05
2026-04-30,-0.006989769053691989
2026-05-01,-0.0010522114986959892
2026-05-04,0.00096298996236378
2026-05-05,-0.005229142534383893
2026-05-06,-0.007687096309600999
2026-05-07,0.0033319903112190483
2026-05-08,-0.004960275366300963
2026-05-11,-0.0016929482955511143
2026-05-12,0.0031434102726330044
2026-05-13,-0.003795335858711091
2026-05-14,-0.0018752566559778385
2026-05-15,0.005860230411482183
2026-05-18,7.977870498512112e-05
2026-05-19,0.0023739206966628444
2026-05-20,-0.005322377022149476
2026-05-21,-0.001772364042641029
2026-05-22,-0.0006118201338973678
2026-05-26,-0.00624712479472055
2026-05-27,0.0007770885361336513
2026-05-28,-0.0011305436109784821
2026-05-29,-9.749587098538294e-06
