session,close,r_next,e_primary,ret_strat,logW_strat,ret_ctrl_matched,logW_ctrl_matched,e_throttle,logW_throttle,e_secondary,logW_secondary
2007-01-29,5284.75,0.0005203652017597982,1.0,0.00020814608070392985,0.00020812442131396626,0.00018526003491224575,0.00018524287639113733,1.0,0.0002081244213140001,,
2007-01-30,5287.5,0.0022222222222221255,1.0,0.0022222222222221255,0.0024278811596267764,0.001977884786873465,0.0021611742245099563,1.0,0.002427881159626738,,
2007-01-31,5299.25,0.00018870594895514792,1.0,0.00018870594895514792,0.002616569305853957,0.00016795738153391575,0.0023291175027820086,1.0,0.002616569305853854,,
2007-02-01,5300.25,0.0009905193151267255,1.0,0.0009905193151267255,0.0036065983804256484,0.0008816098880221016,0.0032103390010621764,1.0,0.0036065983804254645,,
2007-02-02,5305.5,-0.000612571859391231,1.0,-0.000612571859391231,0.002993838822236376,-0.0005452184527005419,0.0026649718627344975,1.0,0.0029938388222360886,,
2007-02-05,5302.25,0.0010372954877646556,1.0,0.0010372954877646556,0.004030596690784436,0.0009232429341340313,0.0035877888702464844,1.0,0.004030596690784131,,
2007-02-06,5307.75,0.002307945928123889,1.0,0.002307945928123889,0.00633588340247063,0.002054183013073349,0.005639864934273478,1.0,0.006335883402470259,,
2007-02-07,5320.0,-0.0004229323308270194,1.0,-0.0004229323308270194,0.005912861610540497,-0.00037643014035888004,0.005263363926304285,1.0,0.005912861610540204,,
2007-02-08,5317.75,-0.005312397160453175,1.0,-0.005312397160453175,0.0005863034936098872,-0.004728289286470763,0.0005238609182691015,1.0,0.0005863034936094843,,
2007-02-09,5289.5,-0.0012761130541638632,1.0,-0.0012761130541638632,-0.0006906244861827452,-0.0011358020682726518,-0.000612586662001563,1.0,-0.0006906244861831474,,
2007-02-12,5282.75,0.0021768965027684217,1.0,0.0021768965027684217,0.001483906010471905,0.0019375427139407542,0.0013230814370953415,1.0,0.0014839060104714574,,
2007-02-13,5294.25,0.004769325211314124,1.0,0.004769325211314124,0.006241894023201346,0.00424492910059981,0.005559026242318171,1.0,0.006241894023200896,,
2007-02-14,5319.5,0.001174922455117855,1.0,0.001174922455117855,0.007416126797093211,0.0010457375623801775,0.006604217402069653,1.0,0.00741612679709269,,
2007-02-15,5325.75,-0.00023470872647046725,1.0,-0.00023470872647046725,0.007181390522218951,-0.0002089020687445812,0.006395293510248598,1.0,0.007181390522218395,,
2007-02-16,5324.5,0.0003286693586252998,1.0,0.0003286693586252998,0.007510005880902362,0.00029253155595141046,0.006687782287187,1.0,0.007510005880901802,,
2007-02-19,5326.25,0.002018305562074607,1.5,0.002872565125557346,0.010378453075391337,0.0017963891399203364,0.008482559849860922,1.0,0.009526277400724861,,
2007-02-20,5337.0,0.001030541502716975,1.5,0.0015458122540754626,0.011923071791536432,0.0009172315622095709,0.009399371012250819,1.0,0.010556288260082721,,
2007-02-21,5342.5,0.001591015442208743,1.5,0.0023865231633131145,0.01430675173115933,0.0014160803574715056,0.010814449673476325,1.0,0.012146039378084795,,
2007-02-22,5351.0,-0.0014950476546440328,1.5,-0.002242571481966049,0.012061661920040871,-0.0013306644052971366,0.009482899148126587,1.0,0.0106498730245514,,
2007-02-23,5343.0,-0.001544076361594593,1.5,-0.0023161145423918894,0.009742861035643475,-0.0013743023154160542,0.008107651613172602,1.0,0.009104603348514394,,
2007-02-26,5334.75,-0.017011106424855926,1.5,-0.02551665963728389,-0.016104994719440976,-0.015140703872524254,-0.007148842971509325,1.0,-0.00805285404962946,,
2007-02-27,5244.0,0.003384820747520889,1.0,0.0032274980930586464,-0.012882693818736229,0.003012653458266987,-0.004140718459854314,1.0,-0.004673748913938809,,
2007-02-28,5261.75,-0.0018529956763434496,1.0,-0.0018529956763434496,-0.014737408415330697,-0.001649255381271979,-0.005791335359983414,1.0,-0.006528463510533333,,
2007-03-01,5252.0,-0.005474105102817983,1.0,-0.005474105102817983,-0.02022655133565723,-0.004872217142074754,-0.010675460446470393,1.0,-0.012017606430859855,,
2007-03-02,5223.25,-0.002010242665007378,1.0,-0.002010242665007378,-0.022238817250387375,-0.0017892127732690064,-0.012466275772737562,1.0,-0.014029872345590041,,
2007-03-05,5212.75,0.005755119658529484,1.0,0.005755119658529484,-0.016500195026788896,0.005122333628659067,-0.007357016665944737,1.0,-0.00829125012199154,,
2007-03-06,5242.75,-0.0016689714367459363,0.5,-0.000991845882409018,-0.0174925331138128,-0.0014854649465098262,-0.008843586009338952,1.0,-0.009961615843128957,,
2007-03-07,5234.0,0.0034390523500191783,0.5,0.0017195261750095892,-0.01577448363137115,0.0030609221959641,-0.005787338898102132,1.0,-0.006528463510533221,,
2007-03-08,5252.0,-0.0009520182787509102,0.5,-0.0004760091393754551,-0.016250606099061957,-0.000847342111665136,-0.006635040207017341,1.0,-0.007480935246508255,,
2007-03-09,5247.0,0.0014770344959025294,0.5,0.0007385172479512647,-0.01551236142078344,0.0013146318266098757,-0.005321271752232685,1.0,-0.006004990493130545,,
2007-03-12,5254.75,-0.006565488367667349,0.5,-0.0032827441838336746,-0.018800505630479632,-0.005843600802362031,-0.011182013197766644,1.0,-0.012592126483048725,,
2007-03-13,5220.25,0.005124275657296007,0.5,0.0025621378286480034,-0.01624164448128191,0.004560852089840507,-0.00663153027760658,1.0,-0.007480935246508255,,
2007-03-14,5247.0,-0.0015723270440252124,0.5,-0.0007861635220126062,-0.017028117191895342,-0.0013994467831652973,-0.008031957200964081,1.0,-0.009054499693938768,,
2007-03-15,5238.75,0.0004772130756383053,0.5,0.00023860653781915264,-0.016789539116088742,0.0004247426170809635,-0.0076073047614945545,1.0,-0.008577400448247629,,
2007-03-16,5241.25,0.003195802528022984,0.5,0.001597901264011492,-0.01519291313796214,0.002844418140912913,-0.004766924323064494,1.0,-0.005386693643393474,,
2007-03-19,5258.0,0.0020920502092049986,0.5,0.0010460251046024993,-0.014147434736409175,0.0018620254269729882,-0.0029066303164708455,1.0,-0.0032968287239341925,,
2007-03-20,5269.0,0.006025811349402055,0.5,0.0030129056747010274,-0.01113905876591019,0.005363262268448538,0.0024423008789302685,1.0,0.0027109000294398083,,
2007-03-21,5300.75,-0.0009432627458378917,0.5,-0.00047163137291894586,-0.01161080139188676,-0.0008395492657578025,0.001602398994313232,1.0,0.0017671921313457478,,
2007-03-22,5295.75,-0.0013690223292263104,0.5,-0.0006845111646131552,-0.012295546941232569,-0.001218495797040111,0.0003831602276712033,1.0,0.00039723183488731006,,
2007-03-23,5288.5,0.0014181715042071996,0.5,0.0007090857521035998,-0.011586712471650665,0.00126224092950705,0.0016446052008182498,1.0,0.0018143986836237581,,
2007-03-26,5296.0,-0.0026435045317220185,0.5,-0.0013217522658610092,-0.012909339022514867,-0.002352846328795922,-0.0007110134202733245,1.0,-0.0008326060761427821,,
2007-03-27,5282.0,-0.0029818250662627666,0.5,-0.0014909125331313833,-0.014401364071650505,-0.0026539678960557046,-0.003368509332669578,1.0,-0.0038188856399940215,,
2007-03-28,5266.25,0.0002848326608118068,0.5,0.0001424163304059034,-0.014258957881487438,0.0002535147839809741,-0.0031150266781313747,1.0,-0.0035340935363033714,,
2007-03-29,5267.75,0.00018983436951258703,0.5,9.491718475629352e-05,-0.0141640452010821,0.00016896173016810515,-0.0029460792203887605,1.0,-0.0033442771830547295,,
2007-03-30,5268.75,-0.000142348754448407,1.0,-0.00029893238434164544,-0.014463022274615203,-0.0001266972461342563,-0.003072784493297093,1.0,-0.003486636070048688,,
2007-04-02,5268.0,0.004318526955201296,1.0,0.004318526955201296,-0.010153793397223752,0.0038436969448782,0.0007635443230126875,1.0,0.0008225928073428711,,
2007-04-03,5290.75,0.0010868024382175712,1.0,0.0010868024382175712,-0.009067581101236065,0.0009673065039994273,0.0017303832875541227,1.0,0.0019088051033306532,,
2007-04-04,5296.5,0.0017936373076559153,1.0,0.0017936373076559153,-0.007275550440101977,0.0015964235747916613,0.003325533932807115,1.0,0.003700835764464784,,
2007-04-05,5306.0,0.0017904259329062366,1.0,0.0017904259329062366,-0.005486725409126963,0.0015935652966236086,0.0049178308515699255,1.0,0.005489660795439886,,
2007-04-06,5315.5,-0.0023986454707929372,1.0,-0.0023986454707929372,-0.007888252238461095,-0.0021349099736030237,0.002780638708940395,1.0,0.003088133966105852,,
2007-04-09,5302.75,0.0010843430295601753,1.0,0.0010843430295601753,-0.006804496684159016,0.0009651175118637515,0.003745290794335045,1.0,0.004171889520407911,,
2007-04-10,5308.5,-0.003579165489309588,1.0,-0.003579165489309588,-0.010390082710957515,-0.0031856296369537182,0.00055457623730296,1.0,0.0005863034936094843,,
2007-04-11,5289.5,0.0025522261083277265,1.0,0.0025522261083277265,-0.007841108000656868,0.0022716041365453037,0.0028236041818263395,1.0,0.0031352782039101297,,
2007-04-12,5303.0,0.0011314350367717108,1.0,0.0011314350367717108,-0.0067103125541153035,0.0010070316659549175,0.0038301291315507996,1.0,0.004266073650451654,,
2007-04-13,5309.0,0.0029666603880202924,1.0,0.0029666603880202924,-0.0037480440190770866,0.002640470602178575,0.006467119815630506,1.0,0.0072283421854899225,,
2007-04-16,5324.75,-0.00014085168317756747,1.0,-0.00014085168317756747,-0.0038889056227845407,-0.00012536478061309978,0.0063417471761964776,1.0,0.00708748058178239,,
2007-04-17,5324.0,-0.00014087152516906176,1.0,-0.00014087152516906176,-0.004029787071278858,-0.0001253824409410028,0.00621635687422013,1.0,0.006946599133288057,,
2007-04-18,5323.25,0.000657493072840909,1.0,0.000657493072840909,-0.0033725100523109364,0.0005852004958110498,0.006801386206994238,1.0,0.007603876152256057,,
2007-04-19,5326.75,0.002346646641948613,1.5,0.0033650912845543087,-1.3068017486889301e-05,0.00208862851197513,0.00888783656681202,1.0,0.009947773718872448,,
2007-04-20,5339.25,0.0015451608371961356,1.5,0.0023177412557942034,0.0023019914190855677,0.0013752675509233663,0.010262159303466143,1.0,0.01149174202334072,,
2007-04-23,5347.5,0.0,1.5,0.0,0.0023019914190855677,0.0,0.010262159303466143,1.0,0.01149174202334072,,
2007-04-24,5347.5,0.005843852267414684,1.5,0.008765778401122026,0.011029573436446932,0.005201309923405204,0.015449989136957701,1.0,0.01731858521958941,,
2007-04-25,5378.75,0.00037183360446202407,1.5,0.0005577504066930361,0.011587168358193727,0.0003309498132812076,0.015780884198429188,1.0,0.017690349711068615,,
2007-04-26,5380.75,0.0005575430934350312,1.5,0.0008363146401525468,0.012423133482114393,0.0004962402011392051,0.01627700131311839,1.0,0.018247737435100563,,
2007-04-27,5383.75,-0.005293707917343848,1.5,-0.007940561876015773,0.004450877453564385,-0.00471165496013991,0.01155421151731025,1.0,0.012939968199705654,,
2007-04-30,5355.25,0.0014004948415107243,1.5,0.0021007422622660865,0.0065494162422180344,0.001246507848503526,0.012799943119903037,1.0,0.014339483262992083,,
2007-05-01,5362.75,0.0025173651578014322,1.5,0.0037760477367021483,0.010318352606963352,0.0022405762118794447,0.015038012983979188,1.0,0.016853685164726205,,
2007-05-02,5376.25,0.0009300162752847729,1.5,0.0013950244129271594,0.01171240487733755,0.0008277592690937505,0.01586542984930805,1.0,0.017783269242821052,,
2007-05-03,5381.25,0.0008362369337979736,1.5,0.0012543554006969604,0.01296597423155132,0.0007442911393113585,0.016609444141330854,1.0,0.018619156725316697,,
2007-05-04,5385.75,-0.00046418790326319126,1.5,-0.0006962818548947869,0.01226944985986591,-0.0004131495864517489,0.016196209185074237,1.0,0.018154861053497603,,
2007-05-07,5383.25,-0.0008359262527283251,1.5,-0.0012538893790924877,0.011014773703729566,-0.0007440146181988061,0.015451917650637711,1.0,0.01731858521958963,,
2007-05-08,5378.75,0.001533813618405766,1.5,0.002300720427608649,0.013312851526582204,0.0013651679797849073,0.01681615463582912,1.0,0.0188512237473139,,
2007-05-09,5387.0,-0.0043623538147391505,1.5,-0.006543530722108726,0.006747818053380344,-0.003882704960309565,0.012925892408513905,1.0,0.014479327104264184,,
2007-05-10,5363.5,0.004661135452596277,1.5,0.006991703178894415,0.013715192608787573,0.004148635005561212,0.017065945555016705,1.0,0.019129633103666607,,
2007-05-11,5388.5,-0.003154866846061033,1.5,-0.0047323002690915494,0.0089716595548264,-0.002807983412746136,0.014254012361168125,1.0,0.015969779173377236,,
2007-05-14,5371.5,-0.0024201805827049894,1.5,-0.003630270874057484,0.005334783256293737,-0.002154077260208534,0.012097611739471745,1.0,0.013546665219832017,,
2007-05-15,5358.5,0.0034524587104600712,1.5,0.005178688065690107,0.010500108033289827,0.0030728545023276234,0.015165754673910648,1.0,0.016993177876458467,,
2007-05-16,5377.0,-0.0014413241584526615,1.5,-0.0021619862376789922,0.0083357813293859,-0.001282847906680579,0.013882083213449388,1.0,0.015550814011184582,,
2007-05-17,5369.25,0.002514317642128727,1.5,0.003771476463193091,0.012100163606664834,0.002237863776180384,0.016117446701996673,1.0,0.018061976045071367,,
2007-05-18,5382.75,0.0018113417862617442,1.5,0.0027170126793926164,0.01481349187931848,0.0016121814132939601,0.01772832994590503,1.0,0.019871679330091818,,
2007-05-21,5392.5,0.0007881316643485459,1.5,0.0011821974965228188,0.015994991130635884,0.0007014751330357442,0.018429559160256813,1.0,0.0206595005817669,,
2007-05-22,5396.75,-0.002223560476212527,1.5,-0.0033353407143187908,0.012654075768458721,-0.0019790758973673296,0.016448522304501577,1.0,0.01843346432424478,,
2007-05-23,5384.75,-0.004921305538790111,1.5,-0.007381958308185166,0.005244735970139794,-0.004380198910528276,0.012058702217334577,1.0,0.01350000928402211,,
2007-05-24,5358.25,0.002146223113889789,1.0,0.001992254933980304,0.007235008996133201,0.0019102419207895475,0.013967121946208718,1.0,0.015643932551152966,,
2007-05-25,5369.75,0.00027934261371576063,1.0,0.00027934261371576063,0.007514312600965437,0.00024862837769725404,0.014215719420992996,1.0,0.015923236155985225,,
2007-05-28,5371.25,0.0020479404235513865,1.0,0.0020479404235513865,0.009560158853198929,0.0018227655936745486,0.016036825793404458,1.0,0.017969082408218668,,
2007-05-29,5382.25,0.003344326257606056,1.0,0.003344326257606056,0.012898905288782278,0.0029766114122673484,0.019009015869482275,1.0,0.021307828843802074,,
2007-05-30,5400.25,0.001990648581084109,1.0,0.001990648581084109,0.014887575154495847,0.0017717730950419558,0.020779221226085443,1.0,0.023296498709515535,,
2007-05-31,5411.0,-0.0004158196266863534,1.0,-0.0004158196266863534,0.014471669050855151,-0.0003700994911678699,0.02040905323119824,1.0,0.02288059260587494,,
2007-06-01,5408.75,0.0007395424081348967,1.0,0.0007395424081348967,0.01521093813225284,0.0006582283552340292,0.02106706504916389,1.0,0.023619861687272644,,
2007-06-04,5412.75,4.6187243083473106e-05,1.0,4.6187243083473106e-05,0.015257124308738445,4.110887044909444e-05,0.021108173074666527,1.0,0.023666047863758245,,
2007-06-05,5413.0,-0.003925734343247722,1.0,-0.003925734343247722,0.011323664043851173,-0.003494092605667515,0.017607961870639913,1.0,0.01973258759887095,,
2007-06-06,5391.75,-0.005471321927018158,1.0,-0.005471321927018158,0.005837319614664752,-0.004869739981591603,0.012726326069893563,1.0,0.01424624316968442,,
2007-06-07,5362.25,0.004615599794862257,1.0,0.004615599794862257,0.010442300192294317,0.004108106077449634,0.016826016918799667,1.0,0.0188512237473139,,
2007-06-08,5387.0,-0.0008353443475032085,1.0,-0.0008353443475032085,0.009606606750278699,-0.000743496694527334,0.01608224369352999,1.0,0.01801553030529827,,
2007-06-11,5382.5,-0.002879702740362311,1.0,-0.002879702740362311,0.006722749688589429,-0.0025630741083963104,0.013515879287303845,1.0,0.015131673243609036,,
2007-06-12,5367.0,0.00419228619340406,1.0,0.00419228619340406,0.010906272733443613,0.0037313365878692637,0.01724027170746455,1.0,0.019315196288463142,,
2007-06-13,5389.5,0.002458484089433055,1.0,0.002458484089433055,0.013361739694896645,0.0021881692256671414,0.01942605037750995,1.0,0.021770663249916174,,
2007-06-14,5402.75,0.0036092730553884955,1.0,0.0036092730553884955,0.016964514954477,0.003212426820566486,0.02263332837889406,1.0,0.025373438509496436,,
2007-06-15,5422.25,-0.0011526580294158872,1.0,-0.0011526580294158872,0.015811192103871302,-0.0010259211513821982,0.021606880610198064,1.0,0.024220115658890748,,
2007-06-18,5416.0,0.0007385524372229835,1.0,0.0007385524372229835,0.016549471945452216,0.000657347233451275,0.022264011885591115,1.0,0.02495839550047167,,
2007-06-19,5420.0,-0.0035977859778597576,1.0,-0.0035977859778597576,0.01294519837028918,-0.0032022027684161084,0.019056671094297258,1.0,0.02135412192530867,,
2007-06-20,5400.5,0.0032867327099341814,1.0,0.0032867327099341814,0.016226541580271783,0.0029253503814743237,0.021977750964811145,1.0,0.024635465135291225,,
2007-06-21,5418.25,-0.0032298251280394874,1.0,-0.0032298251280394874,0.01299148930884615,-0.0028746998932550494,0.01909891118596194,1.0,0.021400412863865508,,
2007-06-22,5400.75,-0.0012498264129982006,1.0,-0.0012498264129982006,0.011740881211435537,-0.0011124056918258463,0.01798588631169385,1.0,0.020149804766454837,,
2007-06-25,5394.0,-0.00301260659992586,1.0,-0.00301260659992586,0.008723727577667588,-0.0026813649432726955,0.015300920070404959,1.0,0.01713265113268688,,
2007-06-26,5377.75,0.005485565524615321,1.0,0.005485565524615321,0.014194302185171266,0.004882417469340603,0.020171457193752948,1.0,0.022603225740190476,,
2007-06-27,5407.25,0.0007859817837163607,1.0,0.0007859817837163607,0.01497997524696141,0.0006995616357475474,0.02087077425031822,1.0,0.023388898801980522,,
2007-06-28,5411.5,0.0,1.0,0.0,0.01497997524696141,0.0,0.02087077425031822,1.0,0.023388898801980522,,
2007-06-29,5411.5,0.0029104684468261866,1.0,0.0029104684468261866,0.017886216480625043,0.002590457068643853,0.02345788186820845,1.0,0.02629514003564418,,
2007-07-02,5427.25,0.0013358514901653518,1.0,0.0013358514901653518,0.019221176515001888,0.0011889721529641855,0.024646147753548633,1.0,0.027630100070021126,,
2007-07-03,5434.5,0.001058055018861026,1.0,0.001058055018861026,0.020278672188162362,0.0009417199164661941,0.025587424530001655,1.0,0.028687595743181575,,
2007-07-04,5440.25,0.0018381508202747199,1.0,0.0018381508202747199,0.022115135676615206,0.0016360427445302281,0.027222130414509056,1.0,0.03052405923163448,,
2007-07-05,5450.25,0.002155864409889352,1.0,0.002155864409889352,0.024268679545410454,0.0019188231384970236,0.02913911496346407,1.0,0.03267760310042967,,
2007-07-06,5462.0,0.00013731233980229796,1.0,0.00013731233980229796,0.024405982458736326,0.0001222145945752395,0.029261322090444172,1.0,0.03281490601375554,,
2007-07-09,5462.75,-0.003249279209189493,1.0,-0.003249279209189493,0.021151412878821028,-0.002892014962272189,0.026365117172675104,1.0,0.02956033643384014,,
2007-07-10,5445.0,0.003259871441689599,1.0,0.003259871441689599,0.02440598245873632,0.0029014425592566334,0.02926235867159782,1.0,0.03281490601375533,,
2007-07-11,5462.75,0.004530685094503717,1.0,0.004530685094503717,0.02892643489518698,0.004032527905140146,0.03328677772821388,1.0,0.0373353584502059,,
2007-07-12,5487.5,0.00218678815489759,1.0,0.00218678815489759,0.031110835508931622,0.0019463467606592514,0.03523123281019417,1.0,0.03951975906395051,,
2007-07-13,5499.5,0.00027275206836985255,1.0,0.00027275206836985255,0.03138355038721837,0.00024276247497766168,0.03547396582313029,1.0,0.03979247394223732,,
2007-07-16,5501.0,0.0005453553899290586,1.0,0.0005453553899290586,0.03192875712493983,0.00048539255813108027,0.03595924061640021,1.0,0.040337680679958736,,
2007-07-17,5504.0,0.0014989098837210335,1.0,0.0014989098837210335,0.03342654476452969,0.001334101975157806,0.03729245346821757,1.0,0.04183546831954862,,
2007-07-18,5512.25,0.00013606059231707768,1.0,0.00013606059231707768,0.0335625961014439,0.00012110047903662852,0.037413546615183126,1.0,0.04197151965646289,,
2007-07-19,5513.0,-0.0009976419372392797,1.0,-0.0009976419372392797,0.03256445618825848,-0.0008879493646856832,0.03652520278993569,1.0,0.04097337974327748,,
2007-07-20,5507.5,-0.0011348161597821704,1.0,-0.0011348161597821704,0.0314289956370614,-0.0010100410282491389,0.03551465132651126,1.0,0.039837919192080413,,
2007-07-23,5501.25,-0.004180867984548975,1.0,-0.004180867984548975,0.027239363387273074,-0.0037211738321547456,0.03178653670306794,1.0,0.03564828694229201,,
2007-07-24,5478.25,-0.000593255145347471,1.0,-0.000593255145347471,0.026645932196461834,-0.0005280256470227491,0.03125837160141066,1.0,0.03505485575148081,,
2007-07-25,5475.0,-0.003835616438356171,1.0,-0.003835616438356171,0.022802940917294092,-0.0034138833307680526,0.027838647674413262,1.0,0.031211864472313073,,
2007-07-26,5454.0,-0.00724239090575729,1.0,-0.00724239090575729,0.015534196580194327,-0.006446076656889915,0.0213717053492586,1.0,0.02394312013521323,,
2007-07-27,5414.5,0.005679194754824923,1.0,0.005679194754824923,0.021197325507097443,0.0050547568082671265,0.026413729762412855,1.0,0.029606249062116407,,
2007-07-30,5445.25,-0.00766723290941651,1.0,-0.00766723290941651,0.013500548254980396,-0.0068242064980280175,0.01956613188809326,1.0,0.021909471809999404,,
2007-07-31,5403.5,0.0022670491348200095,0.5,0.0009808457481262072,0.01448091328822821,0.002017782897684904,0.021581881796162168,1.0,0.02417395506617988,,
2007-08-01,5415.75,0.0030005077782393474,0.5,0.0015002538891196737,0.01598004292078836,0.0026705964093639133,0.02424891849921937,1.0,0.027169970305311247,,
2007-08-02,5432.0,-0.007179675994108958,0.5,-0.003589837997054479,0.012383745993001603,-0.006390257365543206,0.01783815603717017,1.0,0.01996439640400632,,
2007-08-03,5393.0,0.004264787687743299,0.5,0.0021323938438716494,0.014513869512032167,0.0037958664090748944,0.021626836324644974,1.0,0.0242201156588901,,
2007-08-06,5416.0,0.004062038404726742,0.5,0.002031019202363371,0.016542828983326076,0.003615409783982309,0.02523572622465029,1.0,0.028273926259195246,,
2007-08-07,5438.0,0.0023905847738139308,0.5,0.0011952923869069654,0.017737407577025712,0.002127735565136155,0.027361201366289965,1.0,0.030661658131060206,,
2007-08-08,5451.0,-0.009126765731058528,0.5,-0.004563382865529264,0.013163580694429728,-0.008123260991768785,0.0192047669167047,1.0,0.021492988312922137,,
2007-08-09,5401.25,-0.003656560981254331,0.5,-0.0018282804906271655,0.011333626859153064,-0.003254515351694264,0.01594494411133505,1.0,0.017829725771132187,,
2007-08-10,5381.5,0.0024621388088823526,0.5,0.0012310694044411763,0.01256393911898963,0.0021914221019667165,0.018133968550109743,1.0,0.020288838482354667,,
2007-08-13,5394.75,-0.0054682793456601875,0.5,-0.0027341396728300937,0.009826054859244412,-0.0048670319376702634,0.013255054041585581,1.0,0.014805553368370371,,
2007-08-14,5365.25,-0.007082614976002932,0.5,-0.003541307488001466,0.006278462098771685,-0.0063038683855435405,0.0069312323783067105,1.0,0.007697737612808431,,
2007-08-15,5327.25,-0.0021117837533436434,0.5,-0.0010558918766718217,0.005222012375553923,-0.0018795892315073039,0.005049874502395677,1.0,0.005583720899915308,,
2007-08-16,5316.0,0.004937923250564413,0.5,0.0024689616252822066,0.007687931122553251,0.004394989474218246,0.009435234215198438,1.0,0.01050949259335225,,
2007-08-17,5342.25,0.0013103093265947052,0.5,0.0006551546632973526,0.008342871265724977,0.0011662383974265875,0.010600793084901444,1.0,0.011818944213839697,,
2007-08-20,5349.25,0.0041127260830957635,0.5,0.0020563630415478817,0.010397122886862654,0.003660524258549921,0.014254633929428225,1.0,0.01592323615598435,,
2007-08-21,5371.25,0.005119851058878355,0.5,0.0025599255294391776,0.012953777388146764,0.0045569139841862725,0.01880119661582127,1.0,0.02103002534169042,,
2007-08-22,5398.75,-0.0013892104653855375,0.5,-0.0006946052326927687,0.012258930805470908,-0.001236464210363211,0.017563967352881196,1.0,0.01963984902883234,,
2007-08-23,5391.25,0.005703686529098029,0.5,0.0028518432645490144,0.015106715279874922,0.005076555666749369,0.022627680755553513,1.0,0.02532733112539026,,
2007-08-24,5422.0,-0.003458133530062746,0.5,-0.001729066765031373,0.013376151953552858,-0.0030779053650397954,0.01954502889778982,1.0,0.02186320443080705,,
2007-08-27,5403.25,-0.007634294174802214,0.5,-0.003817147087401107,0.00955170096758047,-0.006794889438086401,0.012726949088090928,1.0,0.014199619862683923,,
2007-08-28,5362.0,0.009558000745990336,0.5,0.004779000372995168,0.0143193181706687,0.008507080920789152,0.021198048715818596,1.0,0.02371223190717838,,
2007-08-29,5413.25,0.002909527548145663,0.5,0.0014547637740728314,0.015773024801061044,0.0025896196235100644,0.023784321051986728,1.0,0.02661753497223037,,
2007-08-30,5429.0,0.002993184748572464,0.5,0.001496592374286232,0.017268498397077472,0.002664078560326535,0.026444857245060478,1.0,0.029606249062116622,,
2007-08-31,5445.25,0.000596850466002552,0.5,0.000298425233001276,0.017566879110125933,0.0005312256555351767,0.026975941850197954,1.0,0.030202921483720252,,
2007-09-03,5448.5,0.005047260713958002,0.5,0.002523630356979001,0.02008733045931936,0.004492305081684931,0.03145818664740195,1.0,0.035237487475119005,,
2007-09-04,5476.0,-0.004245799853907939,0.5,-0.0021228999269539695,0.017962173986135293,-0.0037789663226195057,0.027672061991791848,1.0,0.030982648618741504,,
2007-09-05,5452.75,0.0003209389757461434,0.5,0.0001604694878730717,0.018122630600157317,0.00028565114293938444,0.02795767234421122,1.0,0.03130353610459092,,
2007-09-06,5454.5,-0.006004216701805842,0.5,-0.003002108350902921,0.015116006882634741,-0.005344041992217238,0.02259929988169492,1.0,0.025281221615295627,,
2007-09-07,5421.75,-0.00027666343892651657,0.5,-0.00013833171946325828,0.01497766559445673,-0.0002462437831215946,0.022353025775594965,1.0,0.025004519897979482,,
2007-09-10,5420.25,0.004058853373921867,0.5,0.0020294266869609334,0.01700503577695877,0.0036125749531937,0.02595909105297628,1.0,0.02905515834782505,,
2007-09-11,5442.25,0.001240295833524696,0.5,0.000620147916762348,0.017624991481464368,0.001103923017158016,0.02706240519517991,1.0,0.030294685649877806,,
2007-09-12,5449.0,0.0007340796476418276,0.5,0.0003670398238209138,0.01799196396264693,0.0006533662353409204,0.027715558079727837,1.0,0.031028495992841194,,
2007-09-13,5453.0,0.0004584632312487624,0.5,0.0002292316156243812,0.018221169308718976,0.0004080543526925181,0.028123529200884203,1.0,0.031486854161932934,,
2007-09-14,5455.5,-0.0034827238566583762,0.5,-0.0017413619283291881,0.016478289447270488,-0.0030997919398347827,0.025018922954541063,1.0,0.02799805150458375,,
2007-09-17,5436.5,0.009748919341488138,1.0,0.009597167295134787,0.02602969647866775,0.008677007664294016,0.03365850174574063,1.0,0.03769975674156671,,
2007-09-18,5489.5,0.00022770744147915245,1.0,0.00022770744147915245,0.026257377998742372,0.00020267058796178176,0.0338611517987933,1.0,0.037927438261641425,,
2007-09-19,5490.75,-0.0004553112052088082,1.0,-0.0004553112052088082,0.02580196310791276,-0.00040524889773400343,0.03345582076553377,1.0,0.037472023370811756,,
2007-09-20,5488.25,0.001776522570946959,1.0,0.001776522570946959,0.027576909529071533,0.0015811906349760653,0.035035762634782246,1.0,0.039246969791970565,,
2007-09-21,5498.0,0.0019552564568934283,1.0,0.0019552564568934283,0.029530256960077276,0.0017402724002366066,0.03677452251554835,1.0,0.041200317222976304,,
2007-09-24,5508.75,0.004129793510324387,1.0,0.004129793510324387,0.03365154627884599,0.003675715090649875,0.04044349867403247,1.0,0.045321606541744976,,
2007-09-25,5531.5,0.0018530235921541127,1.0,0.0018530235921541127,0.03550285514074719,0.0016492802276877295,0.04209142033265442,1.0,0.047172915403646085,,
2007-09-26,5541.75,0.0013533631073217034,1.0,0.0013533631073217034,0.036855303277650533,0.0012045583354893812,0.04329525376981516,1.0,0.04852536354054951,,
2007-09-27,5549.25,-0.0008559715276839075,1.0,-0.0008559715276839075,0.03599896519715108,-0.0007618558781713109,0.042533107531970114,1.0,0.047669025460050064,,
2007-09-28,5544.5,0.003516998827667095,1.0,0.003516998827667095,0.0395097938472141,0.0031302983145126873,0.045658516663125044,1.0,0.05117985411011299,,
2007-10-01,5564.0,0.0,1.0,0.0,0.0395097938472141,0.0,0.045658516663125044,1.0,0.05117985411011299,,
2007-10-02,5564.0,-0.002246585190510464,1.0,-0.002246585190510464,0.03726068129820089,-0.001999569001826729,0.04365694585425578,1.0,0.048930741561099736,,
2007-10-03,5551.5,9.006574799608202e-05,1.0,9.006574799608202e-05,0.03735074299052101,8.016285275092694e-05,0.043737105494136924,1.0,0.04902080325341983,,
2007-10-04,5552.0,0.008825648414985565,1.0,0.008825648414985565,0.04613767301371286,0.007855252080432577,0.0515616657054171,1.0,0.057807733276611574,,
2007-10-05,5601.0,0.001874665238350337,1.0,0.001874665238350337,0.04801058326019112,0.001668542334936215,0.05322881757008238,1.0,0.0596806435230898,,
2007-10-08,5611.5,0.002049362915441444,1.0,0.002049362915441444,0.05005784909608224,0.0018240316799555067,0.05505118772439661,1.0,0.06172790935898102,,
2007-10-09,5623.0,0.00022230126267119843,1.0,0.00022230126267119843,0.05028012565348902,0.00019785882849306506,0.055249026981413214,1.0,0.061950185916387825,,
2007-10-10,5624.25,-0.005334044539271887,1.0,-0.005334044539271887,0.0449318043072629,-0.004747556496029312,0.05049016504269806,1.0,0.05660186457016174,,
2007-10-11,5594.25,0.006390490235509638,1.0,0.006390490235509638,0.05130196193761661,0.00568784403786532,0.056161894372087275,1.0,0.06297202220051545,,
2007-10-12,5630.0,-0.003108348134991168,1.0,-0.003108348134991168,0.04818877285439023,-0.0027665795198276123,0.0533914807980299,1.0,0.05985883311728905,,
2007-10-15,5612.5,0.0012472160356347128,1.0,0.0012472160356347128,0.049435211762202246,0.0011100823302719876,0.05450094744251105,1.0,0.061105272025101166,,
2007-10-16,5619.5,0.0020464454132929077,1.0,0.0020464454132929077,0.05147956605849889,0.0018214349625536395,0.05632072560393521,1.0,0.06314962632139773,,
2007-10-17,5631.0,-0.0002663825253063079,1.0,-0.0002663825253063079,0.05121314804706563,-0.0002370932749315373,0.05608360421794978,1.0,0.06288320830996437,,
2007-10-18,5629.5,-0.009325872635225108,1.0,-0.009325872635225108,0.04184351719343417,-0.00830047572428944,0.047748487721929085,1.0,0.05351357745633285,,
2007-10-19,5577.0,0.006679218217679805,1.0,0.006679218217679805,0.04850052826253129,0.005944825845430902,0.053675712811365225,1.0,0.060170588525429954,,
2007-10-22,5614.25,0.0032061272654406725,1.0,0.0032061272654406725,0.05170152686113276,0.002853607654393022,0.056525256656611254,1.0,0.06337158712403147,,
2007-10-23,5632.25,0.0011540680900172795,1.0,0.0011540680900172795,0.05285492952648622,0.0010271761732176267,0.057551905645360134,1.0,0.064524989789385,,
2007-10-24,5638.75,-0.0008423852804255727,1.0,-0.0008423852804255727,0.05201218924019849,-0.0007497634638779777,0.05680186096828523,1.0,0.06368224950309724,,
2007-10-25,5634.0,0.0008430954916578415,0.5,0.00027511537096204107,0.052287266773866456,0.0007503955860742747,0.05755197514836012,1.0,0.064524989789385,,
2007-10-26,5638.75,0.0008423852804255727,0.5,0.00042119264021278635,0.05270837073735827,0.0007497634638779777,0.05830145768002525,1.0,0.0653670204624603,,
2007-10-29,5643.5,0.0005758837600779998,0.5,0.0002879418800389999,0.05299627117009022,0.0005125642776296162,0.0588138906414556,1.0,0.06594273846512079,,
2007-10-30,5646.75,0.006198255633771632,0.5,0.003099127816885816,0.05609060658931232,0.0055167459854355855,0.06431547511965341,1.0,0.07212186392090111,,
2007-10-31,5681.75,-0.00682008184098204,0.5,-0.00341004092049102,0.052674738227634806,-0.006070201253329921,0.05822677529667739,1.0,0.06527841903591956,,
2007-11-01,5643.0,0.0016835016835017313,0.5,0.0008417508417508657,0.05351613499582642,0.0014983975658133387,0.05972405138499777,1.0,0.06696050521890436,,
2007-11-02,5652.5,-0.0012826183104820421,0.5,-0.0006413091552410211,0.05287462011390813,-0.0011415920596505496,0.05858180721278697,1.0,0.06567706364953063,,
2007-11-05,5645.25,0.0029670962313448346,0.5,0.0014835481156724173,0.05435706885925299,0.0026408585237250575,0.06121918479674037,1.0,0.06863976673862432,,
2007-11-06,5662.0,-0.012539738608265627,0.5,-0.0062698693041328135,0.0480674613774598,-0.011160971201096773,0.04999546261175246,1.0,0.05602074209342481,,
2007-11-07,5591.0,-0.010552673940261159,0.5,-0.0052763369701305796,0.04277715538289845,-0.009392387961275783,0.04055868802509927,1.0,0.045411993851428266,,
2007-11-08,5532.0,-0.010845986984815648,0.5,-0.005422993492407824,0.03733940408276946,-0.009653450695152931,0.030858340721335427,1.0,0.03450676036916572,,
2007-11-09,5472.0,-0.010188230994152003,0.5,-0.005094115497076002,0.03223226934618428,-0.009068016189819079,0.02174895981889989,1.0,0.024266274120898566,,
2007-11-12,5416.25,0.015093468728363701,0.5,0.007546734364181851,0.03975066957475562,0.013433913980542011,0.035093438860888976,1.0,0.03924696979197035,,
2007-11-13,5498.0,-0.0025463805020007335,0.5,-0.0012731902510003668,0.03847666812843722,-0.002266401265424409,0.032824465420995395,1.0,0.036697341748984404,,
2007-11-14,5484.0,-0.00364697301239969,0.5,-0.001823486506199845,0.0366515170468566,-0.003245981597713689,0.02957320419687276,1.0,0.03304370231740542,,
2007-11-15,5464.0,0.004072108345534398,0.5,0.002036054172767199,0.03868550127053603,0.0036243725162099895,0.03319102450201131,1.0,0.037107542069223245,,
2007-11-16,5486.25,-0.004101161995898828,0.5,-0.002050580997949414,0.036632814952793843,-0.0036502316640865166,0.02953411448568231,1.0,0.0329979472443037,,
2007-11-19,5463.75,0.0005948295584534691,0.5,0.00029741477922673454,0.0369301855130125,0.0005294269505015226,0.030063401339181114,1.0,0.033592599961778616,,
2007-11-20,5467.0,-0.005441741357234298,0.5,-0.002720870678617149,0.03420560653771261,-0.004843411850058456,0.02520822215855353,1.0,0.028135998395249495,,
2007-11-21,5437.25,0.0016552485171732467,0.5,0.0008276242585866234,0.035032888504189015,0.0014732508872753857,0.02668038887644553,1.0,0.02978987849843122,,
2007-11-22,5446.25,0.0031214138168464967,0.5,0.0015607069084232483,0.03659237877529694,0.0027782086058449154,0.02945474539371606,1.0,0.03290643081704113,,
2007-11-23,5463.25,-0.005948839976204656,0.5,-0.002974419988102328,0.033613526408709675,-0.005294754039816183,0.02414592446795722,1.0,0.026939826003819185,,
2007-11-26,5430.75,0.00575426966809367,0.5,0.002877134834046835,0.03648653021212108,0.005121577096240674,0.029254430897510873,1.0,0.03267760310042967,,
2007-11-27,5462.0,0.010984987184181616,0.5,0.005492493592090808,0.04196399506633243,0.009777167566017184,0.03898411123688448,1.0,0.043602693556878985,,
2007-11-28,5522.0,0.0008601955813112294,0.5,0.0004300977906556147,0.04239400039144515,0.000765615489305099,0.03974943379215787,1.0,0.044462519381997814,,
2007-11-29,5526.75,-0.000316641787669103,0.5,-0.0001583208938345515,0.04223566696353493,-0.0002818264386236238,0.03946756763300045,1.0,0.04414582745273293,,
2007-11-30,5525.0,-0.0036199095022624306,0.5,-0.0018099547511312153,0.04042407226518421,-0.003221893770472741,0.03624047238738852,1.0,0.040519350223559736,,
2007-12-03,5505.0,-0.0021798365122616126,0.5,-0.0010899182561308063,0.039333559616218566,-0.0019401594639631848,0.034298428376109816,1.0,0.03833713440939974,,
2007-12-04,5493.0,0.008010194793373282,0.5,0.004005097396686641,0.04333065796120096,0.007129459089768034,0.04140259302505169,1.0,0.04631541788974639,,
2007-12-05,5537.0,0.003160556257901348,0.5,0.001580278128950674,0.04490968876457719,0.002813047263252484,0.04421169107533312,1.0,0.04947099008855615,,
2007-12-06,5554.5,0.001260239445494582,0.5,0.000630119722747291,0.04553961004524912,0.0011216737921777619,0.045332736261479545,1.0,0.050730436098862915,,
2007-12-07,5561.5,0.002787017890856891,0.5,0.0013935089454284455,0.046932148958148505,0.0024805801291816146,0.04781024483022508,1.0,0.05351357745633285,,
2007-12-10,5577.0,-0.011027434104357137,0.5,-0.005513717052178568,0.04140317526171407,-0.009814947368966345,0.03794681335854036,1.0,0.04242489047621558,,
2007-12-11,5515.5,0.00371679811440484,0.5,0.00185839905720242,0.04325984963182923,0.003308129300862735,0.0412494828375516,1.0,0.04613479836428467,,
2007-12-12,5536.0,-0.002845014450867045,0.5,-0.0014225072254335225,0.04183632968247384,-0.002532199860362402,0.0387140715366377,1.0,0.04328572916743811,,
2007-12-13,5520.25,-0.003215434083601254,0.5,-0.001607717041800627,0.04022731887677318,-0.002861891170717328,0.03584807732521004,1.0,0.04006511446739603,,
2007-12-14,5502.5,-0.008496138119036822,0.5,-0.004248069059518411,0.03597020113651463,-0.007561972049768728,0.028257368602526693,1.0,0.031532678425888507,,
2007-12-17,5455.75,0.0010081107088850683,0.5,0.0005040553544425341,0.036474129497729615,0.0008972670755646394,0.029154233374620007,1.0,0.03254028133242495,,
2007-12-18,5461.25,0.000915541313801782,1.0,0.0007644769970244875,0.03723831443105579,0.0008148758563452459,0.02996877739988981,1.0,0.03345540379390966,,
2007-12-19,5466.25,0.0076835124628400475,1.0,0.0076835124628400475,0.04489245904822351,0.006838696084502097,0.03678419566866764,1.0,0.041109548411077286,,
2007-12-20,5508.25,0.0066264240003630626,1.0,0.0066264240003630626,0.051497024809244424,0.005897836449761345,0.04266470796434634,1.0,0.04771411417209823,,
2007-12-21,5544.75,0.0021642093872582535,1.0,0.0021642093872582535,0.05365889566880132,0.001926250570200163,0.04458910569289356,1.0,0.049875985031655155,,
2007-12-24,5556.75,0.001934584064426259,1.0,0.001934584064426259,0.055591610835448134,0.0017218729754805147,0.04630949794460405,1.0,0.051808700198301874,,
2007-12-26,5567.5,-0.005118994162550461,1.0,-0.005118994162550461,0.0504594697370294,-0.004556151305191381,0.04174293574762032,1.0,0.0466765590998832,,
2007-12-27,5539.0,-0.0011734970211229045,1.0,-0.0011734970211229045,0.04928528362913027,-0.0010444688574841902,0.04069792105243225,1.0,0.045502372991983966,,
2007-12-28,5532.5,-0.0033890646181653494,1.0,-0.0033890646181653494,0.04589046312307507,-0.003016430707500299,0.03767693174839027,1.0,0.04210755248592882,,
2007-12-31,5513.75,-0.006257084561324011,1.0,-0.006257084561324011,0.03961372096575392,-0.005569106563810857,0.03209225989387837,1.0,0.03583081032860758,,
2008-01-02,5479.25,0.0004562668248391244,1.0,0.0004562668248391244,0.040069883732536275,0.0004060994452219815,0.032498276903038054,1.0,0.03628697309538987,,
2008-01-03,5481.75,-0.016372508779130768,1.0,-0.016372508779130768,0.02356186429606844,-0.01457232121673838,0.017818736517201582,1.0,0.01977895365892201,,
2008-01-04,5392.0,-0.0014836795252225476,1.0,-0.0014836795252225476,0.022077083028489215,-0.0013205462226900525,0.016497317604979217,1.0,0.01829417239134288,,
2008-01-07,5384.0,-0.00863670133729566,1.0,-0.00863670133729566,0.013402869240805507,-0.007687080082713392,0.008780539630892027,1.0,0.00961995860365916,,
2008-01-08,5337.5,0.0059484777517564424,1.0,0.0059484777517564424,0.019333724648329602,0.0052944316426146824,0.014061005044107356,1.0,0.015550814011183271,,
2008-01-09,5369.25,-0.0007449830050751949,1.0,-0.0007449830050751949,0.018588464005516652,-0.0006630707484979062,0.01339771436697649,1.0,0.014805553368370371,,
2008-01-10,5365.25,-0.005871115045897213,0.5,-0.003089324821769724,0.015494357368893923,-0.005225575109069028,0.008158438188810312,1.0,0.008917135568988951,,
2008-01-11,5333.75,0.005858917272088204,0.5,0.002929458636044102,0.01841953350255838,0.005214718503006275,0.013359607131632156,1.0,0.014758956131578072,,
2008-01-14,5365.0,-0.01644920782851822,0.5,-0.00822460391425911,0.010160920933346614,-0.014640587064066377,-0.0013892110038325137,1.0,-0.0018270420524937625,,
2008-01-15,5276.75,0.00307954706969249,0.5,0.001539773534846245,0.011699510232404314,0.0027409451848226093,0.0013479846406972483,1.0,0.0012477729247666028,,
2008-01-16,5293.0,-0.00358964670319295,0.5,-0.001794823351596475,0.009903074255502202,-0.00319495842202326,-0.0018520885582237888,1.0,-0.002348332019988985,,
2008-01-17,5274.0,-0.0032233598786499673,0.5,-0.0016116799393249837,0.00829009416292208,-0.0028689455099701554,-0.0047251573806243435,1.0,-0.00557689811377288,,
2008-01-18,5257.0,-0.014219136389575837,0.5,-0.007109568194787919,0.0011551325591483159,-0.01265571609633997,-0.017461639207582993,1.0,-0.019898095053600344,,
2008-01-21,5182.25,0.0001929663756090605,0.5,9.648318780453025e-05,0.0012516110927494476,0.00017174936641287968,-0.017289904588404018,1.0,-0.019705147293607558,,
2008-01-22,5183.25,0.006077268123281687,0.5,0.0030386340616408436,0.004285637836851795,0.005409061275055691,-0.011895419745701491,1.0,-0.013646271285984054,,
2008-01-23,5214.75,0.009636128289946866,0.5,0.004818064144973433,0.009092132258336594,0.008576618197071489,-0.0033553717879265393,1.0,-0.004056274365145046,,
2008-01-24,5265.0,-0.012488129154795802,0.5,-0.006244064577397901,0.0028284919792083835,-0.011115036302302202,-0.014532641688392339,1.0,-0.01662303553519062,,
2008-01-25,5199.25,0.0023561090541905916,0.5,0.0011780545270952958,0.004005853144561143,0.0020970505145243706,-0.012437786915113842,1.0,-0.014269697753843886,,
2008-01-28,5211.5,0.001007387508394908,0.5,0.000503693754197454,0.004509420087640446,0.000896623392303333,-0.011541565249450587,1.0,-0.013262817319726736,,
2008-01-29,5216.75,-0.0012459864858388459,0.5,-0.0006229932429194229,0.0038862327037941504,-0.0011089879717458106,-0.012651168603366824,1.0,-0.014509580692120825,,
2008-01-30,5210.25,0.005853845784751233,0.5,0.0029269228923756163,0.006808880497252558,0.005210204635063497,-0.0074544901221293295,1.0,-0.008672802089229015,,
2008-01-31,5240.75,0.006249105566951352,0.5,0.003124552783475676,0.009928562010070384,0.005562004874597953,-0.001907896079636086,1.0,-0.0024431412165518617,,
2008-02-01,5273.5,-0.007632502133308017,0.5,-0.0038162510666540084,0.006105010477789169,-0.006793294434862432,-0.008724369975383985,1.0,-0.0101049199585913,,
2008-02-04,5233.25,-0.006926861892705305,0.5,-0.0034634309463526525,0.0026355679700443596,-0.006165240641260179,-0.014908694189704681,1.0,-0.017055883924778848,,
2008-02-05,5197.0,-0.011448912834327474,0.5,-0.005724456417163737,-0.003105335946452245,-0.010190083734565945,-0.025151052250579016,1.0,-0.028570840128730634,,
2008-02-06,5137.5,0.0069586374695864706,0.5,0.0034793187347932353,0.0003679439621920074,0.006193522434808504,-0.018976630847970313,1.0,-0.02163630224128244,,
2008-02-07,5173.25,0.002367950514666761,0.5,0.0011839752573333806,0.0015512188735607548,0.002107589984562952,-0.016871258715510318,1.0,-0.019271150903431723,,
2008-02-08,5185.5,0.0031819496673415326,0.5,0.0015909748336707663,0.0031409294475301143,0.002832088427834478,-0.014043173094353342,1.0,-0.01609425292462386,,
2008-02-11,5202.0,-0.00048058439061904323,0.5,-0.00024029219530952162,0.0029006083774253447,-0.00042774324975643576,-0.014471007852349251,1.0,-0.01657495283293325,,
2008-02-12,5199.5,0.006539090297144057,0.5,0.0032695451485720284,0.006164820185161989,0.005820105248421155,-0.008667773985984806,1.0,-0.010057149638282097,,
2008-02-13,5233.5,-0.006735454284895415,0.5,-0.0033677271424477073,0.0027914094856273924,-0.00599487865324961,-0.014680694064508407,1.0,-0.016815389467016884,,
2008-02-14,5198.25,-0.0006733035156062384,0.5,-0.0003366517578031192,0.0024547010478999697,-0.0005992725512097257,-0.015280146251284144,1.0,-0.017488919753231212,,
2008-02-15,5194.75,0.006400693007363234,0.5,0.003200346503681617,0.005649937342766233,0.005696924996120246,-0.009599387363359142,1.0,-0.01110862418910804,,
2008-02-18,5228.0,-0.007698928844682484,0.5,-0.003849464422341242,0.0017930446629190475,-0.006852417406703752,-0.016475390389646582,1.0,-0.01883734278441686,,
2008-02-19,5187.75,0.0019758083947760685,0.5,0.0009879041973880343,0.002780461204100789,0.0017585646146120867,-0.014718370239357943,1.0,-0.016863483731785207,,
2008-02-20,5198.0,-0.003222393228164644,0.5,-0.001611196614082322,0.0011679652168692164,-0.00286808514449004,-0.017590576221207035,1.0,-0.020091080049615604,,
2008-02-21,5181.25,0.001688781664656247,0.5,0.0008443908323281235,0.0020119997518138694,0.0015030970032935617,-0.01608860773750605,1.0,-0.018403722773286346,,
2008-02-22,5190.0,0.001059730250481783,0.5,0.0005298651252408915,0.00254172454809738,0.0009432109532779272,-0.0151458413281688,1.0,-0.01734455364051913,,
2008-02-25,5195.5,0.001828505437397654,0.5,0.000914252718698827,0.003455559592333339,0.0016274578893049744,-0.013519706313367344,1.0,-0.015517717884151327,,
2008-02-26,5205.0,0.0017771373679154046,0.5,0.0008885686839577023,0.004343733732839992,0.0015817378338829724,-0.011939218109221062,1.0,-0.013742157756476229,,
2008-02-27,5214.25,-0.00402742484537566,0.5,-0.00201371242268783,0.002327991065280774,-0.0035846020493752865,-0.015530260239212746,1.0,-0.01777771451842664,,
2008-02-28,5193.25,-0.005680450584893859,1.0,-0.005839310643623942,-0.0035284350134912224,-0.005055874557501837,-0.020598958973699535,1.0,-0.02347436022224638,,
2008-02-29,5163.75,-0.003389009924957609,1.0,-0.003389009924957609,-0.006923200640351044,-0.003016382027911708,-0.023619899450871243,1.0,-0.0268691258491062,,
2008-03-03,5146.25,0.0020888996842360896,1.0,0.0020888996842360896,-0.004836479673506544,0.0018592213080399866,-0.02176240435549099,1.0,-0.02478240488226168,,
2008-03-04,5157.0,0.0015997673065735185,1.0,0.0015997673065735185,-0.003237990631548246,0.0014238699381942473,-0.02033954715886965,1.0,-0.023183915840303406,,
2008-03-05,5165.25,-0.007453656647790519,1.0,-0.007453656647790519,-0.010719564588586415,-0.006634113340609699,-0.026995764041894785,1.0,-0.03066548979734155,,
2008-03-06,5126.75,-0.0017067342858536616,1.0,-0.0017067342858536616,-0.012427757004731489,-0.0015190757006514532,-0.02851599470783972,1.0,-0.03237368221348662,,
2008-03-07,5118.0,-0.007669011332551823,1.0,-0.007669011332551823,-0.02012632642252915,-0.006825789380256799,-0.03536518634179432,1.0,-0.040072251631284236,,
2008-03-10,5078.75,0.015998031011567715,1.0,0.015998031011567715,-0.004254915248857325,0.014239017970969981,-0.02122659102981813,0.5,-0.032266224134245194,,
2008-03-11,5160.0,-0.003003875968992209,1.0,-0.003003875968992209,-0.007263311908600779,-0.0026735942613261314,-0.023903765727461238,0.5,-0.03376929115823565,,
2008-03-12,5144.5,0.00218680143842942,1.0,0.00218680143842942,-0.005078898040309282,0.0019463585836422363,-0.021959298845464954,0.5,-0.03267648776621495,,
2008-03-13,5155.75,-0.006546089317752024,1.0,-0.006546089317752024,-0.011646506964995121,-0.005826334713793736,-0.02780267286405392,0.5,-0.03595490055237445,,
2008-03-14,5122.0,-0.004783287778211687,0.5,-0.0025527137836782758,-0.014202484477931675,-0.004257356457493387,-0.03206911766760859,0.5,-0.03834940898995782,,
2008-03-17,5097.5,0.014664051005394807,0.5,0.0073320255026974035,-0.006897207606034488,0.013051711528878684,-0.019101845797862886,0.5,-0.031044132118060577,,
2008-03-18,5172.25,-0.009521968195659536,0.5,-0.004760984097829768,-0.011669561289953778,-0.008475010215879956,-0.02761297311948982,0.5,-0.03581648580197984,,
2008-03-19,5123.0,0.005563146593792645,0.5,0.0027815732968963225,-0.008891849409176488,0.004951468356754449,-0.02267372296674375,0.5,-0.03303877392120257,,
2008-03-20,5151.5,0.013345627487139744,0.5,0.006672813743569872,-0.0022412003413670558,0.011878251110142837,-0.010865464565855831,0.5,-0.02638812485339312,,
2008-03-24,5220.25,0.0012930415209999602,0.5,0.0006465207604999801,-0.0015948884853780683,0.0011508692189317463,-0.009715257089233055,0.5,-0.025741812997404145,,
2008-03-25,5227.0,-0.0035393150947006236,0.5,-0.0017696575473503118,-0.003366113726439508,-0.003150160866792128,-0.012870390157671035,0.5,-0.027513038238465574,,
2008-03-26,5208.5,-0.0026879139867523882,0.5,-0.0013439569933761941,-0.0047109746399930565,-0.0023923728822699826,-0.015265629336357367,0.5,-0.028857899152019174,,
2008-03-27,5194.5,-0.002791413995572256,0.5,-0.001395706997786128,-0.006107656544018911,-0.0024844928740687254,-0.017753213684405016,0.5,-0.030254581056045036,,
2008-03-28,5180.0,0.0013030888030887144,0.5,0.0006515444015443572,-0.005456324305377447,0.0011598117838084946,-0.016594073962689953,0.5,-0.0296032488174037,,
2008-03-31,5186.75,0.01397792451920754,0.5,0.00698896225960377,0.001508328357672342,0.012441025916373324,-0.004229801669017598,0.5,-0.022638596154353856,,
2008-04-01,5259.25,0.00019014117982596446,0.5,9.507058991298223e-05,0.0016033944286631997,0.00016923480612118346,-0.004060581181490769,0.5,-0.022543530083362982,,
2008-04-02,5260.25,0.0015683665225036947,0.5,0.0007841832612518473,0.002387270378869724,0.0013959217282958245,-0.0026656328461823913,0.5,-0.0217596541331565,,
2008-04-03,5268.5,0.000284711018316397,0.5,0.0001423555091581985,0.002529615756443942,0.00025340651630247535,-0.002412258431888044,0.5,-0.021617308755582248,,
2008-04-04,5270.0,-0.0012333965844402162,0.5,-0.0006166982922201081,0.0019127272276156053,-0.001097782353245746,-0.0035106437895334607,0.5,-0.022234197284410565,,
2008-04-07,5263.5,-0.0014249073810201907,0.5,-0.0007124536905100953,0.001200019621365649,-0.0012682361842306512,-0.004779684865874445,0.5,-0.02294690489066052,,
2008-04-08,5256.0,-0.003757610350076157,1.0,-0.003914573820395791,-0.002722236197514826,-0.003344454155886403,-0.008129744209579735,0.5,-0.02482747723393157,,
2008-04-09,5236.25,0.004726665075196923,1.0,0.004726665075196923,0.0019932932720477517,0.004206959525195335,-0.003931609197684818,0.5,-0.0224669329744532,,
2008-04-10,5261.0,-0.010121649876449368,1.0,-0.010121649876449368,-0.008179928794735291,-0.009008755788910392,-0.012981189195535859,0.5,-0.027540607257728788,,
2008-04-11,5207.75,-0.0019202150640871274,1.0,-0.0019202150640871274,-0.010101989835261631,-0.0017090838732525073,-0.014691735218826794,0.5,-0.02850117598823266,,
2008-04-14,5197.75,0.004184502909913013,1.0,0.004184502909913013,-0.005926217610406279,0.0037244090907652735,-0.010974244566855928,0.5,-0.02641111024317926,,
2008-04-15,5219.5,0.008429926238145313,1.0,0.008429926238145313,0.002468375232620017,0.007503040287402209,-0.0034992120777182596,0.5,-0.022205005198905118,,
2008-04-16,5263.5,0.002374845635033651,1.0,0.002374845635033651,0.004840405378445666,0.002113726973717752,-0.001387715881909678,0.5,-0.021018286810280614,,
2008-04-17,5276.0,0.005022744503411669,1.0,0.005022744503411669,0.009850577980077956,0.00447048447374281,0.0030728056578438316,0.5,-0.018510062784058954,,
2008-04-18,5302.5,0.0016030174446015621,1.0,0.0016030174446015621,0.011452311963639557,0.0014267627175466552,0.004498551516560331,0.5,-0.017708875098343145,,
2008-04-21,5311.0,-0.002777254754283587,1.0,-0.002777254754283587,0.008671193482009351,-0.0024718904674963867,0.002023600883853317,0.5,-0.01909846751196867,,
2008-04-22,5296.25,-0.0006608449374557734,1.0,-0.0006608449374557734,0.008010130090289665,-0.0005881838167242798,0.0014352440191685752,0.5,-0.01942894458222856,,
2008-04-23,5292.75,0.00410939492702278,1.0,0.00410939492702278,0.012111104514876694,0.0036575593692361663,0.005086130783484612,0.5,-0.01737635512250428,,
2008-04-24,5314.5,0.0012230689622729773,1.0,0.0012230689622729773,0.013333426137609563,0.0010885902721996243,0.006174128970946706,0.5,-0.016765007552380966,,
2008-04-25,5321.0,0.0013625258410072671,1.0,0.0013625258410072671,0.014695024582588246,0.001212713609692664,0.007386107837451852,0.5,-0.01608397658611874,,
2008-04-28,5328.25,0.0021113874161309276,1.0,0.0021113874161309276,0.01680418615284002,0.0018792364723027276,0.009263580753975069,0.5,-0.0150288397307798,,
2008-04-29,5339.5,-0.0027156100758497503,1.0,-0.0027156100758497503,0.014084882118866042,-0.0024170237352466877,0.006843631301557327,0.5,-0.01638756742124788,,
2008-04-30,5325.0,0.011173708920187764,1.0,0.011173708920187764,0.025196626310175767,0.009945138998786702,0.016739642856475577,0.5,-0.010816261547622044,,
2008-05-01,5384.5,0.001346457424087566,1.0,0.001346457424087566,0.026542178073330664,0.0011984119448740856,0.01793733727895591,0.5,-0.010143259352368149,,
2008-05-02,5391.75,-0.001808318264014508,1.0,-0.001808318264014508,0.024732222828091135,-0.001609490332898948,0.016326550325038356,0.5,-0.011047827482795045,,
2008-05-05,5382.0,0.003948346339650577,1.0,0.003948346339650577,0.02867279490526766,0.0035142183713262358,0.019834608259512068,0.5,-0.009075600431925682,,
2008-05-06,5403.25,-0.0077268310738907164,1.0,-0.0077268310738907164,0.020915957201440245,-0.0068772517343056215,0.012933599243639692,0.5,-0.012946498236299387,,
2008-05-07,5361.5,0.00027977245173915755,1.0,0.00027977245173915755,0.021195690524165003,0.0002490109542365375,0.013182579199794367,0.5,-0.012806621793595718,,
2008-05-08,5363.0,0.00037292560134249975,1.0,0.00037292560134249975,0.021568546606038623,0.0003319217430889504,0.013514445869048014,0.5,-0.012620176374951702,,
2008-05-09,5365.0,0.006430568499534051,1.0,0.006430568499534051,0.02797852721405424,0.005723515622779504,0.019221644407404953,0.5,-0.00941005009831223,,
2008-05-12,5399.5,0.0010186128345217593,1.0,0.0010186128345217593,0.028996621614548506,0.0009066144731016301,0.02012784815383358,0.5,-0.008900873333544541,,
2008-05-13,5405.0,-0.001295097132284928,1.0,-0.001295097132284928,0.02770068511918981,-0.0011526988119614648,0.018974484473618894,0.5,-0.009548631649813549,,
2008-05-14,5398.0,0.0069470174138570595,1.0,0.0069470174138570595,0.03462368318529499,0.006183180025656082,0.025138627075901726,0.5,-0.0060811416409469075,,
2008-05-15,5435.5,0.00013798178640422876,1.0,0.00013798178640422876,0.03476165545308812,0.0001228104342875519,0.025261429969605263,0.5,-0.006012153127506967,,
2008-05-16,5436.25,-0.0020694412508622806,1.0,-0.0020694412508622806,0.03269006994990025,-0.0018419023653340845,0.023417829216279135,0.5,-0.007047409445884663,,
2008-05-19,5425.0,-0.003133640552995365,1.0,-0.003133640552995365,0.02955150926404,-0.002789090989784799,0.020624841464918053,0.5,-0.008615458468922806,,
2008-05-20,5408.0,-0.008043639053254448,1.0,-0.008043639053254448,0.02147534561804088,-0.007159226091540275,0.013439865139494326,0.5,-0.012645387261675129,,
2008-05-21,5364.5,0.00032621865970727804,1.0,0.00032621865970727804,0.02180151108001027,0.00029035031590318727,0.013730173311901928,0.5,-0.012482291232701758,,
2008-05-22,5366.25,-0.0011646866992779392,1.0,-0.0011646866992779392,0.02063614560608754,-0.0010366272467891128,0.01269300839548098,0.5,-0.013064804210086831,,
2008-05-23,5360.0,0.0006996268656715987,1.0,0.0006996268656715987,0.021335527846974286,0.0006227016003449462,0.013315516197632514,0.5,-0.012715051947704958,,
2008-05-26,5363.75,0.0056863202050803086,1.0,0.0056863202050803086,0.027005741960734207,0.005061098802114014,0.018363850688715072,0.5,-0.009875925980196968,,
2008-05-27,5394.25,0.0016220976039300616,1.0,0.0016220976039300616,0.028626525385305454,0.0014437449781367884,0.019806554469099784,0.5,-0.009065205900583594,,
2008-05-28,5403.0,0.004395706089209694,1.0,0.004395706089209694,0.03301259857711131,0.003912390090636879,0.023711311065286858,0.5,-0.006869764601852561,,
2008-05-29,5426.75,0.0015663150135900583,1.0,0.0015663150135900583,0.03457768819874014,0.001394095786574137,0.025104436002529817,0.5,-0.00608691360287908,,
2008-05-30,5435.25,-0.004185640034957028,1.0,-0.004185640034957028,0.0303832638519849,-0.0037254211868116725,0.021372058151163657,0.5,-0.008181926628418738,,
2008-06-02,5412.5,-0.0026789838337182292,1.0,-0.0026789838337182292,0.02770068511918959,-0.0023844246160461607,0.018984786267779323,0.5,-0.009522316466503911,,
2008-06-03,5398.0,0.004121896998888541,1.0,0.004121896998888541,0.03181411037243982,0.003668686815222626,0.022646759865645936,0.5,-0.00746348880795569,,
2008-06-04,5420.25,0.006872376735390429,1.0,0.006872376735390429,0.03866297996533865,0.006116746227566601,0.02874487473792004,0.5,-0.0040331906461284536,,
2008-06-05,5457.5,-0.012505726065048073,1.0,-0.012505726065048073,0.02607839919478277,-0.011130698399789979,0.017551766573052123,0.5,-0.010305684702892,,
2008-06-06,5389.25,-0.00046388644059935924,1.0,-0.00046388644059935924,0.02561440512558227,-0.0004128812701642772,0.017138800043947532,0.5,-0.010537654826180562,,
2008-06-09,5386.75,-0.0025525595210470486,1.0,-0.0025525595210470486,0.02305858227006113,-0.002271900889920688,0.014864314471696581,0.5,-0.011814749725354677,,
2008-06-10,5373.0,-0.008747440908244974,1.0,-0.008747440908244974,0.014272657915117155,-0.007785643633421891,0.007048204478374958,0.5,-0.01619806287551498,,
2008-06-11,5326.0,0.0008449117536613038,1.0,0.0008449117536613038,0.01511721293176944,0.0007520121467178057,0.0077999340056383246,0.5,-0.015775696208044476,,
2008-06-12,5330.5,0.006331488603320556,1.0,0.006331488603320556,0.021428741866430148,0.005635329744046948,0.013419444681640717,0.5,-0.012614952324292217,,
2008-06-13,5364.25,0.002563266067017844,1.0,0.002563266067017844,0.023988728370049745,0.002281430231398707,0.015698276402552162,0.5,-0.011334139881343836,,
2008-06-16,5378.0,-0.00037188545927857586,1.0,-0.00037188545927857586,0.023616773744225203,-0.0003309959665649604,0.015367225644731471,0.5,-0.011520099900475794,,
2008-06-17,5376.0,-0.0050688244047618625,1.0,-0.0050688244047618625,0.018535059272266365,-0.004511497804880342,0.010845520321260866,0.5,-0.014057729162181723,,
2008-06-18,5348.75,0.00645010516475808,1.0,0.00645010516475808,0.024964451527957128,0.005740904195599286,0.01657000832558985,0.5,-0.010837865907639015,,
2008-06-19,5383.25,-0.009659592253750016,1.0,-0.009659592253750016,0.015257902781229023,-0.008597502254742189,0.007935334338955356,0.5,-0.015679363191164954,,
2008-06-20,5331.25,-0.0046424384525205475,1.0,-0.0046424384525205475,0.010604654743116924,-0.004131993775156731,0.003794780288713207,0.5,-0.018003280622999822,,
2008-06-23,5306.5,-0.0004711203241307693,1.0,-0.0004711203241307693,0.010133423406938192,-0.0004193197748483332,0.0033753725747441505,0.5,-0.01823886853371788,,
2008-06-24,5304.0,0.0025452488687782715,1.0,0.0025452488687782715,0.012675438615632003,0.002265394057363646,0.005638204495759585,0.5,-0.016967053199423168,,
2008-06-25,5317.5,-0.011095439586271794,1.0,-0.011095439586271794,0.0015179855013228126,-0.009875475522612696,-0.004286356967280906,0.5,-0.022530218742293336,,
2008-06-26,5258.5,-0.00047542074736139917,1.0,-0.00047542074736139917,0.0010424517056861523,-0.00042314735860657436,-0.004709593877994411,0.5,-0.022767957373563134,,
2008-06-27,5256.0,-0.0029965753424657793,1.0,-0.0029965753424657793,-0.001958622358090554,-0.0026670963521625594,-0.007380253268353695,0.5,-0.02426736860018193,,
2008-06-30,5240.25,0.0040551500405514584,1.0,0.0040551500405514584,0.002088327722106518,0.0036092788081633765,-0.0037774722766871376,0.5,-0.022241846335861362,,
2008-07-01,5261.5,-0.009217903639646474,1.0,-0.009217903639646474,-0.007172323690654419,-0.008204378119075394,-0.012015691530004268,0.5,-0.026861452122473914,,
2008-07-02,5213.0,0.0001918281220025797,1.0,0.0001918281220025797,-0.006980513965313407,0.00017073626589154164,-0.011844969837890146,0.5,-0.026765542660932097,,
2008-07-03,5214.0,-0.001630226313770633,1.0,-0.001630226313770633,-0.008612070543952872,-0.0014509799213255473,-0.013297003449961153,0.5,-0.02758098820318011,,
2008-07-04,5205.5,0.003698011718374694,1.0,0.003698011718374694,-0.004920879660399917,0.0032914085037540415,-0.010010999774757855,0.5,-0.025733689651103182,,
2008-07-07,5224.75,0.006172544140867986,1.0,0.006172544140867986,0.0012326923606874873,0.005493861518637718,-0.004532174467211322,0.5,-0.022652170341950276,,
2008-07-08,5257.0,-0.007466235495529716,1.0,-0.007466235495529716,-0.006261554986900091,-0.00664530912082059,-0.011199661964068705,0.5,-0.026392273564259633,,
2008-07-09,5217.75,0.004120550045517701,1.0,0.004120550045517701,-0.0021494711587081994,0.0036674879618612604,-0.007538882838136022,0.5,-0.024334117997476538,,
2008-07-10,5239.25,-0.005678293648900157,1.0,-0.005678293648900157,-0.007843947606522138,-0.005053954780602146,-0.012605652042111032,0.5,-0.027177302844108263,,
2008-07-11,5209.5,-0.0031672905269219953,0.5,-0.0017420097898070961,-0.009587476459788406,-0.002819041086963477,-0.0154286741088568,0.5,-0.028762203399195656,,
2008-07-14,5193.0,0.0007702676680145792,0.5,0.0003851338340072896,-0.009202416770779612,0.0006855753160739714,-0.014743333692185143,0.5,-0.02837714371018684,,
2008-07-15,5197.0,0.006494131229555444,0.5,0.003247065614777722,-0.005960611489532369,0.0057800895133041635,-0.008979884804194108,0.5,-0.02513533842893975,,
2008-07-16,5230.75,-0.0022463317879845013,0.5,-0.0011231658939922506,-0.007084408607027404,-0.0019993434613762534,-0.01098122962075116,0.5,-0.02625913554643488,,
2008-07-17,5219.0,-4.7901896915170106e-05,0.5,-2.3950948457585053e-05,-0.007108359842313536,-4.2634994926905015e-05,-0.011023865524575294,0.5,-0.02628308678172103,,
2008-07-18,5218.75,-0.005029940119760434,0.5,-0.002514970059880217,-0.009626497751874189,-0.004476888918791591,-0.015510805720749343,0.5,-0.02880122469128172,,
2008-07-21,5192.5,0.00452575830524804,0.5,0.00226287915262402,-0.0073661750543735725,0.004028142825457525,-0.011490754141417757,0.5,-0.02654090199378112,,
2008-07-22,5216.0,0.004888803680981546,0.5,0.002444401840490773,-0.004924755904454297,0.004351270691981168,-0.007148922855386392,0.5,-0.024099482843861788,,
2008-07-23,5241.5,-0.0061528188495659775,0.5,-0.0030764094247829887,-0.008005907204508934,-0.005476305059525417,-0.012640277843947598,0.5,-0.027180634143916475,,
2008-07-24,5209.25,0.004079282046359767,0.5,0.0020396410231798834,-0.005968343425006059,0.0036307574553876253,-0.00901609567769601,0.5,-0.02514307036441371,,
2008-07-25,5230.5,-0.005353216709683584,0.5,-0.002676608354841792,-0.008648540300797546,-0.004764620650914201,-0.013792103317770792,0.5,-0.027823267240205122,,
2008-07-28,5202.5,0.005814512253724091,0.5,0.0029072561268620456,-0.005745502070003802,0.005175195898378826,-0.008630252722449022,0.5,-0.024920229009411453,,
2008-07-29,5232.75,0.0029143375853997178,0.5,0.0014571687926998589,-0.0042893939175196235,0.002593900788289155,-0.006039710288571112,0.5,-0.02346412085692726,,
2008-07-30,5248.0,-0.0003810975609755962,0.5,-0.0001905487804877981,-0.004479960854732825,-0.00033919518067571124,-0.006378963008943946,0.5,-0.02365468779414057,,
2008-07-31,5246.0,-0.004384292794510136,0.5,-0.002192146397255068,-0.006674513522142185,-0.0039022317087574164,-0.010288828288969574,0.5,-0.02584924046154994,,
2008-08-01,5223.0,-0.003829216925138823,0.5,-0.0019146084625694115,-0.008590957190335004,-0.0034081874558418578,-0.013702836845710529,0.5,-0.02776568412974272,,
2008-08-04,5203.0,0.011868152988660396,0.5,0.005934076494330198,-0.0026744179837204464,0.01056322766005167,-0.0031950102735972003,0.5,-0.021849144923128044,,
2008-08-05,5264.75,0.004273707203571009,0.5,0.0021368536017855044,-0.0005398442064029323,0.0038038052076727518,0.0006015787605367475,0.5,-0.01971457114581059,,
2008-08-06,5287.25,-0.001465790344697182,1.0,-0.0016218260910681689,-0.0021629868811116264,-0.0013046239905852126,-0.0007038969928275713,0.5,-0.02044773501711956,,
2008-08-07,5279.5,0.006582062695331015,1.0,0.006582062695331015,0.004397508625554224,0.00585835275210441,0.0051373623378308825,0.5,-0.01716210726077311,,
2008-08-08,5314.25,0.0034341628639977806,1.0,0.0034341628639977806,0.007825788217824996,0.003056570317956291,0.008189270841758753,0.5,-0.015446498327736867,,
2008-08-11,5332.5,0.000984528832630005,1.0,0.000984528832630005,0.00880983271980945,0.0008762780701337685,0.009065165204404367,0.5,-0.014954355033801808,,
2008-08-12,5337.75,-0.0008898880614490734,1.0,-0.0008898880614490734,0.007919548472921522,-0.000792043226442233,0.008272808146002597,0.5,-0.015399398081494028,,
2008-08-13,5333.0,0.004781548846802819,1.0,0.004781548846802819,0.012689702025370952,0.0042558087248028295,0.012519586528727525,0.5,-0.01301147701235168,,
2008-08-14,5358.5,-0.000606513016702448,1.0,-0.000606513016702448,0.012083005005244713,-0.0005398257909494501,0.01197961497937733,0.5,-0.013314779512256156,,
2008-08-15,5355.25,-0.004061435040380923,1.0,-0.004061435040380923,0.008013299937856721,-0.003614872760660067,0.008358192777818551,0.5,-0.015347561734961887,,
2008-08-18,5333.5,-0.004546732914596396,1.0,-0.004546732914596396,0.0034561991947275415,-0.004046811237790854,0.00430317104105132,0.5,-0.017623516212874866,,
2008-08-19,5309.25,-0.0008475773414323706,1.0,-0.0008475773414323706,0.002608262456528262,-0.0007543846481930168,0.0035485017015727607,0.5,-0.018047394707388184,,
2008-08-20,5304.75,-0.0011781893585937064,1.0,-0.0011781893585937064,0.0014293784872099601,-0.0010486452637884594,0.0024993062246537736,0.5,-0.018636662971130646,,
2008-08-21,5298.5,0.004152118524110682,1.0,0.004152118524110682,0.005572900754105561,0.0036955854279604704,0.006188079754263114,0.5,-0.016562755742120915,,
2008-08-22,5320.5,-0.006249412649187103,1.0,-0.006249412649187103,-0.0006961212148213344,-0.005562278192575038,0.0006102744883066452,0.5,-0.01969235415507307,,
2008-08-25,5287.25,-0.001040238309139907,1.0,-0.001040238309139907,-0.0017369009473366,-0.0009258621868668995,-0.00031601657369473713,0.5,-0.02021260861853031,,
2008-08-26,5281.75,0.0015619822975339037,1.0,0.0015619822975339037,-0.0001761372753356341,0.001390239460646147,0.0010732573988086573,0.5,-0.019431922284655883,,
2008-08-27,5290.0,0.0015122873345936316,1.0,0.0015122873345936316,0.0013350077043343734,0.001346008550613433,0.002418360891965281,0.5,-0.018676064349954488,,
2008-08-28,5298.0,-0.005992827482068752,1.0,-0.005992827482068752,-0.004675848834454398,-0.00533390503821368,-0.0029298202051172375,0.5,-0.0216769763266065,,
2008-08-29,5266.25,0.00023736055067646866,1.0,0.00023736055067646866,-0.004438516449336597,0.00021126231998411216,-0.0027185801978745422,0.5,-0.021558303093214822,,
2008-09-01,5267.5,-0.0045562411010916515,1.0,-0.0045562411010916515,-0.009005168853220936,-0.004055273981629728,-0.006782099100863123,0.5,-0.023839022508149833,,
2008-09-02,5243.5,-0.003623533899113185,1.0,-0.003623533899113185,-0.012635283653515177,-0.0032251196581994557,-0.010012430666501109,0.5,-0.025652432692518413,,
2008-09-03,5224.5,-0.011149392286343152,1.0,-0.011149392286343152,-0.023847296301738593,-0.009923496023719546,-0.019985492761978665,0.5,-0.031242725445482726,,
2008-09-04,5166.25,-0.0013549479796758357,1.0,-0.0013549479796758357,-0.02520316305344756,-0.0012059689482026498,-0.021192189475900743,0.5,-0.031920429024523723,,
2008-09-05,5159.25,-0.0018413529098221249,1.0,-0.0018413529098221249,-0.027046213337502303,-0.0016388927584211367,-0.0228324266882033,0.5,-0.03284152956231742,,
2008-09-08,5149.75,-0.005728433419098011,1.0,-0.005728433419098011,-0.03279111716118135,-0.005098581590513398,-0.02794405039558567,0.5,-0.035709855989837155,,
2008-09-09,5120.25,0.0015135979688492007,1.0,0.0015135979688492007,-0.03127866352717473,0.0013471750782132934,-0.02659778194355327,0.5,-0.034953343233361724,,
2008-09-10,5128.0,0.008434087363494491,1.0,0.008434087363494491,-0.022879944352059492,0.007506743889338195,-0.01911907344056686,0.5,-0.030745166361246204,,
2008-09-11,5171.25,-0.0012569494802997516,1.0,-0.0012569494802997516,-0.024137684455942634,-0.0011187455647290727,-0.020238445268244736,0.5,-0.03137383867442971,,
2008-09-12,5164.75,-0.01176242799748295,1.0,-0.01176242799748295,-0.03596983710305497,-0.010469127326812672,-0.030762759418393626,0.5,-0.03727241512053486,,
2008-09-15,5104.0,-0.0007347178683385636,1.0,-0.0007347178683385636,-0.03670482500884222,-0.0006539342824939542,-0.031416907609170215,0.5,-0.03763984154752728,,
2008-09-16,5100.25,-0.01298955933532675,1.0,-0.01298955933532675,-0.04977948643241965,-0.011561333308890342,-0.04304559275325912,0.5,-0.04415580406509869,,
2008-09-17,5034.0,0.011471990464839044,0.5,0.005572109654350392,-0.044222843552626574,0.01021062393700361,-0.03288674508974352,0.5,-0.03843619701483983,,
2008-09-18,5091.75,0.006235577159130035,0.5,0.0031177885795650173,-0.04110990519717436,0.00554996394018877,-0.02735212545205323,0.5,-0.03532325865938756,,
2008-09-19,5123.5,-0.013076998145798768,0.5,-0.006538499072899384,-0.047669873892378534,-0.011639158060747057,-0.03905954872973348,0.5,-0.04188322735459176,,
2008-09-22,5056.5,-0.0038564224265796865,0.5,-0.0019282112132898432,-0.04959994649806658,-0.0034324016621804752,-0.04249785459677246,0.5,-0.04381329996027984,,
2008-09-23,5037.0,0.004417311891999232,0.5,0.002208655945999616,-0.04739372604715632,0.003931620295527406,-0.03857394292201191,0.5,-0.04160707950936944,,
2008-09-24,5059.25,-0.0003459010722933753,0.5,-0.00017295053614668765,-0.04756669154097163,-0.0003078686108935419,-0.038881858934175395,0.5,-0.04178004500318481,,
2008-09-25,5057.5,0.0008403361344537785,0.5,0.00042016806722688926,-0.04714661171962923,0.0007479396252883149,-0.03813419887633759,0.5,-0.041359965181842456,,
2008-09-26,5061.75,-0.032943152071911896,0.5,-0.016471576035955948,-0.06375535246257227,-0.029320991691613396,-0.06789364268741736,0.5,-0.05796870592478545,,
2008-09-29,4895.0,0.01741573033707855,0.5,0.008707865168539275,-0.055085182082565624,0.01550083863869993,-0.05251171481124833,0.5,-0.049298535544778845,,
2008-09-30,4980.25,-0.003212690125997675,0.5,-0.0016063450629988374,-0.05669281870110306,-0.0028594489163173524,-0.05537525976174866,0.5,-0.05090617216331632,,
2008-10-01,4964.25,-0.014050460794681974,0.5,-0.007025230397340987,-0.06374284221598957,-0.012505586694464133,-0.06795969939672757,0.5,-0.05795619567820285,,
2008-10-02,4894.5,-0.006435795280416823,0.5,-0.0032178976402084114,-0.06696592842264987,-0.005728167709456064,-0.0737043359799309,0.5,-0.06117928188486311,,
2008-10-03,4863.0,-0.014548632531359296,0.5,-0.007274316265679648,-0.07426683153946884,-0.012948983529115136,-0.08673788844403732,0.5,-0.06848018500168203,,
2008-10-06,4792.25,-0.01497209035421776,0.5,-0.00748604517710888,-0.08178103778415188,-0.013325881382686594,-0.10015335615201663,0.5,-0.07599439124636505,,
2008-10-07,4720.5,-0.005084207181442646,0.5,-0.002542103590721323,-0.0843263780066052,-0.004525189216869899,-0.10468881503076426,0.5,-0.07853973146881836,,
2008-10-08,4696.5,-0.008942829766847682,0.5,-0.004471414883423841,-0.08880781956567382,-0.007959549126351589,-0.11268021046902008,0.5,-0.08302117302788704,,
2008-10-09,4654.5,0.0013427865506498993,0.5,0.0006713932753249496,-0.08813665157398365,0.0011951446907469809,-0.11148577939516198,0.5,-0.08235000503619702,,
2008-10-10,4660.75,0.03808399935632667,0.5,0.019041999678163335,-0.06927368161931746,0.033896593327581284,-0.0781510147629195,0.5,-0.06348703508153074,,
2008-10-13,4838.25,-0.013331266470314684,0.5,-0.006665633235157342,-0.07596162940336398,-0.011865469113626794,-0.09008744040203227,0.5,-0.07017498286557726,,
2008-10-14,4773.75,-0.033359518198481264,0.5,-0.016679759099240632,-0.09278206214659263,-0.029691577593993355,-0.12022873718239845,0.5,-0.08699541560880593,,
2008-10-15,4614.5,0.019070321811680557,0.5,0.009535160905840279,-0.08329207396174441,0.01697350472644762,-0.10339767283838545,0.5,-0.07750542742395773,,
2008-10-16,4702.5,-0.001222753854332792,0.5,-0.000611376927166396,-0.08390363785599314,-0.0010883098109591223,-0.10448657528848924,0.5,-0.07811699131820643,,
2008-10-17,4696.75,0.008516527385958428,0.5,0.004258263692979214,-0.07965441491167903,0.007580119479155615,-0.096935040555345,0.5,-0.07386776837389246,,
2008-10-20,4736.75,-0.01662532327017474,0.5,-0.00831266163508737,-0.08800181938946225,-0.014797338287820054,-0.11184295159744881,0.5,-0.08221517285167572,,
2008-10-21,4658.0,-0.0056354658651781575,0.5,-0.0028177329325890788,-0.09082352960452789,-0.005015835990756482,-0.11687140911624658,0.5,-0.08503688306674141,,
2008-10-22,4631.75,0.0010255303071193822,0.5,0.0005127651535596911,-0.0903108958700967,0.0009127713568181339,-0.11595905408188448,0.5,-0.08452424933231018,,
2008-10-23,4636.5,-0.01245551601423489,0.5,-0.006227758007117445,-0.09655812725453239,-0.011086009036746785,-0.12710697088203732,0.5,-0.09077148071674594,,
2008-10-24,4578.75,-0.007425607425607383,0.5,-0.0037128037128036917,-0.10027784053091189,-0.0066091481821818525,-0.1337380561946536,0.5,-0.09449119399312543,,
2008-10-27,4544.75,0.030254689476868935,0.5,0.015127344738434467,-0.0852637731104725,0.026928130521547067,-0.10716610771491591,0.5,-0.07947712657268617,,
2008-10-28,4682.25,0.0003203588018581005,0.5,0.00016017940092905025,-0.08510360653689392,0.0002851347602412789,-0.10688101359786471,0.5,-0.07931695999910769,,
2008-10-29,4683.75,0.008807045636509248,0.5,0.004403522818254624,-0.08070975085599459,0.007838694711788729,-0.09907288184157947,0.5,-0.07492310431820837,,
2008-10-30,4725.0,-0.0007407407407407085,0.5,-0.00037037037037035425,-0.08108018983041036,-0.0006592949289578216,-0.09973239420101143,0.5,-0.07529354329262414,,
2008-10-31,4721.5,0.0010589854918987562,0.5,0.0005294927459493781,-0.08055083721628131,0.0009425480822758593,-0.09879029003825751,0.5,-0.07476419067849512,,
2008-11-03,4726.5,0.007669522902782111,0.5,0.0038347614513910555,-0.07672340971925384,0.006826244702395956,-0.0919872386552054,0.5,-0.07093676318146756,,
2008-11-04,4762.75,-0.020786310429898647,0.5,-0.010393155214949323,-0.08717095092810562,-0.0185008172285374,-0.11066133655340707,0.5,-0.08138430439031928,,
2008-11-05,4663.75,-0.00659340659340657,0.5,-0.003296703296703285,-0.09047310032386473,-0.005868449367646779,-0.11654707293520081,0.5,-0.08468645378607842,,
2008-11-06,4633.0,0.009011439671918753,0.5,0.004505719835959376,-0.08597750085521928,0.008020615245712598,-0.10855845186250433,0.5,-0.08019085431743311,,
2008-11-07,4674.75,-0.0073800738007380184,0.5,-0.0036900369003690092,-0.08967436273654543,-0.006568621063417706,-0.11514874125675162,0.5,-0.08388771619875919,,
2008-11-10,4640.25,-0.007273315015354775,0.5,-0.0036366575076773877,-0.09331764895892679,-0.00647360060355413,-0.1216433864848549,0.5,-0.0875310024211405,,
2008-11-11,4606.5,-0.013079344404645643,0.5,-0.0065396722023228215,-0.09987879850524094,-0.011641246344102744,-0.13335292264021426,0.5,-0.09409215196745453,,
2008-11-12,4546.25,0.01616717074511964,0.5,0.00808358537255982,-0.09182771029731565,0.014389560478601671,-0.11906590931864551,0.5,-0.08604106375952922,,
2008-11-13,4619.75,-0.01715460793332968,0.5,-0.00857730396666484,-0.10044201104263627,-0.015268427125250894,-0.13445209911558273,0.5,-0.09465536450484982,,
2008-11-14,4540.5,-0.00038542010791764447,0.5,-0.00019271005395882224,-0.10063473966756345,-0.00034304245560246206,-0.13479520042370802,0.5,-0.09484809312977695,,
2008-11-17,4538.75,0.0031396309556595003,0.5,0.0015698154778297502,-0.09906615506205767,0.002794422736618287,-0.1320046748278209,0.5,-0.09327950852427125,,
2008-11-18,4553.0,-0.0175708324181858,0.5,-0.0087854162090929,-0.10789039056983855,-0.015638886959685436,-0.14776713928308716,0.5,-0.10210374403205218,,
2008-11-19,4473.0,-0.009166107757657027,0.5,-0.0045830538788285136,-0.11248397883886993,-0.008158277289921061,-0.15595887743007875,0.5,-0.10669733230108362,,
2008-11-20,4432.0,0.008291967509025167,0.5,0.004145983754512583,-0.10834656599327105,0.0073802503752077924,-0.14860572784395135,0.5,-0.10255991945548475,,
2008-11-21,4468.75,0.013146853146853044,0.5,0.006573426573426522,-0.10179465017352018,0.011701332375489587,-0.1369723266481349,0.5,-0.09600800363573384,,
2008-11-24,4527.5,-0.0012147984538928291,0.5,-0.0006073992269464146,-0.1024022339421078,-0.0010812291214824619,-0.1380541407195052,0.5,-0.0966155874043214,,
2008-11-25,4522.0,0.01199690402476783,0.5,0.005998452012383915,-0.0964217010208298,0.010677822282076664,-0.1274329237903624,0.5,-0.0906350544830434,,
2008-11-26,4576.25,0.0006009287080033232,0.5,0.0003004643540016616,-0.09612128179720232,0.0005348554872999081,-0.12689821128727696,0.5,-0.09033463525941599,,
2008-11-27,4579.0,-0.0027844507534395824,0.5,-0.0013922253767197912,-0.09751447722012506,-0.002478295253262036,-0.12937958259752277,0.5,-0.09172783068233874,,
2008-11-28,4566.25,-0.019983575143717514,0.5,-0.009991787571858757,-0.10755651772607214,-0.017786344168846488,-0.14732600476109292,0.5,-0.10176987118828579,,
2008-12-01,4475.0,0.009497206703910521,0.5,0.004748603351955261,-0.10281915342519424,0.008452971295856154,-0.1389085597656288,0.5,-0.09703250688740789,,
2008-12-02,4517.5,0.0055340343110126256,0.5,0.0027670171555063128,-0.10005595741449815,0.004925557023204657,-0.13399509361182796,0.5,-0.09426931087671175,,
2008-12-03,4542.5,-0.005888827738029678,0.5,-0.002944413869014839,-0.10300471459780078,-0.005241340258005548,-0.1392502178792354,0.5,-0.09721806806001448,,
2008-12-04,4515.75,0.009688313126280157,0.5,0.0048441565631400785,-0.09817225320744007,0.008623065214321584,-0.1306641189353927,0.5,-0.09238560666965376,,
2008-12-05,4559.5,0.006744160543919353,0.5,0.0033720802719596765,-0.09480584564917383,0.006002627643022923,-0.12467943529006068,0.5,-0.08901919911138755,,
2008-12-08,4590.25,0.002832089755459899,0.5,0.0014160448777299495,-0.09339080241751939,0.002520696259073056,-0.12216191065711686,0.5,-0.0876041558797332,,
2008-12-09,4603.25,-0.000651713463313941,0.5,-0.0003258567316569705,-0.0937167122520174,-0.000580056365020193,-0.12274213531991496,0.5,-0.08793006571423116,,
2008-12-10,4600.25,-0.009836421933590578,0.5,-0.004918210966795289,-0.09864705742042773,-0.008754889184873155,-0.1315355737080316,0.5,-0.09286041088264155,,
2008-12-11,4555.0,0.008671789242590489,0.5,0.004335894621295244,-0.0943205357066899,0.007718310008052048,-0.12384689747059095,0.5,-0.08853388916890377,,
2008-12-12,4594.5,-0.004570682337577514,0.5,-0.002285341168788757,-0.09660849225305403,-0.004068127377506792,-0.12792332218901611,0.5,-0.09082184571526786,,
2008-12-15,4573.5,0.009893954301956942,0.5,0.004946977150978471,-0.09167371118757554,0.008806095763138242,-0.11915577395033906,0.5,-0.08588706464978936,,
2008-12-16,4618.75,-0.0017861975642760042,0.5,-0.0008930987821380021,-0.09256720902004281,-0.001589801844929445,-0.12074684087121275,0.5,-0.08678056248225673,,
2008-12-17,4610.5,-0.0031992191736254227,0.5,-0.0015996095868127114,-0.09416809934824365,-0.0028474591200245538,-0.12359836171518504,0.5,-0.08838145281045759,,
2008-12-18,4595.75,-0.0010879617037480305,0.5,-0.0005439808518740152,-0.09471222821138056,-0.0009683383061449164,-0.12456716916375103,0.5,-0.08892558167359445,,
2008-12-19,4590.75,-0.003158525295431036,0.5,-0.001579262647715518,-0.09629273920883918,-0.0028112396088547506,-0.12738236772813086,0.5,-0.09050609267105315,,
2008-12-22,4576.25,-0.002185195301830145,0.5,-0.0010925976509150725,-0.0973859341796942,-0.0019449290447268305,-0.12932919060332787,0.5,-0.09159928764190815,,
2008-12-23,4566.25,-0.001204489460717273,0.5,-0.0006022447303586365,-0.09798836033225448,-0.0010720536211359997,-0.13040181928498104,0.5,-0.09220171379446843,,
2008-12-24,4560.75,0.0010963109137751559,1.0,0.0009154196130022567,-0.0970733594602565,0.0009757695051176949,-0.12942652553346815,0.5,-0.09165370851990366,,
2008-12-26,4565.75,-0.0020807096314954254,1.0,-0.0020807096314954254,-0.09915623677543939,-0.0018519317667162333,-0.1312801742459237,0.5,-0.09269460488035432,,
2008-12-29,4556.25,0.006474622770919147,1.0,0.006474622770919147,-0.09270248433794746,0.005762726045705726,-0.12553398918892306,0.5,-0.08946252230557819,,
2008-12-30,4585.75,-0.0012538843155427415,1.0,-0.0012538843155427415,-0.09395715542417697,-0.0011160174204951046,-0.12665062982057906,0.5,-0.09008966107376407,,
2008-12-31,4580.0,0.011681222707423666,1.0,0.011681222707423666,-0.08234363150566144,0.010396850708292814,-0.11630745464748699,0.5,-0.08426603996702453,,
2009-01-02,4633.5,0.0017265565986834819,1.0,0.0017265565986834819,-0.0806185636924203,0.0015367185135954906,-0.11477191567752344,0.5,-0.08340313407808013,,
2009-01-05,4641.5,0.0014542712485188236,1.0,0.0014542712485188236,-0.0791653488722354,0.0012943714402948439,-0.11347838121378015,0.5,-0.0826762626888468,,
2009-01-06,4648.25,-0.0059162050233958485,1.0,-0.0059162050233958485,-0.08509912396961769,-0.005265707360309788,-0.11875800127271707,0.5,-0.08563874903313158,,
2009-01-07,4620.75,0.0017854244440838052,1.0,0.0017854244440838052,-0.08331529150113688,0.0015891137307294863,-0.11717014884715075,0.5,-0.08474643504165952,,
2009-01-08,4629.0,-0.006102829984877989,1.0,-0.006102829984877989,-0.08943681986710356,-0.005431812562784663,-0.12261676734350428,0.5,-0.08780251509326467,,
2009-01-09,4600.75,-0.0026626093571699982,1.0,-0.0026626093571699982,-0.09210298027333959,-0.002369850543420167,-0.12498943042713548,0.5,-0.08913470674523191,,
2009-01-12,4588.5,-0.0014165849406123643,1.0,-0.0014165849406123643,-0.09352056951896656,-0.0012608288115081156,-0.12625105475203066,0.5,-0.08984325017315772,,
2009-01-13,4582.0,-0.012549105194238352,1.0,-0.012549105194238352,-0.10614907974121948,-0.011169307913651953,-0.13748320778112483,0.5,-0.0961375705079454,,
2009-01-14,4524.5,0.007680406674770657,1.0,0.007680406674770657,-0.09849801723546589,0.006835931783563931,-0.1306705350412422,0.5,-0.09230472192823286,,
2009-01-15,4559.25,0.0038931841859954908,1.0,0.0038931841859954908,-0.09461239187876538,0.0034651213982897265,-0.12721140334340025,0.5,-0.09036002199051822,,
2009-01-16,4577.0,-0.001693248852960405,1.0,-0.001693248852960405,-0.09630707589785589,-0.001507073015997664,-0.12871961313621635,0.5,-0.0912070050058659,,
2009-01-19,4569.25,-0.01045029271762321,1.0,-0.01045029271762321,-0.10681235635187256,-0.009301263743053081,-0.13806440374637308,0.5,-0.09644585018163156,,
2009-01-20,4521.5,0.011777065133252274,1.0,0.011777065133252274,-0.09510410112461079,0.010482155082485371,-0.12763680553360493,0.5,-0.09057458726081555,,
2009-01-21,4574.75,-0.005410131701185872,1.0,-0.005410131701185872,-0.10052892058741127,-0.004815277734041037,-0.13246371406952243,0.5,-0.09328331841345092,,
2009-01-22,4550.0,-0.0013186813186812918,1.0,-0.0013186813186812918,-0.10184847213142006,-0.001173689873529336,-0.13363809325642426,0.5,-0.09394287653343651,,
2009-01-23,4544.0,0.004401408450704247,1.0,0.004401408450704247,-0.09745672155044106,0.0039174654669590775,-0.1297282810761615,0.5,-0.09174459031073899,,
2009-01-26,4564.0,0.0016980718667836125,1.0,0.0016980718667836125,-0.0957600897776649,0.001511365730548175,-0.12821805630933475,0.5,-0.09089591460447236,,
2009-01-27,4571.75,0.007983813638103632,1.0,0.007983813638103632,-0.08780797815612418,0.007105978591217438,-0.12113720621251761,0.5,-0.08691195430462376,,
2009-01-28,4608.25,-0.004991048662724484,1.0,-0.004991048662724484,-0.09281152370126523,-0.004442273649246752,-0.12558937607802748,0.5,-0.08941059764695591,,
2009-01-29,4585.25,-0.005288697453792013,1.0,-0.005288697453792013,-0.09811425582070674,-0.004707195406304448,-0.13030768521868996,0.5,-0.09205844883980345,,
2009-01-30,4561.0,0.0017540013155010747,1.0,0.0017540013155010747,-0.09636179096913558,0.001561145633138597,-0.12874775690661633,0.5,-0.09118183252243497,,
2009-02-02,4569.0,0.003939592908732692,1.0,0.003939592908732692,-0.09242993793523516,0.0035064273962957908,-0.12524746269400258,0.5,-0.08921397357319451,,
2009-02-03,4587.0,0.0005995203836930418,1.0,0.0005995203836930418,-0.09183059719209215,0.0005336020108471776,-0.12471400299808429,0.5,-0.088914258300458,,
2009-02-04,4589.75,0.005446919766871838,1.0,0.005446919766871838,-0.08639845824369777,0.004848020883997487,-0.11987769592339363,0.5,-0.0861945003141016,,
2009-02-05,4614.75,0.008776206728425162,1.0,0.008776206728425162,-0.07766053857053534,0.007811246598574241,-0.1120967991672477,0.5,-0.08181599660285539,,
2009-02-06,4655.25,-0.00016110842597072406,1.0,-0.00016110842597072406,-0.0778216599758626,-0.00014339425714408747,-0.1122402037063312,0.5,-0.0818965540605056,,
2009-02-09,4654.5,-0.009345794392523366,1.0,-0.009345794392523366,-0.08721140032570163,-0.008318207047599047,-0.12059320009580057,0.5,-0.08658040337293203,,
2009-02-10,4611.0,-0.0012470180004336973,1.0,-0.0012470180004336973,-0.08845919650008058,-0.0011099060694068782,-0.1217037225670899,0.5,-0.08720410683572262,,
2009-02-11,4605.25,0.004234297812279353,1.0,0.004234297812279353,-0.08423383810090876,0.0037687289516996807,-0.11794207748180942,0.5,-0.0850891959310968,,
2009-02-12,4624.75,-0.0035677604194821466,1.0,-0.0035677604194821466,-0.08780797815612426,-0.003175478575606501,-0.12112260858847933,0.5,-0.08687466914991271,,
2009-02-13,4608.25,-0.0045027939022405095,1.0,-0.0045027939022405095,-0.0923209401695815,-0.0040077034009508225,-0.12513836435423234,0.5,-0.08912860430553483,,
2009-02-16,4587.5,-0.004741144414168952,1.0,-0.004741144414168952,-0.09707335946025611,-0.0042198468341198775,-0.1293671398693009,0.5,-0.09150199076738964,,
2009-02-17,4565.75,-0.0020807096314954254,1.0,-0.0020807096314954254,-0.099156236775439,-0.0018519317667162333,-0.13122078858175645,0.5,-0.09254288712784033,,
2009-02-18,4556.25,-0.0019753086419752597,1.0,-0.0019753086419752597,-0.10113349891245746,-0.0017581198105542238,-0.13298045569877753,0.5,-0.09353102950073444,,
2009-02-19,4547.25,0.001154543955137699,1.0,0.001154543955137699,-0.09997962093064423,0.0010275997160896534,-0.13195338360185285,0.5,-0.09295392408053754,,
2009-02-20,4552.5,-0.008347062053816634,1.0,-0.008347062053816634,-0.10836171478487343,-0.0074292871731000375,-0.13941040537984864,0.5,-0.09713618859618976,,
2009-02-23,4514.5,0.006700631299147108,1.0,0.006700631299147108,-0.10168343293423625,0.00596388451906432,-0.13346423442717745,0.5,-0.0937914727501715,,
2009-02-24,4544.75,-0.002200341052863153,1.0,-0.002200341052863153,-0.1038861982943285,-0.0019584094924761128,-0.13542456411094714,0.5,-0.09489224890843619,,
2009-02-25,4534.75,-0.0052373339213848125,1.0,-0.0052373339213848125,-0.10913729512401135,-0.004661479389097718,-0.14009694207727721,0.5,-0.0975143505749984,,
2009-02-26,4511.0,-0.0039902460651740634,1.0,-0.0039902460651740634,-0.11313552346224738,-0.0035515111446854223,-0.14365477480956543,0.5,-0.0995114665167168,,
2009-02-27,4493.0,-0.006009347874471382,1.0,-0.006009347874471382,-0.11916300013230413,-0.005348608982976536,-0.149017738810701,0.5,-0.10252066354924358,,
2009-03-02,4466.0,-0.004198387819077443,1.0,-0.004198387819077443,-0.12337022592702813,-0.0037367673285368247,-0.15276150529585855,0.5,-0.10462206385462651,,
2009-03-03,4447.25,0.008544606217325335,1.0,0.008544606217325335,-0.11486191823291347,0.007605110991182822,-0.14518516737177126,0.5,-0.10035886112238607,,
2009-03-04,4485.25,-0.0052393957973356775,1.0,-0.0052393957973356775,-0.1201150877962825,-0.0046633145579817546,-0.1498593891033509,0.5,-0.10298199643422923,,
2009-03-05,4461.75,-0.0014007956519302978,1.0,-0.0014007956519302978,-0.12151686547963272,-0.0012467755842621993,-0.15110694255891302,0.5,-0.10368263965334035,,
2009-03-06,4455.5,-0.006845471888676902,1.0,-0.006845471888676902,-0.12838587509037733,-0.006092799618413069,-0.1572183790198468,0.5,-0.10711124655867861,,
2009-03-09,4425.0,0.014519774011299447,1.0,0.014519774011299447,-0.1139705036104,0.012923298056606008,-0.14437787423443046,0.5,-0.09987758567673012,,
2009-03-10,4489.25,0.0033413153644819005,1.0,0.0033413153644819005,-0.11063475803659759,0.0029739315724000223,-0.14140835604862104,0.5,-0.09820832199065715,,
2009-03-11,4504.25,0.008769495476494527,1.0,0.008769495476494527,-0.10190349125057752,0.007805273261181725,-0.13363338634986294,0.5,-0.0938331592504556,,
2009-03-12,4543.75,0.0015405777166437318,1.0,0.0015405777166437318,-0.10036409900639884,0.0013711883529357132,-0.1322631372172096,0.5,-0.09306316691233532,,
2009-03-13,4550.75,-0.003955391968356814,1.0,-0.003955391968356814,-0.10432733422648884,-0.0035204893201506472,-0.13578983804253025,0.5,-0.09504282111948911,,
2009-03-16,4532.75,0.008769510782637546,1.0,0.008769510782637546,-0.09559605226738614,0.007805286884386066,-0.1280148548260772,0.5,-0.09066765075962631,,
2009-03-17,4572.5,0.004866047020229525,1.0,0.004866047020229525,-0.09074180618682355,0.004331016168085508,-0.12369319051620611,0.5,-0.08823758225911069,,
2009-03-18,4594.75,-0.002121987050437979,1.0,-0.002121987050437979,-0.09286604784184177,-0.0018886706572517806,-0.12558364696074728,0.5,-0.08929913903639973,,
2009-03-19,4585.0,-0.0034896401308615044,1.0,-0.0034896401308615044,-0.0963617909691355,-0.0031059477569224786,-0.12869442818432883,0.5,-0.09104548307332291,,
2009-03-20,4569.0,0.014499890566863627,1.0,0.014499890566863627,-0.0819660185544443,0.012905600833588894,-0.11587139498600185,0.5,-0.08382169230673318,,
2009-03-23,4635.25,-0.004422630926055771,1.0,-0.004422630926055771,-0.08639845824369766,-0.003936354491970987,-0.11981551731265086,0.5,-0.0860354563381703,,
2009-03-24,4614.75,0.0010293081965437878,1.0,0.0010293081965437878,-0.0853696794216071,0.000916133860326694,-0.11889980284682107,0.5,-0.08552093462889775,,
2009-03-25,4619.5,0.00806364325143405,1.0,0.00806364325143405,-0.07733837361929516,0.007177030791204142,-0.11174840437156336,0.5,-0.08149721901529954,,
2009-03-26,4656.75,-0.0013421377570194126,1.0,-0.0013421377570194126,-0.0786814128498854,-0.001194567233173779,-0.11294368566889616,0.5,-0.08216851316131474,,
2009-03-27,4650.5,-0.009515105902591081,1.0,-0.009515105902591081,-0.08824207659476029,-0.008468902444601531,-0.12144865303234799,0.5,-0.08693741929086275,,
2009-03-30,4606.25,0.0005970149253731183,1.0,0.0005970149253731183,-0.08764523981189876,0.0005313720322943725,-0.12091742212817982,0.5,-0.08663895637266458,,
2009-03-31,4609.0,0.004881753091776853,1.0,0.004881753091776853,-0.08277536383832494,0.004344995328074261,-0.11658183903806846,0.5,-0.08420105392730735,,
2009-04-01,4631.5,0.011551333261362373,1.0,0.011551333261362373,-0.07129023785988461,0.010281242846589784,-0.10635308868325685,0.5,-0.07844200251386753,,
2009-04-02,4685.0,0.0029882604055495587,1.0,0.0029882604055495587,-0.06830643342959153,0.002659695657908877,-0.10369692375678255,0.5,-0.07694898741302392,,
2009-04-03,4699.0,-0.0005320280910832142,1.0,-0.0005320280910832142,-0.06883860309783717,-0.0004735306203942894,-0.1041705665282071,0.5,-0.07721503684657766,,
2009-04-06,4696.5,-0.007026509102523115,1.0,-0.007026509102523115,-0.07588991436548902,-0.006253931456419048,-0.11044413573218825,0.5,-0.08073447736945524,,
2009-04-07,4663.5,0.00423501661841974,1.0,0.00423501661841974,-0.0716638401912389,0.0037693687237780834,-0.10668185327710727,0.5,-0.07861920782112564,,
2009-04-08,4683.25,0.007633587786259444,1.0,0.007633587786259444,-0.0640592408060197,0.006794260718267836,-0.09991056953253989,0.5,-0.074809679404458,,
2009-04-09,4719.0,-0.0004238186056367832,1.0,-0.0004238186056367832,-0.06448314924814554,-0.0003772189676173295,-0.10028785966512907,0.5,-0.07502161116322507,,
2009-04-13,4717.0,-0.006147975408098416,1.0,-0.006147975408098416,-0.07065010127555871,-0.005471994163387756,-0.10577488002916947,0.5,-0.07810033327230127,,
2009-04-14,4688.0,0.0023997440273038073,1.0,0.0023997440273038073,-0.06825323203570241,0.0021358877417976905,-0.10364127005280369,0.5,-0.07690118052977596,,
2009-04-15,4699.25,0.0054263978294408766,1.0,0.0054263978294408766,-0.06284150405726034,0.004829755371468646,-0.09882314053149512,0.5,-0.07419165569505806,,
2009-04-16,4724.75,-0.00042330282025504484,1.0,-0.00042330282025504484,-0.06326489649544545,-0.0003767598937904051,-0.09919997141712612,0.5,-0.07440332950650623,,
2009-04-17,4722.75,-0.00561113757874121,1.0,-0.00561113757874121,-0.06889183564422856,-0.004994182644321029,-0.10420666666913955,0.5,-0.07721284128059622,,
2009-04-20,4696.25,0.002874634016502453,1.0,0.002874634016502453,-0.06602132548692353,0.0025585627000812364,-0.10165137151830375,0.5,-0.07577655622372678,,
2009-04-21,4709.75,0.001008546101173069,1.0,0.001008546101173069,-0.06501328762667533,0.0008976545956668808,-0.10075411957358046,0.5,-0.07527241027606715,,
2009-04-22,4714.5,0.0029695619896066283,1.0,0.0029695619896066283,-0.062048126076840356,0.0026430531673144065,-0.09811455312891107,0.5,-0.0737887304786752,,
2009-04-23,4728.5,0.005921539600296066,1.0,0.005921539600296066,-0.05614404988589551,0.005270455390632695,-0.0928579379800048,0.5,-0.07083233512507295,,
2009-04-24,4756.5,-0.0011563124145905768,1.0,-0.0011563124145905768,-0.05730103134548591,-0.0010291737301612758,-0.09388764167309666,0.5,-0.0714106585291152,,
2009-04-27,4751.0,-0.00268364554830558,1.0,-0.00268364554830558,-0.05998828432599765,-0.002388573766509541,-0.09627907263257611,0.5,-0.07275338235357008,,
2009-04-28,4738.25,0.004801350709650265,1.0,0.004801350709650265,-0.05519842333788835,0.004273433336277804,-0.092014744481487,0.5,-0.07035558401622131,,
2009-04-29,4761.0,0.0023629489603025355,1.0,0.0023629489603025355,-0.052838261751395825,0.0021031383603334767,-0.08991381462065695,0.5,-0.06917480692779733,,
2009-04-30,4772.25,0.001781130494001859,1.0,0.001781130494001859,-0.051058715589323324,0.0015852919083852823,-0.08832977796104036,0.5,-0.06828463799874554,,
2009-05-01,4780.75,0.005490770276630252,1.0,0.005490770276630252,-0.045582964638446244,0.004887049949264004,-0.08345463087620324,0.5,-0.06554301454693011,,
2009-05-04,4807.0,0.0002600374453920473,1.0,0.0002600374453920473,-0.045322960996930645,0.00023144584826627647,-0.08322321180739538,0.5,-0.06541300427593563,,
2009-05-05,4808.25,-0.0011958612800915258,1.0,-0.0011958612800915258,-0.04651953788969533,-0.0010643741248968716,-0.08428815278069267,0.5,-0.06601111374779607,,
2009-05-06,4802.5,-0.006194690265486691,1.0,-0.006194690265486691,-0.05273349485763837,-0.005513572635974912,-0.08981698126024916,0.5,-0.06911326558188327,,
2009-05-07,4772.75,-0.0005761877324393927,1.0,-0.0005761877324393927,-0.053309848650020135,-0.0005128348276687692,-0.09032994763267391,0.5,-0.06940140095511306,,
2009-05-08,4770.0,0.0012578616352201255,1.0,0.0012578616352201255,-0.05205277745996902,0.0011195574265321984,-0.08921101644319537,0.5,-0.06877266783160356,,
2009-05-11,4776.0,-0.0018844221105527303,1.0,-0.0018844221105527303,-0.053938977327581336,-0.0016772264210296772,-0.09088965098316855,0.5,-0.06971532304673311,,
2009-05-12,4767.0,-0.008653241032095638,1.0,-0.008653241032095638,-0.06262987504213242,-0.007701801207539376,-0.09862126423121695,0.5,-0.0740513304708366,,
2009-05-13,4725.75,0.0025392794794476536,1.0,0.0025392794794476536,-0.060093814085487585,0.0022600810134088666,-0.09636373335927359,0.5,-0.07278249604208262,,
2009-05-14,4737.75,-0.0004221413118041806,1.0,-0.0004221413118041806,-0.06051604452401893,-0.0003757260953377498,-0.09673953005734612,0.5,-0.07299358897653058,,
2009-05-15,4735.75,0.007496172728712391,1.0,0.007496172728712391,-0.05304782847296767,0.006671954699953485,-0.09008973433927574,0.5,-0.0692525091858337,,
2009-05-18,4771.25,0.00020958868221110372,1.0,0.00020958868221110372,-0.052838261751396005,0.00018654401972079777,-0.08990320771672707,0.5,-0.06914772033527143,,
2009-05-19,4772.25,0.0005762481010005427,1.0,0.0005762481010005427,-0.05226217961757663,0.000512888558595186,-0.08939045064051336,0.5,-0.06885963778453413,,
2009-05-20,4775.0,-0.004816753926701556,1.0,-0.004816753926701556,-0.05709057148992638,-0.004287142941181401,-0.0936868097290533,0.5,-0.07127091955253059,,
2009-05-21,4752.0,-0.002104377104377053,1.0,-0.002104377104377053,-0.05919716590705639,-0.0018729969572665746,-0.09556156293843338,0.5,-0.07232366204369338,,
2009-05-22,4742.0,0.000738085196119842,1.0,0.000738085196119842,-0.058459352961860236,0.0006569313663699075,-0.09490484725701856,0.5,-0.07195468752510416,,
2009-05-25,4745.5,0.010167527130966247,1.0,0.010167527130966247,-0.048343167416840735,0.009049588754608,-0.08589596065651531,0.5,-0.06688380265589265,,
2009-05-26,4793.75,-0.0021903520208604865,1.0,-0.0021903520208604865,-0.050535921767294906,-0.0019495187729809628,-0.08784738221463179,0.5,-0.06797957880978504,,
2009-05-27,4783.25,0.0036063346051324885,1.0,0.0036063346051324885,-0.04693607439472858,0.0032098114583402324,-0.08464271120411566,0.5,-0.06617803526173827,,
2009-05-28,4800.5,0.003853765232788353,1.0,0.003853765232788353,-0.04308971589207421,0.0034300366317514316,-0.08121854373088852,0.5,-0.06425300670233453,,
2009-05-29,4819.0,0.0068478937538909435,1.0,0.0068478937538909435,-0.0362651624684661,0.006094955195076289,-0.07514208764578453,0.5,-0.06083490818564935,,
2009-06-01,4852.0,0.0016488046166529546,1.0,0.0016488046166529546,-0.03461771563786738,0.0014675155055121401,-0.07367564788882867,0.5,-0.06001084551025597,,
2009-06-02,4860.0,-0.0003600823045267765,1.0,-0.0003600823045267765,-0.034977862787594044,-0.00032049059046564615,-0.07399618984737923,0.5,-0.06019090287187324,,
2009-06-03,4858.25,0.0034477435290485303,1.0,0.0034477435290485303,-0.0315360491004593,0.0030686577638160675,-0.07093223080374354,0.5,-0.05846851526885467,,
2009-06-04,4875.0,0.0003589743589742511,1.0,0.0003589743589742511,-0.03117713915736494,0.0003195044655717853,-0.07061277736885412,0.5,-0.058289044195264116,,
2009-06-05,4876.75,-0.00046137284051883665,1.0,-0.00046137284051883665,-0.03163861846308079,-0.0004106440450524798,-0.07102350575126168,0.5,-0.058519757227728585,,
2009-06-08,4874.5,0.0014873320340547114,1.0,0.0014873320340547114,-0.03015239141180068,0.0013237971314339284,-0.06970058406672612,0.5,-0.05777636759325802,,
2009-06-09,4881.75,-0.0006657448660828402,1.0,-0.0006657448660828402,-0.030818357984402325,-0.0005925449891539886,-0.07029330468004244,0.5,-0.05810929544062538,,
2009-06-10,4878.5,-0.0010761504560827806,1.0,-0.0010761504560827806,-0.031895087906152635,-0.0009578257269629243,-0.07125158941519029,0.5,-0.058647515483092,,
2009-06-11,4873.25,-0.0007695070025137696,1.0,-0.0007695070025137696,-0.03266489113115313,-0.0006848982871490934,-0.07193672235231828,0.5,-0.05903234302096844,,
2009-06-12,4869.5,-0.005698737036656687,1.0,-0.005698737036656687,-0.03837992792456571,-0.005072150380138255,-0.07702177974991582,0.5,-0.06188577871753721,,
2009-06-15,4841.75,-0.002736613827645007,1.0,-0.002736613827645007,-0.04112029312543451,-0.0024357180857610856,-0.07946046902260329,0.5,-0.06325502261808605,,
2009-06-16,4828.5,0.0019157088122605526,1.0,0.0019157088122605526,-0.039206416943150316,0.0017050730921323858,-0.07775684791733414,0.5,-0.06229762666175859,,
2009-06-17,4837.75,-0.000775153738824863,1.0,-0.000775153738824863,-0.039981871268978716,-0.0006899241543794327,-0.07844701017890654,0.5,-0.06268527865849813,,
2009-06-18,4834.0,0.0010343400910219902,1.0,0.0010343400910219902,-0.03894806573908842,0.0009206124887186092,-0.07752682119396315,0.5,-0.062168242299324876,,
2009-06-19,4839.0,-0.005373010952676172,1.0,-0.005373010952676172,-0.0443355632292976,-0.004782238480351424,-0.08232053116430227,0.5,-0.06485836290766642,,
2009-06-22,4813.0,-0.0010388531061708006,1.0,-0.0010388531061708006,-0.04537495631736348,-0.0009246292895212021,-0.0832455881871685,0.5,-0.06537792440945657,,
2009-06-23,4808.0,0.0046277038269550985,1.0,0.0046277038269550985,-0.040757927390914064,0.0041188792488709505,-0.07913516830065843,0.5,-0.06306674532908516,,
2009-06-24,4830.25,0.005589772786087632,1.0,0.005589772786087632,-0.03518371940918472,0.00497516695005713,-0.07417233659733487,0.5,-0.06027575736892097,,
2009-06-25,4857.25,0.0008235112460754923,1.0,0.0008235112460754923,-0.03436054706244992,0.0007329646644443988,-0.07343964042030361,0.5,-0.05986408649396703,,
2009-06-26,4861.25,0.0009771149395731982,1.0,0.0009771149395731982,-0.03338390918893899,0.000869679348303914,-0.07257033902396866,0.5,-0.0593756483295243,,
2009-06-29,4866.0,-0.0012330456226880004,1.0,-0.0012330456226880004,-0.034617715637867426,-0.0010974699803860293,-0.07366841166550898,0.5,-0.059992361269206304,,
2009-06-30,4860.0,0.0006172839506173311,1.0,0.0006172839506173311,-0.03400062212862104,0.0005494124407982505,-0.07311915009646777,0.5,-0.05968376691403391,,
2009-07-01,4863.0,-0.007968332305161474,1.0,-0.007968332305161474,-0.04200087125594164,-0.0070921994594093695,-0.08023661874945119,0.5,-0.06367589100076777,,
2009-07-02,4824.25,0.0007255013732705429,1.0,0.0007255013732705429,-0.04127563293157187,0.0006457311580714542,-0.07959109598603753,0.5,-0.06331320609225592,,
2009-07-03,4827.75,-0.000621407487960246,1.0,-0.000621407487960246,-0.04189723357318739,-0.0005530825875986459,-0.08014433158022999,0.5,-0.06362395811464476,,
2009-07-06,4824.75,-0.007046997253743692,1.0,-0.007046997253743692,-0.04896917818380221,-0.006272166897593703,-0.08643625115465885,0.5,-0.06715367888290746,,
2009-07-07,4790.75,0.0007827584407451571,1.0,0.0007827584407451571,-0.04818672593867095,0.0006966927052860187,-0.08573980102707408,0.5,-0.06676237623140441,,
2009-07-08,4794.5,0.0007300031285848441,1.0,0.0007300031285848441,-0.047456989132766934,0.0006497379370791268,-0.08509027407830194,0.5,-0.0663974412639781,,
2009-07-09,4798.0,0.00046894539391417744,1.0,0.00046894539391417744,-0.04698815365938085,0.0004173839822237743,-0.08467297717654265,0.5,-0.06616299605144778,,
2009-07-10,4800.25,0.0054684651841050425,1.0,0.0054684651841050425,-0.04153458624373692,0.004867197342835066,-0.07981758634444772,0.5,-0.06343249467353827,,
2009-07-13,4826.5,0.006371076349321436,1.0,0.006371076349321436,-0.035183719409184466,0.005670564744299738,-0.07416303873015269,0.5,-0.06025201957604124,,
2009-07-14,4857.25,0.004735189664933914,1.0,0.004735189664933914,-0.03045970548920355,0.004214546820555145,-0.06995734823716392,0.5,-0.05788722308020523,,
2009-07-15,4880.25,0.0030223861482505665,1.0,0.0030223861482505665,-0.02744187756779597,0.002690069212206965,-0.0672708907853332,0.5,-0.05637717070926292,,
2009-07-16,4895.0,0.0037793667007151033,1.0,0.0037793667007151033,-0.023669634729925088,0.003363818355612399,-0.06391271741109983,0.5,-0.054489270564378744,,
2009-07-17,4913.5,0.0018316882059632444,1.0,0.0018316882059632444,-0.02183962201912595,0.0016302907065916838,-0.06228375418581104,0.5,-0.05357384559072224,,
2009-07-20,4922.5,0.004418486541391653,1.0,0.004418486541391653,-0.017430868330272128,0.003932665790050837,-0.05835880111145921,0.5,-0.05136703910962699,,
2009-07-21,4944.25,-0.0002528189310815332,1.0,-0.0002528189310815332,-0.01768371922544715,-0.00022502102292890874,-0.05858384745541708,0.5,-0.05149345656551759,,
2009-07-22,4943.0,0.0029840178029536535,1.0,0.0029840178029536535,-0.014704144766467227,0.002655919537299841,-0.05593144863995337,0.5,-0.0500025596034437,,
2009-07-23,4957.75,0.005143462256063769,1.0,0.005143462256063769,-0.00957386492953142,0.004577929086657078,-0.05136396639951043,0.5,-0.047434129717183034,,
2009-07-24,4983.25,-0.0002508403150554006,1.0,-0.0002508403150554006,-0.00982473671028067,-0.00022325995938719042,-0.05158725128511244,0.5,-0.047559557740476335,,
2009-07-27,4982.0,0.0006523484544360691,1.0,0.0006523484544360691,-0.009172600942605377,0.0005806215376963087,-0.05100679824288291,0.5,-0.047233436696507224,,
2009-07-28,4985.25,0.0,1.0,0.0,-0.009172600942605377,0.0,-0.05100679824288291,0.5,-0.047233436696507224,,
2009-07-29,4985.25,0.001303846346722759,1.0,0.001303846346722759,-0.007869603865399399,0.001160486034121621,-0.049846985052179035,0.5,-0.04658172593274647,,
2009-07-30,4991.75,-0.001252065908749489,1.0,-0.001252065908749489,-0.009122454263558814,-0.0011143989508853797,-0.05096200540727965,0.5,-0.047207954927574,,
2009-07-31,4985.5,0.0052151238591917615,1.0,0.0052151238591917615,-0.003920882067485406,0.0046417113642405,-0.04633103356488306,0.5,-0.044603786789186,,
2009-08-03,5011.5,0.0007981642222887331,1.0,0.0007981642222887331,-0.0031230362088664793,0.00071040459271124,-0.04562088119007039,0.5,-0.04420478429012692,,
2009-08-04,5015.5,-0.00488485694347518,1.0,-0.00488485694347518,-0.008019863062797035,-0.004347757905548936,-0.049978118079885475,0.5,-0.04665020035593221,,
2009-08-05,4991.0,-0.0011520737327188613,1.0,-0.0011520737327188613,-0.00917260094260532,-0.0010254010991855675,-0.05100404526243987,0.5,-0.04722640319526816,,
2009-08-06,4985.25,0.0037109472945189292,1.0,0.0037109472945189292,-0.005468522225622772,0.0033029217894233486,-0.047706566138018346,0.5,-0.04537264881286453,,
2009-08-07,5003.75,-0.0015488383712215503,1.0,-0.0015488383712215503,-0.007018561286937817,-0.0013785407332943013,-0.04908605793274109,0.5,-0.046147368015915624,,
2009-08-10,4996.0,-0.002852281825460379,1.0,-0.002852281825460379,-0.009874918619712576,-0.002538668173704302,-0.051627953988665355,0.5,-0.04757452683549809,,
2009-08-11,4981.75,0.0048175841822653,1.0,0.0048175841822653,-0.0050689018596471805,0.004287881908613337,-0.0473492388510042,0.5,-0.04516863123360687,,
2009-08-12,5005.75,0.0022474154722069706,1.0,0.0022474154722069706,-0.002824008048153108,0.0020003079925180823,-0.04535092881061583,0.5,-0.044045554384464045,,
2009-08-13,5017.0,-0.003388479170819192,1.0,-0.003388479170819192,-0.006218241116168633,-0.0030159096311705327,-0.048371395461918446,0.5,-0.045741230816898154,,
2009-08-14,5000.0,-0.009750000000000036,1.0,-0.009750000000000036,-0.016016083596279693,-0.008677969502407738,-0.05708723780710554,0.5,-0.050628152390292856,,
2009-08-17,4951.25,0.003584953294622606,1.0,0.003584953294622606,-0.012437540930085481,0.00319078106238882,-0.053901536483921965,0.5,-0.048837280312098066,,
2009-08-18,4969.0,0.0025659086335279024,1.0,0.0025659086335279024,-0.009874918619712483,0.002283782242843053,-0.05162035810805541,0.5,-0.04755514827799783,,
2009-08-19,4981.75,0.0032619059567420283,1.0,0.0032619059567420283,-0.006618321137508418,0.002903253375623523,-0.048721311033175514,0.5,-0.04592552385908663,,
2009-08-20,4998.0,0.004451780712284803,1.0,0.004451780712284803,-0.002176420289837103,0.003962299205396346,-0.044766841060913914,0.5,-0.043702107126886054,,
2009-08-21,5020.25,-0.0005477814849857987,1.0,-0.0005477814849857987,-0.002724351861913004,-0.0004875518995579862,-0.04525451185254489,0.5,-0.043976035384298444,,
2009-08-24,5017.5,0.0007473841554559435,1.0,0.0007473841554559435,-0.0019772468589142173,0.0006652078879619914,-0.044589525117280426,0.5,-0.04360241311206502,,
2009-08-25,5021.25,-4.978839930291912e-05,1.0,-4.978839930291912e-05,-0.0020270364977006306,-4.431407289481324e-05,-0.044633840172072774,0.5,-0.043627307621582234,,
2009-08-26,5021.0,0.0005974905397330144,1.0,0.0005974905397330144,-0.00142972438437163,0.0005317953519774582,-0.0441021861731318,0.5,-0.04332860696719816,,
2009-08-27,5024.0,0.0006468949044586836,1.0,0.0006468949044586836,-0.0007830386262293902,0.0005757676156056822,-0.043526584248103246,0.5,-0.04300521181281927,,
2009-08-28,5027.25,-0.0037296732806205712,1.0,-0.0037296732806205712,-0.0045196844805872,-0.0033195888187866882,-0.04685169512588299,0.5,-0.04487178942573344,,
2009-08-31,5008.5,-0.005690326445043414,1.0,-0.005690326445043414,-0.010226262513707483,-0.005064664548598031,-0.0519292285574145,0.5,-0.04772100781871085,,
2009-09-01,4980.0,-0.00060240963855418,1.0,-0.00060240963855418,-0.010828853673851871,-0.0005361735868030382,-0.052465545936675906,0.5,-0.0480222580092704,,
2009-09-02,4977.0,0.0026120152702431287,1.0,0.0026120152702431287,-0.008220243786841695,0.002324819369742881,-0.05014342477839033,0.5,-0.04671710246031376,,
2009-09-03,4990.0,0.006212424849699305,1.0,0.006212424849699305,-0.0020270364977006397,0.005529357269916958,-0.04462929828590342,0.5,-0.043615704346339934,,
2009-09-04,5021.0,0.0019418442541325742,1.0,0.0019418442541325742,-8.707518592856013e-05,0.0017283348939269862,-0.04290245524402992,0.5,-0.042645253259291194,,
2009-09-07,5030.75,0.0011926651095761631,1.0,0.0011926651095761631,0.0011048792636126309,0.0010615293792295064,-0.04184148888870285,0.5,-0.04204909844010495,,
2009-09-08,5036.75,0.002978110884995333,1.0,0.002978110884995333,0.004078564361199475,0.0026506620958746583,-0.03919433360205747,0.5,-0.04056115054133647,,
2009-09-09,5051.75,0.003464146087989395,1.0,0.003464146087989395,0.007536724116167182,0.0030832568311237873,-0.03611582025951574,0.5,-0.0388305758059861,,
2009-09-10,5069.25,0.0002959017606154468,1.0,0.0002959017606154468,0.00783258210649092,0.00026336681582867617,-0.035852488118638885,0.5,-0.03868263586933052,,
2009-09-11,5070.75,0.0003944189715525681,1.0,0.0003944189715525681,0.00822692331532765,0.0003510518775696613,-0.03550149784536248,0.5,-0.0384854458267887,,
2009-09-14,5072.75,0.001527770932925998,1.0,0.001527770932925998,0.009753528393530152,0.0013597896987278747,-0.034142631823404365,0.5,-0.0377218519723327,,
2009-09-15,5080.5,0.004477905717941155,1.0,0.004477905717941155,0.014221438121287507,0.0039855517184564536,-0.03016500137608317,0.5,-0.03548540183336255,,
2009-09-16,5103.25,0.0007348258462744894,1.0,0.0007348258462744894,0.014955994115238036,0.0006540303880565078,-0.029511184772691545,0.5,-0.03511805638982522,,
2009-09-17,5107.0,4.895241824942609e-05,1.0,4.895241824942609e-05,0.015004945335356937,4.357000950129497e-05,-0.029467615712335544,0.5,-0.03509358048023786,,
2009-09-18,5107.25,0.001174800528660258,1.0,0.001174800528660258,0.016179056325869808,0.0010456290419616583,-0.02842253295964313,0.5,-0.034506352667914165,,
2009-09-21,5113.25,0.001466777489854687,1.0,0.001466777489854687,0.01764475914835904,0.0013055025973104718,-0.027117881789901745,0.5,-0.03377323272109826,,
2009-09-22,5120.75,-0.0020016599130986412,1.0,-0.0020016599130986412,0.01564109323672498,-0.0017815737107755964,-0.028901044390550863,0.5,-0.03477456384236358,,
2009-09-23,5110.5,-0.004989727032579938,1.0,-0.004989727032579938,0.010638875950254405,-0.004441097334776205,-0.03335203269346071,0.5,-0.03727254471663723,,
2009-09-24,5085.0,-0.0002458210422812135,1.0,-0.0002458210422812135,0.010393024689028375,-0.00021879256491963545,-0.03357084919696536,0.5,-0.037395462791894984,,
2009-09-25,5083.75,0.005065158593557939,1.0,0.005065158593557939,0.015445398519857871,0.004508235056385036,-0.029072745793073937,0.5,-0.03486608506970824,,
2009-09-28,5109.5,-0.0017124963303649654,1.0,-0.0017124963303649654,0.013731434191451918,-0.0015242041977325414,-0.030598112771718568,0.5,-0.03572270002474128,,
2009-09-29,5100.75,-4.901240013721608e-05,1.0,-4.901240013721608e-05,0.01368242059016777,-4.362339626980147e-05,-0.030641737119516392,0.5,-0.03574720652509162,,
2009-09-30,5100.5,-0.008675620037251197,1.0,-0.008675620037251197,0.00496894827439605,-0.0077217195997685215,-0.038393423559440885,0.5,-0.040094452138026225,,
2009-10-01,5056.25,-0.0014833127317676054,1.0,-0.0014833127317676054,0.0034845343452168617,-0.0013202197588525475,-0.03971451557619853,0.5,-0.04083638366705188,,
2009-10-02,5048.75,0.00262441198316421,1.0,0.00262441198316421,0.006105508572663662,0.0023358530411951113,-0.037381386398845994,0.5,-0.0395250378653368,,
2009-10-05,5062.0,0.005284472540497909,1.0,0.005284472540497909,0.01137606728478297,0.004703435030025827,-0.03268897795764953,0.5,-0.03688628616465392,,
2009-10-06,5088.75,0.0018668631785800915,1.0,0.0018668631785800915,0.013241190040050777,0.001661598126039584,-0.031028758758505928,0.5,-0.035953289951721576,,
2009-10-07,5098.25,0.0003922914725640325,1.0,0.0003922914725640325,0.013633404586432751,0.0003491583010220803,-0.030679661399058342,0.5,-0.035757163449499425,,
2009-10-08,5100.25,0.0025488946620264574,1.0,0.0025488946620264574,0.01617905632586997,0.002268638988914399,-0.02841359188616643,0.5,-0.034483527537152385,,
2009-10-09,5113.25,9.778516599023845e-05,1.0,9.778516599023845e-05,0.016276836711202513,8.703350648729891e-05,-0.028326562166875017,0.5,-0.03443463614936065,,
2009-10-12,5113.75,0.002737716939623658,1.0,0.002737716939623658,0.019010812929607306,0.002436699908541442,-0.025892826197711598,0.5,-0.033066713712203814,,
2009-10-13,5127.75,0.001608892789235039,1.0,0.001608892789235039,0.02061841283739138,0.0014319920571923422,-0.024461858463380323,0.5,-0.03226259071116363,,
2009-10-14,5136.0,-4.867601246105746e-05,1.0,-4.867601246105746e-05,0.020569735640214783,-4.332399503957682e-05,-0.02450518339693128,0.5,-0.0322869290135683,,
2009-10-15,5135.75,-0.003164094825487962,1.0,-0.003164094825487962,0.01740062448246574,-0.002816196758801083,-0.02732535309863694,0.5,-0.03387022918477687,,
2009-10-16,5119.5,0.007617931438617109,1.0,0.007617931438617109,0.024989686008024963,0.006780325814948936,-0.02056791031472958,0.5,-0.03006849920741861,,
2009-10-19,5158.5,-0.0029562857419792588,1.0,-0.0029562857419792588,0.022029021821934412,-0.0026312366676203834,-0.023202614769932746,0.5,-0.0315477356093111,,
2009-10-20,5143.25,-0.001166577553103565,1.0,-0.001166577553103565,0.020861763287573994,-0.001038310197746271,-0.024241464385133145,0.5,-0.032131194564940235,,
2009-10-21,5137.25,0.002530536765779301,1.0,0.002530536765779301,0.023389103636489796,0.002252299577246585,-0.02199169743247277,0.5,-0.030866725959539834,,
2009-10-22,5150.25,-0.0021358186495801235,1.0,-0.0021358186495801235,0.021251000873376683,-0.001900981446536402,-0.02389448803738713,0.5,-0.03193520590577699,,
2009-10-23,5139.25,-0.0011188402977088119,1.0,-0.0011188402977088119,0.02013153420661377,-0.0009958217417007,-0.024890805938977006,0.5,-0.03249478258846432,,
2009-10-26,5133.5,-0.005064770624330417,1.0,-0.005064770624330417,0.015053894159371412,-0.0045078897450902345,-0.02940888685770198,0.5,-0.03503037981199153,,
2009-10-27,5107.5,-0.007978463044542305,1.0,-0.007978463044542305,0.0070434328670169605,-0.007101216305294877,-0.03653543680385579,0.5,-0.039027589543349284,,
2009-10-28,5066.75,0.005082153254058364,1.0,0.005082153254058364,0.01211271556855525,0.004523361122592878,-0.03202227533294651,0.5,-0.0364897359926312,,
2009-10-29,5092.5,-0.008492881688757947,1.0,-0.008492881688757947,0.0035835638560921656,-0.007559073670010083,-0.0396100635956669,0.5,-0.040745218572808564,,
2009-10-30,5049.25,0.0018319552408774253,1.0,0.0018319552408774253,0.005413843113539542,0.001630528380524129,-0.03798086308332074,0.5,-0.039829660203873234,,
2009-11-02,5058.5,0.0005930611841455935,1.0,0.0005930611841455935,0.006006728506400956,0.0005278530122130523,-0.03745314933650332,0.5,-0.03953317356830708,,
2009-11-03,5061.5,0.0020744838486614903,1.0,0.0020744838486614903,0.008079063584656437,0.0018463905201971048,-0.03560846129997175,0.5,-0.038496469207690856,,
2009-11-04,5072.0,0.006900630914826511,1.0,0.006900630914826511,0.014955994115238508,0.006141893807819101,-0.029485352046007857,0.5,-0.03505209243235819,,
2009-11-05,5107.0,0.0018601918934795236,1.0,0.0018601918934795236,0.016814457994404695,0.0016556603610503946,-0.027831060779610856,0.5,-0.034122428756838456,,
2009-11-06,5116.5,0.0071826443858105105,1.0,0.0071826443858105105,0.02397143004688952,0.006392899377097798,-0.021458509308369355,0.5,-0.030537539963141035,,
2009-11-09,5153.25,0.0014553922282054543,1.0,0.0014553922282054543,0.025425764218293366,0.0012953691661957054,-0.020163978408980123,0.5,-0.029810108491477097,,
2009-11-10,5160.75,0.0017923751392723286,1.0,0.0017923751392723286,0.02721653497006919,0.0015953001841516954,-0.018569949364447263,0.5,-0.028914322258157016,,
2009-11-11,5170.0,-0.002079303675048383,1.0,-0.002079303675048383,0.025135066541827553,-0.001850680397775808,-0.020422344386998647,0.5,-0.02995451490852338,,
2009-11-12,5159.25,0.002858942675776577,1.0,0.002858942675776577,0.027989930213568846,0.0025445966512329245,-0.01788097974022036,0.5,-0.02852606429217576,,
2009-11-13,5174.0,0.003044066486277641,1.0,0.003044066486277641,0.03102937291049839,0.002709365757048077,-0.015175277698503733,0.5,-0.027005188167666897,,
2009-11-16,5189.75,0.0011561250541933799,1.0,0.0011561250541933799,0.03218483016677701,0.0010290069703856005,-0.014146799792880903,0.5,-0.02642729265435291,,
2009-11-17,5195.75,-0.0015397199634316072,1.0,-0.0015397199634316072,0.03064392361639836,-0.0013704249112725941,-0.015518164595170395,0.5,-0.02719744913044702,,
2009-11-18,5187.75,-0.006120186978940789,1.0,-0.006120186978940789,0.02450493152667256,-0.0054472611233108625,-0.02098031614466528,0.5,-0.030262234279722813,,
2009-11-19,5156.0,-0.001018231186966645,1.0,-0.001018231186966645,0.02348618159016299,-0.0009062747883996863,-0.021887001848347874,0.5,-0.030771479516554047,,
2009-11-20,5150.75,0.0050478085715672805,1.0,0.0050478085715672805,0.028521292687728735,0.004492792701338775,-0.01740427161234756,0.5,-0.02825075492814819,,
2009-11-23,5176.75,-0.0006278070217801135,1.0,-0.0006278070217801135,0.027893288512599833,-0.0005587784808620753,-0.01796320626808579,0.5,-0.028564707717058067,,
2009-11-24,5173.5,0.0014496955639315967,1.0,0.0014496955639315967,0.02934193428238286,0.0012902988606742702,-0.016673739127618232,0.5,-0.027840122510368537,,
2009-11-25,5181.0,-0.008589075468056317,1.0,-0.008589075468056317,0.020715760123912977,-0.007644690765709836,-0.02434780032276235,0.5,-0.03214390825836532,,
2009-11-26,5136.5,0.0018008371459163897,1.0,0.0018008371459163897,0.022514977706704423,0.0016028317775451655,-0.022746251709123134,0.5,-0.031243894819035445,,
2009-11-27,5145.75,0.001700432395666418,1.0,0.001700432395666418,0.024213966004034023,0.0015134667149229997,-0.021233929130685877,0.5,-0.03039403985025971,,
2009-11-30,5154.5,0.00431661654864679,1.0,0.00431661654864679,0.02852129268772874,0.0038419965910507945,-0.017399294159018096,0.5,-0.028238057377310045,,
2009-12-01,5176.75,0.00033804993480468504,1.0,0.00033804993480468504,0.028859285496528147,0.00030088072046420203,-0.01709845869408042,0.5,-0.02806904669301799,,
2009-12-02,5178.5,-0.0028483151491744962,1.0,-0.0028483151491744962,0.026006906178568885,-0.0025351376407981674,-0.019636815237699487,0.5,-0.029494219343870715,,
2009-12-03,5163.75,0.0034374243524570858,1.0,0.0034374243524570858,0.029438436091866756,0.0030594731997390916,-0.01658201270200094,0.5,-0.02777698246325069,,
2009-12-04,5181.5,-0.0013509601466756838,1.0,-0.0013509601466756838,0.028086562575822364,-0.0012024195848020331,-0.01778515577324626,0.5,-0.02845269077603983,,
2009-12-07,5174.5,-0.003671852352884364,1.0,-0.003671852352884364,0.024407952425592874,-0.0032681254087871263,-0.021058633167698643,0.5,-0.030290304330528654,,
2009-12-08,5155.5,0.004752206381534174,1.0,0.004752206381534174,0.029148902721123242,0.004229692517753932,-0.016837860655600327,0.5,-0.02791701960918168,,
2009-12-09,5180.0,0.0013996138996139607,1.0,0.0013996138996139607,0.030547538074155056,0.001245723767794448,-0.01559291215787726,0.5,-0.027217457410079346,,
2009-12-10,5187.25,-0.0010602920622680978,1.0,-0.0010602920622680978,0.029486683504608483,-0.0009437109928212844,-0.016537068726269297,0.5,-0.027747744018306913,,
2009-12-11,5181.75,0.0024605586915618094,1.0,0.0024605586915618094,0.03194421997818094,0.0021900157214623166,-0.014349447593749455,0.5,-0.026518220846020863,,
2009-12-14,5194.5,-0.0017326017903551705,1.0,-0.0017326017903551705,0.030210115497383526,-0.001542099025284016,-0.015892736877557084,0.5,-0.02738489719667284,,
2009-12-15,5185.5,0.0003856908687687177,1.0,0.0003856908687687177,0.030595732006548384,0.0003432834457981605,-0.015549512340039897,0.5,-0.027192070354578914,,
2009-12-16,5187.5,-0.002650602409638547,1.0,-0.002650602409638547,0.027941610530536815,-0.0023591637819335063,-0.017911463333370084,0.5,-0.02851825054774204,,
2009-12-17,5173.75,0.004058951437545311,1.0,0.004058951437545311,0.031992346647584144,0.0036126622345407297,-0.014305311088820948,0.5,-0.026490831432734452,,
2009-12-18,5194.75,0.0037056643726840477,1.0,0.0037056643726840477,0.035691161961041794,0.003298219734595994,-0.01101251855081668,0.5,-0.024639713622640134,,
2009-12-21,5214.0,0.0029248177982355017,1.0,0.0029248177982355017,0.038611710801624066,0.002603228682378147,-0.008412672399162631,0.5,-0.023178373002036658,,
2009-12-22,5229.25,0.002390400152985528,1.0,0.002390400152985528,0.04099925849294275,0.002127571243708628,-0.006287361230073727,0.5,-0.02198388660854927,,
2009-12-23,5241.75,0.002957027710211335,1.0,0.002957027710211335,0.04395192279640807,0.002631897055075739,-0.003658921551075595,0.5,-0.02050646467890142,,
2009-12-24,5257.25,0.001141281088021362,1.0,0.001141281088021362,0.045092553118259514,0.0010157951256947757,-0.002643641996136211,0.5,-0.019935986888293095,,
2009-12-28,5263.25,-0.00047499168764542077,1.0,-0.00047499168764542077,0.044617448586327615,-0.0004227654747983721,-0.003066496861452961,0.5,-0.020173510938719764,,
2009-12-29,5260.75,0.001045478306325176,1.0,0.001045478306325176,0.04566238076082114,0.0009305260366891013,-0.0021364034957294087,0.5,-0.019650908366073024,,
2009-12-30,5266.25,-0.0019938286256824256,1.0,-0.0019938286256824256,0.04366656181282998,-0.001774603487866621,-0.003912583457719332,0.5,-0.020648319928492136,,
2009-12-31,5255.75,0.003805356038624419,1.0,0.003805356038624419,0.04746469580001715,0.0033869501178446873,-0.0005313561371795995,0.5,-0.018747449708259513,,
2010-01-04,5275.75,-0.0004738662749371736,1.0,-0.0004738662749371736,0.04699071721497533,-0.0004217638032948038,-0.000953208907843645,0.5,-0.018984410918818258,,
2010-01-05,5273.25,-0.0012800455127293109,1.0,-0.0012800455127293109,0.04570985174419158,-0.0011393021457598762,-0.002093160551656403,0.5,-0.01962463857717984,,
2010-01-06,5266.5,-4.746985664105807e-05,1.0,-4.746985664105807e-05,0.04566238076082122,-4.2250458278437724e-05,-0.0021354119025105943,0.5,-0.01964837378717823,,
2010-01-07,5266.25,0.0023736055067646866,1.0,0.0023736055067646866,0.048033173715748174,0.0021126231998411216,-2.5017153029704368e-05,0.5,-0.018462274727474894,,
2010-01-08,5278.75,-0.002178546057305275,1.0,-0.002178546057305275,0.04585225117483433,-0.0019390108969113563,-0.001965910365183653,0.5,-0.019552141445158475,,
2010-01-11,5267.25,-0.0024680810669703845,1.5,-0.0038587498220133158,0.04198603716992971,-0.002196710997809114,-0.0041650376718667705,0.5,-0.020786944033665152,,
2010-01-12,5254.25,0.0031403149831088495,1.5,0.004710472474663274,0.04668545008602425,0.0027950315539869296,-0.0013739049553475225,0.5,-0.01921801795054984,,
2010-01-13,5270.75,0.0018024000379452954,1.5,0.002703600056917943,0.04938540199025953,0.0016042228267105396,0.0002290324804428308,0.5,-0.018317223768505676,,
2010-01-14,5280.25,-0.005350125467544098,1.5,-0.008025188201316147,0.04132783863865802,-0.0047618692965540966,-0.0045442106371741415,0.5,-0.02099587087630317,,
2010-01-15,5252.0,0.0020944402132521134,1.5,0.00314166031987817,0.044464574255553536,0.0018641526456633977,-0.002681793367717843,0.5,-0.019949198722135145,,
2010-01-18,5263.0,0.002517575527265725,1.5,0.003776363290898588,0.04823382498738059,0.002240763450832816,-0.0004435366832910431,0.5,-0.018691202567576833,,
2010-01-19,5276.25,-0.0035062781331438586,1.5,-0.005259417199715788,0.04296052836652441,-0.0031207563801416848,-0.003569172778537489,0.5,-0.02044588018089604,,
2010-01-20,5257.75,-0.005753411630450289,1.5,-0.008630117445675434,0.03429295580690167,-0.0051208134014200405,-0.008703142478087652,0.5,-0.02332673166678703,,
2010-01-21,5227.5,-0.007986609277857437,1.0,-0.008144428503108514,0.026115180260810153,-0.007108466845219821,-0.015836994846721273,0.5,-0.027328030836848462,,
2010-01-22,5185.75,0.0012052258593260312,1.0,0.0012052258593260312,0.027319680418481266,0.0010727090513584017,-0.014764860736590932,0.5,-0.02672559940544512,,
2010-01-25,5192.0,-0.00028890600924502685,1.0,-0.00028890600924502685,0.027030732667855398,-0.0002571402602349396,-0.015022034063051148,0.5,-0.026870062844407808,,
2010-01-26,5190.5,0.0014931124169155208,1.0,0.0014931124169155208,0.028522731500759076,0.0013289419505291432,-0.013693974374312641,0.5,-0.026123785170416945,,
2010-01-27,5198.25,-0.006011638532198327,1.0,-0.006011638532198327,0.02249295032173993,-0.005350647778658061,-0.0190589881365901,0.5,-0.02913413098417807,,
2010-01-28,5167.0,-0.0076446680859298954,1.0,-0.0076446680859298954,0.014818911981091042,-0.006804122718536319,-0.025886364438292866,0.5,-0.03296378881450891,,
2010-01-29,5127.5,0.0036567528035105212,1.0,0.0036567528035105212,0.018468995118669847,0.0032546860827393003,-0.02263696338200564,0.5,-0.031137081858280062,,
2010-02-01,5146.25,0.0026718484333252412,1.0,0.0026718484333252412,0.021137280510163826,0.0023780737660976667,-0.02026171275845151,0.5,-0.02980204919443079,,
2010-02-02,5160.0,0.0034883720930232176,1.0,0.0034883720930232176,0.024619582346038317,0.003104819142185191,-0.017161703613676207,0.5,-0.028059382474000052,,
2010-02-03,5178.0,-0.010863267670915389,1.0,-0.010863267670915389,0.013696878543863724,-0.00966883133791747,-0.02687758160436133,0.5,-0.03350582126692728,,
2010-02-04,5121.75,0.0022453263044857064,1.0,0.0022453263044857064,0.01593968787016339,0.00199844853264418,-0.024881127313501592,0.5,-0.03238378782969982,,
2010-02-05,5133.25,-0.0023377002873423702,1.0,-0.0023377002873423702,0.013599250895636118,-0.002080665825571981,-0.026963960731424548,0.5,-0.033553321611465715,,
2010-02-08,5121.25,0.0041981938003416985,1.0,0.0041981938003416985,0.017788656867138784,0.0037365946425192164,-0.02323432981697144,0.5,-0.03145642473701955,,
2010-02-09,5142.75,-0.0015069758397744382,1.0,-0.0015069758397744382,0.016280544397213877,-0.0013412810644541347,-0.024576511204019654,0.5,-0.03221019667160619,,
2010-02-10,5135.0,0.0060370009737098496,1.0,0.0060370009737098496,0.02229939569034109,0.005373221572908686,-0.019217673882639067,0.5,-0.029196242710516608,,
2010-02-11,5166.0,0.0011614401858304202,1.0,0.0011614401858304202,0.023460161926303378,0.0010337376934879102,-0.018184470128023815,0.5,-0.028615691170263,,
2010-02-12,5172.0,-0.001160092807424573,1.0,-0.001160092807424573,0.022299395690341103,-0.001032538461824921,-0.019217542024912736,0.5,-0.029195905865971716,,
2010-02-15,5166.0,0.0043070073557878175,1.0,0.0043070073557878175,0.026597154436324953,0.0038334439466843413,-0.015391427000437429,0.5,-0.027044717653476835,,
2010-02-16,5188.25,0.0022165470052522007,1.0,0.0022165470052522007,0.028811248525264715,0.0019728335704853055,-0.013420536910411335,0.5,-0.02593705783255272,,
2010-02-17,5199.75,-0.0004327131112072946,1.0,-0.0004327131112072946,0.02837844176672319,-0.00038513550588193394,-0.013805746600020017,0.5,-0.02615343779661241,,
2010-02-18,5197.5,0.0018278018278017338,1.0,0.0018278018278017338,0.030204575197454182,0.0016268316428829236,-0.012180236814302381,0.5,-0.02523995423589142,,
2010-02-19,5207.0,0.00024006145573274296,1.0,0.00024006145573274296,0.03044460784304637,0.0002136662555438298,-0.01196659338214193,0.5,-0.02511993071113652,,
2010-02-22,5208.25,-0.003744059904958519,1.0,-0.003744059904958519,0.026693521401803654,-0.0033323936072223092,-0.015304551779093347,0.5,-0.026993715101602807,,
2010-02-23,5188.75,0.0024572392194652792,1.0,0.0024572392194652792,0.029147746545505143,0.0021870612314502363,-0.01311987868469074,0.5,-0.02576584962730901,,
2010-02-24,5201.5,-0.00014418917619918314,1.0,-0.00014418917619918314,0.02900354697304733,-0.0001283353101162874,-0.013248222230487565,0.5,-0.025837946814348367,,
2010-02-25,5200.75,0.0018747296063068575,1.0,0.0018747296063068575,0.030876521467037465,0.0016685996255170986,-0.011581013170675562,0.5,-0.02490102106323552,,
2010-02-26,5210.5,0.004462143748200642,1.0,0.004462143748200642,0.03532873936790827,0.0039715228063840384,-0.007617356042057867,0.5,-0.022672434334316968,,
2010-03-01,5233.75,0.0014807738237401225,1.0,0.0014807738237401225,0.03680841792718251,0.0013179600084492742,-0.006300263780547034,0.5,-0.021932321373625,,
2010-03-02,5241.5,-0.000429266431365094,1.0,-0.000429266431365094,0.036379059334607444,-0.00038206779485063343,-0.006682404581893811,0.5,-0.022146977626312507,,
2010-03-03,5239.25,0.0014315026005631282,1.0,0.0014315026005631282,0.037809538312085826,0.0012741062472106815,-0.005409109319267127,0.5,-0.021431482353831972,,
2010-03-04,5246.75,0.005098394244055893,1.0,0.005098394244055893,0.04289497975122417,0.004537816385760823,-0.0008815577806684993,0.5,-0.01888552892341745,,
2010-03-05,5273.5,0.0007111026832273826,1.0,0.0007111026832273826,0.04360582972073501,0.0006329156305771808,-0.00024884235671755153,0.5,-0.018530040775203625,,
2010-03-08,5277.25,0.0025581505518972314,1.0,0.0025581505518972314,0.04616071377511814,0.0022768771766083704,0.00202544666291799,0.5,-0.01725178281916758,,
2010-03-09,5290.75,0.002929641355195356,1.0,0.002929641355195356,0.04908607209421253,0.0026075218803464284,0.004629574856214877,0.5,-0.01578803394483978,,
2010-03-10,5306.25,0.00169611307420503,1.0,0.00169611307420503,0.05078074839303024,0.0015096223108293566,0.006138058832776088,0.5,-0.014940336804504208,,
2010-03-11,5315.25,0.00014110342881323845,1.0,0.00014110342881323845,0.05092184186769103,0.00012558884635142974,0.006263639793508577,0.5,-0.014869787578752694,,
2010-03-12,5316.0,-0.0013167795334838583,1.0,-0.0013167795334838583,0.04960419461822653,-0.0011719971931248786,0.005090955274591603,0.5,-0.015528394179216438,,
2010-03-15,5309.0,0.0021190431343003358,1.0,0.0021190431343003358,0.05172099574733616,0.0018860504301276663,0.006975229344792352,0.5,-0.014469433508888838,,
2010-03-16,5320.25,0.0011277665523237168,1.0,0.0011277665523237168,0.05284812684867697,0.0010037665381436613,0.007978492446164956,0.5,-0.013905709155161917,,
2010-03-17,5326.25,0.0013611828209341148,1.0,0.0013611828209341148,0.054208384100092766,0.0012115182571556446,0.009189277407284823,0.5,-0.013225349241998112,,
2010-03-18,5333.5,-0.001968688478485081,1.0,-0.001968688478485081,0.0522377552073126,-0.0017522275462599959,0.007435512914689014,0.5,-0.014210178266187576,,
2010-03-19,5323.0,0.0033345857599098583,1.0,0.0033345857599098583,0.055566793564899075,0.0029679419002728996,0.01039905917059724,0.5,-0.012544273775985808,,
2010-03-22,5340.75,0.0024809249637223196,1.5,0.003566914759163033,0.059127361970403636,0.0022081426844045363,0.012604767490901298,0.5,-0.01130458003204779,,
2010-03-23,5354.0,-0.0020078446021666307,1.5,-0.003011766903249946,0.05611105057027661,-0.0017870783818642003,0.010816090379478354,0.5,-0.01230900660064962,,
2010-03-24,5343.25,-0.0009825480746736837,1.5,-0.0014738221120105255,0.054636141314154514,-0.0008745151001710394,0.009941192667894531,0.5,-0.012800401352613905,,
2010-03-25,5338.0,0.0009366804046460064,1.5,0.0014050206069690097,0.05604017580323975,0.000833690665130354,0.01077453600599112,0.5,-0.012332170787333303,,
2010-03-26,5343.0,0.0016844469399213136,1.5,0.0025266704098819703,0.05856365954808111,0.0014992388895447325,0.012272652158938717,0.5,-0.01149030178854385,,
2010-03-29,5352.0,0.0005605381165918466,1.5,0.0008408071748877699,0.059404113442629435,0.0004989059159713948,0.012771433662731877,0.5,-0.01121007199828356,,
2010-03-30,5355.0,-0.0008870214752567662,1.5,-0.0013305322128851493,0.05807269528582104,-0.0007894918266932213,0.011981630023239875,0.5,-0.011653681115888638,,
2010-03-31,5350.25,-0.000747628615485274,1.5,-0.001121442923227911,0.05695062307496067,-0.0006654254691598466,0.011315983060288668,0.5,-0.012027565309616422,,
2010-04-01,5346.25,0.0014028524666822584,1.5,0.0021042787000233876,0.059052690881574374,0.0012486062484354933,0.012563810448201675,0.5,-0.01132638496068254,,
2010-04-02,5353.75,0.0023815082885827454,1.5,0.003572262432874118,0.06261858793969244,0.002119657056210485,0.01468122420085768,0.5,-0.010136339201821205,,
2010-04-05,5366.5,0.000698779465200694,1.5,0.001048169197801041,0.06366620819171842,0.0006219473731200398,0.015302978244866457,0.5,-0.009787010491600173,,
2010-04-06,5370.25,-0.0006051859783063884,1.5,-0.0009077789674595826,0.06275801694340648,-0.0005386446628746266,0.01476418846084058,0.5,-0.010089649271249328,,
2010-04-07,5367.0,0.000838457238680812,1.5,0.001257685858021218,0.0640149125770689,0.0007462673175738527,0.015510177459418099,0.5,-0.009670508503674168,,
2010-04-08,5371.5,0.0024667225169878737,1.5,0.0037000837754818106,0.06770816788133817,0.002195501822904937,0.017703272690004018,0.5,-0.00843790721036705,,
2010-04-09,5384.75,-0.00023213705371649684,1.5,-0.00034820558057474527,0.0673599016631236,-0.00020661315615697832,0.0174966381864084,0.5,-0.008553982473697968,,
2010-04-12,5383.5,0.003018482399925748,1.5,0.004527723599888622,0.07187740595769618,0.002686594688216416,0.020179630429878914,0.5,-0.007045879033609411,,
2010-04-13,5399.75,0.003611278299921361,1.5,0.005416917449882042,0.07727970467878452,0.0032142115847614682,0.02338868747881036,0.5,-0.005241868090344253,,
2010-04-14,5419.25,0.0003229229136874068,1.5,0.00048438437053111016,0.07776397177307608,0.00028741694324184116,0.023676063125715227,0.5,-0.005080419666998649,,
2010-04-15,5421.0,-0.0035510053495665383,1.5,-0.0053265080243498075,0.07242322732875257,-0.003160565756556413,0.020510492232383142,0.5,-0.006857500414847868,,
2010-04-16,5401.75,0.0002776877863654992,1.5,0.00041653167954824877,0.0728396722830625,0.0002471555016688111,0.020757617196162585,0.5,-0.006718666159586503,,
2010-04-19,5403.25,0.005228334798500933,1.5,0.0078425021977514,0.08065158190458606,0.004653469736386464,0.02540029301541305,0.5,-0.004107909752621758,,
2010-04-20,5431.5,-0.0035901684617508645,1.5,-0.005385252692626297,0.07525177646836252,-0.0031954228122646135,0.022199753937679048,0.5,-0.005904607077911064,,
2010-04-21,5412.0,0.0026330376940133515,1.5,0.003949556541020027,0.07919355398667997,0.0023435303392141307,0.0245405424924689,0.5,-0.004588954081985334,,
2010-04-22,5426.25,0.0033172080165859708,1.0,0.0031651693158257772,0.08235372469894717,0.0029524748719051697,0.027488667370501204,0.5,-0.0029317240382880625,,
2010-04-23,5444.25,-0.0010102401616384205,1.0,-0.0010102401616384205,0.08134297390077733,-0.000899162391056989,0.026589100490455767,0.5,-0.0034369717352314222,,
2010-04-26,5438.75,-0.006849000229832258,1.0,-0.006849000229832258,0.07447041162292704,-0.006095940011945405,0.020474504379916457,0.5,-0.00686734887174282,,
2010-04-27,5401.5,-0.0004165509580672522,1.0,-0.0004165509580672522,0.07405377388340936,-0.0003707504113134692,0.020103685223677246,0.5,-0.007075646043125986,,
2010-04-28,5399.25,0.006158262721674301,1.0,0.006158262721674301,0.08019315199647208,0.005481150367846549,0.025569868752269586,0.5,-0.0040012454985421195,,
2010-04-29,5432.5,-0.00667280257708236,1.0,-0.00667280257708236,0.07349798673557466,-0.005939115616359821,0.019613046445896086,0.5,-0.007343224984722087,,
2010-04-30,5396.25,0.0038915913829047355,1.0,0.0038915913829047355,0.07738202546495322,0.003463703726838966,0.023070765366729702,0.5,-0.0053993199016117155,,
2010-05-03,5417.25,-0.010198901656744641,1.0,-0.010198901656744641,0.06713075866179197,-0.009077513593362606,0.013951800104103925,0.5,-0.01051181730182693,,
2010-05-04,5362.0,-0.002191346512495307,1.0,-0.002191346512495307,0.06493700763613784,-0.0019504039184247955,0.011999491671172008,0.5,-0.011608091246829303,,
2010-05-05,5350.25,-0.014952572309705148,1.0,-0.014952572309705148,0.049871518606304184,-0.013308509383196635,-0.0013983695685389694,0.5,-0.019112464910085312,,
2010-05-06,5270.25,-0.005455149186471275,1.0,-0.005455149186471275,0.0444014357585147,-0.004855345463721223,-0.0062655405154449124,0.5,-0.02184376611284784,,
2010-05-07,5241.5,0.017790708766574514,1.0,0.017790708766574514,0.062035742147621656,0.01583458749769754,0.00944498780524601,0.5,-0.012987742326709822,,
2010-05-10,5334.75,-0.0021556773981911137,1.0,-0.0021556773981911137,0.059877737932395356,-0.0019186566890802127,0.007524488136679943,0.5,-0.014066162311661768,,
2010-05-11,5323.25,0.006809749682994415,1.0,0.006809749682994415,0.06666440599746158,0.0060610051351852375,0.013567199263079338,0.5,-0.01066707093224949,,
2010-05-12,5359.5,-0.0042447989551264165,1.0,-0.0042447989551264165,0.06241057230709618,-0.003778075474506578,0.009781968834437452,0.5,-0.01279172589150443,,
2010-05-13,5336.75,-0.0065114536000374645,1.0,-0.0065114536000374645,0.055877826714858254,-0.005795507257176202,0.003969602455411938,0.5,-0.016052764101487708,,
2010-05-14,5302.0,0.0008958883440211007,1.0,0.0008958883440211007,0.056773313990440694,0.0007973837668695029,0.004766668480742352,0.5,-0.015604920226517157,,
2010-05-17,5306.75,-0.005982946247703347,0.5,-0.003146935506666014,0.05362141646940574,-0.00532511026380659,-0.0005726707189733539,0.5,-0.018600876749638968,,
2010-05-18,5275.0,-0.0018957345971564177,0.5,-0.0009478672985782088,0.0526730996605465,-0.0016872950788494922,-0.0022613908834166084,0.5,-0.019549193558498202,,
2010-05-19,5265.0,-0.014957264957264904,0.5,-0.007478632478632452,0.045166361996793,-0.013312686065495006,-0.015663485149537665,0.5,-0.027055931222251663,,
2010-05-20,5186.25,0.004579416726922192,0.5,0.002289708363461096,0.047453452972667315,0.004075901404620153,-0.011595867728875438,0.5,-0.02476884024637751,,
2010-05-21,5210.0,-0.0019673704414587823,0.5,-0.0009836852207293911,0.04646928361611364,-0.0017510544298377122,-0.013348457046564429,0.5,-0.025753009602931202,,
2010-05-24,5199.75,0.0027405163709792735,0.5,0.0013702581854896367,0.047838603854577784,0.002439191537252018,-0.010912235508372814,0.5,-0.024383689364467217,,
2010-05-25,5214.0,-0.005657844265439249,0.5,-0.0028289221327196246,0.04500567275916105,-0.005035753844600423,-0.01596071148970244,0.5,-0.027216620459883954,,
2010-05-26,5184.5,0.013791108110714712,0.5,0.006895554055357356,0.05187756121099944,0.01227475031683998,-0.003760685063878739,0.5,-0.020344732008045718,,
2010-05-27,5256.0,-0.002378234398782375,0.5,-0.0011891171993911875,0.05068773645078053,-0.0021167431366369612,-0.005879671667723907,0.5,-0.021534556768264584,,
2010-05-28,5243.5,0.001811766949556537,0.5,0.0009058834747782685,0.05159320986075246,0.0016125598290996786,-0.004268410617174163,0.5,-0.02062908335829276,,
2010-05-31,5253.0,-0.004997144488863459,0.5,-0.0024985722444317293,0.049091510975512606,-0.004447699228049418,-0.008726030285787586,0.5,-0.023130782243532585,,
2010-06-01,5226.75,0.00832257138757364,0.5,0.00416128569378682,0.05324416246462716,0.007407489300817951,-0.001345841696915216,0.5,-0.01897813075441818,,
2010-06-02,5270.25,0.0027987287130590843,0.5,0.0013993643565295422,0.054642548623319326,0.0024910033248655896,0.001142064221867683,0.5,-0.017579744595726025,,
2010-06-03,5285.0,-0.011069063386944133,0.5,-0.005534531693472067,0.04909264466421649,-0.00985199943508912,-0.00875878728486346,0.5,-0.023129648554828897,,
2010-06-04,5226.5,-0.007318473165598416,0.5,-0.003659236582799208,0.04542669669787041,-0.006513793531820741,-0.015293888147876616,0.5,-0.026795596521175014,,
2010-06-07,5188.25,-0.00038548643569602525,1.0,-0.0005444995904206434,0.044882048813714756,-0.000343101490519175,-0.0156370485111788,0.5,-0.026988358316384183,,
2010-06-08,5186.25,-0.0026994456495541552,1.0,-0.0026994456495541552,0.04217895309048969,-0.0024026366174603195,-0.01804257609154746,0.5,-0.02833899283746372,,
2010-06-09,5172.25,0.008168592005413533,1.0,0.008168592005413533,0.05031436272790464,0.0072704402359579515,-0.010798438097226358,0.5,-0.02426301493032481,,
2010-06-10,5214.5,0.003931345287180088,1.0,0.003931345287180088,0.054238000471274424,0.0034990866159572372,-0.007305459041733351,0.5,-0.02229927169323181,,
2010-06-11,5235.0,0.0007163323782235498,1.0,0.0007163323782235498,0.05495407640591851,0.0006375703109549894,-0.00666809189238045,0.5,-0.02194116963031822,,
2010-06-14,5238.75,0.008732999284180476,1.0,0.008732999284180476,0.06364916361603935,0.007772789892581178,0.0010746454962556311,0.5,-0.017584175487329736,,
2010-06-15,5284.5,0.002176175607909947,1.0,0.002176175607909947,0.0658229747834815,0.0019369010828026736,0.0030096732047930706,0.5,-0.01649667922185103,,
2010-06-16,5296.0,0.0010385196374622652,1.0,0.0010385196374622652,0.06686095553249029,0.0009243324863127223,0.003933578758897784,0.5,-0.015977554171848284,,
2010-06-17,5301.5,0.0,1.0,0.0,0.06686095553249029,0.0,0.003933578758897784,0.5,-0.015977554171848284,,
2010-06-18,5301.5,-0.0015561633499953098,1.0,-0.0015561633499953098,0.06530358010268306,-0.001385060317130657,0.002547558359108756,0.5,-0.016755938709503784,,
2010-06-21,5293.25,-0.0037311670523780816,1.0,-0.0037311670523780816,0.061565434883306236,-0.0033209183475820967,-0.0007788864765448087,0.5,-0.018623264603999105,,
2010-06-22,5273.5,-0.0022755285863278463,1.0,-0.0022755285863278463,0.05928731334750421,-0.002025330017847176,-0.0028062702487213057,0.5,-0.019761676642323936,,
2010-06-23,5261.5,-0.0036586524755297667,1.0,-0.0036586524755297667,0.05562195163349234,-0.003256376882313412,-0.006067960664615534,0.5,-0.021592678140708182,,
2010-06-24,5242.25,-0.0019075778530210918,1.0,-0.0019075778530210918,0.05371255203672457,-0.0016978361468702977,-0.007767239768777969,0.5,-0.022546922213308777,,
2010-06-25,5232.25,-0.001290075971140503,1.0,-0.001290075971140503,0.05242164320119579,-0.0011482297367534653,-0.008916129226351344,0.5,-0.02319216832538489,,
2010-06-28,5225.5,-0.01339584728734089,1.0,-0.01339584728734089,0.03893526212463572,-0.011922949150610792,-0.020910726811759178,0.5,-0.029912623726643148,,
2010-06-29,5155.5,-0.0051886334982057525,1.0,-0.0051886334982057525,0.033733120923033336,-0.004618133667343643,-0.025539557003077543,0.5,-0.032510311547123576,,
2010-06-30,5128.75,-0.0015598342676090837,1.0,-0.0015598342676090837,0.03217206884740251,-0.0013883276105766242,-0.02692884923334011,0.5,-0.033290532974522086,,
2010-07-01,5120.75,-0.0014158082312161202,1.0,-0.0014158082312161202,0.030755257412704965,-0.0012601375027437218,-0.028189781376988094,0.5,-0.03399868777256167,,
2010-07-02,5113.5,-0.00014667057788209092,1.0,-0.00014667057788209092,0.03060857607764181,-0.00013054387710372299,-0.028320333775685377,0.5,-0.03407202575066654,,
2010-07-05,5112.75,0.0028360471370592055,1.0,0.0028360471370592055,0.033440609220479506,0.0025242185192605607,-0.02579929574495027,0.5,-0.0326550066281176,,
2010-07-06,5127.25,0.010629479740601688,1.0,0.010629479740601688,0.04401399320365133,0.009460748822092514,-0.016383019530911834,0.5,-0.027354340145520337,,
2010-07-07,5181.75,0.001350894967916183,1.0,0.001350894967916183,0.045363976533885825,0.0012023615725674534,-0.015181380216134603,0.5,-0.026679120673546376,,
2010-07-08,5188.75,0.0030354131534569007,1.0,0.0030354131534569007,0.04839479212216028,0.0027016638741442236,-0.012483359275987772,0.5,-0.025162564649457413,,
2010-07-09,5204.5,0.002497838409069031,1.0,0.002497838409069031,0.05088951611799298,0.002223196465214731,-0.010262630455338848,0.5,-0.02391442469576579,,
2010-07-12,5217.5,0.006229036895064599,1.0,0.006229036895064599,0.05709923275230651,0.005544142790230048,-0.004733799855505372,0.5,-0.02080474631376855,,
2010-07-13,5250.0,-0.001095238095238149,1.0,-0.001095238095238149,0.056003394445536016,-0.0009748146449591552,-0.005709089941263422,0.5,-0.021352515359461952,,
2010-07-14,5244.25,0.00014301377699377227,1.0,0.00014301377699377227,0.0561463979970345,0.00012728914822318895,-0.0055818088936164575,0.5,-0.02128101102746071,,
2010-07-15,5245.0,-0.009580552907531015,1.0,-0.009580552907531015,0.046519656346626394,-0.008527153430539242,-0.014145526504264769,0.5,-0.026082797628045773,,
2010-07-16,5194.75,-0.0008662592040040717,1.0,-0.0008662592040040717,0.04565302172329544,-0.0007710124054899804,-0.01491683629268657,0.5,-0.026516021057767885,,
2010-07-19,5190.25,0.01050045758874818,1.0,0.01050045758874818,0.05609873241872283,0.009345912893998179,-0.005614326226141005,0.5,-0.021279526663070647,,
2010-07-20,5244.75,-0.007197673864340559,1.0,-0.007197673864340559,0.04887503032953598,-0.006406276336720449,-0.01204121081302469,0.5,-0.02488485498786178,,
2010-07-21,5207.0,0.006625696178221618,1.0,0.006625696178221618,0.055478873059264244,0.005897188653007845,-0.006161342516108699,0.5,-0.021577482290553618,,
2010-07-22,5241.5,0.00500810836592569,1.0,0.00500810836592569,0.06047448256355368,0.004457457606590361,-0.0017137899503833392,0.5,-0.019076558027362748,,
2010-07-23,5267.75,0.002183095249394862,1.0,0.002183095249394862,0.06265519832298744,0.001943059896933308,0.0002273846474394668,0.5,-0.01798560570761087,,
2010-07-26,5279.25,4.735521144105803e-05,1.0,4.735521144105803e-05,0.06270255241320587,4.214841852980205e-05,0.0002695321777496345,0.5,-0.01796192838220041,,
2010-07-27,5279.5,-0.0035514726773369087,1.0,-0.0035514726773369087,0.05914475828536956,-0.003160981700775788,-0.00289645597867605,0.5,-0.01973924320957107,,
2010-07-28,5260.75,-0.0019008696478638454,1.0,-0.0019008696478638454,0.057242079692053464,-0.0016918655212528127,-0.004589754320721319,0.5,-0.02069012998306875,,
2010-07-29,5250.75,0.0010950816550017173,1.0,0.0010950816550017173,0.05833656218252245,0.0009746754056154932,-0.003615553602759767,0.5,-0.020142739001351495,,
2010-07-30,5256.5,0.005754779796442566,1.0,0.005754779796442566,0.0640748464887316,0.00512203113503596,0.001493404551941452,0.5,-0.01726948086554672,,
2010-08-02,5286.75,0.00014186409419769674,1.0,0.00014186409419769674,0.06421670052117028,0.00012626587517274935,0.0016196624562495431,0.5,-0.017198551334006572,,
2010-08-03,5287.5,0.0022222222222221255,1.0,0.0022222222222221255,0.06643645725948308,0.001977884786873465,0.003595593804368362,0.5,-0.016088057049979426,,
2010-08-04,5299.25,-0.0006132943341038422,1.0,-0.0006132943341038422,0.06582297478348094,-0.0005458614899848804,0.0030495832777623216,0.5,-0.01639475124288763,,
2010-08-05,5296.0,0.0004248489425981994,1.0,0.0004248489425981994,0.06624773350332025,0.0003781360171279319,0.0034276478194842446,0.5,-0.016182349330471895,,
2010-08-06,5298.25,0.0013683763506817659,1.0,0.0013683763506817659,0.06761517448028175,0.0012179208450289554,0.004644827600564613,0.5,-0.015498395105156335,,
2010-08-09,5305.5,-0.0030157383846951547,1.0,-0.0030157383846951547,0.06459487959346596,-0.002684152382525623,0.001957066421880282,0.5,-0.017007402276347224,,
2010-08-10,5289.5,-0.013470082238396852,1.0,-0.013470082238396852,0.051033252792652445,-0.011989021831767343,-0.010104403367812927,0.5,-0.023765226137741947,,
2010-08-11,5218.25,0.0007665405068748576,1.0,0.0007665405068748576,0.05179949965740244,0.0006822579631815546,-0.009422378036791452,0.5,-0.023382029313586558,,
2010-08-12,5222.25,-0.0024893484609124217,1.0,-0.0024893484609124217,0.04930704761694623,-0.002215640002529595,-0.011640476201237232,0.5,-0.02462747879436891,,
2010-08-13,5209.25,0.0008638479627585127,1.0,0.0008638479627585127,0.05017052267779162,0.0007688662846702974,-0.010871905342829622,0.5,-0.024195648065301494,,
2010-08-16,5213.75,0.003979860944617553,1.0,0.003979860944617553,0.05414248492604621,0.0035422678873040657,-0.007335896509941542,0.5,-0.022207694881957826,,
2010-08-17,5234.5,-0.00033432037443881235,1.0,-0.00033432037443881235,0.05380810865409222,-0.00029756123214497827,-0.007633502022214208,0.5,-0.022374869041998435,,
2010-08-18,5232.75,-0.00343987387129141,1.0,-0.00343987387129141,0.05036230481387346,-0.0030616533894559984,-0.01069985186079144,0.5,-0.024096286767328993,,
2010-08-19,5214.75,0.0009108777985522565,1.0,0.0009108777985522565,0.051272768014989735,0.0008107251032058206,-0.009889455217666869,0.5,-0.023640951548869395,,
2010-08-20,5219.5,-0.0033528115719896334,1.0,-0.0033528115719896334,0.04791432317523351,-0.002984163750671351,-0.012878080463081667,0.5,-0.025318764075442344,,
2010-08-23,5202.0,-0.007256824298346842,1.0,-0.007256824298346842,0.0406310400449987,-0.006458923071321548,-0.019357952632486408,0.5,-0.02895377487857104,,
2010-08-24,5164.25,0.0037275499830566883,1.0,0.0037275499830566883,0.04435165992980348,0.0033176989817093635,-0.016045745071475204,0.5,-0.027091734560625746,,
2010-08-25,5183.5,-0.004871226005594642,1.0,-0.004871226005594642,0.03946853083197605,-0.004335625714449806,-0.020390796866263723,0.5,-0.029530318493777657,,
2010-08-26,5158.25,0.004798138903697957,1.0,0.004798138903697957,0.044255195356343285,0.004270574674318647,-0.016129315216867144,0.5,-0.02713412221466958,,
2010-08-27,5183.0,-0.003762299826355342,1.0,-0.003762299826355342,0.04048580027809546,-0.003348628015592355,-0.019483562435172803,0.5,-0.029017043712437907,,
2010-08-30,5163.5,0.0007262515735451114,1.0,0.0007262515735451114,0.04121178825858206,0.0006463988724410341,-0.018837372388497937,0.5,-0.02865398383987745,,
2010-08-31,5167.25,0.008805457448352705,1.0,0.008805457448352705,0.04997870375426701,0.007837281147851646,-0.011030643202818307,0.5,-0.024260918771888358,,
2010-09-01,5212.75,0.0034051124646299336,1.0,0.0034051124646299336,0.05337803195045239,0.0030307140636232715,-0.008004512494837558,0.5,-0.02255981024546792,,
2010-09-02,5230.5,0.005687792754038856,1.0,0.005687792754038856,0.05904971028605852,0.005062409441596381,-0.0029548739649961943,0.5,-0.019719950091161495,,
2010-09-03,5260.25,0.00038021006606148156,1.0,0.00038021006606148156,0.059429848090588634,0.00033840526746563645,-0.0026165259436785144,0.5,-0.01952986312580284,,
2010-09-06,5262.25,-0.0021378687823649933,1.0,-0.0021378687823649933,0.057289690804496134,-0.0019028061634372212,-0.004521144742524407,0.5,-0.02059936923480722,,
2010-09-07,5251.0,0.00395162826128348,1.0,0.00395162826128348,0.06123353189076118,0.003517139439617479,-0.0010101759733197103,0.5,-0.018625504457620394,,
2010-09-08,5271.75,0.0011855645658462866,1.0,0.0011855645658462866,0.062418394229906166,0.0010552095533896723,4.4477237806565036e-05,0.5,-0.018032897800712953,,
2010-09-09,5278.0,0.0012788935202727725,1.0,0.0012788935202727725,0.06369647066243213,0.001138276817000405,0.0011821067089435333,0.5,-0.017393655399542848,,
2010-09-10,5284.75,0.0053928757273287165,1.0,0.0053928757273287165,0.06907485690543722,0.004799919086362397,0.005970542913629981,0.5,-0.014700846402576202,,
2010-09-13,5313.25,0.0005175739895544318,1.0,0.0005175739895544318,0.06959229699977278,0.00046066577400952235,0.006431102613736993,0.5,-0.014442092887377399,,
2010-09-14,5316.0,0.003386004514672747,1.0,0.003386004514672747,0.07297258190859647,0.0030137070680353742,0.009440277569981486,0.5,-0.012750522142887315,,
2010-09-15,5334.0,0.002905886764154486,1.0,0.002905886764154486,0.07587425474529813,0.002586379150439266,0.012023317797773315,0.5,-0.011298633261749156,,
2010-09-16,5349.5,-0.00037386671651551406,1.0,-0.00037386671651551406,0.07550031812319763,-0.0003327593809114808,0.01169050304017396,0.5,-0.011485584094224852,,
2010-09-17,5347.5,0.005563347358578774,1.0,0.005563347358578774,0.08104824722317928,0.00495164704708175,0.016629931002811394,0.5,-0.008707772109506002,,
2010-09-20,5377.25,0.0002324608303501119,1.0,0.0002324608303501119,0.08128068103869708,0.00020690133295206588,0.01683681093463457,0.5,-0.008591548448562228,,
2010-09-21,5378.5,0.0,1.0,0.0,0.08128068103869708,0.0,0.01683681093463457,0.5,-0.008591548448562228,,
2010-09-22,5378.5,-0.00013944408292276833,1.0,-0.00013944408292276833,0.08114122723254427,-0.00012411194860461483,0.016712691283504735,0.5,-0.008661272920718176,,
2010-09-23,5377.75,0.006880200827483529,1.0,0.006880200827483529,0.0879978674842423,0.00612371004629152,0.022817727613602862,0.5,-0.005227076116938352,,
2010-09-24,5414.75,-0.002031488065007636,1.0,-0.002031488065007636,0.08596431314847836,-0.0018081222023222058,0.02100796878522057,0.5,-0.006243336367004876,,
2010-09-27,5403.75,0.00041637751561407477,1.0,0.00041637751561407477,0.08638060400302966,0.0003705960391781773,0.02137849617064797,0.5,-0.006035169277470009,,
2010-09-28,5406.0,-0.0005086940436551668,1.0,-0.0005086940436551668,0.08587178053066453,-0.00045276219455343494,0.02092563144834383,0.5,-0.00628954865098722,,
2010-09-29,5403.25,-0.0022208855781242764,1.0,-0.0022208855781242764,0.08364842512868967,-0.001976695109261495,0.018946980098952886,0.5,-0.007400608438446446,,
2010-09-30,5391.25,-0.0003709714815673948,1.0,-0.0003709714815673948,0.0832773848201798,-0.0003301824823902414,0.018616743094324952,0.5,-0.007586111383837709,,
2010-10-01,5389.25,-0.002922484575775819,1.0,-0.002922484575775819,0.08035062144784474,-0.002601152002034818,0.01601220221849511,0.5,-0.009048422327407648,,
2010-10-04,5373.5,0.007630036289197006,1.0,0.007630036289197006,0.0879516962350709,0.006791099714863146,0.022780346286476835,0.5,-0.005240662908940182,,
2010-10-05,5414.5,-0.0024009603841537164,1.0,-0.0024009603841537164,0.08554784892367635,-0.0021369703579666704,0.02064108934920585,0.5,-0.006441864254574268,,
2010-10-06,5401.5,0.0014347866333426218,1.0,0.0014347866333426218,0.08698160723417576,0.001277029194524051,0.021917303835478453,0.5,-0.005724728141484923,,
2010-10-07,5409.25,0.0014789480981651781,1.0,0.0014789480981651781,0.08845946276570266,0.0013163350247714146,0.023232773250839202,0.5,-0.00498552736862498,,
2010-10-08,5417.25,0.0005537865152982491,1.0,0.0005537865152982491,0.0890130959978368,0.0004928966657028557,0.02372554848288172,0.5,-0.004708672438838962,,
2010-10-11,5420.25,0.003044140030441511,1.0,0.003044140030441511,0.09205261201573361,0.002709431214895374,0.026431315805573466,0.5,-0.003187759598132242,,
2010-10-12,5436.75,0.0026670345334989243,1.0,0.0026670345334989243,0.09471609632361304,0.002373789163443264,0.028802291982265978,0.5,-0.00185513067587236,,
2010-10-13,5451.25,0.002751662462737947,1.0,0.002751662462737947,0.09746397989376723,0.0024491120956471775,0.03124840989062172,0.5,-0.00048024503307787206,,
2010-10-14,5466.25,0.004619254516350368,1.0,0.004619254516350368,0.1020725983950375,0.004111358955563851,0.03535134030389901,0.5,0.0018267191357688405,,
2010-10-15,5491.5,-0.00646453610124742,1.0,-0.00646453610124742,0.09558707668993491,-0.005753748423983458,0.02958097530038475,0.5,-0.001410783977023616,,
2010-10-18,5456.0,0.0010538856304984634,1.0,0.0010538856304984634,0.09664040737283892,0.000938008960050398,0.030518544604942962,0.5,-0.000883979947387111,,
2010-10-19,5461.75,0.004119558749485108,1.0,0.004119558749485108,0.10075150397243375,0.0036666056606572913,0.034178444653290334,0.5,0.001173680990328867,,
2010-10-20,5484.25,-0.0013675525368099795,1.0,-0.0013675525368099795,0.0993830154822457,-0.0012171876110130555,0.03296051566778145,0.5,0.0004896708403099694,,
2010-10-21,5476.75,0.004199570913406614,1.0,0.004199570913406614,0.10357379280865536,0.0037378203394606217,0.0366913677155474,0.5,0.0025872548287331908,,
2010-10-22,5499.75,0.0007727623982909382,1.0,0.0007727623982909382,0.10434625677981647,0.0006877957461514048,0.03737892703860558,0.5,0.0029735614018852274,,
2010-10-25,5504.0,0.0016351744186047235,1.0,0.0016351744186047235,0.10598009575632054,0.0014553839728993886,0.03883325296670058,0.5,0.003790814568825279,,
2010-10-26,5513.0,0.0005441683294031829,1.0,0.0005441683294031829,0.10652411607982934,0.0004843360171012278,0.039317471730971394,0.5,0.004062861725343336,,
2010-10-27,5516.0,0.0017222625090644872,1.0,0.0017222625090644872,0.10824489719547377,0.0015328965670565941,0.040849194611359094,0.5,0.0049236224190757905,,
2010-10-28,5525.5,-0.001221608904171556,1.0,-0.001221608904171556,0.10702254151890701,-0.0010872907501815856,0.03976131233177462,0.5,0.004312631349955659,,
2010-10-29,5518.75,0.000860702151755488,1.0,0.000860702151755488,0.10788287347896679,0.0007660663613939296,0.04052708541410478,0.5,0.004742889851368092,,
2010-11-01,5523.5,0.00407350411876517,1.0,0.00407350411876517,0.11194810334236023,0.003625614821597571,0.044146143537547394,0.5,0.006777570543372832,,
2010-11-02,5546.0,0.0026595744680850686,1.0,0.0026595744680850686,0.11460414740047645,0.002367149345992248,0.04651049559905027,0.5,0.008106474393426596,,
2010-11-03,5560.75,0.003057141572629485,1.0,0.003057141572629485,0.11765662541815601,0.0027210032135201435,0.04922780358495948,0.5,0.00963387810457017,,
2010-11-04,5577.75,0.0003585675227466556,1.0,0.0003585675227466556,0.11801512867093143,0.0003191423617383957,0.04954689503160683,0.5,0.009813145796530552,,
2010-11-05,5579.75,-0.0004032438729333343,1.0,-0.0004032438729333343,0.11761180347332438,-0.0003589064647536659,0.04918792414451308,0.5,0.009611503531628663,,
2010-11-08,5577.5,-0.0013895114298521083,1.0,-0.0013895114298521083,0.11622132577726975,-0.00123673208323113,0.04795042667704386,0.5,0.008916506362109784,,
2010-11-09,5569.75,-0.0011670182683244379,1.0,-0.0011670182683244379,0.11505362601286216,-0.0010387024555150895,0.04691118439628898,0.5,0.008332826920238868,,
2010-11-10,5563.25,0.0007639419404126269,1.0,0.0007639419404126269,0.11581727629815956,0.000679945113898558,0.04759089845224047,0.5,0.008714724958105652,,
2010-11-11,5567.5,-0.006825325550067318,1.0,-0.006825325550067318,0.10896855168205159,-0.006074868406921874,0.04149750296106379,0.5,0.005296225767201342,,
2010-11-12,5529.5,-0.001718057690568764,1.0,-0.001718057690568764,0.10724901643777791,-0.0015291540761161791,0.039967178535604886,0.5,0.0044368277452009695,,
2010-11-15,5520.0,-0.0054800724637681375,1.0,-0.0054800724637681375,0.10175387329273773,-0.004877528380673246,0.0350777161920704,0.5,0.0016930307427046537,,
2010-11-16,5489.75,0.00031877590054185667,1.0,0.00031877590054185667,0.10207259839503742,0.0002837259018466445,0.035361401851335086,0.5,0.0018524059920659343,,
2010-11-17,5491.5,0.00678321041609764,1.0,0.00678321041609764,0.10883290634917338,0.006037383909672779,0.0413806337824405,0.5,0.005238272678709892,,
2010-11-18,5528.75,4.5218177707528895e-05,1.0,4.5218177707528895e-05,0.10887812350456992,4.0246355600039764e-05,0.0414208793281777,0.5,0.005260881511982094,,
2010-11-19,5529.0,0.0034364261168384758,1.0,0.0034364261168384758,0.11230865860135915,0.003058584721969398,0.044474796095697065,0.5,0.006977620131036587,,
2010-11-22,5548.0,-0.006849315068493178,1.0,-0.006849315068493178,0.10543577931359709,-0.006096220233514394,0.03835991804485811,0.5,0.0035470850342472493,,
2010-11-23,5510.0,0.007803992740471832,1.0,0.007803992740471832,0.11320947840824408,0.00694592933321289,0.04528183553650085,0.5,0.007441488362252696,,
2010-11-24,5553.0,0.0006753106428958322,1.0,0.0006753106428958322,0.11388456113151296,0.0006010589911488586,0.04588271396404359,0.5,0.007779086690971265,,
2010-11-25,5556.75,-0.0029243712601790817,1.0,-0.0029243712601790817,0.1109559055430171,-0.002602831242005298,0.04327648946747621,0.5,0.006315831024284687,,
2010-11-26,5540.5,-0.0001353668441476108,1.0,-0.0001353668441476108,0.11082052953595133,-0.00012048300975898906,0.04315599919905637,0.5,0.006248145311584671,,
2010-11-29,5539.75,-0.005325150051897598,1.0,-0.005325150051897598,0.10548115033513354,-0.004739639973960222,0.03840509151419489,0.5,0.003582019328223906,,
2010-11-30,5510.25,0.008030488634817035,1.0,0.008030488634817035,0.1134795661884142,0.007147521585884504,0.04552719063420529,0.5,0.007589224065568016,,
2010-12-01,5554.5,0.00504095778197855,1.0,0.00504095778197855,0.11850786088095006,0.004486695168711245,0.05000385059157472,0.5,0.010106531876945716,,
2010-12-02,5582.5,0.00017913121361390338,1.0,0.00017913121361390338,0.11868697605248384,0.00015943540601751112,0.050163273289118654,0.5,0.010196093472993103,,
2010-12-03,5583.5,4.477478284226066e-05,1.0,4.477478284226066e-05,0.11873174983296543,3.985171281867341e-05,0.05020312420787892,0.5,0.010218480613820231,,
2010-12-06,5583.75,-4.477277815084779e-05,1.0,-4.477277815084779e-05,0.11868697605248384,-3.984992854678186e-05,0.05016327348530264,0.5,0.010196093974165953,,
2010-12-07,5583.5,0.0026417121876958216,1.0,0.0026417121876958216,0.12132520505157766,0.0023512510563039055,0.052511764676086224,0.5,0.011516078504992209,,
2010-12-08,5598.25,-0.0006698521859509476,1.0,-0.0006698521859509476,0.12065512841441285,-0.0005962007016208675,0.05191538617615455,0.5,0.01118109631174612,,
2010-12-09,5594.5,0.0033515059433371075,1.0,0.0033515059433371075,0.12400103057894711,0.002983001678299239,0.054893947533079905,0.5,0.012855446776022463,,
2010-12-10,5613.25,-0.0012470493920634373,1.0,-0.0012470493920634373,0.12275320297374312,-0.0011099340094689824,0.05378339709068277,0.5,0.012231727607624265,,
2010-12-13,5606.25,0.000936454849498336,1.0,0.000936454849498336,0.1236892196229474,0.0008334899101875237,0.05461653984104452,0.5,0.012699845448118462,,
2010-12-14,5611.5,-0.0016484006058985479,1.0,-0.0016484006058985479,0.12203945890989697,-0.0014671559164859467,0.0531483065974501,0.5,0.011875305305355893,,
2010-12-15,5602.25,0.002945245213976433,1.0,0.002945245213976433,0.12498037538656726,0.0026214100660512554,0.05576628676094729,0.5,0.013346844667016976,,
2010-12-16,5618.75,-0.0015127919911012144,1.0,-0.0015127919911012144,0.1234664379703228,-0.0013464577192064582,0.05441892175303733,0.5,0.012590162459680077,,
2010-12-17,5610.25,0.001292277527739305,1.0,0.001292277527739305,0.124757881226121,0.0011501892281403606,0.05556845002031892,0.5,0.013236092565775003,,
2010-12-20,5617.5,0.0020471740097909308,1.0,0.0020471740097909308,0.12680296263066346,0.0018220834485217835,0.057388875488474225,0.5,0.0142591560626989,,
2010-12-21,5629.0,0.0007994315153667664,1.0,0.0007994315153667664,0.1276020747708574,0.0007115325445760384,0.058100155013783114,0.5,0.014658791955320353,,
2010-12-22,5633.5,-0.0008875477056892178,1.0,-0.0008875477056892178,0.12671413296149545,-0.0007899601971182524,0.057309882633689434,0.5,0.014214919605718163,,
2010-12-23,5628.5,-0.00017766722927958778,1.0,-0.00017766722927958778,0.12653644994752403,-0.0001581323894631323,0.05715173773998177,0.5,0.014126082045139123,,
2010-12-27,5627.5,-0.0007552199022656803,1.0,-0.0007552199022656803,0.1257809447230449,-0.0006721820799459386,0.056479329644373404,0.5,0.01374840078141594,,
2010-12-28,5623.25,0.0006224158627128329,1.0,0.0006224158627128329,0.1264031669653421,0.00055398008968582,0.057033156343736846,0.5,0.014059560297628828,,
2010-12-29,5626.75,-0.0008441818101034837,1.0,-0.0008441818101034837,0.1255586286331139,-0.0007513624618015758,0.05628151146768826,0.5,0.013637380287136356,,
2010-12-30,5622.0,-8.893632159379106e-05,1.0,-8.893632159379106e-05,0.12546968835645095,-7.915760886638385e-05,0.05620235072569302,0.5,0.013592911137601357,,
2010-12-31,5621.5,0.004714044294227504,1.5,0.006924308458596437,0.13237013388409963,0.004195726422390291,0.0603892996314512,0.5,0.015947159865166788,,
2011-01-03,5648.0,-0.000619688385269157,1.5,-0.0009295325779037356,0.1314401690228875,-0.0005515525034217457,0.059837594966995,0.5,0.015637267660902607,,
2011-01-04,5644.5,0.003941890335725118,1.5,0.005912835503587677,0.1373355923179318,0.0035084722169495632,0.06333992685322458,0.5,0.01760627306469883,,
2011-01-05,5666.75,0.0012793929501035972,1.5,0.0019190894251553958,0.1392528426435314,0.0011387213335994296,0.06447800033545435,0.5,0.018245765021175853,,
2011-01-06,5674.0,-0.0006609094113499969,1.5,-0.0009913641170249954,0.13826098680008667,-0.0005882412015948207,0.0638895860521247,0.5,0.017915255703313065,,
2011-01-07,5670.25,0.001587231603544792,1.5,0.002380847405317188,0.1406390044787617,0.0014127125588532699,0.06530130167140659,0.5,0.018708556758579402,,
2011-01-10,5679.25,0.0004401989699343023,1.5,0.0006602984549014534,0.14129908503255295,0.00039179828062370885,0.06569302321912585,0.5,0.018928632025208267,,
2011-01-11,5681.75,0.0033440401284814403,1.5,0.00501606019272216,0.14630260670717438,0.002976356743568152,0.06866495938227227,0.5,0.020599255820078273,,
2011-01-12,5700.75,0.0007893698197605215,1.5,0.0011840547296407822,0.1474859609968654,0.0007025771509746535,0.0693672898414603,0.5,0.02099386286235765,,
2011-01-13,5705.25,0.0024100609088120173,1.5,0.003615091363218026,0.1510945336231305,0.00214507026314007,0.07151006272615565,0.5,0.022198167850313193,,
2011-01-14,5719.0,-0.005245672320335681,1.5,-0.007868508480503522,0.14319490507661103,-0.004668900965692031,0.06683022839788474,0.5,0.019571886029128748,,
2011-01-17,5689.0,0.007734223940938589,1.5,0.011601335911407884,0.15472946148194658,0.006883831741975036,0.07369047474685415,0.5,0.023431539943344445,,
2011-01-18,5733.0,-0.007238792953078721,1.5,-0.010858189429618081,0.14381189168005273,-0.006442874305749841,0.06722675554417332,0.5,0.019805577603615256,,
2011-01-19,5691.5,-0.0014056048493367168,1.5,-0.002108407274005075,0.1417012585862577,-0.0012510560015364517,0.06597491631877128,0.5,0.019102528097549698,,
2011-01-20,5683.5,-0.0030790885897774567,1.5,-0.004618632884666185,0.13707192686134242,-0.002740537115620545,0.06323061705620206,0.5,0.017561797486595875,,
2011-01-21,5666.0,0.004765266501941312,1.5,0.007147899752911968,0.14419440146453513,0.004241316653814538,0.06746296467793118,0.5,0.019941596767610262,,
2011-01-24,5693.0,0.0006147900930968397,1.0,0.00046987528543831174,0.14466416639314944,0.000547192787515566,0.06801000781006447,0.5,0.020248944577981324,,
2011-01-25,5696.5,0.0032476081804617696,1.0,0.0032476081804617696,0.1479065124838901,0.0028905276662376423,0.07089636593405986,0.5,0.021871431723797522,,
2011-01-26,5715.0,0.0005686789151355676,1.0,0.0005686789151355676,0.14847502976244806,0.0005061516186880774,0.07140238950122456,0.5,0.02215573076456303,,
2011-01-27,5718.25,-0.00983692563284222,1.0,-0.00983692563284222,0.13858940192682395,-0.008755337501462295,0.06260849883678833,0.5,0.017225132501723053,,
2011-01-28,5662.0,0.0030907806428823736,1.0,0.0030907806428823736,0.14167541592645533,0.002750943605904135,0.06535566552247513,0.5,0.018769329936366964,,
2011-01-31,5679.5,0.0067787657364204446,1.0,0.0067787657364204446,0.14843130913723615,0.006033427930730556,0.07137096520734056,0.5,0.02215298179254188,,
2011-02-01,5718.0,-0.00017488632388951153,1.0,-0.00017488632388951153,0.14825640751895028,-0.0001556572497539874,0.07121529584173958,0.5,0.022065534807220902,,
2011-02-02,5717.0,0.0005684799720133693,1.0,0.0005684799720133693,0.1488247259674367,0.0005059745497293953,0.07172114242950833,0.5,0.02234973440469596,,
2011-02-03,5720.25,0.0023600367116822785,1.0,0.0023600367116822785,0.1511819821663609,0.0021005463188247565,0.0738194856854653,0.5,0.02352905708609561,,
2011-02-04,5733.75,0.0009592326139089558,1.0,0.0009592326139089558,0.1521407550106599,0.0008537632173555633,0.07467288465431178,0.5,0.02400855841391157,,
2011-02-07,5739.25,0.003571895282484583,1.0,0.003571895282484583,0.1557062862252105,0.0031791588027892475,0.07784700061692074,0.5,0.02579291314695033,,
2011-02-08,5759.75,-0.0011719258648378306,1.0,-0.0011719258648378306,0.15453367311827265,-0.0010430704527328684,0.07680338578762153,0.5,0.025206778471158764,,
2011-02-09,5753.0,-0.000130366765165979,1.0,-0.000130366765165979,0.1544032978546213,-0.00011603269869106799,0.07668734635661609,0.5,0.025141592964046805,,
2011-02-10,5752.25,0.003954974140553791,1.0,0.003954974140553791,0.1583504716449736,0.003520117433285838,0.08020128267777644,0.5,0.027117127380575035,,
2011-02-11,5775.0,0.00017316017316026944,1.0,0.00017316017316026944,0.15852361682764157,0.000154120892483739,0.08035539169485559,0.5,0.02720370371931578,,
2011-02-14,5776.0,0.0003029778393350835,1.0,0.0003029778393350835,0.15882654877845967,0.00026966486663130624,0.08062502020845203,0.5,0.02735518116569578,,
2011-02-15,5777.75,0.001990394184587352,1.0,0.001990394184587352,0.16081496475305218,0.0017715466699096093,0.08239499954036172,0.5,0.028349883377671605,,
2011-02-16,5789.25,0.0003886513797124458,1.0,0.0003886513797124458,0.16120354062738004,0.00034591844309879807,0.08274085816746979,0.5,0.02854419018873659,,
2011-02-17,5791.5,0.00021583354916687725,1.0,0.00021583354916687725,0.16141935088783738,0.00019210225202734098,0.08293294197022225,0.5,0.02865210114072386,,
2011-02-18,5792.75,-0.004660998662120774,1.0,-0.004660998662120774,0.15674745589976133,-0.004148513255450994,0.07877579976049985,0.5,0.026318881969552052,,
2011-02-21,5765.75,-0.007978146815245224,1.0,-0.007978146815245224,0.14873731337996865,-0.007100934845992739,0.07164953328660612,0.5,0.02232183098611245,,
2011-02-22,5719.75,-0.003059574282092803,1.0,-0.003059574282092803,0.14567304903163492,-0.0027231684420874146,0.06892265027620735,0.5,0.020790872525985927,,
2011-02-23,5702.25,0.00035073874347846257,1.0,0.00035073874347846257,0.14602372628065885,0.0003121743712019382,0.06923477593112866,0.5,0.020966226522314543,,
2011-02-24,5704.25,0.006705526581058052,1.0,0.006705526581058052,0.1527068708182326,0.005968241555692921,0.07518527808023748,0.5,0.024313381833325078,,
2011-02-25,5742.5,0.0012625163256421157,1.0,0.0012625163256421157,0.15396859084029882,0.0011237003251501655,0.0763083475267454,0.5,0.024944440836521763,,
2011-02-28,5749.75,-0.00795686768989956,1.0,-0.00795686768989956,0.1459798983491111,-0.007081995399758116,0.06920115576675524,0.5,0.020958071970679924,,
2011-03-01,5704.0,0.0027612201963533867,1.0,0.0027612201963533867,0.1487373133799686,0.002457618938808913,0.07165575969895449,0.5,0.022337729903013987,,
2011-03-02,5719.75,0.008697932601949399,1.0,0.008697932601949399,0.15739763688970163,0.0077415788567912385,0.07936752629792382,0.5,0.02667726677899437,,
2011-03-03,5769.5,-0.0018632463818355482,1.0,-0.0018632463818355482,0.15553265250510592,-0.001658379002773373,0.0777077706624957,0.5,0.025745209357477854,,
2011-03-04,5758.75,-0.006294768830041209,1.0,-0.006294768830041209,0.14921798808170098,-0.005602647377620947,0.07208936958689119,0.5,0.022592861510841715,,
2011-03-07,5722.5,0.001310615989515096,1.0,0.001310615989515096,0.15052774596376448,0.0011665113421928102,0.0732552010833754,0.5,0.023247954885071902,,
2011-03-08,5730.0,-0.003490401396160525,1.0,-0.003490401396160525,0.14703123890503517,-0.003106625319696647,0.07014374018575738,0.5,0.02150122955013018,,
2011-03-09,5710.0,-0.005166374781085836,1.0,-0.005166374781085836,0.14185147226493844,-0.0045983223372585815,0.06553481304230725,0.5,0.01891469997413841,,
2011-03-10,5680.5,0.0036528474606107864,1.0,0.0036528474606107864,0.14549766428088934,0.0032512101395002907,0.06878074942575643,0.5,0.02073945782072039,,
2011-03-11,5701.25,-0.0021048015786011565,1.0,-0.0021048015786011565,0.14339064449430722,-0.0018733747597661978,0.0669056177048543,0.5,0.019686502868874245,,
2011-03-14,5689.25,-0.007689941556444202,1.0,-0.007689941556444202,0.135670982875556,-0.006844418287396966,0.06003766895693743,0.5,0.01583412118794073,,
2011-03-15,5645.5,-0.007218138340270963,1.0,-0.007218138340270963,0.12842666773348838,-0.006424490705746788,0.05359245239437219,0.5,0.012218523615296987,,
2011-03-16,5604.75,0.003077746554261962,1.0,0.003077746554261962,0.13149968772145634,0.002739342639387252,0.056328049872672065,0.5,0.013756214040297464,,
2011-03-17,5622.0,-0.0005780860903592533,1.0,-0.0005780860903592533,0.13092143447490961,-0.0005145244576311492,0.05581339300191036,0.5,0.01346712921412568,,
2011-03-18,5618.75,0.006273637374860863,1.0,0.006273637374860863,0.13717547450851478,0.00558383936494438,0.0613817005272023,0.5,0.016599038350053132,,
2011-03-21,5654.0,0.00026529890343129914,1.0,0.00026529890343129914,0.13744073822641498,0.00023612879928195085,0.06161780145246715,0.5,0.016731679004608303,,
2011-03-22,5655.5,0.001414552205817321,1.0,0.001414552205817321,0.13885429089574747,0.0012590195796560264,0.06287602913158136,0.5,0.01743870510564746,,
2011-03-23,5663.5,0.007460051205085305,1.0,0.007460051205085305,0.14628665353896594,0.006639804804526166,0.06949388752521275,0.5,0.021161791413171403,,
2011-03-24,5705.75,0.0017526179730973368,1.0,0.0017526179730973368,0.14803773746931587,0.0015599143917856713,0.07105258651432882,0.5,0.022037716665163822,,
2011-03-25,5715.75,-0.0033241481870270873,1.0,-0.0033241481870270873,0.1447080520271945,-0.002958651957795377,0.06808954909365479,0.5,0.020374259794105887,,
2011-03-28,5696.75,0.004564005792776493,1.0,0.004564005792776493,0.14926167432709359,0.004062184931130924,0.07214350562756548,0.5,0.02265366287632221,,
2011-03-29,5722.75,0.001834782228823606,1.0,0.001834782228823606,0.15109477539906063,0.0016330445359272704,0.07377521819617539,0.5,0.02357063344468934,,
2011-03-30,5733.25,0.0006104739894474687,1.0,0.0006104739894474687,0.15170506312506435,0.0005433512474295688,0.07431842188176543,0.5,0.02387582386407919,,
2011-03-31,5736.75,-4.35786813091088e-05,1.0,-4.35786813091088e-05,0.1516614834941769,-3.878712485698368e-05,0.07427963400466847,0.5,0.023854034286033596,,
2011-04-01,5736.5,0.0006537087073998915,1.0,0.0006537087073998915,0.15231497862711166,0.0005818322283358585,0.07486129703426037,0.5,0.02418083523448627,,
2011-04-04,5740.25,-0.003092199817081087,1.0,-0.003092199817081087,0.14921798808170095,-0.0027522067392800366,0.07210529601064347,0.5,0.022633538880106576,,
2011-04-05,5722.5,0.00017474879860190917,1.0,0.00017474879860190917,0.14939272161351008,0.0001555348456256158,0.07226081876197903,0.5,0.022720909462487254,,
2011-04-06,5723.5,0.0009609504673713243,1.0,0.0009609504673713243,0.15035321066355684,0.0008552921896587468,0.07311574539769503,0.5,0.02320126930490819,,
2011-04-07,5729.0,-0.0018327805899808203,1.0,-0.0018327805899808203,0.14851874847625043,-0.001631262980970088,0.07148315045855527,0.5,0.022284458867635533,,
2011-04-08,5718.5,-0.002491912214741654,1.0,-0.002491912214741654,0.14602372628065863,-0.0022179218668928525,0.06926276536011455,0.5,0.021037725911607352,,
2011-04-11,5704.25,-0.0019722137003111984,1.0,-0.0019722137003111984,0.14404956520606083,-0.0017553651634391002,0.06750585773793043,0.5,0.02005113253822294,,
2011-04-12,5693.0,0.002459160372387137,1.0,0.002459160372387137,0.14650570679168703,0.0021887711500620665,0.06969223701795373,0.5,0.021279957409782706,,
2011-04-13,5707.0,-0.0012265638689329394,1.0,-0.0012265638689329394,0.14527839007762042,-0.0010917009074210512,0.0685999397710413,0.5,0.020666487341027318,,
2011-04-14,5700.0,0.0015350877192983337,1.0,0.0015350877192983337,0.14681230075418772,0.0013663019909324655,0.06996530922073388,0.5,0.02143373678952757,,
2011-04-15,5708.75,-0.0038975257280490228,1.0,-0.0038975257280490228,0.14290715987947825,-0.0034689855797803903,0.06649029275907621,0.5,0.019483072616618025,,
2011-04-18,5686.5,0.005143761540490566,1.0,0.005143761540490566,0.14803773746931548,0.004578195464208698,0.07105804016313522,0.5,0.022051651761228423,,
2011-04-19,5715.75,0.009578795433670129,1.0,0.009578795433670129,0.15757094711543845,0.008525589194173493,0.07954749177262212,0.5,0.026829616802041396,,
2011-04-20,5770.5,0.00030326661467805494,1.0,0.00030326661467805494,0.15787416775409183,0.0002699218905922656,0.07981737724085486,0.5,0.02698123861421244,,
2011-04-21,5772.25,0.000952834683182413,1.0,0.000952834683182413,0.1588265487784592,0.0008480687509223885,0.08066508658466104,0.5,0.02745754250509369,,
2011-04-25,5777.75,0.002120202500973667,1.0,0.002120202500973667,0.16094450682201988,0.0018870823222951819,0.08255039060396197,0.5,0.02851708224505368,,
2011-04-26,5790.0,0.0029360967184801634,1.0,0.0029360967184801634,0.16387630162702885,0.0026132674645220717,0.08516024942224158,0.5,0.02998405407477083,,
2011-04-27,5807.0,-0.0013345961770276915,1.0,-0.0013345961770276915,0.1625408140833587,-0.0011878548638232021,0.08397168849964401,0.5,0.029316533243791548,,
2011-04-28,5799.25,0.0011639436133983327,1.0,0.0011639436133983327,0.16370408083955426,0.0010359658645736364,0.0850071181219019,0.5,0.02989833577057304,,
2011-04-29,5806.0,-0.0009903548053737943,1.0,-0.0009903548053737943,0.16271323530883866,-0.0008814634664201748,0.08412526593811685,0.5,0.029403035727068347,,
2011-05-02,5800.25,-0.0024998922460238715,1.0,-0.0024998922460238715,0.1602102131147505,-0.0022250244790051952,0.08189776241417247,0.5,0.028152307769832734,,
2011-05-03,5785.75,-0.00021604804908614827,1.0,-0.00021604804908614827,0.15999414172392257,-0.0001922931672845413,0.08170545075618638,0.5,0.028044277910274612,,
2011-05-04,5784.5,-0.001339787362779843,1.0,-0.001339787362779843,0.15865345604359468,-0.0011924752691194588,0.08051226392269499,0.5,0.027374159749855607,,
2011-05-05,5776.75,-0.0008222616523131387,1.0,-0.0008222616523131387,0.15783085614874048,-0.0007318524658228498,0.0797801435221225,0.5,0.026962944386249618,,
2011-05-06,5772.0,0.0026420651420651087,1.0,0.0026420651420651087,0.16046943717219442,0.0023515652026887685,0.08212894812233745,0.5,0.028283105161451223,,
2011-05-09,5787.25,0.0034558728238800462,1.0,0.0034558728238800462,0.16391935218992154,0.0030758932276749367,0.0852001204685792,0.5,0.030009550408780675,,
2011-05-10,5807.25,-0.004477162167979665,1.0,-0.004477162167979665,0.15943213751571425,-0.003984889923185753,0.08120726971581922,0.5,0.027768459956507115,,
2011-05-11,5781.25,0.004237837837837821,1.0,0.004237837837837821,0.1636610210079114,0.003771879744913438,0.08497205375948502,0.5,0.029885137132888838,,
2011-05-12,5805.75,-0.006200749257201932,1.0,-0.006200749257201932,0.15744096726213264,-0.005518965430366727,0.07943780257242321,0.5,0.02677994638577843,,
2011-05-13,5769.75,-0.007322674292646991,1.0,-0.007322674292646991,0.15009135058262948,-0.006517532737195436,0.07289893798084791,0.5,0.02311189013899691,,
2011-05-16,5727.5,0.002444347446529882,1.0,0.002444347446529882,0.15253271547122288,0.002175586932746099,0.07507216175123246,0.5,0.024333317615923583,,
2011-05-17,5741.5,0.0037882086562743833,1.0,0.0037882086562743833,0.15631376693468413,0.0033716881218365095,0.07843817847721674,0.5,0.026225630390360993,,
2011-05-18,5763.25,0.0005639179282523887,1.0,0.0005639179282523887,0.1568775259209723,0.0005019141111010427,0.07893996667156149,0.5,0.026507549611528708,,
2011-05-19,5766.5,-0.0039018468741871537,1.0,-0.0039018468741871537,0.15296804698303895,-0.0034728316079242,0.07546109078605259,0.5,0.024554720644541124,,
2011-05-20,5744.0,-0.005266364902506981,1.0,-0.005266364902506981,0.14768776590093294,-0.004687318360257016,0.07076275249967093,0.5,0.021918065270477516,,
2011-05-23,5713.75,-0.002712754320717603,1.0,-0.002712754320717603,0.14497132539422583,-0.0024144819756627784,0.06834535096196935,0.5,0.020560767397968693,,
2011-05-24,5698.25,0.0016233054007810388,1.0,0.0016233054007810388,0.14659331465892947,0.00144481997549452,0.06978912818935111,0.5,0.02137209088643121,,
2011-05-25,5707.5,0.003241349102058644,1.0,0.003241349102058644,0.1498294219130392,0.0028849567850586164,0.07266993147311415,0.5,0.022991453561684836,,
2011-05-26,5726.0,0.0010041914076144298,1.0,0.0010041914076144298,0.1508331094577504,0.0008937787087033729,0.07356331099946355,0.5,0.023493423257620893,,
2011-05-27,5731.75,0.0,1.0,0.0,0.1508331094577504,0.0,0.07356331099946355,0.5,0.023493423257620893,,
2011-05-30,5731.75,0.007283988310725409,1.0,0.007283988310725409,0.15809069764688943,0.0064831003503968525,0.08002548644493063,0.5,0.027128801411030853,,
2011-05-31,5773.5,-0.009482982592881273,1.0,-0.009482982592881273,0.14856246527881037,-0.008440311152090957,0.0715493541632699,0.5,0.022376033585570314,,
2011-06-01,5718.75,0.0013114754098360049,1.0,0.0013114754098360049,0.14987308145593076,0.001167276267663025,0.07271594969367785,0.5,0.02303155638846076,,
2011-06-02,5726.25,-0.007072691552062915,1.0,-0.007072691552062915,0.14277525985950182,-0.006295036060383445,0.06640101634708545,0.5,0.019488942960954266,,
2011-06-03,5685.75,-0.002462296091104932,1.0,-0.002462296091104932,0.1403099273319489,-0.002191562090718595,0.06420704926974063,0.5,0.018257036430044324,,
2011-06-06,5671.75,0.0003526248512364383,1.0,0.0003526248512364383,0.14066249002565426,0.00031385309793034515,0.06452085312609025,0.5,0.0184333333144536,,
2011-06-07,5673.75,-0.0051112579863406005,1.0,-0.0051112579863406005,0.13553812487841607,-0.004549265735836056,0.059961207989823136,0.5,0.015874433127013452,,
2011-06-08,5644.75,0.0011515124673369126,1.0,0.0011515124673369126,0.13668897486379383,0.0010249015459684078,0.06098558468278657,0.5,0.01645002367665441,,
2011-06-09,5651.25,-0.005308560053085554,1.0,-0.005308560053085554,0.13136627433989612,-0.004724874076141155,0.05624951310401168,0.5,0.013792214803133529,,
2011-06-10,5621.25,0.00017789637536136382,1.0,0.00017789637536136382,0.13154415489357368,0.00015833634051023472,0.05640783691064658,0.5,0.013881159035158781,,
2011-06-13,5622.25,0.004535550713682168,1.0,0.004535550713682168,0.13606945099231058,0.004036858540508447,0.06043656920005981,0.5,0.01614636687044076,,
2011-06-14,5647.75,-0.006993935638085924,1.0,-0.006993935638085924,0.12905094314839374,-0.006224939504524309,0.05419217397714804,0.5,0.01264327036738869,,
2011-06-15,5608.25,-0.0015602014888780324,1.0,-0.0015602014888780324,0.12748952327772714,-0.0013886544551891958,0.05280255444782109,0.5,0.011862865186025886,,
2011-06-16,5599.5,-0.0011608179301723087,1.0,-0.0011608179301723087,0.12632803107656693,-0.001033183855988034,0.05176883648947727,0.5,0.011282287718452993,,
2011-06-17,5593.0,0.0019667441444664036,1.0,0.0019667441444664036,0.1282928437118767,0.0017504969953557315,0.05351780315060433,0.5,0.012265176597116765,,
2011-06-20,5604.0,0.007405424696645291,1.0,0.007405424696645291,0.13567098287555596,0.00659118458152458,0.060087360854183404,0.5,0.01596105078071208,,
2011-06-21,5645.5,-0.002745549552741089,1.0,-0.002745549552741089,0.1329216573887152,-0.0024436713113883367,0.057640698904972004,0.5,0.014587332885823241,,
2011-06-22,5630.0,0.002353463587921878,1.0,0.002353463587921878,0.1352723559186663,0.0020946959221551866,0.059733204010487054,0.5,0.01576337287358715,,
2011-06-23,5643.25,-0.0057147920081512815,1.0,-0.0057147920081512815,0.1295411720059512,-0.005086440077881036,0.05463378396300747,0.5,0.012901886720240587,,
2011-06-24,5611.0,0.00784173944038491,1.0,0.00784173944038491,0.1373523248052,0.006979525713793631,0.061589065530266475,0.5,0.016815089863982523,,
2011-06-27,5655.0,0.0056587091069850715,1.0,0.0056587091069850715,0.14299508356177892,0.005036523595221865,0.06661294826674811,0.5,0.019640449327789813,,
2011-06-28,5687.0,0.0014067170740283963,1.0,0.0014067170740283963,0.14440081213626169,0.001252045935070218,0.0678642110459365,0.5,0.020343560624113924,,
2011-06-29,5695.0,0.004565408252853453,1.0,0.004565408252853453,0.148955830523508,0.004063433188133611,0.0719194107859409,0.5,0.0226236633395583,,
2011-06-30,5721.0,0.006161510225485056,1.0,0.006161510225485056,0.1550984362585962,0.005484040802618721,0.0773884689886299,0.5,0.02569968265033959,,
2011-07-01,5756.25,0.00195439739413672,1.0,0.00195439739413672,0.15705092630288786,0.0017395077930157483,0.07912646559019706,0.5,0.02667640419958143,,
2011-07-04,5767.5,0.000693541395752062,1.0,0.000693541395752062,0.15774422730994603,0.0006172852390762734,0.07974356038710755,0.5,0.027023114786395155,,
2011-07-05,5771.5,0.0016893355280256372,1.0,0.0016893355280256372,0.15943213751571444,0.0015035899683631072,0.0812460210958947,0.5,0.02786742601934498,,
2011-07-06,5781.25,0.006227027027027043,1.0,0.006227027027027043,0.1656398567220358,0.005542353910893251,0.08677307267792886,0.5,0.030976102586989133,,
2011-07-07,5817.25,-0.0011173664532210248,1.0,-0.0011173664532210248,0.16452186554951576,-0.000994509949134925,0.08577806787565635,0.5,0.03041726323875374,,
2011-07-08,5810.75,-0.007701243385105139,1.0,-0.007701243385105139,0.15679081445332668,-0.006854477459134509,0.07889999058104927,0.5,0.02655920881593487,,
2011-07-11,5766.0,-0.003598681928546621,1.0,-0.003598681928546621,0.15318564169199458,-0.0032030002076711096,0.07569184978841492,0.5,0.02475824709321887,,
2011-07-12,5745.25,0.0005221704886646528,1.0,0.0005221704886646528,0.15370767589708972,0.0004647568795578651,0.07615649870194491,0.5,0.025019298260730027,,
2011-07-13,5748.25,-0.0015656939068412479,1.0,-0.0015656939068412479,0.15214075501065996,-0.0013935429716588634,0.07476198384626609,0.5,0.02423614472261686,,
2011-07-14,5739.25,0.003223417693949626,1.0,0.003223417693949626,0.15535898863109693,0.002868996968370895,0.07762687309764425,0.5,0.025846556160731313,,
2011-07-15,5757.75,-0.002170986930658647,1.0,-0.002170986930658647,0.15318564169199475,-0.0019322829101929692,0.0756927209204722,0.5,0.024760473120678864,,
2011-07-18,5745.25,0.010617466602845793,1.0,0.010617466602845793,0.16374713881712802,0.009450056551008014,0.08509840501617025,0.5,0.03005516477113273,,
2011-07-19,5806.25,-0.005726587728740573,1.0,-0.005726587728740573,0.15800409131591295,-0.005096938837217733,0.07998843247935516,0.5,0.027187763839184444,,
2011-07-20,5773.0,0.006452451065303899,1.0,0.006452451065303899,0.16443581443510086,0.005742992160049779,0.08571499652759808,0.5,0.03040879627265098,,
2011-07-21,5810.25,0.0034421926767351785,1.0,0.0034421926767351785,0.16787209632678113,0.0030637172379609254,0.08877403014765084,0.5,0.032128413221919894,,
2011-07-22,5830.25,-0.00038591827108613863,1.0,-0.00038591827108613863,0.16748610357007482,-0.00034348584481101746,0.0884304852980651,0.5,0.031935435467367754,,
2011-07-25,5828.0,-0.00047185998627319314,1.0,-0.00047185998627319314,0.16701413222284575,-0.0004199781097728501,0.08801041897278598,0.5,0.03169947763837193,,
2011-07-26,5825.25,-0.010600403416162418,1.0,-0.010600403416162418,0.15635714429604658,-0.00943486949319753,0.07853075914849958,0.5,0.026385180031752425,,
2011-07-27,5763.5,0.0020386917671553206,1.0,0.0020386917671553206,0.1583937607512767,0.0018145338441213888,0.08034364871484986,0.5,0.02740400673510115,,
2011-07-28,5775.25,-0.0016016622657027968,1.0,-0.0016016622657027968,0.15679081445332674,-0.001425556543069343,0.07891707509934068,0.5,0.026602854765696005,,
2011-07-29,5766.0,-0.002991675338189337,1.0,-0.002991675338189337,0.15379465510911286,-0.0026627351124012635,0.07625078860213445,0.5,0.025105897214521403,,
2011-08-01,5748.75,-0.010741465535986094,1.0,-0.010741465535986094,0.14299508356177895,-0.009560421572559052,0.0666443728151152,0.5,0.01972069021320818,,
2011-08-02,5687.0,0.0035607525936345308,1.0,0.0035607525936345308,0.14654951168470084,0.003169241273146625,0.06980860262869608,0.5,0.02149948351874809,,
2011-08-03,5707.25,-0.017171141968548742,1.0,-0.017171141968548742,0.12922923599486588,-0.015283143212777331,0.05440746845717653,0.5,0.012876844198861724,,
2011-08-04,5609.25,-0.0029861389668850435,1.0,-0.0029861389668850435,0.1262386296192639,-0.0026578074753415034,0.05174612274084762,0.5,0.011382658976455774,,
2011-08-05,5592.5,-0.026911041573535965,1.0,-0.026911041573535965,0.09895885559817086,-0.0239521228772483,0.027502483397722766,0.5,-0.0021642076595595667,,
2011-08-08,5442.0,0.021821021683204656,0.5,0.010758912164645326,0.10966030247587483,0.01942176006956177,0.04673804805168235,0.5,0.008687212973018416,,
2011-08-09,5560.75,-0.012228566290518383,0.5,-0.006114283145259192,0.10352725055725359,-0.01088401285408097,0.035794371010889545,0.5,0.0025541610543970803,,
2011-08-10,5492.75,0.012926129898502614,0.5,0.006463064949251307,0.10996951945828189,0.011504878055729854,0.04723357122080124,0.5,0.008996429955425574,,
2011-08-11,5563.75,0.0029206919793305364,0.5,0.0014603459896652682,0.11142880017972306,0.0025995565048776603,0.04982975472294411,0.5,0.010455710676866639,,
2011-08-12,5580.0,0.005197132616487465,0.5,0.0025985663082437327,0.1140239960521423,0.0046256982918817,0.05444478735059788,0.5,0.013050906549285913,,
2011-08-15,5609.0,-0.0024514173649491378,0.5,-0.0012257086824745689,0.11279753557439648,-0.0021818795005847462,0.052260524082909356,0.5,0.011824446071540174,,
2011-08-16,5595.25,-0.0045574371118359824,0.5,-0.0022787185559179912,0.11051621678847068,-0.004056338488784996,0.04819593633774876,0.5,0.009543127285614425,,
2011-08-17,5569.75,-0.015171237488217582,0.5,-0.007585618744108791,0.10290168090943907,-0.013503131921696065,0.034600808031999275,0.5,0.0019285914065828272,,
2011-08-18,5485.25,-0.007383437400300785,0.5,-0.0036917187001503926,0.09920313099801874,-0.006571614828999655,0.028007505072692153,0.5,-0.0017699585048375158,,
2011-08-19,5444.75,0.00036732632352265426,0.5,0.00018366316176132713,0.09938677729576641,0.0003269381162011425,0.02833438975627317,0.5,-0.0015863122070898688,,
2011-08-22,5446.75,0.014963051360903368,0.5,0.007481525680451684,0.10684045517275001,0.01331783624337226,0.041564323208469284,0.5,0.005867365669893678,,
2011-08-23,5528.25,0.0021254465698909986,0.5,0.0010627232849454993,0.1079026141670598,0.0018917497961549899,0.04345428589946092,0.5,0.0069295246642034295,,
2011-08-24,5540.0,-0.00518953068592054,0.5,-0.00259476534296027,0.1053044765857992,-0.004618932207613065,0.03882465346267602,0.5,0.004331387082942708,,
2011-08-25,5511.25,0.010251757768201308,0.5,0.005125878884100654,0.11041726287437935,0.009124558077797152,0.047907834269495714,0.5,0.009444173371522795,,
2011-08-26,5567.75,0.00978851421130611,0.5,0.004894257105653055,0.11529958203944607,0.00871224900508706,0.05658235063229196,0.5,0.014326492536589358,,
2011-08-29,5622.25,0.0008893236693494622,0.5,0.0004446618346747311,0.11574414504134421,0.0007915408902957893,0.05737357841930905,0.5,0.014771055538487593,,
2011-08-30,5627.25,0.0034208538806699273,0.5,0.0017104269403349637,0.117453110867369,0.0030447246819124796,0.060413677314147415,0.5,0.016480021364512414,,
2011-08-31,5646.5,-0.004870273620827037,0.5,-0.0024351368104135185,0.11501500428913917,-0.004334778046145412,0.05606947687847694,0.5,0.014041914786282536,,
2011-09-01,5619.0,-0.009076348104644971,0.5,-0.004538174052322486,0.11046650146392614,-0.008078386876445645,0.04795828303036971,0.5,0.009493411961069516,,
2011-09-02,5568.0,-0.006600215517241326,0.5,-0.003300107758620663,0.1071609363397923,-0.005874509637737263,0.04206645058557652,0.5,0.0061878468369357745,,
2011-09-05,5531.25,0.006960451977401139,0.5,0.0034802259887005693,0.11063512035625449,0.006195137434139537,0.04824247704526315,0.5,0.009662030853397922,,
2011-09-06,5569.75,0.010144081870820054,0.5,0.005072040935410027,0.11569434182102034,0.009028721344092648,0.05723068316928373,0.5,0.0147212523181637,,
2011-09-07,5626.25,-0.0017773828038213368,0.5,-0.0008886914019106684,0.11480525529879507,-0.0015819562836579956,0.05564747427155593,0.5,0.013832165795938475,,
2011-09-08,5616.25,-0.007745381704874266,0.5,-0.003872690852437133,0.11092504616220121,-0.006893762689169792,0.048729839826305126,0.5,0.009951956659344558,,
2011-09-09,5572.75,0.0048450047104211524,0.5,0.0024225023552105762,0.11334461898882069,0.004312287499082711,0.05303285605767551,0.5,0.012371529485963916,,
2011-09-12,5599.75,0.0035269431671056672,0.5,0.0017634715835528336,0.11510653748197963,0.003139149255473664,0.056167088471238254,0.5,0.014133447979122846,,
2011-09-13,5619.5,0.005872408577275667,0.5,0.0029362042886378337,0.11803843954222874,0.005226726414284683,0.0613802029609537,0.5,0.01706535003937202,,
2011-09-14,5652.5,0.006457319770013292,0.5,0.003228659885006646,0.1212618984965928,0.005747325541689198,0.06711107563708439,0.5,0.02028880899373608,,
2011-09-15,5689.0,0.004482334329407589,0.5,0.0022411671647037945,0.12350055799220469,0.003989493395917349,0.07109263210676378,0.5,0.02252746848934792,,
2011-09-16,5714.5,-0.0007437221104208414,0.5,-0.0003718610552104207,0.1231286277795269,-0.000661948491538293,0.07043046443059146,0.5,0.022155538276670154,,
2011-09-19,5710.25,-0.0005253710432993053,0.5,-0.00026268552164965264,0.12286590774999233,-0.00046760552730251167,0.069962749541731,0.5,0.021892818247135504,,
2011-09-20,5707.25,-0.009374041788952625,0.5,-0.0046870208944763125,0.11816786833022991,-0.008343348590648845,0.06158440040107322,0.5,0.01719477882737315,,
2011-09-21,5653.75,-0.011098828211364098,0.5,-0.005549414105682049,0.11260299902135394,-0.009878491562121014,0.051656792811987595,0.5,0.011629909518497338,,
2011-09-22,5591.0,0.003577177606868265,0.5,0.0017885888034341324,0.11438999020454098,0.0031838603258562644,0.05483559538716088,0.5,0.013416900701684348,,
2011-09-23,5611.0,0.004143646408839796,0.5,0.002071823204419898,0.11645967014306716,0.0036880448374023546,0.058516856062281956,0.5,0.015486580640210556,,
2011-09-26,5634.25,0.004525890757421047,0.5,0.0022629453787105236,0.11872005891712882,0.004028260714269616,0.06253702505745096,0.5,0.017746969414272003,,
2011-09-27,5659.75,-0.006272361853438713,0.5,-0.0031361809267193563,0.11557894986865525,-0.005582704089457088,0.056938679433649594,0.5,0.014605860365798317,,
2011-09-28,5624.25,-0.004000533404453943,0.5,-0.0020002667022269716,0.11357667996124608,-0.0035606673720220087,0.05337165779746227,0.5,0.012603590458389203,,
2011-09-29,5601.75,-0.012629981702146686,0.5,-0.006314990851073343,0.10724166521043932,-0.011241291900225261,0.04206670503896186,0.5,0.006268575707582511,,
2011-09-30,5531.0,-0.0103959500994395,0.5,-0.00519797504971975,0.10203013369054274,-0.009252896196050084,0.03277073488711361,0.5,0.001057044187685948,,
2011-10-03,5473.5,0.008678176669407067,0.5,0.004339088334703534,0.10635983532481066,0.007723995125499548,0.04046505268267083,0.5,0.005386745821953832,,
2011-10-04,5521.0,0.010414779931171791,0.5,0.005207389965585896,0.11155371372164265,0.009269655653025293,0.04969200874854647,0.5,0.010580624218785821,,
2011-10-05,5578.5,0.006453347674105991,0.5,0.0032266738370529957,0.11477519301773047,0.005743790185059024,0.05541936626460259,0.5,0.0138021035148736,,
2011-10-06,5614.5,-0.0004452756256122514,0.5,-0.0002226378128061257,0.11455253041744734,-0.0003963167486388337,0.05502297096172554,0.5,0.013579440914590547,,
2011-10-07,5612.0,0.012562366357804722,0.5,0.006281183178902361,0.1208140691824803,0.011181110987805326,0.06614203539925984,0.5,0.01984097967962349,,
2011-10-10,5682.5,0.0015398152221732797,0.5,0.0007699076110866399,0.12158368056673725,0.001370509696139781,0.06751160680417964,0.5,0.020610591063880582,,
2011-10-11,5691.25,0.0026795519437732285,0.5,0.0013397759718866142,0.12292255983962427,0.0023849302613519344,0.06989369763302539,0.5,0.021949470336767384,,
2011-10-12,5706.5,0.0050819241216157884,0.5,0.0025409620608078942,0.12546029911449835,0.00452315718368532,0.07440665608334186,0.5,0.0244872096116415,,
2011-10-13,5735.5,0.006843344085084135,0.5,0.0034216720425420677,0.12887613055654468,0.006090905770753055,0.08047908726756389,0.5,0.027903041053687648,,
2011-10-14,5774.75,-0.008355340058011196,0.5,-0.004177670029005598,0.12468970968350705,-0.007436654995452982,0.07301464249229102,0.5,0.023716620180649968,,
2011-10-17,5726.5,0.003929101545446567,0.5,0.0019645507727232836,0.1266523332500112,0.0034970895777690554,0.07650563147105954,0.5,0.02567924374715406,,
2011-10-18,5749.0,-0.004087667420420993,0.5,-0.0020438337102104964,0.12460640806144134,-0.0036382208420922,0.0728607762069696,0.5,0.023633318558584214,,
2011-10-19,5725.5,-0.0034494803947253683,0.5,-0.0017247401973626841,0.12288017878727774,-0.0030702036579056445,0.06978584980481176,0.5,0.0219070892844207,,
2011-10-20,5705.75,0.006353240152477735,0.5,0.0031766200762388674,0.12605176406557128,0.00565468967022296,0.07542461173348257,0.5,0.025078674562714294,,
2011-10-21,5742.0,0.006617903169627404,0.5,0.003308951584813702,0.12935525311694518,0.005890252500093732,0.08129758451770944,0.5,0.028382163614088303,,
2011-10-24,5780.0,-0.008910034602076178,0.5,-0.004455017301038089,0.1248902826543254,-0.007930359850483532,0.07333561212004217,0.5,0.023917193151468497,,
2011-10-25,5728.5,0.002705769398620994,0.5,0.001352884699310497,0.1262422530296881,0.0024082650586442073,0.07574098195576782,0.5,0.02526916352683127,,
2011-10-26,5744.0,0.010489206128133644,0.5,0.005244603064066822,0.13147315106052698,0.00933589855224736,0.08503357035789444,0.5,0.03050006155767026,,
2011-10-27,5804.25,0.0005168626437523915,1.0,0.0003747254167204753,0.13184780628521311,0.00046003264199149455,0.08549349721731113,0.5,0.030758459491924472,,
2011-10-28,5807.25,-0.00895432433595933,1.0,-0.00895432433595933,0.12285315104927637,-0.007969779846371506,0.07749178892057762,0.5,0.02627124481771723,,
2011-10-31,5755.25,-0.007297684722644582,1.0,-0.007297684722644582,0.11552870796326423,-0.0064952908165432114,0.07097531191249236,0.5,0.02261572919303632,,
2011-11-01,5713.25,0.002450444143000885,1.0,0.002450444143000885,0.11797615466372785,0.002181013286186181,0.07315395024178274,0.5,0.023840201292500265,,
2011-11-02,5727.25,0.007202409533371146,1.0,0.007202409533371146,0.1251527507176148,0.006410491310199519,0.07954398174429164,0.5,0.02743493724699316,,
2011-11-03,5768.5,-0.0013868423333621704,1.0,-0.0013868423333621704,0.12376494582837876,-0.0012343564588271645,0.07830886284004655,0.5,0.026741275552657016,,
2011-11-04,5760.5,0.00351531985070741,1.0,0.00351531985070741,0.12727410138434753,0.0031288039441689547,0.08143278226297582,0.5,0.028497392601441147,,
2011-11-07,5780.75,0.003892228517060836,1.0,0.003892228517060836,0.13115877477782667,0.003464270806918513,0.08489106630631182,0.5,0.03044161563291637,,
2011-11-08,5803.25,-0.013699220264506984,1.0,-0.013699220264506984,0.1173648543215756,-0.0121929657089392,0.07262315657467042,0.5,0.023568439246427365,,
2011-11-09,5723.75,-0.0012229744485695582,1.0,-0.0012229744485695582,0.11614113142947467,-0.0010885061504523595,0.07153405757114308,0.5,0.0229567649875797,,
2011-11-10,5716.75,0.007609218524511352,1.0,0.007609218524511352,0.12372154587611182,0.006772570901832335,0.07828379763899139,0.5,0.02675415502909852,,
2011-11-11,5760.25,-0.0014756303979861496,1.0,-0.0014756303979861496,0.1222448256633488,-0.0013133821118512358,0.07696955228492691,0.5,0.02601606751051552,,
2011-11-14,5751.75,0.0032598774286087817,1.0,0.0032598774286087817,0.12549940121073008,0.002901447887903001,0.07986679909707994,0.5,0.02764467931637103,,
2011-11-15,5770.5,-0.008881379429858782,1.0,-0.008881379429858782,0.11657834724616328,-0.00790485536734622,0.0719305347286392,0.5,0.02319410045157898,,
2011-11-16,5719.25,-0.0071687721292127415,1.0,-0.0071687721292127415,0.10938375600179626,-0.006380552400719847,0.06552953959979055,0.5,0.0196032750833374,,
2011-11-17,5678.25,-0.003478184299740228,1.0,-0.003478184299740228,0.10589950875626684,-0.003095751515579384,0.062428986332908,0.5,0.017862668957163604,,
2011-11-18,5658.5,-0.007069011222055277,1.0,-0.007069011222055277,0.09880539369822766,-0.006291760389453694,0.056117349402907676,0.5,0.014321902223509621,,
2011-11-21,5618.5,0.0005784462045030914,1.0,0.0005784462045030914,0.09938367266721305,0.000514844976560135,0.056632061892264496,0.5,0.014611083508822495,,
2011-11-22,5621.75,-0.008627206830613243,1.0,-0.008627206830613243,0.09071903605595903,-0.007678629514566683,0.048923799913479435,0.5,0.0102881496647901,,
2011-11-23,5573.25,-0.001525142421387904,1.0,-0.001525142421387904,0.08919272942099012,-0.0013574501968853815,0.04756542754644771,0.5,0.009525287548770417,,
2011-11-24,5564.75,-0.0013926950896266943,1.0,-0.0013926950896266943,0.08779906363019191,-0.0012395656937367607,0.046325092955691816,0.5,0.008828697441393748,,
2011-11-25,5557.0,0.012956631275868213,1.0,0.012956631275868213,0.10067247581429718,0.011532025750351404,0.05779113172161018,0.5,0.015286118983060386,,
2011-11-28,5629.0,-0.0030200746136080925,1.0,-0.0030200746136080925,0.09764783157262216,-0.0026880118350653087,0.05509950069565865,0.5,0.013774940420885643,,
2011-11-29,5612.0,0.01625980042765507,1.0,0.01625980042765507,0.11377685712325487,0.014472005356556558,0.06946778607579324,0.5,0.021871971026882292,,
2011-11-30,5703.25,0.0023232367509753438,1.0,0.0023232367509753438,0.11609739933229526,0.002067792581726851,0.07153344371700908,0.5,0.023032915245769506,,
2011-12-01,5716.5,-0.0007434619085104899,1.0,-0.0007434619085104899,0.11535366091892435,-0.0006617168993082931,0.07087150778644359,0.5,0.02266111518243598,,
2011-12-02,5712.25,0.0031948881789136685,1.0,0.0031948881789136685,0.11854345628702444,0.00284360432617597,0.07371107671807117,0.5,0.024257284715258197,,
2011-12-05,5730.5,0.00021813105313661652,1.0,0.00021813105313661652,0.11876156355304196,0.00019414714119462897,0.07390520501514856,0.5,0.02436634429461432,,
2011-12-06,5731.75,-0.00021808348235707875,1.0,-0.00021808348235707875,0.1185434562870243,-0.00019410480091011263,0.0737110813734635,0.5,0.02425729660795283,,
2011-12-07,5730.5,-0.00837623244045027,1.0,-0.00837623244045027,0.11013194607696865,-0.007455250221877488,0.06622790187389634,0.5,0.020060385664853797,,
2011-12-08,5682.5,0.008754949406071244,1.0,0.008754949406071244,0.1188487931413735,0.007792326558052174,0.07399002505693038,0.5,0.0244283070948293,,
2011-12-09,5732.25,-0.005277159928474884,1.0,-0.005277159928474884,0.11355765982288762,-0.004696926453193135,0.06928203338273527,0.5,0.0217862399429784,,
2011-12-12,5702.0,-0.004033672395650667,1.0,-0.004033672395650667,0.10951583022770284,-0.00359016266996516,0.06568541061226248,0.5,0.01976736719230563,,
2011-12-13,5679.0,-0.007175559077302385,1.0,-0.007175559077302385,0.10231440300648813,-0.00638659311133896,0.05927833596373853,0.5,0.01617313613694316,,
2011-12-14,5638.25,-0.0007981199840375597,1.0,-0.0007981199840375597,0.10151596435512832,-0.0007103652185374427,0.05856771831627767,0.5,0.015773996499296103,,
2011-12-15,5633.75,0.0017750166407810575,1.0,0.0017750166407810575,0.10328940751556588,0.0015798502846117116,0.06014632195026999,0.5,0.01666111121704388,,
2011-12-16,5643.75,-0.0032336655592469787,1.0,-0.0032336655592469787,0.10005050236139688,-0.0028781180619621986,0.057264054142299896,0.5,0.01504296995271086,,
2011-12-19,5625.5,0.010087992178473115,1.0,0.010087992178473115,0.11008795038853902,0.008978798816955605,0.06620278321864005,0.5,0.02007428770877661,,
2011-12-20,5682.25,-0.005499582031765593,1.0,-0.005499582031765593,0.10457318998011371,-0.004894892835656535,0.06129587115712473,0.5,0.017320709072542028,,
2011-12-21,5651.0,0.004247035922845477,1.0,0.004247035922845477,0.10881123269987378,0.003780066483495693,0.06506881114275524,0.5,0.019441975556503618,,
2011-12-22,5675.0,0.0027312775330397,1.0,0.0027312775330397,0.1115387870722149,0.002430968526597935,0.06749682964534093,0.5,0.02080668268649276,,
2011-12-23,5690.5,0.0007029259291801981,1.0,0.0007029259291801981,0.11224146606467618,0.000625637925731011,0.06812227194125625,0.5,0.021158083902442875,,
2011-12-27,5694.5,-0.0034243568355430964,1.0,-0.0034243568355430964,0.10881123269987378,-0.003047842480431215,0.06506977532982103,0.5,0.019444438031937756,,
2011-12-28,5675.0,0.0027312775330397,1.0,0.0027312775330397,0.1115387870722149,0.002430968526597935,0.06749779383240671,0.5,0.02080914516192687,,
2011-12-29,5690.5,-0.0008347245409014992,1.0,-0.0008347245409014992,0.11070371395479339,-0.0007429450368055879,0.06675457267516727,0.5,0.02039169577160254,,
2011-12-30,5685.75,0.007430857846370209,1.0,0.007430857846370209,0.11810709899075185,0.006613821309490018,0.07334661862798092,0.5,0.024100239537684042,,
2012-01-03,5728.0,0.0020076815642458,1.0,0.0020076815642458,0.12011276785582174,0.0017869332702637178,0.07513195723241345,0.5,0.025103576808584247,,
2012-01-04,5739.5,0.0021778900601097106,1.0,0.0021778900601097106,0.12228828975115287,0.001938427027818354,0.0770685079349159,0.5,0.02619192936807279,,
2012-01-05,5752.0,0.0022600834492350064,1.0,0.0022600834492350064,0.12454582305342961,0.002011583102087979,0.07907807051289661,0.5,0.027321333076152053,,
2012-01-06,5765.0,-0.0010841283607979646,1.0,-0.0010841283607979646,0.1234611066003969,-0.0009649264463282044,0.07811267822535255,0.5,0.026779121925851284,,
2012-01-09,5758.75,0.002127197742565645,1.0,0.002127197742565645,0.12558604506123658,0.0018933084241615575,0.08000419660017381,0.5,0.027842155576597725,,
2012-01-10,5771.0,0.0012129613585167842,1.0,0.0012129613585167842,0.12679827137645078,0.0010795940181341202,0.08108320827577727,0.5,0.028448452420773623,,
2012-01-11,5778.0,0.002163378331602628,1.0,0.002163378331602628,0.12895931297470256,0.0019255108906479248,0.08300686774656862,0.5,0.029529556982384728,,
2012-01-12,5790.5,-0.0008203091270183593,1.0,-0.0008203091270183593,0.12813866721004172,-0.0007301146242884114,0.0822764864587934,0.5,0.029119318282485967,,
2012-01-13,5785.75,0.0016419651730545937,1.0,0.0016419651730545937,0.1297792858320733,0.0014614280713623952,0.08373684768343859,0.5,0.029939964047146893,,
2012-01-16,5795.25,0.001337302100858473,1.0,0.001337302100858473,0.13111569454087862,0.0011902632663339057,0.08492640314804216,0.5,0.03060839165006261,,
2012-01-17,5803.0,0.004954333965190516,1.0,0.004954333965190516,0.13605779617893585,0.004409595800478557,0.08932630516761546,0.5,0.033082495512059176,,
2012-01-18,5831.75,0.001757619925408349,1.0,0.001757619925408349,0.13781387329795672,0.0015643663702069495,0.09088944919138468,0.5,0.033960919547376164,,
2012-01-19,5842.0,0.0008130777131118982,1.0,0.0008130777131118982,0.13862662064244963,0.0007236783176894824,0.09161286578018449,0.5,0.03436737578940104,,
2012-01-20,5846.75,-0.000427587976226107,1.0,-0.000427587976226107,0.13819894122441762,-0.00038057388895244994,0.09123221945461066,0.5,0.034153558944095525,,
2012-01-23,5844.25,0.0048765880994139366,1.0,0.0048765880994139366,0.143063677284145,0.004340398236155743,0.09556322533025803,0.5,0.0365888851781586,,
2012-01-24,5872.75,-0.0004256949470009541,1.0,-0.0004256949470009541,0.14263789170332764,-0.00037888900178495834,0.09518426453189938,0.5,0.03637601504941991,,
2012-01-25,5870.25,-0.001149865848984244,1.0,-0.001149865848984244,0.14148736425138966,-0.0010234359763431193,0.09416030448736008,0.5,0.035800916787619035,,
2012-01-26,5863.5,0.0005116398055768911,1.0,0.0005116398055768911,0.141998873213949,0.0004553840645142635,0.09461558489601886,0.5,0.03605670397407565,,
2012-01-27,5866.5,0.0012358305633681788,1.0,0.0012358305633681788,0.14323394076729587,0.0010999487116976807,0.09571492910737134,0.5,0.036674428424719706,,
2012-01-30,5873.75,-0.001191742924026351,1.0,-0.001191742924026351,0.14204148715297485,-0.0010607085896831648,0.09465365756821328,0.5,0.0360783793607515,,
2012-01-31,5866.75,0.0057101461626964944,1.0,0.0057101461626964944,0.14773539222773197,0.005082305051709801,0.09972309129983352,0.5,0.03892938446203083,,
2012-02-01,5900.25,0.0005931952035931332,1.0,0.0005931952035931332,0.14832841156059734,0.0005279722959749476,0.10025092426747464,0.5,0.03922593808745403,,
2012-02-02,5903.75,0.0052085538852424396,1.0,0.0052085538852424396,0.15352344784683036,0.004635863771054466,0.10487607551717822,0.5,0.041826829777028826,,
2012-02-03,5934.5,0.0005897716741090075,1.0,0.0005897716741090075,0.15411304567397557,0.0005249251898771182,0.10540086298202264,0.5,0.042121672143800734,,
2012-02-06,5938.0,0.00037891545975066165,1.0,0.00037891545975066165,0.15449188936339278,0.00033725300550841396,0.1057380591305193,0.5,0.04231111192882683,,
2012-02-07,5940.25,0.00210428854004463,1.0,0.00210428854004463,0.156593966989365,0.0018729181307459827,0.10760922553698611,0.5,0.04336270308300434,,
2012-02-08,5952.75,0.003107807315946509,1.0,0.003107807315946509,0.1596969550544421,0.0027660981648352156,0.11037150509243739,0.5,0.04491540068192662,,
2012-02-09,5971.25,-0.0018421603516851626,1.0,-0.0018421603516851626,0.15785309583866897,-0.001639611420560871,0.10873054803799236,0.5,0.04399389605108088,,
2012-02-10,5960.25,0.003271674845853889,1.0,0.003271674845853889,0.16111943040098511,0.0029119481573450746,0.11163826468693368,0.5,0.04562839694933022,,
2012-02-13,5979.75,0.0013378485722648215,1.0,0.0013378485722648215,0.16245638485122652,0.0011907496522003908,0.11282830595904676,0.5,0.046297097605334445,,
2012-02-14,5987.75,-0.004342198655588492,1.0,-0.004342198655588492,0.1581047314716024,-0.0038647658981120683,0.10895605255534761,0.5,0.04412363802454677,,
2012-02-15,5961.75,0.007086845305489087,1.0,0.007086845305489087,0.16516658310362317,0.006307633582493898,0.11524387627573039,0.5,0.047660797546163196,,
2012-02-16,6004.0,-0.001790473017987959,1.0,-0.001790473017987959,0.16337450527295252,-0.0015936072046136812,0.1136489979285079,0.5,0.04676516007364309,,
2012-02-17,5993.25,0.001710257372877777,1.0,0.001710257372877777,0.1650833018210433,0.0015222114177539765,0.11517005195684044,0.5,0.04761992334584932,,
2012-02-20,6003.5,-0.0002082118764054064,1.0,-0.0002082118764054064,0.16487506826553588,-0.0001853185962548922,0.11498471618697273,0.5,0.04751581198824717,,
2012-02-21,6002.25,-0.0017076929484776127,1.0,-0.0017076929484776127,0.1631659155473261,-0.0015199289565502989,0.11346363096663155,0.5,0.04666160077947463,,
2012-02-22,5992.0,0.0033377837116155273,1.0,0.0033377837116155273,0.16649814122313583,0.002970788231285409,0.11643001512677857,0.5,0.04832910158273182,,
2012-02-23,6012.0,8.316699933463845e-05,1.0,8.316699933463845e-05,0.1665813047642873,7.402263423925685e-05,0.11650403502147783,0.5,0.04837068421782925,,
2012-02-24,6012.5,0.001247401247401303,1.0,0.001247401247401303,0.16782792865313748,0.0011102471776629574,0.11761366633054512,0.5,0.048994190421131775,,
2012-02-27,6020.0,0.003529900332225999,1.0,0.003529900332225999,0.17135161350956465,0.0031417812748303635,0.12075052252357628,0.5,0.05075758489291336,,
2012-02-28,6041.25,-0.0016966687357748977,1.0,-0.0016966687357748977,0.1696535038012576,-0.0015101168763839178,0.11923926427148365,0.5,0.04990889048578912,,
2012-02-29,6031.0,0.0043525120212237756,1.0,0.0043525120212237756,0.1739965710378092,0.00387394529015824,0.12310572515880383,0.5,0.05208278188133944,,
2012-03-01,6057.25,-0.0004127285484336607,1.0,-0.0004127285484336607,0.17358375729350553,-0.00036734828267490343,0.12273830938722008,0.5,0.0518763963110859,,
2012-03-02,6054.75,-0.0047483380816714105,1.0,-0.0047483380816714105,0.1688241100405175,-0.0042262495446016,0.11850310400804381,0.5,0.04949940446216547,,
2012-03-05,6026.0,-0.004190175904414173,1.0,-0.004190175904414173,0.16462513074861404,-0.0037294583290492117,0.11476667390993449,0.5,0.04740211874298132,,
2012-03-06,6000.75,0.002874640669916273,1.0,0.002874640669916273,0.16749564754026156,0.002558568621939925,0.11732197496751619,0.5,0.04883840712178292,,
2012-03-07,6018.0,0.0050265869059489265,1.0,0.0050265869059489265,0.17250964333416802,0.004473904397028378,0.1217859012040891,0.5,0.051348547534671996,,
2012-03-08,6048.25,0.0019427107014424738,1.0,0.0019427107014424738,0.17445046941363118,0.0017291060737557812,0.12351351409493769,0.5,0.05231943142506331,,
2012-03-09,6060.0,0.0005363036303629443,1.0,0.0005363036303629443,0.174986629284599,0.00047733605623796564,0.12399073626256102,0.5,0.05258754729397275,,
2012-03-12,6063.25,0.008246402506906447,1.0,0.008246402506906447,0.18319921599294756,0.007339695329180778,0.13130362710590984,0.5,0.05670227144700959,,
2012-03-13,6113.25,0.000572526888316327,1.0,0.000572526888316327,0.18377157905027375,0.0005095765001146121,0.13181307381600982,0.5,0.05698849392560567,,
2012-03-14,6116.75,0.0016348551109657272,1.0,0.0016348551109657272,0.18540509924035933,0.0014550997737247122,0.1332671159579077,0.5,0.05780558756913784,,
2012-03-15,6126.75,0.000204023340270032,1.0,0.000204023340270032,0.18560910177069811,0.00018159059739924997,0.13344869006973012,0.5,0.05790759403643646,,
2012-03-16,6128.0,0.003141318537859039,1.0,0.003141318537859039,0.18874549667591664,0.002795924766039867,0.13624071350830824,0.5,0.05947702111016691,,
2012-03-19,6147.25,0.0011387205661068656,1.0,0.0011387205661068656,0.1898835693915268,0.0010135161378912632,0.13725371638548803,0.5,0.06004621936915154,,
2012-03-20,6154.25,-0.000446845675752483,1.0,-0.000446845675752483,0.18943662385049467,-0.00039771416886798044,0.13685592310736405,0.5,0.05982277156867492,,
2012-03-21,6151.5,-0.00020320247094207655,1.0,-0.00020320247094207655,0.18923340073113323,-0.0001808599841691516,0.1366750467660557,0.5,0.059721165171448605,,
2012-03-22,6150.25,-0.0004471362952725988,1.0,-0.0004471362952725988,0.18878616444061858,-0.00039797283423540294,0.13627699471961502,0.5,0.05949757202872848,,
2012-03-23,6147.5,0.007482716551443724,1.0,0.007482716551443724,0.19624102434452562,0.006659978054214358,0.1429148930992044,0.5,0.06323194883161905,,
2012-03-26,6193.5,-8.07297973681731e-05,1.0,-8.07297973681731e-05,0.19616029128833196,-7.18534071278523e-05,0.14284303711049684,0.5,0.06319158311825054,,
2012-03-27,6193.0,-0.0015743581462942524,1.0,-0.0015743581462942524,0.19458469253797692,-0.0014012545619906307,0.1414407998732397,0.5,0.062404094056968694,,
2012-03-28,6183.25,-0.0010916589172360602,1.0,-0.0010916589172360602,0.19349243732713942,-0.0009716290041852253,0.14046869853161098,0.5,0.06185811557922316,,
2012-03-29,6176.5,-0.000971423945600236,1.0,-0.000971423945600236,0.19252054124350926,-0.000864614089623324,0.13960371044763628,0.5,0.06137228561015304,,
2012-03-30,6170.5,0.0036058666234501935,1.0,0.0036058666234501935,0.19611992231591857,0.0032093949321077564,0.14280796626452671,0.5,0.0631735955884965,,
2012-04-02,6192.75,0.0002825885107584636,1.0,0.0002825885107584636,0.19640247090606439,0.00025151738236848804,0.14305945202170114,0.5,0.06331487986278261,,
2012-04-03,6194.5,-0.006497699572201143,1.0,-0.006497699572201143,0.18988356939152667,-0.0057832655100891394,0.13725939867466258,0.5,0.060060741105727455,,
2012-04-04,6154.25,0.003087297396108468,1.0,0.003087297396108468,0.192966110871134,0.00274784334854277,0.14000347360344428,0.5,0.06160319960280758,,
2012-04-05,6173.25,-0.005062163366136185,1.0,-0.005062163366136185,0.1878910913510386,-0.004505569159747215,0.13548772377565851,0.5,0.05906890931719605,,
2012-04-06,6142.0,0.0008140670791272342,1.0,0.0008140670791272342,0.18870482725728027,0.0007245589010851547,0.13621202031066856,0.5,0.05947586004108026,,
2012-04-09,6147.0,-0.004636408003904302,1.0,-0.004636408003904302,0.1840576377759937,-0.0041266263854974885,0.1320768559056018,0.5,0.05715496484426712,,
2012-04-10,6118.5,0.0010623518836316848,1.0,0.0010623518836316848,0.18511942576319868,0.0009455443330237066,0.13302195349317222,0.5,0.057685999762079145,,
2012-04-11,6125.0,0.004897959183673528,1.0,0.004897959183673528,0.19000542896882489,0.00435941953025196,0.13737189828037677,0.5,0.06013198549033968,,
2012-04-12,6155.0,-0.007554833468724653,1.0,-0.007554833468724653,0.1824219131943855,-0.006724165583319133,0.13062502363876763,0.5,0.0563474162998318,,
2012-04-13,6108.5,-0.004297290660554953,1.0,-0.004297290660554953,0.17811536264250175,-0.0038247956200284454,0.12679289478324826,0.5,0.054196459319305515,,
2012-04-16,6082.25,0.007974022771178424,1.0,0.007974022771178424,0.18605776089926027,0.007097264248183685,0.13386509198660512,0.5,0.05817554363821814,,
2012-04-17,6130.75,-0.0014272315785180956,1.0,-0.0014272315785180956,0.18462950985562882,-0.0012703048319234094,0.13259397963356095,0.5,0.057461673104011235,,
2012-04-18,6122.0,-0.002736033975824892,1.0,-0.002736033975824892,0.18188972609759607,-0.0024352019897189445,0.1301558077169156,0.5,0.05609271952658149,,
2012-04-19,6105.25,-0.0023750051185454923,1.0,-0.0023750051185454923,0.179511896180901,-0.0021138689217230747,0.12803970142071644,0.5,0.05490451132745663,,
2012-04-20,6090.75,-0.0030784386159340427,1.0,-0.0030784386159340427,0.17642870942573685,-0.0027399586076010058,0.12529598225577804,0.5,0.05336410620447484,,
2012-04-23,6072.0,0.0029644268774704496,1.0,0.0029644268774704496,0.17938875105421379,0.0026384826702365396,0.1279309902412025,0.5,0.05484522224911893,,
2012-04-24,6090.0,0.005459770114942586,1.0,0.005459770114942586,0.18483367065338185,0.004859458312577309,0.13277867949832353,0.5,0.057571387937805196,,
2012-04-25,6123.25,0.0028171314253051527,1.0,0.0028171314253051527,0.1876468414007099,0.002507382624930509,0.13528292388418955,0.5,0.05897896255234973,,
2012-04-26,6140.5,0.002320657926878855,1.0,0.002320657926878855,0.18996481075967617,0.0020654973041000406,0.13734629098151954,0.5,0.060138618854426173,,
2012-04-27,6154.75,-0.0028839514196352667,1.0,-0.0028839514196352667,0.187076692739368,-0.0025668556375405384,0.13477613532171692,0.5,0.05869560249712203,,
2012-04-30,6137.0,-0.00020368258106562287,1.0,-0.00020368258106562287,0.18687298941218833,-0.00018128730529837542,0.13459483158188873,0.5,0.05859375602041287,,
2012-05-01,6135.75,0.001670537424112828,1.0,0.001670537424112828,0.18854213304070105,0.0014868587506750611,0.13608058605256163,0.5,0.059428676089685516,,
2012-05-02,6146.0,-0.005328669053042634,1.0,-0.005328669053042634,0.18319921599294758,-0.004742772054433612,0.13132653136664643,0.5,0.056760785906886796,,
2012-05-03,6113.25,-0.011450537766327207,1.0,-0.011450537766327207,0.1716826160364813,-0.010191530002292835,0.12108271214766514,0.5,0.05101906484635293,,
2012-05-04,6043.25,0.002151160385554185,1.0,0.002151160385554185,0.1738314659893475,0.0019146363303206991,0.12299551789807125,0.5,0.05209406701718994,,
2012-05-07,6056.25,-0.002270381836945279,1.0,-0.002270381836945279,0.17155850292790925,-0.0020207491630596422,0.12097272426671891,0.5,0.050958231281466586,,
2012-05-08,6042.5,-0.0026479106330161706,1.0,-0.0026479106330161706,0.16890708037866942,-0.002356767971119529,0.11861317474679506,0.5,0.04963339876178107,,
2012-05-09,6026.5,0.0,1.0,0.0,0.16890708037866942,0.0,0.11861317474679506,0.5,0.04963339876178107,,
2012-05-10,6026.5,0.00045631792914635483,1.0,0.00045631792914635483,0.16936329422645113,0.0004061449305162982,0.11901923722278397,0.5,0.04986153170205602,,
2012-05-11,6029.25,-0.004602562507774577,1.0,-0.004602562507774577,0.16475010731567066,-0.004096502264142861,0.11491432130768639,0.5,0.047557598430991124,,
2012-05-14,6001.5,-0.0007081562942597985,1.0,-0.0007081562942597985,0.16404170016030273,-0.0006302932025153424,0.11428382938690558,0.5,0.04720345758339314,,
2012-05-15,5997.25,-0.003376547584309497,1.0,-0.003376547584309497,0.16065943917452538,-0.003005289944622177,0.11127401449032191,0.5,0.04551375705099475,,
2012-05-16,5977.0,-0.008532708716747495,1.0,-0.008532708716747495,0.1520901184837818,-0.007594521642755194,0.103650507622207,0.5,0.04123827583467496,,
2012-05-17,5926.0,-0.00666554168072897,1.0,-0.00666554168072897,0.14540226286852276,-0.005932653068963426,0.0977001864532296,0.5,0.037899938943217276,,
2012-05-18,5886.5,0.012613607406778193,1.0,0.012613607406778193,0.15793698141878768,0.011226717988857958,0.10886435257639518,0.5,0.04418693798591772,,
2012-05-21,5960.75,-0.0012582309273161396,1.0,-0.0012582309273161396,0.15667795825432373,-0.0011198861142805768,0.10774383892110007,0.5,0.043557624546088636,,
2012-05-22,5953.25,0.0004199386889514045,1.0,0.0004199386889514045,0.1570978087937013,0.0003737656549334732,0.10811753474305137,0.5,0.0437675718500867,,
2012-05-23,5955.75,8.395248289461144e-05,1.0,8.395248289461144e-05,0.15718175775278345,7.472175243188128e-05,0.10819225370395216,0.5,0.04380954721055619,,
2012-05-24,5956.25,-0.002266526757607523,1.0,-0.002266526757607523,0.15491265853563715,-0.0020173179568111904,0.10617289822058444,0.5,0.04267564120325221,,
2012-05-25,5942.75,0.002187539438812003,1.0,0.002187539438812003,0.1570978087937013,0.0019470154395204743,0.10811802068225053,0.5,0.043768813192371914,,
2012-05-28,5955.75,0.003358099315787344,1.0,0.003358099315787344,0.1604502822851809,0.0029888700972778206,0.11110243298759762,0.5,0.045446454822267626,,
2012-05-29,5975.75,-0.0048529473287871605,1.0,-0.0048529473287871605,0.15558552117088933,-0.004319356811898043,0.10677372080488974,0.5,0.04301703249979223,,
2012-05-30,5946.75,-0.0014713919367721484,1.0,-0.0014713919367721484,0.15411304567397652,-0.0013096096772715188,0.10546325283943464,0.5,0.04228106577432247,,
2012-05-31,5938.0,-0.011199056921522343,1.0,-0.011199056921522343,0.1428508071554073,-0.009967699940584494,0.09544554277634823,0.5,0.03666580118330366,,
2012-06-01,5871.5,0.0030230775781316943,1.0,0.0030230775781316943,0.14586932442298736,0.0026906846180963476,0.09813261398283697,0.5,0.038176198747473224,,
2012-06-04,5889.25,0.002844165216283834,1.0,0.002844165216283834,0.1487094526541394,0.002531444000689223,0.10066085927625686,0.5,0.0395972711537566,,
2012-06-05,5906.0,0.010243819844226287,1.0,0.010243819844226287,0.1589011601599819,0.009117492943215852,0.10973703880731009,0.5,0.04470610871322025,,
2012-06-06,5966.5,-0.001969328752199795,1.0,-0.001969328752199795,0.15692988973029534,-0.0017527974206978912,0.10798270343981099,0.5,0.04372095923668679,,
2012-06-07,5954.75,0.004366262227633477,1.0,0.004366262227633477,0.16128664749096228,0.003886183635991594,0.11186135537092887,0.5,0.04590171078241696,,
2012-06-08,5980.75,-0.007942147723947635,1.0,-0.007942147723947635,0.15331279291988706,-0.007068893921234291,0.10476735844880787,0.5,0.04192273127041371,,
2012-06-11,5933.25,0.005309063329541175,1.0,0.005309063329541175,0.15860781285562595,0.004725322016421479,0.10948155117702597,0.5,0.044573745888704046,,
2012-06-12,5964.75,-0.0036883356385430943,1.0,-0.0036883356385430943,0.15491265853563754,-0.0032827963267610684,0.10619335465266536,0.5,0.04272787549841995,,
2012-06-13,5942.75,0.0030289007614319186,1.0,0.0030289007614319186,0.157936981418788,0.0026958675316436577,0.10888559485117887,0.5,0.04424118025567227,,
2012-06-14,5960.75,0.004613513400159475,1.0,0.004613513400159475,0.16253988518527734,0.004106249085695712,0.11298343630412866,0.5,0.046545280476964566,,
2012-06-15,5988.25,0.0040913455517053166,1.0,0.0040913455517053166,0.16662288394144226,0.0036414945560523243,0.11661831667103942,0.5,0.04858886371345498,,
2012-06-18,6012.75,0.0037420481476861944,1.0,0.0037420481476861944,0.1703579480446235,0.0033306030463755936,0.11994338554377462,0.5,0.05045813960201372,,
2012-06-19,6035.25,0.0011184292282837571,1.0,0.0011184292282837571,0.17147575229688883,0.000995455870117726,0.1209383462762622,0.5,0.051017197913931576,,
2012-06-20,6042.0,-0.011130420390599194,1.0,-0.011130420390599194,0.16028292527043955,-0.00990661012293299,0.11098233918282197,0.5,0.045436444241068734,,
2012-06-21,5974.75,0.003765847943428602,1.0,0.003765847943428602,0.164041700160303,0.003351786010643916,0.11432852047911221,0.5,0.04731759773354508,,
2012-06-22,5997.25,-0.007628496394180617,1.0,-0.007628496394180617,0.156383957958206,-0.006789729134146312,0.10751563626343494,0.5,0.04349605674154064,,
2012-06-25,5951.5,0.0030244476182474944,1.0,0.0030244476182474944,0.1594038411357145,0.002691904019772449,0.11020392359863947,0.5,0.04500713829166224,,
2012-06-26,5969.5,0.0019264595024708342,1.0,0.0019264595024708342,0.1613284473948285,0.0017146417241092737,0.11191709700281652,0.5,0.04596990443480438,,
2012-06-27,5981.0,-0.005517471994649692,1.0,-0.005517471994649692,0.1557956979303172,-0.004910815764098321,0.10699418356042001,0.5,0.043207356112247845,,
2012-06-28,5948.0,0.014584734364492258,1.0,0.014584734364492258,0.170275098003151,0.012981115899054506,0.11989176689511628,0.5,0.0504732625480473,,
2012-06-29,6034.75,0.00020713368407965227,1.0,0.00020713368407965227,0.17048221023801097,0.0001843589531655974,0.12007610885625847,0.5,0.05057682402741183,,
2012-07-02,6036.0,0.004597415506958358,1.0,0.004597415506958358,0.17506908990969786,0.00409192118556727,0.1241596809006003,0.5,0.052872893794089895,,
2012-07-03,6063.75,8.245722531441402e-05,1.0,8.245722531441402e-05,0.17515154373560213,7.339090118273286e-05,0.12423306910880261,0.5,0.05291412155687127,,
2012-07-04,6064.25,0.00020612606670233902,1.0,0.00020612606670233902,0.1753576485612456,0.00018346212517888761,0.12441651440686387,0.5,0.053017179279592944,,
2012-07-05,6065.5,-0.005440606710081619,1.0,-0.005440606710081619,0.16990218784945832,-0.004842401959454667,0.11956235003144723,0.5,0.050293169175533156,,
2012-07-06,6032.5,-0.0012018234562785057,1.0,-0.0012018234562785057,0.16869964162421797,-0.001069680748806471,0.11849209676587873,0.5,0.04969207682758007,,
2012-07-09,6025.25,-0.004149205427160685,1.0,-0.004149205427160685,0.16454180435909882,-0.0036929926313974313,0.1147922682019716,0.5,0.04761531914480435,,
2012-07-10,6000.25,-0.0019999166701387683,1.0,-0.0019999166701387683,0.1625398851852772,-0.0017800221405970256,0.11301065993946319,0.5,0.04661486051785718,,
2012-07-11,5988.25,-0.0043000876716904335,1.0,-0.0043000876716904335,0.15823052554686814,-0.0038272850946265576,0.10917603204793308,0.5,0.04446250201941805,,
2012-07-12,5962.5,0.006373165618448695,1.0,0.006373165618448695,0.1645834684217676,0.005672424294429858,0.11483242872540654,0.5,0.04764401843378036,,
2012-07-13,6000.5,-0.0010415798683443,1.0,-0.0010415798683443,0.1635413457321517,-0.0009270562391603762,0.1139049425038451,0.5,0.04712309284142883,,
2012-07-16,5994.25,0.002502398131542627,1.0,0.002502398131542627,0.16604061807904244,0.0022272548377855325,0.11612972068632102,0.5,0.04837350980995389,,
2012-07-17,6009.25,0.007030827474310497,1.0,0.007030827474310497,0.17304684452893004,0.006257775015257095,0.12236799713034299,0.5,0.05188275892348138,,
2012-07-18,6051.5,0.004213831281500546,1.0,0.004213831281500546,0.17725182248562685,0.0037505127537593146,0.12611149424716328,0.5,0.053987458130153446,,
2012-07-19,6077.0,-0.006541056442323501,1.0,-0.006541056442323501,0.17068927958627553,-0.005821855212308798,0.12027262597193648,0.5,0.0507115700419807,,
2012-07-20,6037.25,-0.006584123566193201,1.0,-0.006584123566193201,0.1640833850641213,-0.0058601870264111235,0.11439520067019644,0.5,0.047414077501290314,,
2012-07-23,5997.5,-0.009503959983326427,1.0,-0.009503959983326427,0.1545339742486137,-0.008458982039734355,0.10590023839409332,0.5,0.04265077095609053,,
2012-07-24,5940.5,0.0045029879639761905,1.0,0.0045029879639761905,0.15902685409541523,0.004007876125240445,0.10990010437911633,0.5,0.044899734123533604,,
2012-07-25,5967.25,0.005069336796681867,1.0,0.005069336796681867,0.16408338506412135,0.004511953858362914,0.11440190988814179,0.5,0.04743119566766149,,
2012-07-26,5997.5,0.011129637348895383,1.0,0.011129637348895383,0.17515154373560224,0.009905913178109935,0.12425908113289022,0.5,0.05298058794228699,,
2012-07-27,6064.25,-0.0005771529867667491,1.0,-0.0005771529867667491,0.17457422413193838,-0.0005136939505010632,0.12374525519644958,0.5,0.05269196980269504,,
2012-07-30,6060.75,-0.0004537392236934057,1.0,-0.0004537392236934057,0.1741203819374543,-0.00040384975848795096,0.12334132386868601,0.5,0.05246507445204493,,
2012-07-31,6058.0,-0.0016919775503466683,1.0,-0.0016919775503466683,0.1724269713764495,-0.0015059414954530137,0.1218342473036304,0.5,0.051618727626415783,,
2012-08-01,6047.75,-0.001074779876813703,1.0,-0.001074779876813703,0.1713516135095655,-0.0009566058454144434,0.12087718361883971,0.5,0.05108119324228447,,
2012-08-02,6041.25,0.008979929650320795,1.0,0.008979929650320795,0.18029146335547266,0.007992569809153902,0.12883798201977154,0.5,0.05556110824637925,,
2012-08-03,6095.5,0.0024198178984495833,1.0,0.0024198178984495833,0.1827083582091325,0.002153754453756491,0.13098942046921142,0.5,0.056770285845623165,,
2012-08-06,6110.25,0.0036005073442166857,1.0,0.0036005073442166857,0.186302399243464,0.0032046249155187035,0.13418892151810097,0.5,0.05856892100328958,,
2012-08-07,6132.25,-0.0004484487749194521,1.0,-0.0004484487749194521,0.1858538498853206,-0.0003991410043223695,0.1337897008358054,0.5,0.05834467147378349,,
2012-08-08,6129.5,0.0018761726078799779,1.0,0.0018761726078799779,0.18772826467967096,0.0016698839664036078,0.1354581920962011,0.5,0.05928231804974718,,
2012-08-09,6141.0,0.0006106497313140835,1.0,0.0006106497313140835,0.1883387280403055,0.0005435076661535462,0.13600155211555875,0.5,0.05958759631325314,,
2012-08-10,6144.75,0.0009357581675413229,1.0,0.0009357581675413229,0.18927404865911135,0.0008328698296976943,0.13683407530163916,0.5,0.06005536597573465,,
2012-08-13,6150.5,-0.0005284123242013106,1.0,-0.0005284123242013106,0.18874549667591733,-0.0004703124137554201,0.1363636522563115,0.5,0.059791124905037143,,
2012-08-14,6147.25,0.0026434584570336206,1.0,0.0026434584570336206,0.19138546734184575,0.0023528053201045626,0.13871369406380155,0.5,0.06111198141838804,,
2012-08-15,6163.5,0.004137259673886673,1.0,0.004137259673886673,0.19551419208963322,0.0036823603357466453,0.14238929110889095,0.5,0.06317847458677381,,
2012-08-16,6189.0,0.0016157699143641846,1.0,0.0016157699143641846,0.1971286580521911,0.0014381130297190054,0.14382637104441903,0.5,0.06398603338056054,,
2012-08-17,6199.0,0.0005646071947087439,1.0,0.0005646071947087439,0.19769310591622768,0.0005025275914381997,0.144328772411153,0.5,0.06426829713775202,,
2012-08-20,6202.5,-0.000927045546150751,1.0,-0.000927045546150751,0.19676563039759803,-0.0008251151771117037,0.1435033166391473,0.5,0.06380466690478805,,
2012-08-21,6196.75,0.0012506555855891222,1.0,0.0012506555855891222,0.19801550456494582,0.0011131436953598205,0.1446158412494417,0.5,0.06442979926162858,,
2012-08-22,6204.5,-0.0035458135224434306,1.0,-0.0035458135224434306,0.19446338974584276,-0.003155944780409121,0.1414549059727175,0.5,0.06265531904120886,,
2012-08-23,6182.5,0.0028305701577031606,1.0,0.0028305701577031606,0.1972899613834544,0.002519343743894707,0.14397108149028073,0.5,0.06406960354808505,,
2012-08-24,6200.0,0.0008467741935482831,1.0,0.0008467741935482831,0.1981363772659933,0.0007536698079013209,0.14472446743171116,0.5,0.06449290104183282,,
2012-08-27,6205.25,-0.00024173079247413742,1.0,-0.00024173079247413742,0.1978946172519219,-0.00021515204562906775,0.14450929223756037,0.5,0.06437202834078523,,
2012-08-28,6203.75,-0.00012089462018938235,1.0,-0.00012089462018938235,0.1977737153233889,-0.00010760203353934593,0.1444016844145069,0.5,0.06431157920367836,,
2012-08-29,6203.0,-0.004393035627921926,1.0,-0.004393035627921926,0.19337100196096416,-0.003910013251497124,0.14048400707688774,0.5,0.06211264550612798,,
2012-08-30,6175.75,0.0027527021009594588,1.0,0.0027527021009594588,0.1961199223159191,0.002450037423727159,0.14293104805220194,0.5,0.0634880502536978,,
2012-08-31,6192.75,0.0014936821282951485,1.0,0.0014936821282951485,0.1976124900106657,0.0013294490210909468,0.14425961413840102,0.5,0.06423461257083564,,
2012-09-03,6202.0,-0.0011286681715575453,1.0,-0.0011286681715575453,0.19648318441351428,-0.0010045690226784252,0.14325454019808387,0.5,0.06367011918864281,,
2012-09-04,6195.0,-0.0005246166263115359,1.0,-0.0005246166263115359,0.19595843012775271,-0.0004669340598551311,0.14278749709057392,0.5,0.06340777646664421,,
2012-09-05,6191.75,0.00969031372390683,1.0,0.00969031372390683,0.20560209388803447,0.008624845842546287,0.15137536143788036,0.5,0.06824123333307834,,
2012-09-06,6251.75,-0.0009197424721077985,1.0,-0.0009197424721077985,0.2046819281932954,-0.0008186150895405686,0.15055641110003534,0.5,0.06778125632381819,,
2012-09-07,6246.0,-0.006404098623118748,1.0,-0.006404098623118748,0.19825723535859707,-0.005699956158136991,0.14484014819711943,0.5,0.06457406948234781,,
2012-09-10,6206.0,-0.0005639703512729799,1.0,-0.0005639703512729799,0.19769310591622763,-0.0005019607701137517,0.14433806140252364,0.5,0.06429204454141603,,
2012-09-11,6202.5,0.002418379685610539,1.0,0.002418379685610539,0.2001085660278312,0.0021524743750739065,0.14648822252351523,0.5,0.06550050390298444,,
2012-09-12,6217.5,0.005066344993968741,1.0,0.005066344993968741,0.20516212027935327,0.004509291009880685,0.15098737714122829,0.5,0.06803047332667016,,
2012-09-13,6249.0,0.0047607617218754505,1.0,0.0047607617218754505,0.209911585414526,0.004237307182632323,0.15521573221742108,0.5,0.07040802556899002,,
2012-09-14,6278.75,-0.0005972526378658083,1.0,-0.0005972526378658083,0.2093141543502562,-0.0005315836078596961,0.1546840072689035,0.5,0.07010935465233904,,
2012-09-17,6275.0,0.0010358565737051961,1.0,0.0010358565737051961,0.2103494747947441,0.0009219622313315108,0.15560554475410354,0.5,0.07062714886062982,,
2012-09-18,6281.5,-3.979941096876605e-05,1.0,-3.979941096876605e-05,0.21030967459175778,-3.542339226674281e-05,0.15557012073441362,0.5,0.07060724895714367,,
2012-09-19,6281.25,0.0003184079601989964,1.0,0.0003184079601989964,0.2106280318709001,0.00028339841722366537,0.15585347900189125,0.5,0.07076644026563447,,
2012-09-20,6283.25,-0.000358094934946096,1.0,-0.000358094934946096,0.21026987280465226,-0.0003187217358388607,0.15553470646348508,0.5,0.07058737676725003,,
2012-09-21,6281.0,-0.002109536697977976,1.0,-0.002109536697977976,0.20815810789992678,-0.0018775892440269467,0.1536553523392808,0.5,0.06953205175866035,,
2012-09-24,6267.75,-0.005424594152606543,1.0,-0.005424594152606543,0.2027187472106039,-0.004828150012231667,0.14881550915801356,0.5,0.06681606974002831,,
2012-09-25,6233.75,-0.004411469821535952,1.0,-0.004411469821535952,0.19829751814375438,-0.003926420571495482,0.144881359960074,0.5,0.06460789861292107,,
2012-09-26,6206.25,0.005760322255790484,1.0,0.005760322255790484,0.20404131318099633,0.0051269641907477105,0.14999522601993845,0.5,0.06748392002355189,,
2012-09-27,6242.0,-0.003724767702659393,1.0,-0.003724767702659393,0.2003095912571745,-0.0033152226181775817,0.14667449587543746,0.5,0.06561979977919556,,
2012-09-28,6218.75,-0.000562814070351747,1.0,-0.000562814070351747,0.1997466187475332,-0.0005009316244141954,0.14617343874286134,0.5,0.06533835314163017,,
2012-10-01,6215.25,0.0011664856602711104,1.0,0.0011664856602711104,0.20091242459201872,0.0010382284087003704,0.14721112856519894,0.5,0.0659214259517716,,
2012-10-02,6222.5,0.002450783447167648,1.0,0.002450783447167648,0.20336020976717833,0.0021813152832334845,0.14939006823426507,0.5,0.06714606749569739,,
2012-10-03,6237.75,0.0019237705903571989,1.0,0.0019237705903571989,0.2052821322806977,0.001712248462846014,0.15110085247088628,0.5,0.06810749047565462,,
2012-10-04,6249.75,-0.00288011520460818,1.0,-0.00288011520460818,0.20239786156347225,-0.0025634412214369756,0.1485341200081959,0.5,0.06666639499387768,,
2012-10-05,6231.75,-0.00441288562602804,1.0,-0.00441288562602804,0.19797521041766553,-0.003927680705670222,0.14459870570796082,0.5,0.06445751439937648,,
2012-10-08,6204.25,-0.006487488415199305,1.0,-0.006487488415199305,0.19146658679027811,-0.005774177088648498,0.13880779360707682,0.5,0.06120849784902652,,
2012-10-09,6164.0,-0.0028390655418559785,1.0,-0.0028390655418559785,0.1886234834576674,-0.0025269050448782342,0.1362776905491261,0.5,0.05978795658695084,,
2012-10-10,6146.5,-0.0005287562027169734,1.0,-0.0005287562027169734,0.18809458741409282,-0.0004706184821935181,0.13580696129129796,0.5,0.05952354353154125,,
2012-10-11,6143.25,-0.0006104260774020265,1.0,-0.0006104260774020265,0.1874839749508391,-0.0005433086034019642,0.13526350504229623,0.5,0.0592182839058611,,
2012-10-12,6139.5,0.0032575942666341895,1.0,0.0032575942666341895,0.1907362747523006,0.0028994157638020193,0.13815872560733988,0.5,0.06084575598775901,,
2012-10-15,6159.5,0.005438753145547537,1.0,0.005438753145547537,0.19616029128833273,0.004840752197762615,0.14298779903836167,0.5,0.06356144174569008,,
2012-10-16,6193.0,0.0009688357823349758,1.0,0.0009688357823349758,0.1971286580521913,0.0008623104996865876,0.1438497379619433,0.5,0.06404574234438863,,
2012-10-17,6199.0,-0.006452653653815088,1.0,-0.006452653653815088,0.1906550960373152,-0.005743172473580202,0.13809001005576574,0.5,0.06081419970344885,,
2012-10-18,6159.0,-0.010594252313687269,1.0,-0.010594252313687269,0.18000432509642927,-0.009429394715793885,0.12861587713940872,0.5,0.05550299403118794,,
2012-10-19,6093.75,0.004389743589743533,1.0,0.004389743589743533,0.18438446186583907,0.003907083178993241,0.1325153474917733,0.5,0.05769546061374046,,
2012-10-22,6120.5,-0.004819867657871124,1.0,-0.004819867657871124,0.1795529411867565,-0.004289914311861217,0.12821620509626191,0.5,0.05528261822036996,,
2012-10-23,6091.0,-0.0015186340502381102,1.0,-0.0015186340502381102,0.1780331528430482,-0.0013516574331573549,0.1268636333502115,0.5,0.05452301276806423,,
2012-10-24,6081.75,-0.002754141488880646,1.0,-0.002754141488880646,0.17527521172842234,-0.002451318548289435,0.12440930540160432,0.5,0.05314499299034897,,
2012-10-25,6065.0,0.0036685902720527963,1.0,0.0036685902720527963,0.1789370891360065,0.0032652219997644874,0.12766920813991608,0.5,0.054977607861473,,
2012-10-26,6087.25,-0.0025463058031131025,1.0,-0.0025463058031131025,0.1763875359826027,-0.00226633477981736,0.12540030133665267,0.5,0.053703643812211176,,
2012-10-29,6071.75,0.0019351916663234991,1.0,0.0019351916663234991,0.17832085757777558,0.0017224137704275767,0.12712123345358492,0.5,0.054670771826273626,,
2012-10-30,6083.5,-0.003780718336483968,1.0,-0.003780718336483968,0.1745329742608385,-0.0033650213765334834,0.12375053765935187,0.5,0.052778623674235706,,
2012-10-31,6060.5,0.008910155927728702,1.0,0.008910155927728702,0.18340366897969632,0.007930467836156606,0.13164972460800375,0.5,0.057223807154514236,,
2012-11-01,6114.5,-0.007277782320713078,1.0,-0.007277782320713078,0.17609927440381568,-0.006477576720442057,0.1251510773474969,0.5,0.05357827912426258,,
2012-11-02,6070.0,0.0027182866556836327,1.0,0.0027182866556836327,0.1788138731999227,0.002419406020187118,0.1275675613170743,0.5,0.054936499652861286,,
2012-11-05,6086.5,0.003039513677811634,1.0,0.003039513677811634,0.1818487768950768,0.0027053135382769677,0.13026922208113106,0.5,0.05645510283005136,,
2012-11-06,6105.0,-0.010360360360360366,1.0,-0.010360360360360366,0.17143437441336187,-0.009221219614478046,0.12100522383722254,0.5,0.05126145900030746,,
2012-11-07,6041.75,-0.006330947159349565,1.0,-0.006330947159349565,0.1650833018210444,-0.005634847832840022,0.11535444035784247,0.5,0.048090964711058774,,
2012-11-08,6003.5,0.0011243441325892167,1.0,0.0011243441325892167,0.16620701435215,0.0010007204197764377,0.11635466039074338,0.5,0.048652978817834654,,
2012-11-09,6010.25,0.0,1.0,0.0,0.16620701435215,0.0,0.11635466039074338,0.5,0.048652978817834654,,
2012-11-12,6010.25,-0.0014558462626346191,1.0,-0.0014558462626346191,0.16475010731567105,-0.0012957732787012783,0.11505804687192832,0.5,0.04792479062183577,,
2012-11-13,6001.5,-0.006956594184787113,1.0,-0.006956594184787113,0.15776920322117127,-0.006191703812944549,0.10884709496747776,0.5,0.044440430189963596,,
2012-11-14,5959.75,-0.0013003901170350884,1.0,-0.0013003901170350884,0.1564679668631995,-0.001157409823267988,0.10768901482819013,0.5,0.043790023662970134,,
2012-11-15,5952.0,0.0017221102150537515,1.0,0.0017221102150537515,0.15818859594666093,0.0015327610180534594,0.10922060236703011,0.5,0.04465070827521058,,
2012-11-16,5962.25,0.009350496876179282,1.0,0.009350496876179282,0.1674956475402622,0.008322392484496647,0.11750855469426051,0.5,0.0493150616841029,,
2012-11-19,6018.0,0.0002492522432702149,1.0,0.0002492522432702149,0.1677448687253528,0.00022184649902621856,0.11773037658899102,0.5,0.04943968004054805,,
2012-11-20,6019.5,0.0013705457263892828,1.0,0.0013705457263892828,0.16911447611120925,0.0012198516938729653,0.11894948486829539,0.5,0.050124718211506714,,
2012-11-21,6027.75,-4.147484550620639e-05,1.0,-4.147484550620639e-05,0.16907300040559786,-3.691460968409542e-05,0.11891256957725033,0.5,0.05010398057373033,,
2012-11-22,6027.5,0.0057237660721691785,1.0,0.0057237660721691785,0.17478044796802017,0.005094427426994879,0.1239940643133478,0.5,0.05296177621912438,,
2012-11-23,6062.0,0.0023919498515341253,1.0,0.0023919498515341253,0.17716954166112664,0.002128950550041208,0.12612075185947982,0.5,0.0541570365365923,,
2012-11-26,6076.5,-0.0012754052497325752,1.0,-0.0012754052497325752,0.17589332238990674,-0.001135172088245125,0.12498493497538404,0.5,0.05351913049292215,,
2012-11-27,6068.75,0.003419155509783778,1.0,0.003419155509783778,0.17930664587743694,0.0030432130500402965,0.1280235268257467,0.5,0.05522724858313405,,
2012-11-28,6089.5,0.002709582067493166,1.0,0.002709582067493166,0.18201256364509485,0.002411658517536052,0.13043228196191947,0.5,0.05658112271555439,,
2012-11-29,6106.0,0.00020471667212573763,1.0,0.00020471667212573763,0.18221725936562205,0.00018220769613759474,0.13061447306025092,0.5,0.056683475813360314,,
2012-11-30,6107.25,-0.0018830079004461542,1.0,-0.0018830079004461542,0.18033247637711275,-0.0016759677059348193,0.1289370993492748,0.5,0.055741528369904245,,
2012-12-03,6095.75,-0.0006972070704999167,1.0,-0.0006972070704999167,0.1796350261447339,-0.0006205478661191073,0.12831635886363807,0.5,0.055392864058316914,,
2012-12-04,6091.5,-0.004637609784125418,1.0,-0.004637609784125418,0.17498662928459977,-0.004127696027764919,0.1241801203834226,0.5,0.05307136657498935,,
2012-12-05,6063.25,0.003174864965158841,1.0,0.003174864965158841,0.1781564650079493,0.002825782701734474,0.1270019180666508,0.5,0.05465754041845241,,
2012-12-06,6082.5,-0.0029182079736950195,1.0,-0.0029182079736950195,0.1752339907634335,-0.0025973456202470118,0.12440119349212539,0.5,0.05319737090277836,,
2012-12-07,6064.75,0.0018549816562924981,1.0,0.0018549816562924981,0.17708725406593506,0.0016510229990596953,0.12605085505102007,0.5,0.05412443187707626,,
2012-12-10,6076.0,0.006500987491770971,1.0,0.006500987491770971,0.18356720127768944,0.005786191916833071,0.13182037125440135,0.5,0.05736965418825392,,
2012-12-11,6115.5,-0.0029433406916851146,1.0,-0.0029433406916851146,0.18061952044034696,-0.0026197149495014384,0.12919721884693913,0.5,0.05589689987197937,,
2012-12-12,6097.5,-0.003280032800327959,1.0,-0.003280032800327959,0.17733409654055007,-0.0029193871392967146,0.1262735619850008,0.5,0.05425553717274933,,
2012-12-13,6077.5,-0.003085150143973703,1.0,-0.003085150143973703,0.17424417750985735,-0.0027459321907438495,0.1235238528066398,0.5,0.05271177110688017,,
2012-12-14,6058.75,0.006313183412420154,1.0,0.006313183412420154,0.1805375162580878,0.005619037242675723,0.12912716214914702,0.5,0.05586339123690019,,
2012-12-17,6097.0,0.006068558307364302,1.0,0.006068558307364302,0.18658773502446857,0.005401309119475932,0.13451393651283677,0.5,0.05889307625650197,,
2012-12-18,6134.0,-0.001793283338767493,1.0,-0.001793283338767493,0.18479284182822625,-0.0015961085254359146,0.13291655284916842,0.5,0.05799603236352499,,
2012-12-19,6123.0,4.082965866403221e-05,1.0,4.082965866403221e-05,0.18483367065338246,3.634036232617313e-05,0.13295289255119963,0.5,0.05801644698447708,,
2012-12-20,6123.25,-0.004205283142122207,1.0,-0.004205283142122207,0.18061952044034713,-0.003742904498084693,0.12920296585832813,0.5,0.05591159175906914,,
2012-12-21,6097.5,-0.0025010250102500686,1.0,-0.0025010250102500686,0.17811536264250258,-0.0022260326937137446,0.12697445187085973,0.5,0.0546602967107267,,
2012-12-24,6082.25,-0.003082740762053504,1.0,-0.003082740762053504,0.17502786044711832,-0.002743787724813271,0.1242268930608894,0.5,0.05311773719628712,,
2012-12-26,6063.5,-0.0007421456254638192,1.0,-0.0007421456254638192,0.17428543929526089,-0.0006605453440123399,0.12356612946068395,0.5,0.052746595519002654,,
2012-12-27,6059.0,-0.007179402541673596,1.0,-0.007179402541673596,0.16708014082385098,-0.00639001397970788,0.11715561194974088,0.5,0.049150435810017414,,
2012-12-28,6015.5,0.012592469453910793,1.0,0.012592469453910793,0.17959398450798778,0.011207904192927021,0.12830117297613336,0.5,0.05542693205983526,,
2012-12-31,6091.25,0.013544018058690765,1.0,0.013544018058690765,0.19304710220510646,0.0120548282721413,0.140283920508352,0.5,0.06217611403476384,,
2013-01-02,6173.75,-0.0023081595464669036,1.0,-0.0023081595464669036,0.19073627475230065,-0.0020543731436852295,0.13822743424557396,0.5,0.06102136779865208,,
2013-01-03,6159.5,-0.0019887977920285405,1.0,-0.0019887977920285405,0.1887454966759176,-0.0017701258036594313,0.13645573991797103,0.5,0.060026474160047465,,
2013-01-04,6147.25,0.0004880230997601487,1.0,0.0004880230997601487,0.18923340073113423,0.0004343640590963121,0.136890009668308,0.5,0.060270455943951404,,
2013-01-07,6150.25,-0.0007723263281980142,1.0,-0.0007723263281980142,0.18846077600530747,-0.0006874076227701427,0.13620236567258867,0.5,0.05988421819965711,,
2013-01-08,6145.5,0.0015865267268733163,1.0,0.0015865267268733163,0.19004604552820273,0.0014120851846729596,0.13761345480254306,0.5,0.06067716709600437,,
2013-01-09,6155.25,0.002761869948417983,1.0,0.002761869948417983,0.19280410852174665,0.0024581972494346254,0.14006863562741884,0.5,0.06205714945640928,,
2013-01-10,6172.25,0.00032403094495525586,1.0,0.00032403094495525586,0.19312808698001316,0.0002884031444264677,0.14035699719165282,0.5,0.06221915180579762,,
2013-01-11,6174.25,-0.001781592906020979,1.0,-0.001781592906020979,0.1913449051498597,-0.0015857034773493304,0.13877003515590153,0.5,0.061327958357848246,,
2013-01-14,6163.25,-0.0021498397760921772,1.0,-0.0021498397760921772,0.1891927511508355,-0.0019134609243067612,0.1368547412266115,0.5,0.06025246032907892,,
2013-01-15,6150.0,0.0013821138211382866,1.0,0.0013821138211382866,0.19057391073181099,0.0012301478552506902,0.1380841330699301,0.5,0.06094327856977115,,
2013-01-16,6158.5,0.0016237720224081542,1.0,0.0016237720224081542,0.19219636586179142,0.001445235291212394,0.139528325013753,0.5,0.06175483517980633,,
2013-01-17,6168.5,-0.0002836994407068305,1.0,-0.0002836994407068305,0.19191262617078542,-0.0002525061635183588,0.13927578696518578,0.5,0.06161297539782984,,
2013-01-18,6166.75,0.001378359751895264,1.0,0.001378359751895264,0.19329003685688048,0.0012268065528506001,0.14050184160578175,0.5,0.062301917898383456,,
2013-01-21,6175.25,0.001740820209708005,1.0,0.001740820209708005,0.19502934359528695,0.0015494138142585693,0.14205005631690126,0.5,0.06317194941603024,,
2013-01-22,6186.0,-0.003516003879728391,1.0,-0.003516003879728391,0.19150714404699115,-0.0031294127629364252,0.13891573670212712,0.5,0.061412400377288075,,
2013-01-23,6164.25,-0.003082289005150618,1.0,-0.003082289005150618,0.188420095005363,-0.0027433856394157587,0.13616858108374535,0.5,0.05987006708997419,,
2013-01-24,6145.25,0.00276636426508281,1.0,0.00276636426508281,0.19118263992699766,0.0024621974076860648,0.13862775224984578,0.5,0.06125229350729358,,
2013-01-25,6162.25,0.0006896831514462409,1.0,0.0006896831514462409,0.1918720853563149,0.0006138512158538372,0.13924141513610896,0.5,0.06159707563882581,,
2013-01-28,6166.5,0.001783831995459284,1.0,0.001783831995459284,0.19365432821303719,0.001587696374770743,0.14082785245348156,0.5,0.06248859411583455,,
2013-01-29,6177.5,-0.0016187778227437777,1.0,-0.0016187778227437777,0.19203423875378386,-0.0014407902130199434,0.1393860233041966,0.5,0.06167887747240415,,
2013-01-30,6167.5,-0.0007701661937575821,1.0,-0.0007701661937575821,0.19126377582967904,-0.0006854849990988431,0.1387003032528331,0.5,0.06129372021198948,,
2013-01-31,6162.75,0.00454342623017312,1.0,0.00454342623017312,0.19579691185564763,0.004043868129423748,0.14273601692384344,0.5,0.06356285688805306,,
2013-02-01,6190.75,-0.007713120381213856,1.0,-0.007713120381213856,0.18805389151419946,-0.006865048557597244,0.13584729551467015,0.5,0.059698840994108576,,
2013-02-04,6143.0,0.00704053394107107,1.0,0.00704053394107107,0.1950697566163678,0.006266414238080109,0.1420941574185531,0.5,0.06321292632796519,,
2013-02-05,6186.25,-0.0021014346332592915,1.0,-0.0021014346332592915,0.192966110871135,-0.0018703780162797384,0.14022202806119086,0.5,0.06216165662092438,,
2013-02-06,6173.25,0.0007289515247235201,1.0,0.0007289515247235201,0.19369479683973967,0.0006488019590035183,0.14087061963919553,0.5,0.06252606597813028,,
2013-02-07,6177.75,0.00445145886447329,1.0,0.00445145886447329,0.19813637726599378,0.003962012745345809,0.1448248042819267,0.5,0.06474932214381567,,
2013-02-08,6205.25,-0.00016115386164938794,1.0,-0.00016115386164938794,0.19797521041766558,-0.00014343469708601221,0.14468135929710077,0.5,0.06466874196649568,,
2013-02-11,6204.25,-0.001087963895716637,1.0,-0.001087963895716637,0.19688665425961743,-0.0009683402571025285,0.14371254989568613,0.5,0.06412461200677788,,
2013-02-12,6197.5,0.0008067769261799196,1.0,0.0008067769261799196,0.19769310591622793,0.000718070313911341,0.1444303625204615,0.5,0.06452791913061527,,
2013-02-13,6202.5,-0.00024183796856103168,1.0,-0.00024183796856103168,0.19745123870014986,-0.0002152474375073709,0.1442150919138997,0.5,0.06440699283504495,,
2013-02-14,6201.0,-0.0012901144976616985,1.0,-0.0012901144976616985,0.1961602912883328,-0.001148264027212539,0.14306616812644807,0.5,0.06376172744727446,,
2013-02-15,6193.0,0.0006458905215565025,1.0,0.0006458905215565025,0.19680597331237926,0.0005748736664575933,0.1436408766163402,0.5,0.06408462057245623,,
2013-02-18,6197.0,0.003146683879296397,1.0,0.003146683879296397,0.19994771674326398,0.0028007001782822667,0.14643766214135487,0.5,0.06565672610636442,,
2013-02-19,6216.5,-0.0077616021877262575,1.0,-0.0077616021877262575,0.19215583654895993,-0.0069081996999907054,0.13950549036342344,0.5,0.061768375164634265,,
2013-02-20,6168.25,-0.0032424107323795193,1.0,-0.0032424107323795193,0.1889081578124641,-0.002885901687166041,0.13661541643292727,0.5,0.060145854222953966,,
2013-02-21,6148.25,0.0031309722278696217,1.0,0.0031309722278696217,0.19203423875378337,0.0027867160519321112,0.1393982567903195,0.5,0.06171011624087264,,
2013-02-22,6167.5,-0.005796513984596685,1.0,-0.005796513984596685,0.18622085977831765,-0.0051591765721651075,0.13422572571474004,0.5,0.05880765116908012,,
2013-02-25,6131.75,0.001834712765523605,1.0,0.001834712765523605,0.1880538915141989,0.0016329827102453274,0.13585737655846558,0.5,0.05972458703763004,,
2013-02-26,6143.0,0.0050463942699006115,1.0,0.0050463942699006115,0.19308759541237602,0.004491533904751026,0.14033885362730966,0.5,0.062244606255241454,,
2013-02-27,6174.0,-0.0013767411726595125,1.0,-0.0013767411726595125,0.19170990566085658,-0.001225365939389566,0.1391127363132087,0.5,0.0615559986330944,,
2013-02-28,6165.5,0.0025139891330792086,1.0,0.0025139891330792086,0.19422074000954473,0.002237571387307257,0.14134780806570574,0.5,0.06281220384337215,,
2013-03-01,6181.0,0.0023863452515773265,1.0,0.0023863452515773265,0.19660424246099567,0.0021239621861952286,0.14346951783302125,0.5,0.06400466520442133,,
2013-03-04,6195.75,0.005810434572085743,1.0,0.005810434572085743,0.20239786156347175,0.005171566565363635,0.14862775777461606,0.5,0.0669056705025794,,
2013-03-05,6231.75,-0.001404099971918038,1.0,-0.001404099971918038,0.2009927749194892,-0.0012497165881678203,0.14737725963946352,0.5,0.06620337396412754,,
2013-03-06,6223.0,0.0012453800417804306,1.0,0.0012453800417804306,0.20223738011879425,0.0011084482073310574,0.14848509397167106,0.5,0.0668258701940303,,
2013-03-07,6230.75,0.00036111222565504697,1.0,0.00036111222565504697,0.20259842715912188,0.0003214072698647248,0.14880644960128397,0.5,0.06700641000856469,,
2013-03-08,6233.0,0.0014439274827531268,1.0,0.0014439274827531268,0.20404131318099605,0.0012851649906687138,0.15009078947429197,0.5,0.06772811325948809,,
2013-03-11,6242.0,-0.0011614867029797749,1.0,-0.0011614867029797749,0.20287915142957852,-0.001033779095990827,0.1490564756601394,0.5,0.06714720121126183,,
2013-03-12,6234.75,-0.0005613697421709141,1.0,-0.0005613697421709141,0.20231762406041978,-0.0004996461027829403,0.14855670469264862,0.5,0.0668664769408053,,
2013-03-13,6231.25,0.0006820461384151599,1.0,0.0006820461384151599,0.20299943771107307,0.0006070539065027386,0.1491635744164641,0.5,0.06720744187486268,,
2013-03-14,6235.5,-0.001323069521289355,1.0,-0.001323069521289355,0.20167549216052097,-0.0011775955851604293,0.14798528492080512,0.5,0.06654568820354825,,
2013-03-15,6227.25,-0.0005218997149624149,1.0,-0.0005218997149624149,0.20115345620849887,-0.00046451587792401136,0.14752066112195875,0.5,0.06628470429272865,,
2013-03-18,6224.0,-0.0017673521850899432,1.0,-0.0017673521850899432,0.19938454041396522,-0.001573028549971707,0.1459463940636011,0.5,0.06540063752829679,,
2013-03-19,6213.0,0.0016900048285852787,1.0,0.0016900048285852787,0.2010731187913037,0.0015041856780907497,0.14744944958758058,0.5,0.0662452831290409,,
2013-03-20,6223.5,-0.0027717522294529173,1.0,-0.0027717522294529173,0.19829751814375413,-0.002466992955427998,0.1449794085910022,0.5,0.06485844579982636,,
2013-03-21,6206.25,0.004269889224572054,1.0,0.004269889224572054,0.20255831725798756,0.003800407022512366,0.1487726123112982,0.5,0.06699111465636297,,
2013-03-22,6232.75,-0.001564317516345115,1.0,-0.001564317516345115,0.20099277491948933,-0.0013923179178384692,0.14737932421823477,0.5,0.06620864985243433,,
2013-03-25,6223.0,0.002370239434356325,1.0,0.002370239434356325,0.20336020976717795,0.0021096272333075154,0.14948672931271811,0.5,0.06739306786958482,,
2013-03-26,6237.75,4.007855396581661e-05,1.0,4.007855396581661e-05,0.20340028751801997,3.567184297599568e-05,0.14952240051946905,0.5,0.06741310694578408,,
2013-03-27,6238.0,0.0017233087528054636,1.0,0.0017233087528054636,0.2051221130780516,0.0015338277743669815,0.1510550531814752,0.5,0.0682743903111617,,
2013-03-28,6248.75,-0.003840768153630769,1.0,-0.003840768153630769,0.20127395023414932,-0.003418468605438622,0.14763072826200732,0.5,0.06635215993272768,,
2013-04-01,6224.75,0.004016225551227048,1.0,0.004016225551227048,0.20528213228069736,0.003574634138291169,0.1511989885805535,0.5,0.06835825914507215,,
2013-04-02,6249.75,-0.004200168006720295,1.0,-0.004200168006720295,0.20107311879130377,-0.003738351781262285,0.14745363169846723,0.5,0.06625596687306003,,
2013-04-03,6223.5,-0.0006427251546556878,1.0,-0.0006427251546556878,0.20043018700029086,-0.0005720563374904958,0.1468814116743218,0.5,0.06593455264771371,,
2013-04-04,6219.5,-0.0030147117935525047,1.0,-0.0030147117935525047,0.19741092180938266,-0.0026832386669740993,0.14419456666992184,0.5,0.06442605954711357,,
2013-04-05,6200.75,0.0037495464258356925,1.0,0.0037495464258356925,0.2011534562084992,0.003337276875001431,0.1475262871950731,0.5,0.06629907756611621,,
2013-04-08,6224.0,0.0017673521850900542,1.0,0.0017673521850900542,0.20291924846440856,0.001573028549971806,0.14909807983155043,0.5,0.06718236344680673,,
2013-04-09,6235.0,0.008420208500401039,1.0,0.008420208500401039,0.21130420475826647,0.0074943910328609566,0.1565645274417132,0.5,0.07138363000449646,,
2013-04-10,6287.5,0.0004373757455269356,1.0,0.0004373757455269356,0.2117414848829025,0.00038928547495134156,0.15695373716473282,0.5,0.07160229396855279,,
2013-04-11,6290.25,-0.0011525774015340717,1.0,-0.0011525774015340717,0.210588242753219,-0.00102584938868482,0.1559273612324301,0.5,0.07102583914962801,,
2013-04-12,6283.0,-0.009947477319751763,1.0,-0.009947477319751763,0.2005909587048176,-0.008853733826328014,0.14703420021367233,0.5,0.06603969028444405,,
2013-04-15,6220.5,0.007113576079093242,1.0,0.007113576079093242,0.2076793526543972,0.006331425258197757,0.1533456662017538,0.5,0.06959016791218307,,
2013-04-16,6264.75,-0.008859092541601776,1.0,-0.008859092541601776,0.19878078503729682,-0.007885018963592592,0.14542939609047129,0.5,0.06515078213418038,,
2013-04-17,6209.25,-0.003704151064943484,1.0,-0.003704151064943484,0.19506975661636763,-0.0032968728178349306,0.1421270766128567,0.5,0.06329698938922057,,
2013-04-18,6186.25,0.003435037381289252,1.0,0.003435037381289252,0.1984989077325936,0.003057348680457288,0.14517976110711456,0.5,0.06501303483128551,,
2013-04-19,6207.5,0.0049134111961337545,1.0,0.0049134111961337545,0.20340028751802053,0.004373172565419209,0.1495433991407189,0.5,0.06746672766146826,,
2013-04-22,6238.0,0.006131773004167895,1.0,0.006131773004167895,0.20951333769918712,0.005457573243677525,0.15498613379551587,0.5,0.07052792391759313,,
2013-04-23,6276.25,-0.002708623780123487,1.0,-0.002708623780123487,0.20680103896011834,-0.0024108055956315786,0.15257241752909234,0.5,0.06917269411833318,,
2013-04-24,6259.25,0.003394975436354253,1.0,0.003394975436354253,0.21019026447757963,0.0030216916203185122,0.15558955301513447,0.5,0.07086874273257748,,
2013-04-25,6280.5,-0.0016718414139001991,1.0,-0.0016718414139001991,0.20851702397723826,-0.001488019364378267,0.15410042545045638,0.5,0.07003247244908745,,
2013-04-26,6270.0,0.0043062200956938135,1.0,0.0043062200956938135,0.21281399883901458,0.003832743247290882,0.15792584245112878,0.5,0.07218326787732028,,
2013-04-29,6297.0,0.003533428616801615,1.0,0.003533428616801615,0.21634119956315231,0.0031449216180040054,0.16106582914706274,1.0,0.07557990661103302,,
2013-04-30,6319.25,-0.0026506310084266627,1.0,-0.0026506310084266627,0.21368704941234673,-0.0023591892362320776,0.1587038526392408,1.0,0.07292575646022749,,
2013-05-01,6302.5,0.0057516858389528025,1.0,0.0057516858389528025,0.21942225745950067,0.005119277363883353,0.16381007105206033,1.0,0.07866096450738153,,
2013-05-02,6338.75,0.005521593374087974,1.0,0.005521593374087974,0.22492866271963738,0.004914483990259681,0.16871251838573703,1.0,0.08416736976751822,,
2013-05-03,6373.75,0.0016081584624436651,1.0,0.0016081584624436651,0.22653552947991662,0.0014313384709871786,0.1701428334682421,1.0,0.08577423652779743,,
2013-05-06,6384.0,-0.00011748120300747456,1.0,-0.00011748120300747456,0.22641804137545207,-0.00010456392787743923,0.17003826407317604,1.0,0.08565674842333292,,
2013-05-07,6383.25,0.0022324051227822217,1.0,0.0022324051227822217,0.22864795838421578,0.001986948058720292,0.17202324076151077,1.0,0.08788666543209671,,
2013-05-08,6397.5,0.00015631105900748565,1.0,0.00015631105900748565,0.22880425722792258,0.0001391243695339499,0.17216235545414713,1.0,0.08804296427580356,,
2013-05-09,6398.5,0.002266156130342978,1.0,0.002266156130342978,0.2310678494991348,0.002016988080698525,0.17417731214545365,1.0,0.09030655654701586,,
2013-05-10,6413.0,0.0005457664119756789,1.0,0.0005457664119756789,0.2316134670347876,0.0004857583875449662,0.17466295259058587,1.0,0.09085217408266871,,
2013-05-13,6416.5,0.002532533312553653,1.0,0.002532533312553653,0.23414279888891254,0.0022540766000176573,0.17691449257105218,1.0,0.0933815059367936,,
2013-05-14,6432.75,0.0012436360809917613,1.0,0.0012436360809917613,0.2353856622951045,0.0011068959982502916,0.1780207764116153,1.0,0.09462436934298561,,
2013-05-15,6440.75,-0.0005434149749641293,1.0,-0.0005434149749641293,0.23484209961671093,-0.0004836654953733703,0.17753699391235753,1.0,0.09408080666459202,,
2013-05-16,6437.25,0.003534117829818717,1.0,0.003534117829818717,0.23836998712691954,0.0031455350507776543,0.18067759211772835,1.0,0.09760869417480053,,
2013-05-17,6460.0,-0.0003095975232197956,1.0,-0.0003095975232197956,0.23806034166849255,-0.0002755567040535741,0.18040199744095028,1.0,0.09729904871637352,,
2013-05-20,6458.0,-0.00011613502632390471,1.0,-0.00011613502632390471,0.2379441998979743,-0.00010336576580514472,0.1802986263325362,1.0,0.09718290694585532,,
2013-05-21,6457.25,-0.002245537961206412,1.0,-0.002245537961206412,0.2356961369357016,-0.0019986369173177455,0.17829798947524128,1.0,0.09493484398358262,,
2013-05-22,6442.75,-0.0017461487718753999,1.0,-0.0017461487718753999,0.23394846186904214,-0.0015541564911796296,0.17674262403009733,1.0,0.0931871689169231,,
2013-05-23,6431.5,-0.00042758298997125355,1.0,-0.00042758298997125355,0.23352078743939794,-0.0003805694509455218,0.17636198214422005,1.0,0.09275949448727898,,
2013-05-24,6428.75,0.001127746451487388,1.0,0.001127746451487388,0.23464789846254575,0.001003748647431391,0.17736522737282032,1.0,0.09388660551042674,,
2013-05-27,6436.0,0.0010099440646365032,1.0,0.0010099440646365032,0.23565733287679214,0.0008988988504670001,0.1782637224556617,1.0,0.09489603992467321,,
2013-05-28,6442.5,-0.001979045401629853,1.0,-0.001979045401629853,0.23367632657724696,-0.0017614457065870844,0.17650072357943533,1.0,0.09291503362512814,,
2013-05-29,6429.75,0.0025273144367976563,1.0,0.0025273144367976563,0.23620045272565507,0.0022494315492845914,0.17874762894518115,1.0,0.09543915977353631,,
2013-05-30,6446.0,-0.005158237666770038,1.0,-0.005158237666770038,0.2310288654241246,-0.004591079913682161,0.1741459776556818,1.0,0.09026757247200579,,
2013-05-31,6412.75,0.0016373630657673388,1.0,0.0016373630657673388,0.2326648894724266,0.0014573319742664356,0.17560224875228217,1.0,0.09190359652030786,,
2013-06-03,6423.25,-0.001712528704316374,1.0,-0.001712528704316374,0.23095089271453334,-0.0015242330121082333,0.1740768529152754,1.0,0.09018959976241468,,
2013-06-04,6412.25,-0.005848181215641901,1.0,-0.005848181215641901,0.22508554392166916,-0.0052051628957840036,0.16885809596574392,1.0,0.0843242509695505,,
2013-06-05,6374.75,0.0016471234166046678,1.0,0.0016471234166046678,0.22673131231821853,0.0014660191565125011,0.17032304156528144,1.0,0.08597001936609995,,
2013-06-06,6385.25,0.005520535609412347,1.0,0.005520535609412347,0.23223666562160067,0.004913542528762675,0.17522455204119264,1.0,0.09147537266948207,,
2013-06-07,6420.5,0.00042831555174838165,1.0,0.00042831555174838165,0.2326648894724268,0.00038122146620301386,0.17560570086095484,1.0,0.09190359652030826,,
2013-06-10,6423.25,-0.0033082940878839118,1.0,-0.0033082940878839118,0.22935111088008042,-0.0029445410461181845,0.17265681612497288,1.0,0.08858981792796178,,
2013-06-11,6402.0,-0.006794751640112451,1.0,-0.006794751640112451,0.22253316981107357,-0.006047656154803137,0.16659079883235892,1.0,0.08177187685895493,,
2013-06-12,6358.5,0.006369426751592355,1.0,0.006369426751592355,0.22888239748973233,0.005669096522885973,0.17224388650287414,1.0,0.08812110453761376,,
2013-06-13,6399.0,-0.0032036255664947832,1.0,-0.0032036255664947832,0.22567362932861676,-0.002851381021864137,0.16938843254998276,1.0,0.0849123363764982,,
2013-06-14,6378.5,0.004820882652661229,1.0,0.004820882652661229,0.2304829287392189,0.004290817706100564,0.1736700709462524,1.0,0.08972163578710045,,
2013-06-17,6409.25,0.0039006123961462524,1.0,0.0039006123961462524,0.23437595347145634,0.0034717328630226277,0.17713579125670453,1.0,0.0936146605193378,,
2013-06-18,6434.25,-0.005905894237867693,1.0,-0.005905894237867693,0.22845255046957358,-0.005256530264683203,0.17186539683054441,1.0,0.08769125751745493,,
2013-06-19,6396.25,-0.0117647058823529,1.0,-0.0117647058823529,0.21661809282257077,-0.010471154754036408,0.16133903380111678,1.0,0.07585679987045216,,
2013-06-20,6321.0,-0.0022939408321468457,1.0,-0.0022939408321468457,0.21432151687751988,-0.002041717803251085,0.15929522885067737,1.0,0.07356022392540129,,
2013-06-21,6306.5,-0.0029334813287877903,1.0,-0.0029334813287877903,0.21138372445931447,-0.0026109396417541408,0.15668087476144435,1.0,0.0706224315071959,,
2013-06-24,6288.0,0.001987913486005022,1.0,0.001987913486005022,0.21336966466001978,0.001769338728715545,0.15844865005428488,1.0,0.07260837170790127,,
2013-06-25,6300.5,0.004245694786128018,1.0,0.004245694786128018,0.21760637191393825,0.0037788728072359326,0.16222040085813208,1.0,0.07684507896181983,,
2013-06-26,6327.25,0.002252163262080664,1.0,0.002252163262080664,0.21985600285775608,0.002004533754131185,0.16422292821529044,1.0,0.07909470990563772,,
2013-06-27,6341.5,0.00011826854845065071,1.0,0.00011826854845065071,0.21997426441303333,0.00010526470323577178,0.16432818737858612,1.0,0.07921297146091492,,
2013-06-28,6342.25,0.0029563640663803348,1.0,0.0029563640663803348,0.22292626702907614,0.0026313063801089815,0.16695603793295888,1.0,0.0821649740769578,,
2013-07-01,6361.0,0.0005895299481213367,1.0,0.0005895299481213367,0.2235156232726836,0.0005247100421079955,0.16748061036288828,1.0,0.08275433032056534,,
2013-07-02,6364.75,0.002081778545897306,1.0,0.002081778545897306,0.22559523792027478,0.0018528831520065107,0.16933177904438962,1.0,0.08483394496815647,,
2013-07-03,6378.0,0.004664471621197874,1.0,0.004664471621197874,0.23024886460457758,0.004151604356266807,0.17347478926936843,1.0,0.08948757165245917,,
2013-07-04,6407.75,-0.0006242440794350657,1.0,-0.0006242440794350657,0.2296244256036839,-0.0005556072906047254,0.1729190275718373,1.0,0.08886313265156548,,
2013-07-05,6403.75,3.90396252196723e-05,1.0,3.90396252196723e-05,0.22966346446687724,3.474714636325569e-05,0.17295377411453244,1.0,0.08890217151475872,,
2013-07-08,6404.0,0.002147095565271595,1.0,0.002147095565271595,0.23180825831654572,0.0019110184445314598,0.1748629688863281,1.0,0.09104696536442718,,
2013-07-09,6417.75,0.00455767208133695,1.0,0.00455767208133695,0.23635557566089202,0.0040565476229556,0.1789113109034436,1.0,0.0955942827087734,,
2013-07-10,6447.0,0.0034512176205987455,1.0,0.0034512176205987455,0.23980085149696148,0.003071749872587487,0.18197835259150402,1.0,0.0990395585448429,,
2013-07-11,6469.25,0.00718785021447621,1.0,0.00718785021447621,0.24696299223979365,0.006397532815292229,0.18835550805739926,1.0,0.10620169928767516,,
2013-07-15,6515.75,-0.00011510570540618215,1.0,-0.00011510570540618215,0.24684787990921736,-0.00010244962062235634,0.18825305318845606,1.0,0.10608658695709879,,
2013-07-16,6515.0,0.00015349194167302294,1.0,0.00015349194167302294,0.24700136007220758,0.0001366152193542395,0.18838965907680105,1.0,0.10624006712008895,,
2013-07-17,6516.0,-0.003798342541436517,1.0,-0.003798342541436517,0.24319578550880047,-0.003380707767618858,0.18500322380435386,1.0,0.10243449255668188,,
2013-07-18,6491.25,-0.0009628345850183351,1.0,-0.0009628345850183351,0.242232487100816,-0.000856969145092563,0.1841458872512836,1.0,0.10147119414869744,,
2013-07-19,6485.0,0.0008481110254432433,1.0,0.0008481110254432433,0.24308023868332082,0.0007548596526617632,0.18490046214069294,1.0,0.10231894573120223,,
2013-07-22,6490.5,-0.0008473923426546293,1.0,-0.0008473923426546293,0.24223248710081594,-0.0007542199903723787,0.18414595758333055,1.0,0.10147119414869725,,
2013-07-23,6485.0,0.001426368542791101,1.0,0.001426368542791101,0.243657839346292,0.0012695366885676813,0.185414689091595,1.0,0.10289654639417337,,
2013-07-24,6494.25,0.00023097355352819093,1.0,0.00023097355352819093,0.24388878622953566,0.00020557758496208967,0.18562024554838097,1.0,0.103127493277417,,
2013-07-25,6495.75,0.002848016010468468,1.0,0.002848016010468468,0.24673275432626696,0.002534871392945049,0.18815190957386924,1.0,0.10597146137414824,,
2013-07-26,6514.25,-0.0007291706643128837,1.0,-0.0007291706643128837,0.24600331768772363,-0.0006489970037905201,0.18750270188036033,1.0,0.105242024735605,,
2013-07-29,6509.5,0.0025347568937705844,1.0,0.0025347568937705844,0.24853486750353773,0.0022560556943752633,0.18975621650223726,1.0,0.10777357455141916,,
2013-07-30,6526.0,0.001264174072939106,1.0,0.001264174072939106,0.24979824318123636,0.0011251758000718046,0.19088075976645008,1.0,0.1090369502291177,,
2013-07-31,6534.25,0.003979033553965561,1.0,0.003979033553965561,0.2537693813183458,0.0035415314697815462,0.19441603478092684,1.0,0.1130080883662271,,
2013-08-01,6560.25,0.0027056895697572525,1.0,0.0027056895697572525,0.2564714170992741,0.0024081940071113907,0.196821333735817,1.0,0.11571012414715548,,
2013-08-02,6578.0,0.0,1.0,0.0,0.2564714170992741,0.0,0.196821333735817,1.0,0.11571012414715548,,
2013-08-05,6578.0,-0.0028504104591060564,1.0,-0.0028504104591060564,0.25361693648402495,-0.002537002567535005,0.1942811075238511,1.0,0.11285564353190629,,
2013-08-06,6559.25,7.622822731256917e-05,1.5,-1.1434234096893074e-05,0.2536055021845567,6.784679300934126e-05,0.1943489520153709,1.0,0.11293186885399513,,
2013-08-07,6559.75,0.001791226799801926,1.5,0.002686840199702889,0.2562887392816611,0.0015942781067257912,0.19594196060988048,1.0,0.11472149332021607,,
2013-08-08,6571.5,-0.0025108422734535507,1.5,-0.003766263410180326,0.2525153656431671,-0.0022347705307062503,0.1937046892529686,1.0,0.11220749359595344,,
2013-08-09,6555.0,0.0020213577421814843,1.5,0.0030320366132722265,0.25554281490376896,0.0017991057271904223,0.1955021785279388,1.0,0.11422681114342027,,
2013-08-12,6568.25,0.0017889087656528524,1.5,0.0026833631484792786,0.25822258426088424,0.0015922149447102835,0.19709312724232972,1.0,0.1160141217175159,,
2013-08-13,6580.0,-0.002925531914893642,1.0,-0.0030509118541033687,0.2551670088874704,-0.0026038642805915322,0.1944858670107978,1.0,0.11308430206948779,,
2013-08-14,6560.75,-0.007087604313531282,1.0,-0.007087604313531282,0.24805416819213072,-0.006308309136200795,0.18815757641537895,1.0,0.10597146137414803,,
2013-08-15,6514.25,-0.00046052884061864585,1.0,-0.00046052884061864585,0.24759353327553693,-0.0004098928444992602,0.18774759954184497,1.0,0.10551082645755434,,
2013-08-16,6511.25,0.0001535803417163084,1.0,0.0001535803417163084,0.24774710182499993,0.0001366938996495875,0.18788428409973476,1.0,0.1056643950070174,,
2013-08-19,6512.25,0.0018426811010019417,1.0,0.0018426811010019417,0.24958808727189552,0.0016400749125290155,0.18952301555811413,1.0,0.10750538045391303,,
2013-08-20,6524.25,-0.003333716519140162,1.0,-0.003333716519140162,0.24624880153894227,-0.002967168234130369,0.18655143655315876,1.0,0.10416609472095971,,
2013-08-21,6502.5,0.0067666282199154715,1.0,0.0067666282199154715,0.2529926388839437,0.0060226249565700305,0.1925559979942808,1.0,0.11090993206596123,,
2013-08-22,6546.5,0.0026349957992821693,1.0,0.0026349957992821693,0.25562416916820485,0.002345273147194162,0.19489852528076507,1.0,0.11354146235022243,,
2013-08-23,6563.75,0.00011426394972380294,1.0,0.00011426394972380294,0.25573842659030077,0.00010170041753105735,0.19500022052715926,1.0,0.11365571977231835,,
2013-08-26,6564.5,-0.009330489755503102,1.0,-0.009330489755503102,0.24636413514151523,-0.008304585183670096,0.18666096016720138,1.0,0.10428142832353275,,
2013-08-27,6503.25,0.0006919617114520271,1.0,0.0006919617114520271,0.24705585755784454,0.0006158792439809776,0.18727664983539397,1.0,0.10497315073986196,,
2013-08-28,6507.75,0.004072067919019595,1.0,0.004072067919019595,0.2511196570471002,0.003624336534665113,0.19089443428892658,1.0,0.1090369502291177,,
2013-08-29,6534.25,-0.002066036653020631,1.0,-0.002066036653020631,0.24905148319616024,-0.0018388721093096946,0.18905386937875185,1.0,0.10696877637817764,,
2013-08-30,6520.75,0.0045623586243914716,1.0,0.0045623586243914716,0.2536034658098612,0.004060718871950354,0.19310636578372542,1.0,0.1115207589918786,,
2013-09-02,6550.5,-0.003053202045645409,1.0,-0.003053202045645409,0.2505455932337117,-0.0027174968447999668,0.19038516984133086,1.0,0.1084628864157291,,
2013-09-03,6530.5,0.006431360539009168,1.0,0.006431360539009168,0.256956360820172,0.005724220576052301,0.19609306932086576,1.0,0.11487365400218941,,
2013-09-04,6572.5,-0.0003042982122479776,1.0,-0.0003042982122479776,0.2566520162998285,-0.00027084006210514216,0.19582219257496722,1.0,0.11456930948184586,,
2013-09-05,6570.5,0.0008370748040484877,1.0,0.0008370748040484877,0.2574887409521517,0.0007450368841811981,0.19656695205694372,1.0,0.11540603413416904,,
2013-09-06,6576.0,0.005398418491484147,1.0,0.005398418491484147,0.2628726402130134,0.004804852413367511,0.20136029801012906,1.0,0.12078993339503072,,
2013-09-09,6611.5,0.0021931483022006315,1.0,0.0021931483022006315,0.26506338707597693,0.0019520075980260837,0.2033104029169665,1.0,0.12298068025799434,,
2013-09-10,6626.0,-7.546030787808355e-05,1.0,-7.546030787808355e-05,0.2649879239208266,-6.716330773418512e-05,0.20324323735367636,1.0,0.12290521710284406,,
2013-09-11,6625.5,-0.0007546600256584934,1.0,-0.0007546600256584934,0.2642329789959472,-0.000671683762805192,0.20257132791026958,1.0,0.12215027217796462,,
2013-09-12,6620.5,0.000377614983762653,1.0,0.000377614983762653,0.26461052270111524,0.00033609551925584444,0.20290736696207834,1.0,0.1225278158831327,,
2013-09-13,6623.0,-0.0020383512003623316,1.0,-0.0020383512003623316,0.2625700912355902,-0.0018142307232759437,0.20109148852905842,1.0,0.12048738441760772,,
2013-09-16,6609.5,0.0037824343747636657,1.0,0.0037824343747636657,0.26634539019262704,0.0033665487332366815,0.20445238312351058,1.0,0.12426268337464448,,
2013-09-17,6634.5,0.005840681287210714,1.0,0.005840681287210714,0.27216908082678054,0.005198487598327995,0.20963740523181165,1.0,0.13008637400879794,,
2013-09-18,6673.25,0.0008241861162101571,1.0,0.0008241861162101571,0.2729929274881168,0.0007335653313620098,0.2103707016356352,1.0,0.13091022067013416,,
2013-09-19,6678.75,-0.0017593112483623718,1.0,-0.0017593112483623718,0.2712320668341957,-0.0015658717290801527,0.20880360264809888,1.0,0.12914936001621302,,
2013-09-20,6667.0,-0.001312434378281102,1.0,-0.001312434378281102,0.26991877045962437,-0.0011681297957574176,0.2076347900569507,1.0,0.12783606364164177,,
2013-09-23,6658.25,0.000600758457552697,1.0,0.000600758457552697,0.27051934853405574,0.0005347039562005946,0.20816935110992926,1.0,0.1284366417160731,,
2013-09-24,6662.25,-0.0018762430109947603,1.0,-0.0018762430109947603,0.2686413431744016,-0.0016699466285659624,0.2064980085662065,1.0,0.12655863635641892,,
2013-09-25,6649.75,0.004060303018910583,1.0,0.004060303018910583,0.27269342540808245,0.0036138652070399967,0.2101053594522471,1.0,0.13061071859009987,,
2013-09-26,6676.75,-0.0008611974388736954,1.0,-0.0008611974388736954,0.27183185692565126,-0.0007665071907792361,0.20933855834462858,1.0,0.12974915010766863,,
2013-09-27,6671.0,-0.0005246589716684236,1.0,-0.0005246589716684236,0.27130706027230517,-0.0004669717492618633,0.2088714775301045,1.0,0.12922435345432248,,
2013-09-30,6667.5,0.004461942257217855,1.0,0.004461942257217855,0.2757590775772608,0.003971343469706742,0.21283495603145114,1.0,0.13367637075927805,,
2013-10-01,6697.25,-0.0014184926648997953,1.0,-0.0014184926648997953,0.27433957789923435,-0.0012625267779886621,0.21157163159508252,1.0,0.13225687108125153,,
2013-10-02,6687.75,-0.005831557698777634,1.0,-0.005831557698777634,0.2684909502726632,-0.005190367165284427,0.2063677476826028,1.0,0.12640824345468032,,
2013-10-03,6648.75,0.005113743184809172,1.0,0.005113743184809172,0.2735916626779526,0.004551477682145563,0.2109088987126977,1.0,0.13150895585996966,,
2013-10-04,6682.75,-0.004152482136844826,1.0,-0.004152482136844826,0.26943053504534786,-0.0036959090608033,0.20720614290482575,1.0,0.12734782822736498,,
2013-10-07,6655.0,-0.009316303531179515,1.0,-0.009316303531179515,0.26007056332943557,-0.008291958760897337,0.1988796146218786,1.0,0.11798785651145262,,
2013-10-08,6593.0,-0.0017442742302441472,1.0,-0.0017442742302441472,0.2583247660815984,-0.0015524880588609624,0.19732592020469825,1.0,0.11624205926361547,,
2013-10-09,6581.5,0.008964521765554956,1.0,0.008964521765554956,0.2672493450564414,0.007978856049759587,0.20527311349276128,1.0,0.1251666382384584,,
2013-10-10,6640.5,0.0054589262856712395,1.0,0.0054589262856712395,0.27269342540808256,0.004858707263891978,0.2101200553329577,1.0,0.13061071859009948,,
2013-10-11,6676.75,0.0035945632231251246,1.0,0.0035945632231251246,0.2762815436288532,0.0031993343615134536,0.21331428271401898,1.0,0.13419883681087016,,
2013-10-14,6700.75,-0.0013804424877812416,1.0,-0.0013804424877812416,0.27490014745256514,-0.0012286602880813779,0.2120848670040512,1.0,0.132817440634582,,
2013-10-15,6691.5,0.0028767839796757233,1.0,0.0028767839796757233,0.27777280140810356,0.0025604762708349737,0.21464207084032316,1.0,0.13569009459012035,,
2013-10-16,6710.75,0.006519390530119518,1.0,0.006519390530119518,0.284271032625872,0.005802571507144899,0.22042787227119232,1.0,0.1421883258078888,,
2013-10-17,6754.5,0.005810940854245272,1.0,0.005810940854245272,0.2900651550856555,0.005172017180865174,0.22558656050978987,1.0,0.14798244826767235,,
2013-10-18,6793.75,0.0011775528978841265,1.0,0.0011775528978841265,0.2912420152119228,0.001048078783108745,0.22663409044179014,1.0,0.14915930839393962,,
2013-10-21,6801.75,0.000624839195795257,1.0,0.000624839195795257,0.2918666592769871,0.0005561369728225844,0.2271900728277581,1.0,0.14978395245900383,,
2013-10-22,6806.0,-0.0022406699970614063,1.0,-0.0022406699970614063,0.28962347522275744,-0.0019943041948162917,0.22519377736042187,1.0,0.14754076840477426,,
2013-10-23,6790.75,0.00508044030482635,1.0,0.00508044030482635,0.2946910536350631,0.0045218365152908686,0.22970542108817255,1.0,0.15260834681707985,,
2013-10-24,6825.25,-0.00018314347459802427,1.0,-0.00018314347459802427,0.294507893387651,-0.00016300651150016768,0.22954240128966705,1.0,0.15242518656966772,,
2013-10-25,6824.0,-0.0008059788980070426,1.0,-0.0008059788980070426,0.29370158951402453,-0.0007173600304091575,0.22882478383343258,1.0,0.1516188826960412,,
2013-10-28,6818.5,0.0025665468944782166,1.0,0.0025665468944782166,0.2962648484516174,0.0022843503258237097,0.2311065289976975,1.0,0.15418214163363403,,
2013-10-29,6836.0,0.00014628437682850937,1.0,0.00014628437682850937,0.29641112212992976,0.0001302001395688739,0.23123672066196385,1.0,0.15432841531194638,,
2013-10-30,6837.0,-0.001608892789235039,1.0,-0.001608892789235039,0.29480093368278815,-0.0014319920571923422,0.22980370232427824,1.0,0.15271822686480482,,
2013-10-31,6826.0,-0.0015382361558745616,1.0,-0.0015382361558745616,0.29326151322703353,-0.0013691042510954165,0.22843365999364076,1.0,0.15117880640905024,,
2013-11-01,6815.5,0.001613968160809831,1.0,0.001613968160809831,0.29487418034094204,0.0014365093822938223,0.2298691385833759,1.0,0.15279147352295877,,
2013-11-04,6826.5,0.0003295978905735186,1.0,0.0003295978905735186,0.29520372392606314,0.0002933579940979391,0.230162453556431,1.0,0.15312101710807982,,
2013-11-05,6828.75,-0.0007321984257734337,1.0,-0.0007321984257734337,0.29447125731210305,-0.0006516918572895169,0.2295105492556996,1.0,0.15238855049411967,,
2013-11-06,6823.75,-0.0078036270379190364,1.0,-0.0078036270379190364,0.2866370226390144,-0.006945603840330827,0.22254071243537482,1.0,0.14455431582103098,,
2013-11-07,6770.5,0.005538734214607599,1.0,0.005538734214607599,0.29216047446934584,0.004929740163723778,0.22745834121772407,1.0,0.1500777676513625,,
2013-11-08,6808.0,-0.0008078730904818032,1.0,-0.0008078730904818032,0.2913522748735371,-0.0007190459529248152,0.2267390366272691,1.0,0.14926956805555372,,
2013-11-11,6802.5,0.0014332965821388655,1.0,0.0014332965821388655,0.29278454526656833,0.0012757029772006434,0.2280139265867993,1.0,0.15070183844858484,,
2013-11-12,6812.25,0.005284597599911844,1.0,0.005284597599911844,0.2980552283806948,0.0047035463389263526,0.23270644581580685,1.0,0.15597252156271132,,
2013-11-13,6848.25,0.001642755448472144,1.0,0.001642755448472144,0.29969663598235513,0.001462131454539011,0.23416750939693814,1.0,0.15761392916437164,,
2013-11-14,6859.5,0.0008382535170201599,1.0,0.0008382535170201599,0.30053453836111077,0.0007460859954858405,0.23491331720862507,1.0,0.15845183154312736,,
2013-11-15,6865.25,-0.004479079421725318,1.0,-0.004479079421725318,0.29604539780884326,-0.003986596371343,0.23091875317902644,1.0,0.15396269099085977,,
2013-11-18,6834.5,-0.0014997439461554851,1.0,-0.0014997439461554851,0.2945445281210455,-0.001334844330887988,0.2295830171498373,1.0,0.15246182130306193,,
2013-11-19,6824.25,-0.0012089240575887672,1.0,-0.0012089240575887672,0.29333487272528724,-0.0010760006258956202,0.22850643721967645,1.0,0.15125216590730373,,
2013-11-20,6816.0,0.005134976525821511,1.0,0.005134976525821511,0.2984567102190346,0.004570376378118825,0.23306640114151866,1.0,0.15637400340105095,,
2013-11-21,6851.0,0.0026638446942053307,1.0,0.0026638446942053307,0.30111701316734224,0.0023709500528681475,0.2354345449271146,1.0,0.15903430634935856,,
2013-11-22,6869.25,0.0010918222513374154,1.0,0.0010918222513374154,0.30220823981425543,0.000971774379400637,0.23640584743946713,1.0,0.1601255329962717,,
2013-11-25,6876.75,0.002799287454102517,1.0,0.002799287454102517,0.3050036165596645,0.0024915006312999127,0.2388942494288475,1.0,0.1629209097416808,,
2013-11-26,6896.0,0.0032265081206497292,1.0,0.0032265081206497292,0.3082249306723284,0.002871747596950682,0.24176188143607508,1.0,0.16614222385434468,,
2013-11-27,6918.25,0.0018068153073393933,1.0,0.0018068153073393933,0.3100301156523952,0.0016081526290845805,0.24336874237236114,1.0,0.1679474088344115,,
2013-11-28,6930.75,0.0012624896295494459,1.0,0.0012624896295494459,0.31129180901203013,0.0011236765643421634,0.24449178808473085,1.0,0.16920910219404645,,
2013-11-29,6939.5,-0.0011167951581525504,1.0,-0.0011167951581525504,0.310174389773475,-0.0009940014690137868,0.2434972922686419,1.0,0.16809168295549143,,
2013-12-02,6931.75,-0.0009737800699679555,1.0,-0.0009737800699679555,0.3092001352716749,-0.0008667111537676265,0.2426302053036,1.0,0.1671174284536912,,
2013-12-03,6925.0,0.000974729241877359,1.0,0.000974729241877359,0.31017438977347506,0.0008675559624735081,0.24349738515691427,1.0,0.16809168295549143,,
2013-12-04,6931.75,-0.0009377141414506074,1.0,-0.0009377141414506074,0.309236235703079,-0.0008346107406651072,0.24266242593479387,1.0,0.16715352888509546,,
2013-12-05,6925.25,0.00407927511642181,1.0,0.00407927511642181,0.31330721313480125,0.003630751287409139,0.24628660195538038,1.0,0.17122450631681774,,
2013-12-06,6953.5,0.0019774214424390646,1.0,0.0019774214424390646,0.31528268205301163,0.0017600003047070006,0.24804505527441528,1.0,0.17319997523502817,,
2013-12-09,6967.25,-0.00035882162976785814,1.0,-0.00035882162976785814,0.31492379603135884,-0.0003193685292235591,0.24772563573620227,1.0,0.17284108921337543,,
2013-12-10,6964.75,-0.006568792849707461,1.0,-0.006568792849707461,0.30833333371494676,-0.005846541950502066,0.24186193585023275,1.0,0.1662506268969634,,
2013-12-11,6919.0,-0.0020234137881196546,1.0,-0.0020234137881196546,0.3063078700595282,-0.0018009357070824213,0.24005937650877288,1.0,0.16422516324154476,,
2013-12-12,6905.0,0.00043446777697320194,1.0,0.00043446777697320194,0.3067422434827049,0.0003866972429079301,0.24044599900357128,1.0,0.1646595366647214,,
2013-12-13,6908.0,0.001954255935147753,1.0,0.001954255935147753,0.30869459234392543,0.0017393818877037383,0.24218386991845148,1.0,0.16661188552594194,,
2013-12-16,6921.5,-0.0012280575019865125,1.0,-0.0012280575019865125,0.3074657801614008,-0.0010930303127632765,0.24109024181241206,1.0,0.16538307334341731,,
2013-12-17,6913.0,0.006907276146390862,1.0,0.006907276146390862,0.31434931035974767,0.006147808383906473,0.24721922952023967,1.0,0.17226660354176418,,
2013-12-18,6960.75,-0.002083108860395755,1.0,-0.002083108860395755,0.3122640288102668,-0.0018540671959702184,0.245363441414235,1.0,0.1701813219922833,,
2013-12-19,6946.25,0.005830484074140774,1.0,0.005830484074140774,0.31807758139278886,0.0051894115876582,0.25053943440862875,1.0,0.17599487457480537,,
2013-12-20,6986.75,0.004723226106558842,1.0,0.004723226106558842,0.32278968806623876,0.004203898677507027,0.25473452139110697,1.0,0.18070698124825527,,
2013-12-23,7019.75,0.0006766622742975237,1.0,0.0006766622742975237,0.32346612150784204,0.0006022620081829485,0.2553366021123112,1.0,0.18138341468985847,,
2013-12-24,7024.5,0.0017083066410421566,1.0,0.0017083066410421566,0.3251729706527584,0.001520475172484552,0.256855922532787,1.0,0.1830902638347748,,
2013-12-26,7036.5,-0.00021317416329136307,1.0,-0.00021317416329136307,0.3249597737646255,-0.00018973527053781834,0.2566661692602356,1.0,0.18287706694664194,,
2013-12-27,7035.0,-0.0019900497512437276,1.0,-0.0019900497512437276,0.32296774123338495,-0.0017712401076479085,0.25489335865206525,1.0,0.1808850344154015,,
2013-12-30,7021.0,0.003560746332431197,1.0,0.003560746332431197,0.32652216311731896,0.0031692357003741552,0.2580575829104793,1.0,0.18443945629933559,,
2013-12-31,7046.0,-0.0045770650014193,1.0,-0.0045770650014193,0.32193459128131774,-0.004073808255677371,0.2539754540926786,1.0,0.1798518844633343,,
2014-01-02,7013.75,-0.0044911780431295956,1.0,-0.0044911780431295956,0.31743329759929434,-0.003997364726990948,0.24997007854807426,1.0,0.17535059078131096,,
2014-01-03,6982.25,-0.001933474166636806,1.0,-0.001933474166636806,0.31549795185866525,-0.00172088511300178,0.24824771101132165,1.0,0.17341524504068195,,
2014-01-06,6968.75,0.004950672645740006,1.0,0.004950672645740006,0.320436410220609,0.004406337049860085,0.2526443685816996,1.0,0.17835370340262563,,
2014-01-07,7003.25,0.0019633741477171895,1.0,0.0019633741477171895,0.32239785946842486,0.001747497535969794,0.25439034102032765,1.0,0.18031515265044154,,
2014-01-08,7017.0,-0.0020307823856349216,1.0,-0.0020307823856349216,0.32036501224828107,-0.0018074941136991397,0.2525812114180886,1.0,0.17828230543029777,,
2014-01-09,7002.75,0.0019278140730427662,1.0,0.0019278140730427662,0.3222909704725452,0.0017158473571464107,0.2542955883908883,1.0,0.18020826365456197,,
2014-01-10,7016.25,-0.007589524318546204,1.0,-0.007589524318546204,0.3146724991586829,-0.006755042110166725,0.24751762771487199,1.0,0.17258979234069957,,
2014-01-13,6963.0,0.009191440471061352,1.0,0.009191440471061352,0.3238219554083339,0.00818082462472475,0.2556651707843305,1.0,0.18173924859035057,,
2014-01-14,7027.0,0.003628860111000387,1.0,0.003628860111000387,0.32744424709228753,0.0032298602432579687,0.2588898262331541,1.0,0.18536154027430415,,
2014-01-15,7052.5,-0.00035448422545192315,1.0,-0.00035448422545192315,0.3270897000224506,-0.00031550803051860575,0.25857426841950526,1.0,0.18500699320446717,,
2014-01-16,7050.0,-0.0016666666666667052,1.0,-0.0016666666666667052,0.3254216429217535,-0.0014834135901551973,0.2570897534821066,1.0,0.1833389361037701,,
2014-01-17,7038.25,0.000532802898447704,1.0,0.000532802898447704,0.32595430393113395,0.00047422023625883126,0.2575638613114849,1.0,0.18387159711315046,,
2014-01-20,7042.0,0.0027335984095426813,1.5,0.00398324339676219,0.32992963521753205,0.002433034218445292,0.2599939404943407,1.0,0.18660146603762442,,
2014-01-21,7061.25,0.0026199327314568865,1.5,0.00392989909718533,0.3338518324330777,0.0023318662914812898,0.2623230922048289,1.0,0.1892179727280161,,
2014-01-22,7079.75,-0.0015890391609872934,1.5,-0.00238355874148094,0.33146542849342925,-0.0014143213720183856,0.26090776973631274,1.0,0.18762766970523992,,
2014-01-23,7068.5,-0.012272759425620672,1.5,-0.018409139138431008,0.312884732413927,-0.010923346872402347,0.24992432506366674,1.0,0.1752789780628616,,
2014-01-24,6981.75,-0.01296236616894042,1.0,-0.013080531385397613,0.2997178974539868,-0.011537130081344242,0.23832012594186988,1.0,0.1622318673020461,,
2014-02-03,6891.25,0.002212951206239877,1.0,0.002212951206239877,0.30192840369010804,0.001969633136211897,0.24028782189401368,1.0,0.1644423735381674,,
2014-02-04,6906.5,-0.0005791645551291857,1.0,-0.0005791645551291857,0.30134907135440303,-0.000515484343208882,0.23977220464307422,1.0,0.16386304120246237,,
2014-02-05,6902.5,0.006120970662803371,1.0,0.006120970662803371,0.3074513849703954,0.005447958639686146,0.2452053768357475,1.0,0.16996535481845487,,
2014-02-06,6944.75,0.01004355808344437,1.0,0.01004355808344437,0.3174448417089206,0.008939250332696474,0.2541049085975279,1.0,0.17995881155698007,,
2014-02-07,7014.5,0.0026373939696342497,1.0,0.0026373939696342497,0.3200787638581118,0.002347407634289232,0.25644956537459745,1.0,0.18259273370617132,,
2014-02-10,7033.0,0.004798805630598535,1.0,0.004798805630598535,0.32486609192538735,0.0042711680933657905,0.2607116379194029,1.0,0.1873800617734469,,
2014-02-11,7066.75,0.0012381929458378238,1.0,0.0012381929458378238,0.32610351894251943,0.0011020513458540502,0.2618130824524575,1.0,0.18861748879057902,,
2014-02-12,7075.5,0.0043813158080701076,1.0,0.0043813158080701076,0.3304752647291599,0.003899582047471709,0.26570508083886885,1.0,0.19298923457721948,,
2014-02-13,7106.5,0.001160909026947099,1.0,0.001160909026947099,0.33163550042229173,0.0010332649365042798,0.266737812324591,1.0,0.19414947027035137,,
2014-02-14,7114.75,0.0008081801890438278,1.0,0.0008081801890438278,0.3324433542095757,0.0007193192854330698,0.2674568730239034,1.0,0.19495732405763525,,
2014-02-17,7120.5,0.0013341759707885537,1.0,0.0013341759707885537,0.3337766409584349,0.0011874808600357192,0.2686436493862059,1.0,0.19629061080649454,,
2014-02-18,7130.0,-0.0028050490883591017,1.0,-0.0028050490883591017,0.3309676503473798,-0.0024966287632345457,0.26614389884835665,1.0,0.1934816201954394,,
2014-02-19,7110.0,0.001828410689170168,1.0,0.001828410689170168,0.33279439152844703,0.0016273735588199969,0.2677699496696909,1.0,0.19530836137650662,,
2014-02-20,7123.0,-0.0006317562824652567,1.0,-0.0006317562824652567,0.3321624356038937,-0.0005622935130449195,0.26720749801036275,1.0,0.1946764054519533,,
2014-02-21,7118.5,0.003195898012221754,1.0,0.003195898012221754,0.33535323758876556,0.002844503126447773,0.27004796319327534,1.0,0.19786720743682512,,
2014-02-24,7141.25,0.00031507089095050844,1.0,0.00031507089095050844,0.3356682588553061,0.00028042826489896777,0.27032835214551787,1.0,0.1981822287033656,,
2014-02-25,7143.5,-0.0016448519633233127,1.0,-0.0016448519633233127,0.33402205263775664,-0.0014639974537123226,0.26886328200046056,1.0,0.1965360224858161,,
2014-02-26,7131.75,0.0036807235250815307,1.0,0.0036807235250815307,0.3376960188760645,0.003276021179225857,0.2721339487133462,1.0,0.20020998872412393,,
2014-02-27,7158.0,-0.0009430008382229627,1.0,-0.0009430008382229627,0.3367525731328319,-0.0008393161553685919,0.2712942801349632,1.0,0.1992665429808914,,
2014-02-28,7151.25,-0.003775563712637653,1.0,-0.003775563712637653,0.33296986398849493,-0.0033604335130940264,0.2679281876839582,1.0,0.1954838338365544,,
2014-03-03,7124.25,0.0065270028424044835,1.0,0.0065270028424044835,0.33947565818375863,0.0058093468316425135,0.27372072532913977,1.0,0.20198962803181814,,
2014-03-04,7170.75,0.001778056688630958,1.0,0.001778056688630958,0.3412521360008673,0.0015825560735888702,0.2753020304804615,1.0,0.20376610584892668,,
2014-03-05,7183.5,-0.000870049418806973,1.0,-0.000870049418806973,0.340381707869383,-0.000774385879178919,0.2745273446096548,1.0,0.20289567771744235,,
2014-03-06,7177.25,-0.002751750322198654,1.0,-0.002751750322198654,0.33762616452236366,-0.0024491902947979993,0.2720751501421104,1.0,0.20014013437042297,,
2014-03-07,7157.5,0.0008033531260915883,1.0,0.0008033531260915883,0.33842919513305025,0.0007150229669627379,0.27278991760193994,1.0,0.20094316498110953,,
2014-03-10,7163.25,-0.0032108330715806543,1.0,-0.0032108330715806543,0.33521319627634993,-0.002857796048461433,0.26992803025776624,1.0,0.19772716612440924,,
2014-03-11,7140.25,0.0031511501698120448,1.0,0.0031511501698120448,0.33835939197791937,0.0028046753919113623,0.2727287798862656,1.0,0.20087336182597865,,
2014-03-12,7162.75,-0.007539003874210359,1.0,-0.007539003874210359,0.3307918261711031,-0.006710076481941644,0.26599608962422855,1.0,0.1933057960191624,,
2014-03-13,7108.75,-0.003868471953578312,1.0,-0.003868471953578312,0.32691585232641013,-0.003443126321443297,0.26254702210189557,1.0,0.18942982217446946,,
2014-03-14,7081.25,0.004695498676081211,1.0,0.004695498676081211,0.33160036153583977,0.004179219929192667,0.26671753334672,1.0,0.19411433138389908,,
2014-03-17,7114.5,0.005973715651135025,1.0,0.005973715651135025,0.3375563052886912,0.005316894588369777,0.27202034315386464,1.0,0.20007027513675057,,
2014-03-18,7157.0,-0.003667737878999544,1.0,-0.003667737878999544,0.33388182476723804,-0.0032644633289008783,0.268750539839927,1.0,0.19639579461529752,,
2014-03-19,7130.75,0.0029800511867614787,1.0,0.0029800511867614787,0.33685744440344373,0.00265238905788,0.2713994175216033,1.0,0.19937141425150323,,
2014-03-20,7152.0,-0.006851230425055976,1.0,-0.006851230425055976,0.32998263654790355,-0.006097924993087542,0.2652828242533863,1.0,0.19249660639596305,,
2014-03-21,7103.0,-0.004117978319020166,1.0,-0.004117978319020166,0.32585615600682716,-0.0036651990014392967,0.2616108919524635,1.0,0.18837012585488672,,
2014-03-24,7073.75,0.001590386994168691,1.0,0.001590386994168691,0.32744527967487447,0.0014155210084535138,0.26302541205547814,1.0,0.18995924952293405,,
2014-03-25,7085.0,-0.006880733944954143,1.0,-0.006880733944954143,0.32054076432833,-0.0061241845465121545,0.25688239777357325,1.0,0.18305473417638948,,
2014-03-26,7036.25,-0.002522650559602102,1.0,-0.002522650559602102,0.3180149265244743,-0.0022452804739957716,0.25463459287797646,1.0,0.18052889637253375,,
2014-03-27,7018.5,0.0008905036688751089,1.0,0.0008905036688751089,0.318905033930189,0.0007925911466954219,0.25542687009017917,1.0,0.18141900377824846,,
2014-03-28,7024.75,0.0027047225879923698,1.0,0.0027047225879923698,0.32160610533817996,0.0024073333467765153,0.2578313104520236,1.0,0.18412007518623946,,
2014-03-31,7043.75,0.009795918367346834,1.0,0.009795918367346834,0.3313543547518404,0.008718839060503723,0.2665123599305785,1.0,0.19386832459989994,,
2014-04-01,7112.75,0.0011247407823977706,1.0,0.0011247407823977706,0.332478463487206,0.0010010734572063625,0.26751293264790854,1.0,0.19499243333526564,,
2014-04-02,7120.75,-0.003510866130674417,1.0,-0.003510866130674417,0.32896141980275667,-0.003124839918874742,0.26438320022191497,1.0,0.1914753896508163,,
2014-04-03,7095.75,-0.01328259873868165,1.0,-0.01328259873868165,0.3155898183459251,-0.011822152488922913,0.252490610390526,1.0,0.17810378819398467,,
2014-04-04,7001.5,-0.005784474755409552,1.0,-0.005784474755409552,0.3097885487187598,-0.0051484610784503955,0.24732885032047242,1.0,0.1723025185668193,,
2014-04-07,6961.0,0.004058324953311265,1.0,0.004058324953311265,0.3138386608839679,0.0036121046334046496,0.25093444697090445,1.0,0.17635263073202728,,
2014-04-08,6989.25,0.009299996423078216,1.0,0.009299996423078216,0.32309567860268174,0.00827744464943318,0.2591778214555275,1.0,0.18560964845074113,,
2014-04-09,7054.25,-0.015345359180635731,1.0,-0.015345359180635731,0.30763136085411263,-0.013658108612620406,0.24542558280256938,1.0,0.17014533070217203,,
2014-04-10,6946.0,-0.006082637489202458,1.0,-0.006082637489202458,0.30153014876549056,-0.005413840269282124,0.23999703459174057,1.0,0.1640441186135499,,
2014-04-11,6903.75,0.004055766793409354,1.0,0.004055766793409354,0.30557771310743254,0.0036098277479060786,0.24360036254884893,1.0,0.16809168295549182,,
2014-04-14,6931.75,0.00407544992245823,1.0,0.00407544992245823,0.3096448808785585,0.0036273466805828063,0.2472211462734175,1.0,0.17215885072661788,,
2014-04-15,6960.0,0.0002873563218390718,1.0,0.0002873563218390718,0.30993219592147736,0.000255760963819848,0.24747687453597775,1.0,0.17244616576953678,,
2014-04-16,6962.0,0.0035909221488077403,1.0,0.0035909221488077403,0.31351668610254374,0.0031960936300383497,0.25066787151546427,1.0,0.17603065595060324,,
2014-04-17,6987.0,0.0037927579791039445,1.0,0.0037927579791039445,0.317302269709819,0.003375737238223334,0.2540379237432119,1.0,0.17981623955787848,,
2014-04-21,7013.5,0.004598274755827969,1.0,0.004598274755827969,0.3218900046977638,0.0040926859584375745,0.2581222574434967,1.0,0.18440397454582327,,
2014-04-22,7045.75,0.0005677181279495347,1.0,0.0005677181279495347,0.32245756173474355,0.0005052964718266725,0.25862742629604973,1.0,0.18497153158280297,,
2014-04-23,7049.75,0.0005319337565161675,1.0,0.0005319337565161675,0.3229893540646499,0.00047344665808702225,0.2591007609136298,1.0,0.18550332391270938,,
2014-04-24,7053.5,-0.008931736017579905,1.0,-0.008931736017579905,0.31401749097797216,-0.007949675155293831,0.2511193186198356,1.0,0.17653146082603172,,
2014-04-25,6990.5,0.0016808525856519818,1.0,0.0016808525856519818,0.3156969325118755,0.001496039741162157,0.2526142404084063,1.0,0.17821090235993509,,
2014-04-28,7002.25,0.0021778713984790254,1.0,0.0021778713984790254,0.31787243578613045,0.0019384104180684102,0.25455077453329317,1.0,0.18038640563418998,,
2014-04-29,7017.5,0.002956893480584144,1.0,0.002956893480584144,0.3208249662557101,0.0026317775842438326,0.2571790950550618,1.0,0.18333893610376956,,
2014-04-30,7038.25,0.0017049692750328305,1.0,0.0017049692750328305,0.32252848372058873,0.001517504756028418,0.25869544956427093,1.0,0.18504245356864826,,
2014-05-01,7050.25,-0.001489308889755736,1.0,-0.001489308889755736,0.321038064708001,-0.0013255566282015338,0.25736901360873077,1.0,0.1835520345560606,,
2014-05-02,7039.75,0.0022372953584999244,1.0,0.0022372953584999244,0.32327286104790803,0.0019913006039939136,0.25935833420177257,1.0,0.18578683089596754,,
2014-05-05,7055.5,-0.006165402877188031,1.0,-0.006165402877188031,0.3170883735912178,-0.005487505450081482,0.2538557170847339,1.0,0.17960234343927728,,
2014-05-06,7012.0,-0.0014261266400455996,1.0,-0.0014261266400455996,0.3156612290647037,-0.0012693213834755778,0.25258558943052106,1.0,0.17817519891276312,,
2014-05-07,7002.0,-0.0011425307055127343,1.0,-0.0011425307055127343,0.3145180451734138,-0.001016907345436294,0.25156816468401444,1.0,0.17703201502147325,,
2014-05-08,6994.0,0.0024306548470116596,1.0,0.0024306548470116596,0.3169457507570602,0.002163399859820169,0.2537292277640104,1.0,0.17945972060511972,,
2014-05-09,7011.0,0.008664955070603275,1.0,0.008664955070603275,0.3255733805639889,0.007712227265890074,0.26141186782997355,1.0,0.18808735041204838,,
2014-05-12,7071.75,-0.00014140771379078654,1.0,-0.00014140771379078654,0.3254319628511847,-0.00012585967463401467,0.26128600023434606,1.0,0.18794593269924428,,
2014-05-13,7070.75,-0.001697132553123759,1.0,-0.001697132553123759,0.323733388537139,-0.0015105296961591083,0.25977432853804383,1.0,0.1862473583851985,,
2014-05-14,7058.75,-0.004993802018770976,1.0,-0.004993802018770976,0.31872707582105714,-0.004444724268713493,0.2553196971151395,1.0,0.18124104566911658,,
2014-05-15,7023.5,0.002918772691677951,1.0,0.002918772691677951,0.3216415971661894,0.0025978482464453032,0.2579141767865989,1.0,0.18415556701424884,,
2014-05-16,7044.0,0.003904031800113561,1.0,0.003904031800113561,0.32553802801064713,0.003474776297211829,0.2613829299972059,1.0,0.18805199785870655,,
2014-05-19,7071.5,-0.001590893021282569,1.0,-0.001590893021282569,0.32394586817530663,-0.001415971396952142,0.2599659551654201,1.0,0.18645983802336608,,
2014-05-20,7060.25,0.00467405545129429,1.0,0.00467405545129429,0.32860903414825327,0.004160134426553264,0.26411746015754267,1.0,0.19112300399631266,,
2014-05-21,7093.25,0.002361399922461427,1.0,0.002361399922461427,0.33096765034737924,0.0021017596420623776,0.26621701419270494,1.0,0.19348162019543869,,
2014-05-22,7110.0,0.003832630098452805,1.0,0.003832630098452805,0.3347929546312219,0.0034112253444495673,0.26962243450574674,1.0,0.19730692447928136,,
2014-05-23,7137.25,0.0019265123121650074,1.0,0.0019265123121650074,0.3367176135984885,0.0017146887272800908,0.2713356548326379,1.0,0.19923158344654793,,
2014-05-26,7151.0,0.004544818906446757,1.0,0.004544818906446757,0.3412521360008664,0.004045107678370348,0.27537260305944883,1.0,0.2037661058489258,,
2014-05-27,7183.5,-0.000870049418806973,1.0,-0.000870049418806973,0.3403817078693821,-0.000774385879178919,0.2745979171886421,1.0,0.20289567771744146,,
2014-05-28,7177.25,0.002751750322198543,1.0,0.002751750322198543,0.3431296790578969,0.0024491902947979005,0.27704411310509497,1.0,0.2056436489059562,,
2014-05-29,7197.0,-0.001007364179519299,1.0,-0.001007364179519299,0.34212180714607293,-0.0008966026284806601,0.27614710828805744,1.0,0.20463577699413227,,
2014-05-30,7189.75,-3.477172363430814e-05,1.0,-3.477172363430814e-05,0.3420870348178882,-3.0948508435351305e-05,0.2761161593007071,1.0,0.20460100466594755,,
2014-06-02,7189.5,0.0005563669239863067,1.0,0.0005563669239863067,0.34264324702718024,0.0004951933536924672,0.2766112300866323,1.0,0.20515721687523963,,
2014-06-03,7193.5,0.0015986654618753704,1.0,0.0015986654618753704,0.344240635983715,0.0014228892433545632,0.2780331079823309,1.0,0.20675460583177444,,
2014-06-04,7205.0,0.004476058292852247,1.0,0.004476058292852247,0.34870670652040875,0.003983907421166246,0.28200910065843726,1.0,0.2112206763684682,,
2014-06-05,7237.25,0.003074372171750328,1.0,0.003074372171750328,0.35177636247383504,0.002736339276461568,0.2847417029740904,1.0,0.2142903323218945,,
2014-06-06,7259.5,-0.0008265032026999464,1.0,-0.0008265032026999464,0.35094951752904946,-0.0007356276499151208,0.2840058046173879,1.0,0.21346348737710893,,
2014-06-09,7253.5,0.0013441786723651372,1.0,0.0013441786723651372,0.35229279360200905,0.0011963837461099014,0.2852014732667604,1.0,0.2148067634500685,,
2014-06-10,7263.25,-0.0004130382404571309,1.0,-0.0004130382404571309,0.3518796700377624,-0.00036762392348873045,0.28483378175303137,1.0,0.21439363988582177,,
2014-06-11,7260.25,-0.003408973520195535,1.0,-0.003408973520195535,0.3484648727281401,-0.003034150589002286,0.28179501879702384,1.0,0.21097884257619942,,
2014-06-12,7235.5,0.0003800704857992443,1.0,0.0003800704857992443,0.34884487100544787,0.0003382810343108844,0.282133242627206,1.0,0.21135884085350726,,
2014-06-13,7238.25,0.0003453873519152495,1.0,0.0003453873519152495,0.34919019872488216,0.000307411375019271,0.28244060676102994,1.0,0.2117041685729416,,
2014-06-16,7240.75,0.0001726340503400703,1.0,0.0001726340503400703,0.3493628178756793,0.0001536526178387945,0.2825942475755143,1.0,0.2118767877237387,,
2014-06-17,7242.0,0.0028997514498756427,1.0,0.0028997514498756427,0.3522583731562609,0.0025809184252906002,0.2851718411503957,1.0,0.21477234300432033,,
2014-06-18,7263.0,-0.0010670521822938595,1.5,-0.001714167699297873,0.3505427345903974,-0.0009497278251716614,0.2842216620480034,1.0,0.21370472111654024,,
2014-06-19,7255.25,0.0010681919988972943,1.5,0.0016022879983459415,0.3521437402948818,0.0009507423168355533,0.2851719526956205,1.0,0.21477234300432016,,
2014-06-20,7263.0,-0.0001721051906925508,1.5,-0.0002581577860388262,0.3518855491803856,-0.00015318190728574546,0.28501875905478813,1.0,0.21460022300182974,,
2014-06-23,7261.75,-0.00017213481598787883,1.5,-0.00025820222398181825,0.3516273136164705,-0.00015320827522516663,0.2848655390419763,1.0,0.21442807336894398,,
2014-06-24,7260.5,0.002961228565525831,1.5,0.004441842848288746,0.3560593205963137,0.002635636018594018,0.28749770786280376,1.0,0.21738492613353072,,
2014-06-25,7282.0,0.0006179620983246537,1.5,0.0009269431474869805,0.3569858343973007,0.0005500160249133554,0.2880475726843436,1.0,0.21800269737190325,,
2014-06-26,7286.5,0.0018870513964179825,1.5,0.0028305770946269737,0.3598124129522561,0.001679566612060628,0.28972573040173644,1.0,0.2198879705235762,,
2014-06-27,7300.25,0.00198623334817305,1.5,0.002979350022259575,0.36278733350701325,0.0017678433251395763,0.2914920129310891,1.0,0.22187223391838592,,
2014-06-30,7314.75,0.005331692812468036,1.5,0.007997539218702054,0.37075306190192264,0.004745463345928613,0.2962262520612301,1.0,0.22718976357681758,,
2014-07-01,7353.75,0.0007139214686384676,1.5,0.0010708822029577014,0.3718233711195641,0.0006354244853291016,0.29686147474990077,1.0,0.22790343032475094,,
2014-07-02,7359.0,0.0035330887348825613,1.5,0.005299633102323842,0.37710901058536456,0.0031446191067293424,0.3000011598829062,1.0,0.2314302923636322,,
2014-07-03,7385.0,-0.0004739336492890489,1.5,-0.0007109004739335734,0.376397857301867,-0.0004218237697123236,0.29957924712052053,1.0,0.23095624637229473,,
2014-07-04,7381.5,-0.0012870012870013214,1.5,-0.0019305019305019822,0.374465489550813,-0.0011454931198109674,0.2984330974220136,1.0,0.22966841618786596,,
2014-07-07,7372.0,-0.00573114487249049,1.5,-0.008596717308735735,0.3658316073169706,-0.005100994914600284,0.29331904802001546,1.0,0.22392078528520695,,
2014-07-08,7329.75,0.003478972679832104,1.5,0.005218459019748156,0.37103649736505845,0.003096453211824882,0.2964107170939558,1.0,0.22739372033869146,,
2014-07-09,7355.25,-0.001971380986370286,1.5,-0.0029570714795554287,0.368075045111329,-0.0017546240079331034,0.29465455193028833,1.0,0.2254203936232217,,
2014-07-10,7340.75,0.003473759493239692,1.5,0.005210639239859538,0.37327215594462587,0.003091813224721363,0.29774159532957867,1.0,0.22888813355027512,,
2014-07-11,7366.25,0.003088409977940021,1.5,0.004632614966910031,0.377894073376471,0.002748833599948221,0.300486657795679,1.0,0.23197178418679962,,
2014-07-14,7389.0,-0.0004736770875626295,1.5,-0.0007105156313439442,0.37718330520926835,-0.0004215954174213131,0.3000649734819233,1.0,0.23149799487880646,,
2014-07-15,7385.5,0.0003385011170535801,1.5,0.0005077516755803702,0.37769092802258486,0.00030128229439199065,0.3003662103999187,1.0,0.23183643871728252,,
2014-07-16,7388.0,-0.007106118029236552,1.5,-0.010659177043854828,0.3669745350044161,-0.006324787234689676,0.29402133695967214,1.0,0.2247049519778507,,
2014-07-17,7335.5,0.008690614136732222,1.0,0.00857814736555098,0.37551609912595363,0.007735065070333896,0.3017266397909,1.0,0.23335802010266637,,
2014-07-18,7399.25,-0.0009798290367266649,1.0,-0.0009798290367266649,0.37453578974295926,-0.0008720950254653863,0.3008541642693326,1.0,0.23237771071967203,,
2014-07-21,7392.0,0.0026041666666667407,1.0,0.0026041666666667407,0.3771365714430167,0.0023178337346175084,0.30316931597087776,1.0,0.23497849241972954,,
2014-07-22,7411.25,0.0046213526733007715,1.0,0.0046213526733007715,0.3817472784516991,0.004113226416284555,0.3072741061967819,1.0,0.23958919942841195,,
2014-07-23,7445.5,-0.0015109797864482077,1.0,-0.0015109797864482077,0.3802351559841029,-0.0013448447698002105,0.3059283563116702,1.0,0.23807707696081565,,
2014-07-24,7434.25,-0.0015468944412684316,1.0,-0.0015468944412684316,0.37868706386634954,-0.0013768105420278415,0.3045505970951447,1.0,0.23652898484306234,,
2014-07-25,7422.75,0.0005725640766562901,1.0,0.0005725640766562901,0.37925946409073585,0.0005096095995279499,0.30506007688779935,1.0,0.2371013850674486,,
2014-07-28,7427.0,-0.00013464386697181752,1.0,-0.00013464386697181752,0.37912481115846486,-0.00011983952525822281,0.30494023018121147,1.0,0.23696673213517763,,
2014-07-29,7426.0,0.0015149474818205722,1.0,0.0015149474818205722,0.38063861226500195,0.0013483762097423872,0.30628769814809603,1.0,0.2384805332417147,,
2014-07-30,7437.25,-0.01102558069178794,1.0,-0.01102558069178794,0.3695517993619788,-0.009813297742530357,0.2964259326529452,1.0,0.22739372033869162,,
2014-07-31,7355.25,-0.001937391659019072,1.0,-0.001937391659019072,0.36761252853222076,-0.0017243718698652895,0.2947000723425777,1.0,0.2254544495089336,,
2014-08-01,7341.0,0.003099032829314785,1.0,0.003099032829314785,0.3707067692573365,0.002758288449205535,0.2974545636949218,1.0,0.22854869023404933,,
2014-08-04,7363.75,-0.0030215583092852993,1.0,-0.0030215583092852993,0.3676806368244317,-0.0026893323956640423,0.29476160854824507,1.0,0.2255225578011446,,
2014-08-05,7341.5,-0.0006470067424912962,1.0,-0.0006470067424912962,0.3670334206827513,-0.0005758671568401665,0.2941855755162293,1.0,0.22487534165946427,,
2014-08-06,7336.75,-0.0020104269601662894,1.0,-0.0020104269601662894,0.36502097010162093,-0.001789376804835004,0.2923945958643692,1.0,0.22286289107833396,,
2014-08-07,7322.0,0.0028339251570608237,1.0,0.0028339251570608237,0.36785088726323767,0.0025223298548799787,0.2949137499843471,1.0,0.2256928082399508,,
2014-08-08,7342.75,0.00435804024377795,1.0,0.00435804024377795,0.3721994587498147,0.0038788656744379985,0.2987851122561932,1.0,0.23004137972652783,,
2014-08-11,7374.75,3.3899454218833114e-05,1.0,3.3899454218833114e-05,0.37223335762946,3.0172146652235892e-05,0.29881528394767537,1.0,0.23007527860617308,,
2014-08-12,7375.0,0.005491525423728882,1.0,0.005491525423728882,0.37770985960345677,0.004887722066545209,0.30369109988087356,1.0,0.23555178058016982,,
2014-08-13,7415.5,0.0032027509945384836,1.0,0.0032027509945384836,0.3809074927156524,0.0028506026107088106,0.30653764722876087,1.0,0.2387494136923655,,
2014-08-14,7439.25,0.0018146990624055004,1.0,0.0018146990624055004,0.382720547201022,0.001615169550728491,0.30815151379598804,1.0,0.24056246817773522,,
2014-08-15,7452.75,0.0040924490959712845,1.0,0.0040924490959712845,0.3868046450042651,0.003642476763589209,0.3117873728062307,1.0,0.24464656598097834,,
2014-08-18,7483.25,0.002505595830688545,1.0,0.002505595830688545,0.3893071070632722,0.002230100944007702,0.31401499076598,1.0,0.24714902803998545,,
2014-08-19,7502.0,0.0007664622767262763,1.0,0.0007664622767262763,0.3900732757577912,0.0006821883345822155,0.314696946515872,1.0,0.24791519673450443,,
2014-08-20,7507.75,0.001165462355565916,1.0,0.001165462355565916,0.39123805948932866,0.0010373176182364374,0.3157337264919595,1.0,0.24907998046604185,,
2014-08-21,7516.5,0.000931284507416974,1.0,0.000931284507416974,0.39216891062037235,0.0008288880567619777,0.31656227121072894,1.0,0.25001083159708554,,
2014-08-22,7523.5,0.0010301056689041577,1.0,0.0010301056689041577,0.39319848609450514,0.0009168436491289814,0.3174786948154432,1.0,0.2510404070712183,,
2014-08-25,7531.25,0.0012946058091285462,1.0,0.0012946058091285462,0.3944922546240866,0.001152261510693064,0.31863029298235657,1.0,0.2523341756007997,,
2014-08-26,7541.0,-6.63042036864736e-05,1.0,-6.63042036864736e-05,0.39442594822217925,-5.901393409975861e-05,0.3185712773068661,1.0,0.2522678691988923,,
2014-08-27,7540.5,0.00016577150056362733,1.0,0.00016577150056362733,0.394591705984166,0.00014754461807789943,0.31871881104130734,1.0,0.2524336269608791,,
2014-08-28,7541.75,0.000596678489740432,1.0,0.000596678489740432,0.39518820653207554,0.000531072588380529,0.3192497426605485,1.0,0.25303012750878867,,
2014-08-29,7546.25,0.000728838827231959,1.0,0.000728838827231959,0.39591677988527346,0.0006487016528091835,0.3198982339973905,1.0,0.2537587008619866,,
2014-09-01,7551.75,0.001456616016155099,1.0,0.001456616016155099,0.39737233606537725,0.0012964583964012878,0.32119385271726375,1.0,0.25521425704209044,,
2014-09-02,7562.75,-0.0031073352947009747,1.0,-0.0031073352947009747,0.39426016298000155,-0.002765678043196935,0.3184243431203543,1.0,0.2521020839567148,,
2014-09-03,7539.25,0.00013263918824812926,1.5,8.953145206745535e-05,0.39434969042436774,0.00011805526466065437,0.31854239141704055,1.0,0.2522347143491635,,
2014-09-04,7540.25,0.0022877225556181546,1.5,0.003431583833427232,0.39777539980926435,0.002036183237705083,0.3205765044434003,1.0,0.2545198240517656,,
2014-09-05,7557.5,0.0007608336089977019,1.5,0.0011412504134965529,0.39891599949155887,0.0006771785492603944,0.3212534538107258,1.0,0.2552803683735967,,
2014-09-08,7563.25,-0.0039996033451228374,1.5,-0.005999405017684256,0.392898525739575,-0.003559839574431161,0.31768726292982874,1.0,0.2512727452238472,,
2014-09-09,7533.0,0.0037501659365457574,1.5,0.005625248904818636,0.39850801201661545,0.0033378282693653652,0.32101953301515795,1.0,0.2550158968192764,,
2014-09-10,7561.25,0.0003636964787567809,1.5,0.0005455447181351714,0.39905340797933025,0.00032370737956763243,0.32134318801279577,1.0,0.2553795271765004,,
2014-09-11,7564.0,-0.0037678476996297894,1.5,-0.005651771549444684,0.3933856047355437,-0.0033535658899594193,0.31798398631718927,1.0,0.2516045632578833,,
2014-09-12,7535.5,-0.004511976643885585,1.0,-0.004621458430097515,0.38875343435045745,-0.004015876483201536,0.31396002454842514,1.0,0.24708237692522042,,
2014-09-15,7501.5,0.004399120175964777,1.0,0.004399120175964777,0.39314290668159846,0.003915428792251154,0.317867807999391,1.0,0.25147184925636146,,
2014-09-16,7534.5,0.001094963169420593,1.0,0.001094963169420593,0.3942372708160888,0.0009745699477427269,0.31884190336216134,1.0,0.25256621339085183,,
2014-09-17,7542.75,0.004275628915183516,1.0,0.004275628915183516,0.39850378520095925,0.003805515623546163,0.3226401963292823,1.0,0.2568327277757223,,
2014-09-18,7575.0,-0.0015841584158415856,1.0,-0.0015841584158415856,0.3969183706794189,-0.0014099772738108494,0.32122922410216415,1.0,0.25524731325418193,,
2014-09-19,7563.0,-0.004991405526907355,1.0,-0.004991405526907355,0.39191446647996986,-0.004442591275553978,0.31677673519301724,1.0,0.25024340905473297,,
2014-09-22,7525.25,-0.0027906049632903107,1.0,-0.0027906049632903107,0.38911996051953074,-0.002483772796379578,0.314289872715882,1.0,0.24744890309429393,,
2014-09-23,7504.25,0.007728953592963883,1.0,0.007728953592963883,0.3968191987648236,0.006879140878488721,0.32114546026086094,1.0,0.2551481413395867,,
2014-09-24,7562.25,-0.010611921055241447,1.0,-0.010611921055241447,0.38615056973148065,-0.009445120746599329,0.3116554514891596,1.0,0.24447951230624385,,
2014-09-25,7482.0,0.0053795776530338735,1.0,0.0053795776530338735,0.391515729142904,0.004788083159883279,0.31643210823809087,1.0,0.2498446717176672,,
2014-09-26,7522.25,-0.0017282063212469279,1.0,-0.0017282063212469279,0.38978602775033655,-0.0015381868461178515,0.31489273716805866,1.0,0.24811497032509977,,
2014-09-29,7509.25,0.0004327995472250823,1.0,0.0004327995472250823,0.39021873366685217,0.00038521243810001304,0.31527787543089564,1.0,0.24854767624161547,,
2014-09-30,7512.5,-0.006988352745424309,1.0,-0.006988352745424309,0.38320584802119567,-0.006219970461216339,0.30903848036454096,1.0,0.24153479059595906,,
2014-10-01,7460.0,-0.001273458445040232,1.0,-0.001273458445040232,0.381931578038904,-0.0011334393383223252,0.3079043981980681,1.0,0.24026052061366732,,
2014-10-02,7450.5,0.00557009596671354,1.0,0.00557009596671354,0.38748621838736813,0.004957653633294795,0.3128498031331102,1.0,0.2458151609621314,,
2014-10-03,7492.0,-0.001735184196476225,1.0,-0.001735184196476225,0.3857495270150566,-0.0015443974910851793,0.31130421183091556,1.0,0.24407846958981988,,
2014-10-06,7479.0,-0.007153362749030667,1.0,-0.007153362749030667,0.37857045629438885,-0.006366837310333074,0.30491701976899055,1.0,0.23689939886915215,,
2014-10-07,7425.5,0.011245034004444099,1.0,0.011245034004444099,0.38975273492327284,0.010008621758369586,0.3148758869801492,1.0,0.24808167749803614,,
2014-10-08,7509.0,-0.010953522439739016,1.0,-0.010953522439739016,0.37873878095939933,-0.009749162428307038,0.30507889031810304,1.0,0.23706772353416258,,
2014-10-09,7426.75,-0.013330191537348046,1.0,-0.013330191537348046,0.3653189448748767,-0.011864512371524064,0.2931434329091347,1.0,0.22364788744964004,,
2014-10-10,7327.75,-0.007744532769267565,1.0,-0.007744532769267565,0.35754426747344575,-0.006893007095600104,0.286226559302205,1.0,0.215873210048209,,
2014-10-13,7271.0,0.003094484940173281,1.0,0.003094484940173281,0.3606339743496568,0.002754240608870119,0.28897701394046543,1.0,0.21896291692442013,,
2014-10-14,7293.5,-0.010111743333104828,1.0,-0.010111743333104828,0.3504707600719845,-0.008999938488293141,0.27993633135865437,1.0,0.20879970264674777,,
2014-10-15,7219.75,-0.0001038817133557357,1.0,-0.0001038817133557357,0.35036687296254987,-9.245972721630088e-05,0.279843867356774,1.0,0.2086958155373132,,
2014-10-16,7219.0,0.008623077988641148,1.0,0.008623077988641148,0.3589529845715,0.007674954646390877,0.2874895193741498,1.0,0.21728192714626327,,
2014-10-17,7281.25,0.009716738197424801,0.5,0.004745064377682358,0.36368682661766294,0.00864836489642384,0.2961007013898349,1.0,0.22695176143367515,,
2014-10-20,7352.0,0.013397714907508185,0.5,0.006698857453754092,0.37036334642812585,0.01192461142249324,0.30795477483843997,1.0,0.24026052061366715,,
2014-10-21,7450.5,-0.0035232534729212617,0.5,-0.0017616267364606308,0.3686001662025725,-0.0031358652499756654,0.30481398245979396,1.0,0.23673104586617866,,
2014-10-22,7424.25,0.007542849446072086,0.5,0.003771424723036043,0.3723644969340967,0.006713499226078607,0.31150504650634064,1.0,0.24424559026805037,,
2014-10-23,7480.25,0.004344774573042276,0.5,0.002172387286521138,0.3745345279991565,0.0038670585886869053,0.31536464724441043,1.0,0.24858095355813556,,
2014-10-24,7512.75,0.0004991514425476407,0.5,0.00024957572127382033,0.37478407258159085,0.0004442688200524346,0.3158088174062901,1.0,0.24907998046604132,,
2014-10-27,7516.5,0.006984633805627638,0.5,0.003492316902813819,0.37827030550640134,0.006216660425715129,0.32200623411184914,1.0,0.2560403347073197,,
2014-10-28,7569.0,-0.002840533756110486,0.5,-0.001420266878055243,0.3768490290933577,-0.002528211826265272,0.31947482096117547,1.0,0.253195758979146,,
2014-10-29,7547.5,0.002848625372639857,0.5,0.0014243126863199285,0.3782723284084876,0.0025354137546208678,0.32200702597685227,1.0,0.2560403347073195,,
2014-10-30,7569.0,0.006638921918351137,0.5,0.0033194609591755686,0.3815862921190423,0.005908960198596638,0.3278985967388349,1.0,0.26265731603791603,,
2014-10-31,7619.25,0.00164058142205592,0.5,0.00082029071102796,0.38240624657551675,0.0014601964663403012,0.3293577281549774,1.0,0.26429655317634115,,
2014-11-03,7631.75,-0.001506862777213569,0.5,-0.0007534313886067845,0.38165253121483667,-0.0013411804333305361,0.3280156475342036,1.0,0.2627885539396105,,
2014-11-04,7620.25,-0.00029526590334960634,0.5,-0.00014763295167480317,0.38150488736434496,-0.00026280087224294816,0.3277528121237602,1.0,0.26249324443670147,,
2014-11-05,7618.0,0.003051982147545207,0.5,0.0015259910737726035,0.383029715296884,0.0027164110767477004,0.33046554042372184,1.0,0.2655405787410873,,
2014-11-06,7641.25,-0.001832160968427976,0.5,-0.000916080484213988,0.38211321495450773,-0.0016307114879507427,0.32883349787854893,1.0,0.26370673731285654,,
2014-11-07,7627.25,0.002589399849224794,1.0,0.0024812350453964154,0.3845913768187024,0.0023046905560114737,0.331135536708771,1.0,0.2662927904423771,,
2014-11-10,7647.0,0.001700013077023721,1.0,0.001700013077023721,0.3862899465091143,0.0015130935011390904,0.33264748663734794,1.0,0.26799136013278907,,
2014-11-11,7660.0,0.0012728459530026992,1.0,0.0012728459530026992,0.38756198308044626,0.0011328941909149225,0.33377973958789825,1.0,0.269263396704121,,
2014-11-12,7669.75,0.0013038234623032885,1.0,0.0013038234623032885,0.38886495730303144,0.0011604656658863138,0.3349395324339763,1.0,0.2705663709267061,,
2014-11-13,7679.75,0.0026042514404764905,1.0,0.0026042514404764905,0.39146582355670334,0.0023179091873903918,0.33725475941380895,1.0,0.273167237180378,,
2014-11-14,7699.75,-0.0014935549855514818,1.0,-0.0014935549855514818,0.389971152106098,-0.00132933585792664,0.3359245392051511,1.0,0.27167256572977255,,
2014-11-17,7688.25,0.0034143010438005827,1.0,0.0034143010438005827,0.39337963765755796,0.003038892341552846,0.3389588234466917,1.0,0.2750810512812326,,
2014-11-18,7714.5,-0.001782357897465836,1.0,-0.001782357897465836,0.3915956894703302,-0.0015863843565727224,0.3373711794500972,1.0,0.2732971030940048,,
2014-11-19,7700.75,0.002694542739343664,1.0,0.002694542739343664,0.3942866084375331,0.0023982727912777876,0.339766580974988,1.0,0.2759880220612078,,
2014-11-20,7721.5,0.000453279803147133,1.0,0.000453279803147133,0.3947397855404237,0.0004034408520787885,0.34016994046668825,1.0,0.27644119916409843,,
2014-11-21,7725.0,0.004304207119740999,1.0,0.004304207119740999,0.3990347560553884,0.003830951601759846,0.34399357266093555,1.0,0.280736169679063,,
2014-11-24,7758.25,0.001450069281087929,1.0,0.001450069281087929,0.4004837750012663,0.0012906314869394167,0.34528337199897885,1.0,0.28218518862494096,,
2014-11-25,7769.5,0.003764721024518858,1.0,0.003764721024518858,0.4042414271994735,0.0033507829985484857,0.34862855363332523,1.0,0.2859428408231482,,
2014-11-26,7798.75,0.001057861836832874,1.0,0.001057861836832874,0.40529872989476834,0.0009415479751586335,0.34956965863022416,1.0,0.28700014351844305,,
2014-11-27,7807.0,0.0008005635967720526,1.0,0.0008005635967720526,0.4060989732114291,0.0007125401515410965,0.3502819450455558,1.0,0.28780038683510395,,
2014-11-28,7813.25,-0.006559370300451173,1.0,-0.006559370300451173,0.3995179957033289,-0.0058381554279296555,0.3444266809670877,1.0,0.2812194093270037,,
2014-12-01,7762.0,0.0028665292450398283,1.0,0.0028665292450398283,0.40238042428798526,0.0025513490632015808,0.3469747808645986,1.0,0.28408183791166003,,
2014-12-02,7784.25,0.00044962584706298436,1.0,0.00044962584706298436,0.4028299490836362,0.00040018865521095477,0.3473748894656868,1.0,0.28453136270731094,,
2014-12-03,7787.75,0.00022471188725892155,1.0,0.00022471188725892155,0.40305463572696065,0.00020000440045757944,0.34757487386793073,1.0,0.28475604935063537,,
2014-12-04,7789.5,9.628345850187792e-05,1.0,9.628345850187792e-05,0.40315091455050783,8.569691450929583e-05,0.3476605671106692,1.0,0.2848523281741826,,
2014-12-05,7790.25,-0.004107698725971609,1.0,-0.004107698725971609,0.3990347560553883,-0.0036560496686216006,0.3439978177578877,1.0,0.280736169679063,,
2014-12-08,7758.25,0.0012889504720781098,1.0,0.0012889504720781098,0.4003228765439352,0.0011472279883905487,0.3451443881831181,1.0,0.28202429016761,,
2014-12-09,7768.25,-0.008592668876516552,1.0,-0.008592668876516552,0.39169307783898966,-0.00764788907227677,0.33746710403779556,1.0,0.2733944914626644,,
2014-12-10,7701.5,0.00042199571512036016,1.0,0.00042199571512036016,0.39211498453896004,0.00037559650727807335,0.33784263002636267,1.0,0.27381639816263476,,
2014-12-11,7704.75,-0.004769784872967975,1.0,-0.004769784872967975,0.3873337879400124,-0.0042453382216063274,0.33358825477053483,1.0,0.26903520156368704,,
2014-12-12,7668.0,-0.004107981220657253,1.0,-0.004107981220657253,0.3832173457849777,-0.003656301102495099,0.32992525306122006,1.0,0.26491875940865234,,
2014-12-15,7636.5,-0.008904602893995972,1.0,-0.008904602893995972,0.37427285997709714,-0.007925525368733172,0.3219681537790834,1.0,0.2559742736007718,,
2014-12-16,7568.5,0.009513113562793052,1.0,0.009513113562793052,0.38374100881978906,0.00846712916624197,0.3303996378734516,1.0,0.2654424224434637,,
2014-12-17,7640.5,0.01449512466461611,1.0,0.01449512466461611,0.3981320834385648,0.012901358951090904,0.34321848322705084,1.0,0.2798334970622395,,
2014-12-18,7751.25,0.0015158845347524874,1.0,0.0015158845347524874,0.39964682018015746,0.0013492102319747259,0.3445667840927595,1.0,0.28134823380383217,,
2014-12-19,7763.0,0.0012881617931213007,1.0,0.0012881617931213007,0.40093415300469687,0.0011465260261408687,0.3457126533598823,1.0,0.2826355666283715,,
2014-12-22,7773.0,-0.0016724559372185421,1.0,-0.0016724559372185421,0.3992602969517417,-0.0014885663197234055,0.34422297802461604,1.0,0.2809617105754163,,
2014-12-23,7760.0,0.0002577319587628857,1.0,0.0002577319587628857,0.39951799570332885,0.00022939385414770484,0.3444523455720166,1.0,0.2812194093270035,,
2014-12-24,7762.0,0.003993816026797159,1.0,0.003993816026797159,0.40350385761803814,0.0035546885824382416,0.3480007311813173,1.0,0.28520527124171285,,
2014-12-26,7793.0,0.0006095213653278808,1.0,0.0006095213653278808,0.40411319330066653,0.0005425033660903851,0.3485430874456563,1.0,0.28581460692434113,,
2014-12-29,7797.75,-0.004392292648520368,1.0,-0.004392292648520368,0.39971122619570176,-0.0039093519640522375,0.34462607399105394,1.0,0.28141263981937636,,
2014-12-30,7763.5,-0.006343788239840276,1.0,-0.006343788239840276,0.393347230625229,-0.00564627701282734,0.3389637964989904,1.0,0.27504864424890363,,
2014-12-31,7714.25,-0.0021713063486404893,1.0,-0.0021713063486404893,0.39117356357313277,-0.001932567207578092,0.33702935947398616,1.0,0.27287497719680737,,
2015-01-02,7697.5,-0.0065930496914582415,1.0,-0.0065930496914582415,0.3845586837251156,-0.005868131707726477,0.3311439426272372,1.0,0.26626009734879025,,
2015-01-05,7646.75,-0.008663811423153644,1.0,-0.008663811423153644,0.37585712329611365,-0.007711209364588596,0.32340284815503545,1.0,0.2575585369197883,,
2015-01-06,7580.5,0.0069916232438493875,1.0,0.0069916232438493875,0.3828244184714744,0.006222881362302544,0.3296064473435544,1.0,0.2645258320951491,,
2015-01-07,7633.5,0.010152616755092714,1.0,0.010152616755092714,0.39292584360743804,0.009036317802084927,0.33860218192463154,1.0,0.2746272572311128,,
2015-01-08,7711.0,-0.0037608611075087284,1.0,-0.0037608611075087284,0.3891578926803275,-0.0033473474865386675,0.33524921953697684,1.0,0.2708593063040023,,
2015-01-09,7682.0,-0.004198125488154125,1.0,-0.004198125488154125,0.38495093032250255,-0.003736533841382765,0.33150568741470554,1.0,0.2666523439461772,,
2015-01-12,7649.75,-0.0005555737115592319,1.0,-0.0005555737115592319,0.3843952022226835,-0.0004944873564359455,0.3310110777590782,1.0,0.2660966158463582,,
2015-01-13,7645.5,-0.001994637368386676,1.0,-0.001994637368386676,0.3823985729159439,-0.0017753233078176753,0.32923417669721133,1.0,0.2640999865396186,,
2015-01-14,7630.25,-0.00923953998886018,1.0,-0.00923953998886018,0.3731160836182029,-0.008223635511754365,0.3209765405608046,1.0,0.25481749724187763,,
2015-01-15,7559.75,0.007573001752703368,1.0,0.007573001752703368,0.3806605541472653,0.006740336230937428,0.3276942622881859,1.0,0.26236196777094,,
2015-01-16,7617.0,-0.001214388867007976,1.0,-0.001214388867007976,0.3794454273125835,-0.0010808645694316576,0.32661281316339075,1.0,0.2611468409362583,,
2015-01-19,7607.75,0.005060628963885483,1.0,0.005060628963885483,0.3844932943312518,0.0045042034678563405,0.3311069030644771,1.0,0.2661947079549265,,
2015-01-20,7646.25,0.0024521824423737737,1.0,0.0024521824423737737,0.3869424750803917,0.0021825604563342816,0.33328708519566885,1.0,0.26864388870406636,,
2015-01-21,7665.0,0.011024135681669822,1.0,0.011024135681669822,0.39790628791158256,0.00981201161394208,0.343051271610127,1.0,0.27960770153525716,,
2015-01-22,7749.5,-0.00041938189560619676,1.0,-0.00041938189560619676,0.39748681805079433,-0.00037327008204435973,0.34267793184546474,1.0,0.2791882316744689,,
2015-01-23,7746.25,0.00038728416975963853,1.0,0.00038728416975963853,0.39787402724539706,0.00034470156040404423,0.3430225740099348,1.0,0.27957544086907166,,
2015-01-26,7749.25,-0.0075813788431138285,1.0,-0.0075813788431138285,0.39026376366634213,-0.006747792244793929,0.33625191247886393,1.0,0.27196517729001674,,
2015-01-27,7690.5,-0.010987582081789182,1.0,-0.010987582081789182,0.3792153722626822,-0.00977947714984286,0.32642430217388,1.0,0.2609167858863569,,
2015-01-28,7606.0,0.009236129371548829,0.5,0.004509597686037365,0.38371483217982116,0.00822059989811208,0.3346112969843547,1.0,0.2701105230417609,,
2015-01-29,7676.25,-0.007164956847419024,0.5,-0.003582478423709512,0.38012592131296247,-0.0063771566162020045,0.3282137194403001,1.0,0.26291977462017774,,
2015-01-30,7621.25,0.005412497949811357,0.5,0.0027062489749056784,0.38282851498939113,0.004817383809262275,0.3330195367880282,1.0,0.2683176776426187,,
2015-02-02,7662.5,0.003980424143556371,0.5,0.0019902120717781857,0.3848167492129142,0.0035427691614799486,0.3365560451255876,1.0,0.2722902008570866,,
2015-02-03,7693.0,-0.0025672689457948428,0.5,-0.0012836344728974214,0.38353229017558504,-0.002284992986265233,0.33426843755922464,1.0,0.2697196308253111,,
2015-02-04,7673.25,0.007851953214087937,0.5,0.003925976607043968,0.3874505802480047,0.006988616464224335,0.34123274682681354,1.0,0.2775409178763465,,
2015-02-05,7733.5,-0.002780112497575482,0.5,-0.001390056248787741,0.3860595569747801,-0.0024744339966382097,0.3387552463588083,1.0,0.2747569336885336,,
2015-02-06,7712.0,-0.00188018672199175,0.5,-0.000940093360995875,0.3851190214488813,-0.0016734567212591098,0.3370803878447389,1.0,0.27287497719680753,,
2015-02-09,7697.5,0.007957128937966962,0.5,0.003978564468983481,0.38908969236000696,0.007082227923118267,0.3441376545762842,1.0,0.2808006151260146,,
2015-02-10,7758.75,0.004349927501208217,0.5,0.0021749637506041086,0.39126229430089987,0.0038716449428891756,0.34800182399074026,1.0,0.28514110903964424,,
2015-02-11,7792.5,0.004010266281680996,0.5,0.002005133140840498,0.39326541984550134,0.003569330101431962,0.35156479915091843,1.0,0.28914335563706317,,
2015-02-12,7823.75,0.004601374021409255,0.5,0.0023006870107046273,0.39556346432815587,0.004095444454047242,0.35565188009939963,1.0,0.29373417569978705,,
2015-02-13,7859.75,-0.0006043449219123032,1.0,-0.0007093100925602246,0.3948539025561724,-0.0005378960821835828,0.35511383929922063,1.0,0.2931296480878736,,
2015-02-16,7855.0,0.0013049013367281148,1.0,0.0013049013367281148,0.396157953249075,0.0011614250260284745,0.35627459039296766,1.0,0.29443369878077613,,
2015-02-17,7865.25,0.000540351546358897,1.0,0.000540351546358897,0.39669815885810633,0.0004809388963980873,0.3567554136753221,1.0,0.29497390438980753,,
2015-02-18,7869.5,0.003558040536247642,1.0,0.003558040536247642,0.40024988454269106,0.0031668274114756297,0.3599172372502786,1.0,0.29852563007439226,,
2015-02-19,7897.5,0.0030072807850585193,1.0,0.0030072807850585193,0.40325265250417747,0.0026766247115809776,0.36259028618119693,1.0,0.30152839803587866,,
2015-02-20,7921.25,0.000662774183367576,1.0,0.000662774183367576,0.4039152071497333,0.0005899009384868714,0.3631800131965201,1.0,0.3021909526814345,,
2015-02-23,7926.5,0.0005361761180848745,1.0,0.0005361761180848745,0.40445123957676354,0.0004772225641702455,0.3636571219262173,1.0,0.3027269851084648,,
2015-02-24,7930.75,-0.0015446206222614611,1.0,-0.0015446206222614611,0.4029054247982314,-0.0013747867336179457,0.3622813893062905,1.0,0.3011811703299326,,
2015-02-25,7918.5,0.0030940203321336845,1.0,0.0030940203321336845,0.4059946684995829,0.0027538270853420996,0.3650314315567529,1.0,0.3042704140312841,,
2015-02-26,7943.0,-0.0020143522598514707,1.0,-0.0020143522598514707,0.40397828470360664,-0.0017928705105740618,0.3632369519302664,1.0,0.30225403023530784,,
2015-02-27,7927.0,0.004068373911946477,1.0,0.004068373911946477,0.4080384051602646,0.003621048690488477,0.36685146040747757,1.0,0.3063141506919657,,
2015-03-02,7959.25,-0.0026070295568050295,1.0,-0.0026070295568050295,0.40542797138401687,-0.0023203818447004635,0.3645283823051188,1.0,0.30370371691571807,,
2015-03-03,7938.5,-0.001858033633557965,1.0,-0.001858033633557965,0.40356820946482685,-0.0016537394057911583,0.36287327396286556,1.0,0.30184395499652805,,
2015-03-04,7923.75,0.0009465215333648302,1.0,0.0009465215333648302,0.40451428332914846,0.0008424497435807357,0.3637153690448368,1.0,0.3027900288608496,,
2015-03-05,7931.25,-0.00542159180457058,1.0,-0.00542159180457058,0.39907794135865443,-0.004825477777904313,0.3588782110588348,1.0,0.2973536868903556,,
2015-03-06,7888.25,0.0007606249801921372,1.0,0.0007606249801921372,0.3998382772102693,0.0006769928595771108,0.35955497486211974,1.0,0.2981140227419704,,
2015-03-09,7894.25,-0.0100706210216297,1.0,-0.0100706210216297,0.3897166044470685,-0.008963337650872661,0.3505512248325505,1.0,0.2879923499787695,,
2015-03-10,7814.75,-0.0028471800121564472,1.0,-0.0028471800121564472,0.38686536350794287,-0.00253412731419061,0.34801388118285287,1.0,0.2851411090396439,,
2015-03-11,7792.5,0.002726981071543122,1.0,0.002726981071543122,0.3895886331124728,0.002427144468973774,0.35043808489415795,1.0,0.28786437864417386,,
2015-03-12,7813.75,-0.002687569988801819,1.0,-0.002687569988801819,0.38689744512357577,-0.0023920667075290666,0.34804315262440616,1.0,0.2851731906552768,,
2015-03-13,7792.75,0.005902922588303161,1.0,0.005902922588303161,0.39278301372368124,0.00525388535347368,0.3532832844740819,1.0,0.2910587592553823,,
2015-03-16,7838.75,0.002360070164248107,1.0,0.002360070164248107,0.3951403032964073,0.002100576093219222,0.3553816574420215,1.0,0.2934160488281084,,
2015-03-17,7857.25,0.006586273823538713,1.0,0.006586273823538713,0.4017049823858678,0.005862100858992321,0.36122664304277996,1.0,0.29998072791756897,,
2015-03-18,7909.0,-0.0002528764698445096,1.0,-0.0002528764698445096,0.4014520739373776,-0.00022507223519868474,0.36100154547502455,1.0,0.2997278194690788,,
2015-03-19,7907.0,0.0033198431769319026,1.0,0.0033198431769319026,0.4047664186010568,0.0029548202915068056,0.3639520088655168,1.0,0.303042164132758,,
2015-03-20,7933.25,-0.0011974915702895883,1.0,-0.0011974915702895883,0.40356820946482674,-0.0010658251616782932,0.3628856153082915,1.0,0.30184395499652805,,
2015-03-23,7923.75,-0.0010096229689225966,1.0,-0.0010096229689225966,0.4025580764833253,-0.0008986130598195503,0.3619865982537149,1.0,0.3008338220150266,,
2015-03-24,7915.75,-0.013075198180842018,1.0,-0.013075198180842018,0.3893966453990966,-0.01163755600525987,0.3502807958963714,1.0,0.2876723909307979,,
2015-03-25,7812.25,-0.001632052225671199,1.0,-0.001632052225671199,0.38776325992537397,-0.0014526050708421826,0.3488271347719736,1.0,0.2860390054570752,,
2015-03-26,7799.5,0.0013462401435988536,1.0,0.0013462401435988536,0.38910859470018216,0.0011982185547761866,0.35002463603582096,1.0,0.28738434023188336,,
2015-03-27,7810.0,0.0060179257362356076,1.0,0.0060179257362356076,0.39510848504227214,0.00535624369300585,0.3553665860730626,1.0,0.29338423057397334,,
2015-03-30,7857.0,-0.006045564464808417,1.0,-0.006045564464808417,0.3890445721642277,-0.005380843492353559,0.3499712137005067,1.0,0.28732031769592886,,
2015-03-31,7809.5,-0.0011524425379345615,1.0,-0.0011524425379345615,0.3878914650537547,-0.0010257293535870214,0.34894495792655894,1.0,0.2861672105854559,,
2015-04-01,7800.5,-0.0006730337798859232,1.0,-0.0006730337798859232,0.38721820468496065,-0.0005990324734297663,0.3483457459614926,1.0,0.2854939502166618,,
2015-04-02,7795.25,-0.00590102947307658,1.0,-0.00590102947307658,0.38129969533737046,-0.005252200389760776,0.34307970428117174,1.0,0.27957544086907166,,
2015-04-03,7749.25,0.009968706649030601,1.0,0.009968706649030601,0.3912190421947282,0.008872628951665278,0.35191320275041443,1.0,0.2894947877264295,,
2015-04-06,7826.5,-0.000798568964415769,1.0,-0.000798568964415769,0.3904201542042628,-0.0007107648326942919,0.35120218520464297,1.0,0.2886958997359641,,
2015-04-07,7820.25,0.005434608868002844,1.0,0.005434608868002844,0.3958400488720331,0.004837063591183912,0.35602758779196064,1.0,0.2941157944037344,,
2015-04-08,7862.75,0.0028297987345393683,1.0,0.0028297987345393683,0.39866585126358917,0.002518657140131749,0.3585430784309703,1.0,0.2969415967952904,,
2015-04-09,7885.0,0.0019974635383639416,1.0,0.0019974635383639416,0.4006613225242198,0.0017778387351890942,0.3603193386814591,1.0,0.2989370680559211,,
2015-04-10,7900.75,-0.0014239154510647944,1.0,-0.0014239154510647944,0.399236392342174,-0.0012673533188048611,0.3590511815912569,1.0,0.29751213787387515,,
2015-04-13,7889.5,-0.0008555675264592111,1.0,-0.0008555675264592111,0.3983804586089273,-0.0007614962976270185,0.3582893952080488,1.0,0.2966562041406285,,
2015-04-14,7882.75,0.00342520059623852,1.0,0.00342520059623852,0.4017998065661044,0.0030485934680806732,0.36133335113798437,1.0,0.30007555209780556,,
2015-04-15,7909.75,-0.0011694427763203619,1.0,-0.0011694427763203619,0.40062967945800393,-0.0010408603843814457,0.36029194868225334,1.0,0.2989054249897052,,
2015-04-16,7900.5,-0.008480475919245611,1.0,-0.008480475919245611,0.392113039699992,-0.007548031937755524,0.35271528619088904,1.0,0.29038878523169326,,
2015-04-17,7833.5,0.007595583072700585,1.0,0.007595583072700585,0.39967992157485266,0.006760434693117936,0.35945297161778456,1.0,0.29795566710655397,,
2015-04-20,7893.0,0.003008995312302032,1.0,0.003008995312302032,0.40268439892151603,0.002678150723389208,0.36212754248569573,1.0,0.3009601444532172,,
2015-04-21,7916.75,0.0009473584488584041,1.0,0.0009473584488584041,0.4036313089095722,0.0008431946386709231,0.36297038183547176,1.0,0.30190705444127336,,
2015-04-22,7924.25,0.006940719941950446,1.0,0.006940719941950446,0.41054805293103547,0.006177574972410148,0.3691289538130721,1.0,0.30882379846273655,,
2015-04-23,7979.25,0.004668358555002028,1.0,0.004668358555002028,0.4152055484953424,0.004155063914524277,0.3732754092870382,1.0,0.3134812940270435,,
2015-04-24,8016.5,-0.0008731990270067769,1.0,-0.0008731990270067769,0.41433196800798855,-0.0007771891821432709,0.37249791793681114,1.0,0.3126077135396897,,
2015-04-27,8009.5,-0.001061239777763956,1.0,-0.001061239777763956,0.4132701647165743,-0.0009445545052489784,0.3715529170588511,1.0,0.3115459102482755,,
2015-04-28,8001.0,-0.005061867266591635,1.0,-0.005061867266591635,0.40819544280250974,-0.00450530561689416,0.36703743196666805,1.0,0.30647118833421094,,
2015-04-29,7960.5,-0.0075058099365618025,1.0,-0.0075058099365618025,0.4006613225242198,-0.006680532279010464,0.3603344850483035,1.0,0.2989370680559211,,
2015-04-30,7900.75,0.006834794165111013,1.0,0.006834794165111013,0.40747286536889343,0.006083295930263333,0.3663993524336424,1.0,0.3057486109005947,,
2015-05-01,7954.75,0.0007228385555799743,1.0,0.0007228385555799743,0.4081954428025098,0.0006433611221012773,0.36704250668769944,1.0,0.3064711883342111,,
2015-05-04,7960.5,-0.008039695998995011,1.0,-0.008039695998995011,0.40012325417655975,-0.007155716583375174,0.359861065170731,1.0,0.29839899970826106,,
2015-05-05,7896.5,-0.004685620211486108,1.0,-0.004685620211486108,0.3954266220347431,-0.0041704276200145215,0.35568191706356433,1.0,0.29370236756644436,,
2015-05-06,7859.5,0.0034353330364527146,1.0,0.0034353330364527146,0.3988560677939792,0.0030576118277897755,0.3587348639030394,1.0,0.29713181332568045,,
2015-05-07,7886.5,0.006181449312115728,1.0,0.006181449312115728,0.4050184903167942,0.005501787549868653,0.36422157190415083,1.0,0.30329423584849546,,
2015-05-08,7935.25,-0.002457389496235196,1.0,-0.002457389496235196,0.40255807648332526,-0.002187194985011904,0.36203198151473936,1.0,0.30083382201502645,,
2015-05-11,7915.75,-0.0010106433376496637,1.0,-0.0010106433376496637,0.40154692210134624,-0.0008995212371215707,0.36113205546561356,1.0,0.29982266763304743,,
2015-05-12,7907.75,0.0007271347728494693,1.0,0.0007271347728494693,0.40227379263978835,0.0006471849623515742,0.361779031094091,1.0,0.30054953817148955,,
2015-05-13,7913.5,0.007897896000505389,1.0,0.007897896000505389,0.41014066350812467,0.007029507756469082,0.36878394703920536,1.0,0.308416409039826,,
2015-05-14,7976.0,0.00012537612838525725,1.0,0.00012537612838525725,0.41026603177758003,0.00011159079163663746,0.3688955316050528,1.0,0.3085417773092813,,
2015-05-15,7977.0,0.0022878275040743024,1.0,0.0022878275040743024,0.4125512461890879,0.0020362766468847524,0.37092973785077615,1.0,0.3108269917207891,,
2015-05-18,7995.25,-0.0010631312341702337,1.0,-0.0010631312341702337,0.4114875494300535,-0.0009462379925319335,0.3699830518924645,1.0,0.3097632949617547,,
2015-05-19,7986.75,0.00021911290575005182,1.0,0.00021911290575005182,0.41170663833407684,0.00019502103730080855,0.37017805391563485,1.0,0.3099823838657779,,
2015-05-20,7988.5,0.0033798585466608966,1.0,0.0033798585466608966,0.4150807979961789,0.0030082368605513117,0.37318177508559286,1.0,0.31335654352787995,,
2015-05-21,8015.5,-0.0002183269914540764,1.0,-0.0002183269914540764,0.4148624471679177,-0.00019432153573240027,0.3729874346669846,1.0,0.31313819269961873,,
2015-05-22,8013.75,-0.0001871782873186234,1.0,-0.0001871782873186234,0.41467525136055716,-0.00016659768911424827,0.37282082309893383,1.0,0.3129509968922583,,
2015-05-25,8012.25,-0.0056788043308683145,1.0,-0.0056788043308683145,0.40898026131428106,-0.005054409312145233,0.3677535970544607,1.0,0.3072560068459821,,
2015-05-26,7966.75,0.0074685411240467126,1.0,0.0074685411240467126,0.4164210509747088,0.006647361241226167,0.3743789620142963,1.0,0.3146967965064098,,
2015-05-27,8026.25,0.0004360691481077872,1.0,0.0004360691481077872,0.416857025072297,0.0003881225403302857,0.3747670092545566,1.0,0.315132770603998,,
2015-05-28,8029.75,-0.0034247641582864086,1.0,-0.0034247641582864086,0.4134263829850566,-0.00304820501728702,0.3717141489978662,1.0,0.3117021285167577,,
2015-05-29,8002.25,0.0011559248961230395,1.0,0.0011559248961230395,0.4145816403143854,0.0010288288200645673,0.37274244893628167,1.0,0.3128573858460865,,
2015-06-01,8011.5,-0.002746052549460143,1.0,-0.002746052549460143,0.4118318104458939,-0.0024441190026896456,0.3702953381989779,1.0,0.310107555977595,,
2015-06-02,7989.5,0.0029726516052319685,1.0,0.0029726516052319685,0.41480005245896895,0.002645803073998598,0.37293764729758033,1.0,0.31307579799067004,,
2015-06-03,8013.25,-0.0039309892989736195,1.0,-0.0039309892989736195,0.4108613165135739,-0.003498769769311191,0.3694327425191501,1.0,0.309137062045275,,
2015-06-04,7981.75,-0.0017540013155009637,1.0,-0.0017540013155009637,0.4091057751366556,-0.0015611456331384981,0.3678703770284188,1.0,0.3073815206683566,,
2015-06-05,7967.75,-0.005741897022371489,1.0,-0.005741897022371489,0.4033473300483127,-0.005110564845754399,0.36274670858254576,1.0,0.30162307558001383,,
2015-06-08,7922.0,-0.0004733653117899861,1.0,-0.0004733653117899861,0.40287385266379455,-0.0004213179219703809,0.3623253018812426,1.0,0.3011495981954957,,
2015-06-09,7918.25,0.007103842389416748,1.0,0.007103842389416748,0.4099525816292594,0.006322761805668678,0.36862815888663364,1.0,0.30822832716096044,,
2015-06-10,7974.5,0.0006583484857984878,1.0,0.0006583484857984878,0.410610713498761,0.0005859618545349302,0.36921394913255523,1.0,0.3088864590304621,,
2015-06-11,7979.75,-0.004824712553651467,1.0,-0.004824712553651467,0.4057743244471936,-0.004294226502407285,0.3649104759584913,1.0,0.30405006997889467,,
2015-06-12,7941.25,-0.0026129387690855266,1.0,-0.0026129387690855266,0.4031579659953559,-0.0023256413281828644,0.36258212612636076,1.0,0.30143371152705706,,
2015-06-15,7920.5,0.0030932390631903672,1.0,0.0030932390631903672,0.4062464308372668,0.0027531317183612496,0.36533147491926343,1.0,0.3045221763689679,,
2015-06-16,7945.0,9.439899307750466e-05,1.0,9.439899307750466e-05,0.40634082537503974,8.401964953688014e-05,0.36541549103934723,1.0,0.3046165709067408,,
2015-06-17,7945.75,0.009816568605858444,1.0,0.009816568605858444,0.41610952449243843,0.008737218767172565,0.3741147611939838,1.0,0.31438527002413946,,
2015-06-18,8023.75,-0.0033338526250195066,1.0,-0.0033338526250195066,0.41277010219834037,-0.0029672893749170407,0.3711430606877196,1.0,0.31104584773004146,,
2015-06-19,7997.0,0.004126547455295837,1.0,0.004126547455295837,0.41688815880725794,0.00367282594536363,0.37480915827755734,1.0,0.3151639043389591,,
2015-06-22,8030.0,0.0007160647571606837,1.0,0.0007160647571606837,0.4176039673123718,0.0006373321153219889,0.3754462873830186,1.0,0.31587971284407296,,
2015-06-23,8035.75,-0.002799987555610839,1.0,-0.002799987555610839,0.4148000524589688,-0.0024921237553550725,0.3729510531183334,1.0,0.31307579799066987,,
2015-06-24,8013.25,-0.001747106355099337,1.0,-0.001747106355099337,0.41305141813361773,-0.0015550087863604855,0.3713948340509823,1.0,0.3113271636653187,,
2015-06-25,7999.25,-0.003031534206331843,1.0,-0.003031534206331843,0.410015279519496,-0.0026982114244157415,0.3686929758928717,1.0,0.30829102505119693,,
2015-06-26,7975.0,-0.012351097178683434,1.0,-0.012351097178683434,0.3975872736124743,-0.01099307124491166,0.35763903432800453,1.0,0.2958630191441752,,
2015-06-29,7876.5,0.0013965593855138625,1.0,0.0013965593855138625,0.3989828587159192,0.0012430051031580044,0.3588812675398963,1.0,0.2972586042476201,,
2015-06-30,7887.5,0.00377179080824086,1.0,0.00377179080824086,0.4027475541571064,0.0033570754465000914,0.3622327205883154,1.0,0.3010232996888072,,
2015-07-01,7917.25,0.0005368025513909913,1.0,0.0005368025513909913,0.4032842126815482,0.00047778011997801713,0.36271038660771376,1.0,0.30155995821324894,,
2015-07-02,7921.5,-0.0012939468534999277,1.0,-0.0012939468534999277,0.4019894279559658,-0.0011516750084521828,0.36155804791198204,1.0,0.3002651734876665,,
2015-07-03,7911.25,0.00116922104597883,1.0,0.00116922104597883,0.4031579659953561,0.0010406630337002588,0.36259816983128673,1.0,0.3014337115270567,,
2015-07-06,7920.5,-0.0007259642699324331,1.0,-0.0007259642699324331,0.40243173808576,-0.0006461431583909056,0.36195181783243985,1.0,0.3007074836174606,,
2015-07-07,7914.75,-0.009444391800120022,1.0,-0.009444391800120022,0.39294246521090426,-0.008405963488228816,0.35351032498737583,1.0,0.29121821074260484,,
2015-07-08,7840.0,-0.0007334183673469719,1.0,-0.0007334183673469719,0.3922087777607316,-0.0006527776640351459,0.3528573341712357,1.0,0.2904845232924322,,
2015-07-09,7834.25,0.008839391135079921,1.0,0.008839391135079921,0.40100933018390084,0.007867483763084777,0.3606940306574458,1.0,0.29928507571560137,,
2015-07-10,7903.5,0.009710887581451333,1.0,0.009710887581451333,0.41067337014038563,0.008643157566476347,0.3693000499786076,1.0,0.30894911567208605,,
2015-07-13,7980.25,0.004229190814824202,1.0,0.004229190814824202,0.41489364306254073,0.0037641834780417654,0.37305716664631666,1.0,0.3131693885942412,,
2015-07-14,8014.0,0.0019341152982281784,1.0,0.0019341152982281784,0.4168258903679966,0.0017214557509912117,0.3747771423906238,1.0,0.3151016358996971,,
2015-07-15,8029.5,0.008686717728376703,1.0,0.008686717728376703,0.42547509564742986,0.007731597079269473,0.3824790038441007,1.0,0.3237508411791303,,
2015-07-16,8099.25,0.005617804117665326,1.0,0.005617804117665326,0.4310771787544336,0.005000116184984628,0.387466660962083,1.0,0.3293529242861341,,
2015-07-17,8144.75,0.002394180300193449,1.0,0.002394180300193449,0.4334684975713333,0.0021309357567532382,0.38959532949553666,1.0,0.33174424310303385,,
2015-07-20,8164.25,-0.00612426126098542,1.0,-0.00612426126098542,0.4273254061022437,-0.005450887430523941,0.3841295317705476,1.0,0.32560115163394426,,
2015-07-21,8114.25,0.00018485996857386944,1.0,0.00018485996857386944,0.427510248986319,0.00016453427379488057,0.3842940525100634,1.0,0.3257859945180196,,
2015-07-22,8115.75,0.0012937806117734318,1.0,0.0012937806117734318,0.4288031933851298,0.001151527045310382,0.3854449170566471,1.0,0.3270789389168303,,
2015-07-23,8126.25,-0.008583294877711145,1.0,-0.008583294877711145,0.420182849880075,-0.0076395457619435475,0.37777604048678887,1.0,0.31845859541177546,,
2015-07-24,8056.5,-0.005399366970768926,1.0,-0.005399366970768926,0.4147688536445218,-0.004805696605604124,0.37295875939199036,1.0,0.3130445991762223,,
2015-07-27,8013.0,0.0049606888805691085,1.0,0.0049606888805691085,0.4197172788488059,0.004415251981180692,0.3773642927444381,1.0,0.31799302438050625,,
2015-07-28,8052.75,0.00077613237713825,1.0,0.00077613237713825,0.42049311019096264,0.0006907951896037875,0.37805484944487006,1.0,0.318768855722663,,
2015-07-29,8059.0,0.003660503784588709,1.0,0.003660503784588709,0.42414693063620007,0.0032580246365239793,0.3813075782187111,1.0,0.32242267616790055,,
2015-07-30,8088.5,-0.001359955492365672,1.0,-0.001359955492365672,0.4227860495651047,-0.0012104258756288366,0.3800964191860008,1.0,0.3210617950968052,,
2015-07-31,8077.5,-0.0013308573197152729,1.0,-0.0013308573197152729,0.42145430586827176,-0.0011845271007738664,0.378911189978503,1.0,0.31973005139997235,,
2015-08-03,8066.75,-0.002262373322589606,1.0,-0.002262373322589606,0.4191893695127355,-0.0020136211996403474,0.3768955387180547,1.0,0.31746511504443603,,
2015-08-04,8048.5,0.0049388084736285975,1.0,0.0049388084736285975,0.4241160220791636,0.004395777365372484,0.38128168287408293,1.0,0.3223917676108641,,
2015-08-05,8088.25,-0.008345439371928443,1.0,-0.008345439371928443,0.4157355645641197,-0.0074278429080807725,0.37382611617021927,1.0,0.3140113100958201,,
2015-08-06,8020.75,-0.0013402736651809688,1.0,-0.0013402736651809688,0.4143943919288562,-0.001192908101673912,0.3726324959873212,1.0,0.3126701374605567,,
2015-08-07,8010.0,0.007521847690387107,1.0,0.007521847690387107,0.42188809158493323,0.006694806652198476,0.37930499194330614,1.0,0.3201638371166338,,
2015-08-10,8070.25,-0.007806449614324196,1.0,-0.007806449614324196,0.4140510121318223,-0.0069481160692500266,0.37233262531987427,1.0,0.31232675766352297,,
2015-08-11,8007.25,0.0023728496050454684,1.0,0.0023728496050454684,0.41642105097470955,0.0021119504109112556,0.374442348698553,1.0,0.31469679650641014,,
2015-08-12,8026.25,-0.0017442765924310377,1.0,-0.0017442765924310377,0.41467525136055794,-0.0015524901613210439,0.37288865217564343,1.0,0.3129509968922586,,
2015-08-13,8012.25,0.0017473244094978746,1.0,0.0017473244094978746,0.4164210509747095,0.0015552028652753955,0.37444264696531565,1.0,0.31469679650641014,,
2015-08-14,8026.25,0.003862326740383226,1.0,0.003862326740383226,0.42027593808121294,0.0034376567857825023,0.3778744085156771,1.0,0.31855168361291364,,
2015-08-17,8057.25,-0.0026684042322132617,1.0,-0.0026684042322132617,0.41760396731237265,-0.002375008261255624,0.37549657544879017,1.0,0.31587971284407323,,
2015-08-18,8035.75,-0.0046977568988582075,1.0,-0.0046977568988582075,0.41289514127321514,-0.004181229856206864,0.37130657980798837,1.0,0.3111708868049158,,
2015-08-19,7998.0,-0.017598149537384367,1.0,-0.017598149537384367,0.3951403032964081,-0.01566320051120326,0.35551941521831926,1.0,0.29341604882810873,,
2015-08-20,7857.25,-0.021445162111425775,1.0,-0.021445162111425775,0.3734618523890294,-0.019087226951501755,0.3362476754858641,1.0,0.27173759792073016,,
2015-08-21,7688.75,-0.02422370346285152,1.0,-0.02422370346285152,0.3489399291809736,-0.02156026255240958,0.31445159477759876,1.0,0.24721567471267425,,
2015-08-24,7502.5,0.0011329556814394515,0.5,0.0004565144951682429,0.34939633950510224,0.0010083851129344716,0.3154594718117959,1.0,0.24834798908416383,,
2015-08-25,7511.0,0.025529223805085932,0.5,0.012764611902542966,0.36208017044791185,0.022722238523146306,0.33792740531881615,1.0,0.2735567843367406,,
2015-08-26,7702.75,0.015156924475025146,0.5,0.007578462237512573,0.3696300604056443,0.013490392650724629,0.3513276128061275,1.0,0.2885999902744224,,
2015-08-27,7819.5,-0.00038365624400538145,0.5,-0.00019182812200269073,0.3694382138822741,-0.00034147253178328093,0.35098608195932357,1.0,0.288216260415531,,
2015-08-28,7816.5,-0.0072282991108552075,0.5,-0.0036141495554276037,0.3658175175094639,-0.006433534280849459,0.3445317633041888,1.0,0.28096171057541647,,
2015-08-31,7760.0,-0.014916237113402064,0.5,-0.007458118556701032,0.35833144812612194,-0.013276169308798467,0.33116667780514614,1.0,0.2659331076133543,,
2015-09-01,7644.25,0.014553422507113112,0.5,0.007276711253556556,0.365581811854692,0.01295324683819297,0.34403674883601276,1.0,0.2803816454629574,,
2015-09-02,7755.5,-0.00393269292759979,0.5,-0.001966346463799895,0.36361352959363596,-0.0035002860808251743,0.3405303224210591,1.0,0.2764411991640981,,
2015-09-03,7725.0,-0.005501618122977336,0.5,-0.002750809061488668,0.36085893010414266,-0.004896705054881112,0.3356215892244077,1.0,0.2709243914027917,,
2015-09-04,7682.5,0.0029287341360233476,0.5,0.0014643670680116738,0.36232222603226655,0.0026067144115970243,0.33822491204864746,1.0,0.2738488451523679,,
2015-09-07,7705.0,0.011421155094094804,0.5,0.005710577547047402,0.3680165600420006,0.010165378009110063,0.34833897010086545,1.0,0.28520527124171285,,
2015-09-08,7793.0,-0.005710252790966264,0.5,-0.002855126395483132,0.36515734999841054,-0.0050823999560044835,0.34324361082191523,1.0,0.27947865262554145,,
2015-09-09,7748.5,0.005517196876814845,0.5,0.0027585984384074225,0.36791215048722103,0.004910570895977257,0.3481421641905198,1.0,0.28498068552121203,,
2015-09-10,7791.25,0.003882560564736126,0.5,0.001941280282368063,0.36985154892009303,0.003455665863798045,0.35159187296090816,1.0,0.28885572839997675,,
2015-09-11,7821.5,-0.0025570542734769663,0.5,-0.0012785271367384832,0.36857220377022587,-0.0022759014360240414,0.34931337772497495,1.0,0.2862953992793886,,
2015-09-14,7801.5,0.007210151893866534,0.5,0.003605075946933267,0.37217079700663835,0.006417382383866763,0.3557102563839221,1.0,0.2934796822993357,,
2015-09-15,7857.75,0.003054309439725067,0.5,0.0015271547198625335,0.3736967868115844,0.0027184824788564197,0.35842505047232237,1.0,0.2965293368119672,,
2015-09-16,7881.75,-0.001268753766612729,0.5,-0.0006343768833063645,0.3730622086261242,-0.0011292519479723247,0.35729516043895104,1.0,0.2952597774958595,,
2015-09-17,7871.75,-0.006034236351510125,0.5,-0.0030171181757550625,0.3700405297736153,-0.0053707609260230564,0.3519099251275616,1.0,0.2892072615675549,,
2015-09-18,7824.25,0.0028756749848228846,0.5,0.0014378374924114423,0.3714773345674827,0.0025594892120133056,0.35446614442541324,1.0,0.29207880970881606,,
2015-09-21,7846.75,-0.010290884761206875,0.5,-0.005145442380603438,0.3663186088127506,-0.00915938298569697,0.3452645563788234,1.0,0.2817346076897642,,
2015-09-22,7766.0,0.0007404069018799309,0.5,0.00037020345093996543,0.36668874375530053,0.0006589977962960219,0.34592333713142065,1.0,0.2824747406256764,,
2015-09-23,7771.75,-0.002702094122945309,0.5,-0.0013510470614726544,0.3653367832068781,-0.0024049938863132804,0.3435154466021063,1.0,0.27976898925677235,,
2015-09-24,7750.75,-0.00551559526497436,0.5,-0.00275779763248718,0.36257517584457877,-0.00490914538431506,0.3385942117814934,1.0,0.2742381269324084,,
2015-09-25,7708.0,-0.01339517384535549,0.5,-0.006697586922677745,0.3558550594347951,-0.011922349754814798,0.32660022082449947,1.0,0.2607524284414159,,
2015-09-28,7604.75,-0.0037476577139288203,0.5,-0.0018738288569644101,0.3539794727643004,-0.0033355958304551055,0.32325904949240647,1.0,0.25699773066364606,,
2015-09-29,7576.25,0.010724302920310125,0.5,0.005362151460155062,0.3593272990765724,0.009545146018157246,0.3327589284302701,1.0,0.2676649361050816,,
2015-09-30,7657.5,0.0048318641854390165,0.5,0.0024159320927195083,0.36174031749723257,0.004300591799078547,0.3370502991124908,1.0,0.27248516430205755,,
2015-10-01,7694.5,0.00929235167977116,0.5,0.00464617583988558,0.3663757331783379,0.008270640459764219,0.3452869252436089,1.0,0.28173460768976366,,
2015-10-02,7766.0,0.006502704094772049,0.5,0.0032513520473860247,0.3696218110097856,0.0057877197761654915,0.35105796051553995,1.0,0.28821626041553,,
2015-10-05,7816.5,-0.003933985799270734,0.5,-0.001966992899635367,0.3676528810390631,-0.003501436798869377,0.3475503793398848,1.0,0.28427451613961546,,
2015-10-06,7785.75,0.005747680056513493,0.5,0.0028738400282567467,0.37052259948369226,0.005115712024617547,0.35265305056614693,1.0,0.29000574130463946,,
2015-10-07,7830.5,0.0019475129302088945,0.5,0.0009737564651044472,0.37149588215551793,0.0017333802886048666,0.35438493028492785,1.0,0.2919513602901309,,
2015-10-08,7845.75,0.001752541184717904,0.5,0.000876270592358952,0.3723717690469356,0.0015598460464303014,0.3559435610351331,1.0,0.2937023675664437,,
2015-10-09,7859.5,0.0028945861696036967,0.5,0.0014472930848018484,0.3738180158125328,0.002576321077119181,0.35851656908616536,1.0,0.29659277248821225,,
2015-10-12,7882.25,-0.004916108979035161,0.5,-0.0024580544895175804,0.3713569353473861,-0.0043755737221107495,0.3541313945250006,1.0,0.291664539694446,,
2015-10-13,7843.5,-0.0011474469305794432,0.5,-0.0005737234652897216,0.3707830472398133,-0.0010212830224820245,0.3531095896376678,1.0,0.29051643394261417,,
2015-10-14,7834.5,0.01030697555683191,0.5,0.005153487778415955,0.3759233012473333,0.009173704568640922,0.3622414713642307,1.0,0.30077065481141696,,
2015-10-15,7915.25,0.0034111367297304795,0.5,0.0017055683648652398,0.3776274167821743,0.00303607594965578,0.36527294774271374,1.0,0.3041759868109928,,
2015-10-16,7942.25,0.0017942018949290706,0.5,0.0008971009474645353,0.3785241155750814,0.0015969260846519576,0.3668686000967612,1.0,0.30596858104838953,,
2015-10-19,7956.5,-0.0038019229560736223,0.5,-0.0019009614780368111,0.3766213449766985,-0.0033838945090575016,0.36347896726777623,1.0,0.3021594124123924,,
2015-10-20,7926.25,-0.00214477211796249,0.5,-0.001072386058981245,0.37554838350037106,-0.0019089504645428584,0.36156819243517346,1.0,0.3000123369767273,,
2015-10-21,7909.25,0.020166261023485177,0.5,0.010083130511742588,0.3855810184038368,0.017948943398912568,0.37935795547364953,1.0,0.31997795199310375,,
2015-10-22,8068.75,0.005639039504260257,0.5,0.0028195197521301285,0.3883965707658243,0.0050190167016249,0.38436441889683715,1.0,0.3256011516339436,,
2015-10-23,8114.25,0.0008934898481067766,0.5,0.0004467449240533883,0.3888432159290747,0.000795248990008359,0.3851593518439116,1.0,0.3264942425576017,,
2015-10-26,8121.5,0.002893554146401467,1.0,0.002791971926368222,0.3916312975412406,0.0025754025267730554,0.3877314437045775,1.0,0.32938361843429664,,
2015-10-27,8145.0,0.0031921424186618363,1.0,0.0031921424186618363,0.39481835588980263,0.002841160467332244,0.3905685757040544,1.0,0.3325706767828587,,
2015-10-28,8171.0,-0.00036715212336313474,1.0,-0.00036715212336313474,0.39445113634959666,-0.0003267830696707194,0.39024173922916144,1.0,0.33220345724265266,,
2015-10-29,8168.0,-0.0023873653281096807,1.0,-0.0023873653281096807,0.3920609167211387,-0.0021248701034298845,0.388114608386167,1.0,0.3298132376141947,,
2015-10-30,8148.5,0.005430447321592924,1.0,0.005430447321592924,0.39747667232806344,0.00483335961448359,0.39293632482011587,1.0,0.3352289932211194,,
2015-11-02,8192.75,0.002868389734826504,1.0,0.002868389734826504,0.40034095608288117,0.0025530049887019205,0.3954860764276707,1.0,0.33809327697593705,,
2015-11-03,8216.25,-0.00018256503879510166,1.0,-0.00018256503879510166,0.4001583743770608,-0.00016249167578151504,0.3953235715486865,1.0,0.3379106952701167,,
2015-11-04,8214.75,-0.0014303539365165818,1.0,-0.0014303539365165818,0.3987269965078451,-0.0012730838808963799,0.39404967660806844,1.0,0.3364793174009011,,
2015-11-05,8203.0,0.00042667316835309776,1.0,0.00042667316835309776,0.39915357867708556,0.00037975966589372825,0.39442936418351104,1.0,0.3369058995701415,,
2015-11-06,8206.5,-0.00658014988119171,1.0,-0.00658014988119171,0.3925516841685695,-0.0058566502554105995,0.3885554964947578,1.0,0.33030400506162544,,
2015-11-09,8152.5,-0.0009199632014719183,1.0,-0.0009199632014719183,0.3916312975412408,-0.0008188115493036577,0.3877363495361737,1.0,0.3293836184342968,,
2015-11-10,8145.0,-0.0011663597298956496,1.0,-0.0011663597298956496,0.39046425708446897,-0.0010381163246021472,0.38669769399560827,1.0,0.3282165779775249,,
2015-11-11,8135.5,-0.005992256161268528,1.0,-0.005992256161268528,0.38445397531078435,-0.005333396535190046,0.3813500241282703,1.0,0.3222062962038402,,
2015-11-12,8086.75,-0.01165486753021916,1.0,-0.01165486753021916,0.37273065743909184,-0.010373393331471146,0.3709224521488839,1.0,0.3104829783321477,,
2015-11-13,7992.5,0.009196121363778564,1.0,0.009196121363778564,0.3818847519384088,0.008184990844647213,0.3790741276231774,1.0,0.31963707283146475,,
2015-11-16,8066.0,0.0008678403173816296,1.0,0.0008678403173816296,0.3827522159001109,0.0007724196725330876,0.37984624913316306,1.0,0.3205045367931669,,
2015-11-17,8073.0,0.010064412238325326,1.0,0.010064412238325326,0.39276631921316385,0.00895781153475344,0.38876417747463843,1.0,0.3305186401062198,,
2015-11-18,8154.25,0.0011650366373363585,1.0,0.0011650366373363585,0.39393067772196233,0.001036938708512056,0.3898005789335724,1.0,0.3316829986150184,,
2015-11-19,8163.75,0.0036441586280815397,1.0,0.0036441586280815397,0.3975682124913743,0.0032434766601464105,0.3930388068696434,1.0,0.33532053338443035,,
2015-11-20,8193.5,-0.0018307194727528175,1.0,-0.0018307194727528175,0.39573581520367584,-0.0016294284873859346,0.39140804941983065,1.0,0.33348813609673195,,
2015-11-23,8178.5,-0.0012227181023415357,1.0,-0.0012227181023415357,0.39451234897165877,-0.0010882779899652993,0.390319178825389,1.0,0.33226466986471487,,
2015-11-24,8168.5,0.0016220848380976705,1.0,0.0016220848380976705,0.39613311965107145,0.001443733615931233,0.3917618712599486,1.0,0.3338854405441275,,
2015-11-25,8181.75,0.002108350902924272,1.0,0.002108350902924272,0.3982392511012734,0.0018765338293282646,0.3936366465992376,1.0,0.3359915719943295,,
2015-11-26,8199.0,-0.0012501524576168377,1.0,-0.0012501524576168377,0.3969883165511817,-0.0011126958872368163,0.3925233312063418,1.0,0.3347406374442379,,
2015-11-27,8188.75,-0.0006716531827202221,1.0,-0.0006716531827202221,0.3963164377084134,-0.0005978036754708879,0.39192534877500956,1.0,0.3340687586014695,,
2015-11-30,8183.25,0.004338129716188632,1.0,0.004338129716188632,0.40064518486527073,0.0038611443461101067,0.3957790580357687,1.0,0.33839750575832694,,
2015-12-01,8218.75,-0.0020988593155893964,1.0,-0.0020988593155893964,0.39854411985763605,-0.0018680858595414452,0.3939092251277412,1.0,0.3362964407506922,,
2015-12-02,8201.5,-0.00996768883740784,1.0,-0.00996768883740784,0.3885264210095136,-0.008871723050309225,0.38499791402574285,1.0,0.3262787419025697,,
2015-12-03,8119.75,0.012100126235413677,1.0,0.012100126235413677,0.40055392594845063,0.01076969502012341,0.3957100289251012,1.0,0.3383062468415067,,
2015-12-04,8218.0,-0.0015210513506935808,1.0,-0.0015210513506935808,0.3990317166247781,-0.0013538089469656348,0.39435530275087605,1.0,0.33678403751783414,,
2015-12-07,8205.5,-0.0011882274084455968,1.0,-0.0011882274084455968,0.39784278271443335,-0.0010575796115298288,0.39329716350742383,1.0,0.3355951036074894,,
2015-12-08,8195.75,-0.008388494036543293,1.0,-0.008388494036543293,0.38941890725830036,-0.0074661636328463175,0.38580298856309686,1.0,0.3271712281513564,,
2015-12-09,8127.0,0.0035375907468930823,1.0,0.0035375907468930823,0.39295025544912093,0.0031486261142090115,0.38894666813459156,1.0,0.330702576342177,,
2015-12-10,8155.75,-0.013947215154952008,1.0,-0.013947215154952008,0.37890486396231493,-0.012413693103404316,0.376455281497585,1.0,0.3166571848553709,,
2015-12-11,8042.0,0.004787366326784337,1.0,0.004787366326784337,0.38368080729379367,0.004260986562121854,0.38070721576183525,1.0,0.3214331281868496,,
2015-12-14,8080.5,0.004486108532887778,1.0,0.004486108532887778,0.3881568832354687,0.003992852618758063,0.3846921181004137,1.0,0.32590920412852464,,
2015-12-15,8116.75,0.005944497489758893,1.0,0.005944497489758893,0.39408378190966104,0.005290889017770957,0.38996905953998084,1.0,0.331836102802717,,
2015-12-16,8165.0,-0.010104102878138344,1.0,-0.010104102878138344,0.38392828610468377,-0.00899313811545379,0.3809352390662271,1.0,0.3216806069977398,,
2015-12-17,8082.5,-0.007145066501701214,1.0,-0.007145066501701214,0.3767575713700833,-0.006359453250711594,0.3745554783506601,1.0,0.31450989226313936,,
2015-12-18,8024.75,0.0076949437677185095,1.0,0.0076949437677185095,0.3844230600649286,0.006848870496308048,0.38138100187307794,1.0,0.3221753809579846,,
2015-12-21,8086.5,0.0021950163853334814,1.0,0.0021950163853334814,0.38661567092127,0.0019536702819701692,0.383332766223234,1.0,0.3243679918143261,,
2015-12-22,8104.25,0.0021285128173489376,1.0,0.0021285128173489376,0.38874192166454585,0.0018944789040449212,0.3852254528653646,1.0,0.32649424255760184,,
2015-12-23,8121.5,0.0004925198547065524,1.0,0.0004925198547065524,0.3892343202711585,0.0004383663875357677,0.38566372319842585,1.0,0.32698664116421444,,
2015-12-24,8125.5,0.0008922527844439365,1.0,0.0008922527844439365,0.39012617523470705,0.0007941479437787525,0.3864575559735756,1.0,0.32787849612776304,,
2015-12-28,8132.75,0.008822354062279159,1.0,0.008822354062279159,0.3989098397203003,0.007852319947887309,0.3942792069012018,1.0,0.33666216061335624,,
2015-12-29,8204.5,-0.004814431104881445,1.0,-0.004814431104881445,0.39408378190966076,-0.004285075517908124,0.38998492413528063,1.0,0.3318361028027167,,
2015-12-30,8165.0,-0.007072872014696863,1.0,-0.007072872014696863,0.3869857785651332,-0.006295196680817673,0.38366982915072423,1.0,0.32473809945818916,,
2015-12-31,8107.25,-0.010638625921243317,1.0,-0.010638625921243317,0.37629015787201986,-0.009468889363289597,0.3741558248363632,1.0,0.3140424787650758,,
2016-01-04,8021.0,-0.003085650168308196,1.0,-0.003085650168308196,0.37319973726944267,-0.0027463772364797667,0.37140566938673636,1.0,0.31095205816249866,,
2016-01-05,7996.25,-0.00412693450054713,1.0,-0.00412693450054713,0.36906426347253407,-0.003673170434275094,0.36772573629660427,1.0,0.30681658436559,,
2016-01-06,7963.25,-0.01949580887200575,1.0,-0.01949580887200575,0.3493759045980237,-0.017352208699080558,0.35022121346131935,1.0,0.28712822549107964,,
2016-01-07,7808.0,-0.0036821209016393297,1.0,-0.0036821209016393297,0.3456869880023772,-0.003277264911651699,0.3469385665549852,1.0,0.28343930889543306,,
2016-01-08,7779.25,0.0005463251598805119,0.5,0.00016711122537522717,0.34585408526622696,0.0004862557000862662,0.3474247040710787,1.0,0.28398548487405517,,
2016-01-11,7783.5,0.0049463608916298085,0.5,0.0024731804458149043,0.3483242124344512,0.004402499381073401,0.3518175408012482,1.0,0.28891965271361064,,
2016-01-12,7822.0,-0.016396062388136068,0.5,-0.008198031194068034,0.34009239258899504,-0.014593285062955777,0.33711672633344425,1.0,0.27238768733091484,,
2016-01-13,7693.75,0.009098294069861845,0.5,0.004549147034930923,0.3446312235290099,0.008097919842276714,0.3451820339652459,1.0,0.2814448412716638,,
2016-01-14,7763.75,-0.013298985670584407,0.5,-0.006649492835292203,0.33795952432074633,-0.01183673764741421,0.333274684375616,1.0,0.2680566321539595,,
2016-01-15,7660.5,-0.0016970171659813627,0.5,-0.0008485085829906813,0.3371106555505856,-0.0015104269960460122,0.3317631155347879,1.0,0.2663581734232098,,
2016-01-18,7647.5,0.0010134030728996546,0.5,0.0005067015364498273,0.33761722875716005,0.0009019775343866107,0.3326646865318782,1.0,0.26737106334986876,,
2016-01-19,7655.25,-0.0016002090068907293,0.5,-0.0008001045034453647,0.3368168039992704,-0.001424263072746243,0.3312394082324006,1.0,0.26576957264103535,,
2016-01-20,7643.0,0.00016354834489074044,0.5,8.177417244537022e-05,0.33689857482839036,0.00014556590247498486,0.3313849635411877,1.0,0.26593310761335365,,
2016-01-21,7644.25,0.015338326192890106,0.5,0.007669163096445053,0.3445384793906344,0.013651848914859653,0.3449444654886172,1.0,0.28115499086464946,,
2016-01-22,7761.5,-0.007279520711202747,0.5,-0.0036397603556013736,0.34089207899029905,-0.00647912397168848,0.3384442608878682,1.0,0.27384884515236757,,
2016-01-25,7705.0,0.0026606099935106986,0.5,0.0013303049967553493,0.342221499915332,0.0023680710134858464,0.3408095324398696,1.0,0.27650592198862434,,
2016-01-26,7725.5,-0.008737298556727668,0.5,-0.004368649278363834,0.3378432802052988,-0.00777661645217575,0.33300252042031114,1.0,0.2677302294353914,,
2016-01-27,7658.0,0.0007834943849569509,0.5,0.00039174719247847545,0.3382349506848799,0.0006973477310732412,0.3336996251174349,1.0,0.26851341704884807,,
2016-01-28,7664.0,0.01572286012526103,0.5,0.007861430062630514,0.3460656407082043,0.013994102631552553,0.34759671432429917,1.0,0.2841139535278808,,
2016-01-29,7784.5,0.002119596634337473,0.5,0.0010597983171687364,0.34712487783560014,0.0018865430718140108,0.3494814801086674,1.0,0.2862313069864647,,
2016-02-01,7801.0,-0.01259453916164599,0.5,-0.006297269580822995,0.340807696816881,-0.011209746332476246,0.3382084310535509,1.0,0.2735567843367399,,
2016-02-02,7702.75,-0.002077180227840758,0.5,-0.001038590113920379,0.33976856699452535,-0.0018487904275083472,0.3363579295036905,1.0,0.2714774437779334,,
2016-02-03,7686.75,-0.0031873028262919822,0.5,-0.0015936514131459911,0.33817364436820607,-0.002836852997076893,0.3335170450128414,1.0,0.26828505068295855,,
2016-02-04,7662.25,-0.01667264837351956,0.5,-0.00833632418675978,0.32980237870649287,-0.014839459908694376,0.3185663787864729,1.0,0.2514718492563604,,
2016-02-05,7534.5,-0.007731103590151944,0.5,-0.003865551795075972,0.3259293363564268,-0.00688105447951726,0.3116615406845195,1.0,0.24371070575691808,,
2016-02-08,7476.25,-0.0026082594883798382,0.5,-0.0013041297441899191,0.32462435549498336,-0.0023214765430282828,0.3093373653372051,1.0,0.2410990388334861,,
2016-02-09,7456.75,0.002816240319173824,0.5,0.001408120159586912,0.32603148518307123,0.002506589497563219,0.31184081857909074,1.0,0.24391132097759902,,
2016-02-10,7477.75,-3.34325164654814e-05,0.5,-1.67162582327407e-05,0.3260147687851203,-2.975654956678882e-05,0.31181106158678906,1.0,0.24387788790225448,,
2016-02-11,7477.5,0.007021063189568633,0.5,0.0035105315947843163,0.32951915284707006,0.006249084331646559,0.31804070135603874,1.0,0.2508744181920906,,
2016-02-12,7530.0,0.008100929614873742,0.5,0.004050464807436871,0.3335614366058546,0.007210217450156485,0.3252250494629865,1.0,0.2589427114149195,,
2016-02-15,7591.0,0.0020089579765512067,0.5,0.0010044789882756033,0.33456541144268936,0.0017880693386800066,0.327011522108735,1.0,0.2609496541339887,,
2016-02-16,7606.25,0.01571076417419892,0.5,0.00785538208709946,0.3423901006473525,0.013983336652637724,0.3408979938612762,1.0,0.27653828183006396,,
2016-02-17,7725.75,-0.006568941526712613,0.5,-0.0032844707633563064,0.33910022417004676,-0.005846674280196057,0.33503416086738286,1.0,0.26994766985354945,,
2016-02-18,7675.0,0.00013029315960921828,0.5,6.514657980460914e-05,0.3391653686279051,0.00011596718620114211,0.3351501213299097,1.0,0.2700779545257422,,
2016-02-19,7676.0,0.005992704533611226,0.5,0.002996352266805613,0.3421572407783641,0.005333795608166011,0.3404697426298502,1.0,0.27605277422233326,,
2016-02-22,7722.0,-0.006604506604506621,0.5,-0.0033022533022533107,0.33884952300431165,-0.005878328912036792,0.33457406833443243,1.0,0.26942636135744785,,
2016-02-23,7671.0,0.007984617390170756,0.5,0.003992308695085378,0.34283388358224054,0.00710669396926113,0.341655628761448,1.0,0.2773792703645574,,
2016-02-24,7732.25,0.0037181932813863394,0.5,0.0018590966406931697,0.3446912542416203,0.00330937106665927,0.3449595359111128,1.0,0.2810905682522901,,
2016-02-25,7761.0,-0.002544775157840462,0.5,-0.001272387578920231,0.3434180564903161,-0.002264972431817875,0.3426919945494666,1.0,0.2785425496504221,,
2016-02-26,7741.25,-0.0034878088164056464,0.5,-0.0017439044082028232,0.3416726297106498,-0.003104317798871478,0.339582848360937,1.0,0.27504864424890313,,
2016-02-29,7714.25,0.01788897170820225,0.5,0.008944485854101125,0.3505773505933996,0.015922046247509064,0.35537946843928525,1.0,0.2927794913095573,,
2016-03-01,7852.25,-0.0013371963449966273,0.5,-0.0006685981724983137,0.3499085288094668,-0.0011901691385242854,0.3541885904870105,1.0,0.29144140011971703,,
2016-03-02,7841.75,-0.0003825676666560085,0.5,-0.00019128383332800425,0.34971722667905303,-0.000340503645522884,0.3538480288569583,1.0,0.291058759255382,,
2016-03-03,7838.75,-0.0004783926008611328,0.5,-0.0002391963004305664,0.3494780017666247,-0.0004257924513282474,0.3534221457302841,1.0,0.29058025218827255,,
2016-03-04,7835.0,-0.0022016592214422204,0.5,-0.0011008296107211102,0.34837656579794896,-0.0019595827259866953,0.3514606405101326,1.0,0.2883761657519122,,
2016-03-07,7817.75,-0.003773464232036061,0.5,-0.0018867321160180306,0.3464880515609494,-0.0033585648742600256,0.34809642299681326,1.0,0.28459556404272024,,
2016-03-08,7788.25,0.0027284691682984974,0.5,0.0013642345841492487,0.34785135642257536,0.002428468946744008,0.35052194797810043,1.0,0.2873203176959287,,
2016-03-09,7809.5,-0.0009603687816120976,0.5,-0.0004801843908060488,0.34737105670632495,-0.000854774461322485,0.34966680798877725,1.0,0.2863594874647535,,
2016-03-10,7802.0,0.008875929248910452,1.0,0.008770187131504658,0.3561030091343833,0.007900004443853685,0.35753577077649484,1.0,0.29519625720110404,,
2016-03-11,7871.25,0.0011434016198188512,1.0,0.0011434016198188512,0.3572457575684251,0.0010176825011068266,0.35855293578982755,1.0,0.29633900563514587,,
2016-03-14,7880.25,0.0003172488182481281,1.0,0.0003172488182481281,0.3575629560739077,0.00028236672506996315,0.3588352626569167,1.0,0.2966562041406285,,
2016-03-15,7882.75,0.0037423487995940086,1.0,0.0037423487995940086,0.3612983197080923,0.003330870641051168,0.3621605982359988,1.0,0.30039156777481313,,
2016-03-16,7912.25,0.0007899143732819081,1.0,0.0007899143732819081,0.36208792226321124,0.0007030618298311686,0.36286341303364084,1.0,0.3011811703299321,,
2016-03-17,7918.5,0.00012628654416868557,1.0,0.00012628654416868557,0.3622142008339056,0.00011240110552413507,0.36297580782263406,1.0,0.30130744890062644,,
2016-03-18,7919.5,0.0023991413599342426,1.0,0.0023991413599342426,0.36461046884899667,0.002135351338817877,0.3651088825391315,1.0,0.30370371691571757,,
2016-03-21,7938.5,0.0026138439251748302,1.0,0.0026138439251748302,0.36722090262524437,0.0023264469606893152,0.36743262751196654,1.0,0.30631415069196527,,
2016-03-22,7959.25,-0.005245469108270284,1.0,-0.005245469108270284,0.36196162774422536,-0.0046687200971683345,0.3627529749006212,1.0,0.30105487581094625,,
2016-03-23,7917.5,0.0006946637196083572,1.0,0.0006946637196083572,0.3626560502966723,0.0006182841613528637,0.3633710680030704,1.0,0.3017492983633932,,
2016-03-24,7923.0,-0.0011990407673860837,1.0,-0.0011990407673860837,0.36145629010476826,-0.0010672040216943553,0.3623032941136846,1.0,0.30054953817148905,,
2016-03-28,7913.5,0.008814051936564038,1.0,0.008814051936564038,0.37023172503454016,0.007844930656219516,0.3701176132937821,1.0,0.30932497310126095,,
2016-03-29,7983.25,0.002442614223530537,1.0,0.002442614223530537,0.3726713609249082,0.0021740442808149,0.37228929775993835,1.0,0.3117646089916291,,
2016-03-30,8002.75,-0.0006560244915809754,1.0,-0.0006560244915809754,0.37201512115510343,-0.0005838933877715103,0.37170523384003773,1.0,0.3111083692218244,,
2016-03-31,7997.5,0.006720850265708123,1.0,0.006720850265708123,0.37871348719253095,0.005981880372929621,0.37766929379765113,1.0,0.3178067352592518,,
2016-04-01,8051.25,-0.0036019251668995,1.0,-0.0036019251668995,0.37510505947401207,-0.0032058868459803737,0.37445825708690145,1.0,0.31419830754073286,,
2016-04-04,8022.25,-0.0029605160646950512,1.0,-0.0029605160646950512,0.37214015241308096,-0.0026350018585447926,0.37181977750040296,1.0,0.3112334004798018,,
2016-04-05,7998.5,0.007001312746139909,1.0,0.007001312746139909,0.37911706976945087,0.006231505485930305,0.37803194744081986,1.0,0.3182103178361717,,
2016-04-06,8054.5,-0.00782171456949532,1.0,-0.00782171456949532,0.3712646051401387,-0.0069617026144223985,0.3710458991172311,1.0,0.3103578532068596,,
2016-04-07,7991.5,6.256647688163142e-05,1.0,6.256647688163142e-05,0.37132716965981993,5.5687177256604526e-05,0.37110158474401445,1.0,0.3104204177265409,,
2016-04-08,7992.0,-0.0028465965965965845,1.0,-0.0028465965965965845,0.36847651380191504,-0.0025336080462484848,0.36856476168135754,1.0,0.30756976186863594,,
2016-04-11,7969.25,0.0053643692944755905,1.0,0.0053643692944755905,0.37382654611713934,0.004774546988421694,0.3733279466715502,1.0,0.3129197941838602,,
2016-04-12,8012.0,0.00739515726410378,1.0,0.00739515726410378,0.38119449327210714,0.006582046072143733,0.37988842566372805,1.0,0.320287741338828,,
2016-04-13,8071.25,0.0,1.0,0.0,0.38119449327210714,0.0,0.37988842566372805,1.0,0.320287741338828,,
2016-04-14,8071.25,-0.0012389654638377268,1.0,-0.0012389654638377268,0.3799547596560175,-0.0011027389240738676,0.3787850782757278,1.0,0.31904800772273834,,
2016-04-15,8061.25,0.0010854396030393065,1.0,0.0010854396030393065,0.3810396105954249,0.0009660935150646797,0.3797507054227985,1.0,0.3201328586621458,,
2016-04-18,8070.0,-0.0022614622057001155,1.0,-0.0022614622057001155,0.3787755874223217,-0.0020128102617346932,0.37773586673614223,1.0,0.3178688354890426,,
2016-04-19,8051.75,0.0006830813177258754,1.0,0.0006830813177258754,0.3794584355461918,0.0006079752659373963,0.3783436572599929,1.0,0.31855168361291264,,
2016-04-20,8057.25,-0.004281857954016588,1.0,-0.004281857954016588,0.3751673841857802,-0.003811059768061313,0.3745253168999195,1.0,0.31426063225250106,,
2016-04-21,8022.75,-0.004175625564800112,1.0,-0.004175625564800112,0.370983016351769,-0.003716507826134289,0.3708018856994011,1.0,0.3100762644184899,,
2016-04-22,7989.25,0.0009074694120223548,1.0,0.0009074694120223548,0.37189007426235565,0.0008076914750664457,0.3716092511672385,1.0,0.3109833223290765,,
2016-04-25,7996.5,-0.007847183142624892,1.0,-0.007847183142624892,0.3640119399521101,-0.0069843708709237595,0.3646003754106181,1.0,0.30310518801883096,,
2016-04-26,7933.75,0.002741452654797527,1.0,0.002741452654797527,0.36674964167934143,0.0024400248749361616,0.3670374282584241,1.0,0.3058428897460622,,
2016-04-27,7955.5,-0.006033561686883293,1.0,-0.006033561686883293,0.3606978045112341,-0.005370160442017313,0.3616527966733287,1.0,0.29979105257795496,,
2016-04-28,7907.5,-0.006228264306038622,1.0,-0.006228264306038622,0.35445006365488047,-0.005543455148793605,0.3560939195566435,1.0,0.2935433117216013,,
2016-04-29,7858.25,0.004644800050901843,1.0,0.004644800050901843,0.3590841099086602,0.0041340957114367125,0.3602194933732169,1.0,0.29817735797538103,,
2016-05-02,7894.75,-0.004528325786123721,1.0,-0.004528325786123721,0.35454550019760495,-0.004030428007071595,0.3561809213011078,1.0,0.29363874826432584,,
2016-05-03,7859.0,-0.0034991729227636936,1.0,-0.0034991729227636936,0.35104019085014676,-0.0031144324007583756,0.3530616289625048,1.0,0.2901334389168677,,
2016-05-04,7831.5,-0.0013407393219689867,1.0,-0.0013407393219689867,0.34969855193304145,-0.0011933225586385284,0.3518675938275565,1.0,0.2887917999997624,,
2016-05-05,7821.0,0.004507096279248168,1.0,0.004507096279248168,0.3541955216699876,0.004011532723664702,0.3558711018076799,1.0,0.29328876973670853,,
2016-05-06,7856.25,0.0002545743834525549,1.0,0.0002545743834525549,0.35445006365488024,0.00022658346007133496,0.356097659601596,1.0,0.29354331172160114,,
2016-05-09,7858.25,0.007667101453886049,1.0,0.007667101453886049,0.36208792226321057,0.006824089496275785,0.36289857038845463,1.0,0.30118117032993147,,
2016-05-10,7918.5,-0.005525036307381437,1.0,-0.005525036307381437,0.35654756648960184,-0.004917548366682194,0.3579688910948496,1.0,0.2956408145563227,,
2016-05-11,7874.75,-0.001968316454490582,1.0,-0.001968316454490582,0.3545773103545908,-0.0017518964269904135,0.3562154583026831,1.0,0.2936705584213117,,
2016-05-12,7859.25,-0.0018131501097432556,1.0,-0.0018131501097432556,0.35276251449856305,-0.0016137909082706826,0.35460036383122356,1.0,0.29185576256528384,,
2016-05-13,7845.0,0.006596558317399692,1.0,0.006596558317399692,0.35933741073640857,0.005871254553769068,0.36045444973819524,1.0,0.2984306588031293,,
2016-05-16,7896.75,-0.006648304682306039,1.0,-0.006648304682306039,0.3526669076339174,-0.005917311310334989,0.35451956176928207,1.0,0.29176015570063824,,
2016-05-17,7844.25,0.001944099180928749,1.0,0.001944099180928749,0.3546091194997228,0.0017303418873595366,0.3562484083398091,1.0,0.2937023675664437,,
2016-05-18,7859.5,-0.002417456581207511,1.0,-0.002417456581207511,0.35218873615251634,-0.0021516527677039564,0.3540944374414837,1.0,0.2912819842192373,,
2016-05-19,7840.5,0.005866972769593692,1.0,0.005866972769593692,0.3580385652589588,0.005221888283691336,0.3593027389451243,1.0,0.2971318133256798,,
2016-05-20,7886.5,-0.0013947885627337842,1.0,-0.0013947885627337842,0.35664280307322016,-0.0012414289856113696,0.35806053874821436,1.0,0.2957360511399412,,
2016-05-23,7875.5,0.01177703002983943,1.0,0.01177703002983943,0.3683510236056715,0.010482123838757566,0.3684881060413585,1.0,0.3074442716723926,,
2016-05-24,7968.25,0.0038590656668653356,1.0,0.0038590656668653356,0.37220266218025194,0.0034347542733175417,0.37191697501873033,1.0,0.31129591024697306,,
2016-05-25,7999.0,0.0022502812851605825,1.0,0.0022502812851605825,0.3744504153743816,0.0020028587040474203,0.3739178306753849,1.0,0.31354366344110274,,
2016-05-26,8017.0,0.002307596357739694,1.0,0.002307596357739694,0.3767553533205546,0.002053871878598171,0.3759695962427055,1.0,0.31584860138727566,,
2016-05-27,8035.5,0.0011200298674631792,1.0,0.0011200298674631792,0.3778747564225195,0.0009968805160647397,0.3769659802033654,1.0,0.3169680044892406,,
2016-05-30,8044.5,0.0001864628006713609,1.0,0.0001864628006713609,0.37806120184116354,0.00016596087154457402,0.37713192730492806,1.0,0.3171544499078846,,
2016-05-31,8046.0,-0.00018642803877699787,1.0,-0.00018642803877699787,0.3778747564225196,-0.00016592993178466344,0.37696598360524924,1.0,0.3169680044892406,,
2016-06-01,8044.5,0.001180931070918101,1.0,0.001180931070918101,0.3790549907428296,0.001051085519781841,0.37801651712141426,1.0,0.3181482388095506,,
2016-06-02,8054.0,-0.0027936429103551097,1.0,-0.0027936429103551097,0.37625743832925096,-0.002486476715556835,0.37552694398878467,1.0,0.3153506863959719,,
2016-06-03,8031.5,0.001992155886198166,1.0,0.001992155886198166,0.3782476125043934,0.0017731146691763772,0.37729848854586456,1.0,0.3173408605711144,,
2016-06-06,8047.5,-0.0014290152221186903,1.0,-0.0014290152221186903,0.3768175752662552,-0.0012718923606176785,0.3760257866436524,1.0,0.3159108233329761,,
2016-06-07,8036.0,0.0007155301144847748,1.0,0.0007155301144847748,0.37753284951111526,0.0006368562575951968,0.37666244019436,1.0,0.3166260975778361,,
2016-06-08,8041.75,-0.0005906674542233148,1.0,-0.0005906674542233148,0.37694200754414847,-0.0005257224773143307,0.37613657947653123,1.0,0.31603525561086926,,
2016-06-09,8037.0,-0.006003483887022543,1.0,-0.006003483887022543,0.37092043029592153,-0.00534338975177207,0.3707788627585727,1.0,0.3100136783626424,,
2016-06-10,7988.75,-0.005507745266781439,1.0,-0.005507745266781439,0.36539746147614516,-0.004902158507913816,0.3658646492585159,1.0,0.30449070954286606,,
2016-06-13,7944.75,0.0003461405330564826,1.0,0.0003461405330564826,0.3657435421163878,0.0003080817425037233,0.3661726835535845,1.0,0.3048367901831088,,
2016-06-14,7947.5,-0.0016671909405473473,1.0,-0.0016671909405473473,0.3640749598664237,-0.0014838802191549023,0.3646877012938448,1.0,0.3031682079331447,,
2016-06-15,7934.25,0.00148092132211608,1.0,0.00148092132211608,0.3655547857059742,0.001318091289106527,0.3660049246632094,1.0,0.3046480337726952,,
2016-06-16,7946.0,-0.00679587213692423,1.0,-0.00679587213692423,0.35873571647393593,-0.006048653450922128,0.35993790400597186,1.0,0.29782896454065694,,
2016-06-17,7892.0,0.005892042574759282,1.0,0.005892042574759282,0.36461046884899617,0.005244201617502443,0.36516840268461,1.0,0.30370371691571724,,
2016-06-20,7938.5,-0.0013541601058134622,1.0,-0.0013541601058134622,0.36325539103981486,-0.0012052677025257861,0.36396240806281993,1.0,0.30234863910653603,,
2016-06-21,7927.75,-0.00034688278515337956,1.0,-0.00034688278515337956,0.36290844807691136,-0.00030874238261243813,0.36365361800946583,1.0,0.3020016961436325,,
2016-06-22,7925.0,0.010694006309148296,1.0,0.010694006309148296,0.3735456779204948,0.009518180575317383,0.37312678610326006,1.0,0.31263892598721593,,
2016-06-23,8009.75,-0.027091981647367258,1.0,-0.027091981647367258,0.3460799425885551,-0.024113168255963314,0.3487181357294395,1.0,0.2851731906552763,,
2016-06-24,7792.75,-0.011292547560232236,1.0,-0.011292547560232236,0.33472315009591286,-0.010050911110993217,0.33861637318896903,1.0,0.2738163981626341,,
2016-06-27,7704.75,0.013984879457477506,1.0,0.013984879457477506,0.348611143376087,0.012447216146342338,0.3509867596274524,1.0,0.2877043914428083,,
2016-06-28,7812.5,0.012512000000000079,1.0,0.012512000000000079,0.36104551515626343,0.01113628250401291,0.362061490288356,1.0,0.3001387632229848,,
2016-06-29,7910.25,0.0026547833507157836,1.0,0.0026547833507157836,0.36369678079412787,0.0023628850208216724,0.3644215880860952,1.0,0.30279002886084927,,
2016-06-30,7931.25,0.004255319148936065,1.0,0.004255319148936065,0.3679430716755789,0.003787438953587557,0.36820187275136607,1.0,0.30703631974230033,,
2016-07-01,7965.0,0.0007532956685498693,1.0,0.0007532956685498693,0.36869608375935314,0.0006704694192791373,0.36887211750643883,1.0,0.30778933182607465,,
2016-07-04,7971.0,-0.004140007527286382,1.0,-0.004140007527286382,0.36454748267444065,-0.0036848060575927753,0.36518050582759837,1.0,0.3036407307411621,,
2016-07-05,7938.0,0.003810783572688381,1.0,0.003810783572688381,0.36835102360567146,0.0033917808845195943,0.3685665475968865,1.0,0.3074442716723929,,
2016-07-06,7968.25,0.0019138455746243732,1.0,0.0019138455746243732,0.37026304011118616,0.0017034147209136676,0.3702685131523975,1.0,0.3093562881779076,,
2016-07-07,7983.5,0.008047848687918746,1.0,0.008047848687918746,0.378278677570176,0.00716297286910264,0.3774059537833229,1.0,0.3173719256368975,,
2016-07-08,8047.75,0.004224783324531689,1.0,0.004224783324531689,0.38249456155402406,0.003760260599442731,0.3811591622758557,1.0,0.32158780962074546,,
2016-07-11,8081.75,0.002350975964364066,1.0,0.002350975964364066,0.38484277829812313,0.0020924818173994777,0.38324945790235576,1.0,0.3239360263648446,,
2016-07-12,8100.75,-0.0011110082399777843,1.0,-0.0011110082399777843,0.3837311524309891,-0.0009888508331744484,0.38226011783364894,1.0,0.3228244004977106,,
2016-07-13,8091.75,0.003491210183211191,1.0,0.003491210183211191,0.38721628248715345,0.0031073451791181466,0.38536264519357405,1.0,0.32630953055387496,,
2016-07-14,8120.0,-0.003325123152709386,1.0,-0.003325123152709386,0.3838856188271317,-0.002959519724201211,0.38239873743107805,1.0,0.3229788668938532,,
2016-07-15,8093.0,0.005807487952551593,1.0,0.005807487952551593,0.3896763083280158,0.00516894393208645,0.3875543682293327,1.0,0.3287695563947374,,
2016-07-18,8140.0,-0.00030712530712528885,1.0,-0.00030712530712528885,0.3893691358482545,-0.0002733563126821391,0.3872809745480036,1.0,0.3284623839149761,,
2016-07-19,8137.5,0.006113671274961652,1.0,0.006113671274961652,0.3954641944576094,0.005441461833011614,0.3927076851156781,1.0,0.33455744252433095,,
2016-07-20,8187.25,-0.0020458639958471636,1.0,-0.0020458639958471636,0.39341623482326876,-0.0018209174730292972,0.3908851077571112,1.0,0.33250948288999027,,
2016-07-21,8170.5,0.0022948411969891946,1.0,0.0022948411969891946,0.39570844689371526,0.002042519171317028,0.3929255438221863,1.0,0.33480169496043677,,
2016-07-22,8189.25,-3.0527826113457834e-05,1.0,-3.0527826113457834e-05,0.3956779186016182,-2.7171235280758216e-05,0.39289837221776086,1.0,0.33477116666833967,,
2016-07-25,8189.0,0.0034802784222738303,1.0,0.0034802784222738303,0.3991521548698045,0.003097615385474862,0.3959911998771722,1.0,0.33824540293652594,,
2016-07-26,8217.5,0.0031031335564344342,1.0,0.0031031335564344342,0.40225048364465754,0.0027619382938088182,0.3987493310278634,1.0,0.34134373171137894,,
2016-07-27,8243.0,0.0022139997573698,1.0,0.0022139997573698,0.4044620361160925,0.0019705663972095573,0.40071795840600277,1.0,0.3435552841828139,,
2016-07-28,8261.25,-6.0523528521705394e-05,1.0,-6.0523528521705394e-05,0.40440151075594816,-5.386885483994485e-05,0.40066408810018395,1.0,0.34349475882266955,,
2016-07-29,8260.75,0.00217897890627361,1.0,0.00217897890627361,0.40657811913061914,0.0019393961533366237,0.4026016060527922,1.0,0.34567136719734043,,
2016-08-01,8278.75,-0.00398610901404195,1.0,-0.00398610901404195,0.40258404440887524,-0.003547828969961896,0.3990474686122942,1.0,0.34167729247559653,,
2016-08-02,8245.75,0.0013643392050450842,1.0,0.0013643392050450842,0.4039474537488586,0.0012143275910072217,0.40026105950388824,1.0,0.3430407018155799,,
2016-08-03,8257.0,0.0023919098946347805,1.0,0.0023919098946347805,0.40633650758041173,0.002128914986476703,0.40238771156200737,1.0,0.345429755647133,,
2016-08-04,8276.75,0.004560968979369973,1.0,0.004560968979369973,0.41088710685939905,0.004059482020964125,0.40643897611742763,1.0,0.3499803549261203,,
2016-08-05,8314.5,-0.000360815442901008,1.0,-0.000360815442901008,0.41052622630694396,-0.00032114311892232573,0.40611778142101107,1.0,0.3496194743736652,,
2016-08-08,8311.5,0.0014738615171749903,1.0,0.0014738615171749903,0.41199900275626206,0.0013118077227504527,0.40742872947574144,1.0,0.3510922508229833,,
2016-08-09,8323.75,-0.0013815888271512256,1.0,-0.0013815888271512256,0.41061645865530205,-0.0012296805853215965,0.4061982922128708,1.0,0.3497097067220232,,
2016-08-10,8312.25,0.0022857830310685223,1.0,0.0022857830310685223,0.41289963325844864,0.0020344569674598644,0.40823068247536126,1.0,0.35199288132516987,,
2016-08-11,8331.25,0.0006601650412603188,1.0,0.0006601650412603188,0.41355958048662456,0.0005875786763705406,0.4088180885949718,1.0,0.35265282855334584,,
2016-08-12,8336.75,0.002039163942783473,1.0,0.002039163942783473,0.41559666815670976,0.0018149541031676336,0.4106313976590873,1.0,0.354689916223431,,
2016-08-15,8353.75,-0.002543767768966032,1.0,-0.002543767768966032,0.4130496595133246,-0.0022640758072097348,0.4083647549570857,1.0,0.35214290758004585,,
2016-08-16,8332.5,0.0006600660066007347,1.0,0.0006600660066007347,0.41370950777217214,0.0005874905307545864,0.4089520729828385,1.0,0.35280275583889337,,
2016-08-17,8338.0,5.996641880545717e-05,1.0,5.996641880545717e-05,0.4137694723930638,5.3373000365370784e-05,0.40900544455891596,1.0,0.352862720459785,,
2016-08-18,8338.5,0.0001499070576242989,1.0,0.0001499070576242989,0.4139193682157479,0.00013342449992403488,0.4091388601585831,1.0,0.35301261628246916,,
2016-08-19,8339.75,0.00032974609550651124,1.0,0.00032974609550651124,0.41424905995695904,0.0002934899036249767,0.40943230700247113,1.0,0.3533423080236804,,
2016-08-22,8342.5,0.0008690440515433107,1.0,0.0008690440515433107,0.41511772660835633,0.0007734910539017106,0.4102054990663351,1.0,0.3542109746750777,,
2016-08-23,8349.75,-0.0038923321057516835,1.0,-0.0038923321057516835,0.41121779966383165,-0.0034643630058415866,0.40673512125932104,1.0,0.350311047730553,,
2016-08-24,8317.25,-0.0003606961435570488,1.0,-0.0003606961435570488,0.41085703845377397,-0.00032103693676145033,0.4064140327791704,1.0,0.3499502865204954,,
2016-08-25,8314.25,-3.0068857684084627e-05,1.0,-3.0068857684084627e-05,0.41082696914401273,-2.6762731277407585e-05,0.4063872696897647,1.0,0.3499202172107342,,
2016-08-26,8314.0,0.001383209044984346,1.0,0.001383209044984346,0.4122092224366014,0.0012311226572131939,0.4076176351368946,1.0,0.35130247050332275,,
2016-08-29,8325.5,-0.0019218064981082472,1.0,-0.0019218064981082472,0.4102855668990079,-0.001710500326165366,0.40590567023470286,1.0,0.34937881496572926,,
2016-08-30,8309.5,-0.0008424092905710001,1.0,-0.0008424092905710001,0.4094428025823316,-0.0007497848340635947,0.4051556041714075,1.0,0.34853605064905296,,
2016-08-31,8302.5,0.0005118940078290279,1.0,0.0005118940078290279,0.40995456561711735,0.0004556103167595441,0.4056111107293012,1.0,0.34904781368383864,,
2016-09-01,8306.75,0.002738736569657174,1.0,0.002738736569657174,0.4126895586812016,0.0024376074283706307,0.40804575201190585,1.0,0.3517828067479229,,
2016-09-02,8329.5,-0.0007503451587730359,1.0,-0.0007503451587730359,0.4119389318726014,-0.000667843323498633,0.4073776855817158,1.0,0.35103217993932273,,
2016-09-05,8323.25,0.004625596972336554,1.0,0.004625596972336554,0.41655386364722063,0.0041170040468067725,0.4114862379564661,1.0,0.355647111713942,,
2016-09-06,8361.75,-0.0002989804765748394,1.0,-0.0002989804765748394,0.41625483846707256,-0.0002661070212853105,0.4112200955224249,1.0,0.3553480865337939,,
2016-09-07,8359.25,-0.0037383736579238436,1.0,-0.0037383736579238436,0.412509459626235,-0.0033273325735453793,0.4078872150680038,1.0,0.35160270769295626,,
2016-09-08,8328.0,-0.015309798270893404,1.0,-0.015309798270893404,0.3970812563345938,-0.013626457690546377,0.39416706510004923,1.0,0.336174504401315,,
2016-09-09,8200.5,0.011950490823730231,1.0,0.011950490823730231,0.4089609038922036,0.010636512298167597,0.4047474076503702,1.0,0.3480541519589248,,
2016-09-12,8298.5,-0.004036874133879653,1.0,-0.004036874133879653,0.4049158595865546,-0.0035930123711657587,0.4011479249068533,1.0,0.3440091076532759,,
2016-09-13,8265.0,0.0002722323049002551,1.0,0.0002722323049002551,0.40518805484296466,0.00024229986046098143,0.401390195417444,1.0,0.344281302909686,,
2016-09-14,8267.25,0.00967673652060852,1.0,0.00967673652060852,0.4148182716142041,0.00861276147781288,0.40996607866278234,1.0,0.35391151968092543,,
2016-09-15,8347.25,0.00041929976938503977,1.0,0.00041929976938503977,0.4152374835020058,0.0003731969857528163,0.410339206027861,1.0,0.35433073156872713,,
2016-09-16,8350.75,-0.002365057030805584,1.0,-0.002365057030805584,0.4128696253063394,-0.002105014644593413,0.40823197272585626,1.0,0.35196287337306076,,
2016-09-19,8331.0,0.0003901092305844678,1.0,0.0003901092305844678,0.41325965846410184,0.00034721600057638423,0.4085791284609068,1.0,0.3523529065308232,,
2016-09-20,8334.25,0.0060293367729549185,1.0,0.0060293367729549185,0.4192708915185943,0.005366400065174161,0.4139311807091122,1.0,0.35836413958531566,,
2016-09-21,8384.5,0.0045023555370027335,1.0,0.0045023555370027335,0.42376314177326907,0.004007313234780122,0.4179304860505073,1.0,0.36285638983999047,,
2016-09-22,8422.25,-0.0035916768084538475,1.0,-0.0035916768084538475,0.4201649994075631,-0.0031967653134633363,0.4147286001670568,1.0,0.3592582474742844,,
2016-09-23,8392.0,-0.00491539561487131,1.0,-0.00491539561487131,0.4152374835020056,-0.004374938793653517,0.41034406332453177,1.0,0.35433073156872696,,
2016-09-26,8350.75,0.0052091129539262315,1.0,0.0052091129539262315,0.4204330759599168,0.004636361369104487,0.41496970987601056,1.0,0.35952632402663826,,
2016-09-27,8394.25,0.0010125979092832083,1.0,0.0010125979092832083,0.42144516153776507,0.0009012608999960497,0.4158705648842596,1.0,0.3605384096044866,,
2016-09-28,8402.75,-0.003094225104876336,1.0,-0.003094225104876336,0.41834613942047566,-0.002754009342943705,0.4131127562805157,1.0,0.3574393874871972,,
2016-09-29,8376.75,0.0025367833587011113,1.0,0.0025367833587011113,0.4208797105755685,0.002257859345746013,0.4153680704921657,1.0,0.35997295864229006,,
2016-09-30,8398.0,0.000595379852345701,1.0,0.000595379852345701,0.42147491325964803,0.0005299167385645124,0.41589784687443787,1.0,0.36056816132636965,,
2016-10-03,8403.0,-0.0013983101273354892,1.0,-0.0013983101273354892,0.42007562458439107,-0.001244563347684637,0.4146525084146058,1.0,0.3591688726511127,,
2016-10-04,8391.25,0.0023536421868017854,1.0,0.0023536421868017854,0.42242650129386716,0.0020948548837585713,0.41674517214943146,1.0,0.3615197493605888,,
2016-10-05,8411.0,-0.0006539055998098231,1.0,-0.0006539055998098231,0.4217723818045432,-0.000582007472061873,0.4161629952452771,1.0,0.36086562987126475,,
2016-10-06,8405.5,-0.001338409374814109,1.0,-0.001338409374814109,0.42043307595991675,-0.001191248793474195,0.41497103635096505,1.0,0.3595263240266384,,
2016-10-07,8394.25,0.003931262471334573,1.0,0.003931262471334573,0.42435663121174033,0.003499012905866807,0.4184639419533836,1.0,0.363449879278462,,
2016-10-10,8427.25,-0.008039396007001098,1.0,-0.008039396007001098,0.41628474500913054,-0.007155449576054749,0.4112827693680986,1.0,0.35537799307585216,,
2016-10-11,8359.5,-0.002183144924935654,1.0,-0.002183144924935654,0.41409921354924617,-0.0019431041105566935,0.4093377749816842,1.0,0.35319246161596785,,
2016-10-12,8341.25,-0.0014086617713172656,1.0,-0.0014086617713172656,0.41268955868120144,-0.0012537768093024459,0.40808321153665883,1.0,0.35178280674792306,,
2016-10-13,8329.5,0.0008704003841766284,1.0,0.0008704003841766284,0.4135595804866245,0.0007746982552583313,0.4088576098681141,1.0,0.3526528285533461,,
2016-10-14,8336.75,5.997541008184726e-05,1.0,5.997541008184726e-05,0.41361955409825335,5.338100303432473e-05,0.4089109894464334,1.0,0.35271280216497497,,
2016-10-17,8337.25,0.0028186752226453393,1.0,0.0028186752226453393,0.4164342643048741,0.002508756678903436,0.411416604448671,1.0,0.3555275123715957,,
2016-10-18,8360.75,0.00047842597853064994,1.0,0.00047842597853064994,0.41691257587418573,0.0004258221590613891,0.41184233597120595,1.0,0.35600582394090735,,
2016-10-19,8364.75,0.0018231268119190958,1.0,0.0018231268119190958,0.4187340428075585,0.0016226706536262257,0.4134636915172725,1.0,0.35782729087428017,,
2016-10-20,8380.0,8.949880668263077e-05,1.0,8.949880668263077e-05,0.4188235376094619,7.965824768141054e-05,0.4135433465924042,1.0,0.3579167856761836,,
2016-10-21,8380.75,0.007338245383766262,1.0,0.007338245383766262,0.4261349890709768,0.006531391758103358,0.4200535012331579,1.0,0.36522823713769853,,
2016-10-24,8442.25,-0.003316651366638057,1.0,-0.003316651366638057,0.42281282542461346,-0.002951979426646553,0.4170971561215186,1.0,0.36190607349133513,,
2016-10-25,8414.25,-0.0030602846361826863,1.0,-0.0030602846361826863,0.41974784854188485,-0.002723800691433868,0.4143696391351496,1.0,0.35884109660860647,,
2016-10-26,8388.5,-0.003576324730285463,1.0,-0.003576324730285463,0.4161651134741152,-0.0031831012246280725,0.41118146106755243,1.0,0.35525836154083684,,
2016-10-27,8358.5,-0.0021534964407489143,1.0,-0.0021534964407489143,0.4140092949255399,-0.0019167155319346275,0.4092629062858144,1.0,0.3531025429922614,,
2016-10-28,8340.5,-0.00023979377735150464,1.0,-0.00023979377735150464,0.4137694723930636,-0.00021342800889471801,0.40904945549792104,1.0,0.3528627204597851,,
2016-10-31,8338.5,-0.005816393835821776,1.0,-0.005816393835821776,0.4079360974607704,-0.005176870597051645,0.4038591384792814,1.0,0.347029345527492,,
2016-11-01,8290.0,-0.00431242460796144,1.0,-0.00431242460796144,0.403614347530319,-0.0038382655619817315,0.4000134878728061,1.0,0.34270759559704067,,
2016-11-02,8254.25,-0.005966623254686998,1.0,-0.005966623254686998,0.39762985285562097,-0.005310582014003114,0.39468875459493924,1.0,0.3367231009223426,,
2016-11-03,8205.0,-0.0011273613650213399,1.0,-0.0011273613650213399,0.3965018555407675,-0.0010034059019331187,0.3936848449442996,1.0,0.33559510360748906,,
2016-11-04,8195.75,0.014672238660281334,1.0,0.014672238660281334,0.4110674983093333,0.01305899893599679,0.40665931030755037,1.0,0.3501607463760548,,
2016-11-07,8316.0,0.0026154401154401263,1.0,0.0026154401154401263,0.41367952411326386,0.002327867646888523,0.40898447266810045,1.0,0.3527727721799854,,
2016-11-08,8337.75,0.00206890348115496,1.0,0.00206890348115496,0.41574629036092386,0.0018414237243987565,0.41082420305028783,1.0,0.3548395384276454,,
2016-11-09,8355.0,-0.0096648713345302,1.0,-0.0096648713345302,0.4060344110280567,-0.008602200890845901,0.402184789669463,1.0,0.34512765909477816,,
2016-11-10,8274.25,0.00030214218811375204,1.0,0.00030214218811375204,0.4063365075804116,0.00026892109680429454,0.40245367461347054,1.0,0.345429755647133,,
2016-11-11,8276.75,-0.005889993052828668,1.0,-0.005889993052828668,0.4004291001042777,-0.005242377444291326,0.3971975076943442,1.0,0.33952234817099913,,
2016-11-14,8228.0,0.008720223626640822,1.0,0.008720223626640822,0.40911152218056074,0.0077614189421706834,0.4049289617712302,1.0,0.34820477024728214,,
2016-11-15,8299.75,0.0023193469682822876,1.0,0.0023193469682822876,0.4114281836153178,0.002064330487821073,0.4069911644566915,1.0,0.35052143168203925,,
2016-11-16,8319.0,0.005679769203029261,1.0,0.005679769203029261,0.4170918837462821,0.00505526809483102,0.412033697584849,1.0,0.3561851318130035,,
2016-11-17,8366.25,-0.0026594949947706947,1.0,-0.0026594949947706947,0.41442884601203844,-0.00236707861091549,0.4096638130145328,1.0,0.3535220940787599,,
2016-11-18,8344.0,0.0057825982742090165,1.0,0.0057825982742090165,0.42019478924029546,0.0051467909198216685,0.41479740447649655,1.0,0.35928803730701686,,
2016-11-21,8392.25,0.002442729899609697,1.0,0.002442729899609697,0.4226345405248725,0.002174147238095629,0.4169691916765801,1.0,0.3617277885915938,,
2016-11-22,8412.75,-0.0031202638851742792,1.0,-0.0031202638851742792,0.4195093984662397,-0.0027771851112827254,0.4141881430319033,1.0,0.358602646532961,,
2016-11-23,8386.5,0.0013414416025756548,1.0,0.0013414416025756548,0.42084994113984614,0.0011939476221961487,0.41538137846545814,1.0,0.3599431892065674,,
2016-11-24,8397.75,0.0008335566074246792,1.0,0.0008335566074246792,0.42168315053189764,0.0007419055197704407,0.4161230089093736,1.0,0.36077639859861893,,
2016-11-25,8404.75,-0.001457509146613467,1.0,-0.001457509146613467,0.4202245781856202,-0.0012972533255171228,0.41482491342235117,1.0,0.35931782625234143,,
2016-11-28,8392.5,0.0020554066130473725,1.0,0.0020554066130473725,0.42227787534053,0.0018294108618535602,0.4166526529502146,1.0,0.3613711234072512,,
2016-11-29,8409.75,-0.0067481197419662076,1.0,-0.0067481197419662076,0.4155068840873365,-0.006006151519936215,0.41062839195365447,1.0,0.35460013215405756,,
2016-11-30,8353.0,-0.009996408475996699,1.0,-0.009996408475996699,0.40546017602927814,-0.008897284911621459,0.40169128985008634,1.0,0.34455342409599915,,
2016-12-01,8269.5,-6.046314771146477e-05,1.0,-6.046314771146477e-05,0.4053997110535969,-5.3815113011247535e-05,0.40163747328898997,1.0,0.3444929591203179,,
2016-12-02,8269.0,0.0057443463538517925,1.0,0.0057443463538517925,0.4111276215620199,0.005112744868717206,0.40673719245685275,1.0,0.3502208696287408,,
2016-12-05,8316.5,0.0009318824024528993,1.0,0.0009318824024528993,0.4120590700316288,0.0008294202121350444,0.40756626889012193,1.0,0.3511523180983497,,
2016-12-06,8324.25,0.006697300057062261,1.0,0.006697300057062261,0.418734042807559,0.005960919553195864,0.4135094924504627,1.0,0.35782729087427984,,
2016-12-07,8380.0,0.0023866348448686736,1.0,0.0023866348448686736,0.4211178341628352,0.00212421993816963,0.4156314594234244,1.0,0.360211082229556,,
2016-12-08,8400.0,0.0036607142857143504,1.0,0.0036607142857143504,0.4247718643414464,0.003258211992662291,0.4188843749449576,1.0,0.3638651124081672,,
2016-12-09,8430.75,-0.003410135515820034,1.0,-0.003410135515820034,0.4213559010607577,-0.0030351848210629358,0.4158445746087854,1.0,0.36044914912747844,,
2016-12-12,8402.0,0.008985955724827521,1.0,0.008985955724827521,0.43030172333122413,0.007997933305645041,0.4238106939638416,1.0,0.3693949713979448,,
2016-12-13,8477.5,-0.0010911235623709548,1.0,-0.0010911235623709548,0.42921000406017173,-0.0009711525125757534,0.4228390695771319,1.0,0.36830325212689247,,
2016-12-14,8468.25,0.0007675729932394848,1.0,0.0007675729932394848,0.42997728261991774,0.0006831769257645173,0.4235220132437726,1.0,0.3690705306866384,,
2016-12-15,8474.75,-0.002713944364140519,1.0,-0.002713944364140519,0.42725964883199896,-0.0024155411716146355,0.42110354994595617,1.0,0.3663528968987196,,
2016-12-16,8451.75,0.0030467063034282926,1.0,0.0030467063034282926,0.43030172333122424,0.0027117153214301576,0.423811595200681,1.0,0.3693949713979448,,
2016-12-19,8477.5,0.0017398997345916545,1.0,0.0017398997345916545,0.43204011119368924,0.0015485945470803731,0.4253589919117079,1.0,0.3711333592604099,,
2016-12-20,8492.25,-0.0010009125967793686,1.0,-0.0010009125967793686,0.4310386973493988,-0.0008908604091720062,0.4244677344505721,1.0,0.37013194541611943,,
2016-12-21,8483.75,-0.0015912774421688036,1.0,-0.0015912774421688036,0.4294461524805509,-0.00141631355005233,0.4230504169804614,1.0,0.3685394005472716,,
2016-12-22,8470.25,0.0008559369558158725,1.0,0.0008559369558158725,0.43030172333122435,0.0007618251075439828,0.42381195204655603,1.0,0.36939497139794497,,
2016-12-23,8477.5,0.0023002064287820367,1.0,0.0023002064287820367,0.43259928833497197,0.002047294485970529,0.425857153681139,1.0,0.3716925364016926,,
2016-12-27,8497.0,-0.004501588796045675,1.0,-0.004501588796045675,0.4280875368778659,-0.0040066307984066235,0.4218424748333203,1.0,0.36718078494458656,,
2016-12-28,8458.75,-0.00029555194325403544,1.0,-0.00029555194325403544,0.4277919412505288,-0.00026305546153188226,0.42157938476663165,1.0,0.3668851893172495,,
2016-12-29,8456.25,-0.006799704360680003,1.0,-0.006799704360680003,0.4209690135657903,-0.006052064314602025,0.41550893248314386,1.0,0.36006226163251104,,
2016-12-30,8398.75,0.00514957582973663,1.0,0.00514957582973663,0.4261053756738747,0.00458337046161952,0.42008183128716853,1.0,0.36519862374059536,,
2017-01-03,8442.0,0.0033167495854062867,1.0,0.0033167495854062867,0.4294166369775307,0.0029520668460799133,0.42302954934043246,1.0,0.3685098850442513,,
2017-01-04,8470.0,0.0034828807556079866,1.0,0.0034828807556079866,0.43289346655025496,0.0030999315874552626,0.4261246860466113,1.0,0.37198671461697563,,
2017-01-05,8499.5,0.004912053650214743,1.0,0.004912053650214743,0.4377934954264186,0.004371964284179896,0.43048712105926773,1.0,0.3768867434931392,,
2017-01-06,8541.25,0.001873262110346774,1.0,0.001873262110346774,0.439665005169386,0.0016672934834466872,0.4321530261519568,1.0,0.3787582532361066,,
2017-01-09,8557.25,0.0014899646498582886,1.0,0.0014899646498582886,0.4411538609232559,0.0013261402862703388,0.43347828789083,1.0,0.38024710898997655,,
2017-01-10,8570.0,0.0016627771295216753,1.0,0.0016627771295216753,0.4428152571694086,0.0014799517147989871,0.4349571455563836,1.0,0.3819085052361292,,
2017-01-11,8584.25,-0.0011358010309578948,1.0,-0.0011358010309578948,0.44167881062763226,-0.0010109176110211118,0.4339457166235225,1.0,0.3807720586943528,,
2017-01-12,8574.5,0.002624059711936466,1.0,0.002624059711936466,0.4442994335058745,0.0023355395028391178,0.4362785329931429,1.0,0.383392681572595,,
2017-01-13,8597.0,-0.001192276375479806,1.0,-0.001192276375479806,0.4431064458034618,-0.0010611833871646107,0.4352167861522339,1.0,0.3821996938701823,,
2017-01-16,8586.75,-0.0011936995953066853,1.0,-0.0011936995953066853,0.44191203318131017,-0.0010624501213443932,0.4341537712306759,1.0,0.3810052812480306,,
2017-01-17,8576.5,0.0016032180959599796,1.0,0.0016032180959599796,0.44351396749507727,0.001426941306917831,0.435579695424306,1.0,0.3826072155617977,,
2017-01-18,8590.25,0.00026192485666887144,1.0,0.00026192485666887144,0.44377585805541947,0.00023312573518922828,0.43581279398991357,1.0,0.38286910612213987,,
2017-01-19,8592.5,0.000581902822228697,1.0,0.000581902822228697,0.4443575916378518,0.0005179215327862159,0.4363305814476343,1.0,0.38345083970457217,,
2017-01-20,8597.5,0.00037801686536775847,1.0,0.00037801686536775847,0.444735537072845,0.0003364532132366325,0.436666978073181,1.0,0.38382878513956536,,
2017-01-23,8600.75,0.004156614248757462,1.0,0.004156614248757462,0.4488835364647697,0.003699586839383648,0.44035973827315644,1.0,0.38797678453149004,,
2017-01-24,8636.5,0.005760435361547023,1.0,0.005760435361547023,0.4546274439599678,0.005127064860317535,0.4454737044890891,1.0,0.3937206920266882,,
2017-01-25,8686.25,-0.0003741545546122049,1.0,-0.0003741545546122049,0.4542532193920758,-0.0003330155706781182,0.4451406334564123,1.0,0.39334646745879615,,
2017-01-26,8683.0,0.0021306000230334465,1.0,0.0021306000230334465,0.4563815529056593,0.0018963366176116309,0.4470351742976462,1.0,0.3954748009723796,,
2017-01-27,8701.5,-0.004510716543124738,1.0,-0.004510716543124738,0.4518606323842706,-0.004014754932845373,0.44301233860077244,1.0,0.39095388045099083,,
2017-01-30,8662.25,0.0006926606828479009,1.0,0.0006926606828479009,0.4525530532884248,0.0006165013621816389,0.44362865000405854,1.0,0.39164630135514505,,
2017-01-31,8668.25,0.0020477028235226236,1.0,0.0020477028235226236,0.4545986624261977,0.0018225541182075357,0.4454495452857496,1.0,0.39369191049291796,,
2017-02-01,8686.0,-0.0023025558369790255,1.0,-0.0023025558369790255,0.4522934516312852,-0.0020493855723994698,0.44339805684919376,1.0,0.3913866996980056,,
2017-02-02,8666.0,0.0032887145165012566,1.0,0.0032887145165012566,0.455576770153554,0.0029271142847511183,0.4463208954764536,1.0,0.3946700182202745,,
2017-02-03,8694.5,0.00023003047903857876,1.0,0.00023003047903857876,0.45580677417963855,0.00020473820325343808,0.4465256127237014,1.0,0.39490002224635906,,
2017-02-06,8696.5,0.0017535790260450046,1.0,0.0017535790260450046,0.45755881748106414,0.0015607697751877287,0.44808516576360813,1.0,0.3966520655477847,,
2017-02-07,8711.75,0.001779206244439946,1.0,0.001779206244439946,0.4593364428129758,0.001583579233614687,0.4496674924577842,1.0,0.3984296908796963,,
2017-02-08,8727.25,0.0024635480821564304,1.0,0.0024635480821564304,0.46179696133517995,0.0021926764230429225,0.45185776847411546,1.0,0.40089020940190045,,
2017-02-09,8748.75,0.0017145306472352573,1.5,0.0024774967852549436,0.4642713941848247,0.001526014837707785,0.45338262013438113,1.0,0.40260327191932843,,
2017-02-10,8763.75,0.003822564541434925,1.5,0.005733846812152388,0.4699888650655797,0.0034022665140058844,0.4567791120338159,1.0,0.40641854902614893,,
2017-02-13,8797.25,0.0016482423484611708,1.5,0.002472363522691756,0.47245817732576256,0.0014670150597459377,0.4582450520782164,1.0,0.40806543451394267,,
2017-02-14,8811.75,0.004340794961273264,1.5,0.0065111924419098965,0.4789482635225074,0.0038635165425778893,0.462101124408488,1.0,0.41239683540012617,,
2017-02-15,8850.0,-0.0013559322033898091,1.5,-0.0020338983050847137,0.4769122940374088,-0.0012068449547024867,0.46089355062996923,1.0,0.4110399830888362,,
2017-02-16,8838.0,0.003054989816700715,1.5,0.0045824847250510725,0.48148431114561313,0.002719088047127683,0.46360894864469476,1.0,0.41409031590645934,,
2017-02-17,8865.0,0.001353637901861271,1.5,0.0020304568527919065,0.48351270940700586,0.0012048029158620783,0.4648130263679415,1.0,0.41544303846647046,,
2017-02-20,8877.0,0.0005350906837895408,1.5,0.0008026360256843112,0.48431502349265093,0.00047625647537929435,0.46528916946920096,1.0,0.41597798604028896,,
2017-02-21,8881.75,0.0009570186055676277,1.5,0.0014355279083514416,0.48574952201583754,0.0008517926433182176,0.4661405995430403,1.0,0.4169345469955142,,
2017-02-22,8890.25,-0.0025027417676668495,1.5,-0.0037541126515002743,0.4819883449976093,-0.0022275606904835765,0.4639105541486703,1.0,0.4144286681343531,,
2017-02-23,8868.0,0.0012686062246278773,1.5,0.001902909336941816,0.48388944609615786,0.001129120628501056,0.4650390377999122,1.0,0.4156964703580062,,
2017-02-24,8879.25,0.00011262212461637944,1.5,0.00016893318692456916,0.48405836501547844,0.00010023911412485136,0.46513927189043275,1.0,0.4158090861412272,,
2017-02-27,8880.25,-0.0008164184566875621,1.5,-0.0012246276850313431,0.4828329868612041,-0.0007266517403423004,0.4644123560107486,1.0,0.4149923342334887,,
2017-02-28,8873.0,0.005522371238589008,1.5,0.008283556857883512,0.49108242335778296,0.004915176327122961,0.46931549229521247,1.0,0.4204995130863611,,
2017-03-01,8922.0,-0.0027740416946873125,1.5,-0.004161062542030969,0.48691267950432354,-0.0024690306897337316,0.46684340852273326,1.0,0.41772161660747337,,
2017-03-02,8897.25,0.0013487313495743614,1.5,0.002023097024361542,0.48893373282384467,0.001200435848056153,0.468043124423786,1.0,0.4190694392359097,,
2017-03-03,8909.25,-0.0022448578724360013,1.5,-0.003367286808654002,0.4855607639459412,-0.001998031605563022,0.46604309409028305,1.0,0.41682205789277726,,
2017-03-06,8889.25,-0.00025311471721456424,1.5,-0.00037967207582184637,0.48518101977642825,-0.0002252842868306194,0.46581778442313554,1.0,0.4165689111366262,,
2017-03-07,8887.0,0.0014346798694722107,1.5,0.002152019804208316,0.4873307273028019,0.0012769341695382677,0.4670939040056128,1.0,0.41800256283621345,,
2017-03-08,8899.75,0.0008708109778363671,1.5,0.0013062164667545506,0.4886360914109899,0.0007750637033872641,0.4678686675022375,1.0,0.41887299487814195,,
2017-03-09,8907.5,0.0013752455795676966,1.5,0.002062868369351545,0.49069683498899497,0.0012240347895189209,0.4690919537719207,1.0,0.42024729567361513,,
2017-03-10,8919.75,0.0014013845679532455,1.5,0.0021020768519298683,0.492796705568674,0.0012472997478813396,0.47033847628769865,1.0,0.42164769921863476,,
2017-03-13,8932.25,-0.0015113773125472463,1.5,-0.0022670659688208694,0.49052706591525536,-0.0013451985871708637,0.4689923721086833,1.0,0.42013517862329736,,
2017-03-14,8918.75,0.0035038542396637062,1.5,0.005255781359495559,0.49576908385983853,0.003118598998223957,0.47210611836360733,1.0,0.423632908667052,,
2017-03-15,8950.0,-0.00013966480446925278,1.5,-0.00020949720670387917,0.4955595647055295,-0.00012430840140963188,0.47198180223526803,1.0,0.4234932341085458,,
2017-03-16,8948.75,-0.000754295292638596,1.5,-0.001131442938957894,0.4944274812017889,-0.0006713591328540954,0.4713102176399548,1.0,0.422738654192077,,
2017-03-17,8942.0,0.0008666964884813666,1.5,0.00130004473272205,0.495726681608053,0.0007714016097318102,0.47208132187238655,1.0,0.42360497531602587,,
2017-03-20,8949.75,-0.009162267102433064,1.5,-0.013743400653649596,0.4818879661160595,-0.008154858921828465,0.46389303020493267,1.0,0.4144004764875362,,
2017-03-21,8867.75,0.0033830453046150843,1.5,0.0050745679569226265,0.4869497018467017,0.003011073228585978,0.4668995792320508,1.0,0.41777781216803894,,
2017-03-22,8897.75,-0.0008429097243685124,1.5,-0.0012643645865527686,0.4856845372768603,-0.0007502302442413165,0.466149067424266,1.0,0.4169345469955142,,
2017-03-23,8890.25,0.0017434830291611636,1.5,0.0026152245437417454,0.4882963480714134,0.0015517838517975365,0.4676996485036366,1.0,0.41867651192240635,,
2017-03-24,8905.75,0.001094798304466238,1.0,0.0010021615248575581,0.4892980077676576,0.0009744232099944284,0.46867359727151486,1.0,0.41977071137225236,,
2017-03-27,8915.5,0.002748023105827002,1.0,0.002748023105827002,0.49204226196111617,0.002445872892746505,0.47111648388553856,1.0,0.4225149655657109,,
2017-03-28,8940.0,0.003215883668903796,1.0,0.003215883668903796,0.49525298573558796,0.002862291323285963,0.47397468665291553,1.0,0.4257256893401827,,
2017-03-29,8968.75,0.000529616724738613,1.0,0.000529616724738613,0.4957824622628874,0.0004713843882304348,0.4744459599744273,1.0,0.4262551658674822,,
2017-03-30,8973.5,-0.0005571961887780308,1.0,-0.0005571961887780308,0.4952251107826251,-0.0004959314392895956,0.47394990552046856,1.0,0.4256978143872199,,
2017-03-31,8968.5,-0.0002787534147293824,1.0,-0.0002787534147293824,0.49494631850894105,-0.0002481039622270346,0.4737017707753618,1.0,0.42541902211353577,,
2017-04-03,8966.0,0.0015893374972117957,1.0,0.0015893374972117957,0.4965343943459385,0.001414586905624303,0.47511535809548533,1.0,0.4270070979505333,,
2017-04-04,8980.25,-0.003786086133459543,1.0,-0.003786086133459543,0.49274112284636357,-0.0033697989743231406,0.47173986856097283,1.0,0.42321382645095845,,
2017-04-05,8946.25,0.0013692888081597854,1.0,0.0013692888081597854,0.4941094750335089,0.001218732976122955,0.47295785948491004,1.0,0.4245821786381037,,
2017-04-06,8958.5,-0.0005581291510855513,1.0,-0.0005581291510855513,0.4935511900703705,-0.0004967618206692427,0.47246097423720995,1.0,0.42402389367496535,,
2017-04-07,8953.5,0.0006422069581728529,1.0,0.0006422069581728529,0.4941931909019007,0.000571595117667491,0.4730324060566122,1.0,0.42466589450649556,,
2017-04-10,8959.25,-0.002427658565170021,1.0,-0.002427658565170021,0.49176258079581947,-0.002160733024697876,0.47086933528020036,1.0,0.4222352844004143,,
2017-04-11,8937.5,-0.00391608391608389,1.0,-0.00391608391608389,0.4878388089454892,-0.0034855032607841365,0.4673777435011085,1.0,0.418311512550084,,
2017-04-12,8902.5,-0.0013760179724796595,1.0,-0.0013760179724796595,0.4864618433909195,-0.0012247222564044482,0.4661522706594999,1.0,0.4169345469955143,,
2017-04-13,8890.25,0.004527431737015197,1.0,0.004527431737015197,0.4909790571380946,0.004029632260312884,0.4701738056970007,1.0,0.42145176074268936,,
2017-04-17,8930.5,-0.0006718548793460677,1.0,-0.0006718548793460677,0.4903069764631188,-0.0005979831951804086,0.469575643638561,1.0,0.4207796800677136,,
2017-04-18,8924.5,0.000308140512073507,1.0,0.000308140512073507,0.4906150695096552,0.0002742598939723269,0.4698498659301637,1.0,0.42108777311424994,,
2017-04-19,8927.25,0.005572824778067087,1.0,0.005572824778067087,0.49617242355024477,0.0049600824068028885,0.4747976876541764,1.0,0.4266451271548394,,
2017-04-20,8977.0,-0.0009190152612231772,1.0,-0.0009190152612231772,0.49525298573558785,-0.000817967836835075,0.473979385099112,1.0,0.42572568934018257,,
2017-04-21,8968.75,0.007526132404181096,1.0,0.007526132404181096,0.502750938108063,0.006698620253801634,0.4806556692879899,1.0,0.43322364171265776,,
2017-04-24,9036.25,0.0048416101812145396,1.0,0.0048416101812145396,0.5075808653888951,0.00430926620462835,0.48495567719312904,1.0,0.43805356899348985,,
2017-04-25,9080.0,-0.0013491189427312644,1.0,-0.0013491189427312644,0.5062308355658536,-0.0012007808246299937,0.48375417485355926,1.0,0.4367035391704483,,
2017-04-26,9067.75,0.005679468445865865,1.0,0.005679468445865865,0.5118942366381934,0.005055000406472909,0.488796441639753,1.0,0.44236694024278816,,
2017-04-27,9119.25,-0.0006031197741042105,1.0,-0.0006031197741042105,0.5112909349141962,-0.0005368056416384987,0.48825949186638323,1.0,0.44176363851879086,,
2017-04-28,9113.75,0.005595940200246785,1.0,0.005595940200246785,0.5168712760084664,0.004980656245645011,0.49322778567541536,1.0,0.4473439796130611,,
2017-05-01,9164.75,-0.001009301944952079,1.0,-0.001009301944952079,0.5158614643753245,-0.0008983273330271715,0.492329054604579,1.0,0.4463341679799193,,
2017-05-02,9155.5,-0.0013652995467205997,1.0,-0.0013652995467205997,0.5144952319579825,-0.0012151823413428132,0.4911131333304888,1.0,0.44496793556257735,,
2017-05-03,9143.0,0.0019413759160014088,1.0,0.0019413759160014088,0.5164347258391914,0.0017279180504378509,0.4928395602479887,1.0,0.44690742944378614,,
2017-05-04,9160.75,0.0022923887236308005,1.0,0.0022923887236308005,0.5187244910484369,0.0020403363519314265,0.4948778179406681,1.0,0.44919719465303176,,
2017-05-05,9181.75,0.0006806981239959597,1.0,0.0006806981239959597,0.519404957602545,0.0006058541087572386,0.4954834885939192,1.0,0.44987766120713985,,
2017-05-08,9188.0,0.0027481497605572613,1.0,0.0027481497605572613,0.5221493381036295,0.0024459856215553796,0.49792648766169784,1.0,0.4526220417082244,,
2017-05-09,9213.25,-0.0005426966597020799,1.0,-0.0005426966597020799,0.5216064941307952,-0.0004830261602003263,0.49744334480678254,1.0,0.45207919773539,,
2017-05-10,9208.25,-0.0005158417723237774,1.0,-0.0005158417723237774,0.5210905192663328,-0.00045912401726089014,0.49698411535981857,1.0,0.45156322287092754,,
2017-05-11,9203.5,0.002037268430488348,1.5,0.0029662628347910326,0.5240523914239801,0.0018132670059482971,0.4987957403817534,1.0,0.45359841888432295,,
2017-05-12,9222.25,0.0016536094770798204,1.5,0.0024804142156197306,0.5265297344896935,0.0014717920626657471,0.5002664504200278,1.0,0.45525066265460795,,
2017-05-15,9237.5,0.002138024357239532,1.5,0.003207036535859298,0.529731639452383,0.0019029446325671275,0.5021675867471643,1.0,0.45738640469029856,,
2017-05-16,9257.25,-0.015987469280833944,1.5,-0.023981203921250915,0.505458204975307,-0.01422961752202636,0.48783575743602886,1.0,0.4412697571500295,,
2017-05-17,9109.25,0.006202486483519509,1.5,0.009303729725279264,0.5147189215896016,0.005520511645443929,0.49334108690700995,1.0,0.44745308738437045,,
2017-05-18,9165.75,0.0024275154788206965,1.5,0.0036412732182310448,0.5183535814217429,0.0021606056709567835,0.495499361826154,1.0,0.44987766120713973,,
2017-05-19,9188.0,0.005196996081845873,1.5,0.007795494122768809,0.526118847672704,0.004625576769475981,0.5001142734909325,1.0,0.4550611995113891,,
2017-05-22,9235.75,0.0008391305524726445,1.5,0.0012586958287089667,0.5273767520079151,0.0007468665992713987,0.5008608613241374,1.0,0.455899978190651,,
2017-05-23,9243.5,0.002461188943581938,1.5,0.0036917834153729068,0.5310617375166904,0.0021905766761094454,0.5030490421853329,1.0,0.45835814336908026,,
2017-05-24,9266.25,0.00536894644543362,1.5,0.00805341966815043,0.5390829014641748,0.004778620873182893,0.5078162816935411,1.0,0.46371272840238226,,
2017-05-25,9316.0,0.0013149420352083219,1.5,0.001972413052812483,0.5410533718644179,0.0011703617311765882,0.5089859590853245,1.0,0.46502680665844265,,
2017-05-26,9328.25,5.36006217672913e-05,1.5,8.040093265093695e-05,0.5411337695650871,4.7707134462219946e-05,0.5090336650818376,1.0,0.46508040584374793,,
2017-05-29,9328.75,-0.0002143909955781842,1.5,-0.0003215864933672763,0.5408121313516948,-0.00019081830986854436,0.508842828563839,1.0,0.464865991863135,,
2017-05-30,9326.75,0.001152598708017205,1.5,0.0017288980620258076,0.5425395365898453,0.0010258683524808029,0.5098681710729814,1.0,0.4660179268392235,,
2017-05-31,9337.5,0.001954484605086959,1.5,0.0029317269076304386,0.5454669743671396,0.0017395854149610253,0.5116062451617014,1.0,0.46797050392434913,,
2017-06-01,9355.75,0.006653662186355991,1.5,0.009980493279533986,0.5553979914491782,0.0059220797469251955,0.5175108583194601,1.0,0.47460212820165054,,
2017-06-02,9418.0,-0.0004512635379061436,1.5,-0.0006768953068592154,0.5547208669452567,-0.00040164627892288384,0.5171091313590662,1.0,0.4741507628137121,,
2017-06-05,9413.75,-0.001912096667109231,1.5,-0.0028681450006638465,0.5518486009350656,-0.0017018581090081357,0.515405823444404,1.0,0.4722368357561429,,
2017-06-06,9395.75,0.0017028975866748564,1.5,0.0025543463800122845,0.5543996905171777,0.001515660853629547,0.5169203368434103,1.0,0.47393828505667795,,
2017-06-07,9411.75,0.0012218769091827397,1.0,0.0011342205222196352,0.5555332682972625,0.0010875292875470774,0.5180072751993798,1.0,0.47515941608179396,,
2017-06-08,9423.25,-0.016262966598572626,1.0,-0.016262966598572626,0.5391366081735203,-0.014474823401137272,0.5034266695145073,1.0,0.45876275595805177,,
2017-06-09,9270.0,-0.0025889967637540146,1.0,-0.0025889967637540146,0.5365442541617902,-0.002304331790532265,0.5011196786657877,1.0,0.45617040194632175,,
2017-06-12,9246.0,0.0043532338308458485,1.0,0.0043532338308458485,0.5408880400796355,0.0038745877354799726,0.504986779519031,1.0,0.4605141878641671,,
2017-06-13,9286.25,-0.003499798088571815,1.0,-0.003499798088571815,0.5373821033709276,-0.0031149888284318964,0.5018669290142284,1.0,0.4570082511554592,,
2017-06-14,9253.75,-0.0021072538160205045,1.0,-0.0021072538160205045,0.5352726261715467,-0.0018755573691546866,0.4999896105850272,1.0,0.4548987739560783,,
2017-06-15,9234.25,-0.0020034112136881888,1.0,-0.0020034112136881888,0.5332672054452443,-0.0017831324526325853,0.49820488645933214,1.0,0.4528933532297759,,
2017-06-16,9215.75,0.008490898733147123,1.0,0.008490898733147123,0.5417222592585432,0.00755730874402902,0.5057337818083747,1.0,0.4613484070430748,,
2017-06-19,9294.0,-0.004088659350118373,1.0,-0.004088659350118373,0.5376252184871321,-0.003639103707288343,0.5020880404549086,1.0,0.4572513662716637,,
2017-06-20,9256.0,0.006887424373379414,1.0,0.006887424373379414,0.5444890328991508,0.006130139349982158,0.508199466936719,1.0,0.46411518068368246,,
2017-06-21,9319.75,-0.0011534644169639563,1.0,-0.0011534644169639563,0.5433349027301095,-0.0010266388751308407,0.5071723007069321,1.0,0.46296105051464115,,
2017-06-22,9309.0,0.002202169943065879,1.0,0.002202169943065879,0.5455346514509234,0.0019600372928250884,0.5091304196329671,1.0,0.46516079923545495,,
2017-06-23,9329.5,-0.002733265448309097,1.0,-0.002733265448309097,0.54279764381212,-0.0024327378669139555,0.5066947178513612,1.0,0.46242379159665165,,
2017-06-26,9304.0,-0.011392949269131591,1.0,-0.011392949269131591,0.5313392977134888,-0.010140273466666882,0.49650268158846034,1.0,0.4509654454980204,,
2017-06-27,9198.0,0.01011089367253759,1.0,0.01011089367253759,0.5413994182549322,0.008999182249473665,0.5054616125031852,1.0,0.4610255660394638,,
2017-06-28,9291.0,-0.012565924012485241,1.0,-0.012565924012485241,0.5287538753259687,-0.011184277471786623,0.49421432071316357,1.0,0.4483800231105003,,
2017-06-29,9174.25,0.0007902553342236107,1.0,0.0007902553342236107,0.529543818572854,0.0007033653014879488,0.49491743876920696,1.0,0.44916996635738554,,
2017-06-30,9181.5,-0.007460654577138848,1.0,-0.007460654577138848,0.5220551941097467,-0.006640341834708653,0.48825495177593414,1.0,0.4416813418942781,,
2017-07-03,9113.0,-0.0009053001207066647,1.0,-0.0009053001207066647,0.5211494839573992,-0.0008057607013352256,0.4874488662749594,1.0,0.4407756317419307,,
2017-07-04,9104.75,0.00771575276641312,1.0,0.00771575276641312,0.5288356225363908,0.0068673915071847105,0.49429278465391857,1.0,0.4484617703209223,,
2017-07-05,9175.0,-0.005858310626702945,1.0,-0.005858310626702945,0.5229600846934497,-0.005214178559400936,0.4890649648261587,1.0,0.4425862324779812,,
2017-07-06,9121.25,0.006578045772235086,1.0,0.006578045772235086,0.5295165895358072,0.005854777497117745,0.49490266971862923,1.0,0.4491427373203386,,
2017-07-07,9181.25,0.003975493533015628,1.0,0.003975493533015628,0.5334842016757865,0.003538380680669608,0.49843480505830495,1.0,0.4531103494603179,,
2017-07-10,9217.75,0.0027935233652462976,1.0,0.0027935233652462976,0.5362738304061198,0.002486370314653406,0.5009180894683635,1.0,0.45589997819065126,,
2017-07-11,9243.5,0.00730242873370468,1.0,0.00730242873370468,0.5435497255021493,0.006499513214830249,0.5073965719244556,1.0,0.46317587328668075,,
2017-07-12,9311.0,0.0013424981205025777,1.0,0.0013424981205025777,0.5448913232777676,0.0011948879740267726,0.5085907465880081,1.0,0.46451747106229907,,
2017-07-13,9323.5,0.005094653295436347,1.0,0.005094653295436347,0.5499730427374432,0.004534486761347438,0.5131149835376712,1.0,0.46959919052197463,,
2017-07-14,9371.0,0.0012805463664495864,1.0,0.0012805463664495864,0.5512527699036691,0.001139747929689078,0.5142540824477876,1.0,0.47087891768820056,,
2017-07-17,9383.0,0.003996589576894305,1.0,0.003996589576894305,0.5552413943316746,0.0035571571755824913,0.5178049279032094,1.0,0.474867542116206,,
2017-07-18,9420.5,0.0024414839976647507,1.0,0.0024414839976647507,0.5576799027495202,0.0021730383253693486,0.5199756085956637,1.0,0.4773060505340516,,
2017-07-19,9443.5,0.001191295600148301,1.0,0.001191295600148301,0.5588704893201183,0.0010603104498912246,0.5210353573134684,1.0,0.47849663710464985,,
2017-07-20,9454.75,-0.0008196938047013713,1.0,-0.0008196938047013713,0.5580504593827538,-0.0007295669577960038,0.5203055240921869,1.0,0.47767660716728527,,
2017-07-21,9447.0,0.0002381708478882416,1.0,0.0002381708478882416,0.5582886018724682,0.00021198352352171744,0.5205174851503763,1.0,0.4779147496569997,,
2017-07-24,9449.25,0.0009789136703970414,1.0,0.0009789136703970414,0.5592670367193373,0.0008712803053533859,0.521388386111372,1.0,0.47889318450386886,,
2017-07-25,9458.5,0.001955912671142368,1.0,0.001955912671142368,0.5612210390838142,0.001740856462517565,0.5231277290395874,1.0,0.4808471868683457,,
2017-07-26,9477.0,-0.004985754985754931,1.0,-0.004985754985754931,0.5562228137550196,-0.004437562021831636,0.5186802918140252,1.0,0.47584896153955125,,
2017-07-27,9429.75,0.0007688432885282204,1.0,0.0007688432885282204,0.5569913616349522,0.0006843075497414096,0.5193643653321156,1.0,0.4766175094194839,,
2017-07-28,9437.0,-0.0029935360813817535,1.0,-0.0029935360813817535,0.553993335962361,-0.0026643912634449155,0.5166964182608217,1.0,0.4736194837468927,,
2017-07-31,9408.75,0.004862495017935453,1.0,0.004862495017935453,0.5588440472348938,0.004327854715000335,0.5210149347459118,1.0,0.47847019501942545,,
2017-08-01,9454.5,-0.0016394309588027012,1.0,-0.0016394309588027012,0.5572032709385637,-0.0014591724986454217,0.5195546966183255,1.0,0.4768294187230953,,
2017-08-02,9439.0,-0.0028075007945757013,1.0,-0.0028075007945757013,0.5543918217217683,-0.0024988108998270087,0.5170527584798704,1.0,0.4740179695062999,,
2017-08-03,9412.5,0.0009030544488712877,1.0,0.0009030544488712877,0.5552944686622872,0.0008037619452634495,0.5178561975814829,1.0,0.4749206164468187,,
2017-08-04,9421.0,0.004245833775607721,1.0,0.004245833775607721,0.5595313143180637,0.003778996514565781,0.521628071626938,1.0,0.4791574621025953,,
2017-08-07,9461.0,-0.0024046083923475736,1.0,-0.0024046083923475736,0.5571238102119861,-0.0021402172609257296,0.5194855608280196,1.0,0.47674995799651776,,
2017-08-08,9438.25,0.0010330304876433605,1.0,0.0010330304876433605,0.5581563074908177,0.0009194468786488658,0.5204045852743033,1.0,0.47778245527534935,,
2017-08-09,9448.0,-0.016140982218458944,1.0,-0.016140982218458944,0.5418836406838913,-0.014366251428788899,0.505934140136175,1.0,0.46150978846842305,,
2017-08-10,9295.5,0.0070733150449142634,1.0,0.0070733150449142634,0.5489320571771963,0.006295590999044878,0.5122099966855803,1.0,0.46855820496172806,,
2017-08-11,9361.25,0.00814527974362389,1.0,0.00814527974362389,0.5570443431708995,0.007249691200384345,0.51943353519792,1.0,0.4766704909554313,,
2017-08-14,9437.5,2.649006622523764e-05,1.0,2.649006622523764e-05,0.5570708328862691,2.357743454557668e-05,0.5194571123545223,1.0,0.47669698067080096,,
2017-08-15,9437.75,0.0006887234775236895,1.0,0.0006887234775236895,0.5577593193026187,0.000612997059850539,0.5200699216084209,1.0,0.47738546708715063,,
2017-08-16,9444.25,-0.01331498001429443,1.0,-0.01331498001429443,0.5443549001343391,-0.011850973383509248,0.5081481656558142,1.0,0.4639810479188709,,
2017-08-17,9318.5,0.0002682835220260138,1.0,0.0002682835220260138,0.5446231476747764,0.00023878525355284854,0.508386922404706,1.0,0.4642492954593082,,
2017-08-18,9321.0,-8.046346958479056e-05,1.0,-8.046346958479056e-05,0.544542680967833,-7.161636257586896e-05,0.5083153034775559,1.0,0.46416882875236487,,
2017-08-21,9320.25,0.009012633781282586,1.0,0.009012633781282586,0.5535149433523762,0.008021678060547663,0.5163049789079299,1.0,0.47314109113690805,,
2017-08-22,9404.25,-0.0039078076401627415,1.0,-0.0039078076401627415,0.5495994802814617,-0.003478136976677753,0.5128207791506347,1.0,0.4692256280659935,,
2017-08-23,9367.5,0.0002668801708032298,1.0,0.0002668801708032298,0.549866324846087,0.00023753620338746534,0.5130582871467649,1.0,0.46949247263061894,,
2017-08-24,9370.0,-0.002214514407684054,1.0,-0.002214514407684054,0.5476493547753013,-0.0019710244607717624,0.511085317661066,1.0,0.4672755025598332,,
2017-08-25,9349.25,0.0021926892531487496,1.0,0.0021926892531487496,0.5498396435936675,0.001951599022264818,0.5130350147880482,1.0,0.4694657913781995,,
2017-08-28,9369.75,0.0025614344032658387,1.0,0.0025614344032658387,0.5523978031149038,0.0022797999624573156,0.5153122199495742,1.0,0.4720239508994359,,
2017-08-29,9393.75,0.006946107784431055,1.0,0.006946107784431055,0.5593198978267896,0.006182370411664559,0.5214755579127681,1.0,0.4789460456113217,,
2017-08-30,9459.0,0.006396024949783197,1.0,0.006396024949783197,0.5656955550113502,0.005692770200087933,0.5271521855316086,1.0,0.4853217027958824,,
2017-08-31,9519.5,-0.0009454278060821997,1.0,-0.0009454278060821997,0.5647496800065147,-0.0008414762736317492,0.5263103550180803,1.0,0.48437582779104693,,
2017-09-01,9510.5,-0.000762315335681607,1.0,-0.000762315335681607,0.5639870739607463,-0.0006784973573602746,0.5256316273772177,1.0,0.48361322174527865,,
2017-09-04,9503.25,-0.003998632046931294,1.0,-0.003998632046931294,0.5599804260091205,-0.003558975072268704,0.5220663040865903,1.0,0.4796065737936528,,
2017-09-05,9465.25,0.0011357333403765324,1.0,0.0011357333403765324,0.5611155148922949,0.0010108573631441207,0.5230766508774782,1.0,0.4807416626768273,,
2017-09-06,9476.0,0.0018731532292106667,1.0,0.0018731532292106667,0.5629869159577019,0.0016671965739924793,0.524742459222016,1.0,0.4826130637422342,,
2017-09-07,9493.75,-0.005371955233706371,1.0,-0.005371955233706371,0.5576004798889312,-0.004781298839631112,0.5199496934071302,1.0,0.47722662767346363,,
2017-09-08,9442.75,0.006989489290725626,1.0,0.006989489290725626,0.5645656559251298,0.0062209820412638195,0.5261514050189835,1.0,0.48419180370966214,,
2017-09-11,9508.75,0.001682660707243322,1.0,0.001682660707243322,0.5662469025449093,0.0014976490564469053,0.5276479337175447,1.0,0.4858730503294417,,
2017-09-12,9524.75,0.00020997926454757732,1.0,0.00020997926454757732,0.5664568597668966,0.00018689165680839748,0.5278348079122831,1.0,0.4860830075514292,,
2017-09-13,9526.75,-0.00409373605899177,1.0,-0.00409373605899177,0.5623547214314699,-0.0036436222226499788,0.5241845315297685,1.0,0.48198086921600236,,
2017-09-14,9487.75,0.0028194250480884087,1.0,0.0028194250480884087,0.5651701793556804,0.0025094240596549317,0.52669081224243,1.0,0.48479632714021276,,
2017-09-15,9514.5,-0.001024751694781667,1.0,-0.001024751694781667,0.5641449022439021,-0.0009120783543441964,0.525778317691535,1.0,0.48377105002843446,,
2017-09-18,9504.75,0.000604960677555999,1.0,0.000604960677555999,0.5647496800065146,0.0005384441343576267,0.5263166169168644,1.0,0.48437582779104693,,
2017-09-19,9510.5,-0.0018137847642080152,1.0,-0.0018137847642080152,0.562934248343006,-0.0016143557813055288,0.5247009566591495,1.0,0.4825603961275382,,
2017-09-20,9493.25,-0.0034761541094988635,1.0,-0.0034761541094988635,0.559452038371665,-0.0030939445485026,0.5216022159689933,1.0,0.47907818615619724,,
2017-09-21,9460.25,-0.0007663645252503626,1.0,-0.0007663645252503626,0.5586853800390033,-0.0006821013310615185,0.5209198819009794,1.0,0.4783115278235355,,
2017-09-22,9453.0,-0.006082725060827299,1.0,-0.006082725060827299,0.5525840798428262,-0.0054139182122451635,0.5154912553229168,1.0,0.4722102276273584,,
2017-09-25,9395.5,0.0013304241392155802,1.0,0.0013304241392155802,0.5539136197520271,0.001184141549269726,0.5166746963295554,1.0,0.4735397675365593,,
2017-09-26,9408.0,0.004916028911564618,1.0,0.004916028911564618,0.5588176044504667,0.004375502458206389,0.5210406541085975,1.0,0.47844375223499885,,
2017-09-27,9454.25,0.0002644313404025489,1.0,0.0002644313404025489,0.5590820008350644,0.00023535662640965227,0.5212759830429812,1.0,0.4787081486195967,,
2017-09-28,9456.75,0.004229782959261907,1.0,0.004229782959261907,0.563302863407738,0.0037647105151055018,0.5250336247711915,1.0,0.48292901119227033,,
2017-09-29,9496.75,0.0006054702924684907,1.0,0.0006054702924684907,0.5639081504770227,0.0005388977161697883,0.5255723773341332,1.0,0.48353429826155503,,
2017-10-02,9502.5,0.0013417521704814916,1.0,0.0013417521704814916,0.5652490033024363,0.0011942240425874592,0.5267658888584033,1.0,0.48487515108696855,,
2017-10-03,9515.25,0.0006831139486613846,1.0,0.0006831139486613846,0.5659318840349671,0.0006080043090413126,0.5273737084077107,1.0,0.4855580318194992,,
2017-10-04,9521.75,0.0060388058917741905,1.0,0.0060388058917741905,0.5719525294136434,0.0053748280369001426,0.5327341436060523,1.0,0.49157867719817544,,
2017-10-05,9579.25,0.00036537307200457114,1.0,0.00036537307200457114,0.5723178357531614,0.0003251996282929931,0.5330592903684072,1.0,0.49194398353769353,,
2017-10-06,9582.75,-0.0004174167123216499,1.0,-0.0004174167123216499,0.5719003318982332,-0.00037152097428949416,0.5326877003631023,1.0,0.49152647968276536,,
2017-10-09,9578.75,0.00031319326634471345,1.0,0.00031319326634471345,0.5722134761298049,0.00027875708858450017,0.5329664186061484,1.0,0.491839623914337,,
2017-10-10,9581.75,0.0019046625094580882,1.0,0.0019046625094580882,0.5741163270695467,0.0016952413507134991,0.5346602246571339,1.0,0.49374247485407885,,
2017-10-11,9600.0,-0.0009635416666666785,1.0,-0.0009635416666666785,0.5731523208982047,-0.0008575984818084642,0.5338022582273647,1.0,0.49277846868273667,,
2017-10-12,9590.75,0.0026588118760264567,1.0,0.0026588118760264567,0.5758076043867636,0.0023664706023381545,0.5361659331478775,1.0,0.4954337521712957,,
2017-10-13,9616.25,0.0021318081372676545,1.0,0.0021318081372676545,0.5779371434453189,0.0018974118974557214,0.5380615472331466,1.0,0.497563291229851,,
2017-10-16,9636.75,0.0001556541365086428,1.0,0.0001556541365086428,0.5780927854689794,0.0001385396768764726,0.5382000773142883,1.0,0.4977189332535114,,
2017-10-17,9638.25,-0.0002334448681036161,1.0,-0.0002334448681036161,0.5778593133483811,-0.0002077771739381302,0.5379922785516827,1.0,0.4974854611329132,,
2017-10-18,9636.0,-0.0021014943960149246,1.0,-0.0021014943960149246,0.5757556077145389,-0.0018704312080100732,0.5361200959029137,1.0,0.4953817554990709,,
2017-10-19,9615.75,0.0010659594935391592,1.0,0.0010659594935391592,0.5768209994766738,0.0009487552795625422,0.5370684013986533,1.0,0.4964471472612057,,
2017-10-20,9626.0,-0.004519011011842933,1.0,-0.004519011011842933,0.5722917468683292,-0.0040221374094171845,0.5330381534394304,1.0,0.4919178946528612,,
2017-10-23,9582.5,0.0008609444299503277,1.0,0.0008609444299503277,0.5731523208982044,0.0007662820006540236,0.5338041419959298,1.0,0.4927784686827364,,
2017-10-24,9590.75,-0.0007820034929489905,1.0,-0.0007820034929489905,0.5723700114810244,-0.000696020765393604,0.53310787889563,1.0,0.49199615926555634,,
2017-10-25,9583.25,0.002347846503013118,1.0,0.002347846503013118,0.5747151060989308,0.0020896964461007608,0.535195394963137,1.0,0.49434125388346273,,
2017-10-26,9605.75,0.013065091221403868,1.0,0.013065091221403868,0.5876955851959275,0.011628560324668451,0.5467568632021824,1.0,0.5073217329804594,,
2017-10-27,9731.25,0.0007450224791265558,1.0,0.0007450224791265558,0.5884403302835736,0.0006631058823044545,0.5474197493269243,1.0,0.5080664780681055,,
2017-10-30,9738.5,0.003029213944652609,1.0,0.003029213944652609,0.5914649654041596,0.0026961462797911264,0.5501122675240989,1.0,0.5110911131886916,,
2017-10-31,9768.0,-0.0016380016380016515,1.0,-0.0016380016380016515,0.5898256207747264,-0.0014579003343048408,0.5486533034190615,1.0,0.5094517685592584,,
2017-11-01,9752.0,0.0024353978671041165,1.0,0.0024353978671041165,0.5922580578665811,0.002167621376098287,0.550818578893351,1.0,0.5118842056511131,,
2017-11-02,9775.75,0.0030176712784184545,1.0,0.0030176712784184545,0.5952711851143261,0.0026858727510161045,0.5535008511337177,1.0,0.5148973328988581,,
2017-11-03,9805.25,0.0024986614313760036,1.0,0.0024986614313760036,0.5977667300814742,0.00222392899469983,0.5557223108586402,1.0,0.5173928778660062,,
2017-11-06,9829.75,0.00017803097738999796,1.0,0.00017803097738999796,0.5979447452132304,0.00015845614279735772,0.555880754448589,1.0,0.5175708929977623,,
2017-11-07,9831.5,0.002619132380613287,1.0,0.002619132380613287,0.6005604536438459,0.002331153940690317,0.558209195465276,1.0,0.5201866014283778,,
2017-11-08,9857.25,-0.0027898247482817107,1.0,-0.0027898247482817107,0.5977667300814741,-0.002483078367451378,0.555723029145925,1.0,0.5173928778660061,,
2017-11-09,9829.75,-0.0005595259289401522,1.0,-0.0005595259289401522,0.5972070475594867,-0.0004980050202204083,0.5552249000800192,1.0,0.5168331953440187,,
2017-11-10,9824.25,0.00048349746800013804,1.0,0.00048349746800013804,0.5976904281802481,0.00043033602890220953,0.5556551435409285,1.0,0.5173165759647802,,
2017-11-13,9829.0,-0.001856750432393972,1.0,-0.001856750432393972,0.5958319518500648,-0.0016525972949638162,0.5540011792007306,1.0,0.5154580996345969,,
2017-11-14,9810.75,-0.003057870193410306,1.0,-0.003057870193410306,0.5927693968187394,-0.002721651721101147,0.5512758170517265,1.0,0.5123955446032715,,
2017-11-15,9780.75,0.008281573498964745,1.0,0.008281573498964745,0.6010168662487565,0.007370999205739889,0.5586197832019633,1.0,0.5206430140332886,,
2017-11-16,9861.75,-0.0035744163054224343,1.0,-0.0035744163054224343,0.5974360464536593,-0.0031814026346015083,0.5554333091469901,1.0,0.5170621942381914,,
2017-11-17,9826.5,0.0007886836615274007,1.0,0.0007886836615274007,0.5982244192676572,0.0007019664371058485,0.5561350293208954,1.0,0.5178505670521893,,
2017-11-20,9834.25,0.006279075679385793,1.0,0.006279075679385793,0.6044838636859423,0.00558867971784819,0.561708150309834,1.0,0.5241100114704743,,
2017-11-21,9896.0,0.0007831447049313489,1.0,0.0007831447049313489,0.6052667018930702,0.0006970364990119309,0.5624049439917338,1.0,0.5248928496776022,,
2017-11-22,9903.75,-0.00017670074466746843,1.0,-0.00017670074466746843,0.6050899855349868,-0.0001572721716181561,0.5622476594515509,1.0,0.5247161333195189,,
2017-11-23,9902.0,0.0029539486972329776,1.0,0.0029539486972329776,0.6080395798986447,0.002629156585257923,0.5648733658506971,1.0,0.5276657276831768,,
2017-11-24,9931.25,0.0,1.0,0.0,0.6080395798986447,0.0,0.5648733658506971,1.0,0.5276657276831768,,
2017-11-27,9931.25,0.000830711139081286,1.0,0.000830711139081286,0.6088699461881947,0.0007393729159238734,0.5656124655651235,1.0,0.5284960939727268,,
2017-11-28,9939.5,-0.011896976709089957,1.0,-0.011896976709089957,0.59690163410365,-0.010588882159214094,0.5549671222659428,1.0,0.5165277818881822,,
2017-11-29,9821.25,0.005218276695939883,1.0,0.005218276695939883,0.6021063427744231,0.004644517540768322,0.5596008873156858,1.0,0.5217324905589552,,
2017-11-30,9872.5,-0.0011142061281337323,1.0,-0.0011142061281337323,0.6009915154571767,-0.0009916971076246461,0.5586086981511433,1.0,0.5206176632417087,,
2017-12-01,9861.5,-0.008441920600314345,1.0,-0.008441920600314345,0.5925137600261002,-0.00751371584731028,0.5510666121413501,1.0,0.5121399078106322,,
2017-12-04,9778.25,0.0007670084115256603,1.0,0.0007670084115256603,0.5932804744369986,0.0006826744208522932,0.5517490536460179,1.0,0.5129066222215306,,
2017-12-05,9785.75,0.003270061058171292,1.0,0.003270061058171292,0.5965452004729096,0.002910511808597081,0.5546553381156146,1.0,0.5161713482574416,,
2017-12-06,9817.75,0.002368159710728124,1.0,0.002368159710728124,0.5989105605126042,0.002107776179131211,0.5567608960510292,1.0,0.5185367082971362,,
2017-12-07,9841.0,0.0019306980997866319,1.0,0.0019306980997866319,0.6008393972102998,0.0017184142798261435,0.5584778355463222,1.0,0.5204655449948318,,
2017-12-08,9860.0,0.006135902636916768,1.0,0.006135902636916768,0.6069565518481437,0.005461248815682741,0.5639242258156223,1.0,0.5265826996326757,,
2017-12-11,9920.5,-0.00201602741797291,1.0,-0.00201602741797291,0.6049384895114679,-0.0017943614819678627,0.5621282525387067,1.0,0.5245646372959999,,
2017-12-12,9900.5,0.0015150749962122845,1.0,0.0015150749962122845,0.6064524179395032,0.001348489703691351,0.5634758338467073,1.0,0.5260785657240351,,
2017-12-13,9915.5,-0.0014371438656648472,1.0,-0.0014371438656648472,0.6050142403921082,-0.0012791272448012163,0.5621958878203602,1.0,0.52464038817664,,
2017-12-14,9901.25,0.009746244161090711,1.0,0.009746244161090711,0.6147132962735039,0.008674626624919421,0.5708331060519686,1.0,0.5343394440580357,,
2017-12-15,9997.75,0.00355079892975918,1.0,0.00355079892975918,0.6182578060001435,0.003160382032987906,0.5739885045747627,1.0,0.5378839537846754,,
2017-12-18,10033.25,-0.00318939526075801,1.0,-0.00318939526075801,0.6150633137779523,-0.0028387153645109413,0.5711457524164424,1.0,0.5346894615624841,,
2017-12-19,10001.25,-0.0018747656542932312,1.0,-0.0018747656542932312,0.613186788550995,-0.0016686317099608293,0.5694757269899743,1.0,0.5328129363355268,,
2017-12-20,9982.5,0.00045078888054095323,1.0,0.00045078888054095323,0.6136374758567532,0.00040122381101116944,0.5698768703322354,1.0,0.533263623641285,,
2017-12-21,9987.0,-0.0006007810153199067,1.0,-0.0006007810153199067,0.613036514300205,-0.0005347240336996601,0.5693420032826547,1.0,0.5326626620847368,,
2017-12-22,9981.0,-0.0022542831379621653,1.0,-0.0022542831379621653,0.6107796864409423,-0.0020064205457464217,0.5673335671787156,1.0,0.530405834225474,,
2017-12-26,9958.5,-0.000878646382487358,1.0,-0.000878646382487358,0.6099006538224624,-0.0007820375908334511,0.566551223636965,1.0,0.5295268016069943,,
2017-12-27,9949.75,-0.0007286615241588468,1.0,-0.0007286615241588468,0.6091717266954643,-0.0006485438445362449,0.5659024693968975,1.0,0.5287978744799962,,
2017-12-28,9942.5,-0.006009554940910267,1.0,-0.006009554940910267,0.6031440417070898,-0.0053487932820782385,0.5605393201055985,1.0,0.5227701894916217,,
2017-12-29,9882.75,0.013179529989122418,1.0,0.013179529989122418,0.6162374773214212,0.011730416338633035,0.5722014684663874,1.0,0.5358636251059531,,
2018-01-02,10013.0,0.006841106561470189,1.0,0.006841106561470189,0.6230552896917487,0.006088914266990722,0.578271920201514,1.0,0.5426814374762807,,
2018-01-03,10081.5,0.0022814065367255942,1.0,0.0022814065367255942,0.6253340977719215,0.0020305616767485424,0.5803004230744486,1.0,0.5449602455564534,,
2018-01-04,10104.5,0.005838982631500844,1.0,0.005838982631500844,0.6311560996126351,0.005196975712948986,0.5854839411151107,1.0,0.5507822473971671,,
2018-01-05,10163.5,0.0022875977763565647,1.0,0.0022875977763565647,0.6334410848207767,0.002036072178153636,0.587517943307591,1.0,0.5530672326053087,,
2018-01-08,10186.75,-0.0008098755736618557,1.0,-0.0008098755736618557,0.6326308811207194,-0.0007208282593828233,0.5867968551266051,1.0,0.5522570289052513,,
2018-01-09,10178.5,-0.00044210836567271095,1.0,-0.00044210836567271095,0.6321886749963288,-0.0003934977347761127,0.5864032799512795,1.0,0.5518148227808608,,
2018-01-10,10174.0,0.004644191075289905,1.0,0.004644191075289905,0.6368221150898055,0.004133553693817419,0.5905283139816153,1.0,0.5564482628743374,,
2018-01-11,10221.25,0.004745016509722477,1.0,0.004745016509722477,0.6415559094940713,0.004223293185619765,0.5947427140944792,1.0,0.5611820572786032,,
2018-01-12,10269.75,0.0008033301686993788,1.0,0.0008033301686993788,0.6423589171657935,0.0007150025337781791,0.5954574611357237,1.0,0.5619850649503253,,
2018-01-15,10278.0,-0.0018729324771356026,1.0,-0.0018729324771356026,0.6404842285575401,-0.0016670000940155565,0.593789070050982,1.0,0.5601103763420718,,
2018-01-16,10258.75,0.005702449128792475,1.0,0.005702449128792475,0.6461704802707521,0.0050754543208915365,0.5988516876699999,1.0,0.5657966280552839,,
2018-01-17,10317.25,-0.00033923768446053604,1.0,-0.00033923768446053604,0.6458311850321715,-0.0003019378748529169,0.5985497042027292,1.0,0.5654573328167034,,
2018-01-18,10313.75,0.0032965701127136704,1.0,0.0032965701127136704,0.6491223333698712,0.002934106143659278,0.6014795142583581,1.0,0.568748481154403,,
2018-01-19,10347.75,0.007900268174240832,1.0,0.007900268174240832,0.6569915578208009,0.007031619105323501,0.6084865268119878,1.0,0.5766177056053328,,
2018-01-22,10429.5,0.002708662927273675,1.0,0.002708662927273675,0.6596965589315751,0.0024108404384803415,0.6108944658369526,1.0,0.579322706716107,,
2018-01-23,10457.75,-0.0023188544380960963,1.0,-0.0023188544380960963,0.6573750117870583,-0.0020638921122380183,0.608828440964359,1.0,0.5770011595715901,,
2018-01-24,10433.5,0.0002635740643119888,1.0,0.0002635740643119888,0.657638551121829,0.00023459360940770112,0.6090630070609887,1.0,0.5772646989063609,,
2018-01-25,10436.25,0.008911246855910937,1.0,0.008911246855910937,0.6665103271337891,0.007931438814771452,0.6169631573480634,1.0,0.586136474918321,,
2018-01-26,10529.25,-0.003466533703730068,1.0,-0.003466533703730068,0.6630377710802858,-0.003085381924106457,0.6138730058199214,1.0,0.5826639188648177,,
2018-01-29,10492.75,-0.005265540492244591,1.0,-0.005265540492244591,0.6577583187727298,-0.00468658459542476,0.609175404753687,1.0,0.5773844665572617,,
2018-01-30,10437.5,-0.0010778443113772518,1.0,-0.0010778443113772518,0.6566798931694404,-0.0009593333397410692,0.6082156109592076,1.0,0.5763060409539724,,
2018-01-31,10426.25,0.0006953602685528804,1.0,0.0006953602685528804,0.6573750117870583,0.000618904123455172,0.6088343236404913,1.0,0.5770011595715903,,
2018-02-01,10433.5,-0.01749173335889198,1.0,-0.01749173335889198,0.6397284903970204,-0.015568484987970472,0.5931433771000545,1.0,0.5593546381815524,,
2018-02-02,10251.0,-0.02789971710077066,1.0,-0.02789971710077066,0.611432182260514,-0.024832091705260562,0.5679977679243289,1.0,0.531058330045046,,
2018-02-05,9965.0,0.01690918213748116,1.0,0.01690918213748116,0.6281999955729868,0.01504998634868909,0.5829356268396311,1.0,0.5478261433575188,,
2018-02-06,10133.5,-0.008930774164898625,0.5,-0.004546800217101703,0.6236428272199458,-0.007948819060090349,0.5749550475008832,1.0,0.5388552507914898,,
2018-02-07,10043.0,-0.020810514786418377,0.5,-0.010405257393209189,0.6131830566572605,-0.018522360271378796,0.5562590002423067,1.0,0.5178251453700355,,
2018-02-08,9834.0,0.009101077893024279,0.5,0.004550538946512139,0.6177232732045609,0.00810039757894376,0.5643267657044175,1.0,0.5268850580304643,,
2018-02-09,9923.5,0.01010228246082523,0.5,0.005051141230412615,0.6227617002173413,0.008991517856384574,0.5732781005553066,1.0,0.5369366535193895,,
2018-02-12,10023.75,0.0035415887267740143,0.5,0.0017707943633870071,0.6245309285728358,0.003152184508822136,0.5764253273462354,1.0,0.5404719855887952,,
2018-02-13,10059.25,0.01143226383676721,0.5,0.005716131918383605,0.6302307854000905,0.010175265325019932,0.5865491731695825,1.0,0.5518393949185159,,
2018-02-14,10174.25,0.014177949234587262,0.5,0.007088974617293631,0.6372947513577659,0.012619057545070042,0.5990892739540827,1.0,0.5659177770323296,,
2018-02-15,10318.5,-0.003803847458448417,0.5,-0.0019019237292242086,0.6353910166750446,-0.0033856074088437355,0.5956979224078818,1.0,0.5621066765473578,,
2018-02-16,10279.25,-0.0001702458836977394,0.5,-8.51229418488697e-05,0.6353058901100325,-0.0001515270345271212,0.5955463838919737,1.0,0.5619364161701845,,
2018-02-19,10277.5,0.0011919241060569519,0.5,0.0005959620530284759,0.6359016746482012,0.001060869850415056,0.5966066914176361,1.0,0.5631276304986489,,
2018-02-20,10289.75,-0.0035958113656794355,0.5,-0.0017979056828397177,0.6341021507931011,-0.003200445268489963,0.5934011137706646,1.0,0.5595253386635863,,
2018-02-21,10252.75,0.003998927117115025,0.5,0.0019994635585575127,0.6360996180849298,0.003559237698941062,0.5969540323727798,1.0,0.5635162913241016,,
2018-02-22,10293.75,0.010346083788706828,0.5,0.005173041894353414,0.64125932576393,0.009208512778231037,0.6061204052965941,1.0,0.5738092207002347,,
2018-02-23,10400.25,0.009711305016706362,0.5,0.004855652508353181,0.6461032276143647,0.008643529103954538,0.6147267929714267,1.0,0.5834736740772083,,
2018-02-26,10501.25,-0.008546601595048164,0.5,-0.004273300797524082,0.6418207701716105,-0.007606886973441745,0.6070908260675778,1.0,0.5748903408458995,,
2018-02-27,10411.5,-0.0032896316573020057,0.5,-0.0016448158286510028,0.6401746001482668,-0.0029279305842278684,0.6041586007093481,1.0,0.5715952864545796,,
2018-02-28,10377.25,-0.010961478233636024,0.5,-0.005480739116818012,0.6346787866765143,-0.009756243467979415,0.5943544532682052,1.0,0.5605732885553851,,
2018-03-01,10263.5,0.0041652457738587945,0.5,0.0020826228869293972,0.6367592439107032,0.003707269312367097,0.5980548675946573,1.0,0.5647298837060605,,
2018-03-02,10306.25,0.007083080654942453,0.5,0.0035415403274712265,0.6402945277516104,0.006304282862224061,0.6043393615918655,1.0,0.5717879971723009,,
2018-03-05,10379.25,0.002745863140400262,0.5,0.001372931570200131,0.6416665177130068,0.00244395041950553,0.6067803304214617,1.0,0.574530097317381,,
2018-03-06,10407.75,0.0012971103264394213,0.5,0.0006485551632197106,0.642314862655215,0.0011544906517025025,0.6079341551613086,1.0,0.5758263671229746,,
2018-03-07,10421.25,0.005133741153892313,0.5,0.0025668705769461564,0.6448784444466041,0.004569276837613623,0.6124930245444974,1.0,0.5809469755552354,,
2018-03-08,10474.75,0.011885725196305374,0.5,0.005942862598152687,0.6508037178890478,0.010578867771029423,0.6230163276246835,1.0,0.5927626202780958,,
2018-03-09,10599.25,0.0035615727527891217,0.5,0.0017807863763945608,0.6525829205452826,0.003169971254288231,0.6261812851129637,1.0,0.5963178656498164,,
2018-03-12,10637.0,-0.008555043715333221,0.5,-0.004277521857666611,0.6482962239181289,-0.007614400867018092,0.6185377466914133,1.0,0.5877260174885667,,
2018-03-13,10546.0,-0.0009956381566470496,0.5,-0.0004978190783235248,0.6477982808867488,-0.0008861659034683612,0.6176511879108206,1.0,0.5867298833550137,,
2018-03-14,10535.5,0.0015186749561006962,0.5,0.0007593374780503481,0.6485573302139563,0.0013516938413448412,0.6190019690364273,1.0,0.5882474062905191,,
2018-03-15,10551.5,-0.002914277590863823,0.5,-0.0014571387954319115,0.6470991287593698,-0.002593847390263226,0.6164047517955086,1.0,0.5853288739243085,,
2018-03-16,10520.75,-0.012332770952641181,0.5,-0.0061663854763205905,0.6409136526073562,-0.01097676002125126,0.6053673026218279,1.0,0.5729194232507983,,
2018-03-19,10391.0,0.00019247425656820916,0.5,9.623712828410458e-05,0.641009885105145,0.00017131135676897588,0.605538599306482,1.0,0.5731118789865731,,
2018-03-20,10393.0,-0.0033676513037621536,0.5,-0.0016838256518810768,0.6393246402254724,-0.0029973718265427192,0.6025367263644112,1.0,0.5697385443819882,,
2018-03-21,10358.0,-0.018150222050588916,0.5,-0.009075111025294458,0.630208099537108,-0.016154571632506505,0.5862502471030033,1.0,0.5514215864407571,,
2018-03-22,10170.0,-0.01442969518190762,0.5,-0.00721484759095381,0.6229670990646474,-0.012843123560782946,0.5733239376185383,1.0,0.5368867707439019,,
2018-03-23,10023.25,0.022747112962362426,0.5,0.011373556481181213,0.6342764629260262,0.020246025903097858,0.5933677376960069,1.0,0.5593790257487723,,
2018-03-26,10251.25,-0.021826606511401003,0.5,-0.010913303255700502,0.6233031727400686,-0.019426730835588855,0.5737498278862012,1.0,0.5373106950423593,,
2018-03-27,10027.5,-0.006357516828720988,0.5,-0.003178758414360494,0.6201193513409958,-0.005658496118018921,0.5680752618292267,1.0,0.5309328831402844,,
2018-03-28,9963.75,0.008229833145151133,0.5,0.0041149165725755665,0.6242258247982568,0.00732494779933596,0.5753735124892623,1.0,0.5391290358719139,,
2018-03-29,10045.75,-0.01575293034367764,0.5,-0.00787646517183882,0.6163181764244171,-0.014020866573947435,0.5612534250319222,1.0,0.5232507094740607,,
2018-04-02,9887.5,0.005967130214917793,0.5,0.0029835651074588965,0.6192972995346329,0.005311033233020732,0.5665504044661093,1.0,0.5292001068751834,,
2018-04-03,9946.5,0.011059166540994259,0.5,0.005529583270497129,0.6248116507849084,0.00984319076562009,0.5763454665980104,1.0,0.5401985679914271,,
2018-04-04,10056.5,0.002461094814299125,0.5,0.0012305474071495626,0.6260414416891422,0.002190492896515032,0.5785335638627324,1.0,0.5426566392716703,,
2018-04-05,10081.25,-0.014829510229386278,0.5,-0.007414755114693139,0.618599060633303,-0.013198978205769969,0.5652467049975937,1.0,0.5277160725454948,,
2018-04-06,9931.75,0.003725426032672896,0.5,0.001862713016336448,0.6204600409510953,0.003315808563590884,0.5685570283898104,1.0,0.5314345763654063,,
2018-04-09,9968.75,0.013141065830720944,0.5,0.006570532915360472,0.6270090820056786,0.011696181385449058,0.5801853381589491,1.0,0.5444900474459069,,
2018-04-10,10099.75,-0.0028713582019357364,0.5,-0.0014356791009678682,0.6255723713300119,-0.002555647067372979,0.5776264198509968,1.0,0.5416145589868161,,
2018-04-11,10070.75,0.007745202690961461,0.5,0.0038726013454807307,0.6294374934580352,0.006893603358167143,0.5844963709627885,1.0,0.5493299215748074,,
2018-04-12,10148.75,-0.0030791969454366797,0.5,-0.0015395984727183398,0.6278967085857126,-0.002740633557375022,0.5817519749934316,1.0,0.5462459741481719,,
2018-04-13,10117.5,0.0060538670620211565,0.5,0.0030269335310105783,0.6309190701770707,0.0053882332036769365,0.587125743604382,1.0,0.5522815901794922,,
2018-04-16,10178.75,0.011985754635883472,0.5,0.005992877317941736,0.6368940616287003,0.010667898789080876,0.5977371418341381,1.0,0.5641960844989364,,
2018-04-17,10300.75,0.002062956580831443,0.5,0.0010314782904157216,0.6379250083109144,0.0018361306967432348,0.5995715889035051,1.0,0.5662569161068235,,
2018-04-18,10322.0,-0.006757411354388676,0.5,-0.003378705677194338,0.6345405819183164,-0.006014421502421382,0.5935390079189482,1.0,0.5594765700705504,,
2018-04-19,10252.25,-0.00987588090419178,0.5,-0.00493794045209589,0.6295904095546857,-0.008790009568819169,0.5847101383284526,1.0,0.549551599182582,,
2018-04-20,10151.0,-0.0013052901192001087,0.5,-0.0006526450596000544,0.6289375514295896,-0.0011617710611500165,0.583547691888162,1.0,0.5482454564301977,,
2018-04-23,10137.75,-0.0134152055436364,0.5,-0.0067076027718182,0.6222073515854906,-0.011940178930893072,0.5715356564617549,1.0,0.5347394540636199,,
2018-04-24,10001.75,0.0046491863923814325,0.5,0.0023245931961907162,0.6245292470947916,0.004137999766573843,0.5756651182526181,1.0,0.539377866369863,,
2018-04-25,10048.25,0.01684372900753872,0.5,0.00842186450376936,0.632915845563206,0.014991729911204206,0.59054558284244,1.0,0.5560813128365835,,
2018-04-26,10217.5,-0.006875458771715248,0.5,-0.003437729385857624,0.6294721936083278,-0.006119489388308355,0.5844072926387757,1.0,0.5491821091977152,,
2018-04-27,10147.25,-0.006775234669491703,0.5,-0.0033876173347458516,0.6260788253062544,-0.00603028511112865,0.5783587519304157,1.0,0.5423838184264654,,
2018-04-30,10078.5,0.011410428139108086,0.5,0.005705214069554043,0.631767826278915,0.010155830502625094,0.5884633585088336,1.0,0.5537296386353447,,
2018-05-01,10193.5,-0.008780104968852731,0.5,-0.0043900524844263655,0.6273681092183776,-0.00781471622027101,0.5806179473744887,1.0,0.5449107614284782,,
2018-05-02,10104.0,0.0036866587490103075,0.5,0.0018433293745051538,0.6292097417462028,0.0032813038143277937,0.5838938794590994,1.0,0.548590641107426,,
2018-05-03,10141.25,0.011167262418340984,0.5,0.005583631209170492,0.6347778422715538,0.009939401301717617,0.5937842098011021,1.0,0.5596960100119387,,
2018-05-04,10254.5,0.0038275878882441106,0.5,0.0019137939441220553,0.6366898072451889,0.0034067375345607693,0.5971851575511394,1.0,0.5635162913241015,,
2018-05-07,10293.75,0.0003400121432908243,0.5,0.00017000607164541215,0.6368597988674397,0.00030262718050523606,0.5974877389492759,1.0,0.563856245676363,,
2018-05-08,10297.25,0.007283498021316337,0.5,0.0036417490106581685,0.640494932765691,0.006482663969213337,0.6039494808243452,1.0,0.5711133471214119,,
2018-05-09,10372.25,0.005350815878907733,0.5,0.0026754079394538666,0.6431667681718942,0.004762483795913865,0.6087006598725491,1.0,0.5764498982477856,,
2018-05-10,10427.75,0.00043154084054575215,0.5,0.00021577042027287607,0.6433825153170779,0.0003840921285435306,0.6090846782565935,1.0,0.5768813460013624,,
2018-05-11,10432.25,0.0011742433319754664,0.5,0.0005871216659877332,0.6439694646945732,0.0010451331100808927,0.6101292655953016,1.0,0.5780549004488625,,
2018-05-14,10444.5,-0.007444109339843963,1.0,-0.007523098281392146,0.636417925175366,-0.006625615776795309,0.6034816029897921,1.0,0.5705829454502669,,
2018-05-15,10366.75,0.004123761063014042,1.0,0.004123761063014042,0.6405332068390788,0.003670345922056639,0.6071452296286318,1.0,0.5746982271139797,,
2018-05-16,10409.5,-0.002881982804169292,1.0,-0.002881982804169292,0.6376470631260996,-0.002565103474978928,0.6045768306389705,1.0,0.5718120834010005,,
2018-05-17,10379.5,-0.0029384845127414794,1.0,-0.0029384845127414794,0.6347042527914235,-0.00261539271639671,0.6019580118079827,1.0,0.5688692730663243,,
2018-05-18,10349.0,0.0038892646632524563,1.0,0.0038892646632524563,0.6385859738180057,0.003461632834307363,0.6054136669823541,1.0,0.5727509940929065,,
2018-05-21,10389.25,-0.0005293933633322423,1.0,-0.0005293933633322423,0.6380564402765319,-0.00047118558582299894,0.6049423703537204,1.0,0.5722214605514326,,
2018-05-22,10383.75,0.004670759600337027,1.0,0.004670759600337027,0.6427163257264616,0.004157200960492586,0.60909095402857,1.0,0.5768813460013624,,
2018-05-23,10432.25,-0.00016774904742500318,1.0,-0.00016774904742500318,0.6425485626075915,-0.00014930473001149963,0.6089416381514978,1.0,0.5767135828824924,,
2018-05-24,10430.5,0.0009587268107953406,1.0,0.0009587268107953406,0.6435068301333672,0.0008533130282279556,0.6097945873151426,1.0,0.577671850408268,,
2018-05-25,10440.5,0.0026100282553518372,1.0,0.0026100282553518372,0.6461134581801141,0.0023230508308067317,0.6121149440349326,1.0,0.5802784784550149,,
2018-05-28,10467.75,-0.004251152348881071,1.0,-0.004251152348881071,0.6418532439917941,-0.0037837303008901343,0.6083240373184139,1.0,0.5760182642666949,,
2018-05-29,10423.25,0.0034538171875375667,1.0,0.0034538171875375667,0.6453011104506322,0.0030740636123428263,0.6113933856581043,1.0,0.579466130725533,,
2018-05-30,10459.25,-9.560914979567237e-05,1.0,-9.560914979567237e-05,0.6452054967299904,-8.509674729004868e-05,0.6113082852898807,1.0,0.5793705170048912,,
2018-05-31,10458.25,0.009824779480314572,1.0,0.009824779480314572,0.6549823268697252,0.008744526840825731,0.6200148001927477,1.0,0.589147347144626,,
2018-06-01,10561.0,0.006012688192406079,1.0,0.006012688192406079,0.6609770109850378,0.005351582026788397,0.6253521133890144,1.0,0.5951420312599386,,
2018-06-04,10624.5,0.003200150595322082,1.0,0.003200150595322082,0.6641720519965,0.0028482881301863474,0.6281963528326264,1.0,0.5983370722714008,,
2018-06-05,10658.5,0.0031899422995731452,1.0,0.0031899422995731452,0.6673569172243146,0.00283920225539857,0.6310315321660952,1.0,0.6015219374992153,,
2018-06-06,10692.5,-0.005237315875613713,1.0,-0.005237315875613713,0.6621058385354119,-0.004661463327492462,0.6263591703365917,1.0,0.5962708588103126,,
2018-06-07,10636.5,-0.0009401588868518385,1.0,-0.0009401588868518385,0.6611652374219966,-0.0008367866817967005,0.6255220333533876,1.0,0.5953302576968974,,
2018-06-08,10626.5,0.0014586176069260048,1.0,0.0014586176069260048,0.6626227922795654,0.0012982399085721824,0.6268194312771831,1.0,0.5967878125544662,,
2018-06-11,10642.0,0.0048158240932154595,1.0,0.0048158240932154595,0.6674270573877698,0.004286315344603487,0.6310965865381795,1.0,0.6015920776626705,,
2018-06-12,10693.25,-0.0008416524442990125,1.0,-0.0008416524442990125,0.6665850505551905,-0.00074911120443628,0.6303471946097404,1.0,0.6007500708300912,,
2018-06-13,10684.25,0.0073940613519900555,1.0,0.0073940613519900555,0.6739519098424016,0.006581070657589865,0.6369067045651365,1.0,0.6081169301173024,,
2018-06-14,10763.25,-0.003228578728543874,1.0,-0.003228578728543874,0.6707181080083865,-0.002873590537684716,0.6340289773394971,1.0,0.6048831282832872,,
2018-06-15,10728.5,-0.00032623386307495394,1.0,-0.00032623386307495394,0.6703918209194685,-0.0002903638476325232,0.6337385713281205,1.0,0.6045568411943693,,
2018-06-18,10725.0,-0.001701631701631734,1.0,-0.001701631701631734,0.668688739798127,-0.001514534154983622,0.6322228891069468,1.0,0.6028537600730278,,
2018-06-19,10706.75,0.005463842902841742,1.0,0.005463842902841742,0.6741377100612514,0.004863083289928966,0.6370741858046738,1.0,0.6083027303361522,,
2018-06-20,10765.25,-0.007942221499732893,1.0,-0.007942221499732893,0.6661637811237592,-0.007068959585235777,0.6299801227510727,1.0,0.60032880139866,,
2018-06-21,10679.75,-0.0008661251433788042,1.0,-0.0008661251433788042,0.6652972806772764,-0.0007708930850779244,0.6292089323751243,1.0,0.5994623009521772,,
2018-06-22,10670.5,-0.01401058994423876,1.0,-0.01401058994423876,0.6511876159315387,-0.012470099717625029,0.6166604284768336,1.0,0.5853526362064395,,
2018-06-25,10521.0,0.002209865982321091,1.0,0.002209865982321091,0.6533950437513775,0.0019668871383580174,0.6186253838253444,1.0,0.5875600640262781,,
2018-06-26,10544.25,-0.008867392180572309,1.0,-0.008867392180572309,0.644488102275769,-0.007892406041937954,0.6107016678978128,1.0,0.5786531225506697,,
2018-06-27,10450.75,0.005525919192402418,1.0,0.005525919192402418,0.6499988095907179,0.004918334176865394,0.6156079465816107,1.0,0.5841638298656184,,
2018-06-28,10508.5,0.0010229813960127565,1.0,0.0010229813960127565,0.6510212680978357,0.0009105027031927343,0.6165180350286523,1.0,0.5851862883727362,,
2018-06-29,10519.25,0.004563062956009167,1.0,0.004563062956009167,0.6555739518440893,0.004061345761006554,0.6205711557871622,1.0,0.5897389721189898,,
2018-07-02,10567.25,-0.008777117982445737,1.0,-0.008777117982445737,0.6467580880774506,-0.007812057658533164,0.6127284241505074,1.0,0.5809231083523513,,
2018-07-03,10474.5,0.0018616640412429941,1.0,0.0018616640412429941,0.648618021369908,0.0016569706434498238,0.6143840235326514,1.0,0.5827830416448087,,
2018-07-04,10494.0,0.00793310463121788,1.0,0.00793310463121788,0.6565198243637103,0.00706084513324288,0.6214200576217273,1.0,0.5906848446386108,,
2018-07-05,10577.25,0.009950601526862002,1.0,0.009950601526862002,0.666421244641431,0.008856514521099486,0.6302375832527738,1.0,0.6005862649163317,,
2018-07-06,10682.5,0.0067399953194478,1.0,0.0067399953194478,0.6731386277397388,0.005998920392670634,0.636218581761426,1.0,0.6073036480146395,,
2018-07-09,10754.5,-0.0027895299642010096,1.0,-0.0027895299642010096,0.6703451997861006,-0.002482815995424494,0.6337326784671793,1.0,0.6045102200610014,,
2018-07-10,10724.5,-0.0016783999254044168,1.0,-0.0016783999254044168,0.6686653897695226,-0.0014938567554361945,0.6322377047952594,1.0,0.6028304100444234,,
2018-07-11,10706.5,0.01200205482650718,1.0,0.01200205482650718,0.6805959910937105,0.010682406743656872,0.6428634577408078,1.0,0.6147610113686113,,
2018-07-12,10835.0,0.0013151822796493295,1.0,0.0013151822796493295,0.6819103092786905,0.0011705755602978382,0.6440333487117248,1.0,0.6160753295535912,,
2018-07-13,10849.25,-0.0070281355854091565,1.0,-0.0070281355854091565,0.6748573600174436,-0.006255379104509433,0.637758322748124,1.0,0.6090223802923443,,
2018-07-16,10773.0,0.009607351712614953,1.0,0.009607351712614953,0.6844188546030082,0.008551005657536102,0.6462729756448886,1.0,0.6185838748779091,,
2018-07-17,10876.5,-0.002459430883096636,1.0,-0.002459430883096636,0.6819563943517435,-0.0021890119176197187,0.6440815643385146,1.0,0.6161214146266444,,
2018-07-18,10849.75,-0.0029493767137491744,1.0,-0.0029493767137491744,0.6790026596554971,-0.00262508729979762,0.6414530254552561,1.0,0.6131676799303979,,
2018-07-19,10817.75,-2.311016616207695e-05,1.0,-2.311016616207695e-05,0.678979549222291,-2.0569160733341363e-05,0.6414324560829746,1.0,0.6131445694971918,,
2018-07-20,10817.5,0.005015021955165233,1.0,0.005015021955165233,0.6839820378406913,0.004463611033931175,0.6458861347503542,1.0,0.6181470581155921,,
2018-07-23,10871.75,-0.0007818428495872665,1.0,-0.0007818428495872665,0.683199889192582,-0.0006958777850660341,0.6451900147299583,1.0,0.6173649094674829,,
2018-07-24,10863.25,0.006650864152072389,1.0,0.006650864152072389,0.6898287339258581,0.005919589361675986,0.651092152160837,1.0,0.623993754200759,,
2018-07-25,10935.5,-0.005303826985505911,1.0,-0.005303826985505911,0.6845107917180863,-0.004720661418078696,0.6463603132299375,1.0,0.6186758119929872,,
2018-07-26,10877.5,-0.011606527235118347,1.0,-0.011606527235118347,0.6728363829889404,-0.010330368141048351,0.6359762164914898,1.0,0.6070014032638412,,
2018-07-27,10751.25,-0.00853389140797578,1.0,-0.00853389140797578,0.6642658694278479,-0.007595574294899791,0.6283516489151001,1.0,0.5984308897027487,,
2018-07-30,10659.5,0.007927201088231195,1.0,0.007927201088231195,0.6721618153263247,0.0070555906957049715,0.6353824653936699,1.0,0.6063268356012255,,
2018-07-31,10744.0,-0.0006049888309754836,1.0,-0.0006049888309754836,0.6715566434157619,-0.0005384691922566704,0.6348438511748139,1.0,0.6057216636906627,,
2018-08-01,10737.5,0.009941792782305114,1.0,0.009941792782305114,0.6814493416995966,0.00884867431426675,0.6436536053961658,1.0,0.6156143619744974,,
2018-08-02,10844.25,0.0012218456785855203,1.0,0.0012218456785855203,0.6826704415322282,0.0010875014908116709,0.6447405159855965,1.0,0.616835461807129,,
2018-08-03,10857.5,0.003361731521989375,1.0,0.003361731521989375,0.6860265350668711,0.0029921029357032236,0.6477281514904343,1.0,0.6201915553417717,,
2018-08-06,10894.0,0.0034881586194235314,1.0,0.0034881586194235314,0.68950862417121,0.0031046291404018427,0.6508279712215035,1.0,0.6236736444461105,,
2018-08-07,10932.0,-0.0016236736187339451,1.0,-0.0016236736187339451,0.6878836309658872,-0.0014451477072038082,0.6493817782812197,1.0,0.6220486512407878,,
2018-08-08,10914.25,0.0006184575211305443,1.0,0.0006184575211305443,0.6885018973209797,0.000550456975067234,0.64993208381042,1.0,0.6226669175958803,,
2018-08-09,10921.0,-0.0034108598113725686,1.0,-0.0034108598113725686,0.6850852072660767,-0.003035829478982487,0.6468916368535064,1.0,0.6192502275409772,,
2018-08-10,10883.75,-0.0012633513265188911,1.0,-0.0012633513265188911,0.6838210572385065,-0.0011244435161392057,0.6457665606764512,1.0,0.6179860775134071,,
2018-08-13,10870.0,0.004001839926403017,1.0,0.004001839926403017,0.6878149111023837,0.003561830239471064,0.6493220626210179,1.0,0.6219799313772842,,
2018-08-14,10913.5,-0.007513629907912267,1.0,-0.007513629907912267,0.6802729116825974,-0.006687492430076007,0.6426121087168079,1.0,0.614437931957498,,
2018-08-15,10831.5,0.00011540414531685528,1.0,0.00011540414531685528,0.6803883091693682,0.00010271524651395867,0.642714818688472,1.0,0.6145533294442688,,
2018-08-16,10832.75,0.0008538921326533,1.0,0.0008538921326533,0.6812418369435349,0.0007600051164626884,0.6434745351472911,1.0,0.6154068572184354,,
2018-08-17,10842.0,-0.0009453975281313864,1.0,-0.0009453975281313864,0.6802959922453026,-0.0008414493247975181,0.6426327316052927,1.0,0.614461012520203,,
2018-08-20,10831.75,-0.0003000438525631033,1.0,-0.0003000438525631033,0.6799959033705768,-0.0002670534771207717,0.6423656424630423,1.0,0.6141609236454771,,
2018-08-21,10828.5,0.005286974188484006,1.0,0.005286974188484006,0.6852689505771887,0.004705661617198043,0.6470602670653738,1.0,0.6194339708520891,,
2018-08-22,10885.75,-0.0008038031371288001,1.0,-0.0008038031371288001,0.6844648242171016,-0.0007154234984557298,0.6463445875294028,1.0,0.618629844492002,,
2018-08-23,10877.0,0.0065275351659463965,1.0,0.0065275351659463965,0.6909711472838209,0.005809820625228374,0.6521375962315255,1.0,0.6251361675587213,,
2018-08-24,10948.0,0.006553708439897665,1.0,0.006553708439897665,0.6975034735474166,0.005833116099395273,0.6579537655788528,1.0,0.6316684938223169,,
2018-08-27,11019.75,0.0011343270037886821,1.0,0.0011343270037886821,0.698637157688428,0.001009605655860071,0.6589628619256946,1.0,0.6328021779633283,,
2018-08-28,11032.25,0.008316526547168523,1.0,0.008316526547168523,0.7069192924771067,0.007402109101773589,0.6663377098619826,1.0,0.641084312752007,,
2018-08-29,11124.0,-0.0026968716289104133,1.0,-0.0026968716289104133,0.7042187777384311,-0.0024003456151377596,0.6639344787990026,1.0,0.6383837980133314,,
2018-08-30,11094.0,0.00283937263385603,1.0,0.00283937263385603,0.7070541269679737,0.0025271783715460168,0.6664584692251626,1.0,0.6412191472428739,,
2018-08-31,11125.5,0.0006516561053435677,1.0,0.0006516561053435677,0.7077055708376755,0.0005800053136645397,0.667038306400756,1.0,0.6418705911125757,,
2018-09-03,11132.75,-0.0035256338281197674,1.0,-0.0035256338281197674,0.7041737073158881,-0.0031379838807261812,0.6638953887244611,1.0,0.6383387275907884,,
2018-09-04,11093.5,-0.009555144904673907,1.0,-0.009555144904673907,0.6945726191166836,-0.008504539084497081,0.65535447969422,1.0,0.6287376393915838,,
2018-09-05,10987.5,-0.0073265073947668125,1.0,-0.0073265073947668125,0.687219141051994,-0.006520944382661633,0.6488121810698998,1.0,0.6213841613268942,,
2018-09-06,10907.0,-0.001971211148803498,1.0,-0.001971211148803498,0.6852459845095524,-0.0017544728443202881,0.6470561673355352,1.0,0.6194110047844527,,
2018-09-07,10885.5,0.002434431123972347,1.0,0.002434431123972347,0.6876774572064945,0.0021667609281583733,0.6492205842226074,1.0,0.6218424774813949,,
2018-09-10,10912.0,0.0049486803519060985,1.0,0.0049486803519060985,0.692613933087245,0.004404563812410805,0.6536154763331817,1.0,0.6267789533621453,,
2018-09-11,10966.0,-0.002963706000364774,1.0,-0.002963706000364774,0.6896458266136285,-0.0026378410548993053,0.6509741500452239,1.0,0.6238108468885288,,
2018-09-12,10933.5,0.007637078703068623,1.0,0.007637078703068623,0.6972538904633162,0.006797367802329938,0.6577485199012133,1.0,0.6314189107382164,,
2018-09-13,11017.0,-0.0017926840337659788,1.0,-0.0017926840337659788,0.6954595976485496,-0.0015955751151255782,0.6561516705004544,1.0,0.6296246179234499,,
2018-09-14,10997.25,-0.009934301757257513,1.0,-0.009934301757257513,0.6854756214545533,-0.008842006941250868,0.6472703410509653,1.0,0.6196406417294535,,
2018-09-17,10888.0,0.0059239529757530995,1.0,0.0059239529757530995,0.6913820968113048,0.0052726034110033605,0.652529092956268,1.0,0.6255471170862051,,
2018-09-18,10952.5,-2.2825838849604985e-05,1.0,-2.2825838849604985e-05,0.6913592707119418,-2.031609573371744e-05,0.6525087766541596,1.0,0.6255242909868421,,
2018-09-19,10952.25,0.007692483279691409,1.0,0.007692483279691409,0.6990223177045177,0.006846680543481358,0.6593321251180633,1.0,0.6331873379794181,,
2018-09-20,11036.5,-0.0059575046436822765,1.0,-0.0059575046436822765,0.6930469963326426,-0.005302466011110469,0.6540155511406127,1.0,0.6272120166075429,,
2018-09-21,10970.75,0.003965088986623622,1.0,0.003965088986623622,0.6970042450719489,0.0035291201333592266,0.6575384585422079,1.0,0.6311692653468493,,
2018-09-24,11014.25,0.0006809360601038872,1.0,0.0006809360601038872,0.6976849494002842,0.0006060658833508916,0.6581443408418035,1.0,0.6318499696751846,,
2018-09-25,11021.75,-0.0007485199718737512,1.0,-0.0007485199718737512,0.6969361491474637,-0.0006662188192680498,0.657477900000162,1.0,0.6311011694223639,,
2018-09-26,11013.5,0.006787124892177809,1.0,0.006787124892177809,0.7037003451963054,0.0060408679818821755,0.6635005950890309,1.0,0.6378653654712056,,
2018-09-27,11088.25,0.0002931030595449968,1.0,0.0002931030595449968,0.7039934053095402,0.0002608758371070638,0.6637614369039537,1.0,0.6381584255844405,,
2018-09-28,11091.5,0.0005860343506287613,1.0,0.0005860343506287613,0.704579268009098,0.0005215987920122763,0.6642828997106006,1.0,0.6387442882839981,,
2018-10-01,11098.0,-0.0014867543701567731,1.0,-0.0014867543701567731,0.7030914073229799,-0.0013232829827478823,0.6629587404157686,1.0,0.63725642759788,,
2018-10-02,11081.5,-0.0006091233136308327,1.0,-0.0006091233136308327,0.7024820984183745,-0.0005421490809121938,0.6624164443189047,1.0,0.6366471186932746,,
2018-10-03,11074.75,-0.01155782297568797,1.0,-0.01155782297568797,0.6908569646600088,-0.010287019004845873,0.6520761482442882,1.0,0.6250219849349089,,
2018-10-04,10946.75,-0.00778769954552716,1.0,-0.00778769954552716,0.6830387826202367,-0.006931427605128106,0.6451205867084522,1.0,0.6172038028951367,,
2018-10-05,10861.5,-0.004258159554389351,1.0,-0.004258159554389351,0.6787715312857726,-0.0037899670512181304,0.6413234195341994,1.0,0.6129365515606726,,
2018-10-08,10815.25,0.0002542705901389386,1.0,0.0002542705901389386,0.6790257695546238,0.00022631306939332498,0.6415497069986531,1.0,0.6131907898295238,,
2018-10-09,10818.0,-0.03618968386023291,1.0,-0.03618968386023291,0.6421649983319019,-0.03221056131701308,0.608808969610039,1.0,0.5763300186068019,,
2018-10-10,10426.5,0.0038124010933677788,1.0,0.0038124010933677788,0.6459701506418931,0.0033932205558144996,0.6121964461830495,1.0,0.5801351709167931,,
2018-10-11,10466.25,0.013543532783948375,0.5,0.006692941597993536,0.6526407939450977,0.012054396354252607,0.6241787669419662,1.0,0.5935878098237952,,
2018-10-12,10608.0,-0.010840874811463008,0.5,-0.005420437405731504,0.6472056126655653,-0.00964890061469701,0.6144830140602323,1.0,0.5826877445560625,,
2018-10-15,10493.0,0.025802916229867634,0.5,0.012901458114933817,0.6600245559199495,0.022965837960612523,0.6371891064942345,1.0,0.6081633834085265,,
2018-10-16,10763.75,-0.0023922889327604446,0.5,-0.0011961444663802223,0.6588276955017989,-0.002129252348660781,0.635057584064836,1.0,0.6057682283806662,,
2018-10-17,10738.0,-0.014783944868690613,0.5,-0.007391972434345306,0.6514082670528065,-0.013158422840592206,0.6218118221695388,1.0,0.5908739118289266,,
2018-10-18,10579.25,-0.004868019944703095,0.5,-0.0024340099723515474,0.6489712900627039,-0.004332772165871374,0.617469636345014,1.0,0.5859940044806966,,
2018-10-19,10527.75,0.00517679466172738,0.5,0.00258839733086369,0.6515563432625799,0.004607596532789458,0.6220666503989766,1.0,0.5911574456067872,,
2018-10-22,10582.25,-0.0016300881192563565,0.5,-0.0008150440596281783,0.6507409668739548,-0.0014508569215532098,0.6206147399653998,1.0,0.5895260274483086,,
2018-10-23,10565.0,-0.025130146710837686,0.5,-0.012565073355418843,0.6380962854270088,-0.02236704069206982,0.5979937633452941,1.0,0.5640747267482753,,
2018-10-24,10299.5,0.0013350162629253148,0.5,0.0006675081314626574,0.6387635708740089,0.0011882287605009423,0.5991812867207187,1.0,0.5654088526693153,,
2018-10-25,10313.25,-0.002084696870530589,0.5,-0.0010423484352652945,0.6377206788158175,-0.0018554806014594086,0.5973240825828058,1.0,0.5633219797935302,,
2018-10-26,10291.75,-0.014234702553015732,0.5,-0.007117351276507866,0.6305778783690296,-0.012669570731375961,0.5845735684345298,1.0,0.5489849920355645,,
2018-10-29,10145.25,0.012000689978068468,0.5,0.006000344989034234,0.6365602929779638,0.01068119196282338,0.5951981194381472,1.0,0.5609142446971163,,
2018-10-30,10267.0,0.01122528489334762,0.5,0.00561264244667381,0.6421572432360686,0.009991044098493187,0.6051395830227865,1.0,0.5720769936341056,,
2018-10-31,10382.25,0.0067422764814948355,0.5,0.0033711382407474177,0.645522711928611,0.006000950736739785,0.6111225997662291,1.0,0.5787966426198056,,
2018-11-01,10452.25,-0.00509459685713598,0.5,-0.00254729842856799,0.6429721636152769,-0.004534436528542377,0.6065778514966066,1.0,0.5736890240583844,,
2018-11-02,10399.0,-0.0025723627271853067,0.5,-0.0012861813635926533,0.6416851544105221,-0.0022895266969891696,0.6042856998259725,1.0,0.5711133471214125,,
2018-11-05,10372.25,0.006218515751162945,0.5,0.0031092578755814726,0.6447895885400955,0.005534778465521434,0.6098052176886382,1.0,0.5773126076880507,,
2018-11-06,10436.75,0.01973794524157424,0.5,0.00986897262078712,0.6546101808991605,0.017567721727853796,0.6272204107891253,1.0,0.5968582855457215,,
2018-11-07,10642.75,-0.006553757252589776,0.5,-0.003276878626294888,0.6513279215482299,-0.005833159545041783,0.6213701719189393,1.0,0.5902829581306782,,
2018-11-08,10573.0,-0.011420599640593943,0.5,-0.005710299820296971,0.6456012556326352,-0.010164883628746936,0.6111532730746466,1.0,0.5787966426198057,,
2018-11-09,10452.25,-0.01796263962304767,0.5,-0.008981319811523836,0.6365793606398394,-0.01598761423913312,0.5950364782208979,1.0,0.5606707164588138,,
2018-11-12,10264.5,0.0014126357835257952,0.5,0.0007063178917628976,0.6372854292065152,0.001257313871532991,0.5962930023352575,1.0,0.5620823554110738,,
2018-11-13,10279.0,-0.007150501021500166,0.5,-0.003575250510750083,0.6337037722132464,-0.006364290235027034,0.5899083736660785,1.0,0.5549061670322489,,
2018-11-14,10205.5,0.010386556268678682,0.5,0.005193278134339341,0.6388836117854095,0.009244535234321555,0.5991104397224427,1.0,0.5652391536422534,,
2018-11-15,10311.5,0.000872811909033544,0.5,0.000436405954516772,0.6393199225425432,0.0007768446285057787,0.5998869827633411,1.0,0.5661115848724639,,
2018-11-16,10320.5,-0.02158325662516347,0.5,-0.010791628312581736,0.6284696422606326,-0.019210137718544375,0.580489932736665,1.0,0.5442920031328452,,
2018-11-19,10097.75,-0.015003342328736569,0.5,-0.007501671164368284,0.6209396920456091,-0.013353697144918823,0.5670462731933088,1.0,0.5291749720898963,,
2018-11-20,9946.25,0.005655397762976078,0.5,0.002827698881488039,0.6237634005073154,0.005033576339599093,0.5720672234394033,0.5,0.5319159651814105,,
2018-11-21,10002.5,-0.005823544113971457,0.5,-0.0029117720569857286,0.6208473809949888,-0.005183234688920021,0.5668705091909079,0.5,0.5289999456690838,,
2018-11-22,9944.25,0.0009553259421273275,0.5,0.00047766297106366373,0.6213249299214106,0.0008502860913476775,0.5677204339938214,0.5,0.5294774945955056,,
2018-11-23,9953.75,0.010975762903428388,0.5,0.005487881451714194,0.6267978078185001,0.009768957511959938,0.5774419837399342,0.5,0.5349503724925952,,
2018-11-26,10063.0,0.007726324157805831,0.5,0.0038631620789029153,0.63065352704924,0.0068768005545799885,0.5842952469477275,0.5,0.5388060917233352,,
2018-11-27,10140.75,0.019574489066390477,0.5,0.009787244533195238,0.6403931867357617,0.017422237860856372,0.6015674576550487,0.5,0.5485457514098568,,
2018-11-28,10339.25,-0.0008704693280460196,0.5,-0.0004352346640230098,0.6399578573296413,-0.000774759618622019,0.6007923977550861,0.5,0.5481104220037364,,
2018-11-29,10330.25,0.005735582391519944,0.5,0.002867791195759972,0.6428215442571472,0.005104944520221202,0.6058843562226653,0.5,0.5509741089312423,,
2018-11-30,10389.5,0.008518215506039706,0.5,0.004259107753019853,0.6470716076821588,0.007581621987317844,0.6134373821593505,0.5,0.5552241723562539,,
2018-12-03,10478.0,-0.024098110326398192,0.5,-0.012049055163199096,0.6349493742403413,-0.021448478613142533,0.5917555420629265,0.5,0.5431019389144363,,
2018-12-04,10225.5,0.004498557527749192,0.5,0.002249278763874596,0.6371961271635744,0.004003932823654778,0.5957514804798265,0.5,0.5453486918376695,,
2018-12-05,10271.5,-0.0005841405831670254,0.5,-0.0002920702915835127,0.6369040142111565,-0.0005199132477786767,0.595231432030291,0.5,0.5450565788852515,,
2018-12-06,10265.5,-0.02052993034922801,0.5,-0.010264965174614005,0.6265860009447335,-0.01827262661099026,0.5767897990178752,0.5,0.5347385656188285,,
2018-12-07,10054.75,0.006315423058753433,0.5,0.0031577115293767166,0.6297387373735956,0.00562103063576048,0.5823950906131394,0.5,0.5378913020476905,,
2018-12-10,10118.25,-0.0013095149852988541,0.5,-0.0006547574926494271,0.6290837654336467,-0.0011655313954224953,0.581228879457761,0.5,0.5372363301077416,,
2018-12-11,10105.0,0.00826323602177137,0.5,0.004131618010885685,0.6332068717475047,0.007354677968013201,0.5885566436625798,0.5,0.5413594364215996,,
2018-12-12,10188.5,-0.0019629974971782094,0.5,-0.0009814987485891047,0.6322248910136143,-0.0017471622988528364,0.5868079532955629,0.5,0.5403774556877092,,
2018-12-13,10168.5,-0.016103653439543675,0.5,-0.008051826719771837,0.6241404732743601,-0.014333027018020814,0.572371216267423,0.5,0.5322930379484551,,
2018-12-14,10004.75,-0.011394587570903836,0.5,-0.005697293785451918,0.618426888002947,-0.010141731634135115,0.5621777068982798,0.5,0.526579452677042,,
2018-12-17,9890.75,-0.003184793873063252,0.5,-0.001592396936531626,0.6168332218548422,-0.0028346199078869553,0.5593390618470814,0.5,0.5249857865289371,,
2018-12-18,9859.25,-0.011435961153231755,0.5,-0.0057179805766158776,0.6110988310417814,-0.010178556114714299,0.5491083500149785,0.5,0.5192513957158763,,
2018-12-19,9746.5,-0.0026932745087980825,0.5,-0.0013466372543990413,0.6097512862566002,-0.002397144005021728,0.5467083282604265,0.5,0.5179038509306951,,
2018-12-20,9720.25,-0.024896479000025673,0.5,-0.012448239500012837,0.5972249183722751,-0.022159065177390427,0.5243000627545809,0.5,0.50537748304637,0.5,-0.012612315792132553
2018-12-21,9478.25,-0.01970300424656446,0.5,-0.00985150212328223,0.5873245691254907,-0.017536622559743167,0.5066078519511673,0.5,0.4954771337995856,0.5,-0.02251266503891699
2018-12-24,9291.5,0.04119356401011687,0.5,0.020596782005058434,0.6077121057259831,0.03666425560772039,0.5426159636911617,0.5,0.5158646704000779,0.5,-0.002125128438424599
2018-12-26,9674.25,0.003307749954776895,0.5,0.0016538749773884476,0.6093646145582325,0.0029440567414507034,0.5455556951846681,0.5,0.5175171792323273,0.5,-0.0004726196061751451
2018-12-27,9706.25,-0.0012878300064391723,0.5,-0.0006439150032195862,0.6087204921527095,-0.0011462307200168877,0.5444088070397977,0.5,0.5168730568268043,0.5,-0.0011167420116981659
2018-12-28,9693.75,0.00577691811734371,0.5,0.002888459058671855,0.6116047876291455,0.0051417353066887436,0.5495373687629284,0.5,0.5197573523032405,0.5,0.001767553464737863
2018-12-31,9749.75,-0.00933357265570911,0.5,-0.004666786327854555,0.6069270778558022,-0.008307329113307707,0.5411953414914846,0.5,0.5150796425298972,1.0,-0.0076952683523787615
2019-01-02,9658.75,-0.009214442862689243,0.5,-0.004607221431344621,0.6023092104683624,-0.008201297860932882,0.5329602279721426,0.5,0.5104617751424574,0.5,-0.012398949547312946
2019-01-03,9569.75,0.027116695838449223,0.5,0.013558347919224611,0.6157764664357279,0.02413516507611572,0.5568087430232463,0.5,0.523929031109823,0.5,0.0010683064200525515
2019-01-04,9829.25,0.007452247119566602,0.5,0.003726123559783301,0.6194956651935676,0.006632858792615859,0.5634197011971153,0.5,0.5276482298676625,1.0,0.00840960696999036
2019-01-07,9902.5,0.0047210300429183505,0.5,0.0023605150214591752,0.621853398575984,0.004201944075117536,0.5676128417578615,0.5,0.5300059632500789,1.0,0.013119527901154773
2019-01-08,9949.25,0.005201397090232929,0.5,0.0026006985451164644,0.6244507211566164,0.004629493878867029,0.5722316524889639,0.5,0.5326032858307114,1.0,0.018307444450434588
2019-01-09,10001.0,0.002424757524247534,0.5,0.001212378762123767,0.625662365581079,0.0021581509585798676,0.5743874779849623,0.5,0.5338149302551739,1.0,0.020729266993610617
2019-01-10,10025.25,-0.0012219146654697255,0.5,-0.0006109573327348627,0.625051221537861,-0.0010875628924606143,0.5732993232668417,0.5,0.533203786211956,1.0,0.019506605181721252
2019-01-11,10013.0,-0.006940976730250625,0.5,-0.0034704883651253127,0.6215746970584334,-0.0061778035263627155,0.5671023581538329,0.5,0.5297272617325284,1.0,0.012541427823474446
2019-01-14,9943.5,0.013325287876502223,0.5,0.0066626439382511116,0.6282152436812876,0.01186014787723994,0.5788927256722703,0.5,0.5363678083553826,1.0,0.025778714946419312
2019-01-15,10076.0,-0.0006947201270345316,0.5,-0.0003473600635172658,0.6278678232742891,-0.0006183343666784073,0.5782742000580567,0.5,0.536020387948384,1.0,0.0250837533895334
2019-01-16,10069.0,0.005884397656172435,0.5,0.0029421988280862177,0.6308057023064615,0.005237397271826028,0.5834979298653158,0.5,0.5389582669805564,1.0,0.030950905597463756
2019-01-17,10128.25,0.007380347049095404,0.5,0.003690173524547702,0.6344890838446325,0.006568864267613806,0.5900453131631148,0.5,0.5426416485187276,1.0,0.03830415114922373
2019-01-18,10203.0,-0.0043124571204548046,0.5,-0.0021562285602274023,0.6323305272765231,-0.0038382944996664353,0.586199633507456,0.5,0.540483091950618,1.0,0.033982368565463494
2019-01-21,10159.0,-0.01058175017226104,0.5,-0.00529087508613052,0.6270256059442753,-0.00941826720789526,0.5767367339603708,0.5,0.5351781706183703,1.0,0.023344233555253658
2019-01-22,10051.5,0.0016664179475700536,0.5,0.0008332089737850268,0.6278584679921577,0.001483192218182335,0.5782188273353713,0.5,0.5360110326662527,1.0,0.025009264569029518
2019-01-23,10068.25,0.0014153403024359523,0.5,0.0007076701512179762,0.6285658878629246,0.0012597210235966863,0.5794777555761597,0.5,0.5367184525370196,1.0,0.026423604221441882
2019-01-24,10082.5,0.010934787999008266,0.5,0.005467393999504133,0.6340183899192772,0.009732487873916668,0.5891631878556268,0.5,0.5421709545933721,1.0,0.037299039705622074
2019-01-25,10192.75,-0.009467513673934946,0.5,-0.004733756836967473,0.6292733933706781,-0.008426543069336963,0.5807009407563942,0.5,0.5374259580447731,1.0,0.02778642423042478
2019-01-28,10096.25,-0.0017333168255539988,0.5,-0.0008666584127769994,0.6284063591923763,-0.0015427354410428448,0.5791570140736927,0.5,0.5365589238664713,1.0,0.02605160347315055
2019-01-29,10078.75,0.01562693786431857,0.5,0.007813468932159284,0.6361894610550264,0.01390872720026428,0.5929699025682913,0.5,0.5443420257291215,1.0,0.041557698058316835
2019-01-30,10236.25,0.009158627427036325,0.5,0.004579313713518163,0.6407583216115429,0.0081516194354601,0.6010884770127071,0.5,0.5489108862856381,1.0,0.05067463958760312
2019-01-31,10330.0,-0.0050580832526621045,0.5,-0.0025290416263310522,0.6382260765572296,-0.004501937662281119,0.5965763751117503,0.5,0.546378641231325,1.0,0.0456037209318611
2019-02-01,10277.75,0.006324341417139001,1.0,0.006244070929921468,0.6444507340469501,0.0056289684041790945,0.6021895600752407,0.5,0.549535822793022,1.0,0.05190814762273529
2019-02-04,10342.75,0.006502139179618505,1.0,0.006502139179618505,0.6509318255071482,0.00578721697447586,0.6079600954386867,0.5,0.5527816190822459,1.0,0.058389239082933475
2019-02-05,10410.0,-0.0022814601344860463,1.0,-0.0022814601344860463,0.6486477588773247,-0.0020306093813362964,0.6059274215748756,0.5,0.5516402378872386,1.0,0.05610517245311003
2019-02-06,10386.25,-0.008111686123480566,1.0,-0.008111686123480566,0.6405029940236642,-0.007219791260786475,0.5986814414931516,0.5,0.5475761475868036,1.0,0.04796040759944946
2019-02-07,10302.0,0.0018928363424577377,1.0,0.0018928363424577377,0.6423940412087779,0.0016847154926048404,0.6003647394444901,0.5,0.5485221181867259,1.0,0.049851454784563126
2019-02-08,10321.5,-0.0013321707116213943,1.0,-0.0013321707116213943,0.6410609823689074,-0.0011856960828155107,0.5991783398679327,0.5,0.547855810897508,1.0,0.04851839594469269
2019-02-11,10307.75,0.010695835657636321,1.0,0.010695835657636321,0.6517000222032705,0.009519808783562343,0.6086531208172091,0.5,0.5531894793940367,1.0,0.059157435779055786
2019-02-12,10418.0,-0.00035995392589749375,1.0,-0.00035995392589749375,0.6513400034784084,-0.0003203763273036281,0.6083326931584461,0.5,0.5530094862332909,1.0,0.05879741705419368
2019-02-13,10414.25,4.801113858410311e-05,1.0,4.801113858410311e-05,0.6513880134644946,4.273222527268888e-05,0.6083754244707232,0.5,0.5530334915144538,1.0,0.05884542704027996
2019-02-14,10414.75,0.004536834777599141,1.0,0.004536834777599141,0.6559145878286899,0.004038001419227486,0.6124052950431177,0.5,0.5552993399287991,1.0,0.06337200140447533
2019-02-15,10462.0,0.001553240298222125,1.0,0.001553240298222125,0.6574666230968396,0.001382458660295615,0.6137867989872421,0.5,0.5560756586645278,1.0,0.0649240366726249
2019-02-18,10478.25,-0.0011690883496766613,1.0,-0.0011690883496766613,0.6562968508302868,-0.0010405449276014586,0.6127457123169298,0.5,0.555490943577136,1.5,0.06308998878851668
2019-02-19,10466.0,0.000286642461303277,1.0,0.000286642461303277,0.6565834522174886,0.0002551255935676839,0.6130008053714975,0.5,0.5556342545382813,1.0,0.06329778298225264
2019-02-20,10469.0,-0.003247683637405685,1.0,-0.003247683637405685,0.6533304834094348,-0.0028905948265512877,0.6101060247074009,0.5,0.5540090928594295,1.0,0.0600448141741988
2019-02-21,10435.0,0.006037374221370406,1.0,0.006037374221370406,0.6593497057103788,0.0053735537812999844,0.615465192461629,0.5,0.5570232328827031,1.0,0.06606403647514278
2019-02-22,10498.0,0.0019527529053153803,1.0,0.0019527529053153803,0.6613005544722177,0.0017380441187758882,0.6172017279295404,0.5,0.5579991329899084,1.0,0.06801488523698172
2019-02-25,10518.5,-0.0009269382516517988,1.0,-0.0009269382516517988,0.6603731863476404,-0.0008250196798409669,0.6163763677336622,0.5,0.5575355564290708,1.0,0.06708751711240443
2019-02-26,10508.75,0.0011894849530154072,1.0,0.0011894849530154072,0.6615619644239197,0.0010586988867528784,0.6174345065939801,0.5,0.5581301221163646,1.0,0.06827629518868375
2019-02-27,10521.25,-0.0012831175002969708,1.0,-0.0012831175002969708,0.6602780230235138,-0.0011420363626238688,0.6162918176109047,0.5,0.5574883574793374,1.0,0.06699235378827782
2019-02-28,10507.75,0.0046156408365254364,1.0,0.0046156408365254364,0.6648830444542442,0.004108142606506187,0.6203915448394154,0.5,0.5597935189701576,1.0,0.07159737521900816
2019-03-01,10556.25,-0.0013735938425103456,1.0,-0.0013735938425103456,0.6635085063669401,-0.0012225646639999785,0.6191682322335695,0.5,0.5591064860958561,1.0,0.07022283713170412
2019-03-04,10541.75,0.0013754831977612625,1.0,0.0013754831977612625,0.6648830444542442,0.001224246281153483,0.6203917297363084,0.5,0.5597939913088588,1.0,0.07159737521900815
2019-03-05,10556.25,-0.004618117229129637,1.0,-0.004618117229129637,0.6602542307774057,-0.004110346715172366,0.616272912326447,0.5,0.5574822627075554,1.0,0.06696856154216974
2019-03-06,10507.5,-0.007899119676421651,1.0,-0.007899119676421651,0.652323747784245,-0.007030596886959559,0.609217484339781,0.5,0.5535248827604367,1.0,0.059038078549008895
2019-03-07,10424.5,0.00019185572449509358,1.0,0.00019185572449509358,0.6525155851067842,0.00017076083343905198,0.6093882305952484,0.5,0.5536208060219009,1.0,0.05922991587154812
2019-03-08,10426.5,0.013643120893876093,1.0,0.013643120893876093,0.6660664765450243,0.012143034567663392,0.6214581299787729,0.5,0.5604192048977511,1.0,0.07278080730978818
2019-03-11,10568.75,0.0037137788290952933,1.0,0.0037137788290952933,0.6697733763237776,0.0033054419915462922,0.6247581210055352,0.5,0.5622743724243906,1.0,0.07648770708854158
2019-03-12,10608.0,0.005726809954751166,1.0,0.005726809954751166,0.6754838504408847,0.005097136629068253,0.629842311208196,0.5,0.565133685666736,1.0,0.08219818120564862
2019-03-13,10668.75,-0.002811950790861162,1.0,-0.002811950790861162,0.6726679386893047,-0.002502771610806604,0.6273364024290177,0.5,0.5637267209604927,1.0,0.07938226945406866
2019-03-14,10638.75,0.00712019739161085,1.0,0.00712019739161085,0.6797629071612707,0.006337318545181727,0.633653724608787,0.5,0.5672804975054804,1.0,0.08647723792603472
2019-03-15,10714.5,0.0017266321340239088,1.0,0.0017266321340239088,0.6814880503796582,0.0015367857436858064,0.6351893307056834,0.5,0.5681434411295185,1.5,0.08898703548857902
2019-03-18,10733.0,0.0013742662815614537,1.0,0.0013742662815614537,0.6828613732215726,0.0012231631671361573,0.6364117464181968,0.5,0.5688303383024107,1.5,0.09104631314250643
2019-03-19,10747.75,0.0019306366448792467,1.0,0.0019306366448792467,0.6847901485827812,0.0017183595819992652,0.6381286313094937,0.5,0.5697951910047422,1.0,0.09289847322728792
2019-03-20,10768.5,0.012072247759669308,1.0,0.012072247759669308,0.6967901079667009,0.010744881834248205,0.6488161971047689,0.5,0.5758131704668566,1.0,0.1048984326112077
2019-03-21,10898.5,-0.01573611047391843,1.0,-0.01573611047391843,0.6809288704955629,-0.014005896079916163,0.634711292910313,0.5,0.5679139987584122,1.0,0.08903719514006966
2019-03-22,10727.0,0.0003029738044186825,1.0,0.0003029738044186825,0.6812317984126868,0.0002696612753614116,0.6349809178336078,0.5,0.5680654741876396,1.0,0.08934012305719347
2019-03-25,10730.25,0.0020269798000978057,1.0,0.0020269798000978057,0.6832567266610644,0.0018041096294610485,0.6367834020119922,0.5,0.5690784508535423,1.0,0.09136505130557109
2019-03-26,10752.0,-0.005626860119047672,1.0,-0.005626860119047672,0.6776139761278235,-0.005008176462298449,0.631762642604635,0.5,0.566261055660839,1.0,0.08572230077233012
2019-03-27,10691.5,0.002993031847729588,1.0,0.002993031847729588,0.6806025377731499,0.002663942471213574,0.6344230430701754,0.5,0.5677564529206752,1.0,0.08871086241765654
2019-03-28,10723.5,0.005385368583018524,1.0,0.005385368583018524,0.6859734571119039,0.0047932373664266,0.6392048294513248,0.5,0.5704455184325363,1.0,0.09408178175641052
2019-03-29,10781.25,0.007860869565217365,1.0,0.007860869565217365,0.693803591009602,0.006996552446088329,0.6461770195930995,0.5,0.5743682492364139,1.0,0.10191191565410862
2019-04-01,10866.0,0.0016795508926927827,1.0,0.0016795508926927827,0.6954817330339843,0.001494881171746626,0.6476707845422622,0.5,0.5752076722686454,1.0,0.10359005767849092
2019-04-02,10884.25,0.006017869857822156,1.0,0.006017869857822156,0.7014815678319198,0.005356193958527103,0.6530126851099947,0.5,0.5782120894130643,1.0,0.10958989247642646
2019-04-03,10949.75,-0.0016895362907829448,1.0,-0.0016895362907829448,0.6997906026650458,-0.0015037686568846595,0.6515077846582426,0.5,0.5773669642499842,1.0,0.10789892730955243
2019-04-04,10931.25,0.004574042309891446,1.0,0.004574042309891446,0.704354215833541,0.004071117914662611,0.6555706379954871,0.5,0.5796513741526166,1.0,0.11246254047804763
2019-04-05,10981.25,0.0012749003984062757,1.0,0.0012749003984062757,0.7056283042365032,0.0011347227462540608,0.656704717430493,0.5,0.5802886212667413,1.5,0.11429807738740543
2019-04-08,10995.25,-0.003456037834519421,1.0,-0.003456037834519421,0.702166280507596,-0.003076040095089918,0.6536239365997784,0.5,0.5785591076025769,1.5,0.10910053679256412
2019-04-09,10957.25,0.005065139519496276,1.0,0.005065139519496276,0.7072186353604899,0.004508218079551661,0.6581220231030284,0.5,0.5810884758118252,1.0,0.1140779756704994
2019-04-10,11012.75,-0.0022019931443100216,1.0,-0.0022019931443100216,0.7050142142643991,-0.0019598799334187914,0.6561602200918544,0.5,0.579986872697703,1.5,0.11069435479107231
2019-04-11,10988.5,0.0030941438776903585,1.0,0.0030941438776903585,0.7081035811302263,0.0027539370468367638,0.6589103720018221,0.5,0.581532749153596,1.5,0.11532483337520422
2019-04-12,11022.5,-0.000249489680199555,1.0,-0.000249489680199555,0.707854060322299,-0.0002220578293268912,0.6586882895140049,0.5,0.5814079965322114,1.5,0.11495052881169118
2019-04-15,11019.75,0.002314027087728876,1.0,0.002314027087728876,0.710165414172515,0.0020595955379545134,0.660745766992801,0.5,0.5825643412517483,1.5,0.11841555928540413
2019-04-16,11045.25,0.0009506348883003835,1.0,0.0009506348883003835,0.711115597493631,0.0008461108275482546,0.6615915200703661,0.5,0.5830395457683452,1.5,0.11984049591327706
2019-04-17,11055.75,0.002577844108269556,1.0,0.002577844108269556,0.7136901246609255,0.002294405390105086,0.6638832973316517,0.5,0.5843276378755305,1.0,0.12234059037616028
2019-04-18,11084.25,0.002142679928727631,1.0,0.002142679928727631,0.7158305123248239,0.0019070883153763586,0.6657885694628226,0.5,0.5853984043647894,1.5,0.1254752621137739
2019-04-22,11108.0,0.008349837954627404,1.0,0.008349837954627404,0.7241456832250263,0.007431757858492609,0.6731928478719722,0.5,0.589564632548379,1.5,0.13792223310420915
2019-04-23,11200.75,0.000647278084056957,1.0,0.000647278084056957,0.7247927519149767,0.0005761086638998116,0.6737687906489852,0.5,0.5898882192305895,1.5,0.1388926791951278
2019-04-24,11208.0,-0.0038588508208422523,1.0,-0.0038588508208422523,0.7209264365199991,-0.0034345630500112823,0.6703283159474605,0.5,0.5879569300812786,1.5,0.13308758596731962
2019-04-25,11164.75,0.0036722721064064157,1.0,0.0036722721064064157,0.7245919822974377,0.003268499009634603,0.6735914850249678,0.5,0.5897913824972885,1.0,0.1366795061176522
2019-04-26,11205.75,-0.0027218169243469204,1.0,-0.0027218169243469204,0.7218664544943214,-0.0024225481292943296,0.6711659977782256,0.5,0.5884295471581685,1.0,0.13395397831453584
2019-04-29,11175.25,0.004004384689380469,1.0,0.004004384689380469,0.7258628429748211,0.00356409520106175,0.6747237566430602,0.5,0.5904297377872008,1.0,0.1379503667950355
2019-04-30,11220.0,-0.010071301247771891,1.0,-0.010071301247771891,0.7157404830652537,-0.008963943084894885,0.6657193957034913,0.5,0.585381365549005,1.0,0.12782800688546817
2019-05-01,11107.0,0.00013504996848823225,1.0,0.00013504996848823225,0.715875523915316,0.00012020097516328215,0.6658395894550961,0.5,0.58544888825354,1.0,0.12796304773553036
2019-05-02,11108.5,0.01192780303371288,1.0,0.01192780303371288,0.7277327513599307,0.010616319072542202,0.6763999511051431,0.5,0.5913950761032313,1.0,0.13982027518014506
2019-05-03,11241.0,-0.011876167600747278,1.0,-0.011876167600747278,0.7157854987081971,-0.01057036105074537,0.6657733269559554,0.5,0.5854392917769925,1.0,0.12787302252841154
2019-05-06,11107.5,-0.006167004276389831,1.0,-0.006167004276389831,0.7095993999164852,-0.00548893077248501,0.6602692766508645,0.5,0.5823510258507918,1.0,0.12168692373669969
2019-05-07,11039.0,-0.0025364616360177283,1.0,-0.0025364616360177283,0.7070597160117247,-0.0022575729970655384,0.6580091514940323,0.5,0.581081990147487,1.0,0.11914723983193916
2019-05-08,11011.0,-0.0045409136318227405,1.0,-0.0045409136318227405,0.7025084611138569,-0.0040416317959000156,0.6539593302310238,0.5,0.5788089519364615,1.0,0.1145959849340714
2019-05-09,10961.0,0.0017106103457713573,1.0,0.0017106103457713573,0.7042176100321353,0.0015225255806263524,0.6554806979446841,0.5,0.5796638915443094,1.0,0.11630513385234986
2019-05-10,10979.75,-0.02704979621576087,1.0,-0.02704979621576087,0.676795233903999,-0.024075621190432425,0.6311105216459508,0.5,0.5660466988742239,1.0,0.08888275772421349
2019-05-13,10682.75,0.010437387376845741,1.0,0.010437387376845741,0.6871785278238882,0.009289777368316153,0.640357414420117,0.5,0.5712518223727077,1.0,0.0992660516441027
2019-05-14,10794.25,0.009379993978275492,1.0,0.009379993978275492,0.6965148028351096,0.008348646325768476,0.6486714035582779,0.5,0.5759308555926318,1.0,0.10860232665532404
2019-05-15,10895.5,0.006906521040796587,1.0,0.006906521040796587,0.7033975831075245,0.006147136303566144,0.6547997232921168,0.5,0.5793781673001858,1.0,0.11548510692773901
2019-05-16,10970.75,-0.008203632386117654,1.0,-0.008203632386117654,0.6951601157557695,-0.007301627862122374,0.6474713080714088,0.5,0.5752679155838735,1.0,0.10724763957598399
2019-05-17,10880.75,-0.009696022792546444,0.5,-0.004923833375456642,0.6902241203738719,-0.008629927188550567,0.6388039274251274,0.5,0.5704081144604292,1.0,0.09750430427728594
2019-05-20,10775.25,0.005173893877172153,0.5,0.0025869469385860766,0.6928077269249231,0.004605014694850656,0.6433983714793554,0.5,0.5729917210114805,1.0,0.10266485955408489
2019-05-21,10831.0,-0.003369956606038227,0.5,-0.0016849783030191134,0.6911213274493088,-0.002999423656578165,0.6403944405365444,0.5,0.5713053215358663,1.0,0.09928921185486154
2019-05-22,10794.5,-0.010144054842743944,0.5,-0.005072027421371972,0.6860363936373147,-0.009028697287803398,0.6313247375561227,0.5,0.5662203877238722,1.0,0.08909335547159579
2019-05-23,10685.0,-0.00037435657463735783,0.5,-0.00018717828731867892,0.6858491978299541,-0.00033319537822859536,0.6309914866559807,0.5,0.5660331919165116,1.0,0.08871892880804323
2019-05-24,10681.0,0.0005383391068252141,0.5,0.00026916955341260707,0.6861183311637419,0.0004791477283059089,0.6314705196296686,0.5,0.5663023252502991,1.0,0.08925712306235566
2019-05-27,10686.75,-0.002409525814677016,0.5,-0.001204762907338508,0.6849128419461589,-0.002144594003592946,0.6293236226911929,0.5,0.5650968360327161,1.0,0.08684468966882293
2019-05-28,10661.0,-0.007339836788293752,0.5,-0.003669918394146876,0.6812361728801646,-0.006532808184765466,0.6227693823224805,0.5,0.5614201669667218,1.0,0.07947778374178079
2019-05-29,10582.75,0.0038269825895915766,0.5,0.0019134912947957883,0.6831478357825299,0.0034061987896124063,0.6261697931565565,0.5,0.5633318298690871,1.0,0.0832974620631091
2019-05-30,10623.25,-0.01103711199491686,0.5,-0.00551855599745843,0.6776139963004778,-0.00982356115759454,0.6162976624765047,0.5,0.557797990387035,1.0,0.07219898923225468
2019-05-31,10506.0,-0.01225490196078427,0.5,-0.006127450980392135,0.6714676954517838,-0.010907452868787925,0.6053302872114834,0.5,0.551651689538341,1.0,0.05986837677477601
2019-06-03,10377.25,0.017104724276662875,0.5,0.008552362138331437,0.6799836933275087,0.015224028268715191,0.6204395928568323,0.5,0.560167687414066,1.0,0.07682846226313465
2019-06-04,10554.75,0.004168739193254112,0.5,0.002084369596627056,0.6820658936396988,0.0037103786238513723,0.6241431050054913,0.5,0.562249887726256,1.0,0.08098853633656052
2019-06-05,10598.75,0.0030899870267719898,0.5,0.0015449935133859949,0.6836096948784863,0.0027502372493500293,0.6268895672721921,0.5,0.5637936889650436,1.0,0.08407375916510385
2019-06-06,10631.5,0.015637492357616578,0.5,0.007818746178808289,0.6913980330601528,0.01391812120754156,0.6407117208648289,0.5,0.5715820271467101,1.0,0.09959024579292206
2019-06-07,10797.75,0.008335069806209683,0.5,0.004167534903104841,0.69555690784224,0.007418613495254044,0.6481029517907255,0.5,0.5757409019287972,1.0,0.10789077072799515
2019-06-10,10887.75,-6.888475580357767e-05,1.0,-0.00014465798718747241,0.6954122393910768,-6.131074974812812e-05,0.6480416391613966,0.5,0.5757064589577432,1.0,0.10782188359952782
2019-06-11,10887.0,-0.0038118857352805735,1.0,-0.0038118857352805735,0.6915930699035876,-0.0033927618623002856,0.6446431088315157,0.5,0.5737986974698374,1.0,0.10400271411203862
2019-06-12,10845.5,0.0032040938638144834,1.0,0.0032040938638144834,0.694792041597018,0.002851797829029103,0.6474908479996052,0.5,0.5753994624934942,1.0,0.10720168580546909
2019-06-13,10880.25,-0.0024356057994990854,1.0,-0.0024356057994990854,0.6923534648847517,-0.002167806445942605,0.6453206884599528,0.5,0.5741809174692245,1.0,0.10476310909320276
2019-06-14,10853.75,0.005343775192905742,1.0,0.005343775192905742,0.6976830127735046,0.004756217246334244,0.6500656306420092,0.5,0.5768492419194862,1.0,0.11009265698195567
2019-06-17,10911.75,0.009485187985428523,1.0,0.009485187985428523,0.7071234988119783,0.008442274057656686,0.6584724680085207,0.5,0.5815806252444347,1.0,0.11953314302042937
2019-06-18,11015.25,0.002178797576087632,1.0,0.002178797576087632,0.7092999262507025,0.001939234760739313,0.6604098248809169,0.5,0.5826694310682294,1.0,0.12170957045915357
2019-06-19,11039.25,0.006137192291143068,1.0,0.006137192291143068,0.7154183626770169,0.005462396670046278,0.6658573567692596,0.5,0.5857333286821255,1.0,0.12782800688546794
2019-06-20,11107.0,-0.0015755829656972642,1.0,-0.0015755829656972642,0.7138415371751613,-0.0014023447102393788,0.6644540278534391,0.5,0.5849452267284984,1.0,0.1262511813836124
2019-06-21,11089.5,0.0009693854547094816,1.0,0.0009693854547094816,0.7148104530792168,0.0008627997345688724,0.6653164555902746,0.5,0.5854298020302751,1.0,0.12722009728766787
2019-06-24,11100.25,-0.011035787482263859,1.0,-0.011035787482263859,0.703713319542063,-0.009822382277552664,0.6554455154852495,0.5,0.5798966284793069,1.0,0.11612296375051405
2019-06-25,10977.75,0.0007515201202432653,1.0,0.0007515201202432653,0.7044645574124627,0.0006688890957863413,0.6561141809744311,0.5,0.5802723179592972,1.0,0.11687420162091386
2019-06-26,10986.0,0.003914072455852846,1.0,0.003914072455852846,0.7083709898160439,0.003483712964318464,0.6595918398670982,0.5,0.5822274416866404,1.0,0.120780634024495
2019-06-27,11029.0,0.003354791912231425,1.0,0.003354791912231425,0.711720166967952,0.002985926348848034,0.662573317191971,0.5,0.5839034323853888,1.0,0.12412981117640319
2019-06-28,11066.0,0.006235315380444639,1.0,0.006235315380444639,0.717936123201365,0.005549730944553054,0.668107705119979,0.5,0.5870162402583067,1.0,0.13034576740981615
2019-07-01,11135.0,0.0043107319263582244,1.0,0.0043107319263582244,0.7222375905380852,0.0038367589938453216,0.6719371225266445,0.5,0.5891692867525398,1.0,0.1346472347465364
2019-07-02,11183.0,0.0042922292765805725,1.0,0.0042922292765805725,0.726520634472933,0.0038202907445648916,0.6757501344926667,0.5,0.5913131017763793,1.0,0.13893027868138422
2019-07-03,11231.0,0.0012242899118510842,1.0,0.0012242899118510842,0.7277441755530191,0.001089676976117859,0.676839218201769,0.5,0.5919250594480076,1.5,0.14069170393375016
2019-07-04,11244.75,-0.004179728317659337,1.0,-0.004179728317659337,0.7235556877542669,-0.0037201594737433425,0.6731121217249211,0.5,0.5898330084757836,1.5,0.13440237502618624
2019-07-05,11197.75,-0.004777745529235822,1.0,-0.004777745529235822,0.7187664923144633,-0.004252423589022895,0.6688506308683364,0.5,0.5874412778022619,1.0,0.12953914763819807
2019-07-08,11144.25,0.0040603898871616195,1.0,0.0040603898871616195,0.7228186610651064,0.0036139425239664815,0.6724580587928937,0.5,0.589469414685127,1.0,0.13359131638884114
2019-07-09,11189.5,0.006993163233388389,1.0,0.006993163233388389,0.7297874855365665,0.006224252027149055,0.6786630201685964,0.5,0.5929598974728874,1.5,0.14395345848965665
2019-07-10,11267.75,-0.0006434292560626442,1.0,-0.0006434292560626442,0.7291438491910637,-0.0005726830216480517,0.678090173101393,0.5,0.5926381310836032,1.0,0.1432365545074353
2019-07-11,11260.5,0.003618844633897167,1.0,0.003618844633897167,0.732756161561473,0.003220945986349886,0.6813059429529416,0.5,0.5944459183680038,1.0,0.14684886687784465
2019-07-12,11301.25,0.0022342661210044135,1.0,0.0022342661210044135,0.7349879354214869,0.0019886044367527244,0.6832925727333315,0.5,0.5955624278997018,1.5,0.15012190305353368
2019-07-15,11326.5,-0.004105416501125725,1.0,-0.004105416501125725,0.7308740685619468,-0.003654018378610296,0.6796318621222315,0.5,0.5935076099560073,1.5,0.14394473884647746
2019-07-16,11280.0,-0.005939716312056698,1.0,-0.005939716312056698,0.7249166419707777,-0.005286633539382727,0.6743312048885008,0.5,0.5905333330203109,1.5,0.13499523678428585
2019-07-17,11213.0,0.00684473379113526,1.0,0.00684473379113526,0.7317380569186199,0.00609214267605859,0.6804048654890094,0.5,0.5939498569456915,1.5,0.14520998880054506
2019-07-18,11289.75,-0.011249141920768868,1.0,-0.011249141920768868,0.7204251648604287,-0.010012278001711616,0.6703421275366713,0.5,0.588309408522128,1.0,0.13382318749168162
2019-07-19,11162.75,0.009518263868670385,1.0,0.009518263868670385,0.7298984154622462,0.008471713186481105,0.6787781571533359,0.5,0.5930572515907112,1.0,0.14329643809349912
2019-07-22,11269.0,0.0013532700328333647,1.0,0.0013532700328333647,0.7312507706504502,0.0012044754947128423,0.6799819078493832,0.5,0.5937336577928651,1.0,0.14464879328170313
2019-07-23,11284.25,0.005361455125506787,1.0,0.005361455125506787,0.7365979043417712,0.004771953237710294,0.6847425114106702,0.5,0.596410798614107,1.0,0.14999592697302414
2019-07-24,11344.75,-0.0017629299896427808,1.0,-0.0017629299896427808,0.7348334185622863,-0.0015690925830769212,0.6831721865125799,0.5,0.5955289449005722,1.0,0.14823144119353923
2019-07-25,11324.75,0.002936047153358823,1.0,0.002936047153358823,0.7377651639472748,0.002613223349177315,0.6857820013304985,0.5,0.5969958919840569,1.0,0.1511631865785276
2019-07-26,11358.0,-0.0009024476140165882,1.0,-0.0009024476140165882,0.7368623088822562,-0.0008032218330211848,0.6849784567419797,0.5,0.5965445663449528,1.5,0.14973586098532418
2019-07-29,11347.75,-0.0014099711396532433,1.0,-0.0014099711396532433,0.7354513427979569,-0.0012549422101729108,0.6837227264324162,0.5,0.5958393321559436,1.5,0.14761866459646233
2019-07-30,11331.75,-0.013148895801619376,1.0,-0.013148895801619376,0.7222152349273848,-0.01170315043659381,0.6719505550942657,0.5,0.5892431773797447,1.0,0.1343087796644866
2019-07-31,11182.75,-0.004381748675415298,1.0,-0.004381748675415298,0.717823858255976,-0.0038999673202532626,0.6680429630709449,0.5,0.5870498995657372,1.0,0.1299174029930778
2019-08-01,11133.75,-0.007454810822948188,1.0,-0.007454810822948188,0.7103411214556747,-0.0066351406120782825,0.6613857120553674,0.5,0.5833155300680111,1.0,0.12243466619277649
2019-08-02,11050.75,-0.030744519602741938,1.0,-0.030744519602741938,0.6791140732745264,-0.027364102920899525,0.6336402387302132,0.5,0.5678238920925448,1.0,0.09120761801162822
2019-08-05,10711.0,0.013957613668191593,1.0,0.013957613668191593,0.692975176453645,0.01242294828091852,0.6459866553696929,0.5,0.5747784597625137,1.0,0.10506872119074677
2019-08-06,10860.5,0.003015514939459507,1.0,0.003015514939459507,0.6959861538476649,0.0026839535055060942,0.6486670135037589,0.5,0.576285081707204,1.0,0.10807969858476664
2019-08-07,10893.25,0.016294494296926976,1.0,0.016294494296926976,0.7121493175951127,0.014502884570860367,0.6630657371258446,0.5,0.584399319208254,1.0,0.12424286233221439
2019-08-08,11070.75,-0.005306776866969232,1.0,-0.005306776866969232,0.7068284097723948,-0.004723286954629918,0.6583312602018586,0.5,0.5817424043002275,1.0,0.11892195450949651
2019-08-09,11012.0,-0.00889938249182709,0.5,-0.004524609516890661,0.7022935332286336,-0.007920878959419135,0.6503788444374942,0.5,0.5772827837122695,1.0,0.10998273599317585
2019-08-12,10914.0,0.016492578339747155,0.5,0.008246289169873577,0.7105060075269216,0.014679188907527764,0.6649513369287369,0.5,0.5854952580105575,1.0,0.12634078886217848
2019-08-13,11094.0,-0.02458536145664325,0.5,-0.012292680728321626,0.6981371468512516,-0.021882155582196923,0.6428262160371669,0.5,0.5731263973348875,1.0,0.10144816077698213
2019-08-14,10821.25,0.002864733741480885,0.5,0.0014323668707404424,0.6995684888630984,0.0025497509785732753,0.6453727219156747,0.5,0.5745577393467342,1.0,0.10430879898862881
2019-08-15,10852.25,0.009306825773457206,0.5,0.004653412886728603,0.7042111080960122,0.008283523100131654,0.653622124931838,0.5,0.5792003585796479,1.0,0.11357258310712284
2019-08-16,10953.25,0.010042681395932673,0.5,0.005021340697966337,0.7092198839069416,0.008938470038594971,0.6625208833126611,0.5,0.5842091343905774,1.0,0.12356517187526679
2019-08-19,11063.25,-0.00560413983232777,0.5,-0.002802069916163885,0.7064138808438502,-0.0049879543130429355,0.6575204476338845,0.5,0.5814031313274859,1.0,0.11794526993502012
2019-08-20,11001.25,0.009044426769685199,0.5,0.004522213384842599,0.7109258997446108,0.008049975351188511,0.6655381947754944,0.5,0.5859151502282466,1.0,0.12694904083240638
2019-08-21,11100.75,-0.004706889174154849,0.5,-0.0023534445870774245,0.7085696814541285,-0.004189358020977309,0.6613400368081864,0.5,0.5835589319377642,1.0,0.1222310393721582
2019-08-22,11048.5,-0.019527537674797535,0.5,-0.009763768837398767,0.6987579344719994,-0.01738044886143697,0.643806774715144,0.5,0.5737471849556349,1.0,0.10251032029311541
2019-08-23,10832.75,0.009046640972975473,0.5,0.004523320486487736,0.7032710554897869,0.008051946098739807,0.6518264768646137,0.5,0.5782603059734225,1.0,0.11151628554468682
2019-08-26,10930.75,-0.002012670676760475,0.5,-0.0010063353383802376,0.7022642134560345,-0.001791373820647967,0.65003349661512,0.5,0.57725346393967,1.0,0.1095015867245197
2019-08-27,10908.75,0.0014437951185974907,0.5,0.0007218975592987453,0.7029858505726246,0.001285047180196322,0.6513177188288602,0.5,0.5779751010562603,1.0,0.1109443405730782
2019-08-28,10924.5,0.011419286923886718,0.5,0.005709643461943359,0.7086792558007006,0.010163715247664823,0.6614301308507846,0.5,0.5836685062843361,1.0,0.12229891958623329
2019-08-29,11049.25,-0.002805620290969979,0.5,-0.0014028101454849895,0.7072754607959086,-0.00249713716106397,0.6589298706425185,0.5,0.5822647112795442,1.0,0.11948935616564485
2019-08-30,11018.25,-0.005740476028407437,0.5,-0.0028702380142037187,0.7044010957496412,-0.0051093000926997175,0.653807473445697,0.5,0.5793903462332767,1.0,0.11373234027656559
2019-09-02,10955.0,0.0004335919671383248,0.5,0.0002167959835691624,0.7046178682363571,0.00038591772998106117,0.6541933167285839,0.5,0.5796071187199927,1.0,0.11416583826987015
2019-09-03,10959.75,0.009648942722233711,0.5,0.0048244713611168555,0.7094307391312995,0.008588023658874145,0.662744673095763,0.5,0.5844199896149352,1.0,0.12376852723946544
2019-09-04,11065.5,0.0115222990375492,0.5,0.0057611495187746,0.7151753566931784,0.010255400989279344,0.6729478442487415,0.5,0.5901646071768141,1.0,0.1352249501362664
2019-09-05,11193.0,0.0013177879031538442,0.5,0.0006588939515769221,0.7158340336694395,0.001172894690688293,0.6741200516358228,0.5,0.5908232841530752,1.0,0.13654187051899638
2019-09-06,11207.75,-0.0028105551961812303,0.5,-0.0014052775980906151,0.7144277677427592,-0.0025015294643378687,0.6716153881189469,0.5,0.5894170182263948,1.0,0.13372735829652677
2019-09-09,11176.25,-0.001252656302426991,0.5,-0.0006263281512134955,0.7138012433661306,-0.0011149244296882288,0.6704998416986587,0.5,0.5887904938497661,1.0,0.13247391676437664
2019-09-10,11162.25,0.0065846939461129406,0.5,0.0032923469730564703,0.7170881824314465,0.0058606946920058195,0.6763434293265059,0.5,0.592077432915082,1.0,0.1390370263125999
2019-09-11,11235.75,0.0016242796431034101,0.5,0.0008121398215517051,0.7178999926458992,0.001445687098075186,0.677788072425065,0.5,0.5928892431295347,1.0,0.14065998824022313
2019-09-12,11254.0,-0.0019104318464545633,0.5,-0.0009552159232272817,0.7169443202132088,-0.0017003763384575528,0.6760862488059141,0.5,0.5919335706968442,1.0,0.1387477291913139
2019-09-13,11232.5,-0.002047629646116156,1.0,-0.002121077231248584,0.7148209903116943,-0.0018224889867919877,0.6742620970655281,0.5,0.5909092314173954,1.0,0.1366980002854534
2019-09-16,11209.5,0.0025647887952182646,1.0,0.0025647887952182646,0.7173824956491827,0.002282785532822677,0.6765422810019618,0.5,0.5921908042496143,1.0,0.1392595056229417
2019-09-17,11238.25,0.0005338909527727864,1.0,0.0005338909527727864,0.7179162441328871,0.00047518865700242385,0.6770173567925881,0.5,0.5924577141023967,1.0,0.13979325410664614
2019-09-18,11244.25,-0.000466905307156984,1.0,-0.000466905307156984,0.7174492297915068,-0.00041556820677134446,0.6766017022134196,0.5,0.5922242341945056,1.0,0.1393262397652658
2019-09-19,11239.0,-0.007607438384197862,1.0,-0.007607438384197862,0.7098127072500763,-0.006770986491232286,0.6698076885900248,0.5,0.5884132624656435,1.0,0.13168971722383532
2019-09-20,11153.5,0.0032725153539248097,1.0,0.0032725153539248097,0.7130798795792107,0.002912696250002098,0.6727161511592629,0.5,0.5900481829314957,1.0,0.1349568895529697
2019-09-23,11190.0,-0.011706881143878411,1.0,-0.011706881143878411,0.7013039333485999,-0.010419687952296275,0.6622417981986706,0.5,0.5841775438297373,1.0,0.12318094332235882
2019-09-24,11059.0,0.007753865629803736,1.0,0.007753865629803736,0.7090278922579475,0.006901313790892731,0.669119406925108,0.5,0.5880469807085275,1.0,0.13090490223170648
2019-09-25,11144.75,-0.0033648130285560685,1.0,-0.0033648130285560685,0.7056574055151326,-0.002994845624934735,0.6661200677761648,0.5,0.5863631573590583,1.0,0.12753441548889155
2019-09-26,11107.25,-0.006144635260753151,1.0,-0.006144635260753151,0.6994938142915914,-0.005469021271408703,0.6606360366567895,0.5,0.5832861104718673,1.0,0.12137082426535041
2019-09-27,11039.0,0.006159978258900356,1.0,0.006159978258900356,0.7056348974403598,0.005482677278587877,0.6661037387713656,0.5,0.5863613661516238,1.0,0.12751190741411883
2019-09-30,11107.0,-0.006820023408661169,1.0,-0.006820023408661169,0.6987915113889471,-0.00607014924575059,0.6600150912735921,0.5,0.5829455271060756,1.0,0.12066852136270612
2019-10-01,11031.25,-0.014050991501416421,1.0,-0.014050991501416421,0.6846408701534741,-0.012506059049013491,0.6474301733020719,0.5,0.5758952363604287,1.0,0.10651788012723303
2019-10-02,10876.25,0.009585105160326401,1.0,0.009585105160326401,0.6941803296405876,0.00853120515473674,0.6559251933819945,0.5,0.5806763412217675,1.0,0.11605733961434657
2019-10-03,10980.5,0.010108829288283827,1.0,0.010108829288283827,0.7042384064595287,0.008997344848079266,0.6648823032813017,0.5,0.5857180251915965,1.0,0.12611541643328764
2019-10-04,11091.5,-0.002749853491412324,1.0,-0.002749853491412324,0.7014847651754942,-0.0024475020240579994,0.6624318012281135,0.5,0.58434215236682,1.0,0.12336177514925312
2019-10-07,11061.0,-0.01046469577795861,1.0,-0.01046469577795861,0.6909649294494685,-0.009314083160317897,0.6530740707607262,0.5,0.5790960678079832,1.0,0.11284193942322748
2019-10-08,10945.25,0.00726342477330344,1.0,0.00726342477330344,0.6982021025942268,0.006464797811872805,0.6595180613952091,0.5,0.5827212014504651,1.0,0.12007911256798573
2019-10-09,11024.75,0.007596544139322869,1.0,0.007596544139322869,0.7057699382904222,0.006761290088691061,0.6662565964733028,0.5,0.5865122782986196,1.0,0.12764694826418116
2019-10-10,11108.5,0.006459017869199224,1.0,0.006459017869199224,0.7122081860918892,0.005748836931735103,0.6719889719015383,0.5,0.5897365835697482,1.0,0.13408519606564814
2019-10-11,11180.25,0.00011180429775725642,1.0,0.00011180429775725642,0.7123199841400117,9.951120883852116e-05,0.6720884781594649,0.5,0.58979248415616,1.0,0.13419699411377073
2019-10-14,11181.5,0.008920985556499561,1.0,0.008920985556499561,0.7212014127885313,0.007940106727253623,0.6799972281140149,0.5,0.5942430584198684,1.0,0.14307842276229027
2019-10-15,11281.25,-0.0005096952908587582,1.0,-0.0005096952908587582,0.7206915875588732,-0.00045365335277878236,0.6795434718294224,0.5,0.5939881782952595,1.0,0.14256859753263207
2019-10-16,11275.5,0.0,1.0,0.0,0.7206915875588732,0.0,0.6795434718294224,0.5,0.5939881782952595,1.0,0.14256859753263207
2019-10-17,11275.5,-0.0062746663119152,1.0,-0.0062746663119152,0.7143971527912683,-0.00558475516847027,0.6739430636096295,0.5,0.5908459133919117,1.0,0.13627416276502707
2019-10-18,11204.75,0.005801111135902204,1.0,0.005801111135902204,0.7201815022748624,0.005163268258198671,0.6790930479044323,0.5,0.5937422704652467,1.0,0.14205851224862123
2019-10-21,11269.75,-0.009427893254065123,1.0,-0.009427893254065123,0.7107088851117317,-0.008391278987767432,0.6706663639339585,0.5,0.5890171781512364,1.0,0.1325858950854905
2019-10-22,11163.5,0.006763111927262866,1.0,0.006763111927262866,0.7174492297915069,0.006019495286785328,0.6766678144364444,0.5,0.5923930295111739,1.0,0.13932623976526579
2019-10-23,11239.0,0.0006450751846249769,1.0,0.0006450751846249769,0.7180940970045684,0.0005741479773267251,0.6772417976538826,0.5,0.5927155150994191,1.0,0.13997110697832724
2019-10-24,11246.25,0.009958875180615667,1.0,0.009958875180615667,0.728003709385796,0.008863878471350542,0.6860666225621498,0.5,0.5976825962920009,1.0,0.1498807193595548
2019-10-25,11358.25,0.006559109017674425,1.0,0.006559109017674425,0.7345414010494128,0.0058379228736765145,0.6918875707964701,0.5,0.6009567847908306,1.0,0.15641841102317167
2019-10-28,11432.75,-0.0048107410727952216,1.0,-0.0048107410727952216,0.7297190511153346,-0.004281791211661236,0.6875965864654219,0.5,0.5985485167033358,1.0,0.15159606108909351
2019-10-29,11377.75,0.005471204763683568,1.0,0.005471204763683568,0.7351753432070287,0.004869635700581924,0.6924544038418352,0.5,0.6012803841349902,1.0,0.15705235318078764
2019-10-30,11440.0,-0.002272727272727315,1.0,-0.002272727272727315,0.7329000293698932,-0.0020228367138479873,0.6904295184305487,0.5,0.6001433743479149,1.0,0.1547770393436521
2019-10-31,11414.0,0.006242333975819081,1.0,0.006242333975819081,0.7391229606823851,0.005555977832410402,0.6959701187499094,0.5,0.6032596806056153,1.0,0.16099997065614408
2019-11-01,11485.25,0.004745216690973164,1.0,0.004745216690973164,0.7438569543225043,0.004223471356572423,0.7001846962844066,0.5,0.6056294787600323,1.5,0.16802125740577167
2019-11-04,11539.75,-0.0006499274247708797,1.0,-0.0006499274247708797,0.7432068156033491,-0.0005784667047118023,0.6996060622032797,0.5,0.605304462235498,1.0,0.16729957761604966
2019-11-05,11532.25,0.00021678336837993584,1.0,0.00021678336837993584,0.74342357547761,0.00019294763686464593,0.6997989912281432,0.5,0.6054128480457339,1.5,0.1675531819967446
2019-11-06,11534.75,0.001582175599817992,1.0,0.001582175599817992,0.7450045007562583,0.0014082124720691438,0.7012062130989047,0.5,0.6062036231006177,1.0,0.1690626947022053
2019-11-07,11553.0,0.0025318099195015265,1.0,0.0025318099195015265,0.7475331110444599,0.0022534327453669284,0.7034571106725477,0.5,0.6074687274782542,1.0,0.17159130499040687
2019-11-08,11582.25,-0.0005827883183319171,1.0,-0.0005827883183319171,0.7469501528390072,-0.0005187096669583436,0.7029382664291907,0.5,0.6071772908555609,1.5,0.1706454456456094
2019-11-11,11575.5,0.001511813744546675,1.0,0.001511813744546675,0.7484608249436412,0.0013455870326663424,0.7042829489709157,0.5,0.6079329121741268,1.5,0.17291059886472596
2019-11-12,11593.0,-8.625894936598044e-05,1.0,-8.625894936598044e-05,0.7483745622737581,-7.677461865720089e-05,0.7042061714049366,0.5,0.6078897817693413,1.5,0.17278120206927272
2019-11-13,11592.0,-6.469979296064299e-05,1.0,-6.469979296064299e-05,0.7483098603876756,-5.75859312948259e-05,0.7041485838155084,0.5,0.6078574313495917,1.0,0.17264532327294982
2019-11-14,11591.25,0.00463711851612203,1.0,0.00463711851612203,0.7529362605916812,0.004127258775585338,0.7082673488212304,0.5,0.6101733068965645,1.5,0.17950623668473087
2019-11-15,11645.0,0.0009446114212108281,1.0,0.0009446114212108281,0.7538804261482805,0.0008407496517839553,0.7091077452409985,0.5,0.610645501105935,1.5,0.1809221509366879
2019-11-18,11656.0,0.0,1.0,0.0,0.7538804261482805,0.0,0.7091077452409985,0.5,0.610645501105935,1.5,0.1809221509366879
2019-11-19,11656.0,-0.003946465339739191,1.0,-0.003946465339739191,0.749926152965177,-0.003512544190827258,0.7055890175827769,0.5,0.6086703190476606,1.5,0.17498486205870944
2019-11-20,11610.0,-0.0008397932816537335,1.0,-0.0008397932816537335,0.7490860068595987,-0.0007474564601556905,0.7048412816377642,0.5,0.6082503342255537,1.0,0.1740735942671293
2019-11-21,11600.25,0.0003879226740803876,1.0,0.0003879226740803876,0.7494738543111316,0.0003452698599961074,0.7051864919058386,0.5,0.6084442767545256,1.0,0.1744614417186622
2019-11-22,11604.75,0.007927788190180696,1.0,0.007927788190180696,0.7573703826939167,0.007056113244711389,0.7122178272722194,0.5,0.6124003353207299,1.0,0.18235797010144728
2019-11-25,11696.75,0.002351080428324215,1.0,0.002351080428324215,0.7597187036569542,0.0020925747953543772,0.7143082156825216,0.5,0.6135751851285085,1.5,0.18580809978305676
2019-11-26,11724.25,0.004605838326545486,1.0,0.004605838326545486,0.7643139675670909,0.0040994179005930526,0.7183992538630626,0.5,0.6158754566375552,1.5,0.19269310116189145
2019-11-27,11778.25,-0.0010188270753295203,1.0,-0.0010188270753295203,0.76329462113467,-0.0009068051577371092,0.7174920373088053,0.5,0.6153659133047328,1.5,0.19116369159810104
2019-11-28,11766.25,-0.001869754594709394,1.0,-0.001869754594709394,0.761423116366902,-0.0016641716256281846,0.7158264794113677,0.5,0.6144305987370468,1.5,0.18835511935680135
2019-11-29,11744.25,-0.009579155757072577,1.0,-0.009579155757072577,0.7517977853809119,-0.008525909899352719,0.7072640160260983,0.5,0.6096295140739202,1.5,0.17388215582890684
2019-12-02,11631.75,-0.004685451458293022,1.0,-0.004685451458293022,0.7471013227867098,-0.004170277421546517,0.7030850187464034,0.5,0.6072840398693976,1.0,0.1691144302494249
2019-12-03,11577.25,0.0035414282320931356,1.0,0.0035414282320931356,0.7506364949278221,0.0031520416608276786,0.706232103138196,0.5,0.6090531881193988,1.0,0.1726496023905372
2019-12-04,11618.25,0.0012265186237170322,1.0,0.0012265186237170322,0.7518622619920438,0.0010916606370001516,0.7073231683470205,0.5,0.6096662594646098,1.5,0.17441680892345263
2019-12-05,11632.5,0.00810229959166131,1.0,0.00810229959166131,0.7599319141818336,0.007211436795467411,0.7145087270697381,0.5,0.6137092254482268,1.0,0.18241610666537328
2019-12-06,11726.75,-0.004583537638305546,1.0,-0.004583537638305546,0.7553378399259035,-0.004079569214190088,0.7104208137116544,0.5,0.6114148265077254,1.5,0.17544621487305273
2019-12-09,11673.0,0.0014349353208258364,1.0,0.0014349353208258364,0.756771746710846,0.001277161533544023,0.711697160368153,0.5,0.6121320369112581,1.5,0.17759630475354996
2019-12-10,11689.75,0.0034004148933894918,1.0,0.0034004148933894918,0.760166393266308,0.0030265329990119953,0.7147191226361579,0.5,0.613830800641452,1.0,0.18092061335643544
2019-12-11,11729.5,0.00554158318768927,1.0,0.00554158318768927,0.7656926783729209,0.004932275886956179,0.7196392746994211,0.5,0.6165977606682856,1.5,0.189128872537581
2019-12-12,11794.5,0.00201365043028523,1.0,0.00201365043028523,0.7677043041267166,0.0017922458484641412,0.7214299163917034,0.5,0.61760407937487,1.0,0.19107068856516116
2019-12-13,11818.25,0.007298034819029908,1.0,0.007298034819029908,0.7749758371521974,0.006495602419184726,0.7279045132987297,0.5,0.6212464552721166,1.0,0.1983422215906419
2019-12-16,11904.5,-0.0004410097022135018,1.0,-0.0004410097022135018,0.7745347301766051,-0.00039251987139227407,0.727511916371248,0.5,0.6210259261062407,1.5,0.19761113833643915
2019-12-17,11899.25,0.0018488560203373527,1.0,0.0018488560203373527,0.7763818791663625,0.0016455708880851719,0.7291561347910777,0.5,0.6219499270959825,1.5,0.20038058390990496
2019-12-18,11921.25,0.004718464926077415,1.0,0.004718464926077415,0.7810892470305175,0.004199660997608229,0.733347001824952,0.5,0.6243063809395287,1.5,0.20743335195795917
2019-12-19,11977.5,0.002483823836359811,1.0,0.002483823836359811,0.783569991274841,0.0022107228206444864,0.735555284593426,0.5,0.6255475223229939,1.5,0.21115216435012651
2019-12-20,12007.25,0.001540735805450888,1.0,0.001540735805450888,0.7851095413646408,0.0013713290595867053,0.7369256742400493,0.5,0.6263175936446743,1.5,0.21346060156569824
2019-12-23,12025.75,8.315489678389909e-05,1.0,8.315489678389909e-05,0.785192692804248,7.401186238631147e-05,0.7369996833636928,0.5,0.6263591702287482,1.5,0.21358532613244194
2019-12-24,12026.75,0.006028228740100117,1.0,0.006028228740100117,0.7912028244659435,0.00536541386257707,0.7423507546729283,0.5,0.6293687512631243,1.5,0.22258703204474814
2019-12-26,12099.25,-0.0019009442734053694,1.0,-0.0019009442734053694,0.7893000711049595,-0.0016919319415782943,0.7406573897979907,0.5,0.6284178271413582,1.5,0.2197315426024183
2019-12-27,12076.25,-0.003871234861815509,1.0,-0.003871234861815509,0.7854213236184421,-0.003445585442819743,0.7372058546549173,0.5,0.6264803339821786,1.5,0.21390776498922476
2019-12-30,12029.5,0.0032835944968618858,1.0,0.0032835944968618858,0.7886995388911381,0.002922557220722176,0.7401241495079415,0.5,0.628120784954847,1.0,0.21711762097792658
2019-12-31,12069.0,0.010688540889883136,1.0,0.010688540889883136,0.7993313611296418,0.009513316088989083,0.7495924989683104,0.5,0.6334508254630661,1.5,0.23295598368289988
2020-01-02,12198.0,-0.007316773241515029,1.0,-0.007316773241515029,0.7919876890138348,-0.006512280517528224,0.7430589210385101,0.5,0.6297857305800327,1.5,0.22192015242639207
2020-01-03,12108.75,0.003365334985031554,1.0,0.003365334985031554,0.7953473739317826,0.002995310191332258,0.7460497542260534,0.5,0.6314669839736864,1.0,0.22521193100978454
2020-01-06,12149.5,-0.0006790402897238756,1.0,-0.0006790402897238756,0.7946681029897804,-0.0006043785564235779,0.7454451929592889,0.5,0.6311274061788108,1.0,0.2245326600677824
2020-01-07,12141.25,0.008504066714712266,1.0,0.008504066714712266,0.8031362138327605,0.007569028881714208,0.7529857204700143,0.5,0.635370425186175,1.0,0.2330007709107625
2020-01-08,12244.5,0.004981828576095415,1.0,0.004981828576095415,0.8081056741615255,0.0044340673281619706,0.7574099862846742,0.5,0.6378582422893762,1.0,0.23797023123952743
2020-01-09,12305.5,-0.0024582503758482366,1.0,-0.0024582503758482366,0.805644397327343,-0.002187961209322387,0.7552196279911019,0.5,0.6366283611075506,1.0,0.23550895440534508
2020-01-10,12275.25,0.009124050426671637,1.0,0.009124050426671637,0.8147270750731193,0.008120844240111433,0.7633076756134681,0.5,0.6411800118243731,1.0,0.24459163215112129
2020-01-13,12387.25,-0.00219984258007222,1.0,-0.00219984258007222,0.812524809284922,-0.001957965827688677,0.7613477904649694,0.5,0.6400794851769771,1.0,0.242389366362924
2020-01-14,12360.0,-8.090614886735459e-05,1.0,-8.090614886735459e-05,0.8124438998629756,-7.201036845417033e-05,0.7612757775036442,0.5,0.6400390312842958,1.0,0.24230845694097763
2020-01-15,12359.0,0.0061898211829436445,1.0,0.0061898211829436445,0.8186146427896352,0.005509238918045346,0.7667698960739456,0.5,0.6431291624986074,1.0,0.2484791998676373
2020-01-16,12435.5,0.002673796791443861,1.0,0.002673796791443861,0.8212848713455141,0.0023798078986446564,0.7691468767144388,1.0,0.645733223451925,1.5,0.25241579416363996
2020-01-17,12468.75,0.00032080200501249934,1.0,0.00032080200501249934,0.8216056219045658,0.00028552923239073976,0.769432365191116,1.0,0.6460539740109766,1.0,0.25267039834072424
2020-01-20,12472.75,-8.017478102262388e-05,1.0,-8.017478102262388e-05,0.8215254439093735,-7.135941585400472e-05,0.7693610032290578,1.0,0.6459737960157844,1.5,0.25248397459902067
2020-01-21,12471.75,0.0010624010263193817,1.0,0.0010624010263193817,0.8225872809871135,0.0009455880723821784,0.7703061445146673,1.0,0.6470356330935244,1.0,0.25347973019827374
2020-01-22,12485.0,0.0050660792951542355,1.0,0.0050660792951542355,0.8276405708791225,0.00450905452514129,0.7748050637092047,1.0,0.6520889229855334,1.0,0.2585330200902827
2020-01-23,12548.25,-0.009124778355547591,1.0,-0.009124778355547591,0.8184739067398636,-0.008121492131863787,0.7666504126045233,1.0,0.6429222588462746,1.0,0.24936635595102388
2020-01-24,12433.75,-0.01419523474414397,1.0,-0.01419523474414397,0.804176955914517,-0.01263444248094355,0.753935476844689,1.0,0.6286253080209279,1.0,0.2350694051256772
2020-01-27,12257.25,0.013400232515450083,1.0,0.013400232515450083,0.8174881994151044,0.011926852214794656,0.7657917646774439,1.0,0.6419365515215154,1.0,0.2483806486262647
2020-01-28,12421.5,-0.0015899851064685722,1.0,-0.0015899851064685722,0.8158969489408613,-0.0014151633090478703,0.7643755990790868,1.0,0.6403453010472723,1.0,0.24678939815202158
2020-01-29,12401.75,0.010704134497147688,1.0,0.010704134497147688,0.8265441997573496,0.00952719515035055,0.773857696714675,1.0,0.6509925518637605,1.0,0.2574366489685099
2020-01-30,12534.5,-0.017890621883601243,1.0,-0.017890621883601243,0.8084916059376409,-0.01592351498307687,0.7578060404398093,1.0,0.6329399580440517,1.0,0.23938405514880112
2020-01-31,12310.25,0.007493755203996644,1.0,0.007493755203996644,0.8159574224484442,0.006669802986542759,0.7644536987031703,1.0,0.6404057745548549,1.0,0.24684987165960431
2020-02-03,12402.5,0.020540213666599527,1.0,0.020540213666599527,0.836289530786558,0.01828177925863473,0.7825703754444825,1.0,0.6607378828929686,1.0,0.2671819799977181
2020-02-04,12657.25,0.002212170890201204,1.0,0.002212170890201204,0.8384992584293259,0.001968938617362067,0.7845373782427946,1.0,0.6629476105357367,1.0,0.269391707640486
2020-02-05,12685.25,0.005971502335389456,1.0,0.005971502335389456,0.8444530020072165,0.005314924630776008,0.7898382285090875,1.0,0.6689013541136273,1.0,0.2753454512183766
2020-02-06,12761.0,-0.0049760990517984105,1.0,-0.0049760990517984105,0.8394644809486402,-0.00442896777563759,0.7853994237999514,1.0,0.663912833055051,1.0,0.2703569301598004
2020-02-07,12697.5,0.009883835400669394,1.0,0.009883835400669394,0.849299790732356,0.00879708945372581,0.7941580443074686,1.0,0.6737481428387667,1.0,0.2801922399435161
2020-02-10,12823.0,0.0005263978788114798,1.0,0.0005263978788114798,0.8498260501124055,0.00046851946035467986,0.7946264540468505,1.0,0.6742744022188163,1.0,0.2807184993235657
2020-02-11,12829.75,0.007073403612697149,1.0,0.007073403612697149,0.8568745545514218,0.006295669828636548,0.8009023889326704,1.0,0.6813229066578326,1.0,0.28776700376258196
2020-02-12,12920.5,0.0001354436747804666,1.0,0.0001354436747804666,0.857009989054536,0.00012055139272194016,0.8010229330596571,1.0,0.6814583411609467,1.0,0.28790243826569606
2020-02-13,12922.25,0.0003869295207878931,1.0,0.0003869295207878931,0.8573968437374009,0.00034438590574139123,0.8013672596781839,1.0,0.6818451958438116,1.0,0.288289292948561
2020-02-14,12927.25,0.0028041540157419664,1.0,0.0028041540157419664,0.8601970734477968,0.002495832105503885,0.8038599823673844,1.0,0.6846454255542075,1.0,0.29108952265895693
2020-02-17,12963.5,-0.00202491611061828,1.0,-0.00202491611061828,0.8581701044227632,-0.0018022728464491755,0.8020560834732139,1.0,0.6826184565291739,1.0,0.28906255363392336
2020-02-18,12937.25,0.007265840885814168,1.0,0.007265840885814168,0.8654096762544523,0.0064669482683530595,0.8085022107489261,1.0,0.689858028360863,1.0,0.2963021254656125
2020-02-19,13031.25,-0.008901678657074363,1.0,-0.008901678657074363,0.8564681409522609,-0.007922922657058963,0.8005477349676724,1.0,0.6809164930586715,1.0,0.2873605901634211
2020-02-20,12915.25,-0.012640096010530177,1.0,-0.012640096010530177,0.8437474793032366,-0.011250294121731915,0.789233677599105,1.0,0.6681958314096473,1.0,0.27463992851439684
2020-02-21,12752.0,-0.02805442283563364,1.0,-0.02805442283563364,0.8152920126423685,-0.024969787259002976,0.7639468565613784,1.0,0.6397403647487792,1.0,0.24618446185352874
2020-02-24,12394.25,-0.01803255541884341,1.0,-0.01803255541884341,0.7970948893074707,-0.016049842664123067,0.7477668202346363,1.0,0.6215432414138814,0.5,0.23706012053527678
2020-02-25,12170.75,-0.004334161822402094,0.5,-0.0022348663804613637,0.7948575218861171,-0.003857612729569761,0.7439017477262758,1.0,0.6171996598845852,0.5,0.23489068810633754
2020-02-26,12118.0,-0.03888843043406498,0.5,-0.01944421521703249,0.775221781142229,-0.03461257572341739,0.7086759654475081,1.0,0.5775348804970591,0.5,0.21525494736244932
2020-02-27,11646.75,0.01702191598514613,0.5,0.008510957992573065,0.7836967251300061,0.01515032490170711,0.7237126703264757,0.5,0.5859395845942965,0.5,0.22372989135022645
2020-02-28,11845.0,0.022963275643731462,0.5,0.011481637821865731,0.7951129491770192,0.020438421098634182,0.7439450298810247,0.5,0.5973558086413098,0.5,0.23514611539723962
2020-03-02,12117.0,-0.021539985144837792,0.5,-0.010769992572418896,0.7842845404281239,-0.019171624017355626,0.7245872471291349,0.5,0.5865273998924143,0.5,0.22431770664834425
2020-03-03,11856.0,0.02785509446693668,0.5,0.01392754723346834,0.7981159906117917,0.024792375412385857,0.7490772786280606,0.5,0.6003588500760821,0.5,0.23814915683201202
2020-03-04,12186.25,-0.017663350087188445,0.5,-0.008831675043594223,0.7892450851753048,-0.015721232140202237,0.7332311572466458,0.5,0.5914879446395952,0.5,0.22927825139552502
2020-03-05,11971.0,-0.014388939938183909,0.5,-0.0071944699690919545,0.7820246102039384,-0.012806849431337043,0.7203415931507429,0.5,0.5842674696682287,0.5,0.2220577764241587
2020-03-06,11798.75,-0.049729844263163514,0.5,-0.024864922131581757,0.7568453340271805,-0.04426195608976592,0.675070177025484,0.5,0.5590881934914708,0.5,0.19687850024740075
2020-03-09,11212.0,0.03933285765251515,0.5,0.019666428826257576,0.7763208772747118,0.03500813734882769,0.70947946588469,0.5,0.5785637367390021,0.5,0.2163540434949321
2020-03-10,11653.0,-0.030120998884407446,0.5,-0.015060499442203723,0.7611458168248255,-0.02680913945650711,0.6823044066287903,0.5,0.5633886762891159,0.5,0.2011789830450459
2020-03-11,11302.0,-0.07476552822509286,0.5,-0.03738276411254643,0.7230464001066137,-0.06654492038653931,0.6134419690779568,0.5,0.5252892595709042,0.5,0.16307956632683404
2020-03-12,10457.0,0.0630917089031271,0.5,0.03154585445156355,0.7541049067936926,0.056154659047807344,0.6680766010698197,0.5,0.5563477662579832,0.5,0.19413807301391287
2020-03-13,11116.75,-0.07000697146198309,0.5,-0.035003485730991546,0.7184741169875497,-0.06230957572338623,0.6037411785347191,0.5,0.5207169764518402,0.5,0.15850728320776997
2020-03-16,10338.5,0.030492818107075603,0.5,0.015246409053537802,0.7336054675584608,0.027140076469299234,0.6305194940160812,0.5,0.5358483270227513,0.5,0.173638633778681
2020-03-17,10653.75,-0.009926082365364297,0.5,-0.0049630411826821486,0.7286300695850931,-0.008834691286668543,0.6216455454560522,0.5,0.5308729290493835,0.5,0.1686632358053133
2020-03-18,10548.0,-0.00538016685627607,0.5,-0.002690083428138035,0.7259363613804364,-0.004788607579141381,0.6168454357615356,0.5,0.5281792208447268,0.5,0.16596952760065659
2020-03-19,10491.25,-0.02521148576194443,0.5,-0.012605742880972215,0.7132504920415011,-0.02243943636436306,0.5941504044031375,0.5,0.5154933515057915,0.5,0.15328365826172133
2020-03-20,10226.75,0.005646955288825861,0.5,0.0028234776444129306,0.716069991160003,0.005026062131065714,0.599163878046658,0.5,0.5183128506242933,0.5,0.15610315738022326
2020-03-23,10284.5,0.05593368661578113,0.5,0.027966843307890565,0.7436529040812719,0.04978367452399781,0.647747996727317,0.5,0.5458957635455622,0.5,0.18368607030149223
2020-03-24,10859.75,-0.006929257119178578,0.5,-0.003464628559589289,0.7401822597973019,-0.006167372508161351,0.6415615274187866,0.5,0.5424251192615922,0.5,0.1802154260175222
2020-03-25,10784.5,0.035560294867634124,0.5,0.017780147433817062,0.7578061894090784,0.031650374805944015,0.6727213529750914,0.5,0.5600490488733687,0.5,0.19783935562929872
2020-03-26,11168.0,-0.026907234957020076,0.5,-0.013453617478510038,0.7442612520387596,-0.023948734805244995,0.6484811848409127,0.5,0.5465041115030498,0.5,0.18429441825897994
2020-03-27,10867.5,0.026892109500805228,0.5,0.013446054750402614,0.7576177108427948,0.023935272420861152,0.6721344989338564,0.5,0.559860570307085,0.5,0.19765087706301518
2020-03-30,11159.75,-0.006406953560787687,0.5,-0.0032034767803938435,0.754409091945956,-0.005702497190139282,0.6664156804288714,0.5,0.556651951410246,0.5,0.1944422581661763
2020-03-31,11088.25,-0.02870155344621561,0.5,-0.014350776723107805,0.7399543469441372,-0.025545764664408596,0.6405379570910693,0.5,0.5421972064084273,0.5,0.17998751316435752
2020-04-01,10770.0,0.014716805942432742,0.5,0.007358402971216371,0.7472858089491423,0.013098665963208597,0.6535515773808138,0.5,0.5495286684134324,0.5,0.1873189751693627
2020-04-02,10928.5,-0.009150386603834049,0.5,-0.004575193301917024,0.7427001174171574,-0.008144284705980706,0.6453739468126016,0.5,0.5449429768814474,0.5,0.18273328363737773
2020-04-03,10828.5,0.047444244355173915,0.5,0.023722122177586957,0.7661452421473627,0.04222766211066442,0.6867343519900603,0.5,0.5683881016116527,0.5,0.206178408367583
2020-04-06,11342.25,-0.003328263792457431,0.5,-0.0016641318962287155,0.7644797240455505,-0.0029623150448116298,0.683767640605661,0.5,0.5667225835098405,0.5,0.20451289026577085
2020-04-07,11304.5,0.018023795833517653,0.5,0.009011897916758826,0.7734512571381429,0.016042046211373256,0.6996823729719666,0.5,0.5756941166024329,0.5,0.21348442335836318
2020-04-08,11508.25,0.0032150848304477453,0.5,0.0016075424152238726,0.7750575088401241,0.0028615803185927362,0.7025398667636931,0.5,0.577300368304414,0.5,0.2150906750603444
2020-04-09,11545.25,0.008596608995041333,0.5,0.004298304497520666,0.779346602012821,0.007651395967496659,0.7101621392635151,0.5,0.5815894614771109,0.5,0.2193797682330413
2020-04-13,11644.5,0.0313667396625017,0.5,0.01568336983125085,0.7949082587311906,0.027917908736528396,0.737697447793222,0.5,0.5971511181954805,0.5,0.234941424951411
2020-04-14,12009.75,-0.0105539249359895,0.5,-0.00527696246799475,0.7896173239207238,-0.00939350140771457,0.7282595492024212,0.5,0.5918601833850138,0.5,0.2296504901409442
2020-04-15,11883.0,0.022048304300260835,0.5,0.011024152150130417,0.8005811530408042,0.019624052543330068,0.7476935326198835,0.5,0.6028240125050942,0.5,0.24061431926102458
2020-04-16,12145.0,-0.00218196788801972,0.5,-0.00109098394400986,0.7994895735406105,-0.0019420564910223672,0.7457495878920495,0.5,0.6017324330049004,0.5,0.2395227397608308
2020-04-17,12118.5,-0.008148698271238208,0.5,-0.004074349135619104,0.7954069016302663,-0.007252733854577185,0.738470425097711,0.5,0.5976497610945563,0.5,0.23544006785048657
2020-04-20,12019.75,-0.023149399945922355,0.5,-0.011574699972961178,0.7837646933866661,-0.020604080690231053,0.7176511188545565,0.5,0.5860075528509561,0.5,0.22379785960688645
2020-04-21,11741.5,0.016884554784311945,0.5,0.008442277392155972,0.7921715340597617,0.01502806681846063,0.7325673830038888,0.5,0.5944143935240518,0.5,0.23220470027998208
2020-04-22,11939.75,-0.0027220000418769486,0.5,-0.0013610000209384743,0.7908096070370997,-0.0024227111127139134,0.7301417323779197,0.5,0.5930524665013898,0.5,0.23084277325732006
2020-04-23,11907.25,0.013689138969955383,0.5,0.006844569484977692,0.7976308587957575,0.01218399287133268,0.7422520978552322,0.5,0.5998737182600477,0.5,0.2376640250159779
2020-04-24,12070.25,0.0045152337358380645,0.5,0.0022576168679190323,0.7998859310757986,0.004018775451881552,0.746262819599199,0.5,0.6021287905400889,1.0,0.24210105070990315
2020-04-27,12124.75,-0.009855873316975572,0.5,-0.004927936658487786,0.7949458120985132,-0.008772201852749526,0.7374519154814893,0.5,0.5971886715628034,1.0,0.23219628676840226
2020-04-28,12005.25,0.0349430457508173,0.5,0.01747152287540865,0.8122664626954375,0.031100993368905608,0.7680790724297355,0.5,0.6145093221597279,1.0,0.2665426837115445
2020-04-29,12424.75,-0.02000040242258394,0.5,-0.01000020121129197,0.802215923598186,-0.01780132125733996,0.7501174018499035,0.5,0.6044587830624765,1.0,0.246339565758651
2020-04-30,12176.25,-0.013776819628374959,0.5,-0.0068884098141874794,0.795303679170997,-0.01226203287950869,0.7377795699747034,0.5,0.5975465386352873,0.5,0.23935909419295398
2020-05-01,12008.5,0.00891035516509131,0.5,0.004455177582545655,0.7997489618281113,0.007930645167003422,0.745678932858935,0.5,0.6019918212924017,1.0,0.2481618894814797
2020-05-04,12115.5,0.010214188436300509,0.5,0.005107094218150254,0.8048430590729813,0.009091119563288334,0.7547289769550629,0.5,0.6070859185372719,1.0,0.25832426561017263
2020-05-05,12239.25,0.0011030087627919016,0.5,0.0005515043813959508,0.8053944114317274,0.0009817309132714438,0.7557102262857053,0.5,0.607637270896018,1.0,0.25942666650574664
2020-05-06,12252.75,0.014037665013976408,0.5,0.007018832506988204,0.8123887265890974,0.012494197833466964,0.7681270157329954,0.5,0.6146315860533881,1.0,0.27336671596907786
2020-05-07,12424.75,0.00839051087547027,0.5,0.004195255437735135,0.8165752064779566,0.007467958716610376,0.7755672273033082,0.5,0.6188180659422472,1.0,0.28172222217657156
2020-05-08,12529.0,0.004649213823928466,0.5,0.002324606911964233,0.8188971156712214,0.004138024181971645,0.7796967134089544,0.5,0.621139975135512,1.0,0.28636066178741715
2020-05-11,12587.25,-0.018868299271087796,0.5,-0.009434149635543898,0.8094181825607772,-0.016793694937107837,0.7627604054559773,0.5,0.6116610420250679,1.0,0.26731208486727176
2020-05-12,12349.75,-0.002469685621166451,0.5,-0.0012348428105832254,0.8081825767035842,-0.0021981391283094655,0.760559846873673,0.5,0.6104254361678747,1.0,0.2648393445420961
2020-05-13,12319.25,0.006148913286117219,0.5,0.0030744566430586096,0.8112523168694149,0.005472828919987156,0.7660177542826274,0.5,0.6134951763337056,1.0,0.2709694304003097
2020-05-14,12395.0,0.0023396530859216558,0.5,0.0011698265429608279,0.8124214596984712,0.00208240391034279,0.7680979929953037,0.5,0.6146643191627619,1.0,0.27330635075954174
2020-05-15,12424.0,0.01605763039278818,0.5,0.00802881519639409,0.820418215443421,0.014292064290210347,0.7822888885354758,0.5,0.6226610749077116,1.0,0.28923642113470055
2020-05-18,12623.5,-0.001584346655048141,0.5,-0.0007921733275240705,0.8196257281808015,-0.0014101448157691722,0.7808777485298214,0.5,0.6218685876450922,1.0,0.287650818075262
2020-05-19,12603.5,0.015630578807474205,0.5,0.007815289403737102,0.8274106363994784,0.01391196781499911,0.7946938331795266,0.5,0.6296534958637692,1.0,0.3031604975758078
2020-05-20,12800.5,-0.010526932541697565,0.5,-0.005263466270848782,0.8221332692908551,-0.00936947687700048,0.7852801866397948,0.5,0.6243761287551457,1.0,0.2925777649316589
2020-05-21,12665.75,0.004914829362651307,0.5,0.0024574146813256537,0.8245876694663067,0.004374434801910353,0.7896450814131574,0.5,0.6268305289305973,1.0,0.29748055594864176
2020-05-22,12728.0,0.008563796354494002,0.5,0.004281898177247001,0.8288604264028382,0.007622191137346588,0.797238370423751,0.5,0.6311032858671288,1.0,0.30600789101594544
2020-05-25,12837.0,-0.009153228947573422,0.5,-0.004576614473786711,0.824273307165943,-0.008146814528779233,0.789058189256711,0.5,0.6265161666302338,1.0,0.2968125138764448
2020-05-26,12719.5,0.0022603089744093197,0.5,0.0011301544872046598,0.8254028235093207,0.002011783830353078,0.7910679521599657,0.5,0.6276456829736116,1.0,0.29907027219531424
2020-05-27,12748.25,0.0013139058302120699,0.5,0.0006569529151060349,0.8260595607253247,0.0011694394588324122,0.7922367083571111,0.5,0.6283024201896156,1.0,0.30038331560660314
2020-05-28,12765.0,0.010047003525264442,0.5,0.005023501762632221,0.8310704868013827,0.008942316941828463,0.8011392795530998,0.5,0.6333133462656737,1.0,0.3103801835207316
2020-05-29,12893.25,0.00044596979039424056,0.5,0.00022298489519712028,0.8312934468391433,0.0003969345887216796,0.801536135384128,0.5,0.6335363063034343,1.0,0.31082605389615514
2020-06-01,12899.0,0.005039150321730412,0.5,0.002519575160865206,0.8338098531920967,0.004485086442053794,0.806011193799184,0.5,0.6360527126563874,1.0,0.31585255019245706
2020-06-02,12964.0,0.0025455106448626363,0.5,0.0012727553224313182,0.8350817992480652,0.0022656270506843205,0.8082742581868644,0.5,0.6373246587123561,1.0,0.3183948265126074
2020-06-03,12997.0,-0.0035392782949911217,0.5,-0.0017696391474955608,0.8333105924394776,-0.0031501281132786147,0.8051191579754443,0.5,0.6355534519037684,1.0,0.31484927015460623
2020-06-04,12951.0,0.012605204231333378,0.5,0.006302602115666689,0.8395934162182542,0.01121923875806478,0.816275927875469,0.5,0.6418362756825451,1.0,0.3273756901690324
2020-06-05,13114.25,0.005757096288388608,0.5,0.002878548144194304,0.8424678292762019,0.005124092924416505,0.8213869373107133,0.5,0.644710688740493,1.0,0.33311627770991153
2020-06-08,13189.75,0.005951591197710382,0.5,0.002975795598855191,0.8454392059596895,0.005297202759438855,0.8266701592427331,0.5,0.6476820654239804,1.0,0.3390502281478519
2020-06-09,13268.25,0.009534038023100155,0.5,0.004767019011550078,0.8501948987168285,0.008485752943513702,0.8351201105778956,0.5,0.6524377581811195,1.0,0.3485391040550816
2020-06-10,13394.75,-0.03475242165773906,0.5,-0.01737621082886953,0.8326659496088302,-0.03093132874673565,0.8037003091419184,0.5,0.6349088090731213,1.0,0.3131684513742166
2020-06-11,12929.25,0.0021076241854709465,0.5,0.0010538120927354733,0.8337192068313873,0.001875887015800385,0.8055744388789651,0.5,0.6359620662956784,0.5,0.3141579649312789
2020-06-12,12956.5,0.012869988036892765,0.5,0.006434994018446383,0.8401335846718806,0.011454909095436658,0.8169642372563533,0.5,0.6423764441361716,0.5,0.32057234277177216
2020-06-15,13123.25,0.012154001485912502,0.5,0.006077000742956251,0.8461921949142697,0.010817646587381193,0.8277237916764089,0.5,0.6484350543785606,1.0,0.33259096487972745
2020-06-16,13282.75,0.002032711599631032,0.5,0.001016355799815516,0.8472080345742208,0.0018092112070552282,0.8295313682321909,0.5,0.6494508940385118,0.5,0.333544755044845
2020-06-17,13309.75,0.0002441818967298115,0.5,0.00012209094836490575,0.8473301180700924,0.00021733364644732018,0.8297486782651026,0.5,0.6495729775343836,1.0,0.33372693571034584
2020-06-18,13313.0,-0.0048448884548937254,0.5,-0.0024224442274468627,0.8449047349775107,-0.004312184026065122,0.8254271699585031,0.5,0.6471475944418018,1.0,0.32887027273716907
2020-06-19,13248.5,0.014831867758614115,0.5,0.007415933879307057,0.852293306016569,0.013201076520307426,0.8385418715986903,0.5,0.6545361654808602,1.0,0.34359322398139364
2020-06-22,13445.0,0.004127928597991826,0.5,0.002063964298995913,0.8543551432675158,0.003674055228870734,0.8422091939728628,0.5,0.656598002731807,1.0,0.34771265605613233
2020-06-23,13500.5,-0.011981037739343003,0.5,-0.005990518869671502,0.8483466092569544,-0.010663700524021982,0.831488228728012,0.5,0.6505894687212456,1.0,0.33565926720920325
2020-06-24,13338.75,0.006166244962983791,0.5,0.0030831224814918956,0.8514249886628164,0.005488254946989586,0.8369614780817972,0.5,0.6536678481271075,1.0,0.34180657867623454
2020-06-25,13421.0,-0.01883242679383057,0.5,-0.009416213396915285,0.8419641624518154,-0.016761766704942296,0.8200576431851871,0.5,0.6442070219161065,1.0,0.32279456343425694
2020-06-26,13168.25,0.010726558198697722,0.5,0.005363279099348861,0.8473131103883297,0.009547153324523093,0.8295595104485637,0.5,0.6495559698526209,1.0,0.3334640002219309
2020-06-29,13309.5,0.011514331868214489,0.5,0.0057571659341072445,0.8530537671762631,0.010248309824919637,0.839755662397052,0.5,0.6552966266405544,1.0,0.34491254667278615
2020-06-30,13462.75,0.008634937141371646,0.5,0.004317468570685823,0.8573619422195923,0.007685509863387765,0.847411789182771,0.5,0.6596048016838834,1.0,0.3535104159772236
2020-07-01,13579.0,0.0069408645702924154,0.5,0.0034704322851462077,0.8608263664509656,0.0061777036985989475,0.8535704890962187,0.5,0.6630692259152566,1.0,0.36042730363011294
2020-07-02,13673.25,-0.001736968167772801,0.5,-0.0008684840838864005,0.8599575050162792,-0.001545985311444652,0.8520233075163812,0.5,0.6622003644805703,1.0,0.3586888251840086
2020-07-03,13649.5,0.019909154181471767,0.5,0.009954577090735883,0.8698628616806344,0.01772010592877383,0.869588242780246,0.5,0.6721057211449255,1.0,0.37840238398573883
2020-07-06,13921.25,-0.005100116728023685,0.5,-0.0025500583640118424,0.8673095463796949,-0.004539349479436811,0.8650385591686104,0.5,0.669552405843986,1.0,0.3732892172725207
2020-07-07,13850.25,0.010469125106044919,0.5,0.005234562553022459,0.8725304562333707,0.009318025475604988,0.8743134396551502,0.5,0.674773315697662,1.0,0.3837039205911186
2020-07-08,13995.25,0.0037334095496686093,0.5,0.0018667047748343046,0.8743954208800473,0.0033229142781560895,0.8776308452535302,0.5,0.6766382803443385,1.0,0.38743037826478205
2020-07-09,14047.5,0.0085246485139705,0.5,0.00426232425698525,0.8786486871625581,0.007587347674151914,0.885189553777552,0.5,0.6808915466268493,1.0,0.39591889714568795
2020-07-10,14167.25,-0.017116942243554645,0.5,-0.008558471121777322,0.8700533820142647,-0.015234902847593981,0.8698374074782965,0.5,0.6722962414785559,1.0,0.37865376659138633
2020-07-13,13924.75,0.0030162121402539377,0.5,0.0015081060701269688,0.8715603520344781,0.0026845740477862094,0.8725183844934026,0.5,0.6738032114987692,1.0,0.38166543908986045
2020-07-14,13966.75,0.0033293357438202165,0.5,0.0016646678719101082,0.8732236358825735,0.0029632691331433546,0.8754772717987906,0.5,0.6754664953468646,0.5,0.3832697505057637
2020-07-15,14013.25,-0.011114480937683968,0.5,-0.005557240468841984,0.8676508965054729,-0.009892423242288539,0.8655355934334783,0.5,0.6698937559697641,1.0,0.37203350589170925
2020-07-16,13857.5,0.006386433339346853,0.5,0.0031932166696734265,0.8708390256862225,0.005684233204924285,0.8712037323451801,0.5,0.6730818851505135,1.0,0.37839963237870544
2020-07-17,13946.0,0.023304173239638626,0.5,0.011652086619819313,0.8824237495178002,0.020741836374606127,0.8917333858570813,0.5,0.6846666089820913,1.0,0.4014364096981406
2020-07-20,14271.0,-0.007147361782636086,0.5,-0.003573680891318043,0.878843667774641,-0.006361496161270802,0.8853515691538979,0.5,0.681086527238932,1.0,0.39426338316197623
2020-07-21,14169.0,-3.5288305455627444e-05,0.5,-1.7644152727813722e-05,0.8788260234662533,-3.14082911318546e-05,0.8853201603695153,0.5,0.6810688829305445,1.0,0.3942280942338737
2020-07-22,14168.5,-0.019762148427850512,0.5,-0.009881074213925256,0.8688958074547158,-0.017589263729122166,0.8675743673350323,0.5,0.671138666919007,1.0,0.3742680631539609
2020-07-23,13888.5,-0.007506210173884864,0.5,-0.003753105086942432,0.8651356417972983,-0.0066808885095010545,0.8608710617902984,0.5,0.6673785012615896,1.0,0.36673353961144256
2020-07-24,13784.25,0.01605092768921046,0.5,0.00802546384460523,0.8731290728780029,0.014286098561263562,0.8750560756454007,0.5,0.6753719323422944,1.0,0.38265701318983963
2020-07-27,14005.5,-0.009478419192460064,0.5,-0.004739209596230032,0.8683785976203278,-0.00843624950596967,0.8665840395748388,0.5,0.6706214570846193,1.0,0.3731333879005175
2020-07-28,13872.75,0.010830585139932625,0.5,0.005415292569966312,0.8737792802146128,0.00963974231154517,0.8761776160180709,0.5,0.6760221396789043,1.0,0.3839057423244002
2020-07-29,14023.0,0.013656136347429237,0.5,0.006828068173714619,0.8805841427042754,0.012154618948073053,0.8882589607346368,0.5,0.6828270021685672,1.0,0.39746947395237237
2020-07-30,14214.5,0.0016356537338633181,0.5,0.0008178268669316591,0.8814016353330352,0.0014558105865605296,0.8897137126563178,0.5,0.6836444947973268,1.0,0.39910379146153596
2020-07-31,14237.75,0.009780337483099588,0.5,0.004890168741549794,0.8862798860377729,0.008704971323240324,0.898381014168588,0.5,0.6885227455020644,1.0,0.408836611020342
2020-08-03,14377.0,0.0017388885024691714,0.5,0.0008694442512345857,0.8871489525412923,0.0015476945017963973,0.8999275122255772,0.5,0.689391812005584,1.0,0.4105739894065616
2020-08-04,14402.0,0.0011977503124565025,0.5,0.0005988751562282513,0.8877476484433579,0.0010660554546663412,0.9009929998466529,0.5,0.6899905079076495,1.0,0.4117710229883651
2020-08-05,14419.25,0.01125231894862777,0.5,0.005626159474313885,0.8933580401959559,0.010015105709492935,0.9109582867359918,1.0,0.7011234103043389,1.0,0.42296050552698283
2020-08-06,14581.5,-0.008641086307992984,0.5,-0.004320543153996492,0.8890281365239755,-0.007690982917788298,0.9032375756852796,1.0,0.6924447733345572,1.0,0.4142818685572013
2020-08-07,14455.5,-0.0036318356334958946,0.5,-0.0018159178167479473,0.8872105679297154,-0.003232508601562558,0.8999998312414728,1.0,0.6888063265741555,1.0,0.4106434217967995
2020-08-10,14403.0,-0.011629521627438688,0.5,-0.005814760813719344,0.8813788355720444,-0.010350834257487564,0.8895950545433696,1.0,0.6771086531630448,1.0,0.3989457483856888
2020-08-11,14235.5,0.014365494713919347,0.5,0.007182747356959673,0.8885359098613425,0.01278598205275807,0.9022999860701683,1.0,0.6913719418219226,1.0,0.41320903704456663
2020-08-12,14440.0,0.004484072022160612,0.5,0.002242036011080306,0.8907754362600794,0.003991040026144557,0.9062830830231356,1.0,0.6958459903460213,1.0,0.4176830855686654
2020-08-13,14504.75,-0.0023440597045795153,0.5,-0.0011720298522897576,0.8896027190436756,-0.00208632601314501,0.90419457760004,1.0,0.6934991790326946,1.0,0.41533627425533876
2020-08-14,14470.75,0.009657412366325113,0.5,0.004828706183162557,0.8944198044190995,0.008595562049963524,0.9127534081417491,1.0,0.7031102566690913,1.0,0.4249473518917355
2020-08-17,14610.5,0.008641045823209348,0.5,0.004320522911604674,0.8987310206683918,0.0076909468843813535,0.9204149304663268,1.0,0.7117141823405201,1.0,0.4335512775631642
2020-08-18,14736.75,-0.006225931769216375,0.5,-0.0031129658846081876,0.8956131994264915,-0.00554137907870061,0.9148581409903099,1.0,0.7054687886369392,1.0,0.42730588385958324
2020-08-19,14645.0,0.010822806418572917,0.5,0.005411403209286458,0.9010100136011977,0.009632818874957757,0.9244448600763724,1.0,0.716233447655277,1.0,0.43807054287792097
2020-08-20,14803.5,0.0055223426892287986,0.5,0.0027611713446143993,0.903767379914834,0.004915150916817606,0.9293479710748158,1.0,0.7217405981155831,1.0,0.443577693338227
2020-08-21,14885.25,0.004870593372634069,1.0,0.004815169379083406,0.9085709934465707,0.004335062640651029,0.933673664399373,1.0,0.7265993685226799,1.0,0.4484364637453239
2020-08-24,14957.75,0.006835921177984705,1.0,0.006835921177984705,0.9153836556528808,0.006084299025991202,0.9397395288147112,1.0,0.73341203072899,1.0,0.455249125951634
2020-08-25,15060.0,0.016500664010624222,1.0,0.016500664010624222,0.9317496629712232,0.014686385543966502,0.9543191138047421,1.0,0.7497780380473322,1.0,0.47161513326997634
2020-08-26,15308.5,-0.0024986118822876158,1.0,-0.0024986118822876158,0.9292479243488405,-0.002223884893625173,0.9520927524067853,1.0,0.7472762994249496,1.0,0.46911339464759366
2020-08-27,15270.25,0.003618146395769628,1.0,0.003618146395769628,0.9328595409985845,0.0032203245207933526,0.9553079027878657,1.0,0.7508879160746935,1.0,0.47272501129733757
2020-08-28,15325.5,0.006786075495089916,1.0,0.006786075495089916,0.9396226947241695,0.0060399339679411855,0.9613296694707381,1.0,0.7576510698002785,1.0,0.4794881650229226
2020-08-31,15429.5,0.014404225671603044,1.0,0.014404225671603044,0.953924165102046,0.012820454470150702,0.9740686376364163,1.0,0.7719525401781551,1.0,0.4937896354007991
2020-09-01,15651.75,0.005127222195601133,1.0,0.005127222195601133,0.9590382878506966,0.004563474650819949,0.9786217312073405,1.0,0.7770666629268056,1.0,0.49890375814944965
2020-09-02,15732.0,-0.0385361047546402,1.0,-0.0385361047546402,0.9197400227455146,-0.03429898890280576,0.9437207262071519,1.0,0.7377683978216237,1.0,0.4596054930442677
2020-09-03,15125.75,-0.017453679982810777,0.5,-0.008781382741351672,0.9109198564469652,-0.015534615650832384,0.928064184045281,1.0,0.7201606065272731,0.5,0.45078532674571825
2020-09-04,14861.75,-0.0024896125960940374,0.5,-0.0012448062980470187,0.9096742747339973,-0.0022158750955604233,0.9258458502657385,1.0,0.7176678896924348,0.5,0.44953974503275035
2020-09-07,14824.75,-0.030860554140879293,0.5,-0.015430277070439646,0.8941237119730063,-0.027467379247379724,0.8979941894039977,1.0,0.6863211192228053,0.5,0.4339891822717593
2020-09-08,14367.25,0.022725295376637922,0.5,0.011362647688318961,0.9054222896598559,0.020226607201196994,0.9180189559481697,1.0,0.7087920416634853,0.5,0.44528775995860886
2020-09-09,14693.75,-0.013185878349638469,0.5,-0.0065929391748192345,0.8988075210619492,-0.011736066685191863,0.9062134780212352,1.0,0.6955184577837715,0.5,0.43867299136070204
2020-09-10,14500.0,-0.007293103448275828,0.5,-0.003646551724137914,0.8951543044605933,-0.006491213261747908,0.8997011052175791,1.0,0.68819862963995,0.5,0.43501977475934617
2020-09-11,14394.25,0.013963909199854019,0.5,0.006981954599927009,0.9021119980761036,0.012428551607253696,0.9120530564123932,1.0,0.7020659416704383,0.5,0.44197746837485646
2020-09-14,14595.25,0.012846645312687421,0.5,0.006423322656343711,0.9085147791121859,0.011434132946846188,0.923422313723851,1.0,0.7148307688161443,0.5,0.4483802494109387
2020-09-15,14782.75,-0.013393989616275692,0.5,-0.006696994808137846,0.901795258809243,-0.0119212957339083,0.9114293895052293,1.0,0.7013462706318375,1.0,0.4348391836931242
2020-09-16,14584.75,-0.012478787774901856,0.5,-0.006239393887450928,0.895536318556353,-0.011106722024370913,0.900260527299576,1.0,0.6887889689285462,1.0,0.422281881989833
2020-09-17,14402.75,-0.008991338459669151,0.5,-0.004495669229834576,0.8910305134157298,-0.008002724198854807,0.8922256094303406,1.0,0.679756964440352,0.5,0.4177185357879799
2020-09-18,14273.25,0.0029425673900478344,0.5,0.0014712836950239172,0.8925007158333453,0.00261902667380662,0.8948412124302807,1.0,0.6826952109532171,0.5,0.4191887382055955
2020-09-21,14315.25,0.012085014233073066,0.5,0.006042507116536533,0.8985250402132016,0.010756244610335497,0.9055400201446809,1.0,0.694707784449334,0.5,0.42521306258545166
2020-09-22,14488.25,-0.023104929856953005,0.5,-0.011552464928476502,0.8869053271388312,-0.020564500169631527,0.8847611262823144,1.0,0.6713317516838867,1.0,0.4017787386520713
2020-09-23,14153.5,0.006341187692090244,0.5,0.003170593846045122,0.8900709052513142,0.0056439624001027935,0.8903892212022749,0.5,0.6744392228672781,0.5,0.40488620983546275
2020-09-24,14243.25,0.015902269496077093,0.5,0.007951134748038546,0.8979905962929209,0.014153785610874395,0.904443777209837,0.5,0.6823589139088849,0.5,0.4128059008770695
2020-09-25,14469.75,0.017916688263446057,0.5,0.008958344131723028,0.9069090525026807,0.015946715316341634,0.9202646794360292,0.5,0.6912773701186445,1.0,0.4305079634974769
2020-09-28,14729.0,-0.0050410754294248905,0.5,-0.0025205377147124453,0.9043853328849203,-0.004486799880603695,0.9157677836586772,0.5,0.6887536505008842,1.0,0.42545413898319606
2020-09-29,14654.75,0.002541837970623906,0.5,0.001270918985311953,0.9056554449363247,0.0022623581937575533,0.9180275865733816,0.5,0.6900237625522886,1.0,0.42799275194749187
2020-09-30,14692.0,0.014684862510209618,0.5,0.007342431255104809,0.91297105176736,0.013070234770323007,0.9310131428721358,0.5,0.6973393693833241,1.0,0.442570835946752
2020-10-01,14907.75,-0.021565964012007166,0.5,-0.010782982006003583,0.9021295120794828,-0.01919474646012516,0.9116317854400176,0.5,0.6864978296954468,1.0,0.42076892812825095
2020-10-02,14586.25,0.014928442882852,0.5,0.007464221441426,0.9095660140706632,0.013287033031366668,0.9248313200587015,0.5,0.6939343316866271,0.5,0.428149287476272
2020-10-05,14804.0,-0.017697919481221347,0.5,-0.008848959740610673,0.9006776697720834,-0.015752000565549335,0.9089539383196824,0.5,0.6850459873880473,1.0,0.4102361533469908
2020-10-06,14542.0,0.018377802228029205,0.5,0.009188901114014603,0.9098246097892936,0.016357128949345417,0.9251787305840112,0.5,0.6941929274052574,1.0,0.42844712465803725
2020-10-07,14809.25,0.005756537299323128,0.5,0.002878268649661564,0.9126987441548989,0.005123595397230617,0.930289245028326,0.5,0.6970670617708628,1.0,0.4341871564094292
2020-10-08,14894.5,0.011279331296787376,0.5,0.005639665648393688,0.9183225664286259,0.010039148000110113,0.940278335526478,0.5,0.7026908840445897,1.0,0.4454033503699996
2020-10-09,15062.5,0.02400000000000002,0.5,0.01200000000000001,0.9302511372938996,0.02136115569823437,0.9614145395845758,0.5,0.7146194549098634,1.0,0.46911987698731566
2020-10-12,15424.0,-0.0005024636929460424,0.5,-0.0002512318464730212,0.9299998738834195,-0.0004472168824054262,0.9609672226708755,0.5,0.7143681914993834,1.0,0.4686172870171867
2020-10-13,15416.25,-0.008902943322792511,0.5,-0.004451471661396256,0.9255384649206713,-0.007924048270446946,0.9530116122862202,0.5,0.7099067825366351,1.0,0.45967447568970315
2020-10-14,15279.0,-0.003943320897964564,0.5,-0.001971660448982282,0.9235648581905348,-0.0035097454862300973,0.9494956931938774,0.5,0.7079331758064986,1.0,0.4557233594019891
2020-10-15,15218.75,-0.005831622176591389,0.5,-0.0029158110882956945,0.9206447878436105,-0.00519042455364354,0.9442917515936161,0.5,0.7050131054595743,1.0,0.4498746669193904
2020-10-16,15130.0,-0.004610046265697276,0.5,-0.002305023132848638,0.9183371040555729,-0.00410316316906764,0.9401801473525762,0.5,0.7027054216715367,1.0,0.44525396161869474
2020-10-19,15060.25,-0.004183197490081558,0.5,-0.002091598745040779,0.9162433148629858,-0.003723247204253971,0.9364499516106726,0.5,0.7006116324789496,1.0,0.4410619900803927
2020-10-20,14997.25,-0.0011668805947756544,0.5,-0.0005834402973878272,0.9156597042980772,-0.0010385799194271273,0.935410831993409,0.5,0.7000280219140409,1.0,0.43989442815037966
2020-10-21,14979.75,0.0018191224820174323,0.5,0.0009095612410087162,0.9165688521389165,0.0016191066071888703,0.937028629260612,0.5,0.7009371697548803,1.0,0.44171189803297845
2020-10-22,15007.0,-0.00019990671020186923,0.5,-9.995335510093462e-05,0.916468893788146,-0.00017792659840599757,0.9368506868313909,0.5,0.7008372114041098,1.0,0.44151197133876685
2020-10-23,15004.0,-0.011496934150893146,0.5,-0.005748467075446573,0.9107038406824655,-0.010232825018732341,0.9265651465328942,0.5,0.6950721582984292,1.0,0.42994843647903885
2020-10-26,14831.5,0.003910595691602348,0.5,0.001955297845801174,0.9126572294216101,0.003480618476715091,0.9300397216760847,0.5,0.6970255470375737,1.0,0.43385140566762354
2020-10-27,14889.5,-0.025319856274555907,0.5,-0.012659928137277954,0.8999164815549416,-0.022535891339071027,0.9072460163969397,0.5,0.6842847991709053,1.0,0.4082054861431358
2020-10-28,14512.5,0.004616709732988777,0.5,0.0023083548664943887,0.9022221762632807,0.0041090939758303005,0.9113466911019552,0.5,0.6865904938792444,1.0,0.41281157155878856
2020-10-29,14579.5,-0.010682808052402293,0.5,-0.005341404026201146,0.8968664559364067,-0.009508213587571543,0.9017929858590025,0.5,0.6812347735523703,1.0,0.40207129264586633
2020-10-30,14423.75,-0.0010052864199671108,0.5,-0.0005026432099835554,0.8963636863589779,-0.0008947533224265857,0.9008978320058866,0.5,0.6807320039749416,1.0,0.40106550058660284
2020-11-02,14409.25,0.012006176587955553,0.5,0.006003088293977776,0.9023488279065427,0.010686075309825608,0.9115272147361093,0.5,0.6867171455225063,1.0,0.41300017478103346
2020-11-03,14582.25,0.038848600181727866,0.5,0.019424300090863933,0.9215868841868705,0.03457712488084767,0.9455199829695867,0.5,0.7059552018028343,1.0,0.45111315941968594
2020-11-04,15148.75,0.01835134912121461,0.5,0.009175674560607305,0.9307207179956514,0.016333584410455057,0.961721609349665,0.5,0.7150890356116153,0.5,0.4601930269965968
2020-11-05,15426.75,0.00016205616866815653,0.5,8.102808433407827e-05,0.9308017427973876,0.00014423779378249245,0.9618658367421771,0.5,0.7151700604133514,1.0,0.46030159873547993
2020-11-06,15429.25,-0.016073367143574657,0.5,-0.008036683571787329,0.9227325910093245,-0.014306070756199274,0.9474564475850361,0.5,0.7071009086252884,1.0,0.4440976539205947
2020-11-09,15181.25,-0.014656237134623273,0.5,-0.007328118567311637,0.915377489879383,-0.01304475680762216,0.934325860698558,0.5,0.699745807495347,0.5,0.43668780676656954
2020-11-10,14958.75,0.017982785994819173,0.5,0.008991392997409586,0.9243287009839566,0.016005545480140018,0.9502046679896967,0.5,0.7086970185999206,0.5,0.4456390178711431
2020-11-11,15227.75,-0.0019208353171019654,0.5,-0.0009604176585509827,0.9233678218288562,-0.0017096359283034347,0.9484935689660783,0.5,0.7077361394448203,1.0,0.44366205223826144
2020-11-12,15198.5,0.0053623712866401885,0.5,0.0026811856433200942,0.9260454195058543,0.00477276866523593,0.95325498408186,0.5,0.7104137371218185,1.0,0.4490100972045386
2020-11-13,15280.0,0.006299083769633507,0.5,0.0031495418848167533,0.9291900119731711,0.005606487881640095,0.958845814106778,0.5,0.7135583295891352,1.0,0.4552894246670219
2020-11-16,15376.25,-0.0047150638159498826,0.5,-0.0023575319079749413,0.9268296967114236,-0.004196633845817351,0.9546403496786696,0.5,0.7111980143273877,1.0,0.45056320987215226
2020-11-17,15303.75,-0.006223964714530794,0.5,-0.003111982357265397,0.9237128620676271,-0.0055396283053087084,0.9490853207302543,0.5,0.7080811796835912,1.0,0.44431979554477125
2020-11-18,15208.5,0.005983496071275907,0.5,0.0029917480356379533,0.9267001437310669,0.005325599633262424,0.9543967895057812,0.5,0.7110684613470311,1.0,0.4502854615919975
2020-11-19,15299.5,-0.0037092715448217017,0.5,-0.0018546357724108509,0.9248437859923223,-0.0033014302914986093,0.951089897468937,0.5,0.7092121036082862,1.0,0.4465692936404338
2020-11-20,15242.75,0.0006888520772170281,0.5,0.00034442603860851406,0.925188152729899,0.0006131115197702121,0.9517028211126282,0.5,0.7095564703458629,1.0,0.4472579085679598
2020-11-23,15253.25,0.011964663268483777,0.5,0.005982331634241889,0.9311526612653842,0.010649126456459478,0.9622956449847873,0.5,0.715520978881348,1.0,0.45915156110470634
2020-11-24,15435.75,0.0043891615243834,0.5,0.0021945807621917,0.933344837452595,0.003906565112793893,0.9661945992870694,0.5,0.7177131550685588,1.0,0.46353111835253846
2020-11-25,15503.5,-0.0009675234624439977,0.5,-0.00048376173122199884,0.9328609586709155,-0.0008611424717900429,0.9653330858190987,0.5,0.7172292762868793,1.0,0.4625631265371499
2020-11-26,15488.5,0.007715401749685213,0.5,0.0038577008748426067,0.9367112376991241,0.006867079085393982,0.972176693907108,0.5,0.7210795553150878,1.0,0.4702489167869742
2020-11-27,15608.0,0.0029472065607381026,0.5,0.0014736032803690513,0.9381837562916482,0.002623155759116016,0.9747964151979415,0.5,0.7225520739076119,1.0,0.4731917888488105
2020-11-30,15654.0,0.008895489970614623,0.5,0.0044477449853073114,0.942621639290815,0.00791741442809921,0.9826826513598079,0.5,0.7269899569067786,1.0,0.48204794702680365
2020-12-01,15793.25,0.00023744321149865577,0.5,0.00011872160574932789,0.9427403538497122,0.0002113358920963156,0.9828939649236204,0.5,0.727108671465676,1.0,0.48228536205312444
2020-12-02,15797.0,0.0016458821295182169,0.5,0.0008229410647591084,0.9435629564841327,0.001464914351232506,0.9843578073345641,0.5,0.7279312741000965,1.0,0.48392989120301044
2020-12-03,15823.0,0.001327181950325551,0.5,0.0006635909751627755,0.9442263273801607,0.0011812558450329342,0.9855383660458529,0.5,0.7285946449961245,1.0,0.4852561932258346
2020-12-04,15844.0,0.003944710931582884,0.5,0.001972355465791442,0.9461967403067428,0.0035109826830862106,0.9890431996179835,0.5,0.7305650579227065,1.0,0.48919314418578624
2020-12-07,15906.5,0.004762204130386971,0.5,0.0023811020651934856,0.9485750120403957,0.00423859099566545,0.9932728330894354,0.5,0.7329433296563593,1.0,0.4939440448940139
2020-12-08,15982.25,-0.018504903877739398,1.0,-0.018556523643416947,0.9298441560757926,-0.01647025553805216,0.9766654349584445,0.5,0.7236478079106472,1.0,0.47526578330644653
2020-12-09,15686.5,0.0024543397188665494,1.0,0.0024543397188665494,0.9322954888220146,0.002184480536294545,0.9788475329861971,0.5,0.7248742254125993,1.0,0.47771711605266853
2020-12-10,15725.0,-0.0013036565977742054,1.0,-0.0013036565977742054,0.9309909817247247,-0.0011603171484202198,0.9776865421486552,0.5,0.7242221845812851,1.0,0.4764126089553786
2020-12-11,15704.5,0.006558629692126505,1.0,0.006558629692126505,0.9375281971861417,0.005837496250857379,0.9835070662362022,0.5,0.7274961342007302,1.0,0.4829498244167956
2020-12-14,15807.5,0.007970899889293115,1.0,0.007970899889293115,0.9454674972611491,0.007094484732926215,0.9905765035084265,0.5,0.731473663278251,1.0,0.49088912449180305
2020-12-15,15933.5,0.0048953462829886,1.0,0.0048953462829886,0.9503509002982129,0.004357093922820511,0.994924132779812,0.5,0.7339183457469736,1.0,0.49577252752886686
2020-12-16,16011.5,0.0048090434999843445,1.0,0.0048090434999843445,0.9551484172880589,0.004280280290114477,0.9991952787260043,0.5,0.7363199812602961,1.0,0.5005700445187129
2020-12-17,16088.5,-0.0002797028933710921,1.0,-0.0002797028933710921,0.9548686752705379,-0.0002489490439394391,0.9989462986891078,0.5,0.7361801200334851,1.0,0.5002903025011919
2020-12-18,16084.0,-0.0036993285252424624,1.0,-0.0036993285252424624,0.951162487307425,-0.0032925805252759957,0.9956482856927308,0.5,0.7343287430295983,1.0,0.49658411453807905
2020-12-21,16024.5,0.0011388810883334877,1.0,0.0011388810883334877,0.9523007203626669,0.001013659010402759,0.9966614312977549,0.5,0.7348980215040215,1.0,0.49772234759332096
2020-12-22,16042.75,-0.0032101728194978696,1.0,-0.0032101728194978696,0.9490853838846179,-0.0028572083923139144,0.9938001332937696,0.5,0.7332916455630237,1.0,0.494507011115272
2020-12-23,15991.25,0.0029547408739154513,1.0,0.0029547408739154513,0.952035768091489,0.002629861660651874,0.99642654291917,0.5,0.7347679257619356,1.0,0.49745739532214317
2020-12-24,16038.5,0.0086978208685351,1.0,0.0086978208685351,0.9606959808312712,0.007741479408672091,1.0041382108339865,0.5,0.7391074070131178,1.0,0.5061176080619253
2020-12-28,16178.0,0.000942638150574826,1.0,0.000942638150574826,0.9616381749775063,0.0008389933458968555,1.0049768524217009,0.5,0.7395786150524574,1.0,0.5070598022081604
2020-12-29,16193.25,-0.0010189430781344377,1.0,-0.0010189430781344377,0.9606187124239663,-0.0009069084058194955,1.004069532525645,0.5,0.739069013688669,1.0,0.5060403396546205
2020-12-30,16176.75,0.0025808645123401863,1.0,0.0025808645123401863,0.9631962522246825,0.002297093695172766,1.0063639919344594,0.5,0.7403586140527251,1.0,0.5086178794553367
2020-12-31,16218.5,-0.012007892221845395,1.0,-0.012007892221845395,0.9511156828797175,-0.010687602306602362,0.995618866986458,0.5,0.7343365717887763,1.0,0.49653731011037167
2021-01-04,16023.75,0.007192448708947641,1.0,0.007192448708947641,0.9582823892891955,0.006401625696808133,1.002000089307706,0.5,0.7379263451898707,1.0,0.5037040165198498
2021-01-05,16139.0,-0.00901542846520853,1.0,-0.00901542846520853,0.9492260759334042,-0.008024165463817224,0.9939435569671337,0.5,0.7334084405783899,1.0,0.4946477031640585
2021-01-06,15993.5,0.0167411761027918,1.0,0.0167411761027918,0.9658286631691418,0.014900452887637323,1.0087340886783505,0.5,0.7417441895383983,1.0,0.5112502903997961
2021-01-07,16261.25,0.0121454377738488,1.0,0.0121454377738488,0.9779009369239264,0.010810024471266708,1.019486102524814,0.5,0.7477985437793673,1.0,0.5233225641545807
2021-01-08,16458.75,-0.013214855320118457,1.0,-0.013214855320118457,0.9645979884503191,-0.011761857584278787,1.0076545270800423,0.5,0.7411691904342134,1.0,0.5100196156809733
2021-01-11,16241.25,-0.0015085045793888918,1.0,-0.0015085045793888918,0.9630883449323571,-0.0013426417163260682,1.0063109832127262,0.5,0.7404146535531493,1.0,0.5085099721630113
2021-01-12,16216.75,0.005657730433039854,1.0,0.005657730433039854,0.9687301305213867,0.005035652528283465,1.0113339992470578,0.5,0.7432395250604664,1.0,0.5141517577520409
2021-01-13,16308.5,-0.004491522825520455,1.0,-0.004491522825520455,0.9642284905014474,-0.0039976715999214965,1.0073283155978692,0.5,0.7409912381437167,1.0,0.5096501177321017
2021-01-14,16235.25,-0.008669407616143876,1.0,-0.008669407616143876,0.9555212849554304,-0.007716190245829501,0.9995822015247318,0.5,0.7366471122693234,1.0,0.5009429121860847
2021-01-15,16094.5,0.0034173164745721074,1.0,0.0034173164745721074,0.9589327756725906,0.003041576220144837,1.0026191615099767,0.5,0.7383543124108123,1.0,0.5043544029032448
2021-01-18,16149.5,0.01354531100034051,1.0,0.01354531100034051,0.9723871690329287,0.012055979052470004,1.0146030461146565,0.5,0.745104136507901,1.0,0.5178087962635829
2021-01-19,16368.25,0.01574694912406649,1.0,0.01574694912406649,0.9880114213444064,0.014015543000473304,1.0285212795690029,0.5,0.7529467770107999,1.0,0.5334330485750607
2021-01-20,16626.0,0.006405629736557117,1.0,0.006405629736557117,0.9943966222281703,0.005701318922826519,1.0342064074840158,0.5,0.756144473792815,1.0,0.5398182494588245
2021-01-21,16732.5,-0.00249514418048713,1.0,-0.00249514418048713,0.9918983599876897,-0.0022207984720387054,1.031983139382006,0.5,0.7548961228366495,1.0,0.537319987218344
2021-01-22,16690.75,0.006530563335979567,1.0,0.006530563335979567,0.9984076915816199,0.005812515842376677,1.0377788277294075,0.5,0.7581560850489888,1.0,0.5438293188122741
2021-01-25,16799.75,0.0052381731871009585,1.0,0.0052381731871009585,1.0036321932612522,0.004662226375999168,1.0424302195902733,0.5,0.7607717478121496,1.0,0.5490538204919064
2021-01-26,16887.75,-0.029044721765776993,1.0,-0.029044721765776993,0.9741573240784798,-0.025851200993777437,1.016239003635979,0.5,0.7461429052791292,1.0,0.519578951309134
2021-01-27,16397.25,0.0054887252435622536,1.0,0.0054887252435622536,0.9796310411617092,0.004885229771356773,1.0211123393933084,0.5,0.7488835090134067,0.5,0.5222693781699221
2021-01-28,16487.25,-0.017058636218896472,1.0,-0.017058636218896472,0.9624252302740436,-0.015183007677974468,1.0058128897243774,0.5,0.7403176081041644,1.0,0.5050126589149926
2021-01-29,16206.0,0.022507096137233118,0.5,0.011202640997161542,0.9735655864266997,0.02003239937094023,1.0256472806052463,0.5,0.7515083060854753,0.5,0.5161530150676487
2021-02-01,16570.75,0.015856252734486986,0.5,0.007928126367243493,0.9814624503265823,0.014112828477163778,1.0396614502716521,0.5,0.7594051699853578,1.0,0.5318358600684029
2021-02-02,16833.5,-0.00487123889862473,0.5,-0.002435619449312365,0.9790238599311759,-0.004335637189867437,1.035316386951476,0.5,0.7569665795899514,1.0,0.526952718014433
2021-02-03,16751.5,0.00879025758887253,0.5,0.004395128794436265,0.9834093583545555,0.007823752540978841,1.0431096926431784,0.5,0.7613520780133308,1.0,0.5357045662105919
2021-02-04,16898.75,0.0023818329758118484,1.0,0.0023330127968045253,0.9857396539024353,0.002119946043479406,1.0452273947718036,0.5,0.7625422859227122,1.0,0.5380835671183587
2021-02-05,16939.0,0.004840899698919543,1.0,0.004840899698919543,0.9905688741240265,0.004308633841173173,1.0495267730266193,0.5,0.7649598112016684,1.0,0.5429127873399499
2021-02-08,17021.0,0.0007050114564361998,1.0,0.0007050114564361998,0.9912736371766306,0.0006274941454155261,1.0501540703799033,0.5,0.7653122548143393,1.0,0.543617550392554
2021-02-09,17033.0,-0.0019520929959490063,1.0,-0.0019520929959490063,0.9893196363639211,-0.0017374567676624784,1.0484151024836303,0.5,0.7643357316728056,1.0,0.5416635495798444
2021-02-10,16999.75,0.0027059221459138083,1.0,0.0027059221459138083,0.9920219040933982,0.0024084010110902196,1.0508206079451698,0.5,0.7656877783186267,1.0,0.5443658173093215
2021-02-11,17045.75,0.006482554302392085,1.0,0.006482554302392085,0.9984835370079944,0.0057697854906523455,1.0565738119739307,0.5,0.7689238138543357,1.0,0.5508274502239178
2021-02-12,17156.25,0.002987249544626591,1.0,0.002987249544626591,1.0014663335885725,0.002658795943010345,1.059229079571724,0.5,0.7704163242786428,1.0,0.5538102468044959
2021-02-15,17207.5,-0.0067848321952637125,1.0,-0.0067848321952637125,0.9946583797758062,-0.006038827371225889,1.0531719447415555,0.5,0.767018140890461,1.0,0.5470022929917295
2021-02-16,17090.75,-0.0032766262451910944,1.0,-0.0032766262451910944,0.9913763736356886,-0.002916355141185332,1.0502513287505983,0.5,0.7653784842653358,1.0,0.543720286851612
2021-02-17,17034.75,-0.003478184299740228,1.0,-0.003478184299740228,0.9878921263901592,-0.003095751515579384,1.0471507754837157,0.5,0.763637878139162,1.0,0.5402360396060826
2021-02-18,16975.5,-0.003946864598980859,1.0,-0.003946864598980859,0.983937452365828,-0.0035128995507783087,1.043631691212862,0.5,0.7616624960565522,1.0,0.5362813655817513
2021-02-19,16908.5,-0.02081793180944491,1.0,-0.02081793180944491,0.9628997722601789,-0.01852896177903243,1.024928917840936,0.5,0.7511989779815748,1.0,0.5152436854761022
2021-02-22,16556.5,-0.003835351674568943,1.0,-0.003835351674568943,0.9590570467642056,-0.0034136476782479597,1.0215094303736767,0.5,0.7492794610498572,1.0,0.5114009599801289
2021-02-23,16493.0,0.009488874067786313,0.5,0.004694415812769043,0.9637404781705624,0.008445554848455073,1.0299195210602303,0.5,0.7540126787147644,1.0,0.5208450974596261
2021-02-24,16649.5,-0.03159254031652603,0.5,-0.015796270158263015,0.9478181173324242,-0.028118882191835767,1.001397732276724,0.5,0.7380903178766263,1.0,0.48874274661320455
2021-02-25,16123.5,0.007303004930691248,0.5,0.003651502465345624,0.9514629692473932,0.006500026057894538,1.007876724264045,0.5,0.7417351697915953,0.5,0.49233661583678623
2021-02-26,16241.25,0.025136612021857907,0.5,0.012568306010928953,0.9639529496972863,0.022372795130209004,1.0300029197192018,0.5,0.7542251502414883,0.5,0.5048265962866794
2021-03-01,16649.5,-0.015571038169314377,0.5,-0.007785519084657189,0.9561369652300227,-0.013858973779911432,1.0160470137328617,0.5,0.7464091657742248,1.0,0.4890827201142075
2021-03-02,16390.25,-0.0230167325086561,0.5,-0.01150836625432805,0.9445618652371789,-0.02048600028258396,0.995348264751318,0.5,0.7348340657813809,1.0,0.46579696661196507
2021-03-03,16013.0,-0.015331293324174156,0.5,-0.007665646662087078,0.9368666864872117,-0.013645589323041041,0.9816087186649414,0.5,0.7271388870314137,1.0,0.45034693382729457
2021-03-04,15767.5,0.01398446170921197,0.5,0.006992230854605985,0.943834585054457,0.012446844330269723,0.9939787378584612,0.5,0.734106785598659,0.5,0.45726287154151996
2021-03-05,15988.0,-0.019952464348261145,0.5,-0.009976232174130573,0.9338082568176891,-0.017758654062778177,0.9760605068278467,0.5,0.7240804573618912,0.5,0.447236543304752
2021-03-08,15669.0,0.02900631820792654,0.5,0.01450315910396327,0.9482072510482372,0.025817019978002034,1.00154989457004,0.5,0.7384794515924394,0.5,0.4616355375353002
2021-03-09,16123.5,1.550531832417157e-05,0.5,7.752659162085784e-06,0.9482150036773476,1.3800479953054791e-05,1.0015636949547673,0.5,0.7384872042215499,1.0,0.461599874667242
2021-03-10,16123.75,0.015923715016668005,0.5,0.007961857508334003,0.956145332837104,0.014172873156889901,1.0156370719406305,0.5,0.7464175333813063,0.5,0.46947943994595037
2021-03-11,16380.5,-0.006776349928268366,0.5,-0.003388174964134183,0.9527514050100296,-0.006031277745144155,1.0095875325755748,0.5,0.743023605554232,1.0,0.46262931664118406
2021-03-12,16269.5,0.008958480592519802,0.5,0.004479240296259901,0.9572206433657484,0.00797347911485109,1.0175293914766934,0.5,0.7474928439099507,1.0,0.4715479081001227
2021-03-15,16415.25,0.004919206225918016,0.5,0.002459603112959008,0.9596772266057497,0.004378330420981604,1.0218981648946943,0.5,0.7499494271499522,1.0,0.47645505456455967
2021-03-16,16496.0,0.0010153976721629654,0.5,0.0005076988360814827,0.9601847966063817,0.000903752823779076,1.022801509579776,0.5,0.7504569971505842,1.0,0.4774699370692101
2021-03-17,16512.75,-0.023012520627999522,0.5,-0.011506260313999761,0.9486118270696926,-0.020482251505980313,1.0021065877711275,0.5,0.738884027613895,1.0,0.4541884946659576
2021-03-18,16132.75,0.0022004927864127666,0.5,0.0011002463932063833,0.949711468635435,0.0019585445426418603,1.004063216865992,0.5,0.7399836691796374,1.0,0.45638656991398646
2021-03-19,16168.25,0.014627433395698386,0.5,0.007313716697849193,0.9569985698008393,0.013019120092961084,1.0169983166759935,0.5,0.7472707703450419,1.0,0.47090805433057775
2021-03-22,16404.75,-0.0019354150474709675,0.5,-0.0009677075237354837,0.9560303937458863,-0.00172261259040554,1.015274218682425,0.5,0.7463025942900887,1.0,0.4689707639473111
2021-03-23,16373.0,-0.014307090942405232,0.5,-0.007153545471202616,0.9488511389865343,-0.012733999883729858,1.0024584464880817,0.5,0.7391233395307368,1.0,0.4545603397967471
2021-03-24,16138.75,-0.0002478506699713501,0.5,-0.00012392533498567504,0.9487272059721699,-0.00022059903129873775,1.0022378231212377,0.5,0.7389994065163724,1.0,0.45431245840672235
2021-03-25,16134.75,0.010350330807728625,0.5,0.0051751654038643125,0.9538890262299792,0.009212292829671785,1.0114079415984372,0.5,0.7441612267741817,1.0,0.46460959130297946
2021-03-26,16301.75,0.000322051313509375,0.5,0.0001610256567546875,0.9540500389234944,0.0002866411771122768,1.011694541701816,0.5,0.744322239467697,1.0,0.46493159076909596
2021-03-29,16307.0,-0.0045379284969644385,0.5,-0.0022689642484822192,0.9517784966753007,-0.004038974882129664,1.007647388130863,0.5,0.7420506972195035,1.0,0.46038333461866376
2021-03-30,16233.0,0.0122435778968768,0.5,0.0061217889484384,0.9578816235983666,0.01089737390661025,1.01848581352775,0.5,0.7481538241425695,1.0,0.4725525661442574
2021-03-31,16431.75,0.01449936860042289,0.5,0.007249684300211445,0.9651051552601975,0.012905136258321818,1.0313083880699363,0.5,0.7553773558044005,1.0,0.48694782405265846
2021-04-01,16670.0,0.0010197960407918316,0.5,0.0005098980203959158,0.9656149233267713,0.0009076675836582193,1.0322156439724675,0.5,0.7558871238709742,1.0,0.4879671004547216
2021-04-02,16687.0,0.01535626535626533,0.5,0.007678132678132665,0.973263729165442,0.013667815634107745,1.0457908974755372,0.5,0.763535929709645,1.0,0.5032066517132602
2021-04-05,16943.25,-0.0010181045549112477,0.5,-0.0005090522774556239,0.972754547276888,-0.0009061620797725311,1.044884324582713,0.5,0.763026747821091,1.0,0.5021880285378701
2021-04-06,16926.0,0.002230296585135294,0.5,0.001115148292567647,0.9738690742534619,0.0019850713586798082,1.0468674282907644,0.5,0.7641412747976648,1.0,0.5044158417033994
2021-04-07,16963.75,0.009888733328420996,0.5,0.004944366664210498,0.9788012576792461,0.008801448845280004,1.0556303701649672,0.5,0.7690734582234491,1.0,0.5142560014665905
2021-04-08,17131.5,0.0012987771064996156,1.0,0.0012506202025507494,0.9800510965077516,0.0011559741662183578,1.0567856767075035,0.5,0.7697226360151912,1.0,0.5155539358916619
2021-04-09,17153.75,0.0008015739998543658,1.0,0.0008015739998543658,0.9808523494187402,0.0007134394589393995,1.0574988617894931,0.5,0.7701233427214618,1.0,0.5163551888026505
2021-04-12,17167.5,0.008781127129750876,1.0,0.008781127129750876,0.9895951466745548,0.00781562599269159,1.0652841039869279,0.5,0.7745042958819214,1.0,0.5250979860584651
2021-04-13,17318.25,-0.008560333751966853,1.0,-0.008560333751966853,0.9809979628154298,-0.007619109254358941,1.05763582104015,0.5,0.7702149428701949,1.0,0.5165008021993401
2021-04-14,17170.0,0.010002912055911528,1.0,0.010002912055911528,0.9909511768881162,0.00890307341091965,1.0664994957665663,0.5,0.7752039331642202,1.0,0.5264540162720265
2021-04-15,17341.75,0.001441607680885637,1.0,0.001441607680885637,0.9923917464502359,0.001283100255298693,1.067781773552198,0.5,0.7759244773503405,1.0,0.5278945858341462
2021-04-16,17366.75,-0.007485568687290334,1.0,-0.007485568687290334,0.9848780202891847,-0.006662516592459856,1.0610969633197276,0.5,0.7721746712633176,1.0,0.520380859673095
2021-04-19,17236.75,-0.009224476772013324,1.0,-0.009224476772013324,0.9756107345678355,-0.008210228523405116,1.0528528452486945,0.5,0.7675517636873076,1.0,0.5111135739517458
2021-04-20,17077.75,0.009149331732810184,1.0,0.009149331732810184,0.9847184647236206,0.00814334581997311,1.0609632129419855,0.5,0.7721159975729364,1.0,0.5202213041075309
2021-04-21,17234.0,-0.007528722293141499,1.0,-0.007528722293141499,0.9771612585459004,-0.0067009253796901464,1.0542397355591702,0.5,0.7683445333877399,1.0,0.5126640979298107
2021-04-22,17104.25,0.008302030197173238,1.0,0.008302030197173238,0.9854290164461517,0.007389206652219198,1.0616017757674778,0.5,0.7724869567911167,1.0,0.520931855830062
2021-04-23,17246.25,0.0068565630209465045,1.0,0.0068565630209465045,0.9922621801372957,0.006102671260216431,1.067685901144145,0.5,0.7759093751410875,1.0,0.527765019521206
2021-04-26,17364.5,-0.004103199055544349,1.0,-0.004103199055544349,0.9881505398619237,-0.00365204474526379,1.0640271714025704,0.5,0.7738556682001322,1.0,0.523653379245834
2021-04-27,17293.25,0.0010553250545732862,1.0,0.0010553250545732862,0.9892053084524774,0.0009392901167911511,1.0649660206624398,0.5,0.7743831915625002,1.0,0.5247081478363878
2021-04-28,17311.5,-0.0013574791323686108,1.0,-0.0013574791323686108,0.9878469071106302,-0.0012082217959845823,1.063757068378047,0.5,0.7737042215483346,1.0,0.5233497464945405
2021-04-29,17288.0,-0.00462748727440998,1.0,-0.00462748727440998,0.9832086798714743,-0.0041186865066779035,1.0596298767206997,0.5,0.7713877970703366,1.0,0.5187115192553846
2021-04-30,17208.0,-0.0046635285913528834,1.0,-0.0046635285913528834,0.9785342431037192,-0.004150765014294019,1.055470473369212,0.5,0.7690533099788593,1.0,0.5140370824876295
2021-05-03,17127.75,-0.015369794631518996,1.0,-0.015369794631518996,0.9630451087818322,-0.013679857340573488,1.0416961845854371,0.5,0.7613387316783927,1.0,0.4985479481657426
2021-05-04,16864.5,-0.0022680779151471597,1.0,-0.0022680779151471597,0.9607744548822111,-0.0020186985617160515,1.0396754457054587,0.5,0.7602040492120851,1.0,0.49627729426612144
2021-05-05,16826.25,0.0072654334744819415,1.0,0.0072654334744819415,0.968013622241319,0.006466585652648855,1.0461212126953512,0.5,0.7638301835703418,1.0,0.5035164616252293
2021-05-06,16948.5,0.006475499306723309,1.0,0.006475499306723309,0.9744682455755058,0.005763506204780216,1.0518681734410422,0.5,0.7670627029986931,1.0,0.5099710849594161
2021-05-07,17058.25,-0.023683554878138113,1.0,-0.023683554878138113,0.9504997270156735,-0.021079504301649413,1.0305633239862648,0.5,0.7551502532351356,1.0,0.48600256639958384
2021-05-10,16654.25,0.00033024603329478985,1.0,0.00033024603329478985,0.95082991852975,0.00029393487233059543,1.030857215668204,0.5,0.7553153626204783,1.0,0.4863327579136602
2021-05-11,16659.75,-0.021113762211317666,1.0,-0.021113762211317666,0.9294900728630525,-0.018792265082143895,1.0118861321598516,0.5,0.7447023623336975,1.0,0.4649929122469627
2021-05-12,16308.0,0.007726269315673218,1.0,0.007726269315673218,0.9371866474150415,0.00687675174244109,1.0187393468888837,0.5,0.7485580542488951,0.5,0.4687982089029691
2021-05-13,16434.0,0.01866557137641478,1.0,0.01866557137641478,0.9556801548311398,0.01661325734867094,1.0352161137047426,0.5,0.7578475585748045,1.0,0.4872424341585274
2021-05-14,16740.75,-0.005137165300240443,1.0,-0.005137165300240443,0.9505297489316745,-0.004572324492750121,1.0306333041634552,0.5,0.755275671456523,1.0,0.48209202825906217
2021-05-17,16654.75,-0.007400291208213838,1.0,-0.007400291208213838,0.9431019397236148,-0.006586615529622108,1.0240249011585865,0.5,0.751568663380343,1.0,0.4746642190510024
2021-05-18,16531.5,0.0018147173577716114,1.0,0.0018147173577716114,0.9449150124712099,0.0016151858344853266,1.0256387839833117,0.5,0.7524756106581828,1.0,0.47647729179859755
2021-05-19,16561.5,0.016333061618814648,1.0,0.016333061618814648,0.9611161244613449,0.014537211344514803,1.0400713430862505,0.5,0.7606089757981499,1.0,0.4926784037887325
2021-05-20,16832.0,-0.004470651140684456,1.0,-0.004470651140684456,0.9566354500750706,-0.003979094795360402,1.036084310629727,0.5,0.7583711481582829,1.0,0.48819772940245815
2021-05-21,16756.75,0.014054037925015361,1.0,0.014054037925015361,0.970591645663368,0.012508770512714314,1.048515492825547,0.5,0.7653735926792556,1.0,0.5021539249907556
2021-05-24,16992.25,0.0011034442172166425,1.0,0.0011034442172166425,0.9716944815334912,0.0009821184886783761,1.0494971293513997,0.5,0.7659251626451791,1.0,0.5032567608608789
2021-05-25,17011.0,0.0020280994650521134,1.0,0.0020280994650521134,0.9737205271812517,0.0018051061851868328,1.051300608290357,0.5,0.7669386985765925,1.0,0.5052828065086393
2021-05-26,17045.5,-0.0005866651022263802,1.0,-0.0005866651022263802,0.9731336899237193,-0.0005221601913074283,1.0507783117259426,0.5,0.7666453229950715,1.0,0.5046959692511069
2021-05-27,17035.5,-0.0003668809251269334,1.0,-0.0003668809251269334,0.9727667416813203,-0.0003265416901811951,1.0504517167094145,0.5,0.7664618657052484,1.0,0.5043290210087079
2021-05-28,17029.25,-0.0018644391267965688,1.0,-0.0018644391267965688,0.9709005623245233,-0.0016594406032242332,1.0487908977095097,0.5,0.7655292113549608,1.0,0.5024628416519109
2021-05-31,16997.5,-0.00042653331372255465,1.0,-0.00042653331372255465,0.970473938019592,-0.000379635188537972,1.0484111904412903,0.5,0.7653159219535323,1.0,0.5020362173469797
2021-06-01,16990.25,0.0017362899309898427,1.0,0.0017362899309898427,0.97220872234175,0.0015453816480479419,1.0499553792159242,0.5,0.7661836902991446,1.0,0.5037710016691377
2021-06-02,17019.75,-0.008622335815743454,1.0,-0.008622335815743454,0.9635489991222461,-0.0076742940767732665,1.0422514862132104,0.5,0.7618632025108828,1.0,0.4951112784496337
2021-06-03,16873.0,0.013809044034848617,1.0,0.013809044034848617,0.9772635670646357,0.012290714153007316,1.0544672827748462,0.5,0.7687439974695524,1.0,0.5088258463920233
2021-06-04,17106.0,0.0034783117034957733,1.0,0.0034783117034957733,0.9807358434331133,0.003095864911056832,1.0575583653638692,0.5,0.7704816427409314,1.0,0.5122981227605009
2021-06-07,17165.5,-0.0005825638635635899,1.0,-0.0005825638635635899,0.9801531098132896,-0.0005185098914061166,1.0570397209997238,0.5,0.7701903183783281,1.0,0.5117153891406773
2021-06-08,17155.5,-7.286293025565715e-05,1.0,-7.286293025565715e-05,0.9800802442284017,-6.485151657586178e-05,1.0569748673801973,0.5,0.7701538862495584,1.0,0.5116425235557893
2021-06-09,17154.25,0.009487444802308564,1.0,0.009487444802308564,0.9895229658760594,0.008444282733354893,1.0653836966045962,0.5,0.7748863926559936,1.0,0.521085245203447
2021-06-10,17317.0,0.0012559912224980874,1.0,0.0012559912224980874,0.9907781690014084,0.001117892669141556,1.0665009648970087,0.5,0.775514191160516,1.0,0.522340448328796
2021-06-11,17338.75,0.0071948669886814365,1.0,0.0071948669886814365,0.9979472764185923,0.006403778082221278,1.0728843259102625,0.5,0.7791051693679948,1.0,0.5295095557459799
2021-06-14,17463.5,-0.004122884874166122,1.0,-0.004122884874166122,0.9938158690215971,-0.003669566071789911,1.0692080104643196,1.0,0.7749263238794971,1.0,0.5253781483489848
2021-06-15,17391.5,-0.006152430785153706,1.0,-0.006152430785153706,0.9876444340460874,-0.005475959663511605,1.0637170027736211,1.0,0.7687548889039875,1.0,0.519206713373475
2021-06-16,17284.5,0.01424686858167723,1.0,0.01424686858167723,1.0017907697231894,0.01268039908272877,1.0763176788350037,1.0,0.7829012245810896,1.0,0.5333530490505771
2021-06-17,17530.75,-0.009084038047430965,1.0,-0.009084038047430965,0.9926652202164504,-0.008085231295827399,1.068199584801534,1.0,0.7737756750743506,1.0,0.5242274995438382
2021-06-18,17371.5,0.0068934749445932475,1.0,0.0068934749445932475,0.9995350437938316,0.00613552464972224,1.0743163637572613,1.0,0.7806454986517319,1.0,0.5310973231212194
2021-06-21,17491.25,0.007489459015221911,1.0,0.007489459015221911,1.0069965960618914,0.0066659791716541725,1.0809602235336313,1.0,0.7881070509197916,1.0,0.538558875389279
2021-06-22,17622.25,0.0003262920455673335,1.0,0.0003262920455673335,1.0073228348857861,0.00029041563285246615,1.0812505970040267,1.0,0.7884332897436863,1.0,0.5388851142131738
2021-06-23,17628.0,0.004807692307692291,1.0,0.004807692307692291,1.0121190071492792,0.004279077663909109,1.0855205454489347,1.0,0.7932294620071794,1.0,0.5436812864766668
2021-06-24,17712.75,-0.0015807822049088704,1.0,-0.0015807822049088704,1.0105369741898933,-0.0014069722835023575,1.0841125824505478,1.0,0.7916474290477935,1.0,0.5420992535172808
2021-06-25,17684.75,0.009711757305022717,1.0,0.009711757305022717,1.020201875505018,0.008643931662335628,1.0927193692339745,1.0,0.8013123303629183,1.0,0.5517641548324055
2021-06-28,17856.5,0.004480161285806306,1.0,0.004480161285806306,1.0246720307429253,0.003987559282471262,1.0966989992738239,1.0,0.8057824856008255,1.0,0.5562343100703128
2021-06-29,17936.5,-0.0015192484598444134,1.0,-0.0015192484598444134,1.023151627054939,-0.001352204287293302,1.0953458799333278,1.0,0.8042620819128391,1.0,0.5547139063823263
2021-06-30,17909.25,-0.0008654745452768564,1.0,-0.0008654745452768564,1.022285777770334,-0.0007703140214382294,1.0945752690675916,1.0,0.8033962326282341,1.0,0.5538480570977213
2021-07-01,17893.75,0.00899755501222499,1.0,0.00899755501222499,1.0312430959597074,0.008008257229981953,1.1025516303796274,1.0,0.8123535508176075,1.0,0.5628053752870947
2021-07-02,18054.75,-0.00042924992038106957,1.0,-0.00042924992038106957,1.030813753885207,-0.00038205309927978023,1.1021695042794684,1.0,0.811924208743107,1.5,0.5621155681979461
2021-07-05,18047.0,0.003906466448717172,1.0,0.003906466448717172,1.0347126099073451,0.0034769432517073383,1.1056404169386305,1.0,0.8158230647652454,1.5,0.5679581666038986
2021-07-06,18117.5,0.002566579274182468,1.0,0.002566579274182468,1.0372759011417505,0.0022843791453197085,1.1079221908567072,1.0,0.8183863559996507,1.0,0.5704760372956859
2021-07-07,18164.0,-0.005353996916978687,1.0,-0.005353996916978687,1.0319075202190242,-0.004765315072977018,1.1031454854698284,1.0,0.8130179750769244,1.0,0.5651076563729597
2021-07-08,18066.75,0.0056042176927229015,1.0,0.0056042176927229015,1.037496092709303,0.004988023612543899,1.1081211101064228,1.0,0.8186065475672034,1.0,0.5706962288632386
2021-07-09,18168.0,0.003398833113166022,1.0,0.003398833113166022,1.0408891628437802,0.0030251251384439152,1.111141668760954,1.0,0.8219996177016805,1.0,0.5740892989977157
2021-07-12,18229.75,-0.0006034092623321552,1.0,-0.0006034092623321552,1.0402855714568116,-0.0005370633001014126,1.1106044611907013,1.0,0.8213960263147119,1.0,0.5734857076107471
2021-07-13,18218.75,0.0017427101200686579,1.0,0.0017427101200686579,1.0420267648195223,0.00155109592548647,1.112154355409384,1.0,0.8231372196774225,1.0,0.5752269009734577
2021-07-14,18250.5,-0.006588860579162192,1.0,-0.006588860579162192,1.0354161018772376,-0.005864403196060089,1.1062726890758148,1.0,0.8165265567351379,1.0,0.5686162380311731
2021-07-15,18130.25,-0.005956895244136229,1.0,-0.005956895244136229,1.0294413935569795,-0.005301923616169405,1.1009566603845187,1.0,0.8105518484148798,1.0,0.5626415297109151
2021-07-16,18022.25,-0.0042308812717613,1.0,-0.0042308812717613,1.0252015367819118,-0.0037656880661182035,1.0971838642650094,1.0,0.8063119916398119,1.0,0.5584016729358473
2021-07-19,17946.0,0.007494706341246049,1.0,0.007494706341246049,1.0326682973549441,0.006670649544495881,1.1038323634770058,1.0,0.8137787522128443,1.0,0.5658684335088797
2021-07-20,18080.5,0.0061668648544010995,1.0,0.0061668648544010995,1.038816224914226,0.0054888066802012995,1.1093061615523276,1.0,0.8199266797721263,1.0,0.5720163610681616
2021-07-21,18192.0,0.007626978891820624,1.0,0.007626978891820624,1.0464142654508795,0.006788378483971968,1.1160716027412618,1.0,0.8275247203087795,1.0,0.5796144016048148
2021-07-22,18330.75,0.00623269642540536,1.0,0.00623269642540536,1.0526276189546848,0.00554739994845469,1.1216036725354883,1.0,0.833738073812585,1.0,0.5858277551086203
2021-07-23,18445.0,0.0018026565464894784,1.0,0.0018026565464894784,1.0544286526658457,0.001604451131666799,1.1232068379105435,1.0,0.8355391075237459,1.0,0.5876287888197813
2021-07-26,18478.25,-0.012974713514537384,1.0,-0.012974713514537384,1.0413690323284912,-0.01154811981350077,1.1115915207249496,1.0,0.8224794871863915,1.0,0.5745691684824269
2021-07-27,18238.5,0.0054829070373112465,1.0,0.0054829070373112465,1.0468369629489405,0.004880051287622931,1.1164597031603636,1.0,0.8279474178068409,1.0,0.5800370991028763
2021-07-28,18338.5,-0.004089756523161681,1.0,-0.004089756523161681,1.0427388204994954,-0.00364008024413026,1.112812981702877,1.0,0.8238492753573959,1.0,0.5759389566534312
2021-07-29,18263.5,0.003107290497440296,1.0,0.003107290497440296,1.0458412933471297,0.0027656381714777595,1.1155748025337424,1.0,0.8269517482050303,1.0,0.5790414295010655
2021-07-30,18320.25,-0.0003684447537560809,1.0,-0.0003684447537560809,1.0454727807009285,-0.00032793357296588576,1.1152468151788042,1.0,0.8265832355588291,1.0,0.5786729168548642
2021-08-02,18313.5,0.004108990635323773,1.0,0.004108990635323773,1.0495733524883304,0.0036571995301557495,1.118897343415312,1.0,0.8306838073462309,1.0,0.5827734886422661
2021-08-03,18388.75,0.0025287200054380232,1.0,0.0025287200054380232,1.0520988806610372,0.002250682573058401,1.1211454969962762,1.0,0.8332093355189378,1.0,0.585299016814973
2021-08-04,18435.25,0.004895512672733027,1.0,0.004895512672733027,1.0569824492772644,0.004357242017705399,1.1254932737200716,1.0,0.8380929041351649,1.0,0.5901825854312001
2021-08-05,18525.5,-0.004264392324093813,1.0,-0.004264392324093813,1.0527089384998822,-0.003795514516388474,1.1216905379604476,1.0,0.8338193933577828,1.0,0.585909074653818
2021-08-06,18446.5,0.001843168080665647,1.0,0.001843168080665647,1.0545504100306256,0.0016405083478797772,1.1233297021443815,1.0,0.8356608648885261,1.0,0.5877505461845615
2021-08-09,18480.5,-0.004261248342847912,1.0,-0.004261248342847912,1.0502800566940924,-0.0037927162216840563,1.1195297753369506,1.0,0.831390511551993,1.0,0.5834801928480283
2021-08-10,18401.75,-0.002146534976293024,1.0,-0.002146534976293024,1.04813121460948,-0.0019105194933458779,1.1176174284733824,1.0,0.8292416694673806,1.0,0.581331350763416
2021-08-11,18362.25,0.00386662854497688,1.0,0.00386662854497688,1.0519903869603462,0.003441485599020353,1.1210530057126482,1.0,0.8331008418182467,1.0,0.5851905231142821
2021-08-12,18433.25,0.002305616209838268,1.0,0.002305616209838268,1.0542933493155284,0.002052109451613675,1.1231030124638175,1.0,0.8354038041734287,1.0,0.5874934854694642
2021-08-13,18475.75,0.0007036250219882856,1.0,0.0007036250219882856,1.0549967269094884,0.000626260151994389,1.1237290765967578,1.0,0.8361071817673889,1.5,0.5885037593774667
2021-08-16,18488.75,-0.008964911094584527,1.0,-0.008964911094584527,1.0459913892040837,-0.007979202571343692,1.115717869829583,1.0,0.8271018440619842,1.0,0.5794533952804489
2021-08-17,18323.0,-0.007081263985155295,1.0,-0.007081263985155295,1.0388849340752455,-0.006302665938633404,1.1093952582406361,1.0,0.8199953889331459,1.0,0.5723469401516106
2021-08-18,18193.25,0.005730147169966893,1.0,0.005730147169966893,1.0445987263992909,0.005100106911310822,1.1144824036580174,1.0,0.8257091812571913,1.0,0.578060732475656
2021-08-19,18297.5,0.008266156578767614,1.0,0.008266156578767614,1.0528309054198943,0.007357277404376632,1.1218127483174332,1.0,0.8339413602777948,1.0,0.5862929114962595
2021-08-20,18448.75,0.01264313300359099,1.0,0.01264313300359099,1.0653947813567026,0.011252997191799684,1.1330029015521095,1.0,0.8465052362146032,1.0,0.5988567874330678
2021-08-23,18682.0,0.0018868429504335094,1.0,0.0018868429504335094,1.0672798464549769,0.0016793810850969197,1.1346808740536038,1.0,0.8483903013128775,1.0,0.6007418525313422
2021-08-24,18717.25,0.0002003499445697443,1.0,0.0002003499445697443,1.0674801763321768,0.00017832109833695542,1.1348591792546237,1.0,0.8485906311900774,1.0,0.600942182408542
2021-08-25,18721.0,-0.004273276000213655,1.0,-0.004273276000213655,1.063197743793154,-0.0038034214159205003,1.131048506438877,1.0,0.8443081986510546,1.0,0.5966597498695192
2021-08-26,18641.0,0.007563971889920085,1.0,0.007563971889920085,1.0707332522884674,0.006732299218235453,1.1377582449311645,1.0,0.8518437071463679,1.0,0.6041952583648326
2021-08-27,18782.0,0.00949046959855182,1.0,0.00949046959855182,1.0801789702999998,0.008446974947667711,1.1461697438228573,1.0,0.8612894251579003,1.5,0.6182872771726259
2021-08-30,18960.25,-0.00036919344417929434,1.0,-0.00036919344417929434,1.079809708687142,-0.0003285999434950541,1.1458410898785707,1.0,0.8609201635450425,1.5,0.6177333336079465
2021-08-31,18953.25,0.0005539946974792986,1.0,0.0005539946974792986,1.080363549986211,0.0004930819578688139,1.1463340503114772,1.0,0.8614740048441114,1.0,0.6182436699068997
2021-09-01,18963.75,-0.0004877727242765806,1.0,-0.0004877727242765806,1.079875658262121,-0.00043414121285933213,1.1458998148320372,1.0,0.8609861131200215,1.0,0.6177557781828097
2021-09-02,18954.5,0.002862117175340906,1.0,0.002862117175340906,1.0827336873785773,0.0025474221087103247,1.1484439977609202,1.0,0.8638441422364778,1.0,0.620613807299266
2021-09-03,19008.75,0.0024330900243310083,1.0,0.0024330900243310083,1.0851638222318691,0.0021655672848981448,1.1506072235847706,1.0,0.8662742770897697,1.0,0.6230439421525579
2021-09-06,19055.0,-0.0015350301758069174,1.0,-0.0015350301758069174,1.0836276126901792,-0.0013662507744541504,1.1492400386387551,1.0,0.8647380675480798,1.5,0.6206953453703572
2021-09-07,19025.75,-0.0032718815289805026,1.0,-0.0032718815289805026,1.0803503668527117,-0.002912132115280399,1.1463236580165994,1.0,0.8614608217106122,1.0,0.6173745939592256
2021-09-08,18963.5,-0.0023466132306799725,1.0,-0.0023466132306799725,1.0780009960103278,-0.0020885987743371505,1.144232875078084,1.0,0.8591114508682283,1.0,0.6150252231168416
2021-09-09,18919.0,-0.00611818806490827,1.0,-0.00611818806490827,1.0718640151416734,-0.005445481993566028,1.1387725124011987,1.0,0.8529744699995739,1.0,0.6088882422481872
2021-09-10,18803.25,0.0003722760692965732,1.0,0.0003722760692965732,1.0722362219334272,0.0003313436282904492,1.139103801147312,1.0,0.8533466767913277,1.0,0.6092604490399409
2021-09-13,18810.25,-0.0030302627556784145,1.0,-0.0030302627556784145,1.0692013586353122,-0.002697079772108637,1.136403077702563,1.0,0.8503118134932128,1.0,0.606225585741826
2021-09-14,18753.25,0.006398890858917872,1.0,0.006398890858917872,1.0755798635110232,0.005695320997223049,1.1420822416764176,1.0,0.856690318368924,1.0,0.612604090617537
2021-09-15,18873.25,-0.0005430967109533169,1.0,-0.0005430967109533169,1.0750366192696332,-0.00048338222507803247,1.1415987425844893,1.0,0.8561470741275339,1.0,0.612060846376147
2021-09-16,18863.0,-0.01141122833059427,1.0,-0.01141122833059427,1.0635597832862307,-0.010156542711580292,1.1313902702769867,1.0,0.8446702381441313,1.0,0.6005840103927444
2021-09-17,18647.75,-0.01564531914037892,1.0,-0.01564531914037892,1.0477907844386327,-0.013925087421091673,1.1173673192577935,1.0,0.8289012392965334,1.0,0.5848150115451465
2021-09-20,18356.0,9.533667465677631e-05,1.0,9.533667465677631e-05,1.0478861165690376,8.485423129563798e-05,1.1174521698891726,1.0,0.8289965714269383,1.0,0.5849103436755513
2021-09-21,18357.75,0.0101047241628196,1.0,0.0101047241628196,1.0579401293369706,0.00899369108873751,1.126405658603572,1.0,0.8390505841948712,1.0,0.5949643564434842
2021-09-22,18543.25,0.0063500195488923605,1.0,0.0063500195488923605,1.0642700724573804,0.005651823177946731,1.1320415701538864,1.0,0.845380527315281,1.0,0.6012942995638939
2021-09-23,18661.0,0.0012325170140936592,1.0,0.0012325170140936592,1.0655018305459074,0.0010969994932823982,1.1331379683829088,1.0,0.8466122854038081,1.0,0.602526057652421
2021-09-24,18684.0,-0.007894455148790391,1.0,-0.007894455148790391,1.0575760492083526,-0.00702644523275164,1.1260867214369836,1.0,0.8386865040662533,1.0,0.5946002763148662
2021-09-27,18536.5,-0.021767863404634102,1.0,-0.021767863404634102,1.0355677705779343,-0.019374446641845282,1.106522130233283,1.0,0.8166782254358351,1.0,0.572591997684448
2021-09-28,18133.0,-0.0003033143991617582,1.0,-0.0003033143991617582,1.0352644101696564,-0.00026996442108377997,1.1062521293652452,1.0,0.8163748650275573,1.0,0.5722886372761702
2021-09-29,18127.5,-0.003875327541028817,1.0,-0.003875327541028817,1.0313815540901898,-0.0034492281243988427,1.102796938939346,1.0,0.8124920089480908,1.0,0.5684057811967036
2021-09-30,18057.25,0.004707250550332942,1.0,0.004707250550332942,1.0360777601824434,0.0041896796631775545,1.1069778663323064,1.0,0.8171882150403443,1.0,0.5731019872889571
2021-10-01,18142.25,-0.01588832697157183,1.0,-0.01588832697157183,1.020061860663216,-0.014141376092675089,1.0927355482112828,1.0,0.801172315521117,1.0,0.5570860877697298
2021-10-04,17854.0,0.009661700459280942,1.0,0.009661700459280942,1.029677185367774,0.008599378659183438,1.1012981628287328,1.0,0.8107876402256753,1.0,0.5667014124742878
2021-10-05,18026.5,0.00576928410950539,1.0,0.00576928410950539,1.0354298908915298,0.005134940672103915,1.1064199646519293,1.0,0.8165403457494312,1.0,0.5724541179980438
2021-10-06,18130.5,0.006935826369929066,1.0,0.006935826369929066,1.0423417750599595,0.006173219457665597,1.1125742078467382,1.0,0.8234522299178608,1.0,0.5793660021664735
2021-10-07,18256.25,-0.00469702156795615,1.0,-0.00469702156795615,1.0376336878221415,-0.00418057537629484,1.1083848694336536,1.0,0.8187441426800429,1.0,0.5746579149286555
2021-10-08,18170.5,-0.006631628188547345,1.0,-0.006631628188547345,1.0309799726849354,-0.0059024684278483185,1.1024649125885246,1.0,0.8120904275428369,1.0,0.5680041997914494
2021-10-11,18050.0,-0.004861495844875385,1.0,-0.004861495844875385,1.0261066213298524,-0.004326965402862602,1.0981285587788678,1.0,0.8072170761877541,1.0,0.5631308484363666
2021-10-12,17962.25,0.00949212932678245,1.0,0.00949212932678245,1.0355539834647483,0.00844845218571568,1.1065415225338628,1.0,0.81666443832265,1.0,0.5725782105712625
2021-10-13,18132.75,0.016392990583336875,1.0,0.016392990583336875,1.0518140595877772,0.014590551008764522,1.1210266556198218,1.0,0.8329245144456788,1.0,0.5888382866942914
2021-10-14,18430.0,0.0043000542593596425,1.0,0.0043000542593596425,1.0561048950319754,0.003827255356043213,1.124846605667672,1.0,0.837215349889877,1.0,0.5931291221384896
2021-10-15,18509.25,0.007806907357132298,1.0,0.007806907357132298,1.063881486169586,0.006948523482391427,1.1317710994106918,1.0,0.8449919410274875,1.0,0.6009057132761001
2021-10-18,18653.75,0.006540239898143785,1.0,0.006540239898143785,1.070400431496077,0.005821128448668906,1.1375753505561124,1.0,0.8515108863539788,1.0,0.6074246586025912
2021-10-19,18775.75,-0.0028227900350186186,1.0,-0.0028227900350186186,1.0675736498758934,-0.0025124190600607126,1.1350597700749652,1.0,0.8486841047337951,1.0,0.6045978769824075
2021-10-20,18722.75,0.0012551574955601552,1.0,0.0012551574955601552,1.068828020319798,0.0011171506120194318,1.1361762971385947,1.0,0.8499384751776997,1.0,0.605852247426312
2021-10-21,18746.25,-0.003053944122157759,1.0,-0.003053944122157759,1.0657694033942107,-0.0027181573286299797,1.1334544389123973,1.0,0.8468798582521123,1.0,0.6027936305007248
2021-10-22,18689.0,0.011758253518112216,1.0,0.011758253518112216,1.0774590658003171,0.010465411839154452,1.1438654674292412,1.0,0.8585695206582189,1.0,0.6144832929068312
2021-10-25,18908.75,-0.0011105969458583553,1.0,-0.0011105969458583553,1.0763478516846772,-0.0009884847616026613,1.1428764937943876,1.0,0.8574583065425788,1.0,0.6133720787911913
2021-10-26,18887.75,0.00371934190149692,1.0,0.00371934190149692,1.080060293936895,0.003310393393868446,1.146181419898642,1.0,0.8611707487947966,1.0,0.617084521043409
2021-10-27,18958.0,0.004061609874459249,1.0,0.004061609874459249,1.0841136777405058,0.0036150283714087533,1.1497899297599967,1.0,0.8652241325984075,1.0,0.6211379048470198
2021-10-28,19035.0,0.010191752035723756,1.0,0.010191752035723756,1.0942538440744953,0.009071150086370501,1.1588201840927157,1.0,0.8753642989323971,1.0,0.6312780711810093
2021-10-29,19229.0,0.0012351136304540322,1.0,0.0012351136304540322,1.0954881955795857,0.001099310606880836,1.1599188909001596,1.0,0.8765986504374874,1.0,0.6325124226860996
2021-11-01,19252.75,0.003713755177831679,1.0,0.003713755177831679,1.0991950717945858,0.0033054209407827706,1.163218860945511,1.0,0.8803055266524875,1.0,0.6362192989010997
2021-11-02,19324.25,0.008861922196204297,1.0,0.008861922196204297,1.108017957613661,0.007887537492448287,1.1710754544223303,1.0,0.8891284124715628,1.0,0.6450421847201749
2021-11-03,19495.5,0.010656305301223412,1.0,0.010656305301223412,1.1186178846624615,0.009484624862806391,1.1805153826291628,1.0,0.8997283395203634,1.0,0.6556421117689754
2021-11-04,19703.25,0.000329894814307341,1.0,0.000329894814307341,1.1189477250734392,0.00029362227051913417,1.1808089618010993,1.0,0.9000581799313411,1.0,0.6559719521799531
2021-11-05,19709.75,-0.0011161988356016561,1.0,-0.0011161988356016561,1.1178309028239715,-0.0009934707132281193,1.179814997268752,1.0,0.8989413576818734,1.0,0.6548551299304854
2021-11-08,19687.75,-0.006374522228289159,1.0,-0.006374522228289159,1.1114359765720425,-0.0056736317425141874,1.1741252093391785,1.0,0.8925464314299445,1.0,0.6484602036785565
2021-11-09,19562.25,-0.010786080333294978,1.0,-0.010786080333294978,1.1005913047785836,-0.009600130890549062,1.1644787001280863,1.0,0.8817017596364857,1.0,0.6376155318850976
2021-11-10,19351.25,0.002583812415218656,1.0,0.002583812415218656,1.1031717848893026,0.002299717470688194,1.1667757772957446,1.0,0.8842822397472048,1.0,0.6401960119958167
2021-11-11,19401.25,0.008440177823593853,1.0,0.008440177823593853,1.111576543568421,0.007512164692107209,1.1742598661976402,1.0,0.8926869984263234,1.0,0.6486007706749352
2021-11-12,19565.0,-0.0001916687963199326,1.0,-0.0001916687963199326,1.11138485640129,-0.00017059445836180198,1.1740892571863888,1.0,0.8924953112591923,1.0,0.648409083507804
2021-11-15,19561.25,0.005009904786248409,1.0,0.005009904786248409,1.1163822533724688,0.004459056507182573,1.1785384015560354,1.0,0.897492708230371,1.0,0.6534064804789828
2021-11-16,19659.25,0.0014242659307959205,1.0,0.0014242659307959205,1.1178055059985734,0.001267665262642597,1.1798052640094596,1.0,0.8989159608564754,1.0,0.6548297331050873
2021-11-17,19687.25,0.009308054705456481,1.0,0.009308054705456481,1.1270705077163343,0.008284616908789115,1.1880557518475396,1.0,0.9081809625742364,1.0,0.6640947348228482
2021-11-18,19870.5,0.004164464910294097,1.0,0.004164464910294097,1.1312263252421402,0.0037065743061927394,1.1917554737346359,1.0,0.9123367801000424,1.0,0.668250552348654
2021-11-19,19953.25,-0.009509728991517696,1.0,-0.009509728991517696,1.1216710900469695,-0.008464116734825944,1.1832553329451947,1.0,0.9027815449048717,1.0,0.6586953171534835
2021-11-22,19763.5,-0.005085131682141308,1.0,-0.005085131682141308,1.1165729850834651,-0.0045260120670102015,1.1787190474754863,1.0,0.8976834399413673,1.0,0.6535972121899791
2021-11-23,19663.0,0.0028861313126176125,1.0,0.0028861313126176125,1.1194549595153875,0.002568795847265596,1.181284549606084,1.0,0.9005654143732897,1.0,0.6564791866219015
2021-11-24,19719.75,0.002522851456027597,1.0,0.002522851456027597,1.1219746339240377,0.002245459281488447,1.1835274916114698,1.0,0.9030850887819399,1.0,0.6589988610305517
2021-11-25,19769.5,-0.01826045170591062,1.0,-0.01826045170591062,1.1035454023480253,-0.016252681333751906,1.1671412867320703,1.0,0.8846558572059275,1.0,0.6405696294545393
2021-11-26,19408.5,0.01907669320143235,1.0,0.01907669320143235,1.122442416957101,0.016979175570135212,1.183977927256633,1.0,0.9035528718150032,1.0,0.6594666440636151
2021-11-29,19778.75,-0.008873159325033186,1.0,-0.008873159325033186,1.1135296567230397,-0.007897539078219745,1.1760490374451478,1.0,0.8946401115809419,1.0,0.6505538838295538
2021-11-30,19603.25,-0.019359034853914547,1.0,-0.019359034853914547,1.0939807816780414,-0.017230473236750588,1.1586683920799214,1.0,0.8750912365359436,1.0,0.6310050087845555
2021-12-01,19223.75,0.008205995188243609,1.0,0.008205995188243609,1.1021532907542926,0.007303730869793068,1.1659455798713814,1.0,0.8832637456121948,1.0,0.6391775178608068
2021-12-02,19381.5,-0.016974950339241013,1.0,-0.016974950339241013,1.0850326144641804,-0.015108523215263469,1.1507217601384687,1.0,0.8661430693220827,1.0,0.6220568415706946
2021-12-03,19052.5,0.008489699514499405,1.0,0.008489699514499405,1.0934864791548384,0.007556241381685265,1.1582495961304904,1.0,0.8745969340127407,0.5,0.6262495880653236
2021-12-06,19214.25,0.026933135563449007,1.0,0.026933135563449007,1.1200633014222896,0.023971787592186957,1.181938571188761,1.0,0.901173756280192,1.0,0.6527845986714964
2021-12-07,19731.75,0.0007982059371318684,1.0,0.0007982059371318684,1.120861188962482,0.0007104417209303708,1.1826487606654346,1.0,0.9019716438203844,1.0,0.6535824862116889
2021-12-08,19747.5,-0.01139384732244586,1.0,-0.01139384732244586,1.109401934460738,-0.010141072777361523,1.172455916903253,1.0,0.8905123893186403,1.0,0.6421232317099449
2021-12-09,19522.5,0.008503009348187929,1.0,0.008503009348187929,1.1178689968527364,0.007568087774591022,1.1799955103761748,1.0,0.8989794517106388,1.0,0.6505902941019435
2021-12-10,19688.5,-0.011770830687965028,1.0,-0.011770830687965028,1.106028341466563,-0.010476606125965663,1.1694636382734427,1.0,0.8871387963244655,1.0,0.6387496387157701
2021-12-13,19456.75,-0.008493196448533302,0.5,-0.0042889999614529745,1.1017301173604228,-0.007559353821367121,1.161875567725511,1.0,0.8786093271560613,1.0,0.6302201695473659
2021-12-14,19291.5,0.018570354819479995,0.5,0.009285177409739998,1.1109724525048954,0.016528510027932035,1.178268968666793,1.0,0.8970093583519733,1.0,0.648620200743278
2021-12-15,19649.75,-0.02059822644053999,0.5,-0.010299113220269995,1.100619936433621,-0.01833341342099426,1.1597654155188744,1.0,0.8761960294996564,1.0,0.6278068718909611
2021-12-16,19245.0,-0.002702000519615444,0.5,-0.001351000259807722,1.0992680227501792,-0.002404910574842317,1.1573576085018742,1.0,0.8734903719876881,1.0,0.6251012143789927
2021-12-17,19193.0,-0.007945605168551029,0.5,-0.003972802584275514,1.0952873076221146,-0.007071971213421421,1.1502605123748468,1.0,0.8655130322865671,0.5,0.6210773424485264
2021-12-20,19040.5,0.015650849505002506,0.5,0.007825424752501253,1.1030822725425569,0.013930009711916356,1.1640943912088304,1.0,0.8810426703189503,0.5,0.6288723073689688
2021-12-21,19338.5,0.010626470512190789,0.5,0.005313235256095394,1.1083814423641865,0.009458070463900148,1.173508014162949,1.0,0.8916130767193865,1.0,0.639400500434718
2021-12-22,19544.0,0.0063190749079000685,0.5,0.0031595374539500343,1.1115359989683715,0.005624280957352469,1.1791165379065476,1.0,0.8979122699852076,1.0,0.645699693700539
2021-12-23,19667.5,0.013575695945087007,0.5,0.006787847972543504,1.1183009132227684,0.012083023116453845,1.1911271440594575,1.0,0.9113966417677953,1.0,0.6591840654831268
2021-12-27,19934.5,-0.0028844465624922044,0.5,-0.0014422232812461022,1.1168576489364976,-0.002567296338526368,1.1885565465644445,1.0,0.908508027172409,1.0,0.6562954508877403
2021-12-28,19877.0,-0.001559591487649059,0.5,-0.0007797957438245295,1.1160775489938197,-0.0013881115247213534,1.187167470720429,1.0,0.9069472182559967,1.0,0.6547346419713281
2021-12-29,19846.0,-0.0025068023783130222,0.5,-0.0012534011891565111,1.1148233616404046,-0.002231174829493693,1.184933803111801,1.0,0.9044372685877454,1.0,0.652224692303077
2021-12-30,19796.25,-0.0050640904211656235,0.5,-0.0025320452105828117,1.1122881053818565,-0.004507284331519002,1.1804163303479585,1.0,0.8993603122060445,1.0,0.6471477359213761
2022-01-07,18934.75,0.002389785975521308,0.5,0.001194892987760654,1.1134822850531592,0.0021270245961903136,1.1825410960299427,1.0,0.9017472471843402,,
2022-01-10,18980.0,0.011011591148577526,0.5,0.005505795574288763,1.118972979140105,0.009800846375419323,1.192294225633707,1.0,0.9126986521901638,,
2022-01-11,19189.0,0.0036870081817708122,0.5,0.0018435040908854061,1.1208147860628281,0.0032816148263112607,1.195570467713066,1.0,0.9163788800183038,1.0,0.6508279637495162
2022-01-12,19259.75,-0.020431210166279468,0.5,-0.010215605083139734,1.1105466435789222,-0.018184760894385175,1.1772183318331337,1.0,0.8957360654940593,1.0,0.6301851492252717
2022-01-13,18866.25,0.006095540979262015,0.5,0.0030477704896310076,1.1135897790313727,0.005425324996790991,1.1826289927685534,1.0,0.9018131038144803,1.0,0.6362621875456927
2022-01-14,18981.25,-0.003029305235429658,0.5,-0.001514652617714829,1.1120739781677729,-0.0026962275329787243,1.1799291238673422,1.0,0.8987792009465101,1.0,0.6332282846777224
2022-01-17,18923.75,-0.01689675672105162,0.5,-0.00844837836052581,1.103589709975241,-0.01503892712973214,1.164775965347699,1.0,0.8817380653644091,1.0,0.6161871490956214
2022-01-18,18604.0,-0.010884755966458881,0.5,-0.0054423779832294406,1.0981324682992024,-0.009687956955700561,1.1550407748249327,1.0,0.8707936370339124,1.0,0.6052427207651248
2022-01-19,18401.5,-0.016914381979729942,0.5,-0.008457190989864971,1.0896393123510468,-0.015054614458684194,1.1398716893267415,1.0,0.853734573104209,1.0,0.5881836568354213
2022-01-20,18090.25,-0.017398875084644994,0.5,-0.008699437542322497,1.080901813801606,-0.015485836652384668,1.124264694656123,1.0,0.8361825586914571,1.0,0.5706316424226694
2022-01-21,17775.5,0.0051615988298501225,0.5,0.0025807994149250613,1.08347928867248,0.004594071510677196,1.128848245629373,1.0,0.8413308821319613,0.5,0.5731628234976754
2022-01-24,17867.25,-0.032489610880241826,0.5,-0.016244805440120913,1.0671010897738387,-0.028917318191162267,1.0995045825068515,1.0,0.8083017661043852,0.5,0.556784624599034
2022-01-25,17286.75,0.013218216263901628,0.5,0.006609108131950814,1.0736884535054534,0.011764848986089009,1.1112007637097718,0.5,0.8148417176437304,0.5,0.5633719883306487
2022-01-26,17515.25,-0.002112444869470931,0.5,-0.0010562224347354654,1.0726316728747147,-0.0018801776566960372,1.109318816300418,0.5,0.8137849370129917,0.5,0.5623152076999101
2022-01-27,17478.25,0.018108220216554782,0.5,0.009054110108277391,1.0816450402694129,0.016117187977655902,1.1253075013029665,0.5,0.82279830440769,0.5,0.5713285750946083
2022-01-28,17794.75,0.024599952233102407,0.5,0.012299976116551203,1.0938699862987298,0.02189514207585118,1.146966387112106,0.5,0.835023250437007,0.5,0.5835535211239252
2022-01-31,18232.5,0.013643219525572459,0.5,0.006821609762786229,1.1006684341562951,0.012143122354622678,1.1590363732293751,0.5,0.8418216982945722,0.5,0.5903519689814906
2022-02-01,18481.25,-0.013716604666892174,0.5,-0.006858302333446087,1.093786505581498,-0.012208438664192151,1.1467527994298532,0.5,0.834939769719775,0.5,0.5834700404066933
2022-02-02,18227.75,-0.00326425367914307,0.5,-0.001632126839571535,1.0921530453718993,-0.0029053429616128926,1.14384322776684,0.5,0.8333063095101763,0.5,0.5818365801970946
2022-02-03,18168.25,-0.008737770561281333,0.5,-0.004368885280640666,1.0877745886240262,-0.007777036558957462,1.1360357923477955,0.5,0.828927852762303,0.5,0.5774581234492214
2022-02-04,18009.5,-0.002401510314000932,0.5,-0.001200755157000466,1.0865731119829438,-0.0021374598220120656,1.1338960448981488,0.5,0.8277263761212206,0.5,0.5762566468081392
2022-02-07,17966.25,0.008015028177833505,0.5,0.004007514088916753,1.0905726173767827,0.007133761034684877,1.1410044810294608,0.5,0.8317258815150597,0.5,0.580256152201978
2022-02-08,18110.25,0.01691031322041381,0.5,0.008455156610206904,1.098992229366688,0.01505099306696542,1.155943331736094,0.5,0.8401454935049648,1.0,0.5969802800002026
2022-02-09,18416.5,-0.019357641245622115,0.5,-0.009678820622811057,1.0892662645125475,-0.01722923285826238,1.1385639484955794,0.5,0.8304195286508242,1.0,0.5774328260739946
2022-02-10,18060.0,-0.024294019933554845,0.5,-0.012147009966777422,1.0770448766941951,-0.021622847597361414,1.116703901613169,0.5,0.8181981408324719,0.5,0.5651651944118457
2022-02-11,17621.25,0.00022699865219544257,0.5,0.00011349932609772129,1.0771583695797318,0.0002020397313681748,1.1169059209372594,0.5,0.8183116337180083,0.5,0.5652786872973822
2022-02-14,17625.25,0.018212507624005392,0.5,0.009106253812002696,1.0862234114643954,0.01621000879215247,1.132985950300803,0.5,0.8273766756026718,0.5,0.5743437291820458
2022-02-15,17946.25,0.0005990109354321316,0.5,0.0002995054677160658,1.0865228720893023,0.0005331485773629486,1.1335189568049584,0.5,0.827676136227579,1.0,0.5748966166403624
2022-02-16,17957.0,-0.024266302834549225,0.5,-0.012133151417274612,1.0743155131319575,-0.021598178044554647,1.111684124372551,0.5,0.8154687772702341,1.0,0.550331035575732
2022-02-17,17521.25,-0.00930298922736672,0.5,-0.00465149461368336,1.0696531666525302,-0.008280108389365725,1.103369545474137,0.5,0.810806430790807,1.0,0.540984503279881
2022-02-18,17358.25,-0.01487765183702272,0.5,-0.00743882591851136,1.0621865346864414,-0.01324182655478186,1.090039264198237,0.5,0.8033397988247181,0.5,0.5334699861337383
2022-02-21,17100.0,0.010804093567251538,0.5,0.005402046783625769,1.067574042751065,0.009616163536181345,1.0996094867165935,0.5,0.8087273068893416,1.0,0.5441684014120799
2022-02-22,17284.75,-0.02503652063234929,0.5,-0.012518260316174645,1.0549767689138183,-0.022283708973736247,1.0770737447095573,0.5,0.796130033052095,0.5,0.53152279140113
2022-02-23,16852.0,0.02513054830287209,0.5,0.012565274151436046,1.0674637551320987,0.022367398128318738,1.099194661252598,0.5,0.8086170192703753,0.5,0.5440097776194104
2022-02-24,17275.5,0.016019796822088983,0.5,0.008009898411044492,1.0754417445852877,0.014258390590446776,1.113352357027208,0.5,0.8165950087235645,0.5,0.5519877670725996
2022-02-25,17552.25,0.0017234257716247647,0.5,0.0008617128858123824,1.0763030864097016,0.0015339319267510948,1.1148851136820856,0.5,0.8174563505479784,0.5,0.5528491088970134
2022-02-28,17582.5,-0.01077776197924074,0.5,-0.00538888098962037,1.0708996330247402,-0.009592727154877995,1.1052460799445156,0.5,0.8120528971630172,0.5,0.5474456555120522
2022-03-01,17393.0,0.009673431840395486,0.5,0.004836715920197743,1.075724689614623,0.008609820153289401,1.1138190469776816,0.5,0.8168779537529003,0.5,0.5522707121019351
2022-03-02,17561.25,-0.007872446437468872,0.5,-0.003936223218734436,1.071780699079982,-0.007006856419865954,1.1067875272637413,0.5,0.8129339632182594,0.5,0.5483267215672941
2022-03-03,17423.0,-0.014908454341961752,0.5,-0.007454227170980876,1.0642985503151698,-0.013269242267444288,1.0934294619833496,0.5,0.8054518144534472,0.5,0.5408445728024819
2022-03-04,17163.25,-0.030807102384455165,0.5,-0.015403551192227583,1.0487751319146674,-0.027419804610241395,1.065626718219633,0.5,0.7899283960529446,0.5,0.5253211544019794
2022-03-07,16634.5,-0.004238179686795518,0.5,-0.002119089843397759,1.046653793623384,-0.0037721840069472145,1.061847401583886,0.5,0.7878070577616609,0.5,0.5231998161106958
2022-03-08,16564.0,0.034683651291958384,0.5,0.017341825645979192,1.0638469659632,0.03087011980961625,1.0922506237167717,0.5,0.8050002301014769,0.5,0.5403929884505116
2022-03-09,17138.5,-0.011552936371327704,0.5,-0.005776468185663852,1.0580537494566142,-0.010282669691655236,1.0819147221521976,0.5,0.7992070135948912,0.5,0.5345997719439258
2022-03-10,16940.5,-0.015879106283757882,0.5,-0.007939553141878941,1.0500825102357123,-0.014133169236506815,1.0676807285736694,0.5,0.7912357743739893,0.5,0.5266285327230239
2022-03-11,16671.5,-0.013451099181237436,0.5,-0.006725549590618718,1.043334242216538,-0.01197212599678356,1.0556363594952962,0.5,0.7844875063548149,0.5,0.5198802647038495
2022-03-14,16447.25,0.022161759564668815,0.5,0.011080879782334407,1.0543541788397628,0.019725033191988536,1.0751693751475508,0.5,0.7955074429780399,0.5,0.5309002013270744
2022-03-15,16811.75,0.03308697785774828,0.5,0.01654348892887414,1.0707623150200822,0.029449003566808057,1.104193086259978,0.5,0.8119155791583593,1.0,0.5634040849217169
2022-03-16,17368.0,0.0031523491478582244,0.5,0.0015761745739291122,1.0723372487345706,0.0028057425401081626,1.1069949000514745,0.5,0.8134905128728476,0.5,0.5649315911122795
2022-03-17,17422.75,0.021867959994834374,0.5,0.010933979997417187,1.083211884956599,0.019463537427184045,1.1262714452919138,0.5,0.8243651490948759,1.0,0.586517537264403
2022-03-18,17803.75,-0.0022748016569542617,0.5,-0.0011374008284771309,1.082073836796903,-0.0020246830157000613,1.1242447098347266,0.5,0.8232271009351799,1.0,0.5842401443156304
2022-03-21,17763.25,0.014622887140585128,0.5,0.007311443570292564,1.0893586813365075,0.013015073706989492,1.137175815254126,0.5,0.8305119454747845,1.0,0.5987571480084123
2022-03-22,18023.0,-0.010583698607335101,0.5,-0.005291849303667551,1.084052780604363,-0.009420001408936299,1.1277111650160059,0.5,0.8252060447426401,1.0,0.5881170437228299
2022-03-23,17832.25,0.016781393262207622,0.5,0.008390696631103811,1.0924084710218571,0.014936248096138244,1.1425369657796418,0.5,0.8335617351601342,1.0,0.6047591851391082
2022-03-24,18131.5,-0.0005791026666298604,0.5,-0.0002895513333149302,1.0921188777604611,-0.0005154292594642979,1.142021403640855,0.5,0.8332721418987382,1.0,0.604179914727765
2022-03-25,18121.0,0.01260967937751789,0.5,0.006304839688758945,1.098403925095651,0.011223221853665602,1.1531821124372175,0.5,0.8395571892339282,1.0,0.6167107541706881
2022-03-28,18349.5,0.013256492002506892,0.5,0.006628246001253446,1.1050103008620502,0.011798916236581174,1.1649119641881887,0.5,0.8461635650003275,1.0,0.6298801477847652
2022-03-29,18592.75,-0.006413790321496249,0.5,-0.0032068951607481244,1.1017982525930816,-0.005708582236387913,1.1591870257192578,0.5,0.8429515167313588,1.0,0.6234457007374825
2022-03-30,18473.5,-0.010163206755622878,0.5,-0.005081603377811439,1.0967036939612143,-0.009045743412508645,1.150100121159669,0.5,0.8378569580994915,1.0,0.613230495985141
2022-03-31,18285.75,-0.003554680557264489,0.5,-0.0017773402786322445,1.0949247723393478,-0.003163836868383883,1.1469312687777822,0.5,0.836078036477625,1.0,0.6096694825388922
2022-04-01,18220.75,0.016862642865963284,0.5,0.008431321432981642,1.1033207487131826,0.015008564155981768,1.1618283188280367,0.5,0.8444740128514597,1.0,0.6263915293883293
2022-04-04,18528.0,-0.016083765112262505,0.5,-0.008041882556131252,1.0952463558059349,-0.01431532544903621,1.1474095406141016,0.5,0.8363996199442122,1.0,0.6101770166883163
2022-04-05,18230.0,-0.020049369171694975,0.5,-0.010024684585847488,1.0851710857164796,-0.017844904021998176,1.1294034963932011,0.5,0.8263243498547569,1.0,0.5899239313960367
2022-04-06,17864.5,0.002127123625066396,0.5,0.001063561812533198,1.0862340823478496,0.0018932424560181647,1.131294948924539,0.5,0.8273873464861268,1.0,0.5920487958967023
2022-04-07,17902.5,-0.011506772797095333,0.5,-0.005753386398547666,1.0804640814647626,-0.010241581887623374,1.1210005611840879,0.5,0.8216173456030398,1.0,0.5804753079113799
2022-04-08,17696.5,-0.018336959285734422,0.5,-0.009168479642867211,1.07125331262888,-0.016320776763948212,1.1045451334607619,0.5,0.8124065767671571,1.0,0.5619681426703201
2022-04-11,17372.0,-0.002878194796223754,0.5,-0.001439097398111877,1.0698131787355765,-0.0025617319654993123,1.1019801146453787,0.5,0.8109664428738537,1.0,0.5590857979065978
2022-04-12,17322.0,0.014937651541392372,0.5,0.007468825770696186,1.077254250932478,0.013295229180902198,1.1151877379063926,0.5,0.8184075150707552,1.0,0.5739129814608145
2022-04-13,17580.75,-0.018201726319980627,0.5,-0.009100863159990313,1.0681117219279344,-0.016200412912406512,1.0988546635736702,0.5,0.8092649860662116,1.0,0.555543565779653
2022-04-14,17260.75,0.004214764711846231,0.5,0.0021073823559231153,1.0702168868684088,0.0037513435517154653,1.1025989883838285,0.5,0.8113701510066857,1.0,0.5597494732494503
2022-04-18,17333.5,0.0075431967000316735,0.5,0.0037715983500158368,1.073981390574537,0.0067138082988243385,1.1092903594419514,0.5,0.8151346547128139,1.0,0.5672643623055468
2022-04-19,17464.25,-0.00147444064302793,0.5,-0.000737220321513965,1.0732438983724897,-0.0013123231726468493,1.10797717441915,0.5,0.8143971625107667,1.0,0.5657888336052652
2022-04-20,17438.5,-0.020328583307050452,0.5,-0.010164291653525226,1.063027597582393,-0.01809341804776802,1.08971806887142,0.5,0.8041808617206702,1.0,0.5452507809769648
2022-04-21,17084.0,-0.023413720440177976,0.5,-0.011706860220088988,1.0512516725234253,-0.020839338658232242,1.0686585265570112,0.5,0.7924049366617025,1.0,0.5215586043324435
2022-04-22,16684.0,0.012736753776072973,0.5,0.006368376888036487,1.05759985698269,0.011336324187532044,1.0799310761485739,0.5,0.7987531211209674,1.0,0.5342149278867677
2022-04-25,16896.5,-0.04216849643417275,0.5,-0.021084248217086377,1.0362901614480189,-0.03753199241211684,1.041676623906221,0.5,0.7774434255862962,0.5,0.5128553527810203
2022-04-26,16184.0,0.021811665842807804,0.5,0.010905832921403902,1.0471369546373448,0.01941343292108656,1.0609040200250248,0.5,0.7882902187756222,0.5,0.5237021459703463
2022-04-27,16537.0,0.008435629195138183,0.5,0.004217814597569092,1.0513458991876539,0.007508116193746585,1.068384090606709,0.5,0.7924991633259312,0.5,0.5279110905206553
2022-04-28,16676.5,-0.02503522921476331,0.5,-0.012517614607381655,1.038749279244607,-0.02228255954989768,1.0458495242200174,0.5,0.7799025433828842,0.5,0.5153144705776084
2022-04-29,16259.0,0.009886831908481497,0.5,0.0049434159542407485,1.0436805166375052,0.008799756489972697,1.0546107885027292,0.5,0.7848337807757825,0.5,0.5202457079705065
2022-05-02,16419.75,0.004247933129310821,0.5,0.0021239665646554107,1.045802230774001,0.0037808650404540134,1.0583845240377707,0.5,0.7869554949122783,0.5,0.5223674221070023
2022-05-03,16489.5,0.022726583583492443,0.5,0.011363291791746222,1.0571014453275804,0.02022775376732995,1.0784104144160798,0.5,0.7982547094658576,0.5,0.5336666366605817
2022-05-04,16864.25,-0.03550409890745221,0.5,-0.017752049453726104,1.0391899382929317,-0.03160035769531661,1.0462999911304538,0.5,0.7803432024312088,0.5,0.5157551296259328
2022-05-05,16265.5,-0.014355537794718876,0.5,-0.007177768897359438,1.0319862852778856,-0.012777119915203236,1.033440541778024,0.5,0.7731395494161627,0.5,0.5085514766108866
2022-05-06,16032.0,-0.028567864271457077,0.5,-0.014283932135728539,1.017599355802398,-0.025426774861192533,1.0076849201609794,0.5,0.7587526199406751,0.5,0.49416454713539903
2022-05-09,15574.0,0.008266983433928399,0.5,0.004133491716964199,1.0217243281110087,0.007358013345286191,1.0150159953860616,0.5,0.762877592249286,0.5,0.4982895194440098
2022-05-10,15702.75,-0.020553724666061646,0.5,-0.010276862333030823,1.0113942942234053,-0.01829380469876594,0.9965527898711539,0.5,0.7525475583616826,0.5,0.48795948555640645
2022-05-11,15380.0,-0.008988946684005183,0.5,-0.004494473342002592,1.006889690370488,-0.008000595403340086,0.9885200179687296,0.5,0.7480429545087655,0.5,0.4834548817034892
2022-05-12,15241.75,0.03219774632178063,0.5,0.016098873160890315,1.022860350895112,0.02865754467965868,1.0167746154248805,0.5,0.764013615033389,0.5,0.4994255422281131
2022-05-13,15732.5,-0.008088352137295418,0.5,-0.004044176068647709,1.0188079750313503,-0.00719902288945475,1.0095495545294184,0.5,0.7599612391696275,0.5,0.49537316636435147
2022-05-16,15605.25,0.021595296454718804,0.5,0.010797648227359402,1.0295477449156698,0.019220853746615692,1.0285880210532448,0.5,0.7707010090539471,0.5,0.506112936248671
2022-05-17,15942.25,-0.042732362119525136,0.5,-0.021366181059762568,1.0079500026833905,-0.038033860024521166,0.9898119945866793,0.5,0.7491032668216678,0.5,0.48451519401639176
2022-05-18,15261.0,0.0003767774064609153,0.5,0.00018838870323045764,1.0081383736436975,0.00033535003512452253,0.9901472884045488,0.5,0.749291637781975,0.5,0.4847035649766988
2022-05-19,15266.75,-0.003946485008269551,0.5,-0.0019732425041347756,1.0061631817317143,-0.0035125616967663985,0.9866285431786809,0.5,0.7473164458699918,0.5,0.48272837306471555
2022-05-20,15206.5,0.014335974747640812,0.5,0.007167987373820406,1.013305601191657,0.01275970786126297,0.9993075318776999,0.5,0.7544588653299346,0.5,0.48987079252465837
2022-05-23,15424.5,-0.015900029174365504,0.5,-0.007950014587182752,1.005323816745919,-0.01415179161667042,0.9850546487742713,0.5,0.7464770808841966,0.5,0.4818890080789204
2022-05-24,15179.25,0.005435051138890312,0.5,0.002717525569445156,1.0080376565187417,0.004837457233570912,0.9898804431089917,0.5,0.7491909206570191,0.5,0.48460284785174296
2022-05-25,15261.75,0.023899618326862937,0.5,0.011949809163431468,1.0199166304657998,0.02127181117535393,1.0109291674050507,0.5,0.7610698946040771,0.5,0.4964818217988011
2022-05-26,15626.5,0.02940517710299817,0.5,0.014702588551499085,1.0345121838164948,0.026172023601304148,1.0367645644282923,0.5,0.775665447954772,1.0,0.5254116711174326
2022-05-27,16086.0,0.00575034191222179,0.5,0.002875170956110895,1.0373832293741843,0.005118081204377179,1.0418695927731818,0.5,0.7785364935124616,1.0,0.5311455429226017
2022-05-30,16178.5,-0.009688784497944858,0.5,-0.004844392248972429,1.0325270650225709,-0.008623484757801643,1.0332087106182233,0.5,0.7736803291608483,1.0,0.5214095167616184
2022-05-31,16021.75,-0.006569195000546091,0.5,-0.0032845975002730454,1.029237061390705,-0.005846899884113656,1.0273446506935966,0.5,0.7703903255289823,0.5,0.5180678496033295
2022-06-01,15916.5,0.021911224201300428,0.5,0.010955612100650214,1.0401330955202337,0.01950204465428746,1.046658967270096,0.5,0.7812863596585111,1.0,0.5396917499213454
2022-06-02,16265.25,-0.021349195370498508,0.5,-0.010674597685249254,1.0294011155969085,-0.01900181193088511,1.0274743008272686,0.5,0.7705543797351859,1.0,0.5181113640705141
2022-06-03,15918.0,0.0035965573564518127,0.5,0.0017982786782259064,1.0311977793078497,0.003201109236199888,1.030670297421143,0.5,0.7723510434461272,1.0,0.5217014692802727
2022-06-06,15975.25,0.004679113002926449,0.5,0.0023395565014632247,1.0335346033080652,0.004164635891047698,1.0348262852185977,0.5,0.7746878674463427,1.0,0.5263696692628814
2022-06-07,16050.0,-0.0038785046728971873,0.5,-0.0019392523364485936,1.0315934681872814,-0.003452055924753596,1.0313682572008298,0.5,0.772746732325559,1.0,0.5224836236861331
2022-06-08,15987.75,-0.020500070366374246,0.5,-0.010250035183187123,1.021290539643834,-0.018246049788370015,1.0129536953118339,0.5,0.7624438037821119,1.0,0.5017705102495136
2022-06-09,15660.0,-0.0279693486590038,0.5,-0.0139846743295019,1.0072071584199043,-0.024894067145132596,0.9877445305075753,0.5,0.7483604225581819,1.0,0.4734025695320564
2022-06-10,15222.0,-0.03470306135855994,0.5,-0.01735153067927997,0.9897033255770792,-0.030887395703565787,0.9563700633689949,0.5,0.7308565897153568,0.5,0.4558435802748188
2022-06-13,14693.75,0.00010208421948099122,0.5,5.104210974049561e-05,0.9897543663842155,9.08598711110909e-05,0.9564609191125979,0.5,0.7309076305224933,0.5,0.45589462108195516
2022-06-14,14695.25,0.018050050186284583,0.5,0.009025025093142292,0.998738909324382,0.01606541384959037,0.9723986499065727,0.5,0.7398921734626597,0.5,0.4648791640221216
2022-06-15,14960.5,-0.028241034724775238,0.5,-0.014120517362387619,0.9845177489121016,-0.02513588082646528,0.9469414672598649,0.5,0.7256710130503794,0.5,0.45065800360984126
2022-06-16,14538.0,0.007119273627734124,0.5,0.003559636813867062,0.9880710652135569,0.00633649635084843,0.953257972422662,0.5,0.7292243293518346,0.5,0.4542113199112966
2022-06-17,14641.5,0.007717788477956455,0.5,0.0038588942389782277,0.9919225330192439,0.0068692033884861226,0.9601036903232726,0.5,0.7330757971575216,0.5,0.45806278771698367
2022-06-20,14754.5,0.010894981192178577,0.5,0.005447490596089288,0.9973552397042778,0.009697057898977561,0.9697540335103603,0.5,0.7385085038425554,1.0,0.4688435321443557
2022-06-21,14915.25,-0.0024639211545230966,0.5,-0.0012319605772615483,0.996122519639748,-0.002193008475414217,0.9675586168704652,0.5,0.7372757837780256,1.0,0.46637657054079346
2022-06-22,14878.5,0.00962798669220688,0.5,0.00481399334610344,1.000924962773481,0.008569371783031646,0.9760914800096143,0.5,0.7420782269117587,1.0,0.47595850353608693
2022-06-23,15021.75,0.02960706974886418,0.5,0.01480353487443209,1.0156199948316813,0.02635171777808216,1.0021019728659657,0.5,0.7567732589699588,1.0,0.5051357473127434
2022-06-24,15466.5,-0.0037500404099182205,0.5,-0.0018750202049591103,1.0137432145759064,-0.0033377165446222363,0.998758673719922,0.5,0.7548964787141839,1.0,0.5013786578730045
2022-06-27,15408.5,-0.025586526916961394,0.5,-0.012793263458480697,1.0008674126088866,-0.022773241052094852,0.9757221170333003,0.5,0.742020676747164,1.0,0.4754591028065708
2022-06-28,15014.25,0.0006993356311504328,0.5,0.0003496678155752164,1.0012170193049184,0.0006224423875969743,0.976344365783982,0.5,0.7423702834431959,1.0,0.47615819401650705
2022-06-29,15024.75,-0.011963593404216377,0.5,-0.005981796702108189,0.9952172599886246,-0.010648174225743148,0.9656390940666569,0.5,0.7363705241269023,1.0,0.46412246088449566
2022-06-30,14845.0,0.006685752778713416,0.5,0.003342876389356708,0.998554561387585,0.005950641919416676,0.9715721008421488,0.5,0.7397078255258627,1.0,0.47078596313738486
2022-07-01,14944.25,-0.003780718336483968,0.5,-0.001890359168241984,0.996662413235547,-0.0033650213765334834,0.9682014050479159,0.5,0.7378156773738248,1.0,0.4669980798204478
2022-07-04,14887.75,0.01729609914191199,0.5,0.008648049570955996,1.0052732826293829,0.015394361114269983,0.9834784751997272,0.5,0.7464265467676605,1.0,0.4841463041097847
2022-07-05,15145.25,0.006008484508344125,0.5,0.0030042422541720626,1.0082730211657125,0.005347840545548663,0.9888120668240894,0.5,0.7494262853039901,1.0,0.49013680965668166
2022-07-06,15236.25,0.014258757896464136,0.5,0.007129378948232068,1.0153771062404364,0.012690981145408288,1.0014231923889882,0.5,0.756530370378714,1.0,0.5042948675736748
2022-07-07,15453.5,0.002620765522373558,0.5,0.001310382761186779,1.0166866311994172,0.0023326075154994188,1.0037530835988069,0.5,0.7578398953376949,1.0,0.5069122048784833
2022-07-08,15494.0,-0.01676455402091137,0.5,-0.008382277010455685,1.0082690253423772,-0.014921260360506188,0.9887193813141277,0.5,0.7494222894806549,1.0,0.49000553514508044
2022-07-11,15234.25,-0.007860577317557516,0.5,-0.003930288658778758,1.004330992802008,-0.006996292331598142,0.9816985001752297,0.5,0.7454842569402861,1.0,0.4821139006309174
2022-07-12,15114.5,-0.0031757583777167753,0.5,-0.0015878791888583876,1.0027418515968607,-0.002826577881932507,0.9788679199783535,0.5,0.7438951157351386,1.0,0.4789330888307618
2022-07-13,15066.5,0.0049447449639929975,0.5,0.0024723724819964987,1.0052111727942523,0.00440106112766311,0.9832593247582432,0.5,0.74636443693253,0.5,0.48134778633983244
2022-07-14,15141.0,0.014001717191731045,0.5,0.007000858595865522,1.0121876391577873,0.01246220254063381,0.9956445132359224,0.5,0.7533409032960652,1.0,0.4951986481202586
2022-07-15,15353.0,-0.006708786556373303,0.5,-0.0033543932781866515,1.0088276072895717,-0.0059711430907046495,0.9896554715848358,0.5,0.7499808714278494,1.0,0.4884672564969173
2022-07-18,15250.0,0.026475409836065555,0.5,0.013237704918032778,1.0219784594397716,0.023564389653448394,1.0129465069645383,0.5,0.7631317235780494,1.0,0.5145982583396018
2022-07-19,15653.75,0.0068993052782879705,0.5,0.0034496526391439852,1.0254221756756854,0.006140713927464975,1.0190684435399235,0.5,0.766575439813963,1.0,0.5214738723178147
2022-07-20,15761.75,0.009167763731819045,0.5,0.004583881865909523,1.0299955835506094,0.008159751186667192,1.027195083952052,0.5,0.771148847688887,1.0,0.5305998671942929
2022-07-21,15906.25,-0.009021611001964636,0.5,-0.004510805500982318,1.0254745736682773,-0.008029668219244607,1.019133004328473,0.5,0.7666278378065549,1.0,0.521537315036991
2022-07-22,15762.75,-0.006439231733041506,0.5,-0.003219615866520753,1.0222497636868932,-0.005731226317771293,1.0133852915110644,0.5,0.7634030278251707,1.0,0.5150772620211221
2022-07-25,15661.25,-0.008380557107510622,0.5,-0.004190278553755311,1.0180506813137147,-0.007459099383811621,1.0058982339300317,0.5,0.759203945451992,1.0,0.5066613906040924
2022-07-26,15530.0,0.02472633612363162,0.5,0.01236316806181581,1.0303380495246837,0.022007629824323808,1.0276671912652073,0.5,0.771491313662961,1.0,0.5310869783988398
2022-07-27,15914.0,0.021616187005152776,0.5,0.010808093502576388,1.041088153051218,0.01923944734246744,1.0467239005733964,0.5,0.7822414171894951,1.0,0.5524728487678774
2022-07-28,16258.0,0.003244556526017961,0.5,0.0016222782630089805,1.0427091168422797,0.0028878115468330004,1.0496075504027098,0.5,0.7838623809805568,1.0,0.5557121530780444
2022-07-29,16310.75,0.0001992550925002945,0.5,9.962754625014725e-05,1.0428087394260355,0.0001773466272735366,1.0497848813059294,0.5,0.7839620035643127,1.0,0.5559113883218854
2022-08-01,16314.0,-0.0036778227289444576,0.5,-0.0018389113644722288,1.0409681351883793,-0.0032734393309786546,1.0465060725515676,0.5,0.7821213993266563,1.0,0.5522267857745098
2022-08-02,16254.0,0.02016426725729059,0.5,0.010082133628645296,1.0509997831596223,0.017947168850991384,1.064294092330247,0.5,0.792153047297899,1.0,0.5721904464347983
2022-08-03,16581.75,0.004824581241425152,0.5,0.002412290620712576,1.0534091688780234,0.0042941096282026435,1.068579008578558,0.5,0.7945624330162998,1.0,0.5770034266824738
2022-08-04,16661.75,-0.006691974132368994,0.5,-0.003345987066184497,1.0500575714788853,-0.0059561792237537835,1.0626050205692412,0.5,0.7912108356171618,1.0,0.5702889608926596
2022-08-05,16550.25,-0.0002114771680186145,0.5,-0.00010573858400930725,1.049951827304158,-0.00018822486302780375,1.0624167779896907,0.5,0.7911050914424343,1.0,0.5700774613601916
2022-08-08,16546.75,-0.009503376796047514,0.5,-0.004751688398023757,1.0451888137448178,-0.008458462974973269,1.0539223392064294,0.5,0.7863420778830942,1.0,0.56052863932756
2022-08-09,16389.5,0.019845022727966066,0.5,0.009922511363983033,1.055062420232948,0.01766302584696177,1.0714311866694906,0.5,0.7962156843712247,1.0,0.5801793165779222
2022-08-10,16714.75,-0.0020490883800236004,0.5,-0.0010245441900118002,1.054037350838777,-0.0018237873302136217,1.0696057342143002,0.5,0.7951906149770536,1.0,0.5781281259440104
2022-08-11,16680.5,0.013983393783159936,0.5,0.006991696891579968,1.0610047191505236,0.012445893824658402,1.0819748145871178,0.5,0.8021579832888002,1.0,0.5920146540392138
2022-08-12,16913.75,0.005838445052102514,0.5,0.002919222526051257,1.0639196890207854,0.005196497241397824,1.0871578566298643,0.5,0.8050729531590619,1.0,0.5978361214210813
2022-08-15,17012.5,-0.0008963997060984497,0.5,-0.00044819985304922483,1.06347138869616,-0.0007978389037425206,1.086359699283275,0.5,0.8046246528344366,1.0,0.5969393197085094
2022-08-16,16997.25,-0.008972039594640324,1.0,-0.009020576858021165,1.054409880096836,-0.007985547279659807,1.0783420967544164,0.5,0.8001285406559137,1.0,0.5879267889927126
2022-08-17,16844.75,0.001721604654269182,0.5,0.0008118256430045208,1.0552213763876421,0.0015323110446103716,1.0798732350083586,0.5,0.8009889727052005,1.0,0.5896469133843967
2022-08-18,16873.75,-0.01718645825616716,1.0,-0.017235350766723497,1.0378357679645027,-0.015296775446299662,1.0644582569305525,0.5,0.792358608892748,1.0,0.5723110536924864
2022-08-19,16583.75,-0.01908494761438151,1.0,-0.01908494761438151,1.018566351919265,-0.016986522395143734,1.0473258086881185,0.5,0.7827703139514071,1.0,0.5530416376472485
2022-08-22,16267.25,-0.002720189337472534,1.0,-0.002720189337472534,1.0158424561437753,-0.002421099498601156,1.044901773588915,0.5,0.7814092935144,1.0,0.5503177418717587
2022-08-23,16223.0,0.004114528755470692,1.0,0.004114528755470692,1.019948543373152,0.003662128723769661,1.0485572130456204,0.5,0.7834644446216499,1.0,0.5544238291011355
2022-08-24,16289.75,0.011587040930646664,1.0,0.011587040930646664,1.031468968636845,0.010313024391723234,1.0588174210222332,0.5,0.7892412471865363,1.0,0.5659442543648284
2022-08-25,16478.5,-0.0355463179294232,1.0,-0.0355463179294232,0.9952754981107917,-0.031637934657889506,1.0266681938275573,0.5,0.7713082489003052,1.0,0.5297507838387752
2022-08-26,15892.75,-0.003382045272215306,1.0,-0.003382045272215306,0.9918877207957969,-0.003010183151594522,1.023653470962124,0.5,0.7696157948715138,1.0,0.5263630065237803
2022-08-29,15839.0,-0.009138834522381512,1.0,-0.009138834522381512,0.9827068709485646,-0.008134002797207942,1.0154862066753394,0.5,0.7650359059113852,1.0,0.517182156676548
2022-08-30,15694.25,-0.0035044681969511604,1.0,-0.0035044681969511604,0.9791962477186561,-0.0031191454497743474,1.0123621865522139,0.5,0.7632821348550725,1.0,0.5136715334466395
2022-08-31,15639.25,-0.0008472273286762588,1.0,-0.0008472273286762588,0.9783486612900661,-0.0007540731199855305,1.0116078289760837,0.5,0.7628584314411192,1.0,0.5128239470180496
2022-09-01,15626.0,-0.010367336490464618,0.5,-0.005236464866248564,0.9730984380906332,-0.00922742870620005,1.0023375638325394,0.5,0.7576612813772838,1.0,0.5024024953495267
2022-09-02,15464.0,0.00037183135023277636,0.5,0.00018591567511638818,0.9732843364855722,0.0003309478069086268,1.002668456888302,0.5,0.7578471797722227,1.0,0.5027742575876145
2022-09-05,15469.75,-0.007482344575704181,0.5,-0.0037411722878520903,0.9695361485092775,-0.00665964697789401,0.9959865355133135,0.5,0.7540989917959279,1.0,0.4952637798492037
2022-09-06,15354.0,0.015842777126481744,0.5,0.007921388563240872,0.977426327580801,0.01410083453713343,1.0099888780825559,0.5,0.7619891708674512,1.0,0.5109823701081992
2022-09-07,15597.25,0.0052252800974530444,0.5,0.0026126400487265222,0.9800355606184209,0.004650750905357485,1.0146288476605105,0.5,0.7645984039050712,1.0,0.5161940458002444
2022-09-08,15678.75,0.015801642350314893,0.5,0.007900821175157446,0.9879053337355057,0.014064222605537092,1.0285950867267648,0.5,0.7724681770221561,1.0,0.531872141988744
2022-09-09,15926.5,0.01163155746711464,0.5,0.00581577873355732,0.99370426611282,0.010352646252833175,1.0388945113453887,0.5,0.7782671093994705,1.0,0.5434365729140203
2022-09-12,16111.75,-0.04515338184865081,0.5,-0.022576690924325404,0.9708688197237879,-0.040188684165452446,0.9978759515017565,0.5,0.7554316630104383,1.0,0.49723201224796126
2022-09-13,15384.25,0.007995189885759757,0.5,0.0039975949428798785,0.9748584455152369,0.007116103999444278,1.0049668555129998,0.5,0.7594212888018873,0.5,0.5011682238618181
2022-09-14,15507.25,-0.017862612648922305,0.5,-0.008931306324461152,0.9658870159940776,-0.015898585415453317,0.9889405318746096,0.5,0.7504498592807278,1.0,0.48308997912060503
2022-09-15,15230.25,-0.0008043203493048878,0.5,-0.0004021601746524439,0.9654847749313347,-0.0007158838421983311,0.9882243916652135,0.5,0.7500476182179849,1.0,0.4822853351321366
2022-09-16,15218.0,0.005569062951767734,0.5,0.002784531475883867,0.968265436781181,0.004956734200249131,0.9931688817025354,0.5,0.7528282800678314,1.0,0.48783894818724693
2022-09-19,15302.75,-0.006306056101027635,0.5,-0.0031530280505138175,0.9651074274642526,-0.005612693592327165,0.9875403777586684,0.5,0.7496702707509029,1.0,0.48151292492750136
2022-09-20,15206.25,-0.018479243732018036,0.5,-0.009239621866009018,0.9558248555257972,-0.016447416772719103,0.9709562005829092,0.5,0.7403876988124475,1.0,0.4628608069349453
2022-09-21,14925.25,-0.0068005561045878515,0.5,-0.0034002780522939258,0.9524187833900285,-0.006052822407694966,0.9648849855900733,0.5,0.7369816266766788,0.5,0.45939926921177754
2022-09-22,14823.75,-0.012041487477864932,0.5,-0.006020743738932466,0.9463798418940575,-0.010717503702208836,0.9541096357630938,0.5,0.7309426851807078,1.0,0.4472283618768681
2022-09-23,14645.25,-0.004950410542667427,0.5,-0.0024752052713337136,0.9439015682378555,-0.004406103765504155,0.9496937965148371,0.5,0.7284644115245058,1.0,0.442265657462005
2022-09-26,14572.75,0.0026590725841038054,0.5,0.0013295362920519027,0.9452302214791435,0.0023667026450811556,0.9520577029302402,0.5,0.7297930647657936,1.0,0.44492120096727195
2022-09-27,14611.5,0.012661259966464833,0.5,0.0063306299832324164,0.9515408971954917,0.011269131061644863,0.9632638103733971,0.5,0.7361037404821418,1.0,0.45750297738653345
2022-09-28,14796.5,-0.020629878687527414,0.5,-0.010314939343763707,0.9411723901816582,-0.018361585444998316,0.9447315586544568,0.5,0.7257352334683083,1.0,0.43665733007276325
2022-09-29,14491.25,-0.012128008280859137,0.5,-0.006064004140429569,0.9350899252996094,-0.01079451138320448,0.9338783638452265,0.5,0.7196527685862595,1.0,0.4244551774071718
2022-09-30,14315.5,0.0174985155949845,0.5,0.00874925779749225,0.9438011301367925,0.015574521504685239,0.9493328472429321,0.5,0.7283639734234424,0.5,0.43310925061566374
2022-10-03,14566.0,0.023101743786900997,0.5,0.011550871893450498,0.9552858000157726,0.020561664413862927,0.96968597437241,0.5,0.7398486433024225,1.0,0.45589282756051924
2022-10-04,14902.5,-0.0011575239053850384,0.5,-0.0005787619526925192,0.9547068705157313,-0.001030252015306587,0.9686551912827043,0.5,0.7392697138023813,1.0,0.45473463320691526
2022-10-05,14885.25,-0.008212828135234496,0.5,-0.004106414067617248,0.9505920019768893,-0.007309812521649322,0.9613185311675777,0.5,0.7351548452635392,1.0,0.4464878940005255
2022-10-06,14763.0,-0.027738264580369876,0.5,-0.013869132290184938,0.9366257946621118,-0.024688391187504165,0.9363202709045231,0.5,0.7211886379487619,1.0,0.41835765835386485
2022-10-07,14353.5,-0.007158532762044145,0.5,-0.0035792663810220726,0.9330401073811905,-0.006371438870872357,0.9299284477862212,0.5,0.7176029506678403,0.5,0.4147142856733643
2022-10-10,14250.75,-0.007929407224181229,0.5,-0.003964703612090614,0.9290675234962069,-0.007057554262934978,0.9228458711866974,0.5,0.7136303667828567,1.0,0.40669491740815567
2022-10-11,14137.75,-0.0019451468585878207,0.5,-0.0009725734292939103,0.9280944768104994,-0.001731274370926078,0.921113096428326,0.5,0.7126573200971492,1.0,0.4047478762946158
2022-10-12,14110.25,0.015059974132279663,0.5,0.007529987066139832,0.9355962550436258,0.013404102177125317,0.9344281584146045,0.5,0.7201590983302755,1.0,0.4196955748578041
2022-10-13,14322.75,-0.022289713916671006,0.5,-0.011144856958335503,0.9243888288491818,-0.019838918726796263,0.9143898062361654,0.5,0.7089516721358317,0.5,0.4084298971101896
2022-10-14,14003.5,0.027689506194879865,0.5,0.013844753097439932,0.9381386188424418,0.024644993876502222,0.9387360113968518,0.5,0.7227014621290915,0.5,0.42217968710344955
2022-10-17,14391.25,0.013115608442630045,0.5,0.006557804221315022,0.9446750142113916,0.011673523084170722,0.9503419245656766,0.5,0.7292378574980413,0.5,0.42871608247239934
2022-10-18,14580.0,-0.011779835390946514,0.5,-0.005889917695473257,0.9387676825390943,-0.01048462074523249,0.939801952955875,0.5,0.723330525825744,0.5,0.422808750800102
2022-10-19,14408.25,-0.006333177172800353,0.5,-0.0031665885864001764,0.9355960697017622,-0.005636832652195499,0.9341491734076142,0.5,0.720158912988412,0.5,0.41963713796277
2022-10-20,14317.0,0.02222881888663819,0.5,0.011114409443319095,0.9466491679698257,0.019784719217722114,0.9537407188371155,0.5,0.7312120112564754,1.0,0.4415661255817945
2022-10-21,14635.25,0.005551664645291332,0.5,0.002775832322645666,0.9494211547846093,0.004941248869685463,0.9586697998032364,0.5,0.7339839980712589,1.0,0.4471024365364012
2022-10-24,14716.5,0.008595793836849719,0.5,0.0042978969184248594,0.9537098421225292,0.007650670437452919,0.9662913522819204,0.5,0.7382726854091788,0.5,0.4513353026982897
2022-10-25,14843.0,-0.007511958498955695,0.5,-0.0037559792494778477,0.9499467914707432,-0.006686004795619475,0.9595828960265683,0.5,0.7345096347573928,1.0,0.44373898332752504
2022-10-26,14731.5,-0.025710212809286204,0.5,-0.012855106404643102,0.9370083431693637,-0.022883327452245906,0.9364336811464138,0.5,0.7215711864560131,1.0,0.4176924865198705
2022-10-27,14352.75,0.03692672136001818,0.5,0.01846336068000909,0.9553033254024086,0.03286656018319435,0.9687716859632725,0.5,0.739866168689058,0.5,0.43593102892588
2022-10-28,14882.75,-0.01160739782634257,0.5,-0.005803698913171285,0.9494827195818977,-0.01033114300916044,0.958386806268179,0.5,0.7340455628685469,1.0,0.42419965351274547
2022-10-31,14710.0,-0.008990482664853805,0.5,-0.0044952413324269025,0.9449773442709624,-0.008001962500259125,0.9503526562420836,0.5,0.7295401875576116,1.0,0.4151685125835483
2022-11-01,14577.75,-0.02598137572670678,0.5,-0.01299068786335339,0.9319015394667018,-0.023124675506354588,0.9269564106108293,0.5,0.7164643827533511,1.0,0.38884365849162
2022-11-02,14199.0,-0.015018663286146872,0.5,-0.007509331643073436,0.9243638708424418,-0.013367333534780803,0.9134989300213117,0.5,0.7089267141290911,0.5,0.3812474458568833
2022-11-03,13985.75,0.010206817653683142,0.5,0.005103408826841571,0.9294543014152861,0.009084559211825525,0.9225424728484649,0.5,0.7140171447019353,1.0,0.39134413138609225
2022-11-04,14128.5,0.01010369112078413,0.5,0.005051845560392065,0.9344934292180102,0.00899277163158074,0.9314950503008972,0.5,0.7190562725046595,0.5,0.396325158398013
2022-11-07,14271.25,0.005237803275816688,0.5,0.002618901637908344,0.9371089075086612,0.004661897137143425,0.9361461144507163,0.5,0.7216717507953107,1.0,0.40149178312113315
2022-11-08,14346.0,-0.017147636971978297,0.5,-0.008573818485989149,0.9284981223925094,-0.015262222633967842,0.920766225326884,0.5,0.7130609656791589,1.0,0.38419542280101304
2022-11-09,14100.0,0.05904255319148932,0.5,0.02952127659574466,0.9575920365862173,0.05255071548102862,0.9719826964705819,0.5,0.7421548798728668,1.0,0.44156067104121444
2022-11-10,14932.5,0.010781851665829567,0.5,0.0053909258329147836,0.9629684833920612,0.009596367172877198,0.9815333109853195,0.5,0.7475313266787107,1.0,0.4522848129855682
2022-11-11,15093.5,-0.004488687183224593,0.5,-0.0022443435916122967,0.9607216174867045,-0.003995147741730397,0.9775301613211643,0.5,0.7452844607733541,1.0,0.44778602139768386
2022-11-14,15025.75,0.008352328502736928,0.5,0.004176164251368464,0.9648890857662765,0.0074339745662401705,0.9849366400831334,0.5,0.7494519290529261,1.0,0.45610366221947507
2022-11-15,15151.25,-0.008085141489976078,0.5,-0.004042570744988039,0.9608383217434493,-0.007196165258734727,0.9777144575355713,0.5,0.745401165030099,1.0,0.44798565872387214
2022-11-16,15028.75,-0.00166347833319469,0.5,-0.000831739166597345,0.9600062364899153,-0.0014805758198337972,0.9762327845802965,0.5,0.7445690797765651,1.0,0.4463207952743078
2022-11-17,15003.75,-0.002366075147879676,0.5,-0.001183037573939838,0.9588224985746169,-0.002105920817815859,0.9741246431931253,0.5,0.7433853418612665,1.0,0.44395191654743327
2022-11-18,14968.25,-0.008150585405775512,0.5,-0.004075292702887756,0.9547388792364051,-0.007254413495188638,0.9668437884857596,0.5,0.7393017225230547,1.0,0.4357679335232034
2022-11-21,14846.25,0.010120400774606297,0.5,0.005060200387303149,0.9597863198363467,0.009007644028120694,0.975811105674046,0.5,0.744349163122996,1.0,0.4458374659593095
2022-11-22,14996.5,0.009235488280598725,0.5,0.004617744140299362,0.9643934349051677,0.008220029296295334,0.9839975345349872,0.5,0.7489562781918169,1.0,0.4550305678905722
2022-11-23,15135.0,0.002180376610505519,0.5,0.0010901883052527594,0.9654830293866973,0.0019406401774082025,0.9859362941029107,0.5,0.7500458726733464,1.0,0.4572085709295563
2022-11-24,15168.0,-0.008175105485232037,0.5,-0.0040875527426160185,0.9613870997652876,-0.007276237546647134,0.9786334556248352,0.5,0.7459499430519365,1.0,0.4489998660249803
2022-11-25,15044.0,-0.010868120180802965,0.5,-0.005434060090401482,0.9559382214639406,-0.009673150305385625,0.9689132164900978,0.5,0.7405010647505896,1.0,0.4380722564078342
2022-11-28,14880.5,-0.006989012465978939,0.5,-0.0034945062329894694,0.9524375951821862,-0.006220557644278204,0.9626732305653862,0.5,0.7370004384688353,1.0,0.4310587063985969
2022-11-29,14776.5,0.03774574493283245,0.5,0.018872872466416224,0.9711345844921776,0.03359553060233642,0.9957167604945909,0.5,0.7556974277788268,1.0,0.4681095140596624
2022-11-30,15334.25,-0.0026411464532011264,0.5,-0.0013205732266005632,0.9698131385403372,-0.0023507475253611953,0.9933632456245293,0.5,0.7543759818269864,1.0,0.46546487362573513
2022-12-01,15293.75,-0.0037597057621577834,0.5,-0.0018798528810788917,0.9679315165183336,-0.0033463191735417187,0.9900113150030209,0.5,0.7524943598049829,1.0,0.4616980824047995
2022-12-02,15236.25,-0.01086225285093112,0.5,-0.00543112642546556,0.9624855879063853,-0.009667928099263734,0.9802963490691006,0.5,0.7470484311930345,0.5,0.45619770944280014
2022-12-05,15070.75,-0.016405951926745543,0.5,-0.008202975963372772,0.9542487824067494,-0.014602087228539973,0.9655866020410007,0.5,0.7388116256933988,1.0,0.4396000331974055
2022-12-06,14823.5,-0.004553580463453333,0.5,-0.0022767902317266664,0.951969396347291,-0.004052905886011032,0.961525460873183,0.5,0.7365322396339404,1.0,0.43503605360557995
2022-12-07,14756.0,0.00938601246950399,0.5,0.004693006234751995,0.9566514247608735,0.008354003072776827,0.9698447623929288,0.5,0.7412142680475228,1.0,0.4443782911614541
2022-12-08,14894.5,-0.005656450367585331,0.5,-0.0028282251837926653,0.9538191925913471,-0.005034513208388549,0.9647975333261926,0.5,0.7383820358779962,1.0,0.43870578249454245
2022-12-09,14810.25,0.010145000928410974,0.5,0.005072500464205487,0.958878871265817,0.009029539349604952,0.9737865501359384,0.5,0.743441714552466,0.5,0.44371003610494447
2022-12-12,14960.5,0.009140737274823785,1.0,0.009085592059089017,0.9679234376412205,0.008135696338506884,0.9818893301081786,0.5,0.7480016707688184,1.0,0.45275460248034793
2022-12-13,15097.25,-0.004139826789647083,0.5,-0.0021245591084468837,0.9657966184553916,-0.0036846451923905417,0.9781978798894766,0.5,0.7459296121424569,1.0,0.4486061828844241
2022-12-14,15034.75,-0.029115881541096456,0.5,-0.014557940770548228,0.9511316710646304,-0.025914536620446203,0.9519416454433982,0.5,0.7312646647516957,0.5,0.43388555042813
2022-12-15,14597.0,-0.008974446804137837,0.5,-0.004487223402068918,0.9466343498569021,-0.007987689812029583,0.943921883132817,0.5,0.7267673435439673,1.0,0.42481355880259686
2022-12-16,14466.0,-0.00933222729158023,0.5,-0.004666113645790115,0.9419573159193774,-0.008306131674448216,0.9355810633303521,0.5,0.7220903096064426,1.0,0.41543751345144236
2022-12-19,14331.0,0.0005582304096014568,0.5,0.0002791152048007284,0.942236392178776,0.0004968519456244106,0.9360777918859179,0.5,0.7223693858658412,1.0,0.4159955881084099
2022-12-20,14339.0,0.011332728921124247,0.5,0.005666364460562123,0.9478867631842924,0.0100866744570841,0.9461139353512211,0.5,0.7280197568713578,1.0,0.4272645827274947
2022-12-21,14501.5,-0.021463296900320672,0.5,-0.010731648450160336,0.9370971152684191,-0.019103367786882524,0.9268257405693224,0.5,0.7172301089554844,1.0,0.4055675994331371
2022-12-22,14190.25,0.0016032134740402437,0.5,0.0008016067370201219,0.9378984008903527,0.0014269371931867017,0.9282516606550831,0.5,0.7180313945774182,1.0,0.4071695291323825
2022-12-23,14213.0,-0.010905509041018835,0.5,-0.0054527545205094174,0.9324307258405393,-0.009706428191404404,0.9184978180235216,0.5,0.7125637195276047,1.0,0.3962041191292213
2022-12-27,14058.0,-0.009158486271162336,0.5,-0.004579243135581168,0.9278409658526798,-0.008151493799935017,0.9103129191399263,0.5,0.7079739595397453,1.0,0.3870034360860331
2022-12-28,13929.25,0.017714521600229682,0.5,0.008857260800114841,0.9366592312110599,0.01576677725092674,0.9259566919957188,0.5,0.7167922248981252,1.0,0.4045628842382328
2022-12-29,14176.0,0.0008288656884876122,0.5,0.0004144328442438061,0.937073578201732,0.000737730376029504,0.9266941503824561,0.5,0.7172065718887971,1.0,0.405391406607253
2022-12-30,14187.75,-0.007101196454687986,0.5,-0.003550598227343993,0.9335166616401575,-0.006320406796347493,0.9203536852525214,0.5,0.7136496553272226,1.0,0.3982648766536775
2023-01-03,14087.0,0.003034712855824573,0.5,0.0015173564279122864,0.9350328680459871,0.0027010405755292545,0.9230510845732662,0.5,0.715165861733052,1.0,0.4012949940633357
2023-01-04,14129.75,-0.010368194766361749,0.5,-0.0051840973831808745,0.9298352866080101,-0.009228192613077993,0.9137800484080015,0.5,0.709968280295075,1.0,0.39087267512728935
2023-01-05,13983.25,0.01941608710421394,0.5,0.00970804355210697,0.9394965098836164,0.01728125248681642,0.9309136783590264,0.5,0.7196295035706816,1.0,0.4101026748802876
2023-01-06,14254.75,0.005331556147950778,0.5,0.002665778073975389,0.9421587410732946,0.004745341707927298,0.9356477964256611,0.5,0.7222917347603599,1.0,0.4154200685989817
2023-01-09,14330.75,0.00673377178444956,0.5,0.00336688589222478,0.9455199716954246,0.0059933811468335174,0.9416232887046593,0.5,0.7256529653824898,1.0,0.42213126980895305
2023-01-10,14427.25,0.01342944774645205,0.5,0.006714723873226025,0.9522122522215392,0.01195285517721936,0.9535052726915199,0.5,0.7323452459086042,1.0,0.4354713418108088
2023-01-11,14621.0,0.003180357020723612,0.5,0.001590178510361806,0.9538011677368013,0.002830670895652075,0.9563319447827343,0.5,0.7339341614238665,1.0,0.4386466521933858
2023-01-12,14667.5,0.005454235554797959,0.5,0.0027271177773989796,0.9565245736753974,0.0048545322875368675,0.9611747318248501,0.5,0.7366575673624626,0.5,0.4413139627289854
2023-01-13,14747.5,-0.0025428038650618934,0.5,-0.0012714019325309467,0.9552523628257176,-0.002263217886319133,0.9589089489901751,0.5,0.7353853565127828,1.0,0.43871183457805824
2023-01-16,14710.0,0.004027872195785154,0.5,0.002013936097892577,0.9572642736730013,0.003585000212781489,0.9624875384069285,0.5,0.7373972673600664,1.0,0.4427316166134425
2023-01-17,14769.25,-0.009563789630482211,0.5,-0.004781894815241106,0.9524709090190987,-0.008512233306745403,0.9539388691272398,0.5,0.7326039027061638,1.0,0.4331218002518469
2023-01-18,14628.0,-0.006050041017227281,1.0,-0.006106439704676009,0.9463457487619646,-0.00538482783957067,0.9485394908443096,0.5,0.7295742975749587,1.0,0.4270533835833473
2023-01-19,14539.5,0.019550190859383143,0.5,0.009718353450944022,0.9560171827576571,0.017400611286561722,0.9657904450827401,0.5,0.7393019258393614,1.0,0.44641492426158
2023-01-20,14823.75,0.017387638080782475,1.0,0.01733198414706125,0.9732006813120528,0.015475835177839297,0.981147750853511,0.5,0.7479581712501779,1.0,0.46365312709378104
2023-01-23,15081.5,0.0023041474654377225,1.0,0.0023041474654377225,0.975502178300332,0.002050802198371135,0.9831964530277197,0.5,0.7491095818552198,1.0,0.46595462408206023
2023-01-24,15116.25,-0.006400396923840201,1.0,-0.006400396923840201,0.969081211016814,-0.005696661467527113,0.9774835036971723,0.5,0.7459042518072145,1.0,0.4595336567985422
2023-01-25,15019.5,0.012450481041312855,1.0,0.012450481041312855,0.9814548222058367,0.011081527668391619,0.988504081105781,0.5,0.7521101955613678,1.0,0.4719072679875648
2023-01-26,15206.5,0.010554697004570457,1.0,0.010554697004570457,0.9919542072561791,0.009394188585929884,0.9978544187177402,0.5,0.7573736676590512,1.0,0.4824066530379073
2023-01-27,15367.0,-0.015113555020498493,1.0,-0.015113555020498493,0.976725278515617,-0.013451791747779156,0.9843113319740862,0.5,0.7497881930424571,1.0,0.46717772429734516
2023-01-30,15134.75,0.008622540841441095,1.0,0.008622540841441095,0.985310857569488,0.007674476559516994,0.9919565095458234,0.5,0.7540901965620546,1.0,0.4757633033512162
2023-01-31,15265.25,0.02528618922061554,1.0,0.02528618922061554,1.0102826401840044,0.02250592603985765,1.014212914101851,0.5,0.7666540345849299,1.0,0.5007350859657325
2023-02-01,15651.25,0.010542288954556334,1.0,0.010542288954556334,1.0207697467043204,0.00938314482391892,1.0235523106735793,0.5,0.7719113352074872,1.0,0.5112221924860484
2023-02-02,15816.25,-0.0033984035406623425,1.0,-0.0033984035406623425,1.017365555474022,-0.003024742798229966,1.0205229840953476,0.5,0.77021068815638,0.5,0.5094692937432809
2023-02-03,15762.5,-0.006566217287866771,0.5,-0.003335448057097541,1.0140245324098374,-0.005844249576440007,1.0146615900620617,0.5,0.7669221782861475,1.0,0.5028287372709628
2023-02-06,15659.0,0.014496455712369904,1.0,0.014443770355706004,1.0283649851897325,0.012902543647687177,1.0274816050220525,0.5,0.7741442639856692,1.0,0.5172211239185972
2023-02-07,15886.0,-0.011393679969784687,0.5,-0.005748772504091638,1.022599624889462,-0.010140923825434365,1.0172889117377943,0.5,0.768431135114961,1.0,0.5057620386982667
2023-02-08,15705.0,-0.006956383317414883,0.5,-0.0034781916587074413,1.0191153702592801,-0.006191516130829137,1.0110781486847535,0.5,0.7649468804847791,1.0,0.4987813469483116
2023-02-09,15595.75,-0.006908933523556149,0.5,-0.0034544667617780744,1.0156549230503886,-0.006149283529393073,1.0049098804431322,0.5,0.7614864332758877,1.0,0.49184843624187796
2023-02-10,15488.0,0.013106921487603396,1.0,0.01305365444214885,1.0286241127999276,0.011665791275884563,1.0165081509904437,0.5,0.7680185134561153,1.0,0.504870205284588
2023-02-13,15691.0,0.004652348480020496,1.0,0.004652348480020496,1.0332656725557539,0.004140814176840073,1.020640415589609,0.5,0.7703419863412319,1.0,0.5095117650404142
2023-02-14,15764.0,0.00821492007104796,0.5,0.0040551256026389254,1.0373125982967373,0.007311674445258577,1.0279254893283765,0.5,0.7744410337911557,1.0,0.517693126318839
2023-02-15,15893.5,-0.017695913423726672,0.5,-0.008847956711863336,1.0284252659813964,-0.015750215077779198,1.0120499216506018,0.5,0.7655537014758147,1.0,0.4998387682208984
2023-02-16,15612.25,-0.005252285865266049,0.5,-0.0026261429326330243,1.0257956686863203,-0.004674787339149316,1.0073641733195744,0.5,0.7629241041807386,1.0,0.49457264061376377
2023-02-17,15530.25,-0.0011268331160154688,0.5,-0.0005634165580077344,1.0252320933495618,-0.0010029357348805416,1.006360734308119,0.5,0.7623605288439801,1.0,0.493445172143976
2023-02-20,15512.75,-0.016454207023255063,0.5,-0.008227103511627532,1.0169709604511221,-0.014645036588113856,0.991607400526855,0.5,0.7540993959455403,1.0,0.47685409114417
2023-02-21,15257.5,0.0036047845321973693,0.5,0.0018023922660986846,1.018771730357407,0.00320843181878562,0.994810696311085,0.5,0.7559001658518253,1.0,0.48045239401260287
2023-02-22,15312.5,0.0017306122448979,0.5,0.00086530612244895,1.0196366623183406,0.0015403282340222882,0.9963498394563673,0.5,0.7567650978127586,1.0,0.48218151047362895
2023-02-23,15339.0,-0.012598604863420015,0.5,-0.006299302431710008,1.013317435564107,-0.011213365002835311,0.9850731306999468,0.5,0.7504458710585251,1.0,0.4695028702548754
2023-02-24,15145.75,0.006321905485036972,0.5,0.003160952742518486,1.016473402998292,0.005626800307308187,0.9906841597000787,0.5,0.7536018384927101,1.0,0.47580487631956575
2023-02-27,15241.5,-0.003559360955286528,1.0,-0.0036134894859429596,1.01285336908899,-0.00316800264800382,0.9875111283081613,0.5,0.751820572502349,1.0,0.4722391657675923
2023-02-28,15187.25,-0.0036873034947076944,1.0,-0.0036873034947076944,1.0091592507332865,-0.003281877669045612,0.9842238534667904,0.5,0.7499752191373306,1.0,0.4685450474118886
2023-03-01,15131.25,0.004427922346137869,1.0,0.004427922346137869,1.0135773986741892,0.003941064110647589,0.9881571719283394,0.5,0.7521867331097007,1.0,0.4729631953527913
2023-03-02,15198.25,0.01791324659089044,1.0,0.01791324659089044,1.0313320937122856,0.015943652062036517,1.0039750589777736,0.5,0.7611034837606975,1.0,0.49071789039088765
2023-03-03,15470.5,-0.0002100772437865217,1.0,-0.0002100772437865217,1.031121994399184,-0.00018697886304915937,1.0037880626319975,0.5,0.7609984396218619,1.0,0.490507791077786
2023-03-06,15467.25,-0.009423135980862751,1.0,-0.009423135980862751,1.021654179775663,-0.008387044785535145,0.99536564868568,0.5,0.7562757372074697,1.0,0.481039976454265
2023-03-07,15321.5,0.004095552002088665,1.0,0.004095552002088665,1.0257413678335194,0.0036452384994513074,0.9990042594049489,0.5,0.7583214193732221,1.0,0.4851271645121214
2023-03-08,15384.25,-0.014885353527146261,1.0,-0.014885353527146261,1.0107441156086334,-0.013248681429859714,0.98566703124067,0.5,0.7508509076940914,1.0,0.4701299122872354
2023-03-09,15155.25,-0.007703601062338139,1.0,-0.007703601062338139,1.0030106885344254,-0.006856575905403689,0.9787868410145353,0.5,0.7469916698751475,1.0,0.4623964852130274
2023-03-10,15038.5,0.0033414236792232987,1.0,0.0033414236792232987,1.006346542062255,0.0029740279777356647,0.9817564553198229,0.5,0.748660987628262,1.0,0.4657323387408569
2023-03-13,15088.75,0.017430204622649326,1.0,0.017430204622649326,1.0236265830786706,0.015513721449854015,0.9971510692804814,0.5,0.7573383326492856,0.5,0.4743554781896986
2023-03-14,15351.75,0.003989773152897946,1.0,0.003989773152897946,1.027608418193638,0.003551090229987016,1.000695869276618,0.5,0.7593312320818205,1.0,0.4782837856280059
2023-03-15,15413.0,0.02038863297216631,1.0,0.02038863297216631,1.0477919856407143,0.018146865141358295,1.0186800453110236,0.5,0.7694739369903917,1.0,0.49846735307508216
2023-03-16,15727.25,-0.004005786135529044,1.0,-0.004005786135529044,1.0437781548532798,-0.0035653425556193496,1.0151083317739729,0.5,0.7674690354500213,1.0,0.4944535222876477
2023-03-17,15664.25,0.003351580828957701,1.0,0.003351580828957701,1.0471241316532907,0.0029830683301076168,1.0180869595844733,0.5,0.7691434232944674,1.0,0.4977994990876585
2023-03-20,15716.75,0.011150524122353511,1.0,0.011150524122353511,1.0582129469814077,0.009924503412271303,1.0279625385470272,0.5,0.7747032011079511,1.0,0.5088883144157756
2023-03-21,15892.0,-0.011169141706518948,1.0,-0.011169141706518948,1.0469809620368202,-0.009941073958691423,1.0179717221760534,0.5,0.7691029782384882,1.0,0.4976563294711881
2023-03-22,15714.5,0.011056667409080845,0.5,0.005475834420439751,1.0524418585827002,0.009840966417873721,1.0277645816390486,0.5,0.7746160867936169,1.0,0.5086523187884661
2023-03-23,15888.25,0.0031627145846773175,0.5,0.0015813572923386587,1.0540219668461963,0.0028149682780153652,1.0305755953135116,0.5,0.7761961950571131,1.0,0.511810042511716
2023-03-24,15938.5,-0.006807416005270239,0.5,-0.0034037080026351196,1.050612453051587,-0.006058928049634587,1.0244982374784501,0.5,0.7727866812625038,1.0,0.504979350356344
2023-03-27,15830.0,-0.0041850915982312165,0.5,-0.0020925457991156082,1.0485177148194658,-0.003724933051716227,1.0207663495873682,0.5,0.7706919430303826,1.0,0.5007854767513704
2023-03-28,15763.75,0.013464435810007114,0.5,0.006732217905003557,1.0552273725422823,0.011983996238601836,1.032679106334123,0.5,0.777401600753199,1.0,0.5141600725769373
2023-03-29,15976.0,0.008105908863294875,0.5,0.0040529544316474375,1.0592721358787487,0.007214649221022485,1.039867854476971,0.5,0.7814463640896653,1.0,0.522233305023586
2023-03-30,16105.5,0.0135512713048338,0.5,0.0067756356524169,1.066024920075935,0.012061284010482091,1.051856980831335,0.5,0.7881991482868516,1.0,0.5356935790159032
2023-03-31,16323.75,-0.0028332950455624006,1.0,-0.002883834903131893,1.0631369189091233,-0.0025217690253039344,1.049332026790814,0.5,0.7867814963702752,1.0,0.5328562625923033
2023-04-03,16277.5,-0.0018737521118107336,1.0,-0.0018737521118107336,1.0612614091278565,-0.0016677296083451875,1.0476629049733446,0.5,0.7858441811716947,1.0,0.5309807528110366
2023-04-04,16247.0,-0.01049424509140151,1.0,-0.01049424509140151,1.0507117111477773,-0.009340383472202469,1.038278626575328,0.5,0.7805832441330748,1.0,0.5204310548309574
2023-04-05,16076.5,0.006391316517898815,1.0,0.006391316517898815,1.0570826898133634,0.005688579468980566,1.0439510871762054,0.5,0.7837738071284317,1.0,0.5268020334965434
2023-04-06,16179.25,0.0012825069147210932,1.0,0.0012825069147210932,1.0583643750185816,0.001141492912059143,1.0450919290805971,0.5,0.7844148550706475,1.0,0.5280837187017617
2023-04-07,16200.0,-0.001126543209876596,1.0,-0.001126543209876596,1.057237196781935,-0.0010026777044567776,1.0440887483585797,0.5,0.783851424768663,1.0,0.5269565404651151
2023-04-10,16181.75,-0.005237381618180992,1.0,-0.005237381618180992,1.0519860520043356,-0.004661521841543114,1.0394163277409854,0.5,0.7812292991910874,1.0,0.5217053956875156
2023-04-11,16097.0,-0.007687767907063381,1.0,-0.007687767907063381,1.0442685808773382,-0.006842483634777921,1.0325503269766174,0.5,0.7773780085291876,1.0,0.5139879245605181
2023-04-12,15973.25,0.013960840780680162,1.0,0.013960840780680162,1.058132866741127,0.012425820566432022,1.0448995806531713,0.5,0.7843341785714614,1.0,0.5278522104243067
2023-04-13,16196.25,0.0011731110596588934,1.0,0.0011731110596588934,1.0593052902436748,0.001044125333195596,1.0459431612666488,0.5,0.7849205621448341,1.0,0.5290246339268545
2023-04-14,16215.25,-0.0011409013120364797,1.0,-0.0011409013120364797,1.0581637376082922,-0.0010154571067804623,1.0449271882340039,0.5,0.7843499487199364,1.0,0.5278830812914719
2023-04-17,16196.75,0.0003704446879775336,1.0,0.0003704446879775336,1.0585341136985769,0.0003297136107279974,1.0452568475011441,0.5,0.7845351539123845,1.0,0.5282534573817566
2023-04-18,16202.75,-0.0011572109672740583,1.0,-0.0011572109672740583,1.057376232645688,-0.0010299734853185638,1.0442263432286396,0.5,0.7839563809719973,1.0,0.5270955763288676
2023-04-19,16184.0,-0.004773232822540829,1.0,-0.004773232822540829,1.0525915715663687,-0.004248407062759052,1.039968886043096,0.5,0.7815669120523135,1.0,0.5223109152495484
2023-04-20,16106.75,-0.0009312865723998254,1.0,-0.0009312865723998254,1.0516598510772075,-0.0008288898946961527,1.0391396524292211,0.5,0.7811011603206127,1.0,0.5213791947603872
2023-04-21,16091.75,-0.0016468065934407417,1.0,-0.0016468065934407417,1.0500116870072498,-0.0014657371686402749,1.0376728400170456,0.5,0.7802774178411956,1.0,0.5197310306904295
2023-04-24,16065.25,-0.00813868442756882,1.0,-0.00813868442756882,1.0418397026862842,-0.00724382105150387,1.0304026550999255,0.5,0.7761997733234529,1.0,0.511559046369464
2023-04-25,15934.5,0.0026201010386268653,1.0,0.0026201010386268653,1.0444563772440305,0.00233201609296725,1.032731956263384,0.5,0.7775089664752993,1.0,0.5141757209272103
2023-04-26,15976.25,0.01879352163367498,1.0,0.01879352163367498,1.0630754825264783,0.01672713923896112,1.0493207376643074,0.5,0.7868618523757858,1.0,0.5327948262096582
2023-04-27,16276.5,0.003993487543390684,1.0,0.003993487543390684,1.0670610172644113,0.0035543962163886583,1.0528688319431052,0.5,0.7888566053043315,1.0,0.5367803609475912
2023-04-28,16341.5,-0.002248875562218866,1.0,-0.002248875562218866,1.0648096091839538,-0.0020016075429379796,1.050865218506668,0.5,0.787731534868762,1.0,0.5345289528671339
2023-05-01,16304.75,-0.007344485502690956,1.0,-0.007344485502690956,1.057438020158451,-0.006536945764433604,1.0443068133418574,0.5,0.7840525328812261,1.0,0.5271573638416309
2023-05-02,16185.0,-0.004958294717330891,1.0,-0.004958294717330891,1.0524673923134575,-0.004413121060609918,1.0398839257178898,0.5,0.7815703073481967,1.0,0.5221867359966375
2023-05-03,16104.75,-0.0026389729738121037,1.0,-0.0026389729738121037,1.0498249311122239,-0.002348813024043036,1.0375323499055058,0.5,0.7802499495724758,1.0,0.5195442747954037
2023-05-04,16062.25,0.016436053479431667,1.0,0.016436053479431667,1.0661273746898374,0.014628879059943594,1.0520552591438275,0.5,0.7884343922017315,1.0,0.5358467183730172
2023-05-05,16326.25,0.0015772146083761207,1.0,0.0015772146083761207,1.0677033468015376,0.0014037969507938346,1.053458071692841,0.5,0.7892226887185615,1.0,0.5374226904847172
2023-05-08,16352.0,-0.004586594911937358,1.0,-0.004586594911937358,1.0631062011896049,-0.004082290334942641,1.0493674260637988,0.5,0.7869267576287412,1.0,0.5328255448727846
2023-05-09,16277.0,0.009061866437304111,1.0,0.009061866437304111,1.0721272552872645,0.008065497495160721,1.0574005712757886,0.5,0.7914474570702076,1.0,0.5418465989704443
2023-05-10,16424.5,0.0023288380163779543,1.0,0.0023288380163779543,1.0744533857631897,0.0020727779776590297,1.0594712040130685,0.5,0.7926111986683917,1.0,0.5441727294463696
2023-05-11,16462.75,-0.004646854261894262,1.0,-0.004646854261894262,1.0697957013101254,-0.004135924058138633,1.0553267033647702,0.5,0.7902850681924662,1.0,0.5395150449933053
2023-05-12,16386.25,0.005706003509039492,1.0,0.005706003509039492,1.0754854872435922,0.0050786178904693394,1.060392468572942,0.5,0.793134007861737,1.0,0.5452048309267721
2023-05-15,16479.75,0.0023817108876045268,1.0,0.0023817108876045268,1.077864366353247,0.0021198373790958427,1.062510062267053,0.5,0.794324154799625,1.0,0.5475837100364268
2023-05-16,16519.0,0.00832374841092065,1.0,0.00832374841092065,1.0861536634145847,0.007408536908275282,1.0698912907597613,0.5,0.7984773923614247,1.0,0.5558730070977645
2023-05-17,16656.5,0.016314952120793702,1.0,0.016314952120793702,1.1023369567780819,0.014521093019229707,1.084307962369225,0.5,0.8066017760589455,1.0,0.5720563004612618
2023-05-18,16928.25,-0.004223708888987376,1.0,-0.004223708888987376,1.0981043028342812,-0.003759304300069824,1.0805415741253719,0.5,0.8044876885052994,1.0,0.5678236465174612
2023-05-19,16856.75,0.004419594524448733,1.0,0.004419594524448733,1.1025141596315116,0.003933651948325558,1.0844675094944771,0.5,0.8066950477565663,1.0,0.5722335033146915
2023-05-22,16931.25,-0.0107936507936508,1.0,-0.0107936507936508,1.0916618348024716,-0.009606868964814396,1.0748141968725642,0.5,0.8012836068890794,1.0,0.5613811784856516
2023-05-23,16748.5,0.00653789891632095,1.0,0.00653789891632095,1.0981784543555337,0.005819044862118727,1.080616376487919,0.5,0.8045472249475175,1.0,0.5678977980387138
2023-05-24,16858.0,0.008260173211531718,1.0,0.008260173211531718,1.1064046990452558,0.007351951919413062,1.0879414345433067,0.5,0.8086688061562396,1.0,0.576124042728436
2023-05-25,16997.25,0.02269484769595076,1.0,0.02269484769595076,1.1288458499196465,0.02019950729920497,1.1079396381045792,0.5,0.8199523309291219,1.0,0.5985651936028267
2023-05-26,17383.0,0.002157280101248382,1.0,0.002157280101248382,1.1310008064333301,0.001920083171977894,1.1098578802730732,0.5,0.8210303896655482,1.0,0.6007201501165101
2023-05-29,17420.5,-0.00011480726730006552,1.0,-0.00011480726730006552,1.1308859925751713,-0.0001021839963368962,1.1097556910555961,0.5,0.8209729843842466,1.0,0.6006053362583513
2023-05-30,17418.5,-0.006544765622757409,1.0,-0.006544765622757409,1.1243197160667138,-0.005825156561507196,1.1039135020931292,0.5,0.8176952356187338,1.0,0.5940390597498939
2023-05-31,17304.5,0.0120199947990407,1.0,0.0120199947990407,1.1362680444433686,0.010698374183094814,1.1145550535854818,0.5,0.8236872450197852,1.0,0.6059873881265487
2023-06-01,17512.5,0.005196288365453272,1.0,0.005196288365453272,1.141450878689961,0.004624946867807126,1.119169338248638,0.5,0.8262820198606766,1.0,0.6111702223731412
2023-06-02,17603.5,-0.0003124378674694839,1.0,-0.0003124378674694839,1.1411383920036122,-0.0002780847472099981,1.1188912148286951,0.5,0.8261257887234934,1.0,0.6108577356867924
2023-06-05,17598.0,0.0006961018297533261,1.0,0.0006961018297533261,1.141834251666862,0.0006195641486327759,1.1195105871266993,0.5,0.8264737790827007,1.0,0.6115535953500422
2023-06-06,17610.25,-0.01581465339787913,1.0,-0.01581465339787913,1.1258932123674006,-0.014075803064404459,1.1053347804161633,0.5,0.8185350236883893,1.0,0.5956125560505807
2023-06-07,17331.75,0.011842427914088294,1.0,0.011842427914088294,1.1376660674673986,0.010540331104914862,1.1158199495098524,0.5,0.824438776152988,1.0,0.6073854111505788
2023-06-08,17537.0,0.0025660033072931743,1.0,0.0025660033072931743,1.14022878420923,0.002283866507053074,1.1181012119579228,0.5,0.8257209554633161,1.0,0.60994812789241
2023-06-09,17582.0,0.01517176657945618,1.0,0.01517176657945618,1.155286610542611,0.013503602838376327,1.1315144537094513,0.5,0.8332782106289851,1.0,0.6250059542257911
2023-06-12,17848.75,0.00549058057286933,1.0,0.00549058057286933,1.160762172825641,0.004886881103781771,1.1363894327699353,0.5,0.8360197394886079,1.0,0.6304815165088211
2023-06-13,17946.75,0.00702076977725774,1.0,0.00702076977725774,1.167758411748827,0.006248823180560862,1.142618813009886,0.5,0.8395239773576065,1.0,0.6374777554320072
2023-06-14,18072.75,0.007428310578080355,1.0,0.007428310578080355,1.175159268302071,0.006611554118050653,1.1492086066650016,0.5,0.8432312522033185,1.0,0.6448786119852511
2023-06-15,18207.0,-0.0036799033338825726,1.0,-0.0036799033338825726,1.1714725774672339,-0.0032752911695632207,1.1459279399885396,0.5,0.8413896057461018,1.0,0.6411919211504138
2023-06-16,18140.0,-0.0033902976846748034,1.0,-0.0033902976846748034,1.1680765197007508,-0.0030175281960709123,1.1429058498748068,0.5,0.8396930185132117,1.0,0.6377958633839308
2023-06-19,18078.5,0.00027657161822047804,1.0,0.00027657161822047804,1.1683530530800916,0.0002461620582716775,1.1431519816401703,0.5,0.8398312947617209,1.0,0.6380723967632717
2023-06-20,18083.5,-0.01140542483479412,1.0,-0.01140542483479412,1.1568820875647057,-0.010151377320856083,1.1329487277105927,0.5,0.8341122597950831,1.0,0.6266014312478856
2023-06-21,17877.25,0.010921702163364078,1.0,0.010921702163364078,1.1677445786725584,0.009720840850056792,1.1426226251616047,0.5,0.8395582544906304,1.0,0.6374639223557383
2023-06-22,18072.5,-0.009959883801355596,1.0,-0.009959883801355596,1.1577347634108588,-0.008864776192378295,1.1337183230752375,0.5,0.8345658713576896,1.0,0.6274541070940387
2023-06-23,17892.5,-0.010088025709095949,1.0,-0.010088025709095949,1.1475955087465244,-0.008978828660824565,1.1246989418065703,0.5,0.8295090945311208,1.0,0.6173148524297043
2023-06-26,17712.0,0.012181007226738982,1.0,0.012181007226738982,1.1597029245140824,0.010841682997153717,1.1354822751189664,0.5,0.8355811259925527,1.0,0.6294222681972622
2023-06-27,17927.75,0.0037930024682406582,1.0,0.0037930024682406582,1.1634887516866803,0.003375954845328162,1.1388525442216824,0.5,0.8374758311387045,1.0,0.6332080953698601
2023-06-28,17995.75,-0.002681188613978258,1.0,-0.002681188613978258,1.1608039622487445,-0.0023863869766467803,1.1364633052854782,0.5,0.8361343374312568,1.0,0.6305233059319244
2023-06-29,17947.5,0.011603287365928416,1.0,0.011603287365928416,1.1723404477268966,0.010327484501456352,1.146737825664193,0.5,0.8419192163902264,1.0,0.6420597914100765
2023-06-30,18155.75,0.0022306982636355333,1.0,0.0022306982636355333,1.174568661676977,0.001985428871887485,1.148721286177105,0.5,0.8430339439823141,1.0,0.6442880053601571
2023-07-03,18196.25,-0.0006869547296832756,1.0,-0.0006869547296832756,1.173881470885778,-0.0006114227891001225,1.1481096763928653,0.5,0.8426904076156116,1.0,0.6436008145689582
2023-07-04,18183.75,0.0005499415687082454,1.0,0.0005499415687082454,1.1744312612920396,0.0004894744780878364,1.1485990311173968,0.5,0.8429653406024282,1.0,0.6441506049752198
2023-07-05,18193.75,-0.007268979732050873,1.0,-0.007268979732050873,1.1671357337984896,-0.006469741992652021,1.1421082696345182,0.5,0.8393242299310749,1.0,0.6368550774816698
2023-07-06,18061.5,-0.0016471500152257512,1.0,-0.0016471500152257512,1.1654872257402056,-0.001466042830566098,1.1406411511116923,0.5,0.8385003155992468,1.0,0.6352065694233857
2023-07-07,18031.75,2.7728867137088997e-05,1.0,2.7728867137088997e-05,1.1655149542229046,2.4680027010458825e-05,1.140665830834156,0.5,0.838514179936705,1.0,0.6352342979060849
2023-07-10,18032.25,0.0038542056593049434,1.0,0.0038542056593049434,1.169361751461195,0.003430428632559536,1.144090388968134,0.5,0.8404394282858337,1.0,0.639081095144375
2023-07-11,18101.75,0.0108138715870012,1.0,0.0108138715870012,1.1801175712734884,0.009624866444610218,1.1536692314662746,0.5,0.8458317990797539,1.0,0.6498369149566685
2023-07-12,18297.5,0.013198524388577715,1.0,0.013198524388577715,1.1932297540306986,0.011747322268806329,1.1653480896033572,0.5,0.8524093814714865,1.0,0.6629490977138787
2023-07-13,18539.0,-0.0003236420518906158,1.0,-0.0003236420518906158,1.1929060595954166,-0.0002880570108721452,1.1650599910960953,0.5,0.8522475473511062,1.0,0.6626254032785965
2023-07-14,18533.0,0.007149409162035214,1.0,0.007149409162035214,1.2000300328940765,0.006363318427525724,1.1714031490925458,0.5,0.8558158778614662,1.0,0.6697493765772564
2023-07-17,18665.5,0.006536122793388888,1.0,0.006536122793388888,1.2065448878593363,0.005817464027181602,1.1772037570174585,0.5,0.859078610751616,1.0,0.6762642315425161
2023-07-18,18787.5,-0.00046573519627413074,1.0,-0.00046573519627413074,1.2060790441747398,-0.0004145267517399767,1.176789144325754,0.5,0.8588457160356097,1.0,0.6757983878579196
2023-07-19,18778.75,-0.018278639419556653,1.0,-0.018278639419556653,1.1876312864202185,-0.016268869274709732,1.1603864839258755,0.5,0.8496643765259175,1.0,0.6573506301033982
2023-07-20,18435.5,-0.002237530850804137,1.0,-0.002237530850804137,1.1853912485568836,-0.001991510203484581,1.1583929880291555,0.5,0.8485449848153224,1.0,0.6551105922400632
2023-07-21,18394.25,0.0007611074112834348,1.0,0.0007611074112834348,1.1861520664728034,0.0006774222464793974,1.1590701809287554,0.5,0.8489254661287681,1.0,0.6558714101559829
2023-07-24,18408.25,0.008583108117284466,1.0,0.008583108117284466,1.1946985491418491,0.007639379536170524,1.1666805281704735,0.5,0.8532078377312553,1.0,0.6644178928250287
2023-07-25,18566.25,-0.005493839628357922,1.0,-0.005493839628357922,1.1891895628756215,-0.004889781820103479,1.161778752252257,0.5,0.8504571382095545,1.0,0.6589089065588011
2023-07-26,18464.25,-0.002206967518312397,1.0,-0.002206967518312397,1.1869801564153912,-0.0019643073658173744,1.1598125131045691,0.5,0.8493530451639286,1.0,0.6566995000985708
2023-07-27,18423.5,0.01420739815995864,1.0,0.01420739815995864,1.2010875753445334,0.012645268506736862,1.1723784978799452,0.5,0.8564316318308125,1.0,0.6708069190277128
2023-07-28,18685.25,0.001230917434875023,1.0,0.001230917434875023,1.2023177358216472,0.0010955757907515251,1.173473473965515,0.5,0.8570469012312075,1.0,0.6720370795048268
2023-07-31,18708.25,-0.0032338674114361643,1.0,-0.0032338674114361643,1.1990786281604287,-0.002878297720130583,1.1705910259807903,0.5,0.8554286588773299,1.0,0.6687979718436081
2023-08-01,18647.75,-0.019171213685297173,1.0,-0.019171213685297173,1.1797212637610077,-0.017063303352323086,1.1533804669518024,0.5,0.8457968143909191,1.0,0.6494406074441872
2023-08-02,18290.25,-0.00019135878405163176,1.0,-0.00019135878405163176,1.179529886665528,-0.00017031853251465458,1.1532101339134393,0.5,0.8457011304213284,1.0,0.6492492303487074
2023-08-03,18286.75,-0.004634503123846501,1.0,-0.004634503123846501,1.1748846109354076,-0.004124930950518274,1.1490766719673207,0.5,0.8433811898771693,1.0,0.6446039546185871
2023-08-04,18202.0,0.007018459509944064,1.0,0.007018459509944064,1.1818785556954214,0.006246766931402863,1.1553040087253694,0.5,0.8468842766526276,1.0,0.6515978993786009
2023-08-07,18329.75,-0.007610578431238801,1.0,-0.007610578431238801,1.1742388690311125,-0.00677378128430484,1.1485071812524328,0.5,0.8430717289042723,1.0,0.6439582127142919
2023-08-08,18190.25,-0.008094995945630235,1.0,-0.008094995945630235,1.1661109307064053,-0.007204936198799302,1.1412761641511537,0.5,0.8390160176418638,1.0,0.6358302743895846
2023-08-09,18043.0,0.0007759241811229334,1.0,0.0007759241811229334,1.1668865540139874,0.0006906098851246654,1.1419665356750084,0.5,0.8394039044945923,1.0,0.6366058976971668
2023-08-10,18057.0,-0.006313341086559232,1.0,-0.006313341086559232,1.1605531995107736,-0.0056191775802521575,1.136331511123906,0.5,0.8362422411570136,1.0,0.630272543193953
2023-08-11,17943.0,0.009822772111687028,1.0,0.009822772111687028,1.1703280418099806,0.0087427401860842,1.145036254858478,0.5,0.8411416057018157,1.0,0.64004738549316
2023-08-14,18119.25,-0.009382286794431316,1.0,-0.009382286794431316,1.1609014641118043,-0.008350687042555642,1.1366505054961311,0.5,0.8364394243574893,1.0,0.6306208077949836
2023-08-15,17949.25,-0.009638285722244677,1.0,-0.009638285722244677,1.151216429485013,-0.008578538415705736,1.1280349596211454,0.5,0.831608631985234,1.0,0.6209357731681924
2023-08-16,17776.25,-0.010885310456367314,1.0,-0.010885310456367314,1.1402714405625456,-0.009688450478420025,1.1182992707475352,0.5,0.8261511115470739,1.0,0.6099907842457251
2023-08-17,17582.75,2.8436962363764806e-05,1.0,2.8436962363764806e-05,1.1402998771205866,2.5310265859883763e-05,1.1183245806930957,0.5,0.8261653299271741,1.0,0.610019220803766
2023-08-18,17583.25,0.012966886098986219,1.0,0.012966886098986219,1.1531834129081053,0.011541153036738135,1.129799642648568,0.5,0.8326278458642378,1.0,0.6229027565912849
2023-08-21,17811.25,-0.0004912625447399677,1.0,-0.0004912625447399677,1.1526920296543866,-0.00043724732112088616,1.129362299706963,0.5,0.8323821844195658,1.0,0.6224113733375662
2023-08-22,17802.5,0.022047465243645537,1.0,0.022047465243645537,1.174499963844367,0.01962330574253844,1.148795550696563,0.5,0.8433455985857662,1.0,0.6442193075275466
2023-08-23,18195.0,-0.02875790052212146,1.0,-0.02875790052212146,1.1453204521252922,-0.02559591627530714,1.1228663596759447,0.5,0.8288622694386474,1.0,0.6150397958084719
2023-08-24,17671.75,0.007908101914071874,1.0,0.007908101914071874,1.1531974488823074,0.007038591510999766,1.129880295926315,0.5,0.8328085236818427,1.0,0.6229167925654872
2023-08-25,17811.5,0.007060045476237287,1.0,0.007060045476237287,1.1602326889207288,0.006283780443938323,1.1361444157409866,0.5,0.8363323305135941,1.0,0.6299520326039086
2023-08-28,17937.25,0.01829990661890757,1.0,0.01829990661890757,1.1783671674132785,0.016287798106234746,1.152300990637673,0.5,0.8454406766103829,1.0,0.6480865110964583
2023-08-29,18265.5,0.004749390928252772,1.0,0.004749390928252772,1.1831053155679345,0.004227186628757885,1.1565192678121596,0.5,0.8478125569410778,1.0,0.6528246592511143
2023-08-30,18352.25,0.0012804969417918866,1.0,0.0012804969417918866,1.184384993372711,0.0011397039393637256,1.1576583227820305,0.5,0.8484526005403628,1.0,0.654104337055891
2023-08-31,18375.75,-0.001374093574411983,1.0,-0.001374093574411983,1.1830099548660074,-0.0012230094494565724,1.1564345648461845,0.5,0.8477653176283542,1.0,0.6527292985491873
2023-09-01,18350.5,0.0006811803493091961,1.0,0.0006811803493091961,1.183690903317286,0.0006062833125071417,1.157040664443216,0.5,0.8481058498153414,1.0,0.6534102470004659
2023-09-04,18363.0,-0.0003403583292490575,1.0,-0.0003403583292490575,1.1833504870529947,-0.0003029353026783345,1.15673768324637,0.5,0.8479356561685998,1.0,0.6530698307361745
2023-09-05,18356.75,-0.007122720525147397,1.0,-0.007122720525147397,1.1762022788541786,-0.006339564255528461,1.1503779386183097,0.5,0.8443679391656502,1.0,0.6459216225373585
2023-09-06,18226.0,-0.005514100735213412,1.0,-0.005514100735213412,1.1706729193473862,-0.004907815180860091,1.1454580405626362,0.5,0.841607081134455,1.0,0.6403922630305661
2023-09-07,18125.5,0.0014758213566521405,1.0,0.0014758213566521405,1.1721476527499857,0.0013135520742594091,1.1467707306821022,0.5,0.8423447196905562,1.0,0.6418669964331655
2023-09-08,18152.25,0.008800561913812288,1.0,0.008800561913812288,1.180909715430509,0.007832923886370647,1.1545731364804837,0.5,0.8467353477179214,1.0,0.6506290591136888
2023-09-11,18312.0,-0.008955875928353008,1.0,-0.008955875928353008,1.171913494581961,-0.007971160838317403,1.1465700360962119,0.5,0.8422473537582273,1.0,0.6416328382651407
2023-09-12,18148.0,0.003691866872382654,1.0,0.003691866872382654,1.1755985632407706,0.00328593929492164,1.1498505884900694,0.5,0.8440915855530493,1.0,0.6453179069239504
2023-09-13,18215.0,0.005723304968432652,1.0,0.005723304968432652,1.1813055523235807,0.005094017022465338,1.1549316749017327,0.5,0.8469491513044782,1.0,0.6510248960067605
2023-09-14,18319.25,-0.016062338796621,1.0,-0.016062338796621,1.1651128159512563,-0.014296254996350474,1.140532243917899,0.5,0.8388855583491455,1.0,0.6348321596344361
2023-09-15,18025.0,0.002343966712898826,1.0,0.002343966712898826,1.167454039859372,0.0020862432460712664,1.1426163139805308,0.5,0.8400568554692205,1.0,0.6371733835425519
2023-09-18,18067.25,-0.002338485381007116,1.0,-0.002338485381007116,1.1651128159512563,-0.0020813645967390783,1.1405327803342549,0.5,0.8388869286811796,1.0,0.6348321596344362
2023-09-19,18025.0,-0.0138280166435506,1.0,-0.0138280166435506,1.1511883016722293,-0.012307600688360848,1.1281488138955342,0.5,0.8319489078581042,1.0,0.6209076453554093
2023-09-20,17775.75,-0.015976822356300047,1.0,-0.015976822356300047,1.1350824739808976,-0.014220141246498195,1.113826597603971,0.5,0.8239284183726933,1.0,0.6048018176640777
2023-09-21,17491.75,0.0015149999285377636,1.0,0.0015149999285377636,1.1365963274548165,0.0013484228898462116,1.1151741121881007,0.5,0.824685631578668,1.0,0.6063156711379968
2023-09-22,17518.25,0.004266978722189618,1.0,0.004266978722189618,1.1408542284371521,0.003797816535239395,1.1189647352254268,0.5,0.8268168482832209,1.0,0.6105735721203325
2023-09-25,17593.0,-0.012831808105496556,1.0,-0.012831808105496556,1.1279393815587877,-0.011420927117974062,1.107478088453925,0.5,0.8203802738578809,1.0,0.5976587252419682
2023-09-26,17367.25,0.002375160143373245,1.0,0.002375160143373245,1.1303117254677646,0.0021140069012848543,1.1095898639868194,0.5,0.8215671493141571,1.0,0.6000310691509451
2023-09-27,17408.5,0.006318752333630107,1.0,0.006318752333630107,1.1366105981848356,0.005623993850718931,1.115198102229481,0.5,0.824721545139182,1.0,0.606329941868016
2023-09-28,17518.5,0.0008562376915832726,1.0,0.0008562376915832726,1.1374664695140406,0.000762092776858627,1.1159599047610926,0.5,0.8251495723682483,1.0,0.607185813197221
2023-09-29,17533.5,0.005760401517095781,1.0,0.005760401517095781,1.1432103433586291,0.00512703473712618,1.1210738410074892,0.5,0.8280256332957161,1.0,0.6129296870418094
2023-10-02,17634.5,-0.015764552439819668,1.0,-0.015764552439819668,1.1273202087826077,-0.014031210799165339,1.1069432621724618,0.5,0.8201121277227623,1.0,0.5970395524657881
2023-10-03,17356.5,0.010831676893382935,1.0,0.010831676893382935,1.138093643261721,0.009640714024688343,1.1165378010507436,0.5,0.8255133532534648,1.0,0.6078129869449015
2023-10-04,17544.5,-0.0023796631422953185,1.0,-0.0023796631422953185,1.1357111442212087,-0.0021180147871633294,1.1144175400980927,0.5,0.8243228132707506,1.0,0.6054304879043891
2023-10-05,17502.75,0.015926068760623302,1.0,0.015926068760623302,1.151511723761964,0.014174968102352522,1.1284929827508203,0.5,0.8322543100057301,1.0,0.6212310674451446
2023-10-06,17781.5,0.0031212214942495375,1.0,0.0031212214942495375,1.154628084356409,0.0027780374294725015,1.1312671685659499,0.5,0.8338137042653808,1.0,0.6243474280395895
2023-10-09,17837.0,0.0048775018220552635,1.0,0.0048775018220552635,1.1594937297041392,0.004341211493306009,1.1355989841838146,0.5,0.8362494862494082,1.0,0.6292130733873198
2023-10-10,17924.0,0.0071831064494531915,1.0,0.0071831064494531915,1.1666511605249907,0.006393310635990039,1.1419719443014291,0.5,0.8398346052481597,1.0,0.6363705042081713
2023-10-11,18052.75,-0.004805362063951435,1.0,-0.004805362063951435,1.1618342155872576,-0.004277003634768974,1.1376857681232702,0.5,0.8374290331463058,1.0,0.6315535592704381
2023-10-12,17966.0,-0.012050539908716518,1.0,-0.012050539908716518,1.1497104792908288,-0.010725560801578346,1.126902273876259,0.5,0.8313855380082917,1.0,0.6194298229740093
2023-10-13,17749.5,0.011112989098284398,1.0,0.011112989098284398,1.1607621728256405,0.009891095433384749,1.136744772612174,0.5,0.8369266521892479,1.0,0.630481516508821
2023-10-16,17946.75,-0.0034685945923356165,1.0,-0.0034685945923356165,1.157287548712402,-0.003087216214205617,1.1336527811152388,0.5,0.8351908492584607,1.0,0.6270068923955824
2023-10-17,17884.5,-0.010134473985853654,1.0,-0.010134473985853654,1.1471013713239138,-0.009020169863813566,1.1245916832147795,0.5,0.830110730284369,1.0,0.6168207150070943
2023-10-18,17703.25,-0.011904593789275997,1.0,-0.011904593789275997,1.1351253504181573,-0.010595661727373258,1.113939487767625,0.5,0.8241406478589444,1.0,0.6048446941013379
2023-10-19,17492.5,-0.011519222523938777,1.0,-0.011519222523938777,1.123539267702895,-0.010252662744019345,1.1036339044483117,0.5,0.8183643860715474,1.0,0.5932586113860755
2023-10-20,17291.0,0.005783355502862797,1.0,0.005783355502862797,1.1293059638059484,0.005147464889787193,1.1087681664289952,0.5,0.8212518909653073,1.0,0.5990253074891287
2023-10-23,17391.0,0.004700707262377035,1.0,0.004700707262377035,1.1339956572456265,0.0041838558218106996,1.1129432942619994,0.5,0.8235994868356968,1.0,0.6037150009288067
2023-10-24,17472.75,-0.020775207108211347,1.0,-0.020775207108211347,1.1130016092391999,-0.018490934737565315,1.094279265084581,0.5,0.8131575555772012,1.0,0.58272095292238
2023-10-25,17109.75,-0.015093733105393081,1.0,-0.015093733105393081,1.0977928063880134,-0.013434149288828995,1.0807540611986062,0.5,0.8055820673334703,1.0,0.5675121500711935
2023-10-26,16851.5,0.0035901848500132783,1.0,0.0035901848500132783,1.1013765619081248,0.003195437398607324,1.0839444040371427,0.5,0.8073755505056206,1.0,0.5710959055913049
2023-10-27,16912.0,0.008440752128666018,1.0,0.008440752128666018,1.1097818900854857,0.007512675851276576,1.0914290002867981,0.5,0.8115870457610256,1.0,0.5795012337686656
2023-10-30,17054.75,0.0023014116301909304,1.0,0.0023014116301909304,1.1120806575240691,0.002048367173259825,1.0934752724164776,0.5,0.8127370900216391,1.0,0.5818000012072492
2023-10-31,17094.0,0.018091143091143014,1.0,0.018091143091143014,1.1300101031684087,0.01610198851370594,1.1094489989301721,0.5,0.8217419954332316,1.0,0.5997294468515887
2023-11-01,17403.25,0.012023616278568738,1.0,0.012023616278568738,1.1419620100050416,0.010701597474263828,1.1200937395896506,0.5,0.8277358047548988,1.0,0.6116813536882216
2023-11-02,17612.5,0.012249822569198043,1.0,0.012249822569198043,1.1541374106515816,0.010902931965682688,1.130937663115167,0.5,0.8338420350113289,1.0,0.6238567543347616
2023-11-03,17828.25,0.002033289862998222,1.0,0.002033289862998222,1.156168636178535,0.0018097258892977755,1.1327457534235723,0.5,0.8348581635093597,1.0,0.6258879798617151
2023-11-06,17864.5,0.00859245990651858,1.0,0.00859245990651858,1.164724391009491,0.007647703078915814,1.1403643610692964,0.5,0.8391451910145206,1.0,0.6344437346926712
2023-11-07,18018.0,-0.0009157509157509125,1.0,-0.0009157509157509125,1.1638082205377116,-0.0008150624121731636,1.1395489663131557,0.5,0.8386872106996688,1.0,0.6335275642208917
2023-11-08,18001.5,-0.005777296336416438,1.0,-0.005777296336416438,1.158014171068446,-0.005142071939876268,1.1343936284255163,0.5,0.8357943823353227,1.0,0.6277335147516261
2023-11-09,17897.5,0.018298645062159613,1.0,0.018298645062159613,1.1761474106749648,0.016286675259979944,1.1505490984709223,0.5,0.8449021033728038,1.0,0.645866754358145
2023-11-10,18225.0,-0.0014128943758573431,1.0,-0.0014128943758573431,1.1747335172226783,-0.001257544031160348,1.1492907630677405,0.5,0.8441954065334766,1.0,0.6444528609058585
2023-11-13,18199.25,0.018448562440759986,1.0,0.018448562440759986,1.1930139693829387,0.016420108946069684,1.1655775198164902,0.5,0.8533774038983881,1.0,0.6627333130661188
2023-11-14,18535.0,-0.0025762071756136873,1.0,-0.0025762071756136873,1.19043443807529,-0.0022929484412163555,1.1632819385435953,0.5,0.852088469992054,1.5,0.6588168325095359
2023-11-15,18487.25,0.002893886327063333,1.0,0.002893886327063333,1.1933241451741825,0.0025756981835579743,1.1658543253015234,0.5,0.8535343673420269,1.0,0.6616620420365726
2023-11-16,18540.75,-0.0013214136429217094,1.0,-0.0013214136429217094,1.192001857694368,-0.0011761217736759035,1.1646775113538606,0.5,0.8528734421576263,1.0,0.6603397545567583
2023-11-17,18516.25,0.011624924053196484,1.0,0.011624924053196484,1.2035597314540267,0.010346742195019984,1.1749710923939225,0.5,0.8586690770002453,1.0,0.6718976283164169
2023-11-20,18731.5,-0.006459706910818652,1.0,-0.006459706910818652,1.197079070349142,-0.005749450211956569,1.1692050504670397,0.5,0.8554339963096604,1.0,0.6654169672115322
2023-11-21,18610.5,0.004137449289379758,1.0,0.004137449289379758,1.2012079839311485,0.003682529102666253,1.172880815659854,0.5,0.8575005840900711,1.0,0.6695458807935386
2023-11-22,18687.5,0.0009096989966554947,1.0,0.0009096989966554947,1.2021172694024418,0.0008096759127535662,1.1736901639618929,0.5,0.8579553301757227,1.0,0.6704551662648319
2023-11-23,18704.5,-0.002753348124782784,1.0,-0.002753348124782784,1.1993601238426688,-0.0024506124160386094,1.1712365438804946,0.5,0.85657770762699,1.5,0.6662723010486249
2023-11-24,18653.0,-0.000335066745295709,1.0,-0.000335066745295709,1.1990250009499688,-0.000298225538148428,1.170938273864267,0.5,0.8564101602190591,1.0,0.6658929335421966
2023-11-27,18646.75,0.002507139313821405,1.0,0.002507139313821405,1.2015290026332444,0.0022314747183209776,1.1731672625405518,0.5,0.8576629448135459,1.0,0.6683969352254723
2023-11-28,18693.5,-0.0005483189343890027,1.0,-0.0005483189343890027,1.2009805333170545,-0.0004880302554072263,1.17267911315962,0.5,0.8573887477577745,1.0,0.6678484659092824
2023-11-29,18683.25,-0.00450938675016388,1.0,-0.00450938675016388,1.196460948613233,-0.0040135713530752345,1.168657465812747,0.5,0.8551315087344273,1.0,0.6633288812054607
2023-11-30,18599.0,0.003938383784074517,1.0,0.003938383784074517,1.2003915972665165,0.003505351217125714,1.1721566876059744,0.5,0.8570987643096802,1.0,0.6672595298587441
2023-12-01,18672.25,-0.00925169703704698,1.0,-0.00925169703704698,1.1910968374722588,-0.008234455870052247,1.163888141331243,0.5,0.8524621834436323,1.0,0.6579647700644864
2023-12-04,18499.5,0.002283845509338134,1.0,0.002283845509338134,1.1933780789704609,0.0020327324798202167,1.1659188106058855,0.5,0.8536034547004391,1.0,0.6602460115626884
2023-12-05,18541.75,-0.004597732145024014,1.0,-0.004597732145024014,1.1887697447455008,-0.004092203008693123,1.1618182116212734,0.5,0.8513019421786511,1.0,0.6556376773377282
2023-12-06,18456.5,0.01102592582558981,1.0,0.01102592582558981,1.1997353281994414,0.009813604928233627,1.1715839758670668,0.5,0.8567997643328771,1.0,0.6666032607916688
2023-12-07,18660.0,0.004072883172561603,1.0,0.004072883172561603,1.2037999396356052,0.0036250621495752954,1.1752024833148726,0.5,0.8588341351828033,1.0,0.6706678722278325
2023-12-08,18736.0,0.008099380871050332,1.0,0.008099380871050332,1.2118666965588756,0.007208838993575295,1.1823854628321253,0.5,0.8628756476932915,1.0,0.6787346291511029
2023-12-11,18887.75,0.0074783920795225,1.0,0.0074783920795225,1.2193172641001135,0.006656129065963445,1.1890195376807378,0.5,0.866607870317447,1.0,0.6861851966923408
2023-12-12,19029.0,0.008710389405643948,1.0,0.008710389405643948,1.2279899369231302,0.007752666011925472,1.1967423062016054,0.5,0.8709536086062271,1.0,0.6948578695153574
2023-12-13,19194.75,-0.0010159027859180103,1.0,-0.0010159027859180103,1.2269735177582202,-0.0009042023993443606,1.1958376947646845,0.5,0.8704455281622563,1.0,0.6938414503504473
2023-12-14,19175.25,0.0037548402237259637,1.0,0.0037548402237259637,1.2307213261661265,0.003341988610041809,1.1991741113417873,0.5,0.8723211881236645,1.0,0.6975892587583535
2023-12-15,19247.25,0.005546246866435567,1.0,0.005546246866435567,1.236252249238995,0.0049364267856156045,1.2040983939222867,0.5,0.8750904735439794,1.0,0.7031201818312219
2023-12-18,19354.0,0.0053864834142813844,1.0,0.0053864834142813844,1.2416242774367792,0.004794229619934234,1.208881167823038,0.5,0.8777800949744037,1.0,0.7084922100290061
2023-12-19,19458.25,-0.01188441920522143,1.0,-0.01188441920522143,1.2296686739704439,-0.010577705376075896,1.1982471208594336,0.5,0.8718201601916071,1.0,0.6965366065626707
2023-12-20,19227.0,0.008048577521194256,1.0,0.008048577521194256,1.237685034443736,0.007163621565814148,1.205385205573313,0.5,0.8758363731611495,1.0,0.7045529670359629
2023-12-21,19381.75,0.0006707340668412609,1.0,0.0006707340668412609,1.2383555436690168,0.0005969856180794208,1.2059820130663668,0.5,0.8761716839716164,1.0,0.7052234762612436
2023-12-22,19394.75,0.006573943979685248,1.0,0.006573943979685248,1.2449079735159734,0.005851126704230289,1.2118160884095281,0.5,0.8794532656776062,1.0,0.7117759061082001
2023-12-26,19522.25,0.0020489441534659036,1.0,0.0020489441534659036,1.2469548214462418,0.0018236589616321727,1.2136380865240621,0.5,0.8804772133409551,1.0,0.7138227540384684
2023-12-27,19562.25,-0.002070313997622919,1.0,-0.002070313997622919,1.2448823613860673,-0.0018426791519773813,1.2117937075503846,0.5,0.8794415201971095,1.0,0.7117502939782939
2023-12-28,19521.75,-0.004392536529768121,1.0,-0.004392536529768121,1.2404801493239013,-0.003909569030106618,1.207876476177786,0.5,0.8772428365979503,1.0,0.7073480819161277
2023-12-29,19436.0,-0.01399464910475412,1.0,-0.01399464910475412,1.2263866518011204,-0.012455911602867029,1.195342339452411,0.5,0.8702209159651335,1.0,0.6932545843933469
2024-01-02,19164.0,-0.009862241703193497,1.0,-0.009862241703193497,1.2164754560619384,-0.008777870023147342,1.1865257169855843,0.5,0.8652775970204076,1.0,0.6833433886541648
2024-01-03,18975.0,-0.00484848484848488,1.0,-0.00484848484848488,1.2116151791796856,-0.004315384989542321,1.182200993847417,0.5,0.8628504113627965,1.0,0.678483111771912
2024-01-04,18883.0,0.0007546470370174418,1.0,0.0007546470370174418,1.212369541613802,0.0006716722022891998,1.1828724405788884,0.5,0.8632276637126882,1.0,0.6792374742060283
2024-01-05,18897.25,0.017105663522470227,1.0,0.017105663522470227,1.2293305505521765,0.015224864242712265,1.1979825696618527,0.5,0.8717441272288816,1.0,0.6961984831444027
2024-01-08,19220.5,0.0021461460419864853,1.0,0.0021461460419864853,1.2314743969124604,0.0019101733230842794,1.1998909209238076,0.5,0.8728166249185655,1.0,0.6983423295046864
2024-01-09,19261.75,0.006619336249302332,1.0,0.006619336249302332,1.2380719215549048,0.005891528010013071,1.2057651617480691,0.5,0.8761208281463457,1.0,0.7049398541471309
2024-01-10,19389.25,6.446871333332105e-05,1.0,6.446871333332105e-05,1.2381363881902199,5.7380259299079485e-05,1.2058225403611842,0.5,0.8761530619834965,1.0,0.705004320782446
2024-01-11,19390.5,-0.00015471493772722944,1.0,-0.00015471493772722944,1.237981661282902,-0.00013770374473474916,1.2056848271344183,0.5,0.8760757015223896,1.0,0.7048495938751282
2024-01-12,19387.5,0.0007607994842038224,1.0,0.0007607994842038224,1.2387421715058822,0.0006771481765505931,1.2063617461495872,0.5,0.8764560289308528,1.0,0.7056101040981084
2024-01-15,19402.25,0.0004123233130177706,1.0,0.0004123233130177706,1.239154409837002,0.0003669876036410173,1.2067286664297483,0.5,0.8766621693389679,1.0,0.7060223424292281
2024-01-16,19410.25,-0.006066382452570185,1.0,-0.006066382452570185,1.233069552129866,-0.005399372503932853,1.2013146646309933,0.5,0.8736243686649244,1.0,0.699937484722092
2024-01-17,19292.5,0.01332123882337699,1.0,0.01332123882337699,1.246302843436992,0.011856544024980003,1.2131014705320617,0.5,0.8802629041586177,1.0,0.7131707760292181
2024-01-18,19549.5,0.017673086268191085,1.0,0.017673086268191085,1.263821576659137,0.015729897810131552,1.22870893573227,0.5,0.889060633530834,1.0,0.730689509251363
2024-01-19,19895.0,-0.00036441316913793376,1.0,-0.00036441316913793376,1.2634570970753847,-0.0003243452685184338,1.2283845378524485,0.5,0.8888784103446288,1.0,0.7303250296676107
2024-01-22,19887.75,0.004877374263051459,1.0,0.004877374263051459,1.2683226154832525,0.004341097959650135,1.2327162404273941,0.5,0.8913141287043158,1.0,0.7351905480754785
2024-01-23,19984.75,0.003890466480691579,1.0,0.003890466480691579,1.2722055336704798,0.003462702509700611,1.2361729615865409,0.5,0.8932574724284518,1.0,0.7390734662627058
2024-01-24,20062.5,-0.002529595015576369,1.0,-0.002529595015576369,1.2696727338236744,-0.0022514613742168487,1.2339189618624506,0.5,0.8919918743892177,1.0,0.7365406664159004
2024-01-25,20011.75,-0.003735305508014042,1.0,-0.003735305508014042,1.2659304346409348,-0.0033246017723816794,1.2305888213220575,0.5,0.890122475397223,1.0,0.7327983672331609
2024-01-26,19937.0,0.009805888548929165,1.0,0.009805888548929165,1.2756885574678078,0.00872771300221705,1.2392786680019106,0.5,0.8950134393835738,1.0,0.7425564900600341
2024-01-29,20132.5,-0.011424313920278206,1.0,-0.011424313920278206,1.2641984847608412,-0.0101681895165237,1.2290584293152111,0.5,0.8892849056606629,1.0,0.7310664173530673
2024-01-30,19902.5,-0.010300213541012404,1.0,-0.010300213541012404,1.2538448569179512,-0.009167686048942822,1.2198484614163094,0.5,0.8841214913805563,1.0,0.7207127895101773
2024-01-31,19697.5,0.018416042645005737,1.0,0.018416042645005737,1.2720933778485404,0.01639116476188713,1.2361067411642093,0.5,0.8932873773328066,1.0,0.7389613104407664
2024-02-01,20060.25,0.0029411398163032842,1.0,0.0029411398163032842,1.2750302009750552,0.002617756064430451,1.2387210768730375,0.5,0.8947568670119361,1.0,0.7418981335672811
2024-02-02,20119.25,0.0007704064515328124,1.0,0.0007704064515328124,1.2758003108158684,0.0006856988400881933,1.2394065407290886,0.5,0.895141996065987,1.0,0.7426682434080943
2024-02-05,20134.75,-0.0025950160791665677,1.0,-0.0025950160791665677,1.2732019218460757,-0.002309689271104112,1.237094180011453,0.5,0.8938436455340081,1.0,0.7400698544383016
2024-02-06,20082.5,0.010257687040956087,1.0,0.010257687040956087,1.283407355841785,0.009129835416067657,1.2461825904248947,0.5,0.898959381335746,1.0,0.7502752884340109
2024-02-07,20288.5,0.00019715602434877688,1.0,0.00019715602434877688,1.2836044924334389,0.00017547835553996272,1.2463580533859089,0.5,0.8990579544894276,1.0,0.7504724250256649
2024-02-08,20292.5,0.00877171368732288,1.0,0.00877171368732288,1.2923379581443863,0.00780724757563489,1.2541349821064858,0.5,0.9034342214925167,1.0,0.7592058907366123
2024-02-09,20470.5,-0.005312522898805572,1.0,-0.005312522898805572,1.2870112736175559,-0.004728401199659213,1.249395366653584,0.5,0.9007744259209145,1.0,0.7538792062097818
2024-02-12,20361.75,-0.011283411298144808,1.0,-0.011283411298144808,1.275663721694359,-0.01004277939778699,1.239301818353522,0.5,0.8951167457397889,1.0,0.7425316542865847
2024-02-13,20132.0,0.00863053844625461,1.0,0.00863053844625461,1.2842572299514574,0.007681594812918429,1.2469540599408966,0.5,0.899422730887955,1.0,0.7511251625436833
2024-02-14,20305.75,0.0040136414562377265,1.0,0.0040136414562377265,1.2882628382364973,0.003572334169315922,1.2505200284801046,0.5,0.901427540641351,1.0,0.7551307708287234
2024-02-15,20387.25,-0.011453236704312753,1.0,-0.011453236704312753,1.2767435080760574,-0.010193932187064882,1.2402737823393906,0.5,0.8956844623403419,1.0,0.7436114406682836
2024-02-16,20153.75,0.0033368479811448637,1.0,0.0033368479811448637,1.2800748011338374,0.002969955386107266,1.2432393361208927,0.5,0.8973514960577701,1.0,0.7469427337260636
2024-02-19,20221.0,-0.010199792295138677,1.0,-0.010199792295138677,1.2698226345147472,-0.009078306304421182,1.2341195708851243,0.5,0.8922385510557347,1.0,0.7366905671069734
2024-02-20,20014.75,0.006370301902347109,1.0,0.006370301902347109,1.2761727318048537,0.005669875449199794,1.2397734330907375,0.5,0.8954186401592684,1.0,0.74304066439708
2024-02-21,20142.25,0.015564298923903763,1.0,0.015564298923903763,1.291617149341301,0.013852975526973734,1.2535313331976674,0.5,0.9031706648852904,1.0,0.7584850819335271
2024-02-22,20455.75,-0.0030675971303911753,1.0,-0.0030675971303911753,1.2885448374904551,-0.0027303091634059496,1.250797289941831,0.5,0.9016356888469171,1.0,0.7554127700826814
2024-02-23,20393.0,-0.000576178100328506,1.0,-0.000576178100328506,1.2879684933357374,-0.0005128262546262545,1.2502843321468475,0.5,0.9013475582911309,1.0,0.7548364259279635
2024-02-26,20381.25,0.003103342532965403,1.0,0.003103342532965403,1.2910670304406238,0.0027621242929844556,1.253042648784394,0.5,0.9028980269596177,1.0,0.7579349630328498
2024-02-27,20444.5,-0.0074225341778962894,1.0,-0.0074225341778962894,1.2836168121801452,-0.006606412843729523,1.246414317004973,0.5,0.8991798560323483,1.0,0.7504847447723711
2024-02-28,20292.75,0.010360843158270905,1.0,0.010360843158270905,1.2939243496811552,0.00922164932786712,1.2555937065293938,0.5,0.9043469053902283,1.0,0.7607922822733811
2024-02-29,20503.0,0.012205530897917427,1.0,0.012205530897917427,1.3060559936983265,0.010863510245417677,1.266398632750922,0.5,0.9104311243843173,1.0,0.7729239262905523
2024-03-01,20753.25,-0.0036982159420813066,1.0,-0.0036982159420813066,1.302350922448844,-0.0032915902726871338,1.2631016132778976,0.5,0.9085803047027151,1.0,0.76921885504107
2024-03-04,20676.5,-0.012623026140787807,1.0,-0.012623026140787807,1.2896475490471142,-0.01123510111567711,1.2518029216679634,0.5,0.9022487898281886,1.0,0.7565154816393401
2024-03-05,20415.5,0.0027919962773383933,1.0,0.0027919962773383933,1.292435654942452,0.002485011132879838,1.2542848502663768,0.5,0.903643814467353,1.0,0.759303587534678
2024-03-06,20472.5,0.010440835266821269,1.0,0.010440835266821269,1.3028223611312617,0.009292846156424388,1.263534783578069,0.5,0.9088506529593205,1.0,0.7696902937234876
2024-03-07,20686.25,-0.009571575321771664,1.0,-0.009571575321771664,1.2932046838677633,-0.008519162946905919,1.2549791251406626,0.5,0.9040533767475012,1.0,0.7600726164599891
2024-03-08,20488.25,-0.0028919014557123868,1.0,-0.0028919014557123868,1.2903085927857623,-0.0025739315524759524,1.2524018753311676,0.5,0.9026063796240786,1.0,0.7571765253779882
2024-03-11,20429.0,0.011099417494737862,1.0,0.011099417494737862,1.3013468637903765,0.009879016052700071,1.2622324129229738,0.5,0.9081407454774109,1.0,0.7682147963826023
2024-03-12,20655.75,-0.005591663338295638,1.0,-0.005591663338295638,1.2957395085795185,-0.004976849632560083,1.2572431375297086,0.5,0.9053409981708902,1.0,0.7626074411717442
2024-03-13,20540.25,-0.004345127250155234,1.0,-0.004345127250155234,1.2913849138290039,-0.0038673724883002843,1.2533682674194526,0.5,0.9031660711056902,1.0,0.7582528464212296
2024-03-14,20451.0,-0.009913940638599628,1.0,-0.009913940638599628,1.2814215028453055,-0.008823884565174146,1.2445052218465307,0.5,0.89819677425732,1.0,0.7482894354375313
2024-03-15,20248.25,0.008111812131912588,1.0,0.008111812131912588,1.2895005910768294,0.007219903414358796,1.251699186533475,0.5,0.902244477309224,1.0,0.756368523669055
2024-03-18,20412.5,0.002216778934476471,1.0,0.002216778934476471,1.2917149165820216,0.0019730399986632474,1.2536702826452113,0.5,0.9033522529663753,1.0,0.7585828491742472
2024-03-19,20457.75,0.01314905109310649,1.0,0.01314905109310649,1.3047782693200587,0.011703288653495262,1.2653056174908626,0.5,0.9099052605818141,1.0,0.7716462019122843
2024-03-20,20726.75,0.0018213178621828696,1.0,0.0018213178621828696,1.306597930594008,0.0016210606012526504,1.266925365591616,0.5,0.9108155051146258,1.0,0.7734658631862338
2024-03-21,20764.5,-0.0007705458835993717,1.0,-0.0007705458835993717,1.3058270876873397,-0.0006858229413416559,1.266239307366139,0.5,0.9104301579361381,1.0,0.7726950202795653
2024-03-22,20748.5,-0.0014579367183169545,1.0,-0.0014579367183169545,1.3043680871451677,-0.0012976338849225541,1.2649408308253154,0.5,0.9097009237503514,1.0,0.7712360197373934
2024-03-25,20718.25,-0.0025822644287041285,1.0,-0.0025822644287041285,1.3017824829209448,-0.0022983396881483776,1.2626398459006274,0.5,0.9084089573066575,1.0,0.7686504155131704
2024-03-26,20664.75,0.0013670622678716438,1.0,0.0013670622678716438,1.3031486116099378,0.0012167512480494806,1.2638558575067897,0.5,0.9090922549395852,1.0,0.7700165442021634
2024-03-27,20693.0,-0.0020900787705987467,1.0,-0.0020900787705987467,1.3010563455764728,-0.0018602707516805859,1.261993854302587,0.5,0.9080466691198974,1.0,0.7679242781686985
2024-03-28,20649.75,0.0015859756171381356,1.0,0.0015859756171381356,1.302641064862447,0.0014115946704704593,1.26340445360989,0.5,0.9088393426797534,1.0,0.7695089974546725
2024-04-01,20682.5,-0.007409645835851575,1.0,-0.007409645835851575,1.295203831239252,-0.0065949415986833035,1.2567876692966122,0.5,0.905127639907717,1.0,0.7620717638314776
2024-04-02,20529.25,0.0021067501248219767,1.0,0.0021067501248219767,1.297308365277977,0.0018751090597332039,1.2586610225339157,0.5,0.9061804605599176,1.0,0.7641762978702026
2024-04-03,20572.5,-0.01532385466034758,1.0,-0.01532385466034758,1.2818658869486057,-0.013638968554033279,1.24492818878817,0.5,0.8984890298661684,1.0,0.7487338195408313
2024-04-04,20257.25,0.011773562551679051,1.0,0.011773562551679051,1.2935706803582827,0.010479037616221563,1.2553527018687,0.5,0.9043585517468447,1.0,0.7604386129505084
2024-04-05,20495.75,2.4395301464918973e-05,1.0,2.4395301464918973e-05,1.2935950753621872,2.1712993037395777e-05,1.255374414626014,0.5,0.9043707493231866,1.0,0.7604630079544128
2024-04-08,20496.25,0.003573824480087806,1.0,0.003573824480087806,1.2971625289061275,0.003180875881554877,1.2585502422243573,0.5,0.9061560669349118,1.0,0.7640304614983531
2024-04-09,20569.5,-0.009358516249787341,1.0,-0.009358516249787341,1.2877599465990455,-0.008329530113173484,1.2501858277264795,0.5,0.9014658268099174,1.0,0.7546278791912712
2024-04-10,20377.0,0.014391225401187535,1.0,0.014391225401187535,1.3020486012241965,0.012808883603464667,1.2629133714262213,0.5,0.9086356746117683,0.5,0.7617575286079955
2024-04-11,20670.25,-0.01514253577000757,1.0,-0.01514253577000757,1.2867902465776822,-0.013477586010383945,1.2493441383679695,0.5,0.9010355991795183,1.0,0.7464586470377823
2024-04-12,20357.25,-0.014613958172149943,1.0,-0.014613958172149943,1.2720684526242128,-0.0130071264951158,1.236251678433454,0.5,0.8937017933602902,1.0,0.731736853084313
2024-04-15,20059.75,0.0009471703286432209,1.0,0.0009471703286432209,1.2730151746700846,0.0008430272026206517,1.2370943504882281,0.5,0.8941752664185509,1.0,0.7326835751301849
2024-04-16,20078.75,-0.011492249268505228,1.0,-0.011492249268505228,1.2614563791697457,-0.010228655247810832,1.2268130230614487,0.5,0.8884125692945883,1.0,0.721124779629846
2024-04-17,19848.0,-0.006738714228133769,1.0,-0.006738714228133769,1.2546948572862935,-0.0059977801597113556,1.220797183973119,0.5,0.8850375231142484,1.0,0.7143632577463938
2024-04-18,19714.25,-0.017766336533218352,1.0,-0.017766336533218352,1.236768804857694,-0.01581289503638776,1.2048579312882692,0.5,0.8761146642815987,1.0,0.6964372053177942
2024-04-19,19364.0,0.008559698409419614,1.0,0.008559698409419614,1.24529207676765,0.0076185437688975535,1.2124476005145008,0.5,0.8803853809795964,1.0,0.7049604772277502
2024-04-22,19529.75,0.01595002496191711,1.0,0.01595002496191711,1.2611162366845603,0.014196290275093157,1.2265440671022239,0.5,0.8883287611161176,1.0,0.7207846371446605
2024-04-23,19841.25,-0.007522207522207558,1.0,-0.007522207522207558,1.2535655946762003,-0.006695126919846053,1.219826427279382,0.5,0.8845605666193508,1.0,0.7132339951363005
2024-04-24,19692.0,0.015704346942921,1.0,0.015704346942921,1.2691479043811935,0.013977625007784421,1.2337072661376405,0.5,0.8923820722117581,1.0,0.7288163048412937
2024-04-25,20001.25,0.0010124367227049014,1.0,0.0010124367227049014,1.2701598289355025,0.0009011174361795631,1.2346079778112447,0.5,0.8928881624878202,1.0,0.7298282293956028
2024-04-26,20021.5,0.0037584596558699612,1.0,0.0037584596558699612,1.273911243229501,0.0033452100789404388,1.2379476051218397,0.5,0.8947656287724387,1.0,0.7335796436896013
2024-04-29,20096.75,-0.020077873287969394,1.0,-0.020077873287969394,1.2536290702159225,-0.017870274058072278,1.2199157295797456,0.5,0.8846759622020758,1.0,0.7132974706760228
2024-04-30,19693.25,-0.001713785180201377,1.0,-0.001713785180201377,1.25191381482591,-0.0015253513361503427,1.218389213710881,0.5,0.883818702269656,1.0,0.7115822152860102
2024-05-01,19659.5,0.013644802767110109,1.0,0.013644802767110109,1.2654663654988492,0.012144531515830746,1.2304605920820675,0.5,0.890617936384141,1.0,0.7251347659589493
2024-05-02,19927.75,0.014176211564275842,1.0,0.014176211564275842,1.2795430342330718,0.012617510934816941,1.242999165528698,0.5,0.8976810396220842,1.0,0.7392114346931719
2024-05-03,20210.25,0.007916774903823587,1.0,0.007916774903823587,1.287428635894066,0.007046310889518746,1.2500207671744146,0.5,0.901631613271637,1.0,0.7470970363541661
2024-05-06,20370.25,0.0006013671898970063,1.0,0.0006013671898970063,1.2880298223351752,0.000535245757299984,1.2505558697387975,0.5,0.9019322516703329,1.0,0.7476982227952752
2024-05-07,20382.5,-0.0018152827180178965,1.0,-0.0018152827180178965,1.286212889994828,-0.0016156890323289303,1.2489388740733458,0.5,0.9010241981554936,1.0,0.7458812904549279
2024-05-08,20345.5,0.002949055073603546,1.0,0.002949055073603546,1.289157605135891,0.002624801024579721,1.2515602363238003,0.5,0.9024976396440412,1.0,0.748826005595991
2024-05-09,20405.5,0.0009066183136898776,1.0,0.0009066183136898776,1.290063812719429,0.0008069339565666727,1.252366844884199,0.5,0.9029508460873297,1.0,0.7497322131795291
2024-05-10,20424.0,0.0022889737563651646,1.0,0.0022889737563651646,1.2923501707661322,0.0020372968666203593,1.2544020692759117,0.5,0.9040946785396788,1.0,0.7520185712262323
2024-05-13,20470.75,0.006081848491139796,1.0,0.006081848491139796,1.2984135994632724,0.005413138023012868,1.2598006089256066,0.5,0.9071309885271546,1.0,0.7580819999233724
2024-05-14,20595.25,0.013789587404862802,1.0,0.013789587404862802,1.3121089756093323,0.01227339681540357,1.2719992982615336,0.5,0.9140021218329302,1.0,0.7717773760694324
2024-05-15,20879.25,-0.002694062286720089,1.0,-0.002694062286720089,1.3094112778058027,-0.002397845165307046,1.2695985736616282,0.5,0.9126541826275695,1.5,0.7676884213330051
2024-05-16,20823.0,-0.00021610718916587057,1.0,-0.00021610718916587057,1.3091951472621135,-0.00019234580480333104,1.2694062093559981,0.5,0.9125461231947762,1.0,0.7674326617888081
2024-05-17,20818.5,0.005355813339097404,1.0,0.005355813339097404,1.3145366692381546,0.004766931776130835,1.2741618152915941,0.5,0.9152204506606844,1.0,0.7727741837648493
2024-05-20,20930.0,0.002556139512661204,1.0,0.002556139512661204,1.317089547382704,0.0022750872548485354,1.276434318454049,0.5,0.9164977043810905,1.0,0.7753270619093988
2024-05-21,20983.5,0.0008339886100983129,1.0,0.0008339886100983129,1.3179231884175373,0.0007422900229526718,1.2771763331160193,1.0,0.9172920608006667,1.0,0.776160702944232
2024-05-22,21001.0,-0.006178277224894058,1.0,-0.006178277224894058,1.311725746661276,-0.005498964239492384,1.2716621939160622,1.0,0.9110946190444053,1.0,0.7699632611879705
2024-05-23,20871.25,0.008827933161645873,1.0,0.008827933161645873,1.3205149414405994,0.007857285614980156,1.279488771810429,1.0,0.9198838138237289,1.0,0.7787524559672941
2024-05-24,21055.5,0.0037994823205338424,1.0,0.0037994823205338424,1.3243072239594316,0.0033817222259005064,1.2828647888722915,1.0,0.9236760963425609,1.0,0.7825447384861263
2024-05-27,21135.5,-1.1828440301897558e-05,1.0,-1.1828440301897558e-05,1.3242953954491732,-1.0527881456504327e-05,1.2828542609354165,1.0,0.9236642678323025,1.5,0.78248796036083
2024-05-28,21135.25,-0.009640292875646161,1.0,-0.009640292875646161,1.3146083341331365,-0.00858032487888571,1.2742369131377786,1.0,0.9139772065162658,1.0,0.7727614839881171
2024-05-29,20931.5,-0.00720206387502087,1.0,-0.00720206387502087,1.307380210196548,-0.006410183657622909,1.2678060960294908,1.0,0.9067490825796772,1.0,0.7655333600515284
2024-05-30,20780.75,-0.0012150668286755595,1.0,-0.0012150668286755595,1.306164404575658,-0.001081467987962436,1.266724042833063,1.0,0.9055332769587873,1.0,0.7643175544306385
2024-05-31,20755.5,0.0044084700440847335,1.0,0.0044084700440847335,1.3105631857805462,0.003923750625112335,1.2706401156260705,1.0,0.9099320581636755,1.0,0.7687163356355269
2024-06-03,20847.0,0.002122607569434498,1.0,0.002122607569434498,1.312683543801244,0.001889222949039212,1.2725275562379026,1.0,0.9120524161843735,1.0,0.7708366936562249
2024-06-04,20891.25,0.01822533357266809,1.0,0.01822533357266809,1.330744786720965,0.0162214245040842,1.2886188191532846,1.0,0.9301136591040944,1.0,0.7888979365759458
2024-06-05,21272.0,-0.0008579353140277801,1.0,-0.0008579353140277801,1.3298864831698047,-0.000763603742581708,1.2878549237168633,1.0,0.9292553555529343,1.0,0.7880396330247856
2024-06-06,21253.75,-0.0018232076692348276,1.0,-0.0018232076692348276,1.3280616114345345,-0.0016227426205308376,1.2862308630234045,1.0,0.9274304838176639,1.0,0.7862147612895153
2024-06-07,21215.0,0.0036530756540182896,1.0,0.0036530756540182896,1.331708030813345,0.003251413242621415,1.2894770018517634,1.0,0.9310769031964745,1.0,0.7898611806683259
2024-06-10,21292.5,0.0065633439004344485,1.0,0.0065633439004344485,1.3382499297548192,0.005841692123259874,1.2953016974517728,1.0,0.9376188021379487,1.0,0.7964030796098
2024-06-11,21432.25,0.0169254278015607,1.0,0.0169254278015607,1.355033718470602,0.0150644457720151,1.310253801301348,1.0,0.9544025908537316,1.0,0.8131868683255828
2024-06-12,21795.0,-0.0001147052076164723,1.0,-0.0001147052076164723,1.3549190066838401,-0.00010209315830390671,1.3101517029311829,1.0,0.9542878790669698,1.0,0.8130721565388209
2024-06-13,21792.5,0.004061030170930291,1.0,0.004061030170930291,1.3589718131287603,0.0036145124073528835,1.3137596986868558,1.0,0.9583406855118899,1.0,0.8171249629837412
2024-06-14,21881.0,0.01051140258671901,1.0,0.01051140258671901,1.3694283550302648,0.009355654469238668,1.3230718600811637,1.0,0.9687972274133945,1.0,0.8275815048852456
2024-06-17,22111.0,0.0010402062321921424,1.0,0.0010402062321921424,1.3704680206228395,0.0009258336368387527,1.323997265398389,1.0,0.9698368930059693,1.0,0.8286211704778204
2024-06-18,22134.0,0.000948766603415585,1.0,0.000948766603415585,1.3714163374316988,0.0008444479640352197,1.3248413570168383,1.0,0.9707852098148285,1.0,0.8295694872866796
2024-06-19,22155.0,-0.008011735499887207,1.0,-0.008011735499887207,1.3633723355234426,-0.007130830392756752,1.317684980738343,1.0,0.9627412079065722,1.5,0.8174413975344084
2024-06-20,21977.5,-0.0019906722784666098,1.0,-0.0019906722784666098,1.3613796792234543,-0.0017717941868535074,1.3159116150676644,1.0,0.9607485516065839,1.0,0.8154111272597981
2024-06-21,21933.75,-0.011728500598392921,1.0,-0.011728500598392921,1.3495818572046039,-0.010438930307879414,1.3054178169519546,1.0,0.9489507295877334,1.0,0.8036133052409478
2024-06-24,21676.5,0.010056974142504504,1.0,0.010056974142504504,1.359588596508869,0.00895119127129815,1.314329183785011,1.0,0.9589574688919986,1.0,0.813620044545213
2024-06-25,21894.5,-0.0007650323140514503,1.0,-0.0007650323140514503,1.3588232714082598,-0.0006809155989430646,1.3136480362577532,1.0,0.9581921437913893,1.0,0.8128547194446037
2024-06-26,21877.75,0.005199346367885216,1.0,0.005199346367885216,1.3640091478445378,0.00462766863722689,1.3182650301565713,1.0,0.9633780202276675,1.0,0.8180405958808818
2024-06-27,21991.5,-0.004592683536821074,1.0,-0.004592683536821074,1.3594058855342828,-0.004087709504281357,1.3141689431300823,1.0,0.9587747579174124,1.0,0.8134373335706269
2024-06-28,21890.5,0.0034718256778054624,1.0,0.0034718256778054624,1.3628716983384002,0.0030900920358637703,1.3172542706442347,1.0,0.9622405707215298,1.0,0.8169031463747443
2024-07-01,21966.5,0.00899096351262152,1.0,0.00899096351262152,1.3718224837853492,0.008002390477927179,1.3252248117964798,1.0,0.9711913561684787,1.0,0.8258539318216933
2024-07-02,22164.0,0.008098718642844283,1.0,0.008098718642844283,1.379888583800743,0.007208249578582912,1.3324072061171555,1.0,0.9792574561838727,1.0,0.8339200318370872
2024-07-03,22343.5,-0.0017119072660952694,1.0,-0.0017119072660952694,1.3781752095469335,-0.0015236799021666563,1.3308823642342922,1.0,0.9775440819300631,1.0,0.8322066575832777
2024-07-04,22305.25,0.009426031987984862,1.0,0.009426031987984862,1.3875570937044772,0.00838962237132842,1.3392369893302287,1.0,0.9869259660876069,1.0,0.8415885417408214
2024-07-05,22515.5,0.004130487886122802,1.0,0.004130487886122802,1.3916790745429706,0.003676333118547502,1.3429065812530459,1.0,0.9910479469261002,1.0,0.8457105225793148
2024-07-08,22608.5,0.0001437512440012334,1.0,0.0001437512440012334,1.3918228154557517,0.0001279455293718843,1.3430345185980865,1.0,0.9911916878388815,1.0,0.845854263492096
2024-07-09,22611.75,0.009231925879244152,1.0,0.009231925879244152,1.4010123875788743,0.008216858587545558,1.3512178025961572,1.0,1.0003812599620039,1.0,0.8550438356152186
2024-07-10,22820.5,-0.020321640630135196,1.0,-0.020321640630135196,1.380481421665769,-0.01808723873099513,1.33296499021057,1.0,0.9798502940488986,1.0,0.8345128697021132
2024-07-11,22356.75,0.004797208896641925,1.0,0.004797208896641925,1.3852671606236464,0.004269746923255132,1.337225647628504,1.0,0.9846360330067759,1.0,0.8392986086599906
2024-07-12,22464.0,0.0037949608262108914,1.0,0.0037949608262108914,1.389054938752323,0.0033776978782246217,1.3405976538980058,1.0,0.9884238111354526,1.0,0.8430863867886672
2024-07-15,22549.25,-0.0016297659567391376,1.0,-0.0016297659567391376,1.3874238432823203,-0.001450570181399441,1.3391460306211649,1.0,0.9867927156654499,1.0,0.8414552913186646
2024-07-16,22512.5,-0.025397001665741215,1.0,-0.025397001665741215,1.3616987711816253,-0.0226045544520923,1.3162820767014956,1.0,0.961067643564755,1.0,0.8157302192179697
2024-07-17,21940.75,-0.00373733805817944,1.0,-0.00373733805817944,1.357954431825978,-0.0033264108399044937,1.3129501210574408,1.0,0.9573233042091076,1.0,0.8119858798623223
2024-07-18,21858.75,-0.01067078401097954,1.0,-0.01067078401097954,1.347226306718177,-0.009497511611698482,1.303407220465475,1.0,0.9465951791013066,1.0,0.8012577547545212
2024-07-19,21625.5,0.012912996231301044,1.0,0.012912996231301044,1.3600566410615549,0.011493188459480623,1.314834863970076,1.0,0.9594255134446847,1.0,0.8140880890978993
2024-07-22,21904.75,-0.0015750008559787254,1.0,-0.0015750008559787254,1.3584803985878575,-0.0014018266045589137,1.3134320538873845,1.0,0.9578492709709873,1.0,0.8125118466242018
2024-07-23,21870.25,-0.03094386209576938,1.0,-0.03094386209576938,1.327047663672081,-0.027541527338850916,1.2855041478523281,1.0,0.9264165360552107,1.0,0.7810791117084253
2024-07-24,21193.5,-0.012963880435039044,1.0,-0.012963880435039044,1.3139990187577455,-0.011538477851090127,1.2738985852289717,1.0,0.9133678911408751,1.0,0.7680304667940898
2024-07-25,20918.75,0.008652524648939286,1.0,0.008652524648939286,1.3226143248508422,0.007701163592033442,1.2815702462333618,1.0,0.9219831972339718,1.0,0.7766457728871865
2024-07-26,21099.75,0.002215666062394206,1.0,0.002215666062394206,1.3248275399448703,0.0019720494889206856,1.2835403537853338,1.0,0.924196412328,1.0,0.7788589879812147
2024-07-29,21146.5,-0.017083205258553447,1.0,-0.017083205258553447,1.307596733317251,-0.015204875306369,1.2682186991063844,1.0,0.9069656057003805,1.0,0.7616281813535952
2024-07-30,20785.25,0.034664004522437786,1.0,0.034664004522437786,1.3416734740181286,0.03085263323867055,1.2986049581719321,1.0,0.9410423464012583,1.0,0.795704922054473
2024-07-31,21505.75,-0.028550503934994143,1.0,-0.028550503934994143,1.3127074769798102,-0.025411323325769265,1.2728651910977136,1.0,0.9120763493629399,1.0,0.7667389250161546
2024-08-01,20891.75,-0.021754998982852047,1.0,-0.021754998982852047,1.2907123489469992,-0.019362996686984688,1.253312276000123,1.0,0.8900812213301289,0.5,0.755761908650596
2024-08-02,20437.25,-0.017932941075731845,1.0,-0.017932941075731845,1.2726166640980539,-0.015961181101915422,1.2372223433917842,0.5,0.8810335765490938,0.5,0.7467549973939358
2024-08-05,20070.75,-0.002379083990384001,0.5,-0.0012306465876960177,1.2713852596430042,-0.0021174993140737216,1.2351025990061864,0.5,0.8798433264872504,0.5,0.7455647473320922
2024-08-06,20023.0,-0.01221095739899114,0.5,-0.00610547869949557,1.265261066294958,-0.010868340092681521,1.2241747670608478,0.5,0.8737191331392041,0.5,0.7394405539840461
2024-08-07,19778.5,0.0355689258538312,0.5,0.0177844629269156,1.2828892360011797,0.031658056799276725,1.255342038904111,0.5,0.891347302845426,0.5,0.7570687236902677
2024-08-08,20482.0,0.002172639390684461,0.5,0.0010863196953422305,1.2839749660782522,0.0019337536791886574,1.257273925288525,0.5,0.8924330329224985,0.5,0.7581544537673404
2024-08-09,20526.5,0.0011570408983510028,0.5,0.0005785204491755014,1.2845533192489855,0.0010298221157875296,1.25830321750129,0.5,0.8930113860932317,0.5,0.7587328069380737
2024-08-12,20550.25,0.023016751621026454,0.5,0.011508375810513227,1.2959959774241643,0.020486017293513913,1.278582218855989,0.5,0.9044540442684106,1.0,0.7814494257321226
2024-08-13,21023.25,0.002271294875911156,0.5,0.001135647437955578,1.2971309805023656,0.0020215618117058365,1.2806017400612941,0.5,0.905589047346612,1.0,0.7837181451168898
2024-08-14,21071.0,0.019991932039295612,0.5,0.009995966019647806,1.307077317307605,0.017793782208329723,1.298239066164659,0.5,0.9155353841518512,1.0,0.8035128626163907
2024-08-15,21492.25,0.0016633902918494758,0.5,0.0008316951459247379,1.307908666786768,0.0014804974587970053,1.299718468767581,0.5,0.9163667336310144,1.0,0.805174871006824
2024-08-16,21528.0,0.01158955778520987,0.5,0.005794778892604935,1.3136867205294247,0.010315264513481337,1.309980893996887,0.5,0.922144787373671,1.0,0.8166977842931292
2024-08-19,21777.5,-0.002238548961083664,0.5,-0.001119274480541832,1.312566819193409,-0.0019924163706595372,1.3079864901243377,0.5,0.9210248860376551,1.0,0.8144567260358323
2024-08-20,21728.75,0.005200483230742625,0.5,0.0026002416153713126,1.3151636860294464,0.004628680499914583,1.3126044912243404,0.5,0.9236217528736926,1.0,0.8196437334539586
2024-08-21,21841.75,-0.013986974486934423,0.5,-0.006993487243467211,1.3081456297381773,-0.012449080823443238,1.3000772714112128,0.5,0.9166036965824236,1.0,0.8055580194466981
2024-08-22,21536.25,0.007638284288118857,0.5,0.0038191421440594286,1.3119574974743275,0.006798440831078501,1.3068527070508555,0.5,0.920415564318574,1.0,0.8131672797433551
2024-08-23,21700.75,-0.010495028973652953,0.5,-0.005247514486826477,1.306696166427093,-0.00934108116515339,1.2974677243814778,0.5,0.9151542332713396,1.0,0.8026167895672144
2024-08-26,21473.0,0.004051599683323248,0.5,0.002025799841661624,1.3087199171032549,0.003606118819266037,1.3010673567435542,0.5,0.9171779839475013,1.0,0.8066602036230156
2024-08-27,21560.0,-0.015108998144712449,0.5,-0.007554499072356224,1.3011367382706671,-0.013447735908897356,1.287528381132545,0.5,0.9095948051149138,1.0,0.7914359016749811
2024-08-28,21234.25,0.006369426751592355,0.5,0.0031847133757961776,1.3043163911880469,0.005669096522885973,1.2931814688030603,0.5,0.9127744580322936,1.0,0.7977851293536399
2024-08-29,21369.5,0.00697255434146804,0.5,0.00348627717073402,1.3077966053819174,0.006205909120937445,1.2993682005710316,0.5,0.9162546722261643,1.0,0.8047334878442332
2024-08-30,21518.5,0.002439761135766938,0.5,0.001219880567883469,1.3090157425000528,0.0021715048953174433,1.3015373511572403,0.5,0.9174738093442996,1.0,0.8071702775947991
2024-09-02,21571.0,-0.03046914839367665,0.5,-0.015234574196838324,1.2936639299359203,-0.02711900928458058,1.2740438351799284,0.5,0.902121996780167,1.0,0.7762272949719555
2024-09-03,20913.75,-0.0012073396688780935,0.5,-0.0006036698344390468,1.2930600778194843,-0.001074590443648319,1.2729686669500098,0.5,0.901518144663731,1.0,0.7750192258813738
2024-09-04,20888.5,-0.0019029609593795849,1.0,-0.0019424563755176512,1.2911157324289653,-0.0016937268892070303,1.2712735040837508,0.5,0.9005662112391547,1.0,0.7731144519914653
2024-09-05,20848.75,-0.02624857605372022,1.0,-0.02624857605372022,1.2645165129632252,-0.023362496664185974,1.247633777933077,0.5,0.887355038708731,1.0,0.7465152325257252
2024-09-06,20301.5,0.01700613255178185,1.0,0.01700613255178185,1.2813796600525509,0.01513627688597598,1.262656644356214,0.5,0.8958221575484553,1.0,0.7633783796150508
2024-09-09,20646.75,0.005436691004637506,1.0,0.005436691004637506,1.286801625600377,0.0048389167930521625,1.2674838912227948,0.5,0.8985368150316673,1.0,0.7688003451628768
2024-09-10,20759.0,0.019894985307577384,1.0,0.019894985307577384,1.3065012920154606,0.017707494948718556,1.2850364350068055,0.5,0.9084351570619438,1.0,0.7885000115779603
2024-09-11,21172.0,0.00781692801813727,1.0,0.00781692801813727,1.3142878261402786,0.006957442353221695,1.2919697860360955,0.5,0.9123360028694165,1.0,0.7962865457027783
2024-09-12,21337.5,0.004217926186291798,1.0,0.004217926186291798,1.3184968818106204,0.003754157416209955,1.2957169141904967,0.5,0.9144427452216572,1.0,0.8004956013731201
2024-09-13,21427.5,-0.004118539260296372,1.0,-0.004118539260296372,1.3143698380086135,-0.003665698266186739,1.2920444807880647,0.5,0.9123813523804608,1.0,0.7963685575711132
2024-09-16,21339.25,0.0016870321121875698,1.0,0.0016870321121875698,1.3160554486805796,0.0015015398173483265,1.2935448944217003,0.5,0.913224512876819,1.0,0.7980541682430794
2024-09-17,21375.25,-0.002502894702985925,1.0,-0.002502894702985925,1.3135494165003696,-0.002227696810282015,1.2913147126036304,0.5,0.9119722818111697,1.0,0.7955481360628696
2024-09-18,21321.75,0.020167200159461496,1.0,0.020167200159461496,1.3335159520878137,0.017949779275154735,1.3091052967794576,0.5,0.9220053815950643,1.0,0.8155146716503135
2024-09-19,21751.75,-0.0021722390152516535,1.0,-0.0021722390152516535,1.3313413503391578,-0.001933397325773743,1.3071700280285463,0.5,0.9209186718322155,1.0,0.8133400699016576
2024-09-20,21704.5,0.0022000046073396007,1.0,0.0022000046073396007,1.3335389384798708,0.001958110039758922,1.3091262234697636,0.5,0.922018069576655,1.0,0.8155376580423706
2024-09-23,21752.25,0.005608615200726419,1.0,0.005608615200726419,1.3391318839613435,0.004991937606425039,1.3141057426664597,0.5,0.9248184524421899,1.0,0.8211306035238433
2024-09-24,21874.25,0.002594374664274257,1.0,0.002594374664274257,1.3417228990450878,0.002309118380963203,1.3164121991305742,0.5,0.9261147991537226,1.0,0.8237216186075874
2024-09-25,21931.0,0.0047307464319912285,1.0,0.0047307464319912285,1.3464424906627417,0.004210592129276302,1.3206139515218114,0.5,0.9284773792780951,1.0,0.8284412102252412
2024-09-26,22034.75,-0.0069322320425690975,1.0,-0.0069322320425690975,1.3394861190743181,-0.006170020333233651,1.314424817953197,0.5,0.9250052423598967,1.0,0.8214848386368175
2024-09-27,21882.0,0.0018394113883557495,1.0,0.0018394113883557495,1.3413238408171975,0.0016371647108238572,1.316060643970784,0.5,0.9259245253839273,1.0,0.823322560379697
2024-09-30,21922.25,-0.012361869789825453,1.0,-0.012361869789825453,1.3288849275220727,-0.011002659387573376,1.3049970076415423,0.5,0.9197244094321726,1.0,0.8108836470845722
2024-10-01,21651.25,0.004341550718780729,1.0,0.004341550718780729,1.3332170808990709,0.00386418920315235,1.3088537500433306,0.5,0.9218928320629476,1.0,0.8152158004615705
2024-10-02,21745.25,-0.004506731355123583,1.0,-0.004506731355123583,1.328700163615176,-0.004011207923621231,1.3048344756471144,0.5,0.9196369237365508,1.0,0.8106988831776757
2024-10-03,21647.25,0.011271639584704785,1.0,0.011271639584704785,1.339908751624457,0.010032302005969187,1.3148167881729913,0.5,0.9252569217146314,1.0,0.8219074711869565
2024-10-04,21891.25,-0.008462285159595684,1.0,-0.008462285159595684,1.331410458043543,-0.007531841285707555,1.3072564393376074,0.5,0.9210168025212321,1.0,0.8134091776060426
2024-10-07,21706.0,0.012404404312171824,1.0,0.012404404312171824,1.3437385580905257,0.011040517160672995,1.318236454894048,0.5,0.9271998501807657,1.0,0.8257372776530251
2024-10-08,21975.25,0.0074174355240554934,1.0,0.0074174355240554934,1.3511286197191,0.006601874796290162,1.3248166327562014,0.5,0.9309017076058778,1.0,0.8331273392815993
2024-10-09,22138.25,-0.0007340236920262422,1.0,-0.0007340236920262422,1.3503943264997824,-0.0006533164321485574,1.324163102819877,0.5,0.9305346283945339,1.0,0.8323930460622818
2024-10-10,22122.0,-0.0008927764216617451,1.0,-0.0008927764216617451,1.3495011513158965,-0.0007946140061178775,1.3233681729407072,0.5,0.9300881405228263,1.0,0.8314998708783958
2024-10-11,22102.25,0.010191270119557894,1.0,0.010191270119557894,1.359640840595624,0.009070721157776648,1.3323980022006403,0.5,0.9351708367699714,1.0,0.8416395601581232
2024-10-14,22327.5,-0.013671481357070858,1.0,-0.013671481357070858,1.345875043930762,-0.012168276745579118,1.3201550858674804,0.5,0.9283116253952433,1.0,0.8278737634932615
2024-10-15,22022.25,-0.00023839525933999628,1.0,-0.00023839525933999628,1.3456366202507553,-0.00021218326052010905,1.3199428800929076,0.5,0.9281924206609712,1.0,0.8276353398132547
2024-10-16,22017.0,0.0025207793977382043,1.0,0.0025207793977382043,1.3481542278133203,0.0022436150498328,1.322183981996814,0.5,0.9294520167355244,1.0,0.8301529473758198
2024-10-17,22072.5,0.004564503341261794,1.0,0.004564503341261794,1.3527083454010849,0.004062627773241838,1.3262383795811097,0.5,0.9317316680255416,1.0,0.8347070649635843
2024-10-18,22173.25,0.0024579166337816982,1.0,0.0024579166337816982,1.3551632462983856,0.0021876641628121216,1.3284236542909231,0.5,0.9329598717913049,1.0,0.8371619658608851
2024-10-21,22227.75,-0.000888528978416625,1.0,-0.000888528978416625,1.3542743223441138,-0.0007908335770979431,1.3276325078399869,0.5,0.9325155085873903,1.0,0.8362730419066134
2024-10-22,22208.0,-0.011009546109510104,1.0,-0.011009546109510104,1.343203722653464,-0.009799026192172315,1.3177851552302835,0.5,0.9269955284360231,1.0,0.8252024422159637
2024-10-23,21963.5,0.005304254786349993,1.0,0.005304254786349993,1.3484939594286143,0.004721042181430291,1.3224950882429227,0.5,0.9296441451451608,1.0,0.8304926789911139
2024-10-24,22080.0,0.0038496376811594235,1.0,0.0038496376811594235,1.3523362062167366,0.0034263629120431785,1.3259155945476586,0.5,0.9315671138956344,1.0,0.8343349257792362
2024-10-25,22165.0,0.0014098804421385225,1.0,0.0014098804421385225,1.3537450937106272,0.0012548614850173526,1.3271696693520507,0.5,0.9322718057630556,1.0,0.8357438132731267
2024-10-28,22196.25,0.009055583713465154,1.0,0.009055583713465154,1.362759921486981,0.008059905568405181,1.3351972673627137,0.5,0.9367893780068145,1.0,0.8447586410494804
2024-10-29,22397.25,-0.008985478127895186,1.0,-0.008985478127895186,1.3537338304833746,-0.007997508221377014,1.3271676075359067,0.5,0.9322865162602925,1.0,0.8357325500458741
2024-10-30,22196.0,-0.02090466750765907,1.0,-0.02090466750765907,1.3326075667089965,-0.018606160727121915,1.308386174701463,0.5,0.9217791732132637,1.0,0.8146062862714959
2024-10-31,21732.0,0.005855420577949522,1.0,0.005855420577949522,1.3384459109389146,0.0052116062768427125,1.313584247558519,0.5,0.9247026061050899,1.0,0.8204446305014141
2024-11-01,21859.25,-0.0025504077221313315,1.0,-0.0025504077221313315,1.335892245386633,-0.002269985685267774,1.3113116815501418,0.5,0.9234265884796966,1.0,0.8178909649491326
2024-11-04,21803.5,0.011385786685623955,1.0,0.011385786685623955,1.3472137018426986,0.010133898422437372,1.3213945763118091,0.5,0.9291033385441986,1.0,0.8292124214051981
2024-11-05,22051.75,0.025383472966998166,1.0,0.025383472966998166,1.3722803644354478,0.02259251325874877,1.3437356586684541,0.5,0.9417152099810594,1.0,0.8542790839979473
2024-11-06,22611.5,0.01338920460827464,1.0,0.01338920460827464,1.3855807257921149,0.011917036846369643,1.3555822467724126,0.5,0.9483875029479352,1.0,0.8675794453546144
2024-11-07,22914.25,6.546144866192982e-05,1.0,6.546144866192982e-05,1.3856461850982698,5.826384154581073e-05,1.3556405089166867,0.5,0.9484202331366276,1.0,0.8676449046607692
2024-11-08,22915.75,-0.0007200288011520728,1.0,-0.0007200288011520728,1.3849258969518823,-0.0006408603053592686,1.3549994431725856,0.5,0.9480601539153092,1.0,0.8669246165143817
2024-11-11,22899.25,-0.001408343068004414,1.0,-0.001408343068004414,1.383516561236678,-0.001253493148007139,1.3537451637449096,0.5,0.9473557343360813,1.0,0.8655152807991774
2024-11-12,22867.0,-0.0005247736913456258,1.0,-0.0005247736913456258,1.3829916498034278,-0.00046707385529879536,1.3532779807766404,0.5,0.9470933130609576,1.0,0.8649903693659272
2024-11-13,22855.0,-0.008061693283745397,1.0,-0.008061693283745397,1.3748972853620076,-0.0071752952260623155,1.3460768193135941,0.5,0.9430543206598535,1.0,0.8568960049245071
2024-11-14,22670.75,-0.021106491845219066,1.0,-0.021106491845219066,1.3535648668495788,-0.018785794106218254,1.3271123306927028,0.5,0.9324449943350236,1.0,0.8355635864120783
2024-11-15,22192.25,0.005733983710529467,1.0,0.005733983710529467,1.3592824738482223,0.005103521617156644,1.3322028734831635,0.5,0.9353078842075031,1.0,0.8412811934107218
2024-11-18,22319.5,0.005555680010753017,1.0,0.005555680010753017,1.3648227779914297,0.004944822738302645,1.337135510739034,0.5,0.9380818731454493,1.0,0.8468214975539292
2024-11-19,22443.5,-0.0007017622028649972,1.0,-0.0007017622028649972,1.3641207694382103,-0.0006246021532722969,1.3365107134405738,0.5,0.9377309304708396,1.0,0.8461194890007099
2024-11-20,22427.75,0.0024523191135981115,1.0,0.0024523191135981115,1.3665700865242423,0.002182682100305221,1.338691016950812,0.5,0.9389563389079415,1.0,0.8485688060867419
2024-11-21,22482.75,0.0037806762962715457,1.0,0.0037806762962715457,1.370343634026012,0.0033649839587200194,1.342050352019746,0.5,0.9408448926153636,1.0,0.8523423535885116
2024-11-22,22567.75,0.0009194536451351265,1.0,0.0009194536451351265,1.3712626652325663,0.0008183580196266896,1.3428683753670239,0.5,0.9413045137959322,1.0,0.853261384795066
2024-11-25,22588.5,0.004393828718153081,1.0,0.004393828718153081,1.3756468692678239,0.003910719139993393,1.3467714675231157,0.5,0.9434990184672645,1.0,0.8576455888303235
2024-11-26,22687.75,-0.008473735826602491,1.0,-0.008473735826602491,1.367137027227427,-0.0075420329307400984,1.3392008496455743,0.5,0.9392531495961962,1.0,0.8491357467899266
2024-11-27,22495.5,0.00371185348180747,1.0,0.00371185348180747,1.3708420087809103,0.003303728339746777,1.3424991326647935,0.5,0.9411073562329955,1.0,0.85284072834341
2024-11-28,22579.0,0.004484255281456129,1.0,0.004484255281456129,1.3753162397462084,0.003991203135742253,1.3464823920789561,0.5,0.9433469740563988,1.0,0.857314959308708
2024-11-29,22680.25,0.009689046637493037,1.0,0.009689046637493037,1.3849586485799135,0.008623718074622614,1.3550691383013633,0.5,0.9481798004342423,1.0,0.8669573681424132
2024-12-02,22900.0,0.004945414847161489,1.0,0.004945414847161489,1.3898918750310025,0.004401657355940683,1.3594611366968152,0.5,0.9506494557471041,1.0,0.8718905945935022
2024-12-03,23013.25,0.008375609703105802,1.0,0.008375609703105802,1.3982326039450732,0.007454695955653559,1.3668881837310838,0.5,0.9548285161487853,1.0,0.8802313235075728
2024-12-04,23206.0,-0.002747134361802961,1.0,-0.002747134361802961,1.3954816892847568,-0.002445081867768446,1.3644401077691126,0.5,0.9534540047597624,1.0,0.8774804088472564
2024-12-05,23142.25,0.007810390087394259,1.0,0.007810390087394259,1.4032617361679263,0.0069516232800322895,1.3713676799146497,0.5,0.9573515943234532,1.0,0.8852604557304258
2024-12-06,23323.0,-0.006892338035415668,1.0,-0.006892338035415668,1.3963455362648007,-0.006134512745807365,1.365214273737903,0.5,0.9538994735876108,1.0,0.8783442558273002
2024-12-09,23162.25,-0.0016621873954386635,1.0,-0.0016621873954386635,1.3946819659031815,-0.0014794268230669966,1.3637337514824321,0.5,0.9530680343400547,1.0,0.876680685465681
2024-12-10,23123.75,0.013881831450348603,1.0,0.013881831450348603,1.4084683272499912,0.012355498457814286,1.3760135437233383,0.5,0.959984972795213,1.0,0.8904670468124906
2024-12-11,23444.75,-0.005353010801991909,1.0,-0.005353010801991909,1.4031009377498362,-0.004764437383153312,1.3712377202283892,0.5,0.9573048791495686,1.0,0.8850996573123356
2024-12-12,23319.25,0.005585514113875867,1.0,0.005585514113875867,1.4086709107230713,0.004971376526716161,1.3761967802658908,0.5,0.9600937437060383,1.0,0.8906696302855707
2024-12-13,23449.5,0.015405445745111823,1.0,0.015405445745111823,1.4239588973924089,0.013711588548418148,1.3898152155377277,0.5,0.9677669520732503,1.0,0.9059576169549083
2024-12-16,23810.75,-0.004325777222473071,1.0,-0.004325777222473071,1.4196237369259874,-0.0038501500318801245,1.3859576345986764,0.5,0.9656017210402336,1.0,0.9016224564884868
2024-12-17,23707.75,-0.03565289831384255,1.0,-0.03565289831384255,1.3833197517367035,-0.03173279633230448,1.3537104416487484,0.5,0.9476144668167273,1.0,0.865318471299203
2024-12-18,22862.5,-0.0022416621104428547,1.0,-0.0022416621104428547,1.3810755733406073,-0.001995187223500101,1.35171326138779,0.5,0.9464930071606313,1.0,0.8630742929031067
2024-12-19,22811.25,0.006323634171735426,1.0,0.006323634171735426,1.3873792972305823,0.005628338921713152,1.3573258203921217,0.5,0.9496498362142549,1.0,0.8693780167930816
2024-12-20,22955.5,0.008048180174685893,1.0,0.008048180174685893,1.3953952635298281,0.007163267908287845,1.3644635539638619,0.5,0.9536658513068376,1.0,0.8773939830923275
2024-12-23,23140.25,0.013364159851341206,1.0,0.013364159851341206,1.4086709107230713,0.01189474580669133,1.376288113300254,0.5,0.9603257050927322,1.0,0.8906696302855706
2024-12-24,23449.5,-0.0026546408238982133,1.0,-0.0026546408238982133,1.4060127400919236,-0.002362758165090785,1.373922559417485,0.5,0.9589975030107863,1.0,0.8880114596544229
2024-12-26,23387.25,-0.011309581075158448,1.0,-0.011309581075158448,1.394638719387222,-0.01006607175951101,1.363805482185806,0.5,0.9533266636146428,1.0,0.8766374389497213
2024-12-27,23122.75,-0.014336530040760742,1.0,-0.014336530040760742,1.3801984283909967,-0.012760202098879344,1.3509631694614959,0.5,0.9461325831405745,1.0,0.8621971479534961
2024-12-30,22791.25,-0.00675697910382278,1.0,-0.00675697910382278,1.373418517545962,-0.0060140367786031,1.3449309755285743,0.5,0.9427483736059353,1.0,0.8554172371084612
2024-12-31,22637.25,-0.0022860550641089494,1.0,-0.0022860550641089494,1.3711298454687901,-0.002034699089965349,1.3428942036262388,0.5,0.9416046923196911,1.0,0.8531285650312894
2025-01-02,22585.5,0.013747758517633102,1.0,0.013747758517633102,1.3847839608338146,0.012236167091537006,1.355056113956984,0.5,0.9484550541794748,1.0,0.8667826803963139
2025-01-03,22896.0,0.01255677847658987,1.0,0.01255677847658987,1.3972625567678303,0.011176137504444754,1.3661702598932355,0.5,0.9547138164397566,1.0,0.8792612763303295
2025-01-06,23183.5,-0.01746932085319297,1.0,-0.01746932085319297,1.3796388466363154,-0.015548536778644467,1.350499576831682,0.5,0.9459407852664149,1.0,0.8616375661988145
2025-01-07,22778.5,-0.002195052351998572,1.0,-0.002195052351998572,1.377441381625648,-0.001953702294034042,1.3485439635719434,0.5,0.944842656367519,1.0,0.8594401011881473
2025-01-08,22728.5,-0.001055942979079183,1.0,-0.001055942979079183,1.376384880746006,-0.0009398400993569935,1.3476036815459649,0.5,0.9443145454519549,1.0,0.8583836003085052
2025-01-09,22704.5,-0.013378405161972307,1.0,-0.013378405161972307,1.3629161784630566,-0.011907424819123024,1.335624795497951,0.5,0.9376028698817342,1.0,0.8449148980255557
2025-01-10,22400.75,-0.0002455274934991536,1.0,-0.0002455274934991536,1.3626706208227477,-0.00021853129236802676,1.335406240324141,0.5,0.9374800985988991,1.0,0.8446693403852469
2025-01-13,22395.25,-0.000658621805963322,1.0,-0.000658621805963322,1.3620117820301627,-0.0005862051226431172,1.3348198633160981,0.5,0.9371507334611752,1.0,0.8440105015926619
2025-01-14,22380.5,0.017839190366613744,1.0,0.017839190366613744,1.3796937214394656,0.01587773845631994,1.3505728690663716,0.5,0.9460307840293785,1.0,0.8616924410019647
2025-01-15,22779.75,-0.007133528682272683,1.0,-0.007133528682272683,1.3725346274885266,-0.006349184035826971,1.3442034432368484,0.5,0.9424576436185024,1.0,0.8545333470510258
2025-01-16,22617.25,0.016569211553128627,1.0,0.016569211553128627,1.3889680673563884,0.014747396157640166,1.3588431539764771,0.5,0.950708120415826,1.0,0.8709667869188877
2025-01-17,22992.0,0.004088378566457829,1.0,0.004088378566457829,1.3930481112124398,0.003638853796309576,1.362475403161605,0.5,0.9527502231871415,1.0,0.875046830774939
2025-01-20,23086.0,0.0038768084553408855,1.0,0.0038768084553408855,1.396917424211933,0.0034505462094486694,1.365920009895517,0.5,0.9546867511336069,1.0,0.8789161437744323
2025-01-21,23175.5,0.00916916571379267,1.0,0.00916916571379267,1.4060448083331436,0.00816099901813489,1.3740478880387632,0.5,0.9592608568006764,1.0,0.8880435278956427
2025-01-22,23388.0,0.001571318624935758,1.0,0.001571318624935758,1.407614893728664,0.0013985492416161763,1.3754454602212596,0.5,0.9600462076444235,1.0,0.8896136132911631
2025-01-23,23424.75,-0.004866647456216233,1.0,-0.004866647456216233,1.402736365581955,-0.004331550585027129,1.3711045012926903,0.5,0.9576099185727286,1.0,0.884735085144454
2025-01-24,23310.75,-0.025878618234076556,1.0,-0.025878618234076556,1.376517004413951,-0.023033216389719825,1.3478018754235674,0.5,0.9445861673899183,1.0,0.85851572397645
2025-01-27,22707.5,0.011185731586480285,1.0,0.011185731586480285,1.3876406383475606,0.009955839750727637,1.3577084823017749,0.5,0.9501634511809683,0.5,0.864056877573986
2025-01-28,22961.5,0.0005988284737494798,1.0,0.0005988284737494798,1.3882392875950864,0.0005329861776791116,1.3582413264927702,0.5,0.9504628206023457,1.0,0.8646196179712278
2025-01-29,22975.25,0.0015886660645694217,1.0,0.0015886660645694217,1.3898266930646566,0.0014139892982403602,1.3596543170495052,0.5,0.9512568383191133,1.0,0.8662070234407979
2025-01-30,23011.75,-0.0016404662835290962,1.0,-0.0016404662835290962,1.3881848797429317,-0.0014600939875070366,1.3581931560860554,0.5,0.950436268602086,1.0,0.8645652101190731
2025-01-31,22974.0,-0.0007726125184991384,1.0,-0.0007726125184991384,1.3874119686055597,-0.0006876623459193776,1.3575052571919353,0.5,0.9500498877073514,1.0,0.8637922989817011
2025-02-03,22956.25,0.0013177239313912903,1.0,0.0013177239313912903,1.3887288251007153,0.001172837752739118,1.3586774077077697,0.5,0.9507085327187923,1.0,0.8651091554768567
2025-02-04,22986.5,0.008135209797054843,1.0,0.008135209797054843,1.3968311224577963,0.007240728463028749,1.3658920479525691,0.5,0.9547678872776951,1.0,0.8732114528339379
2025-02-05,23173.5,0.00322566724922857,1.0,0.00322566724922857,1.4000515984030406,0.0028709991808944495,1.3687589336865695,0.5,0.9563794216829213,1.0,0.8764319287791822
2025-02-06,23248.25,-0.011613777381093149,1.0,-0.011613777381093149,1.3883698543638532,-0.01033682112009013,1.358368316590346,0.5,0.9505556074593124,1.0,0.8647501847399947
2025-02-07,22978.25,0.011391206902179318,1.0,0.011391206902179318,1.39969667000343,0.010138722676177258,1.3684559871963122,0.5,0.9562350522874389,1.0,0.8760770003795714
2025-02-10,23240.0,-0.0019148020654045084,1.0,-0.0019148020654045084,1.3977800323609986,-0.001704266043766934,1.3667502672390328,0.5,0.9552771926536344,1.0,0.8741603627371399
2025-02-11,23195.5,0.0029854928757733212,1.0,0.0029854928757733212,1.4007610775031687,0.002657232423140139,1.3694039754617968,0.5,0.9567688260530757,1.0,0.87714140787931
2025-02-12,23264.75,0.009166227876938216,1.0,0.009166227876938216,1.40988555047605,0.008158384201865555,1.3775292599521811,0.5,0.9613414695042937,1.0,0.8862658808521912
2025-02-13,23478.0,0.005473208961580989,1.0,0.005473208961580989,1.415343835857945,0.0048714195332209605,1.3823888525151384,0.5,0.964074336300532,1.0,0.8917241662340863
2025-02-14,23606.5,0.0013449685467985528,1.0,0.0013449685467985528,1.4166879007447197,0.0011970867723913284,1.3835852233504617,0.5,0.9647465945577051,1.0,0.8930682311208611
2025-02-17,23638.25,-0.00046534747707638324,1.0,-0.00046534747707638324,1.4162224449599043,-0.0004141816629837151,1.3831709558905618,0.5,0.964513893746433,1.0,0.8926027753360457
2025-02-18,23627.25,-8.464802293961515e-05,1.0,-8.464802293961515e-05,1.4161377933541186,-7.534081656503467e-05,1.383095612235735,0.5,0.9644715688392771,1.0,0.89251812373026
2025-02-19,23625.25,-0.003661336917069713,1.0,-0.003661336917069713,1.4124697373374333,-0.003258766164550812,1.3798315247289081,0.5,0.9626392226593593,1.0,0.8888500677135747
2025-02-20,23538.75,-0.02021135361903248,1.0,-0.02021135361903248,1.3920513398022547,-0.017989077980342712,1.3616786762589959,0.5,0.952482136856248,1.0,0.8684316701783962
2025-02-21,23063.0,-0.010091922126349573,1.0,-0.010091922126349573,1.38190814900519,-0.00898229665980873,1.3526557955645317,0.5,0.947423401942528,1.0,0.8582884793813316
2025-02-24,22830.25,-0.010129105025131091,1.0,-0.010129105025131091,1.3717273955313865,-0.009015391230233049,1.3435995197824584,0.5,0.9423459811173361,1.0,0.8481077259075279
2025-02-25,22599.0,0.0033961679720342364,1.0,0.0033961679720342364,1.3751178095488905,0.0030227530344991717,1.3466177134845172,0.5,0.9440426249888012,1.0,0.8514981399250321
2025-02-26,22675.75,-0.028201933783888022,1.0,-0.028201933783888022,1.3465105626375353,-0.02510107910620531,1.3211962292478712,0.5,0.9298412948670814,1.0,0.8228908930136768
2025-02-27,22036.25,0.012513472119802582,1.0,0.012513472119802582,1.358946388344907,0.011137592761525733,1.3322722557347544,0.5,0.9360785388163313,1.0,0.8353267187210485
2025-02-28,22312.0,-0.01695276084618147,1.0,-0.01695276084618147,1.3418482844629274,-0.015088773497925562,1.3170684884845656,0.5,0.9275660295747612,1.0,0.8182286148390687
2025-03-03,21933.75,0.00028494899413011865,1.0,0.00028494899413011865,1.3421331928668034,0.00025361832623619707,1.3173220746551109,0.5,0.9277084939232991,0.5,0.8183334705713542
2025-03-04,21940.0,0.0034070191431176955,1.0,0.0034070191431176955,1.345534421269249,0.003032411099291753,1.3203498972696395,0.5,0.9294105541681555,0.5,0.8200355308162107
2025-03-05,22014.75,-0.019907107734587037,1.0,-0.019907107734587037,1.32542649748556,-0.017718284492501624,1.3024727648354981,0.5,0.9194071324997287,0.5,0.8100321091477838
2025-03-06,21576.5,0.0015642017936181585,0.5,0.0007438648529650823,1.326170085808191,0.0013922149190389549,1.3038640115219011,0.5,0.9201889277150036,0.5,0.8108139043630587
2025-03-07,21610.25,-0.03402320658021074,0.5,-0.01701160329010537,1.3090121229461724,-0.030282292213044713,1.2731137387817646,0.5,0.9030309648529851,0.5,0.79365594150104
2025-03-10,20875.0,-0.003389221556886257,0.5,-0.0016946107784431286,1.3073160746906785,-0.0030165703905191484,1.270092609372075,0.5,0.9013349165974911,0.5,0.791959893245546
2025-03-11,20804.25,0.008243507937080174,0.5,0.004121753968540087,1.3114293575007063,0.007337119022650011,1.2774029426771503,0.5,0.905448199407519,0.5,0.7960731760555739
2025-03-12,20975.75,-0.013336829433989283,0.5,-0.006668414716994642,1.304738609566152,-0.011870420419176658,1.2654615062649088,0.5,0.8987574514729646,0.5,0.7893824281210196
2025-03-13,20696.0,0.01809528411287209,0.5,0.009047642056436045,1.313745566925445,0.016105674222451963,1.281438860073996,0.5,0.9077644088322577,0.5,0.7983893854803126
2025-03-14,21070.5,0.00789017821124327,0.5,0.003945089105621635,1.3176828945734387,0.007022638552382654,1.2884369547418173,0.5,0.9117017364802515,1.0,0.8062097505000068
2025-03-17,21236.75,-0.015692137450410204,0.5,-0.007846068725205102,1.3098058834941864,-0.013966757971512773,1.2743717438188455,0.5,0.9038247254009991,1.0,0.7903931880817026
2025-03-18,20903.5,0.011529169756260949,0.5,0.005764584878130474,1.3155539167313381,0.010261516259786028,1.2845809681460931,0.5,0.9095727586381509,1.0,0.8018564034094602
2025-03-19,21144.5,-0.002400151339591816,0.5,-0.001200075669795908,1.3143531203941077,-0.002136250269347772,1.282442432839284,0.5,0.9083719623009204,1.0,0.7994533670894577
2025-03-20,21093.75,0.003626666666666667,0.5,0.0018133333333333335,1.3161648116233737,0.003227907972177635,1.2856651423003962,0.5,0.9101836535301865,1.0,0.8030734732576118
2025-03-21,21170.25,0.018256751809732963,0.5,0.009128375904866481,1.32525177572911,0.016249388247988647,1.3017839222100995,0.5,0.9192706176359228,1.0,0.8211655715796885
2025-03-24,21556.75,0.00742226912683952,0.5,0.00371113456341976,1.3289560410226002,0.006606176935525705,1.3083683739864487,0.5,0.9229748829294131,1.0,0.8285604312105782
2025-03-25,21716.75,-0.019650730426974516,0.5,-0.009825365213487258,1.3190820883869196,-0.017490096343109742,1.290723518754828,0.5,0.9131009302937327,1.0,0.8087140579220425
2025-03-26,21290.0,-0.004379990605918316,0.5,-0.002189995302959158,1.3168896915373558,-0.0038984025537427062,1.286817497623215,0.5,0.9109085334441689,1.0,0.8043244470558933
2025-03-27,21196.75,-0.030016394022668536,0.5,-0.015008197011334268,1.3017677318537628,-0.026716036092407226,1.2597381019361438,0.5,0.8957865737605759,1.0,0.7738483383740629
2025-03-28,20560.5,0.0025291213735074702,0.5,0.0012645606867537351,1.3030314936570715,0.0022510398099677242,1.2619866119517325,0.5,0.8970503355638847,1.0,0.7763742669023717
2025-03-31,20612.5,0.008975136446331078,0.5,0.004487568223165539,1.3075090227688848,0.007988303626790661,1.2699431779887371,0.5,0.9015278646756979,1.0,0.7853093661925601
2025-04-01,20797.5,-0.02143286452698645,0.5,-0.010716432263493225,1.2967347559875868,-0.01907628150917173,1.2506825966197617,0.5,0.8907535978944,1.0,0.763643482293888
2025-04-02,20351.75,-0.024752171189209804,0.5,-0.012376085594604902,1.2842814488505732,-0.022030624276752547,1.228405674015761,0.5,0.8783002907573864,0.5,0.7511491292831294
2025-04-03,19848.0,-0.05870868601370416,0.5,-0.02935434300685208,1.2544876457014207,-0.05225355761572866,1.1747373956739027,0.5,0.8485064876082338,0.5,0.7213553261339769
2025-04-04,18682.75,0.007787932718684276,0.5,0.003893966359342138,1.2583740501978287,0.0069316351404661814,1.1816451174736136,0.5,0.8523928921046416,0.5,0.725241730630385
2025-04-07,18828.25,-0.021072059272635557,0.5,-0.010536029636317779,1.2477821236334625,-0.018755147458549625,1.1627118617567052,0.5,0.8418009655402756,0.5,0.7146498040660189
2025-04-08,18431.5,0.11510186365732578,0.5,0.05755093182866289,1.3037379168977166,0.10244620128087824,1.260243391880809,0.5,0.8977567588045295,0.5,0.7706055973302728
2025-04-09,20553.0,-0.041453802364618264,0.5,-0.020726901182309132,1.2827931984577057,-0.03689588027476858,1.2226496390238129,0.5,0.8768120403645187,0.5,0.7496608788902618
2025-04-10,19701.0,0.016192071468453362,0.5,0.008096035734226681,1.2908566371145063,0.014411723321440431,1.2369585005599077,0.5,0.8848754790213194,0.5,0.7577243175470625
2025-04-11,20020.0,0.0040959040959041015,0.5,0.0020479520479520508,1.2929024949673829,0.0036455518799018045,1.2405974235213808,0.5,0.8869213368741962,0.5,0.7597701753999392
2025-04-14,20102.0,0.0017659934334892657,0.5,0.0008829967167446329,1.2937851020718607,0.001571819195617653,1.2421680087021363,0.5,0.8878039439786738,0.5,0.7606527825044169
2025-04-15,20137.5,-0.028243327126008744,0.5,-0.014121663563004372,1.279562779041529,-0.025137921173951604,1.216708733097465,0.5,0.873581620948342,0.5,0.7464304594740852
2025-04-16,19568.75,0.0029894602363462752,0.5,0.0014947301181731376,1.281056393162577,0.0026607635650947184,1.2193659630977842,0.5,0.87507523506939,0.5,0.7479240735951331
2025-04-17,19627.25,-0.02617534295431101,0.5,-0.013087671477155505,1.26788232345065,-0.02329731567923829,1.1957929749227931,0.5,0.8619011653574629,0.5,0.7347500038832062
2025-04-21,19113.5,0.023281973474245987,0.5,0.011640986737122994,1.2794560751864472,0.02072207751439711,1.2163032708941812,0.5,0.8734749170932602,0.5,0.7463237556190034
2025-04-22,19558.5,0.025104174655520728,0.5,0.012552087327760364,1.2919300381361243,0.022343924312176956,1.2384012269186537,0.5,0.8859488800429375,0.5,0.7587977185686805
2025-04-23,20049.5,0.024813586373725105,0.5,0.012406793186862553,1.3042604977855168,0.022085286748363676,1.260246166048441,0.5,0.8982793396923301,0.5,0.771128178218073
2025-04-24,20547.0,0.010086630651676698,0.5,0.005043315325838349,1.3092911381944898,0.008977586992543706,1.269183694083549,0.5,0.9033099801013031,0.5,0.776158818627046
2025-04-25,20754.25,-0.003420986063095488,0.5,-0.001710493031547744,1.3075791805994146,-0.0030448423306363532,1.2661342067893193,0.5,0.9015980225062278,0.5,0.7744468610319707
2025-04-28,20683.25,0.006309453301584611,0.5,0.0031547266507923055,1.3107289415409822,0.0056157172644119855,1.2717342146989568,0.5,0.9047477834477954,0.5,0.7775966219735383
2025-04-29,20813.75,0.011254579304546208,0.5,0.005627289652273104,1.3163404571479207,0.010017117535105735,1.2817014934630684,0.5,0.9103592990547339,0.5,0.7832081375804768
2025-04-30,21048.0,-0.0023517673888255874,0.5,-0.0011758836944127937,1.3151638815598323,-0.002093186223280559,1.2796061134636492,0.5,0.9091827234666455,0.5,0.7820315619923884
2025-05-01,20998.5,0.019310903159749593,0.5,0.009655451579874796,1.3247730171628915,0.017187633711205696,1.2966477107703689,0.5,0.9187918590697047,0.5,0.7916406975954476
2025-05-02,21404.0,-0.007580358811437149,0.5,-0.0037901794057185745,1.320975636826237,-0.006746884367482984,1.2898779632839776,0.5,0.9149944787330504,0.5,0.7878433172587933
2025-05-05,21241.75,-0.009203573151929545,0.5,-0.0046017865759647725,1.3163632294347503,-0.008191623294935686,1.2816526042831595,0.5,0.9103820713415635,0.5,0.7832309098673065
2025-05-06,21046.25,0.005262220110471061,0.5,0.0026311100552355304,1.3189908841794655,0.0046836292957563455,1.2863252995146695,0.5,0.9130097260862788,0.5,0.7858585646120217
2025-05-07,21157.0,0.009394053977407113,0.5,0.0046970269887035565,1.323676914557709,0.008361160402042125,1.294651699041506,0.5,0.9176957564645221,0.5,0.7905445949902652
2025-05-08,21355.75,-0.0004565515142291865,0.5,-0.00022827575711459325,1.323448612741718,-0.00040635283248809616,1.2942452636253328,0.5,0.9174674546485311,1.0,0.790049289550573
2025-05-09,21346.0,0.03796964302445427,0.5,0.018984821512227135,1.3422554713975958,0.033794810685489396,1.3274815777422067,0.5,0.936274313304409,1.0,0.8273158282254269
2025-05-12,22156.5,0.013438494347031371,0.5,0.006719247173515686,1.3489522450437776,0.011960907087365804,1.339371518501037,0.5,0.942971086950591,1.0,0.8406648269071038
2025-05-13,22454.25,0.006457574846632674,0.5,0.003228787423316337,1.3521758311259906,0.005747552572163432,1.345102616910255,0.5,0.9461946730328039,1.0,0.8471016409456699
2025-05-14,22599.25,-0.00014381008219299662,0.5,-7.190504109649831e-05,1.3521039234996026,-0.00012799789819585333,1.344974610819629,0.5,0.9461227654064162,1.0,0.8469578205218155
2025-05-15,22596.0,0.00016595857673928904,0.5,8.297928836964452e-05,1.3521868993453816,0.00014771112488272194,1.3451223110362978,0.5,0.946205741252195,1.0,0.8471237653289536
2025-05-16,22599.75,0.0051659863494064595,0.5,0.0025829931747032298,1.35476656232656,0.00459797661435936,1.3497097492473913,0.5,0.9487854042333734,1.0,0.8522764537491643
2025-05-19,22716.5,-0.004270023991371885,0.5,-0.0021350119956859426,1.3526292679435683,-0.0038005269714537888,1.3459019819227136,0.5,0.9466481098503817,1.0,0.8479972871700208
2025-05-20,22619.5,-0.012135546762748972,0.5,-0.006067773381374486,1.3465430108172427,-0.010801220995095192,1.3350420042612618,0.5,0.940561852724056,1.0,0.8357875034442147
2025-05-21,22345.0,0.0030879391362721442,0.5,0.0015439695681360721,1.348085789689806,0.002748414528190857,1.3377866488043182,0.5,0.9421046315966194,1.0,0.8388706846886361
2025-05-22,22414.0,-0.011655661640046389,1.0,-0.011692468992593904,1.3363244262240908,-0.010374100127457018,1.3273583626199645,0.5,0.9362597527027682,1.0,0.8271465633424081
2025-05-23,22152.75,0.014907855683831572,1.0,0.014907855683831572,1.351122252019348,0.013268709432880589,1.3405398137503906,0.5,0.9436860373066923,1.0,0.8419443891376653
2025-05-26,22483.0,0.008606502690922113,1.0,0.008606502690922113,1.359691929903671,0.007660201833252507,1.3481708252122326,0.5,0.9479800561431437,1.0,0.8505140670219882
2025-05-27,22676.5,0.0021167287720769146,1.0,0.0021167287720769146,1.3618064215617534,0.0018839905363028076,1.350053043264245,0.5,0.9490378608564524,1.0,0.8526285586800706
2025-05-28,22724.5,-0.006160751611696602,1.0,-0.006160751611696602,1.35562661421443,-0.005483365599816639,1.3445545888316082,0.5,0.9459527309275507,1.0,0.8464487513327473
2025-05-29,22584.5,-0.0007084504859528051,1.0,-0.0007084504859528051,1.3549179126588444,-0.0006305550472886524,1.3439238349008766,0.5,0.9455984429319934,1.0,0.8457400497771618
2025-05-30,22568.5,0.008219420874227445,1.0,0.008219420874227445,1.3631037380580076,0.007315680376820415,1.3512128854858358,0.5,0.9496997315753727,1.0,0.853925875176325
2025-06-02,22754.0,0.005867100290058991,1.0,0.005867100290058991,1.368953693941112,0.005222001783046084,1.3564212998992227,0.5,0.9526289872588045,1.0,0.8597758310594295
2025-06-03,22887.5,0.0026215182960132033,1.0,0.0026215182960132033,1.371571782051592,0.002333277520287835,1.3587518595543853,0.5,0.9539388881119691,1.0,0.8623939191699095
2025-06-04,22947.5,-0.01015361150452121,1.0,-0.01015361150452121,1.3613662710231658,-0.009037203176977544,1.3496735731511584,0.5,0.9488491515981767,1.0,0.8521884081414833
2025-06-05,22714.5,0.012965286491007921,1.0,0.012965286491007921,1.3742482276778785,0.011539729308609779,1.3611472276215018,0.5,0.9553108728830162,1.0,0.8650703647961961
2025-06-06,23009.0,0.0005541309922203475,1.0,0.0005541309922203475,1.3748022051962143,0.0004932032667514971,1.3616403093034977,0.5,0.9555879000035701,1.0,0.865624342314532
2025-06-09,23021.75,0.00559253749171984,1.0,0.00559253749171984,1.3803791625116246,0.004977627671201687,1.3666055895430766,0.5,0.958380266462849,1.0,0.8712012996299424
2025-06-10,23150.5,-0.0029265026673289674,1.0,-0.0029265026673289674,1.3774483692623871,-0.002604728297004675,1.3639974630391014,0.5,0.9569159435314797,1.0,0.8682705063807049
2025-06-11,23082.75,0.0011155516565399815,1.0,0.0011155516565399815,1.3785632991535426,0.000992894692698908,1.3649898651379004,0.5,0.9574735638606321,1.0,0.8693854362718604
2025-06-12,23108.5,-0.01112144881753463,1.0,-0.01112144881753463,1.3673795446403472,-0.009898624990887563,1.3550419230410828,0.5,0.9518973210681818,1.0,0.8582016817586648
2025-06-13,22851.5,0.012964138021574145,1.0,0.012964138021574145,1.3802603675246334,0.011538707115510215,1.3665145669790797,0.5,0.9583584718167237,1.0,0.8710825046429512
2025-06-16,23147.75,-0.009104556598373503,1.0,-0.009104556598373503,1.3711141111525613,-0.00810349379421847,1.358378061417636,0.5,0.9537958003449429,1.0,0.8619362482708791
2025-06-17,22937.0,0.0004250773858831547,1.0,0.0004250773858831547,1.3715390982186468,0.0003783393426520213,1.3587563292080056,0.5,0.9540083164547365,1.0,0.8623612353369646
2025-06-18,22946.75,-0.011276106638195005,1.0,-0.011276106638195005,1.3601989342901997,-0.010036277898682392,1.3486693483409804,0.5,0.9483543093191199,1.0,0.8510210714085176
2025-06-19,22688.0,0.007537023977433055,1.0,0.007537023977433055,1.3677076968183939,0.006708314278469709,1.355355262003664,0.5,0.9521157382559986,1.0,0.8585298339367118
2025-06-20,22859.0,0.008672732840456776,1.0,0.008672732840456776,1.37634303755037,0.007719149855591143,1.3630447716557412,0.5,0.9564427297317201,1.0,0.867165174668688
2025-06-23,23057.25,0.014550737837339733,1.0,0.014550737837339733,1.39078892923737,0.012950857352816826,1.3759124837542465,0.5,0.963691760821735,1.0,0.8816110663556881
2025-06-24,23392.75,0.0027679516089387235,1.0,0.0027679516089387235,1.3935530571225505,0.0024636102201549314,1.3783730642617433,0.5,0.9650747798143919,1.0,0.8843751942408685
2025-06-25,23457.5,0.008526057764041362,1.0,0.008526057764041362,1.4020429733407336,0.00758860197457614,1.3859330176402649,0.5,0.9693287477310986,1.0,0.8928651104590516
2025-06-26,23657.5,0.002863785268942154,1.0,0.002863785268942154,1.404902665788754,0.00254890679234097,1.3884786814791763,0.5,0.9707596161848725,1.0,0.895724802907072
2025-06-27,23725.25,0.0053318721615156495,1.0,0.0053318721615156495,1.4102203738450547,0.00474562297521738,1.3932130794846562,0.5,0.9734220049612294,1.0,0.9010425109633727
2025-06-30,23851.75,-0.0073369878520443965,1.0,-0.0073369878520443965,1.4028563379154868,-0.006530272494315598,1.3866613914772445,0.5,0.9697467656092754,1.0,0.8936784750338048
2025-07-01,23676.75,0.006799919752499717,1.0,0.006799919752499717,1.4096332424890046,0.006052256023693568,1.3926954061632788,0.5,0.9731409586894987,1.0,0.9004553796073226
2025-07-02,23837.75,0.00865224276620058,1.0,0.00865224276620058,1.4182482691173983,0.007700912702822185,1.4003668181957993,0.5,0.977457749310482,1.0,0.9090704062357164
2025-07-03,24044.0,-0.0063321410746963736,1.0,-0.0063321410746963736,1.4118959950022392,-0.005635910474990592,1.3947149660519391,0.5,0.9742866561677263,1.0,0.9027181321205573
2025-07-04,23891.75,-0.002835706886268219,1.0,-0.002835706886268219,1.409056259882136,-0.0025239156796721144,1.392187859927682,0.5,0.97286779661928,1.0,0.8998783970004541
2025-07-07,23824.0,0.0026968603089321252,1.0,0.0026968603089321252,1.4117494901882475,0.00240033553981198,1.394585319263792,0.5,0.9742153184582468,1.0,0.9025716273065657
2025-07-08,23888.25,0.005871087250007845,1.0,0.005871087250007845,1.4176034097679935,0.0052255503693890044,1.3997972638228313,0.5,0.9771465617888094,1.0,0.9084255468863117
2025-07-09,24028.5,-0.0013941777472584738,1.0,-0.0013941777472584738,1.4162082592506915,-0.001240885330425078,1.3985556079567076,0.5,0.9764492298357594,1.0,0.9070303963690097
2025-07-10,23995.0,-0.003000625130235468,1.0,-0.003000625130235468,1.4132031232189268,-0.00267070085829144,1.3958813344144143,0.5,0.9749477906747736,1.0,0.9040252603372452
2025-07-11,23923.0,0.004106926388830923,1.0,0.004106926388830923,1.4173016392049824,0.003655362251375195,1.3995300320652768,0.5,0.9769991483954925,1.0,0.9081237763233008
2025-07-14,24021.25,-0.0007701514284227384,1.0,-0.0007701514284227384,1.4165311910575928,-0.0006854718572398209,1.398844325164787,0.5,0.9766139985205894,1.0,0.9073533281759112
2025-07-15,24002.75,0.0018956161273187,1.0,0.0018956161273187,1.4184250127719813,0.0016871896349891157,1.400530093094244,0.5,0.9775613576978024,1.0,0.9092471498902996
2025-07-16,24048.25,0.008410175376586615,1.0,0.008410175376586615,1.426800019668116,0.007485461069530141,1.407987677128603,0.5,0.9817576287128102,1.0,0.9176221567864346
2025-07-17,24250.5,-0.0015257417372838145,1.0,-0.0015257417372838145,1.425273112801633,-0.0013579836168922555,1.4066287706163465,0.5,0.9809944667101127,1.0,0.9160952499199513
2025-07-18,24213.5,0.004893964110929794,1.0,0.004893964110929794,1.4301551403989412,0.004355863723130932,1.4109751750241348,0.5,0.9834384597799908,1.0,0.9209772775172596
2025-07-21,24332.0,-0.00608252506986684,1.0,-0.00608252506986684,1.4240540414176392,-0.005413740210659972,1.4055467274165732,0.5,0.9803925632082208,1.0,0.9148761785359576
2025-07-22,24184.0,0.008776463777704357,1.0,0.008776463777704357,1.432792215903757,0.0078114753848107,1.4133278511856755,0.5,0.9847711948825829,1.0,0.9236143530220753
2025-07-23,24396.25,-0.0006660859763283344,1.0,-0.0006660859763283344,1.432125907993608,-0.000592848593698333,1.4127348267877626,0.5,0.9844380964232862,1.0,0.9229480451119262
2025-07-24,24380.0,0.0021636587366693494,1.0,0.0021636587366693494,1.4342872293915745,0.0019257604646599586,1.414658735352901,0.5,0.985519341035929,1.0,0.9251093665098928
2025-07-25,24432.75,0.002517113300795071,1.0,0.002517113300795071,1.4368011800686946,0.0022403520470158375,1.4168965815532242,0.5,0.9867771063677819,1.5,0.928844286800688
2025-07-28,24494.25,-0.002337283239944088,1.0,-0.002337283239944088,1.4344611611186946,-0.002080294633304971,1.4148141201014364,0.5,0.9856077813537114,1.0,0.9264705069992565
2025-07-29,24437.0,0.00858329582190942,1.0,0.00858329582190942,1.4430078298949693,0.007639546602325479,1.42242463314269,0.5,0.9898902464074555,1.0,0.9350171757755313
2025-07-30,24646.75,-0.013480479170681736,1.0,-0.013480479170681736,1.4294356641465942,-0.011998275602155734,1.4103537972488454,0.5,0.9831271888169338,1.0,0.9214450100271561
2025-07-31,24314.5,-0.018898188323839715,1.0,-0.018898188323839715,1.4103566229085527,-0.016820297633337273,1.3933904318451638,0.5,0.9736331687346296,1.0,0.9023659687891145
2025-08-01,23855.0,0.02015300775518769,1.0,0.02015300775518769,1.4303092465578422,0.01793714735192869,1.4111686067628333,0.5,0.9836592431326422,1.0,0.9223185924384039
2025-08-04,24335.75,-0.010632505675806203,1.0,-0.010632505675806203,1.4196198119021741,-0.009463442050135697,1.4016601018195844,0.5,0.9783288087384646,1.0,0.9116291577827359
2025-08-05,24077.0,0.01334260912904428,1.0,0.01334260912904428,1.4328741923560668,0.011875564626091578,1.4134657052690347,0.5,0.9849779586298203,1.0,0.9248835382366286
2025-08-06,24398.25,0.004447040259034862,1.0,0.004447040259034862,1.4373113737492784,0.0039580799737316714,1.4174159726526794,0.5,0.9871990103967467,1.0,0.9293207196298401
2025-08-07,24506.75,0.009946239301416915,1.0,0.009946239301416915,1.4472084747713254,0.008852631930394348,1.4262296497699678,0.5,0.9921598049338782,1.0,0.9392178206518872
2025-08-08,24750.5,-0.0054948384881113865,1.0,-0.0054948384881113865,1.4416984841269502,-0.004890670853383248,1.4213269804495323,0.5,0.9894086046065025,1.0,0.933707830007512
2025-08-11,24614.5,0.013000467204290045,1.0,0.013000467204290045,1.4546151706019688,0.011571041837526212,1.4328315897537536,0.5,0.9958878027977218,1.0,0.9466245164825305
2025-08-12,24934.5,-0.0008722853877157766,1.0,-0.0008722853877157766,1.453742504551974,-0.0007763759991788092,1.4320549122186483,0.5,0.9954515649659758,1.0,0.9457518504325357
2025-08-13,24912.75,-0.001455078222998285,1.0,-0.001455078222998285,1.4522863666746135,-0.0012950896864406887,1.4307589831787895,0.5,0.9947237610694617,1.0,0.9442957125551752
2025-08-14,24876.5,-0.003808815548811073,1.0,-0.003808815548811073,1.4484702791168267,-0.0033900292485003853,1.427363194761619,0.5,0.992817537604995,1.0,0.9404796249973884
2025-08-15,24781.75,-0.00035308240943432434,1.0,-0.00035308240943432434,1.448117134359122,-0.00031426034675976377,1.4270488850247287,0.5,0.9926409808150449,1.0,0.9401264802396836
2025-08-18,24773.0,-0.012695273079562419,1.0,-0.012695273079562419,1.435340587707467,-0.01129940437017233,1.4156851573828675,0.5,0.9862731123684734,1.0,0.9273499335880286
2025-08-19,24458.5,-0.006316822372590347,1.0,-0.006316822372590347,1.4290037297938993,-0.005622276092458022,1.4100470168052255,0.5,0.9831097028743182,1.0,0.921013075674461
2025-08-20,24304.0,-0.004001398946675394,1.0,-0.004001398946675394,1.424994303830439,-0.0035614377462785006,1.4064792220416344,0.5,0.9811069993283116,1.0,0.9170036497110007
2025-08-21,24206.75,0.014913195699546522,1.0,0.014913195699546522,1.43979739118874,0.013273462304010508,1.4196653637935497,0.5,0.9885359341817863,1.0,0.931806737069302
2025-08-22,24567.75,-0.0032766533361825445,1.0,-0.0032766533361825445,1.4365153578685719,-0.0029163792534722646,1.4167447236197794,0.5,0.9868962639889372,1.0,0.9285247037491338
2025-08-25,24487.25,0.004298155162380413,1.0,0.004298155162380413,1.4408043023452581,0.0038255650682824057,1.4205629898229493,0.5,0.9890430356061083,1.0,0.93281364822582
2025-08-26,24592.5,-0.00266341364237066,1.0,-0.00266341364237066,1.4381373355062819,-0.0023705663959783805,1.418189609186009,0.5,0.9877104412753717,1.0,0.9301466813868436
2025-08-27,24527.0,0.008969706853671378,1.0,0.008969706853671378,1.4470670534871866,0.007983471027866418,1.4261413809109256,0.5,0.9921852677156093,1.0,0.9390763993677482
2025-08-28,24747.0,-0.012425748575584872,1.0,-0.012425748575584872,1.4345634597694645,-0.011059514582924255,1.415020255216125,0.5,0.985953013211429,1.0,0.9265728056500262
2025-08-29,24439.5,0.0019538042922317977,1.0,0.0019538042922317977,1.4365153578685719,0.0017389799037600831,1.4167577248449705,0.5,0.9869294384991809,1.0,0.9285247037491335
2025-09-01,24487.25,-0.005012812790329613,1.0,-0.005012812790329613,1.4314899387859055,-0.004461644770847143,1.412286097232765,0.5,0.9844198858091454,1.0,0.923499284666467
2025-09-02,24364.5,0.0031295532434485462,1.0,0.0031295532434485462,1.4346146051707371,0.002785453087467446,1.4150676781346423,0.5,0.9859834394435669,1.0,0.9266239510512987
2025-09-03,24440.75,0.009338911449116694,1.0,0.009338911449116694,1.4439101785973505,0.008312080896525211,1.4233454039303841,0.5,0.9906420270786531,1.0,0.935919524477912
2025-09-04,24669.0,-0.00043576958936319965,1.0,-0.00043576958936319965,1.4434743140328272,-0.0003878559186226231,1.4229574727762004,0.5,0.9904241185436311,1.0,0.9354836599133888
2025-09-05,24658.25,0.00507943588859705,1.0,0.00507943588859705,1.448540893105487,0.004520942536480039,1.4274682265489733,0.5,0.9929606168544665,1.0,0.9405502389860487
2025-09-08,24783.5,0.003681885125184081,1.0,0.003681885125184081,1.4522160166833782,0.003277055059252926,1.430739923765402,0.5,0.994799866959126,1.0,0.9442253625639399
2025-09-09,24874.75,-0.0012763947376355222,1.0,-0.0012763947376355222,1.450938806660155,-0.0011360527801266406,1.429603225188163,0.5,0.994161465855681,1.0,0.9429481525407165
2025-09-10,24843.0,0.005987602141448223,1.0,0.005987602141448223,1.4569085543467009,0.005329254233439871,1.4349183291974252,0.5,0.9971507944282691,1.0,0.9489179002272625
2025-09-11,24991.75,0.004341432672781975,1.0,0.004341432672781975,1.4612405901879808,0.0038640841365290613,1.4387749669370193,0.5,0.9993191581638912,1.0,0.9532499360685424
2025-09-12,25100.25,0.007380404577643551,1.0,0.007380404577643551,1.4685938928468172,0.006568915470791892,1.4453224011038435,0.5,1.003002568360581,1.0,0.9606032387273787
2025-09-15,25285.5,-0.000306499772596891,1.0,-0.000306499772596891,1.468287346093565,-0.00027279955682981707,1.445049564330446,1.0,1.0026633836762149,1.0,0.9602966919741266
2025-09-16,25277.75,-0.0011175836456963628,1.0,-0.0011175836456963628,1.467169137485591,-0.0009947032608966825,1.444054366023951,1.0,1.0015451750682407,1.0,0.9591784833661525
2025-09-17,25249.5,0.008386304679300682,1.0,0.008386304679300682,1.4755204724866953,0.0074642149994738815,1.4514908616209072,1.0,1.009896510069345,1.0,0.9675298183672567
2025-09-18,25461.25,0.0057832981491481306,1.0,0.0057832981491481306,1.481287111565822,0.005147413842219323,1.4566250728154417,1.0,1.0156631491484716,1.0,0.9732964574463833
2025-09-19,25608.5,0.005281449518714565,1.0,0.005281449518714565,1.486554663142736,0.004700744395067779,1.4613148032140766,1.0,1.0209307007253856,1.0,0.9785640090232973
2025-09-22,25743.75,-0.006312211701869352,1.0,-0.006312211701869352,1.4802224451990582,-0.005618172373493669,1.455680789549576,1.0,1.0145984827817078,1.0,0.9722317910796197
2025-09-23,25581.25,-0.003371610065966313,1.0,-0.003371610065966313,1.4768451384476011,-0.0030008953155350247,1.4526753825193104,1.0,1.011221176030251,1.0,0.9688544843281626
2025-09-24,25495.0,-0.004393018238870394,1.0,-0.004393018238870394,1.4724424425509555,-0.003909997774403907,1.4487577207195375,1.0,1.0068184801336053,1.0,0.964451788431517
2025-09-25,25383.0,0.0035850766260883127,1.0,0.0035850766260883127,1.4760211081080497,0.003190890833332214,1.4519435314645175,1.0,1.0103971456906995,1.0,0.9680304539886112
2025-09-26,25474.0,0.003326921567087915,1.0,0.003326921567087915,1.4793425077156088,0.0029611203995991153,1.45490027638253,1.0,1.0137185452982587,1.0,0.9713518535961704
2025-09-29,25558.75,0.0010563896904192127,1.0,0.0010563896904192127,1.4803983398190905,0.0009402376939605994,1.4558400723299063,1.0,1.0147743774017404,1.0,0.9724076856996521
2025-09-30,25585.75,0.006683407756270521,1.0,0.006683407756270521,1.4870595126209394,0.00594855473652007,1.461771004266957,1.0,1.021435550203589,1.0,0.9790688585015008
2025-10-01,25756.75,0.0037174721189590088,1.0,0.0037174721189590088,1.490770092017475,0.003308729197372023,1.465074271664307,1.0,1.0251461296001247,1.0,0.9827794378980363
2025-10-02,25852.5,-0.0047577603713373495,1.0,-0.0047577603713373495,1.4860009774763343,-0.0042346358361261,1.4608306443651564,1.0,1.0203770150589841,1.0,0.9780103233568956
2025-10-03,25729.5,0.00785091043354913,1.0,0.00785091043354913,1.49382122987037,0.006987688339330646,1.4677940319487202,1.0,1.0281972674530198,1.0,0.9858305757509312
2025-10-06,25931.5,-0.004984285521470011,1.0,-0.004984285521470011,1.4888244813678693,-0.004436254127857337,1.4633479084459997,1.0,1.0232005189505191,1.0,0.9808338272484306
2025-10-07,25802.25,0.011597825771008319,1.0,0.011597825771008319,1.5003555678820877,0.010322623418979314,1.473617617420248,1.0,1.0347316054647375,1.0,0.9923649137626491
2025-10-08,26101.5,-0.002557324291707408,1.0,-0.002557324291707408,1.4977949680510112,-0.0022761417652516175,1.4713388813068449,1.0,1.032171005633661,1.5,0.9884898214649398
2025-10-09,26034.75,-0.042222414273230924,1.0,-0.042222414273230924,1.454655274873079,-0.03757998188524325,1.4330345669712214,1.0,0.9890313124557288,1.0,0.9453170423794456
2025-10-10,24935.5,0.028734134065889982,1.0,0.028734134065889982,1.4829843252270984,0.025574762984808982,1.4582877667786367,1.0,1.0173603628097483,0.5,0.959549263803799
2025-10-13,25652.0,-0.005779276469671024,1.0,-0.005779276469671024,1.477188284116303,-0.005143834353824371,1.4531306573661802,1.0,1.011564321698953,1.0,0.9537208739856992
2025-10-14,25503.75,0.007253835220310645,1.0,0.007253835220310645,1.4844159368134748,0.006456262647932989,1.45956616762445,1.0,1.0187919743961247,1.0,0.960948526682871
2025-10-15,25688.75,-0.005722349277407446,1.0,-0.005722349277407446,1.478677152166166,-0.005093166411432469,1.45445998683256,1.0,1.0130531897488158,1.0,0.955209742035562
2025-10-16,25541.75,0.009367016747090506,1.0,0.009367016747090506,1.4880005704587234,0.00833709596510704,1.4627625211759363,1.0,1.0223766080413734,1.0,0.9645331603281195
2025-10-17,25781.0,0.011374655754237573,1.0,0.011374655754237573,1.499311021230524,0.010123991357503586,1.4728356082145562,1.0,1.0336870588131741,1.0,0.9758436110999202
2025-10-20,26074.25,-0.0023586488585481957,1.0,-0.0023586488585481957,1.4969495863781073,-0.002099311062704614,1.470734090509556,1.0,1.0313256239607573,1.0,0.9734821762475034
2025-10-21,26012.75,-0.008659215192549752,1.0,-0.008659215192549752,1.488252662337852,-0.0077071184980238155,1.4629971186860942,1.0,1.022628699920502,1.0,0.9647852522072482
2025-10-22,25787.5,0.009229277750848253,1.0,0.009229277750848253,1.49743961055283,0.008214501625754985,1.471178064928626,1.0,1.0318156481354799,1.0,0.9739722004222261
2025-10-23,26025.5,0.008923939981940743,1.0,0.008923939981940743,1.5063239674991626,0.007942736308163952,1.4790894237460068,1.0,1.0407000050818125,1.0,0.9828565573685586
2025-10-24,26257.75,0.01879445116203793,1.0,0.01879445116203793,1.5249439851626958,0.016727966563964736,1.495679018860497,1.0,1.0593200227453454,1.0,1.0014765750320918
2025-10-27,26751.25,0.006308116443156875,1.0,0.006308116443156875,1.5312322887170091,0.005614527396036095,1.5012778435457084,1.0,1.0656083262996587,1.0,1.007764878586405
2025-10-28,26920.0,0.0018016344725111377,1.0,0.0018016344725111377,1.5330323021928043,0.0016035414366090302,1.5028801006825165,1.0,1.067408339775454,1.0,1.0095648920622002
2025-10-29,26968.5,-0.0026605113373009415,1.0,-0.0026605113373009415,1.5303682454053456,-0.002367983204708462,1.5005093093716713,1.0,1.0647442829879954,1.0,1.0069008352747415
2025-10-30,26896.75,-0.006181044178199979,1.0,-0.006181044178199979,1.5241680194906235,-0.005501426961174781,1.4949926938296663,1.0,1.0585440570732734,1.0,1.0007006093600195
2025-10-31,26730.5,0.004732421765399009,1.0,0.004732421765399009,1.5288892785520347,0.004212083256683387,1.4991959310950043,1.0,1.0632653161346846,1.0,1.0054218684214307
2025-11-03,26857.0,-0.01982723312358048,1.0,-0.01982723312358048,1.5088628484278181,-0.017647192242416333,1.481391170645855,1.0,1.043238886010468,1.0,0.9853954382972141
2025-11-04,26324.5,0.005774088776614894,1.0,0.005774088776614894,1.5146203310467878,0.00513921705719576,1.4865172269982911,1.0,1.048996368629438,1.0,0.9911529209161839
2025-11-05,26476.5,-0.015768700545766956,1.0,-0.015768700545766956,1.4987259819155005,-0.014034902813206705,1.4723829036015754,1.0,1.0331020194981506,1.0,0.9752585717848966
2025-11-06,26059.0,-0.0032522353121762215,1.0,-0.0032522353121762215,1.495468446591685,-0.002894646036278836,1.4694840599751435,1.0,1.029844484174335,1.0,0.972001036461081
2025-11-07,25974.25,0.019018835962539837,1.0,0.019018835962539837,1.514308685413679,0.01692767984145801,1.4862700632460375,1.0,1.048684722996329,1.0,0.990841275283075
2025-11-10,26468.25,-0.0023329838580186113,1.0,-0.0023329838580186113,1.511972975908734,-0.002076467976358459,1.484191436421013,1.0,1.046349013491384,1.0,0.9885055657781301
2025-11-11,26406.5,-0.0012875617745631285,1.0,-0.0012875617745631285,1.5106845845143082,-0.001145991980730746,1.4830447872893644,1.0,1.0450606220969583,1.0,0.9872171743837043
2025-11-12,26372.5,-0.020381078775239314,1.0,-0.020381078775239314,1.4900929456796295,-0.018140141542327768,1.4647380961493695,1.0,1.0244689832622795,1.0,0.9666255355490254
2025-11-13,25835.0,0.0023224308109153213,1.0,0.0023224308109153213,1.4924126838163363,0.0020670752562641182,1.4668030379450858,1.0,1.0267887213989861,1.0,0.9689452736857321
2025-11-14,25895.0,-0.009345433481367071,1.0,-0.009345433481367071,1.4830233077824093,-0.008317885819290596,1.458450365478329,1.0,1.0173993453650594,1.0,0.9595558976518053
2025-11-17,25653.0,-0.014588936966436705,1.0,-0.014588936966436705,1.4683269057941026,-0.01298485641715755,1.4453804688543639,1.0,1.0027029433767525,1.0,0.9448594956634986
2025-11-18,25278.75,0.016911437472185042,1.0,0.016911437472185042,1.4850969369370783,0.015051993705179142,1.460320305361442,1.0,1.0194729745197284,0.5,0.9532473020828984
2025-11-19,25706.25,-0.03442742523705322,1.0,-0.03442742523705322,1.4500629250595864,-0.030642066282417352,1.4291989547058281,1.0,0.9844389626422364,1.0,0.9181800520038319
2025-11-20,24821.25,0.011089288412146958,0.5,0.0055114065568817585,1.4555591993897914,0.00987000068143738,1.439020565078274,1.0,0.9954672157068222,0.5,0.923676326334037
2025-11-21,25096.5,0.024455601378678304,0.5,0.012227800689339152,1.4677128444193694,0.021766662864329246,1.4605537165693567,1.0,1.019628566596516,0.5,0.935829971363615
2025-11-24,25710.25,0.003957565562372922,0.5,0.001978782781186461,1.4696896719887764,0.0035224239234924325,1.464069951287446,1.0,1.0235783215967247,1.0,0.9397477639748358
2025-11-25,25812.0,0.0096660467999381,0.5,0.00483302339996905,1.4745110538253838,0.008603247111662401,1.4726364013673623,1.0,1.0331979510414746,1.0,0.9493673934195859
2025-11-26,26061.5,-0.0004700420160006491,0.5,-0.00023502100800032455,1.4742760051956185,-0.00041836002868757613,1.4722179538017024,1.0,1.0327277985210965,1.0,0.9488972408992077
2025-11-27,26049.25,0.007015557069781186,0.5,0.003507778534890593,1.4777776458248055,0.0062441836198935275,1.4784427232821107,1.0,1.0397188610654784,1.0,0.9558883034435897
2025-11-28,26232.0,-0.003230786825251575,0.5,-0.0016153934126257874,1.4761609462574157,-0.0028755558500834642,1.4755630250783516,1.0,1.0364828439801967,1.0,0.952652286358308
2025-12-01,26147.25,0.00780196770214836,0.5,0.00390098385107418,1.4800543410012406,0.006944126951591117,1.4824831526196283,1.0,1.0442545337155114,1.0,0.9604239760936226
2025-12-02,26351.25,0.0015938522840472924,0.5,0.0007969261420236462,1.4808509497662325,0.0014186052833133605,1.4839007526330752,1.0,1.0458471171650512,1.0,0.9620165595431625
2025-12-03,26393.25,-0.0005020222973677324,0.5,-0.0002510111486838662,1.4805999071089775,-0.0004468240190857265,1.4834538287583912,1.0,1.0453449688122995,1.0,0.961514411190411
2025-12-04,26380.0,0.0038855193328279913,0.5,0.0019427596664139957,1.4825407820584706,0.003458299309876599,1.486906161902444,1.0,1.0492229590116453,1.0,0.9653924013897567
2025-12-05,26482.5,-0.001066742188237546,0.5,-0.000533371094118773,1.482007268671391,-0.0009494519155340598,1.4859562589719393,1.0,1.0481556474490064,1.0,0.964325089827118
2025-12-08,26454.25,-0.00115293383860815,0.5,-0.000576466919304075,1.4814306355311488,-0.0010261666348446536,1.4849295654676453,1.0,1.04700204847089,1.0,0.9631714908490013
2025-12-09,26423.75,0.00470220918681119,1.0,0.0046709872747056035,1.4860907475969531,0.0041851926068809065,1.4891060245152201,1.0,1.0516932368068097,1.0,0.9678626791849212
2025-12-10,26548.0,0.0012901160162723802,1.0,0.0012901160162723802,1.4873800321286221,0.001148265378849173,1.4902536311416128,1.0,1.0529825213384787,1.0,0.9691519637165901
2025-12-11,26582.25,-0.02378466834071613,0.5,-0.011923369917896366,1.4753850086985145,-0.02116950015237094,1.4688568436916667,1.0,1.0289104311350288,1.0,0.9450798735131402
2025-12-12,25950.0,-0.004248554913294789,1.0,-0.004280346820809239,1.471095474968441,-0.003781418458141188,1.4650682575958172,1.0,1.0246528254681293,1.0,0.9408222678462407
2025-12-15,25839.75,-0.001054576766416071,1.0,-0.001054576766416071,1.4700403417446946,-0.0009386241042980921,1.4641291927080728,1.0,1.0235976922443828,1.0,0.9397671346224941
2025-12-16,25812.5,-0.01432445520581116,1.0,-0.01432445520581116,1.455612301137529,-0.012749454914321489,1.451297766017818,1.0,1.0091696516372173,1.0,0.9253390940153285
2025-12-17,25442.75,0.010503974609662903,1.0,0.010503974609662903,1.4660614923012412,0.009349043211971235,1.4606033774127376,1.0,1.0196188428009292,1.0,0.9357882851790406
2025-12-18,25710.0,0.014721898094126828,1.0,0.014721898094126828,1.4806760752268282,0.013103198223424279,1.473621471353697,1.0,1.0342334257265164,1.0,0.9504028681046276
2025-12-19,26088.5,0.0039385169710792756,1.0,0.0039385169710792756,1.4846068565446238,0.003505469759973448,1.4771208112756824,1.0,1.038164207044312,1.0,0.9543336494224233
2025-12-22,26191.25,0.004247601775402066,1.0,0.004247601775402066,1.4888454627237488,0.003780570119519174,1.4808942530006022,1.0,1.042402813223437,1.0,0.9585722556015484
2025-12-23,26302.5,0.002024522383803795,1.0,0.002024522383803795,1.490867938523882,0.0018019224106247261,1.4826945538966434,1.0,1.0444252890235703,1.0,0.9605947314016817
2025-12-24,26355.75,-0.0003319958642801213,1.0,-0.0003319958642801213,1.4905358875367742,-0.0002954923061690646,1.4823990179240205,1.0,1.0440932380364627,1.0,0.960262680414574
2025-12-26,26347.0,-0.004231980870687324,1.0,-0.004231980870687324,1.4862949264901315,-0.003766666762112554,1.4786252394086397,1.0,1.0398522769898197,1.0,0.9560217193679311
2025-12-29,26235.5,-0.0026109660574412663,1.0,-0.0026109660574412663,1.4836805459160607,-0.0023238855198253324,1.4762986494762171,1.0,1.037237896415749,1.0,0.9534073387938603
2025-12-30,26167.0,-0.009219627775442385,1.0,-0.009219627775442385,1.4744181543252097,-0.00820591268295795,1.4680588829635293,1.0,1.027975504824898,1.0,0.9441449472030093
2025-12-31,25925.75,-0.0015525105348929147,1.0,-0.0015525105348929147,1.4728644373970492,-0.0013818091357915268,1.4666761182491075,1.0,1.0264217878967374,1.0,0.9425912302748488
2026-01-02,25885.5,0.007098568696760843,1.0,0.007098568696760843,1.4799379298553716,0.006318067965255036,1.4729743108947735,1.0,1.03349528035506,1.0,0.9496647227331713
2026-01-05,26069.25,0.009704920548155416,1.0,0.009704920548155416,1.4895960601490006,0.008637846619505904,1.4815750647651038,1.0,1.043153410648689,1.0,0.9593228530268002
2026-01-06,26322.25,0.00017095802980371388,1.0,0.00017095802980371388,1.4897670035671455,0.00015216087885418835,1.4817272140686657,1.0,1.043324354066834,1.0,0.9594937964449453
2026-01-07,26326.75,-0.004700542224163606,1.0,-0.004700542224163606,1.4850553790522265,-0.004183708929853483,1.4775347289420189,1.0,1.038612729551915,1.0,0.9547821719300262
2026-01-08,26203.0,0.008386444300271023,1.0,0.008386444300271023,1.4934068525131254,0.007464339268860806,1.4849713478876532,1.0,1.0469642030128141,1.0,0.9631336453909252
2026-01-09,26422.75,0.00039738482936102493,1.0,0.00039738482936102493,1.4938041584060466,0.0003536916338373809,1.4853249769873493,1.0,1.047361508905735,1.0,0.9635309512838462
2026-01-12,26433.25,-0.0016645701909526744,1.0,-0.0016645701909526744,1.492138201278818,-0.0014815476258158234,1.483842330784653,1.0,1.0456955517785067,1.0,0.9618649941566177
2026-01-13,26389.25,-0.010847219985410717,1.0,-0.010847219985410717,1.4812317212754402,-0.009654548125056568,1.4741408753531209,1.0,1.0347890717751287,1.0,0.95095851415324
2026-01-14,26103.0,0.0036394284181895387,1.0,0.0036394284181895387,1.4848645429989005,0.003239266545563562,1.4773749067770643,1.0,1.038421893498589,1.0,0.9545913358767001
2026-01-15,26198.0,-0.000982899457973918,1.0,-0.000982899457973918,1.4838811601784971,-0.0008748278482287922,1.4764996960436314,1.0,1.0374385106781858,1.0,0.9536079530562969
2026-01-16,26172.25,-0.01081297939611614,1.0,-0.01081297939611614,1.473009295653499,-0.00962407235175987,1.4668290130100892,1.0,1.0265666461531877,1.0,0.9427360885312988
2026-01-19,25889.25,-0.009868961055264247,1.0,-0.009868961055264247,1.4630913136112855,-0.008783850570054614,1.4580063570168023,1.0,1.0166486641109742,1.0,0.9328181064890854
2026-01-20,25633.75,0.01430730969912708,1.0,0.01430730969912708,1.477297239629247,0.012734194587746333,1.4706601535654158,1.0,1.0308545901289357,1.0,0.9470240325070468
2026-01-21,26000.5,0.0046345262591103165,1.0,0.0046345262591103165,1.4819210595380312,0.004124951542017127,1.4747766208183393,1.0,1.03547841003772,1.0,0.951647852415831
2026-01-22,26121.0,0.0019333103633092374,1.0,0.0019333103633092374,1.483852503462077,0.0017207393201524432,1.4764958813627365,1.0,1.0374098539617658,1.0,0.9535792963398769
2026-01-23,26171.5,0.006906367613625619,1.0,0.006906367613625619,1.4907351313596893,0.006146999745995836,1.4826240653733052,1.0,1.0442924818593777,1.0,0.960461924237489
2026-01-26,26352.25,0.009439421681260551,1.0,0.009439421681260551,1.5001302800894227,0.00840153984311232,1.4909905087199433,1.0,1.0536876305891112,1.0,0.9698570729672225
2026-01-27,26601.0,0.005949024472764242,1.0,0.005949024472764242,1.5060616789848802,0.005294918250638478,1.4962714581783207,1.0,1.0596190294845687,1.0,0.9757884718626799
2026-01-28,26759.25,-0.010678550407802856,1.0,-0.010678550407802856,1.4953257036820362,-0.00950442407885503,1.4867215788141077,1.0,1.048883054181725,1.0,0.9650524965598359
2026-01-29,26473.5,-0.012965795984663964,1.0,-0.012965795984663964,1.4822751180570766,-0.011540182782497861,1.4751142913559045,1.0,1.0358324685567653,1.0,0.9520019109348763
2026-01-30,26130.25,0.00895513820189242,1.0,0.00895513820189242,1.4911903967967826,0.007970504226242932,1.4830531988966356,1.0,1.0447477472964712,1.0,0.9609171896745823
2026-02-02,26364.25,-0.017144428534853096,1.0,-0.017144428534853096,1.4738973008854477,-0.015259366970427032,1.4676762096914069,1.0,1.0274546513851364,1.0,0.9436240937632473
2026-02-03,25912.25,-0.011741550810909884,1.0,-0.011741550810909884,1.4620862736910052,-0.01045054562544066,1.457170673658668,1.0,1.0156436241906939,1.0,0.9318130665688047
2026-02-04,25608.0,-0.02701304279912531,1.0,-0.02701304279912531,1.4347016720782815,-0.024042908879799332,1.43283401610699,1.0,0.9882590225779703,0.5,0.9181818442657512
2026-02-05,24916.25,0.02739176240405361,1.0,0.02739176240405361,1.4617249931918284,0.024379987565084634,1.4569215554970827,1.0,1.015282343691517,0.5,0.9317847845306632
2026-02-06,25598.75,0.009912593388349045,1.0,0.009912593388349045,1.4715887791004363,0.008822685447575513,1.4657055484698873,1.0,1.0251461296001252,1.0,0.9416166581227099
2026-02-09,25852.5,-0.00403249202204814,1.0,-0.00403249202204814,1.4675481346586752,-0.0035891120806190906,1.4621099800735815,1.0,1.021105485158364,1.0,0.9375760136809488
2026-02-10,25748.25,0.0008350082044410456,1.0,0.0008350082044410456,1.4683827944377108,0.0007431975110153448,1.4628529015500837,1.0,1.0219401449373997,1.0,0.9384106734599843
2026-02-11,25769.75,-0.017724269734863518,1.0,-0.017724269734863518,1.4504995687815312,-0.015775453560163435,1.4469516911885478,1.0,1.00405691928122,1.0,0.9205274478038048
2026-02-12,25313.0,-0.0019160115355746354,1.0,-0.0019160115355746354,1.4485817193478565,-0.0017053425304592862,1.445244892906243,1.0,1.0021390698475454,1.0,0.9186095983701301
2026-02-13,25264.5,-0.0010390073027370939,0.5,-0.0005521581665974254,1.4480294086858017,-0.000924766531890399,1.4443196985139823,1.0,1.0010995224025472,1.0,0.9175700509251319
2026-02-16,25238.25,0.0008320703693798226,0.5,0.0004160351846899113,1.4484453573518499,0.0007405826963420732,1.4450600071142783,1.0,1.001931246793283,1.0,0.9184017753158676
2026-02-17,25259.25,0.006660926195354078,0.5,0.003330463097677039,1.4517702867404432,0.0059285450647252585,1.4509710475064652,1.0,1.0085700870407461,1.0,0.9250406155633308
2026-02-18,25427.5,-0.003952413725297421,0.5,-0.0019762068626487106,1.4497921246045715,-0.0035178385404131944,1.447447006822355,1.0,1.004609841886144,1.0,0.9210803704087287
2026-02-19,25327.0,0.009535278556481286,0.5,0.004767639278240643,1.4545484346854158,0.008486857077959667,1.4558980530007894,1.0,1.0140999466104041,1.0,0.930570475132989
2026-02-20,25568.5,-0.01139096935682582,0.5,-0.00569548467841291,1.4488366688854595,-0.010138511249373863,1.4457077970060186,1.0,1.0026436032390664,1.0,0.9191141317616514
2026-02-23,25277.25,0.009099091079923571,0.5,0.004549545539961786,1.4533758965257781,0.008098629219610947,1.4537738083165708,1.0,1.0117015470035142,1.0,0.9281720755260991
2026-02-24,25507.25,0.017465622519087676,0.5,0.008732811259543838,1.4620707973390483,0.015545245083200829,1.4691994638509784,1.0,1.029016398545333,1.0,0.945486927067918
2026-02-25,25952.75,-0.01671306508944137,0.5,-0.008356532544720685,1.4536791532321405,-0.014875432732095087,1.454212282276379,1.0,1.0121620942789924,1.0,0.9286326228015773
2026-02-26,25519.0,-0.002948783259532073,0.5,-0.0014743916297660364,1.4522036736174935,-0.00262455909696715,1.4515842729860386,1.0,1.0092089547922838,1.0,0.9256794833148685
2026-02-27,25443.75,0.0016900024563988314,0.5,0.0008450012281994157,1.4530483180331457,0.001504183566730581,1.4530873264018291,1.0,1.010897530801438,1.0,0.9273680593240228
2026-03-02,25486.75,-0.011221517062787512,0.5,-0.005610758531393756,1.447421760070526,-0.009987690547858226,1.443049424261071,1.0,0.9996125775023946,1.0,0.9160831060249793
2026-03-03,25200.75,0.01699354185887314,0.5,0.00849677092943657,1.4558826366227318,0.01512507056299383,1.4580612513931368,1.0,1.016463344360723,1.0,0.9329338728833076
2026-03-04,25629.0,-0.004974833196769279,0.5,-0.0024874165983846397,1.4533921212640084,-0.0044278411037055624,1.453623578367485,1.0,1.011476095486888,1.0,0.9279466240094726
2026-03-05,25501.5,-0.0136952728270886,0.5,-0.0068476364135443,1.4465209322066974,-0.012189452299551571,1.4413592254065664,1.0,0.9976861772879607,1.0,0.9141567058105452
2026-03-06,25152.25,0.011798149270940028,0.5,0.005899074635470014,1.4524026754275274,0.010500920980315001,1.4518053946781944,1.0,1.0094152710168394,1.0,0.9258857995394237
2026-03-09,25449.0,0.002062949428268235,0.5,0.0010314747141341174,1.453433618537145,0.0018361243306175541,1.4536398353931033,1.0,1.011476095486888,1.0,0.9279466240094726
2026-03-10,25501.5,-0.0025488696743328765,0.5,-0.0012744348371664382,1.452158370917269,-0.0022686167486638525,1.451368641434925,1.0,1.0089239719138952,1.0,0.9253945004364795
2026-03-11,25436.5,-0.01482122147308007,0.5,-0.007410610736540035,1.4447201651899695,-0.013191600813519902,1.4380892586105587,1.0,0.9939918186770837,1.0,0.9104623471996682
2026-03-12,25059.5,-0.009307847323370422,0.5,-0.004653923661685211,1.4400553783080574,-0.008284432328746226,1.4297703196616471,1.0,0.984640382653996,1.0,0.9011109111765805
2026-03-13,24826.25,0.013221892150445669,0.5,0.006610946075222834,1.4466445679138662,0.011768120702122188,1.4414697345317053,1.0,0.9977756285048054,1.0,0.9142461570273899
2026-03-16,25154.5,0.0061718579180662925,0.5,0.0030859289590331462,1.449725745167237,0.005493250747299774,1.4469479524048887,1.0,1.0039285185126143,1.0,0.9203990470351986
2026-03-17,25309.75,-0.01664378352216045,0.5,-0.008321891761080225,1.4413690331500804,-0.014813768801024026,1.432023363930971,1.0,0.9871446709198808,1.0,0.903615199442465
2026-03-18,24888.5,0.00043192639170697156,0.5,0.00021596319585348578,1.4415849730292398,0.00038443528764288236,1.4324077253423018,1.0,0.9875765040582353,1.0,0.9040470325808195
2026-03-19,24899.25,-0.016054700442784453,0.5,-0.008027350221392227,1.4335252301642005,-0.014289456493617944,1.4180151914401948,1.0,0.9713915307022984,1.0,0.8878620592248827
2026-03-20,24499.5,0.00745933590481429,0.5,0.003729667952407145,1.437247960150612,0.006639168152840327,1.4246324173813003,1.0,0.9788231833416571,1.0,0.8952937118642413
2026-03-23,24682.25,0.00015193104356359122,0.5,7.596552178179561e-05,1.4373239227871597,0.0001352259448732124,1.4247676341839697,1.0,0.9789751028448685,1.5,0.895488164692826
2026-03-24,24686.0,-0.0014583164546706495,0.5,-0.0007291582273353248,1.4365944985946693,-0.0012979718685632025,1.4234688192202993,1.0,0.9775157220118307,0.5,0.8946918499869055
2026-03-25,24650.0,-0.022139959432048717,0.5,-0.011069979716024358,1.4254627906771498,-0.019705630024191033,1.4035664443248184,1.0,0.9551269950198815,1.0,0.8722688960798403
2026-03-26,24104.25,-0.02355393758362112,0.5,-0.01177696879181056,1.413615924056681,-0.02096413866792602,1.3823794377764393,0.5,0.9432454935841781,1.0,0.848433130268186
2026-03-27,23536.5,-0.0062881057081554115,0.5,-0.0031440528540777057,1.4104669182842127,-0.005596716878285996,1.3767670005960875,0.5,0.9400964878117097,1.0,0.8421251711526909
2026-03-30,23388.5,0.03417277721957368,0.5,0.01708638860978684,1.4274089762954474,0.03041541728451622,1.4067290392788467,0.5,0.9570385458229448,1.0,0.8757270292369883
2026-03-31,24187.75,0.011648458413866525,0.5,0.005824229206933262,1.433216310248931,0.010367688909292115,1.4170433523075068,0.5,0.9628458797764284,1.0,0.8873081666454202
2026-04-01,24469.5,0.001317967265371145,0.5,0.0006589836326855725,1.4338750768472455,0.0011730543316987156,1.418215719148563,0.5,0.9635046463747426,1.0,0.8886252661543012
2026-04-02,24501.75,-0.00366300366300365,0.5,-0.001831501831501825,1.4320418957655845,-0.0032602496486926545,1.4149501433063534,0.5,0.9616714652930817,1.0,0.8849555372653387
2026-04-03,24412.0,0.00901196133049309,0.5,0.004505980665246545,1.4365377548935312,0.008021079546963754,1.4229392249858441,0.5,0.9661673244210284,1.0,0.8939271332052894
2026-04-06,24632.0,0.0020095810328029096,0.5,0.0010047905164014548,1.437542040945834,0.001788623888746731,1.424726251191702,0.5,0.967171610473331,1.0,0.8959346977312326
2026-04-07,24681.5,0.025920223649291918,0.5,0.012960111824645959,1.4504188891534477,0.023070247212732535,1.447534403655796,0.5,0.9800484586809449,1.0,0.9215246867289691
2026-04-08,25321.25,0.008125586217110126,0.5,0.004062793108555063,1.4544734514040651,0.007232163013463185,1.4547405399891238,0.5,0.9841030209315623,1.0,0.9296174381186201
2026-04-09,25527.0,0.003457123829670561,0.5,0.0017285619148352804,1.45620052107513,0.0030770066830695443,1.4578128223757763,0.5,0.9858300906026273,1.0,0.933068599832933
2026-04-10,25615.25,0.00985740916055855,0.5,0.004928704580279275,1.4611171193536174,0.008773568827495531,1.4665481270939456,0.5,0.9907466888811147,1.0,0.9428777416704491
2026-04-13,25867.75,0.015637231688105935,0.5,0.007818615844052967,1.4689053282116686,0.013917889199124784,1.4803700518629341,0.5,0.9985348977391659,1.0,0.9583939716421809
2026-04-14,26272.25,0.014064269333612378,0.5,0.007032134666806189,1.4759128527267311,0.012517876959049861,1.4928102279614732,0.5,1.0055424222542286,1.0,0.9723602567884301
2026-04-15,26641.75,0.0039317987744798,0.5,0.0019658993872399,1.477876822262619,0.0034994902414912507,1.4963036092350233,0.5,1.0075063917901168,1.0,0.9762843462431638
2026-04-16,26746.5,0.014076608154337977,0.5,0.007038304077168989,1.4848904730881067,0.012528859103660367,1.5087546316458127,0.5,1.0145200426156042,1.0,0.990262799006429
2026-04-17,27123.0,-0.0024517936806400797,0.5,-0.0012258968403200399,1.483663824221588,-0.0021822144396708254,1.506570032706587,0.5,1.0132933937490856,1.0,0.9878079947577949
2026-04-20,27056.5,-0.0019588638589618235,0.5,-0.0009794319294809117,1.4826839123352393,-0.0017434831617886535,1.5048250279091426,0.5,1.0123134818627366,1.0,0.9858472098158542
2026-04-21,27003.5,0.014266669135482468,1.0,0.014236117540318878,1.4968196479319542,0.012698022529093144,1.5174431065913656,0.5,1.0194214945477793,1.0,1.000013067722843
2026-04-22,27388.75,-0.005978732143672172,1.0,-0.005978732143672172,1.4908229716112253,-0.0053213595082924866,1.5121075382201699,0.5,1.0164276513965418,1.0,0.994016391402114
2026-04-23,27225.0,0.018273645546372785,1.0,0.018273645546372785,1.508931660637435,0.016264424487100658,1.528241113836567,0.5,1.0255229859268638,1.0,1.0121250804283237
2026-04-24,27722.5,-0.0007845612769411536,1.0,-0.0007845612769411536,1.508146791431225,-0.0006982973163143976,1.527542572597121,0.5,1.0251306283262158,1.0,1.0113402112221137
2026-04-27,27700.75,-0.008194723969567663,1.0,-0.008194723969567663,1.4999183061415473,-0.007293698942416163,1.5202221445840722,0.5,1.0210248491537703,1.0,1.003111725932436
2026-04-28,27473.75,-0.0015560307566313547,1.0,-0.0015560307566313547,1.4983610635117537,-0.0013849423026518236,1.5188362423624389,0.5,1.020246530964419,1.0,1.0015544833026424
2026-04-29,27431.0,0.016395683715504372,1.0,0.016395683715504372,1.5146237893270025,0.014592948026078932,1.533323737992067,0.5,1.0284109530391068,1.0,1.0178172091178912
2026-04-30,27880.75,0.006626435802480124,1.0,0.006626435802480124,1.5212283668124493,0.00589784695421385,1.5392042607306078,0.5,1.0317186943273904,1.0,1.024421786603338
2026-05-01,28065.5,-0.001434145124797337,1.0,-0.001434145124797337,1.519793192317237,-0.0012764582210274852,1.5379269871428571,0.5,1.031001364545491,1.0,1.0229866121081257
2026-05-04,28025.25,0.016565418684935995,1.0,0.016565418684935995,1.5362229011304642,0.014744020322306596,1.552563371102874,0.5,1.0392499604890668,1.0,1.039416320921353
2026-05-05,28489.5,0.017725828814124434,1.0,0.017725828814124434,1.5537934596194445,0.015776841215781698,1.5682170516611282,0.5,1.0480738298028582,1.0,1.0569868794103332
2026-05-06,28994.5,-0.0023538947041680247,1.0,-0.0023538947041680247,1.551436790149945,-0.002095079636374269,1.566119774275236,0.5,1.0468961893043216,1.0,1.0546302099408338
2026-05-07,28926.25,0.023845123374097943,1.0,0.023845123374097943,1.5750020586233424,0.021223308043238055,1.587121004570777,0.5,1.0587482371696995,1.0,1.0781954784142311
2026-05-08,29616.0,0.0022369665045920417,1.0,0.0022369665045920417,1.5772365268433886,0.0019910079081802362,1.5891100330496495,0.5,1.059866095385621,1.0,1.0804299466342773
2026-05-11,29682.25,-0.008953162243428348,1.0,-0.008953162243428348,1.5682430441990671,-0.00796874552805942,1.5811093673801988,0.5,1.0553794643706464,1.0,1.0714364639899558
2026-05-12,29416.5,0.013657301174510916,1.0,0.013657301174510916,1.5818079249607253,0.01215565570026694,1.5931917363984314,0.5,1.0621849053238925,1.0,1.085001344751614
2026-05-13,29818.25,0.005114317573968963,1.0,0.005114317573968963,1.5869092088326766,0.004551988916156966,1.5977333963460807,0.5,1.0647388001434839,1.0,1.0901026286235653
2026-05-14,29970.75,-0.017200103434181657,1.0,-0.017200103434181657,1.569559465253173,-0.015308920311803738,1.5823060846634924,0.5,1.056101554582103,1.0,1.0727528850440617
2026-05-15,29455.25,-0.0032931311056603185,1.0,-0.0032931311056603185,1.5662608998574403,-0.0029310452617795292,1.5793707354764925,0.5,1.0544536319503288,1.0,1.069454319648329
2026-05-18,29358.25,-0.006020454216446813,1.0,-0.006020454216446813,1.560222249637612,-0.0053584941621504945,1.5739978330905273,0.5,1.0514388649955486,1.0,1.0634156694285006
2026-05-19,29181.5,0.012996247622637735,1.0,0.012996247622637735,1.5731347706748275,0.011567286206665528,1.585498729716472,0.5,1.0579159670193086,1.0,1.0763281904657163
2026-05-20,29560.75,0.005987669460348677,1.0,0.005987669460348677,1.579104585279592,0.0053293141505029555,1.590813893325175,0.5,1.0609053291508777,1.0,1.0822980050704807
2026-05-21,29737.75,0.002194180797134848,1.0,0.002194180797134848,1.5812963623774998,0.0019529265682363937,1.59276491541146,0.5,1.062001818185567,1.0,1.0844897821683885
2026-05-22,29803.0,0.014822333322148884,1.0,0.014822333322148884,1.5960099184878536,0.01319259041273123,1.605871241475159,0.5,1.0693856570883233,1.0,1.0992033382787423
2026-05-25,30244.75,0.0027029484455980413,1.0,0.0027029484455980413,1.5987092205375042,0.002405754274613345,1.6082741065558235,1.0,1.0720577548373844,1.0,1.101902640328393
2026-05-26,30326.5,0.002670931363658813,1.0,0.002670931363658813,1.6013765913026554,0.002377257529933887,1.6106485428793471,1.0,1.0747251256025354,1.0,1.1045700110935441
2026-05-27,30407.5,0.006174463536956276,1.0,0.006174463536956276,1.6075320709431355,0.0054955698735830736,1.616129067206211,1.0,1.0808806052430155,1.0,1.1107254907340243
2026-05-28,30595.25,0.002500388132144593,1.0,0.002500388132144593,1.610029338305882,0.002225465841531584,1.6183520603665356,1.0,1.0833778726057617,1.0,1.1132227580967706
