dir,entry_i,exit_i,entry_time,exit_time,entry_px,exit_px,pnl,exit_kind,hold_min
1,218,763,2023-01-02T21:39:00,2023-01-03T06:44:00,14147.75,14261.5,2270.64,flip,545.0
1,821,850,2023-01-03T07:42:00,2023-01-03T08:11:00,14250.5,14212.75,-759.36,flip,29.0
1,863,932,2023-01-03T08:24:00,2023-01-03T09:33:00,14258.75,14237.5,-429.36,flip,69.0
1,940,946,2023-01-03T09:41:00,2023-01-03T09:47:00,14296.25,14259.5,-739.36,flip,6.0
1,1007,1030,2023-01-03T10:48:00,2023-01-03T11:11:00,14106.75,14066.5,-809.36,flip,23.0
1,1116,1127,2023-01-03T12:37:00,2023-01-03T12:48:00,14050.0,13998.25,-1039.36,flip,11.0
1,1167,1323,2023-01-03T13:28:00,2023-01-03T16:04:00,14045.25,14068.25,455.64,flip,156.0
1,1513,1990,2023-01-03T20:14:00,2023-01-04T04:11:00,14115.5,14149.5,675.64,flip,477.0
1,2137,2207,2023-01-04T06:38:00,2023-01-04T07:48:00,14169.0,14126.75,-849.36,flip,70.0
1,2240,2312,2023-01-04T08:21:00,2023-01-04T09:33:00,14171.5,14144.5,-544.36,flip,72.0
1,2317,2325,2023-01-04T09:38:00,2023-01-04T09:46:00,14159.75,14116.75,-864.36,flip,8.0
1,2358,2518,2023-01-04T10:19:00,2023-01-04T12:59:00,14066.0,14159.5,1865.64,flip,160.0
1,2544,2583,2023-01-04T13:25:00,2023-01-04T14:04:00,14177.0,14121.5,-1114.36,flip,39.0
1,2586,2590,2023-01-04T14:07:00,2023-01-04T14:11:00,14162.0,14110.0,-1044.36,flip,4.0
1,2597,2604,2023-01-04T14:18:00,2023-01-04T14:25:00,14161.0,14115.0,-924.36,flip,7.0
1,2628,2663,2023-01-04T14:49:00,2023-01-04T15:24:00,14101.75,14111.75,195.64,flip,35.0
1,2696,2759,2023-01-04T15:57:00,2023-01-04T17:00:00,14124.0,14129.75,110.64,session_close,63.0
-1,2946,3095,2023-01-04T21:07:00,2023-01-04T23:36:00,14100.5,14127.5,-544.36,flip,149.0
-1,3291,3384,2023-01-05T02:52:00,2023-01-05T04:25:00,14092.5,14126.0,-674.36,flip,93.0
-1,3608,3718,2023-01-05T08:09:00,2023-01-05T09:59:00,14141.25,14025.5,2310.64,flip,110.0
-1,3744,3826,2023-01-05T10:25:00,2023-01-05T11:47:00,14000.5,14029.0,-574.36,flip,82.0
-1,3860,3923,2023-01-05T12:21:00,2023-01-05T13:24:00,13984.75,14026.0,-829.36,flip,63.0
-1,3975,4139,2023-01-05T14:16:00,2023-01-05T17:00:00,14008.25,13983.25,495.64,session_close,164.0
1,4232,4644,2023-01-05T19:33:00,2023-01-06T02:25:00,13997.0,13982.25,-299.36,flip,412.0
1,5011,5047,2023-01-06T08:32:00,2023-01-06T09:08:00,14002.25,14063.0,1210.64,flip,36.0
1,5074,5078,2023-01-06T09:35:00,2023-01-06T09:39:00,14066.5,14008.75,-1159.36,flip,4.0
1,5095,5105,2023-01-06T09:56:00,2023-01-06T10:06:00,13975.25,13981.0,110.64,flip,10.0
1,5109,5451,2023-01-06T10:10:00,2023-01-06T15:52:00,14050.0,14264.25,4280.64,flip,342.0
-1,5455,5519,2023-01-06T15:56:00,2023-01-06T17:00:00,14260.75,14254.75,115.64,session_close,64.0
1,5521,6039,2023-01-08T18:02:00,2023-01-09T02:42:00,14287.75,14277.0,-219.36,flip,520.0
1,6144,6643,2023-01-09T04:27:00,2023-01-09T12:46:00,14319.5,14478.25,3170.64,flip,499.0
1,7380,7652,2023-01-10T02:03:00,2023-01-10T06:35:00,14320.25,14305.5,-299.36,flip,272.0
1,7799,7841,2023-01-10T09:02:00,2023-01-10T09:44:00,14295.5,14332.25,730.64,flip,42.0
1,7852,7880,2023-01-10T09:55:00,2023-01-10T10:23:00,14364.75,14383.75,375.64,flip,28.0
1,7910,7979,2023-01-10T10:53:00,2023-01-10T12:02:00,14330.0,14304.5,-514.36,flip,69.0
1,7991,8277,2023-01-10T12:14:00,2023-01-10T17:00:00,14358.5,14427.25,1370.64,session_close,286.0
-1,8761,8886,2023-01-11T02:04:00,2023-01-11T04:09:00,14398.75,14436.0,-749.36,flip,125.0
-1,9275,9314,2023-01-11T10:38:00,2023-01-11T11:17:00,14482.0,14511.25,-589.36,flip,39.0
-1,10528,10532,2023-01-12T08:31:00,2023-01-12T08:35:00,14551.25,14569.0,-359.36,flip,4.0
-1,10538,10548,2023-01-12T08:41:00,2023-01-12T08:51:00,14586.75,14622.0,-709.36,flip,10.0
-1,10569,10589,2023-01-12T09:12:00,2023-01-12T09:32:00,14656.75,14660.25,-74.36,flip,20.0
-1,10591,10619,2023-01-12T09:34:00,2023-01-12T10:02:00,14604.25,14527.25,1535.64,flip,28.0
-1,10650,10656,2023-01-12T10:33:00,2023-01-12T10:39:00,14588.75,14640.25,-1034.36,flip,6.0
-1,10663,10677,2023-01-12T10:46:00,2023-01-12T11:00:00,14580.25,14610.5,-609.36,flip,14.0
-1,10679,10693,2023-01-12T11:02:00,2023-01-12T11:16:00,14553.0,14596.0,-864.36,flip,14.0
-1,10826,10836,2023-01-12T13:29:00,2023-01-12T13:39:00,14641.25,14665.5,-489.36,flip,10.0
-1,10911,11037,2023-01-12T14:54:00,2023-01-12T17:00:00,14665.75,14667.5,-39.36,session_close,126.0
1,11114,11193,2023-01-12T19:17:00,2023-01-12T20:36:00,14678.5,14636.0,-854.36,flip,79.0
1,11565,11790,2023-01-13T02:48:00,2023-01-13T06:33:00,14668.75,14628.5,-809.36,flip,225.0
1,11970,12071,2023-01-13T09:33:00,2023-01-13T11:14:00,14593.25,14635.0,830.64,flip,101.0
-1,12072,12132,2023-01-13T11:15:00,2023-01-13T12:15:00,14631.0,14653.0,-444.36,flip,60.0
-1,12869,13152,2023-01-16T01:33:00,2023-01-16T06:16:00,14732.0,14704.5,545.64,flip,283.0
1,13157,13550,2023-01-16T06:21:00,2023-01-16T12:54:00,14704.0,14708.5,85.64,flip,393.0
1,14357,14498,2023-01-17T07:21:00,2023-01-17T09:42:00,14726.25,14707.75,-374.36,flip,141.0
1,14511,14550,2023-01-17T09:55:00,2023-01-17T10:34:00,14762.0,14781.0,375.64,flip,39.0
1,14611,14936,2023-01-17T11:35:00,2023-01-17T17:00:00,14751.25,14769.25,355.64,session_close,325.0
-1,14940,15158,2023-01-17T18:04:00,2023-01-17T21:42:00,14747.25,14783.5,-729.36,flip,218.0
-1,15215,15492,2023-01-17T22:39:00,2023-01-18T03:16:00,14770.0,14806.25,-729.36,flip,277.0
1,15761,15811,2023-01-18T07:45:00,2023-01-18T08:35:00,14806.0,14801.25,-99.36,flip,50.0
1,15832,15916,2023-01-18T08:56:00,2023-01-18T10:20:00,14839.25,14841.75,45.64,flip,84.0
1,16130,16237,2023-01-18T13:54:00,2023-01-18T15:41:00,14681.75,14642.0,-799.36,flip,107.0
1,16872,16917,2023-01-19T03:16:00,2023-01-19T04:01:00,14625.5,14585.75,-799.36,flip,45.0
1,17219,17262,2023-01-19T09:03:00,2023-01-19T09:46:00,14544.5,14533.25,-229.36,flip,43.0
1,17275,17310,2023-01-19T09:59:00,2023-01-19T10:34:00,14550.75,14507.25,-874.36,flip,35.0
1,17348,17366,2023-01-19T11:12:00,2023-01-19T11:30:00,14524.25,14476.25,-964.36,flip,18.0
1,17412,17610,2023-01-19T12:16:00,2023-01-19T15:34:00,14502.5,14545.5,855.64,flip,198.0
1,17639,17696,2023-01-19T16:03:00,2023-01-19T17:00:00,14555.0,14539.5,-314.36,session_close,57.0
-1,18262,18489,2023-01-20T03:26:00,2023-01-20T07:13:00,14531.75,14560.75,-584.36,flip,227.0
-1,18630,18641,2023-01-20T09:34:00,2023-01-20T09:45:00,14544.75,14584.5,-799.36,flip,11.0
-1,19677,19900,2023-01-23T04:02:00,2023-01-23T07:45:00,14802.75,14846.0,-869.36,flip,223.0
-1,20289,20350,2023-01-23T14:14:00,2023-01-23T15:15:00,15079.5,15055.0,485.64,flip,61.0
1,20354,20455,2023-01-23T15:19:00,2023-01-23T17:00:00,15059.25,15081.5,440.64,session_close,101.0
-1,21126,21398,2023-01-24T05:11:00,2023-01-24T09:43:00,15042.75,15030.0,250.64,flip,272.0
-1,21416,21428,2023-01-24T10:01:00,2023-01-24T10:13:00,15030.0,15033.0,-64.36,flip,12.0
-1,21453,21471,2023-01-24T10:38:00,2023-01-24T10:56:00,15012.75,15067.75,-1104.36,flip,18.0
-1,21584,21637,2023-01-24T12:49:00,2023-01-24T13:42:00,15038.25,15074.75,-734.36,flip,53.0
-1,21750,21772,2023-01-24T15:35:00,2023-01-24T15:57:00,15031.75,15054.0,-449.36,flip,22.0
-1,21840,22339,2023-01-24T18:05:00,2023-01-25T02:24:00,15097.25,14992.25,2095.64,flip,499.0
-1,22484,22777,2023-01-25T04:49:00,2023-01-25T09:42:00,14956.0,14858.75,1940.64,flip,293.0
-1,22790,22852,2023-01-25T09:55:00,2023-01-25T10:57:00,14803.5,14798.0,105.64,flip,62.0
-1,22944,22987,2023-01-25T12:29:00,2023-01-25T13:12:00,14885.75,14925.25,-794.36,flip,43.0
-1,23133,23165,2023-01-25T15:38:00,2023-01-25T16:10:00,15000.0,15054.5,-1094.36,flip,32.0
-1,23168,23215,2023-01-25T16:13:00,2023-01-25T17:00:00,15003.25,15019.5,-329.36,session_close,47.0
1,23237,24087,2023-01-25T18:22:00,2023-01-26T08:32:00,15049.75,15098.75,975.64,flip,850.0
1,24095,24160,2023-01-26T08:40:00,2023-01-26T09:45:00,15148.5,15163.5,295.64,flip,65.0
1,24180,24215,2023-01-26T10:05:00,2023-01-26T10:40:00,15141.25,15133.75,-154.36,flip,35.0
1,24253,24261,2023-01-26T11:18:00,2023-01-26T11:26:00,15112.25,15051.5,-1219.36,flip,8.0
1,24267,24574,2023-01-26T11:32:00,2023-01-26T16:39:00,15097.0,15205.5,2165.64,flip,307.0
1,25383,25579,2023-01-27T07:08:00,2023-01-27T10:24:00,15209.25,15292.0,1650.64,flip,196.0
1,25635,25907,2023-01-27T11:20:00,2023-01-27T15:52:00,15292.25,15400.75,2165.64,flip,272.0
1,26815,26931,2023-01-30T08:00:00,2023-01-30T09:56:00,15233.75,15228.5,-109.36,flip,116.0
-1,26953,27006,2023-01-30T10:18:00,2023-01-30T11:11:00,15225.75,15177.75,955.64,flip,53.0
-1,27104,27135,2023-01-30T12:49:00,2023-01-30T13:20:00,15164.25,15198.5,-689.36,flip,31.0
-1,27158,27355,2023-01-30T13:43:00,2023-01-30T17:00:00,15152.5,15134.75,350.64,session_close,197.0
1,27886,27938,2023-01-31T02:51:00,2023-01-31T03:43:00,15118.0,15080.25,-759.36,flip,52.0
1,28137,28316,2023-01-31T07:02:00,2023-01-31T10:01:00,15066.75,15142.5,1510.64,flip,179.0
1,28330,28646,2023-01-31T10:15:00,2023-01-31T15:31:00,15172.75,15222.75,995.64,flip,316.0
1,28671,28735,2023-01-31T15:56:00,2023-01-31T17:00:00,15281.0,15265.25,-319.36,session_close,64.0
-1,28748,29274,2023-01-31T18:13:00,2023-02-01T02:59:00,15254.0,15275.25,-429.36,flip,526.0
-1,29671,29692,2023-02-01T09:36:00,2023-02-01T09:57:00,15258.0,15298.25,-809.36,flip,21.0
-1,29747,29778,2023-02-01T10:52:00,2023-02-01T11:23:00,15250.75,15272.75,-444.36,flip,31.0
1,29779,29937,2023-02-01T11:24:00,2023-02-01T14:02:00,15277.75,15244.75,-664.36,flip,158.0
1,29942,29954,2023-02-01T14:07:00,2023-02-01T14:19:00,15282.75,15292.75,195.64,flip,12.0
1,29973,29994,2023-02-01T14:38:00,2023-02-01T14:59:00,15273.5,15477.75,4080.64,flip,21.0
1,29999,30012,2023-02-01T15:04:00,2023-02-01T15:17:00,15520.25,15541.75,425.64,flip,13.0
1,30016,30045,2023-02-01T15:21:00,2023-02-01T15:50:00,15560.0,15592.75,650.64,flip,29.0
1,30062,30115,2023-02-01T16:07:00,2023-02-01T17:00:00,15624.25,15651.25,535.64,session_close,53.0
-1,30275,30682,2023-02-01T20:40:00,2023-02-02T03:27:00,15656.5,15694.25,-759.36,flip,407.0
-1,30845,30952,2023-02-02T06:10:00,2023-02-02T07:57:00,15705.25,15753.5,-969.36,flip,107.0
-1,31053,31057,2023-02-02T09:38:00,2023-02-02T09:42:00,15820.5,15868.5,-964.36,flip,4.0
-1,31073,31094,2023-02-02T09:58:00,2023-02-02T10:19:00,15832.75,15858.0,-509.36,flip,21.0
-1,31156,31171,2023-02-02T11:21:00,2023-02-02T11:36:00,15929.25,15976.25,-944.36,flip,15.0
-1,31202,31225,2023-02-02T12:07:00,2023-02-02T12:30:00,15924.0,15965.0,-824.36,flip,23.0
-1,31327,31389,2023-02-02T14:12:00,2023-02-02T15:14:00,16019.5,15893.5,2515.64,flip,62.0
-1,31418,31429,2023-02-02T15:43:00,2023-02-02T15:54:00,15911.25,15960.25,-984.36,flip,11.0
-1,31440,31461,2023-02-02T16:05:00,2023-02-02T16:26:00,15981.25,15861.0,2400.64,flip,21.0
-1,31467,31486,2023-02-02T16:32:00,2023-02-02T16:51:00,15783.5,15828.75,-909.36,flip,19.0
-1,31511,31876,2023-02-02T18:16:00,2023-02-03T00:21:00,15840.75,15813.75,535.64,flip,365.0
-1,32006,32111,2023-02-03T02:31:00,2023-02-03T04:16:00,15775.0,15775.5,-14.36,flip,105.0
-1,32367,32428,2023-02-03T08:32:00,2023-02-03T09:33:00,15783.75,15753.75,595.64,flip,61.0
-1,32458,32469,2023-02-03T10:03:00,2023-02-03T10:14:00,15842.0,15875.25,-669.36,flip,11.0
-1,32486,32493,2023-02-03T10:31:00,2023-02-03T10:38:00,15922.25,15976.0,-1079.36,flip,7.0
-1,32513,32520,2023-02-03T10:58:00,2023-02-03T11:05:00,15946.0,15979.75,-679.36,flip,7.0
-1,32566,32587,2023-02-03T11:51:00,2023-02-03T12:12:00,15944.25,15966.0,-439.36,flip,21.0
-1,32630,32687,2023-02-03T12:55:00,2023-02-03T13:52:00,15933.75,15819.75,2275.64,flip,57.0
-1,32714,32736,2023-02-03T14:19:00,2023-02-03T14:41:00,15784.0,15818.0,-684.36,flip,22.0
-1,32753,32774,2023-02-03T14:58:00,2023-02-03T15:19:00,15766.0,15793.75,-559.36,flip,21.0
-1,32803,32875,2023-02-03T15:48:00,2023-02-03T17:00:00,15751.75,15762.5,-219.36,session_close,72.0
1,32922,33253,2023-02-05T18:47:00,2023-02-06T00:18:00,15749.0,15704.0,-904.36,flip,331.0
1,33657,33754,2023-02-06T07:02:00,2023-02-06T08:39:00,15650.0,15635.75,-289.36,flip,97.0
1,33808,33830,2023-02-06T09:33:00,2023-02-06T09:55:00,15686.0,15663.75,-449.36,flip,22.0
1,33838,33852,2023-02-06T10:03:00,2023-02-06T10:17:00,15710.25,15666.25,-884.36,flip,14.0
1,33883,33945,2023-02-06T10:48:00,2023-02-06T11:50:00,15652.75,15706.0,1060.64,flip,62.0
1,34080,34117,2023-02-06T14:05:00,2023-02-06T14:42:00,15701.5,15669.75,-639.36,flip,37.0
-1,34118,34255,2023-02-06T14:43:00,2023-02-06T17:00:00,15661.25,15659.0,40.64,session_close,137.0
1,34301,34801,2023-02-06T18:46:00,2023-02-07T03:07:00,15675.25,15648.75,-534.36,flip,501.0
1,34857,34998,2023-02-07T04:03:00,2023-02-07T06:24:00,15673.75,15671.75,-44.36,flip,141.0
1,35206,35216,2023-02-07T09:52:00,2023-02-07T10:02:00,15686.5,15632.5,-1084.36,flip,10.0
1,35260,35359,2023-02-07T10:46:00,2023-02-07T12:25:00,15676.75,15685.25,165.64,flip,99.0
1,35377,35378,2023-02-07T12:43:00,2023-02-07T12:44:00,15759.5,15699.75,-1199.36,flip,1.0
1,35380,35398,2023-02-07T12:46:00,2023-02-07T13:04:00,15757.5,15863.75,2120.64,flip,18.0
1,35433,35441,2023-02-07T13:39:00,2023-02-07T13:47:00,15660.5,15637.25,-469.36,flip,8.0
1,35451,35524,2023-02-07T13:57:00,2023-02-07T15:10:00,15664.25,15816.75,3045.64,flip,73.0
1,35536,35573,2023-02-07T15:22:00,2023-02-07T15:59:00,15860.0,15918.5,1165.64,flip,37.0
-1,35576,35634,2023-02-07T16:02:00,2023-02-07T17:00:00,15904.5,15886.0,365.64,session_close,58.0
1,35645,36126,2023-02-07T18:11:00,2023-02-08T02:12:00,15919.75,15901.75,-364.36,flip,481.0
1,36245,36468,2023-02-08T04:11:00,2023-02-08T07:54:00,15914.25,15875.0,-789.36,flip,223.0
1,36611,36621,2023-02-08T10:17:00,2023-02-08T10:27:00,15857.5,15823.25,-689.36,flip,10.0
1,36713,36755,2023-02-08T11:59:00,2023-02-08T12:41:00,15719.75,15696.75,-464.36,flip,42.0
1,36777,36804,2023-02-08T13:03:00,2023-02-08T13:30:00,15744.0,15719.0,-504.36,flip,27.0
1,36851,36878,2023-02-08T14:17:00,2023-02-08T14:44:00,15738.75,15690.75,-964.36,flip,27.0
1,36939,37014,2023-02-08T15:45:00,2023-02-08T17:00:00,15706.75,15705.0,-39.36,session_close,75.0
-1,37807,37906,2023-02-09T07:13:00,2023-02-09T08:52:00,15819.25,15853.0,-679.36,flip,99.0
1,37907,37951,2023-02-09T08:53:00,2023-02-09T09:37:00,15854.25,15821.25,-664.36,flip,44.0
1,37966,38002,2023-02-09T09:52:00,2023-02-09T10:28:00,15835.0,15795.75,-789.36,flip,36.0
1,38115,38128,2023-02-09T12:21:00,2023-02-09T12:34:00,15755.5,15709.75,-919.36,flip,13.0
1,38188,38212,2023-02-09T13:34:00,2023-02-09T13:58:00,15698.0,15648.0,-1004.36,flip,24.0
1,38321,38394,2023-02-09T15:47:00,2023-02-09T17:00:00,15575.0,15595.75,410.64,session_close,73.0
-1,38485,38950,2023-02-09T19:31:00,2023-02-10T03:16:00,15551.0,15577.0,-524.36,flip,465.0
-1,39011,39246,2023-02-10T04:17:00,2023-02-10T08:12:00,15543.0,15463.5,1585.64,flip,235.0
-1,39336,39345,2023-02-10T09:42:00,2023-02-10T09:51:00,15468.25,15516.0,-959.36,flip,9.0
-1,39356,39364,2023-02-10T10:02:00,2023-02-10T10:10:00,15459.25,15485.75,-534.36,flip,8.0
-1,39396,39439,2023-02-10T10:42:00,2023-02-10T11:25:00,15511.5,15504.25,140.64,flip,43.0
1,39531,39578,2023-02-10T12:57:00,2023-02-10T13:44:00,15443.0,15460.5,345.64,flip,47.0
1,39656,39774,2023-02-10T15:02:00,2023-02-10T17:00:00,15479.75,15488.0,160.64,session_close,118.0
-1,39783,40038,2023-02-12T18:09:00,2023-02-12T22:24:00,15457.25,15459.75,-54.36,flip,255.0
-1,40665,40716,2023-02-13T08:51:00,2023-02-13T09:42:00,15533.25,15551.75,-374.36,flip,51.0
-1,40748,40773,2023-02-13T10:14:00,2023-02-13T10:39:00,15567.0,15612.5,-914.36,flip,25.0
-1,41009,41067,2023-02-13T14:35:00,2023-02-13T15:33:00,15652.75,15681.5,-579.36,flip,58.0
-1,42026,42027,2023-02-14T08:32:00,2023-02-14T08:33:00,15628.5,15679.75,-1029.36,flip,1.0
-1,42032,42039,2023-02-14T08:38:00,2023-02-14T08:45:00,15742.5,15686.5,1115.64,flip,7.0
-1,42050,42090,2023-02-14T08:56:00,2023-02-14T09:36:00,15673.75,15592.75,1615.64,flip,40.0
-1,42144,42176,2023-02-14T10:30:00,2023-02-14T11:02:00,15753.25,15663.25,1795.64,flip,32.0
-1,42202,42235,2023-02-14T11:28:00,2023-02-14T12:01:00,15638.0,15612.5,505.64,flip,33.0
-1,42340,42374,2023-02-14T13:46:00,2023-02-14T14:20:00,15704.75,15738.75,-684.36,flip,34.0
-1,42480,42534,2023-02-14T16:06:00,2023-02-14T17:00:00,15756.5,15764.0,-154.36,session_close,54.0
1,43126,43382,2023-02-15T03:52:00,2023-02-15T08:08:00,15726.75,15717.75,-184.36,flip,256.0
1,43423,43443,2023-02-15T08:49:00,2023-02-15T09:09:00,15742.0,15712.25,-599.36,flip,20.0
1,43468,43489,2023-02-15T09:34:00,2023-02-15T09:55:00,15738.75,15709.75,-584.36,flip,21.0
1,43514,43622,2023-02-15T10:20:00,2023-02-15T12:08:00,15739.5,15764.25,490.64,flip,108.0
1,43702,43819,2023-02-15T13:28:00,2023-02-15T15:25:00,15807.0,15816.0,175.64,flip,117.0
1,43853,43914,2023-02-15T15:59:00,2023-02-15T17:00:00,15862.0,15893.5,625.64,session_close,61.0
-1,44466,44855,2023-02-16T03:12:00,2023-02-16T09:41:00,15888.75,15695.75,3855.64,flip,389.0
-1,45014,45024,2023-02-16T12:20:00,2023-02-16T12:30:00,15760.75,15800.5,-799.36,flip,10.0
-1,45059,45116,2023-02-16T13:05:00,2023-02-16T14:02:00,15787.25,15819.0,-639.36,flip,57.0
-1,45180,45294,2023-02-16T15:06:00,2023-02-16T17:00:00,15769.75,15612.25,3145.64,session_close,114.0
1,45923,46012,2023-02-17T04:29:00,2023-02-17T05:58:00,15533.25,15507.25,-524.36,flip,89.0
1,46117,46235,2023-02-17T07:43:00,2023-02-17T09:41:00,15536.75,15508.25,-574.36,flip,118.0
1,46259,46299,2023-02-17T10:05:00,2023-02-17T10:45:00,15500.0,15488.25,-239.36,flip,40.0
1,46363,46414,2023-02-17T11:49:00,2023-02-17T12:40:00,15470.25,15448.0,-449.36,flip,51.0
1,46447,46674,2023-02-17T13:13:00,2023-02-17T17:00:00,15459.75,15530.25,1405.64,session_close,227.0
-1,46679,46951,2023-02-19T18:05:00,2023-02-19T22:37:00,15504.5,15541.5,-744.36,flip,272.0
-1,47310,47442,2023-02-20T04:36:00,2023-02-20T06:48:00,15504.25,15549.0,-899.36,flip,132.0
-1,47814,47814,2023-02-20T13:00:00,2023-02-20T13:00:00,15513.75,15512.75,15.64,session_close,0.0
1,48457,48535,2023-02-21T04:44:00,2023-02-21T06:02:00,15423.25,15408.0,-309.36,flip,78.0
1,48756,48765,2023-02-21T09:43:00,2023-02-21T09:52:00,15424.0,15387.5,-734.36,flip,9.0
1,49428,49765,2023-02-21T21:55:00,2023-02-22T03:32:00,15287.5,15240.0,-954.36,flip,337.0
1,49800,49948,2023-02-22T04:07:00,2023-02-22T06:35:00,15261.25,15221.75,-794.36,flip,148.0
-1,49951,49981,2023-02-22T06:38:00,2023-02-22T07:08:00,15219.25,15259.25,-804.36,flip,30.0
-1,50155,50200,2023-02-22T10:02:00,2023-02-22T10:47:00,15261.25,15229.0,640.64,flip,45.0
-1,50396,50399,2023-02-22T14:03:00,2023-02-22T14:06:00,15256.5,15305.5,-984.36,flip,3.0
-1,50406,50415,2023-02-22T14:13:00,2023-02-22T14:22:00,15277.0,15299.0,-444.36,flip,9.0
-1,50427,50514,2023-02-22T14:34:00,2023-02-22T16:01:00,15229.5,15249.0,-394.36,flip,87.0
-1,51197,51346,2023-02-23T04:25:00,2023-02-23T06:54:00,15308.75,15353.25,-894.36,flip,149.0
-1,51511,51689,2023-02-23T09:39:00,2023-02-23T12:37:00,15359.5,15221.0,2765.64,flip,178.0
-1,51897,51952,2023-02-23T16:05:00,2023-02-23T17:00:00,15344.0,15339.0,95.64,session_close,55.0
1,52892,52898,2023-02-24T09:40:00,2023-02-24T09:46:00,15173.25,15131.25,-844.36,flip,6.0
1,53001,53042,2023-02-24T11:29:00,2023-02-24T12:10:00,15124.0,15117.0,-144.36,flip,41.0
1,53160,53248,2023-02-24T14:08:00,2023-02-24T15:36:00,15124.75,15110.25,-294.36,flip,88.0
1,53270,53332,2023-02-24T15:58:00,2023-02-24T17:00:00,15141.0,15145.75,90.64,session_close,62.0
-1,54330,54464,2023-02-27T10:38:00,2023-02-27T12:52:00,15263.5,15260.0,65.64,flip,134.0
-1,54577,54712,2023-02-27T14:45:00,2023-02-27T17:00:00,15241.5,15241.5,-4.36,session_close,135.0
1,54819,55199,2023-02-27T19:47:00,2023-02-28T02:08:00,15257.0,15227.75,-589.36,flip,381.0
1,55385,55586,2023-02-28T05:14:00,2023-02-28T08:35:00,15226.25,15242.75,325.64,flip,201.0
1,55659,55702,2023-02-28T09:48:00,2023-02-28T10:31:00,15253.25,15216.5,-739.36,flip,43.0
1,55738,55973,2023-02-28T11:07:00,2023-02-28T15:02:00,15244.75,15268.25,465.64,flip,235.0
1,56266,56955,2023-02-28T20:55:00,2023-03-01T08:24:00,15183.5,15236.25,1050.64,flip,689.0
1,57040,57057,2023-03-01T09:49:00,2023-03-01T10:06:00,15205.5,15164.5,-824.36,flip,17.0
1,57091,57116,2023-03-01T10:40:00,2023-03-01T11:05:00,15155.5,15132.75,-459.36,flip,25.0
1,57154,57239,2023-03-01T11:43:00,2023-03-01T13:08:00,15126.25,15134.75,165.64,flip,85.0
1,57433,57471,2023-03-01T16:22:00,2023-03-01T17:00:00,15132.0,15131.25,-19.36,session_close,38.0
-1,57591,57682,2023-03-01T20:00:00,2023-03-01T21:31:00,15092.75,15053.75,775.64,flip,91.0
-1,57968,58065,2023-03-02T02:17:00,2023-03-02T03:54:00,15015.0,15028.5,-274.36,flip,97.0
-1,58140,58193,2023-03-02T05:09:00,2023-03-02T06:02:00,14991.25,15033.0,-839.36,flip,53.0
1,58194,58343,2023-03-02T06:03:00,2023-03-02T08:32:00,15041.0,15003.5,-754.36,flip,149.0
1,58423,58529,2023-03-02T09:52:00,2023-03-02T11:38:00,15032.0,15031.0,-24.36,flip,106.0
1,58584,58851,2023-03-02T12:33:00,2023-03-02T17:00:00,15077.75,15198.25,2405.64,session_close,267.0
-1,58853,59428,2023-03-02T18:02:00,2023-03-03T03:37:00,15186.75,15207.75,-424.36,flip,575.0
-1,59818,59827,2023-03-03T10:07:00,2023-03-03T10:16:00,15296.5,15340.75,-889.36,flip,9.0
-1,59871,59930,2023-03-03T11:00:00,2023-03-03T11:59:00,15327.75,15369.0,-829.36,flip,59.0
-1,60243,60450,2023-03-05T18:12:00,2023-03-05T21:39:00,15425.25,15480.5,-1109.36,flip,207.0
-1,60718,61086,2023-03-06T02:07:00,2023-03-06T08:15:00,15477.25,15491.5,-289.36,flip,368.0
-1,61347,61611,2023-03-06T12:36:00,2023-03-06T17:00:00,15581.25,15467.25,2275.64,session_close,264.0
1,61792,62514,2023-03-06T21:01:00,2023-03-07T09:04:00,15507.0,15477.75,-589.36,flip,723.0
1,62594,62616,2023-03-07T10:24:00,2023-03-07T10:46:00,15391.25,15394.25,55.64,flip,22.0
1,62676,62751,2023-03-07T11:46:00,2023-03-07T13:01:00,15401.25,15405.75,85.64,flip,75.0
1,63564,63796,2023-03-08T03:34:00,2023-03-08T07:26:00,15333.25,15308.75,-494.36,flip,232.0
1,63922,63936,2023-03-08T09:32:00,2023-03-08T09:46:00,15353.0,15303.75,-989.36,flip,14.0
1,63961,63973,2023-03-08T10:11:00,2023-03-08T10:23:00,15314.0,15287.75,-529.36,flip,12.0
-1,64044,64056,2023-03-08T11:34:00,2023-03-08T11:46:00,15328.5,15362.5,-684.36,flip,12.0
-1,64084,64213,2023-03-08T12:14:00,2023-03-08T14:23:00,15349.75,15335.0,290.64,flip,129.0
-1,64464,65242,2023-03-08T19:34:00,2023-03-09T08:32:00,15339.75,15341.5,-39.36,flip,778.0
-1,65349,65365,2023-03-09T10:19:00,2023-03-09T10:35:00,15429.0,15480.0,-1024.36,flip,16.0
-1,65395,65664,2023-03-09T11:05:00,2023-03-09T15:34:00,15442.25,15187.25,5095.64,flip,269.0
-1,65698,65750,2023-03-09T16:08:00,2023-03-09T17:00:00,15142.75,15155.25,-254.36,session_close,52.0
1,66253,66307,2023-03-10T02:23:00,2023-03-10T03:17:00,15121.75,15100.25,-434.36,flip,54.0
1,66362,66568,2023-03-10T04:12:00,2023-03-10T07:38:00,15141.5,15142.0,5.64,flip,206.0
1,66622,66652,2023-03-10T08:32:00,2023-03-10T09:02:00,15212.0,15205.75,-129.36,flip,30.0
1,66710,66728,2023-03-10T10:00:00,2023-03-10T10:18:00,15068.25,15083.5,300.64,flip,18.0
1,66744,66756,2023-03-10T10:34:00,2023-03-10T10:46:00,15095.5,15067.5,-564.36,flip,12.0
1,66767,66817,2023-03-10T10:57:00,2023-03-10T11:47:00,15130.0,15163.75,670.64,flip,50.0
1,66864,66883,2023-03-10T12:34:00,2023-03-10T12:53:00,15117.0,15079.5,-754.36,flip,19.0
1,66956,66969,2023-03-10T14:06:00,2023-03-10T14:19:00,14996.25,14977.5,-379.36,flip,13.0
1,66994,67019,2023-03-10T14:44:00,2023-03-10T15:09:00,15015.5,14998.0,-354.36,flip,25.0
1,67073,67130,2023-03-10T16:03:00,2023-03-10T17:00:00,15005.5,15038.5,655.64,session_close,57.0
-1,67166,67172,2023-03-12T18:36:00,2023-03-12T18:42:00,15113.25,15165.75,-1054.36,flip,6.0
-1,67185,67209,2023-03-12T18:55:00,2023-03-12T19:19:00,15119.75,15137.25,-354.36,flip,24.0
-1,67322,67391,2023-03-12T21:12:00,2023-03-12T22:21:00,15109.5,15142.25,-659.36,flip,69.0
-1,67685,67833,2023-03-13T03:15:00,2023-03-13T05:43:00,15185.5,15056.0,2585.64,flip,148.0
-1,67849,67884,2023-03-13T05:59:00,2023-03-13T06:34:00,15038.0,15057.75,-399.36,flip,35.0
-1,67936,68029,2023-03-13T07:26:00,2023-03-13T08:59:00,15083.5,14909.5,3475.64,flip,93.0
-1,68035,68040,2023-03-13T09:05:00,2023-03-13T09:10:00,14878.5,14929.25,-1019.36,flip,5.0
-1,68057,68079,2023-03-13T09:27:00,2023-03-13T09:49:00,14916.75,14941.75,-504.36,flip,22.0
-1,68094,68099,2023-03-13T10:04:00,2023-03-13T10:09:00,14997.75,15045.5,-959.36,flip,5.0
-1,68104,68124,2023-03-13T10:14:00,2023-03-13T10:34:00,15021.25,15051.75,-614.36,flip,20.0
-1,68130,68140,2023-03-13T10:40:00,2023-03-13T10:50:00,15021.25,15051.5,-609.36,flip,10.0
-1,68144,68147,2023-03-13T10:54:00,2023-03-13T10:57:00,14993.5,15056.5,-1264.36,flip,3.0
-1,68175,68180,2023-03-13T11:25:00,2023-03-13T11:30:00,15126.0,15180.0,-1084.36,flip,5.0
-1,68188,68200,2023-03-13T11:38:00,2023-03-13T11:50:00,15145.0,15192.75,-959.36,flip,12.0
-1,68206,68212,2023-03-13T11:56:00,2023-03-13T12:02:00,15149.5,15204.0,-1094.36,flip,6.0
-1,68215,68219,2023-03-13T12:05:00,2023-03-13T12:09:00,15158.0,15200.75,-859.36,flip,4.0
-1,68236,68253,2023-03-13T12:26:00,2023-03-13T12:43:00,15138.5,15169.25,-619.36,flip,17.0
-1,68259,68288,2023-03-13T12:49:00,2023-03-13T13:18:00,15135.5,15129.0,125.64,flip,29.0
-1,68299,68309,2023-03-13T13:29:00,2023-03-13T13:39:00,15083.75,15136.75,-1064.36,flip,10.0
-1,68370,68431,2023-03-13T14:40:00,2023-03-13T15:41:00,15170.75,15148.25,445.64,flip,61.0
-1,68442,68510,2023-03-13T15:52:00,2023-03-13T17:00:00,15098.5,15088.75,190.64,session_close,68.0
1,68594,68961,2023-03-13T19:24:00,2023-03-14T01:31:00,15112.75,15099.0,-279.36,flip,367.0
1,69052,69079,2023-03-14T03:02:00,2023-03-14T03:29:00,15132.75,15089.25,-874.36,flip,27.0
1,69144,69249,2023-03-14T04:34:00,2023-03-14T06:19:00,15133.25,15093.0,-809.36,flip,105.0
1,69304,69385,2023-03-14T07:14:00,2023-03-14T08:35:00,15136.0,15147.0,215.64,flip,81.0
1,69394,69617,2023-03-14T08:44:00,2023-03-14T12:27:00,15160.0,15320.5,3205.64,flip,223.0
1,69679,69710,2023-03-14T13:29:00,2023-03-14T14:00:00,15302.0,15258.0,-884.36,flip,31.0
1,69739,69781,2023-03-14T14:29:00,2023-03-14T15:11:00,15270.25,15216.25,-1084.36,flip,42.0
1,69806,69890,2023-03-14T15:36:00,2023-03-14T17:00:00,15243.75,15351.75,2155.64,session_close,84.0
-1,70341,70427,2023-03-15T01:31:00,2023-03-15T02:57:00,15343.75,15382.0,-769.36,flip,86.0
-1,70561,70667,2023-03-15T05:11:00,2023-03-15T06:57:00,15335.25,15169.0,3320.64,flip,106.0
-1,70768,70783,2023-03-15T08:38:00,2023-03-15T08:53:00,15173.25,15169.25,75.64,flip,15.0
-1,70843,70856,2023-03-15T09:53:00,2023-03-15T10:06:00,15234.25,15255.5,-429.36,flip,13.0
-1,70866,70908,2023-03-15T10:16:00,2023-03-15T10:58:00,15224.75,15215.75,175.64,flip,42.0
-1,70971,71038,2023-03-15T12:01:00,2023-03-15T13:08:00,15275.5,15246.0,585.64,flip,67.0
-1,71161,71180,2023-03-15T15:11:00,2023-03-15T15:30:00,15360.75,15403.25,-854.36,flip,19.0
1,71209,71270,2023-03-15T15:59:00,2023-03-15T17:00:00,15371.0,15413.0,835.64,session_close,61.0
-1,71797,71859,2023-03-16T02:47:00,2023-03-16T03:49:00,15428.0,15454.25,-529.36,flip,62.0
-1,71938,72212,2023-03-16T05:08:00,2023-03-16T09:42:00,15424.25,15386.0,760.64,flip,274.0
-1,72241,72272,2023-03-16T10:11:00,2023-03-16T10:42:00,15389.25,15439.75,-1014.36,flip,31.0
-1,72361,72396,2023-03-16T12:11:00,2023-03-16T12:46:00,15630.25,15662.75,-654.36,flip,35.0
-1,72430,72527,2023-03-16T13:20:00,2023-03-16T14:57:00,15653.75,15698.75,-904.36,flip,97.0
1,72528,72650,2023-03-16T14:58:00,2023-03-16T17:00:00,15703.0,15727.25,480.64,session_close,122.0
-1,73324,73577,2023-03-17T05:14:00,2023-03-17T09:27:00,15733.0,15736.75,-79.36,flip,253.0
-1,73601,73612,2023-03-17T09:51:00,2023-03-17T10:02:00,15722.0,15788.0,-1324.36,flip,11.0
-1,73624,73670,2023-03-17T10:14:00,2023-03-17T11:00:00,15768.75,15670.0,1970.64,flip,46.0
1,73688,73695,2023-03-17T11:18:00,2023-03-17T11:25:00,15674.5,15621.5,-1064.36,flip,7.0
1,73733,73784,2023-03-17T12:03:00,2023-03-17T12:54:00,15638.75,15644.75,115.64,flip,51.0
1,73797,73833,2023-03-17T13:07:00,2023-03-17T13:43:00,15677.5,15660.5,-344.36,flip,36.0
1,73852,73863,2023-03-17T14:02:00,2023-03-17T14:13:00,15709.0,15663.0,-924.36,flip,11.0
1,73924,74030,2023-03-17T15:14:00,2023-03-17T17:00:00,15648.5,15664.25,310.64,session_close,106.0
-1,74101,74575,2023-03-19T19:11:00,2023-03-20T03:05:00,15703.0,15596.5,2125.64,flip,474.0
-1,74604,74632,2023-03-20T03:34:00,2023-03-20T04:02:00,15570.5,15622.5,-1044.36,flip,28.0
-1,74648,74669,2023-03-20T04:18:00,2023-03-20T04:39:00,15573.75,15596.0,-449.36,flip,21.0
-1,74827,74909,2023-03-20T07:17:00,2023-03-20T08:39:00,15648.25,15678.25,-604.36,flip,82.0
1,74910,74951,2023-03-20T08:40:00,2023-03-20T09:21:00,15689.0,15652.25,-739.36,flip,41.0
1,74973,74979,2023-03-20T09:43:00,2023-03-20T09:49:00,15622.75,15573.0,-999.36,flip,6.0
1,74992,75011,2023-03-20T10:02:00,2023-03-20T10:21:00,15604.0,15578.5,-514.36,flip,19.0
1,75016,75100,2023-03-20T10:26:00,2023-03-20T11:50:00,15624.0,15663.5,785.64,flip,84.0
1,75160,75410,2023-03-20T12:50:00,2023-03-20T17:00:00,15634.5,15716.75,1640.64,session_close,250.0
-1,75601,75980,2023-03-20T21:11:00,2023-03-21T03:30:00,15701.0,15739.0,-764.36,flip,379.0
1,75981,76378,2023-03-21T03:31:00,2023-03-21T10:08:00,15741.75,15793.0,1020.64,flip,397.0
1,76446,76473,2023-03-21T11:16:00,2023-03-21T11:43:00,15784.75,15744.25,-814.36,flip,27.0
1,76505,76790,2023-03-21T12:15:00,2023-03-21T17:00:00,15777.75,15892.0,2280.64,session_close,285.0
-1,77362,77564,2023-03-22T03:32:00,2023-03-22T06:54:00,15866.0,15871.25,-109.36,flip,202.0
-1,77884,77988,2023-03-22T12:14:00,2023-03-22T13:58:00,15913.0,15942.0,-584.36,flip,104.0
-1,77994,77996,2023-03-22T14:04:00,2023-03-22T14:06:00,15945.25,16000.5,-1109.36,flip,2.0
-1,78003,78011,2023-03-22T14:13:00,2023-03-22T14:21:00,15978.5,15999.25,-419.36,flip,8.0
-1,78027,78030,2023-03-22T14:37:00,2023-03-22T14:40:00,15931.0,15983.25,-1049.36,flip,3.0
-1,78045,78066,2023-03-22T14:55:00,2023-03-22T15:16:00,16034.0,15906.25,2550.64,flip,21.0
-1,78078,78170,2023-03-22T15:28:00,2023-03-22T17:00:00,15942.0,15714.5,4545.64,session_close,92.0
1,78332,78916,2023-03-22T20:42:00,2023-03-23T06:26:00,15746.0,15819.0,1455.64,flip,584.0
1,79058,79237,2023-03-23T08:48:00,2023-03-23T11:47:00,15854.25,15985.25,2615.64,flip,179.0
1,79431,79437,2023-03-23T15:01:00,2023-03-23T15:07:00,15820.5,15825.5,95.64,flip,6.0
1,79455,79491,2023-03-23T15:25:00,2023-03-23T16:01:00,15810.5,15863.0,1045.64,flip,36.0
1,79533,79550,2023-03-23T16:43:00,2023-03-23T17:00:00,15900.75,15888.25,-254.36,session_close,17.0
-1,79571,79799,2023-03-23T18:21:00,2023-03-23T22:09:00,15861.75,15885.0,-469.36,flip,228.0
-1,80157,80218,2023-03-24T04:07:00,2023-03-24T05:08:00,15889.25,15889.25,-4.36,flip,61.0
-1,80245,80438,2023-03-24T05:35:00,2023-03-24T08:48:00,15843.0,15814.5,565.64,flip,193.0
-1,80489,80505,2023-03-24T09:39:00,2023-03-24T09:55:00,15792.0,15821.5,-594.36,flip,16.0
-1,80532,80540,2023-03-24T10:22:00,2023-03-24T10:30:00,15792.25,15834.0,-839.36,flip,8.0
-1,80561,80617,2023-03-24T10:51:00,2023-03-24T11:47:00,15797.25,15815.0,-359.36,flip,56.0
-1,80640,80677,2023-03-24T12:10:00,2023-03-24T12:47:00,15810.0,15826.0,-324.36,flip,37.0
-1,81119,81279,2023-03-26T21:09:00,2023-03-26T23:49:00,15929.25,15971.5,-849.36,flip,160.0
-1,81478,81553,2023-03-27T03:08:00,2023-03-27T04:23:00,15941.25,15917.25,475.64,flip,75.0
-1,81863,81876,2023-03-27T09:33:00,2023-03-27T09:46:00,15909.5,15951.5,-844.36,flip,13.0
-1,81909,82106,2023-03-27T10:19:00,2023-03-27T13:36:00,15926.75,15829.0,1950.64,flip,197.0
-1,82228,82310,2023-03-27T15:38:00,2023-03-27T17:00:00,15835.5,15830.0,105.64,session_close,82.0
1,82854,82874,2023-03-28T03:04:00,2023-03-28T03:24:00,15846.0,15799.5,-934.36,flip,20.0
1,83346,83423,2023-03-28T11:16:00,2023-03-28T12:33:00,15713.5,15683.25,-609.36,flip,77.0
1,83558,83690,2023-03-28T14:48:00,2023-03-28T17:00:00,15702.5,15763.75,1220.64,session_close,132.0
-1,84687,84743,2023-03-29T10:37:00,2023-03-29T11:33:00,15895.75,15920.5,-499.36,flip,56.0
-1,85175,85551,2023-03-29T19:45:00,2023-03-30T02:01:00,15958.5,15997.25,-779.36,flip,376.0
-1,86044,86058,2023-03-30T10:14:00,2023-03-30T10:28:00,16051.5,16106.25,-1099.36,flip,14.0
-1,86172,86298,2023-03-30T12:22:00,2023-03-30T14:28:00,16075.25,16077.0,-39.36,flip,126.0
-1,86961,87322,2023-03-31T02:31:00,2023-03-31T08:32:00,16106.25,16123.5,-349.36,flip,361.0
-1,87764,87768,2023-03-31T15:54:00,2023-03-31T15:58:00,16272.75,16318.5,-919.36,flip,4.0
-1,87832,88765,2023-04-02T18:02:00,2023-04-03T09:35:00,16272.75,16248.25,485.64,flip,933.0
-1,88840,88924,2023-04-03T10:50:00,2023-04-03T12:14:00,16229.5,16219.0,205.64,flip,84.0
-1,88973,89070,2023-04-03T13:03:00,2023-04-03T14:40:00,16177.0,16222.0,-904.36,flip,97.0
-1,89463,89880,2023-04-03T22:14:00,2023-04-04T05:11:00,16246.75,16289.5,-859.36,flip,417.0
-1,90096,90169,2023-04-04T08:47:00,2023-04-04T10:00:00,16316.75,16300.75,315.64,flip,73.0
-1,90191,90202,2023-04-04T10:22:00,2023-04-04T10:33:00,16290.75,16311.25,-414.36,flip,11.0
1,90206,90229,2023-04-04T10:37:00,2023-04-04T11:00:00,16316.5,16271.25,-909.36,flip,23.0
1,90369,90438,2023-04-04T13:20:00,2023-04-04T14:29:00,16252.0,16216.75,-709.36,flip,69.0
1,90528,90589,2023-04-04T15:59:00,2023-04-04T17:00:00,16231.5,16247.0,305.64,session_close,61.0
-1,91173,91451,2023-04-05T03:44:00,2023-04-05T08:22:00,16213.0,16240.5,-554.36,flip,278.0
-1,91514,91789,2023-04-05T09:25:00,2023-04-05T14:00:00,16200.5,16072.0,2565.64,flip,275.0
-1,92382,92426,2023-04-06T05:50:00,2023-04-06T06:34:00,16045.5,16048.75,-69.36,flip,44.0
-1,92568,92635,2023-04-06T08:56:00,2023-04-06T10:03:00,16032.75,16024.0,170.64,flip,67.0
-1,93887,93965,2023-04-07T07:57:00,2023-04-07T09:15:00,16159.5,16200.0,-814.36,session_close,78.0
1,93982,94039,2023-04-09T18:17:00,2023-04-09T19:14:00,16216.25,16170.5,-919.36,flip,57.0
1,94639,94772,2023-04-10T05:14:00,2023-04-10T07:27:00,16171.75,16132.0,-799.36,flip,133.0
1,94943,95049,2023-04-10T10:18:00,2023-04-10T12:04:00,16032.0,16058.75,530.64,flip,106.0
1,95080,95345,2023-04-10T12:35:00,2023-04-10T17:00:00,16082.5,16181.75,1980.64,session_close,265.0
-1,96133,96439,2023-04-11T07:08:00,2023-04-11T12:14:00,16168.75,16118.0,1010.64,flip,306.0
-1,96649,96725,2023-04-11T15:44:00,2023-04-11T17:00:00,16101.5,16097.0,85.64,session_close,76.0
1,97341,97595,2023-04-12T04:17:00,2023-04-12T08:31:00,16103.75,16073.0,-619.36,flip,254.0
1,97596,97612,2023-04-12T08:32:00,2023-04-12T08:48:00,16197.0,16193.5,-74.36,flip,16.0
1,97689,97720,2023-04-12T10:05:00,2023-04-12T10:36:00,16098.0,16088.75,-189.36,flip,31.0
1,97775,97911,2023-04-12T11:31:00,2023-04-12T13:47:00,16041.75,16074.0,640.64,flip,136.0
1,98384,98941,2023-04-12T22:40:00,2023-04-13T07:57:00,15991.5,15984.5,-144.36,flip,557.0
1,98976,99484,2023-04-13T08:32:00,2023-04-13T17:00:00,16033.25,16196.25,3255.64,session_close,508.0
-1,99486,100416,2023-04-13T18:02:00,2023-04-14T09:32:00,16195.5,16169.25,520.64,flip,930.0
-1,100454,100522,2023-04-14T10:10:00,2023-04-14T11:18:00,16208.5,16185.0,465.64,flip,68.0
-1,100544,100642,2023-04-14T11:40:00,2023-04-14T13:18:00,16132.5,16121.5,215.64,flip,98.0
1,100643,100661,2023-04-14T13:19:00,2023-04-14T13:37:00,16126.5,16081.0,-914.36,flip,18.0
1,100683,100761,2023-04-14T13:59:00,2023-04-14T15:17:00,16127.0,16136.5,185.64,flip,78.0
1,100785,100864,2023-04-14T15:41:00,2023-04-14T17:00:00,16184.75,16215.25,605.64,session_close,79.0
-1,101542,101802,2023-04-17T05:18:00,2023-04-17T09:38:00,16185.0,16220.0,-704.36,flip,260.0
-1,101812,101847,2023-04-17T09:48:00,2023-04-17T10:23:00,16168.25,16205.5,-749.36,flip,35.0
-1,101864,102043,2023-04-17T10:40:00,2023-04-17T13:39:00,16140.25,16142.5,-49.36,flip,179.0
-1,103203,103355,2023-04-18T10:00:00,2023-04-18T12:32:00,16266.75,16217.0,990.64,flip,152.0
-1,103491,103525,2023-04-18T14:48:00,2023-04-18T15:22:00,16169.0,16202.0,-664.36,flip,34.0
-1,103567,103623,2023-04-18T16:04:00,2023-04-18T17:00:00,16166.25,16202.75,-734.36,session_close,56.0
1,104558,104948,2023-04-19T09:36:00,2023-04-19T16:06:00,16133.25,16186.5,1060.64,flip,390.0
1,105900,106031,2023-04-20T08:58:00,2023-04-20T11:09:00,16087.75,16113.5,510.64,flip,131.0
1,106070,106218,2023-04-20T11:48:00,2023-04-20T14:16:00,16159.75,16165.25,105.64,flip,148.0
1,106319,106382,2023-04-20T15:57:00,2023-04-20T17:00:00,16089.75,16106.75,335.64,session_close,63.0
-1,106910,107038,2023-04-21T02:48:00,2023-04-21T04:56:00,16074.5,16100.75,-529.36,flip,128.0
-1,107136,107279,2023-04-21T06:34:00,2023-04-21T08:57:00,16056.0,16068.0,-244.36,flip,143.0
-1,107335,107361,2023-04-21T09:53:00,2023-04-21T10:19:00,16035.5,16065.0,-594.36,flip,26.0
-1,107388,107406,2023-04-21T10:46:00,2023-04-21T11:04:00,16036.0,16073.25,-749.36,flip,18.0
-1,107650,107762,2023-04-21T15:08:00,2023-04-21T17:00:00,16087.75,16091.75,-84.36,session_close,112.0
1,108444,108727,2023-04-24T05:22:00,2023-04-24T10:05:00,16080.25,16098.25,355.64,flip,283.0
1,108916,109142,2023-04-24T13:14:00,2023-04-24T17:00:00,16031.5,16065.25,670.64,session_close,226.0
-1,109432,109945,2023-04-24T22:50:00,2023-04-25T07:23:00,16037.0,16030.75,120.64,flip,513.0
-1,110111,110465,2023-04-25T10:09:00,2023-04-25T16:03:00,15984.25,15890.0,1880.64,flip,354.0
-1,111131,111393,2023-04-26T04:09:00,2023-04-26T08:31:00,15963.25,15949.5,270.64,flip,262.0
-1,111466,111476,2023-04-26T09:44:00,2023-04-26T09:54:00,15920.25,15968.25,-964.36,flip,10.0
-1,111502,111535,2023-04-26T10:20:00,2023-04-26T10:53:00,15927.75,15959.5,-639.36,flip,33.0
-1,111639,111854,2023-04-26T12:37:00,2023-04-26T16:12:00,15975.5,15973.25,40.64,flip,215.0
-1,113238,113282,2023-04-27T16:16:00,2023-04-27T17:00:00,16290.75,16276.5,280.64,session_close,44.0
1,114193,114225,2023-04-28T09:11:00,2023-04-28T09:43:00,16238.0,16202.75,-709.36,flip,32.0
1,114249,114281,2023-04-28T10:07:00,2023-04-28T10:39:00,16242.75,16258.0,300.64,flip,32.0
1,114335,114662,2023-04-28T11:33:00,2023-04-28T17:00:00,16252.5,16341.5,1775.64,session_close,327.0
-1,115273,115684,2023-05-01T04:11:00,2023-05-01T11:02:00,16328.25,16344.25,-324.36,flip,411.0
-1,115699,115746,2023-05-01T11:17:00,2023-05-01T12:04:00,16295.25,16324.25,-584.36,flip,47.0
-1,115896,116042,2023-05-01T14:34:00,2023-05-01T17:00:00,16327.75,16304.75,455.64,session_close,146.0
1,116504,116913,2023-05-02T01:42:00,2023-05-02T08:31:00,16329.75,16302.5,-549.36,flip,409.0
1,117160,117270,2023-05-02T12:38:00,2023-05-02T14:28:00,16185.5,16185.0,-14.36,flip,110.0
1,117314,117352,2023-05-02T15:12:00,2023-05-02T15:50:00,16230.0,16189.25,-819.36,flip,38.0
-1,117379,117422,2023-05-02T16:17:00,2023-05-02T17:00:00,16187.5,16185.0,45.64,session_close,43.0
1,118061,118412,2023-05-03T04:40:00,2023-05-03T10:31:00,16221.25,16210.75,-214.36,flip,351.0
1,118561,118657,2023-05-03T13:00:00,2023-05-03T14:36:00,16241.75,16251.25,185.64,flip,96.0
1,118661,118665,2023-05-03T14:40:00,2023-05-03T14:44:00,16263.75,16265.5,30.64,flip,4.0
1,118679,118690,2023-05-03T14:58:00,2023-05-03T15:09:00,16271.5,16218.25,-1069.36,flip,11.0
1,118706,118712,2023-05-03T15:25:00,2023-05-03T15:31:00,16198.75,16139.5,-1189.36,flip,6.0
1,118922,119354,2023-05-03T20:01:00,2023-05-04T03:13:00,16114.0,16129.25,300.64,flip,432.0
1,119379,119495,2023-05-04T03:38:00,2023-05-04T05:34:00,16182.0,16131.5,-1014.36,flip,116.0
1,119817,119872,2023-05-04T10:56:00,2023-05-04T11:51:00,16072.5,16066.0,-134.36,flip,55.0
1,119939,120024,2023-05-04T12:58:00,2023-05-04T14:23:00,16094.25,16094.0,-9.36,flip,85.0
1,120099,120123,2023-05-04T15:38:00,2023-05-04T16:02:00,16104.25,16055.75,-974.36,flip,24.0
1,120196,121054,2023-05-04T18:15:00,2023-05-05T08:33:00,16089.5,16111.0,425.64,flip,858.0
1,121069,121507,2023-05-05T08:48:00,2023-05-05T16:06:00,16157.0,16326.25,3380.64,flip,438.0
1,122594,122770,2023-05-08T11:13:00,2023-05-08T14:09:00,16322.0,16311.5,-214.36,flip,176.0
1,122784,122941,2023-05-08T14:23:00,2023-05-08T17:00:00,16356.5,16352.0,-94.36,session_close,157.0
-1,123482,124319,2023-05-09T03:03:00,2023-05-09T17:00:00,16336.5,16277.0,1185.64,session_close,837.0
1,125117,125261,2023-05-10T07:18:00,2023-05-10T09:42:00,16271.25,16371.0,1990.64,flip,144.0
1,125281,125300,2023-05-10T10:02:00,2023-05-10T10:21:00,16407.25,16397.25,-204.36,flip,19.0
1,125361,125402,2023-05-10T11:22:00,2023-05-10T12:03:00,16366.0,16359.5,-134.36,flip,41.0
1,125517,125699,2023-05-10T13:58:00,2023-05-10T17:00:00,16325.75,16424.5,1970.64,session_close,182.0
-1,126496,126558,2023-05-11T07:17:00,2023-05-11T08:19:00,16429.75,16468.75,-784.36,flip,62.0
-1,126632,126715,2023-05-11T09:33:00,2023-05-11T10:56:00,16420.75,16426.25,-114.36,flip,83.0
-1,126887,126938,2023-05-11T13:48:00,2023-05-11T14:39:00,16424.0,16462.0,-764.36,flip,51.0
-1,128030,128245,2023-05-12T09:51:00,2023-05-12T13:26:00,16459.5,16382.25,1540.64,flip,215.0
-1,128279,128363,2023-05-12T14:00:00,2023-05-12T15:24:00,16334.0,16374.0,-804.36,flip,84.0
-1,128631,128855,2023-05-14T20:52:00,2023-05-15T00:36:00,16370.5,16413.25,-859.36,flip,224.0
-1,129400,129472,2023-05-15T09:41:00,2023-05-15T10:53:00,16412.25,16417.5,-109.36,flip,72.0
-1,129643,129780,2023-05-15T13:44:00,2023-05-15T16:01:00,16440.75,16488.0,-949.36,flip,137.0
-1,130717,130776,2023-05-16T08:38:00,2023-05-16T09:37:00,16460.5,16490.75,-609.36,flip,59.0
-1,130811,130830,2023-05-16T10:12:00,2023-05-16T10:31:00,16479.0,16520.75,-839.36,flip,19.0
-1,131151,131219,2023-05-16T15:52:00,2023-05-16T17:00:00,16507.5,16519.0,-234.36,session_close,68.0
1,131520,131788,2023-05-16T23:01:00,2023-05-17T03:29:00,16538.5,16493.5,-904.36,flip,268.0
1,132120,132174,2023-05-17T09:01:00,2023-05-17T09:55:00,16537.25,16503.75,-674.36,flip,54.0
1,132219,132599,2023-05-17T10:40:00,2023-05-17T17:00:00,16539.5,16656.5,2335.64,session_close,380.0
-1,133507,133536,2023-05-18T09:08:00,2023-05-18T09:37:00,16648.75,16694.25,-914.36,flip,29.0
-1,133687,133762,2023-05-18T12:08:00,2023-05-18T13:23:00,16824.25,16839.0,-299.36,flip,75.0
-1,133783,133841,2023-05-18T13:44:00,2023-05-18T14:42:00,16808.25,16820.0,-239.36,flip,58.0
-1,134452,134923,2023-05-19T01:53:00,2023-05-19T09:44:00,16929.0,16940.0,-224.36,flip,471.0
1,134966,134998,2023-05-19T10:27:00,2023-05-19T10:59:00,16927.75,16882.5,-909.36,flip,32.0
1,135048,135091,2023-05-19T11:49:00,2023-05-19T12:32:00,16890.75,16845.5,-909.36,flip,43.0
1,135144,135191,2023-05-19T13:25:00,2023-05-19T14:12:00,16885.5,16842.75,-859.36,flip,47.0
1,135292,135359,2023-05-19T15:53:00,2023-05-19T17:00:00,16878.25,16856.75,-434.36,session_close,67.0
-1,135361,135487,2023-05-21T18:02:00,2023-05-21T20:08:00,16828.25,16872.75,-894.36,flip,126.0
-1,136151,136294,2023-05-22T07:12:00,2023-05-22T09:35:00,16842.25,16891.5,-989.36,flip,143.0
-1,136328,136340,2023-05-22T10:09:00,2023-05-22T10:21:00,16911.75,16932.0,-409.36,flip,12.0
-1,136473,136590,2023-05-22T12:34:00,2023-05-22T14:31:00,16895.75,16937.5,-839.36,flip,117.0
-1,136647,136739,2023-05-22T15:28:00,2023-05-22T17:00:00,16911.25,16931.25,-404.36,session_close,92.0
1,136805,137150,2023-05-22T19:06:00,2023-05-23T00:51:00,16949.25,16942.5,-139.36,flip,345.0
1,139165,139222,2023-05-24T11:26:00,2023-05-24T12:23:00,16628.75,16596.75,-644.36,flip,57.0
1,139301,139426,2023-05-24T13:42:00,2023-05-24T15:47:00,16644.25,16674.0,590.64,flip,125.0
1,139461,139499,2023-05-24T16:22:00,2023-05-24T17:00:00,16738.5,16858.0,2385.64,session_close,38.0
-1,139537,139597,2023-05-24T18:38:00,2023-05-24T19:38:00,16838.75,16869.0,-609.36,flip,60.0
1,139598,140432,2023-05-24T19:39:00,2023-05-25T09:33:00,16873.5,16929.0,1105.64,flip,834.0
1,140465,140561,2023-05-25T10:06:00,2023-05-25T11:42:00,16916.75,16942.0,500.64,flip,96.0
1,140597,140733,2023-05-25T12:18:00,2023-05-25T14:34:00,16987.5,16996.25,170.64,flip,136.0
-1,140734,140770,2023-05-25T14:35:00,2023-05-25T15:11:00,16986.75,17009.5,-459.36,flip,36.0
-1,140898,141380,2023-05-25T18:19:00,2023-05-26T02:21:00,16986.75,16991.25,-94.36,flip,482.0
-1,141466,141528,2023-05-26T03:47:00,2023-05-26T04:49:00,16961.75,17006.0,-889.36,flip,62.0
-1,141757,141782,2023-05-26T08:38:00,2023-05-26T09:03:00,17014.25,17043.75,-594.36,flip,25.0
-1,142473,142782,2023-05-28T21:34:00,2023-05-29T02:43:00,17408.0,17445.5,-754.36,flip,309.0
1,143975,144286,2023-05-30T03:36:00,2023-05-30T08:47:00,17431.5,17532.25,2010.64,flip,311.0
1,144340,144352,2023-05-30T09:41:00,2023-05-30T09:53:00,17556.25,17505.5,-1019.36,flip,12.0
1,144379,144389,2023-05-30T10:20:00,2023-05-30T10:30:00,17470.0,17435.0,-704.36,flip,10.0
1,144417,144443,2023-05-30T10:58:00,2023-05-30T11:24:00,17483.25,17442.25,-824.36,flip,26.0
1,144458,144498,2023-05-30T11:39:00,2023-05-30T12:19:00,17480.5,17441.25,-789.36,flip,40.0
1,144539,144567,2023-05-30T13:00:00,2023-05-30T13:28:00,17459.25,17417.5,-839.36,flip,28.0
1,144623,144711,2023-05-30T14:24:00,2023-05-30T15:52:00,17401.5,17410.0,165.64,flip,88.0
1,144857,145035,2023-05-30T19:18:00,2023-05-30T22:16:00,17438.25,17400.0,-769.36,flip,178.0
-1,145037,145482,2023-05-30T22:18:00,2023-05-31T05:43:00,17398.25,17395.75,45.64,flip,445.0
-1,145606,145719,2023-05-31T07:47:00,2023-05-31T09:40:00,17354.75,17379.5,-499.36,flip,113.0
-1,145750,145791,2023-05-31T10:11:00,2023-05-31T10:52:00,17371.0,17339.75,620.64,flip,41.0
-1,145818,145855,2023-05-31T11:19:00,2023-05-31T11:56:00,17300.25,17319.0,-379.36,flip,37.0
-1,145913,145947,2023-05-31T12:54:00,2023-05-31T13:28:00,17274.75,17321.25,-934.36,flip,34.0
-1,146032,146086,2023-05-31T14:53:00,2023-05-31T15:47:00,17325.25,17366.5,-829.36,flip,54.0
-1,146096,146159,2023-05-31T15:57:00,2023-05-31T17:00:00,17321.25,17304.5,330.64,session_close,63.0
1,146368,146384,2023-05-31T21:29:00,2023-05-31T21:45:00,17344.5,17284.75,-1199.36,flip,16.0
1,146601,147016,2023-06-01T01:22:00,2023-06-01T08:17:00,17311.75,17304.5,-149.36,flip,415.0
1,147101,147142,2023-06-01T09:42:00,2023-06-01T10:23:00,17318.5,17299.75,-379.36,flip,41.0
1,147161,147451,2023-06-01T10:42:00,2023-06-01T15:32:00,17347.75,17496.25,2965.64,flip,290.0
1,147485,147539,2023-06-01T16:06:00,2023-06-01T17:00:00,17501.0,17512.5,225.64,session_close,54.0
-1,148419,148468,2023-06-02T08:40:00,2023-06-02T09:29:00,17530.0,17561.0,-624.36,flip,49.0
-1,148487,148514,2023-06-02T09:48:00,2023-06-02T10:15:00,17570.75,17541.5,580.64,flip,27.0
-1,148636,148668,2023-06-02T12:17:00,2023-06-02T12:49:00,17570.25,17621.75,-1034.36,flip,32.0
-1,148748,148919,2023-06-02T14:09:00,2023-06-02T17:00:00,17574.25,17603.5,-589.36,session_close,171.0
1,149483,149868,2023-06-05T03:29:00,2023-06-05T09:54:00,17575.75,17605.75,595.64,flip,385.0
1,149920,150084,2023-06-05T10:46:00,2023-06-05T13:30:00,17650.75,17663.5,250.64,flip,164.0
1,150171,150180,2023-06-05T14:57:00,2023-06-05T15:06:00,17618.75,17578.25,-814.36,flip,9.0
1,150197,150294,2023-06-05T15:23:00,2023-06-05T17:00:00,17610.75,17598.0,-259.36,session_close,97.0
-1,150401,150862,2023-06-05T19:47:00,2023-06-06T03:28:00,17574.25,17626.0,-1039.36,flip,461.0
-1,151022,151245,2023-06-06T06:08:00,2023-06-06T09:51:00,17582.0,17573.75,160.64,flip,223.0
-1,151341,151363,2023-06-06T11:27:00,2023-06-06T11:49:00,17561.0,17609.5,-974.36,flip,22.0
-1,151413,151450,2023-06-06T12:39:00,2023-06-06T13:16:00,17585.25,17591.5,-129.36,flip,37.0
-1,152237,152447,2023-06-07T03:25:00,2023-06-07T06:55:00,17570.25,17600.75,-614.36,flip,210.0
-1,152630,152724,2023-06-07T09:58:00,2023-06-07T11:32:00,17633.0,17519.5,2265.64,flip,94.0
-1,152738,152795,2023-06-07T11:46:00,2023-06-07T12:43:00,17471.0,17438.75,640.64,flip,57.0
-1,152828,152879,2023-06-07T13:16:00,2023-06-07T14:07:00,17396.25,17407.75,-234.36,flip,51.0
-1,152907,153052,2023-06-07T14:35:00,2023-06-07T17:00:00,17376.5,17331.75,890.64,session_close,145.0
1,153634,153906,2023-06-08T03:42:00,2023-06-08T08:14:00,17319.5,17319.5,-4.36,flip,272.0
1,153925,154008,2023-06-08T08:33:00,2023-06-08T09:56:00,17376.0,17362.25,-279.36,flip,83.0
1,154019,154182,2023-06-08T10:07:00,2023-06-08T12:50:00,17419.75,17487.5,1350.64,flip,163.0
1,154273,154432,2023-06-08T14:21:00,2023-06-08T17:00:00,17487.5,17537.0,985.64,session_close,159.0
-1,154989,155096,2023-06-09T03:17:00,2023-06-09T05:04:00,17492.75,17526.75,-684.36,flip,107.0
-1,155434,155460,2023-06-09T10:42:00,2023-06-09T11:08:00,17649.5,17632.0,345.64,flip,26.0
-1,155476,155533,2023-06-09T11:24:00,2023-06-09T12:21:00,17612.0,17572.0,795.64,flip,57.0
-1,155541,155572,2023-06-09T12:29:00,2023-06-09T13:00:00,17525.0,17564.75,-799.36,flip,31.0
-1,155673,155812,2023-06-09T14:41:00,2023-06-09T17:00:00,17584.25,17582.0,40.64,session_close,139.0
1,155834,156552,2023-06-11T18:22:00,2023-06-12T06:25:00,17601.25,17624.5,460.64,flip,723.0
1,156802,157187,2023-06-12T10:35:00,2023-06-12T17:00:00,17650.25,17848.75,3965.64,session_close,385.0
-1,157927,158059,2023-06-13T06:20:00,2023-06-13T08:32:00,17870.25,17919.5,-989.36,flip,132.0
-1,158111,158171,2023-06-13T09:24:00,2023-06-13T10:24:00,17940.25,17852.5,1750.64,flip,60.0
-1,158268,158281,2023-06-13T12:01:00,2023-06-13T12:14:00,17894.0,17925.25,-629.36,flip,13.0
-1,158399,158443,2023-06-13T14:12:00,2023-06-13T14:56:00,17895.0,17904.0,-184.36,flip,44.0
-1,159449,159513,2023-06-14T08:43:00,2023-06-14T09:47:00,17942.25,17945.0,-59.36,flip,64.0
-1,159648,159778,2023-06-14T12:02:00,2023-06-14T14:12:00,18005.5,17899.5,2115.64,flip,130.0
-1,159786,159798,2023-06-14T14:20:00,2023-06-14T14:32:00,17845.75,17890.5,-899.36,flip,12.0
-1,159841,159849,2023-06-14T15:15:00,2023-06-14T15:23:00,17992.25,17998.75,-134.36,flip,8.0
-1,159858,159883,2023-06-14T15:32:00,2023-06-14T15:57:00,17968.75,18002.0,-669.36,flip,25.0
-1,160144,160544,2023-06-14T21:18:00,2023-06-15T03:58:00,18035.5,18032.0,65.64,flip,400.0
-1,160588,160838,2023-06-15T04:42:00,2023-06-15T08:52:00,17985.5,17962.25,460.64,flip,250.0
-1,161098,161118,2023-06-15T13:12:00,2023-06-15T13:32:00,18111.5,18151.0,-794.36,flip,20.0
-1,161214,161326,2023-06-15T15:08:00,2023-06-15T17:00:00,18231.75,18207.0,490.64,session_close,112.0
1,161806,162259,2023-06-16T02:00:00,2023-06-16T09:33:00,18203.25,18263.25,1195.64,flip,453.0
1,162299,162333,2023-06-16T10:13:00,2023-06-16T10:47:00,18234.0,18201.0,-664.36,flip,34.0
1,162356,162370,2023-06-16T11:10:00,2023-06-16T11:24:00,18237.75,18201.0,-739.36,flip,14.0
1,162413,162505,2023-06-16T12:07:00,2023-06-16T13:39:00,18218.0,18208.75,-189.36,flip,92.0
-1,162516,162706,2023-06-16T13:50:00,2023-06-16T17:00:00,18201.5,18140.0,1225.64,session_close,190.0
1,162712,162859,2023-06-18T18:06:00,2023-06-18T20:33:00,18156.75,18112.75,-884.36,flip,147.0
1,164627,164801,2023-06-20T07:02:00,2023-06-20T09:56:00,18058.5,18094.0,705.64,flip,174.0
1,164873,165045,2023-06-20T11:08:00,2023-06-20T14:00:00,18024.5,18075.5,1015.64,flip,172.0
1,165157,165170,2023-06-20T15:52:00,2023-06-20T16:05:00,18122.75,18075.5,-949.36,flip,13.0
1,166201,166223,2023-06-21T10:17:00,2023-06-21T10:39:00,17975.75,17925.0,-1019.36,flip,22.0
1,166278,166304,2023-06-21T11:34:00,2023-06-21T12:00:00,17890.0,17872.25,-359.36,flip,26.0
1,166322,166491,2023-06-21T12:18:00,2023-06-21T15:07:00,17915.25,17938.0,450.64,flip,169.0
1,167314,167373,2023-06-22T05:50:00,2023-06-22T06:49:00,17859.25,17817.75,-834.36,flip,59.0
-1,167380,167480,2023-06-22T06:56:00,2023-06-22T08:36:00,17817.25,17857.5,-809.36,flip,100.0
-1,167607,167629,2023-06-22T10:43:00,2023-06-22T11:05:00,17927.75,17954.0,-529.36,flip,22.0
-1,167689,167786,2023-06-22T12:05:00,2023-06-22T13:42:00,17971.25,17973.75,-54.36,flip,97.0
-1,168197,168542,2023-06-22T21:33:00,2023-06-23T03:18:00,18026.0,18014.5,225.64,flip,345.0
-1,168571,168789,2023-06-23T03:47:00,2023-06-23T07:25:00,17963.25,17978.25,-304.36,flip,218.0
-1,168856,168920,2023-06-23T08:32:00,2023-06-23T09:36:00,17935.25,17922.25,255.64,flip,64.0
-1,168928,168955,2023-06-23T09:44:00,2023-06-23T10:11:00,17864.25,17888.0,-479.36,flip,27.0
-1,168999,169049,2023-06-23T10:55:00,2023-06-23T11:45:00,17871.75,17901.25,-594.36,flip,50.0
-1,169197,169265,2023-06-23T14:13:00,2023-06-23T15:21:00,17941.25,17920.75,405.64,flip,68.0
-1,169886,170199,2023-06-26T02:42:00,2023-06-26T07:55:00,17906.0,17890.5,305.64,flip,313.0
-1,170357,170375,2023-06-26T10:33:00,2023-06-26T10:51:00,17940.0,17926.5,265.64,flip,18.0
-1,170390,170539,2023-06-26T11:06:00,2023-06-26T13:35:00,17881.25,17766.25,2295.64,flip,149.0
-1,170670,170744,2023-06-26T15:46:00,2023-06-26T17:00:00,17740.75,17712.0,570.64,session_close,74.0
1,171219,171716,2023-06-27T01:55:00,2023-06-27T10:12:00,17741.0,17744.25,60.64,flip,497.0
1,171733,171776,2023-06-27T10:29:00,2023-06-27T11:12:00,17785.5,17737.75,-959.36,flip,43.0
1,171787,172073,2023-06-27T11:23:00,2023-06-27T16:09:00,17793.0,17932.75,2790.64,flip,286.0
1,172908,172970,2023-06-28T07:04:00,2023-06-28T08:06:00,17918.25,17882.25,-724.36,flip,62.0
1,173064,173072,2023-06-28T09:40:00,2023-06-28T09:48:00,17919.0,17879.75,-789.36,flip,8.0
1,173083,173091,2023-06-28T09:59:00,2023-06-28T10:07:00,17941.0,17896.75,-889.36,flip,8.0
1,173104,173158,2023-06-28T10:20:00,2023-06-28T11:14:00,17951.75,17989.0,740.64,flip,54.0
1,173183,173233,2023-06-28T11:39:00,2023-06-28T12:29:00,18010.5,18004.75,-119.36,flip,50.0
1,173289,173316,2023-06-28T13:25:00,2023-06-28T13:52:00,17956.5,17927.75,-579.36,flip,27.0
1,173343,173389,2023-06-28T14:19:00,2023-06-28T15:05:00,17976.75,17935.75,-824.36,flip,46.0
1,173405,173504,2023-06-28T15:21:00,2023-06-28T17:00:00,17959.75,17995.75,715.64,session_close,99.0
-1,174003,174119,2023-06-29T02:19:00,2023-06-29T04:15:00,17975.5,17999.75,-489.36,flip,116.0
-1,174396,174440,2023-06-29T08:52:00,2023-06-29T09:36:00,17987.25,17980.0,140.64,flip,44.0
1,174471,174473,2023-06-29T10:07:00,2023-06-29T10:09:00,17966.0,17904.75,-1229.36,flip,2.0
1,174487,174496,2023-06-29T10:23:00,2023-06-29T10:32:00,17930.5,17884.0,-934.36,flip,9.0
1,174524,174601,2023-06-29T11:00:00,2023-06-29T12:17:00,17916.25,17928.5,240.64,flip,77.0
1,174781,174884,2023-06-29T15:17:00,2023-06-29T17:00:00,17926.5,17947.5,415.64,session_close,103.0
-1,175932,175994,2023-06-30T11:30:00,2023-06-30T12:32:00,18168.0,18174.0,-124.36,flip,62.0
-1,176204,176262,2023-06-30T16:02:00,2023-06-30T17:00:00,18154.75,18155.75,-24.36,session_close,58.0
1,176269,177086,2023-07-02T18:07:00,2023-07-03T07:44:00,18200.5,18182.25,-369.36,flip,817.0
1,177213,177256,2023-07-03T09:51:00,2023-07-03T10:34:00,18216.0,18176.75,-789.36,flip,43.0
1,177401,177417,2023-07-03T12:59:00,2023-07-03T13:15:00,18196.75,18196.25,-14.36,session_close,16.0
-1,179055,179486,2023-07-05T02:21:00,2023-07-05T09:32:00,18161.5,18168.0,-134.36,flip,431.0
-1,179591,179800,2023-07-05T11:17:00,2023-07-05T14:46:00,18223.0,18213.25,190.64,flip,209.0
-1,180063,180926,2023-07-05T20:09:00,2023-07-06T10:32:00,18181.25,18011.0,3400.64,flip,863.0
-1,180954,180992,2023-07-06T11:00:00,2023-07-06T11:38:00,17962.5,18002.25,-799.36,flip,38.0
-1,181846,181987,2023-07-07T02:53:00,2023-07-07T05:14:00,18045.25,18065.75,-414.36,flip,141.0
-1,182195,182238,2023-07-07T08:42:00,2023-07-07T09:25:00,18099.25,18074.25,495.64,flip,43.0
-1,182291,182323,2023-07-07T10:18:00,2023-07-07T10:50:00,18067.25,18068.5,-29.36,flip,32.0
1,182325,182550,2023-07-07T10:52:00,2023-07-07T14:37:00,18072.0,18152.0,1595.64,flip,225.0
1,183310,183641,2023-07-10T04:17:00,2023-07-10T09:48:00,17966.5,17989.25,450.64,flip,331.0
1,183657,183690,2023-07-10T10:04:00,2023-07-10T10:37:00,17977.5,17978.5,15.64,flip,33.0
1,183748,183761,2023-07-10T11:35:00,2023-07-10T11:48:00,18013.5,17961.25,-1049.36,flip,13.0
1,183812,184073,2023-07-10T12:39:00,2023-07-10T17:00:00,17955.25,18032.25,1535.64,session_close,261.0
-1,184677,184887,2023-07-11T04:04:00,2023-07-11T07:34:00,18026.25,18064.75,-774.36,flip,210.0
1,184890,185007,2023-07-11T07:37:00,2023-07-11T09:34:00,18065.0,18028.75,-729.36,flip,117.0
1,185056,185112,2023-07-11T10:23:00,2023-07-11T11:19:00,18000.75,18012.25,225.64,flip,56.0
1,185150,185183,2023-07-11T11:57:00,2023-07-11T12:30:00,18048.5,18029.0,-394.36,flip,33.0
1,185331,185453,2023-07-11T14:58:00,2023-07-11T17:00:00,18051.0,18101.75,1010.64,session_close,122.0
-1,186471,186564,2023-07-12T10:59:00,2023-07-12T12:32:00,18295.0,18234.5,1205.64,flip,93.0
-1,186739,186832,2023-07-12T15:27:00,2023-07-12T17:00:00,18262.25,18297.5,-709.36,session_close,93.0
1,186839,187820,2023-07-12T18:07:00,2023-07-13T10:28:00,18307.25,18409.75,2045.64,flip,981.0
1,187839,188188,2023-07-13T10:47:00,2023-07-13T16:36:00,18448.75,18534.0,1700.64,flip,349.0
1,188557,188930,2023-07-13T23:45:00,2023-07-14T05:58:00,18567.75,18530.0,-759.36,flip,373.0
1,189144,189209,2023-07-14T09:32:00,2023-07-14T10:37:00,18587.25,18644.25,1135.64,flip,65.0
1,189253,189300,2023-07-14T11:21:00,2023-07-14T12:08:00,18649.5,18625.75,-479.36,flip,47.0
-1,189308,189592,2023-07-14T12:16:00,2023-07-14T17:00:00,18621.5,18533.0,1765.64,session_close,284.0
1,190146,190329,2023-07-17T03:14:00,2023-07-17T06:17:00,18551.0,18521.25,-599.36,flip,183.0
1,190522,190539,2023-07-17T09:30:00,2023-07-17T09:47:00,18565.25,18562.75,-54.36,flip,17.0
1,190574,190914,2023-07-17T10:22:00,2023-07-17T16:02:00,18599.5,18667.75,1360.64,flip,340.0
1,191977,192289,2023-07-18T10:45:00,2023-07-18T15:57:00,18626.0,18822.0,3915.64,flip,312.0
1,193049,193305,2023-07-19T05:37:00,2023-07-19T09:53:00,18834.75,18828.0,-139.36,flip,256.0
1,193355,193369,2023-07-19T10:43:00,2023-07-19T10:57:00,18864.75,18823.5,-829.36,flip,14.0
1,193386,193455,2023-07-19T11:14:00,2023-07-19T12:23:00,18876.0,18835.75,-809.36,flip,69.0
1,193618,193674,2023-07-19T15:06:00,2023-07-19T16:02:00,18804.25,18789.0,-309.36,flip,56.0
1,193944,194256,2023-07-19T21:32:00,2023-07-20T02:44:00,18732.0,18695.0,-744.36,flip,312.0
1,194566,194617,2023-07-20T07:54:00,2023-07-20T08:45:00,18708.75,18666.75,-844.36,flip,51.0
-1,194618,194665,2023-07-20T08:46:00,2023-07-20T09:33:00,18660.0,18702.75,-859.36,flip,47.0
-1,194694,194758,2023-07-20T10:02:00,2023-07-20T11:06:00,18682.5,18595.25,1740.64,flip,64.0
-1,194837,195031,2023-07-20T12:25:00,2023-07-20T15:39:00,18572.75,18436.0,2730.64,flip,194.0
-1,195239,195376,2023-07-20T20:07:00,2023-07-20T22:24:00,18404.75,18442.0,-749.36,flip,137.0
-1,196044,196085,2023-07-21T09:32:00,2023-07-21T10:13:00,18503.25,18472.75,605.64,flip,41.0
-1,196097,196120,2023-07-21T10:25:00,2023-07-21T10:48:00,18437.0,18438.75,-39.36,flip,23.0
-1,196177,196265,2023-07-21T11:45:00,2023-07-21T13:13:00,18431.0,18452.5,-434.36,flip,88.0
-1,196326,196492,2023-07-21T14:14:00,2023-07-21T17:00:00,18445.25,18394.25,1015.64,session_close,166.0
1,197050,197440,2023-07-24T03:18:00,2023-07-24T09:48:00,18411.5,18398.0,-274.36,flip,390.0
1,197466,197520,2023-07-24T10:14:00,2023-07-24T11:08:00,18379.5,18380.75,20.64,flip,54.0
1,197530,197546,2023-07-24T11:18:00,2023-07-24T11:34:00,18425.25,18385.75,-794.36,flip,16.0
1,197588,197736,2023-07-24T12:16:00,2023-07-24T14:44:00,18411.25,18385.75,-514.36,flip,148.0
1,197818,197872,2023-07-24T16:06:00,2023-07-24T17:00:00,18412.5,18408.25,-89.36,session_close,54.0
-1,198864,198917,2023-07-25T10:33:00,2023-07-25T11:26:00,18458.0,18490.25,-649.36,flip,53.0
-1,199132,199195,2023-07-25T15:01:00,2023-07-25T16:04:00,18527.75,18534.5,-139.36,flip,63.0
-1,199258,199827,2023-07-25T18:07:00,2023-07-26T03:36:00,18519.25,18512.0,140.64,flip,569.0
1,199828,199993,2023-07-26T03:37:00,2023-07-26T06:22:00,18513.75,18471.0,-859.36,flip,165.0
-1,199994,200206,2023-07-26T06:23:00,2023-07-26T09:55:00,18469.75,18460.75,175.64,flip,212.0
-1,200262,200305,2023-07-26T10:51:00,2023-07-26T11:34:00,18422.0,18400.5,425.64,flip,43.0
-1,200385,200462,2023-07-26T12:54:00,2023-07-26T14:11:00,18386.0,18427.0,-824.36,flip,77.0
-1,200479,200488,2023-07-26T14:28:00,2023-07-26T14:37:00,18387.75,18435.5,-959.36,flip,9.0
-1,200501,200534,2023-07-26T14:50:00,2023-07-26T15:23:00,18472.25,18421.5,1010.64,flip,33.0
-1,200565,200574,2023-07-26T15:54:00,2023-07-26T16:03:00,18417.0,18461.75,-899.36,flip,9.0
-1,200583,200631,2023-07-26T16:12:00,2023-07-26T17:00:00,18482.75,18464.25,365.64,session_close,48.0
1,200812,201600,2023-07-26T21:01:00,2023-07-27T10:09:00,18510.25,18694.5,3680.64,flip,788.0
1,201636,201651,2023-07-27T10:45:00,2023-07-27T11:00:00,18656.75,18619.5,-749.36,flip,15.0
1,201681,201707,2023-07-27T11:30:00,2023-07-27T11:56:00,18658.25,18633.0,-509.36,flip,26.0
1,201724,201778,2023-07-27T12:13:00,2023-07-27T13:07:00,18671.75,18644.75,-544.36,flip,54.0
1,201907,201928,2023-07-27T15:16:00,2023-07-27T15:37:00,18441.75,18393.0,-979.36,flip,21.0
1,201945,202011,2023-07-27T15:54:00,2023-07-27T17:00:00,18403.25,18423.5,400.64,session_close,66.0
-1,202357,202407,2023-07-27T23:46:00,2023-07-28T00:36:00,18452.5,18440.0,245.64,flip,50.0
-1,202642,202733,2023-07-28T04:31:00,2023-07-28T06:02:00,18491.0,18537.5,-934.36,flip,91.0
-1,203019,203039,2023-07-28T10:48:00,2023-07-28T11:08:00,18625.75,18670.0,-889.36,flip,20.0
-1,203153,203209,2023-07-28T13:02:00,2023-07-28T13:58:00,18686.25,18668.0,360.64,flip,56.0
-1,203540,203889,2023-07-30T20:29:00,2023-07-31T02:18:00,18705.5,18682.0,465.64,flip,349.0
-1,204346,204364,2023-07-31T09:55:00,2023-07-31T10:13:00,18693.75,18698.0,-89.36,flip,18.0
-1,204445,204712,2023-07-31T11:34:00,2023-07-31T16:01:00,18666.25,18701.25,-704.36,flip,267.0
-1,205316,205737,2023-08-01T03:05:00,2023-08-01T10:06:00,18680.0,18641.75,760.64,flip,421.0
-1,205747,205762,2023-08-01T10:16:00,2023-08-01T10:31:00,18595.0,18620.0,-504.36,flip,15.0
-1,205883,205913,2023-08-01T12:32:00,2023-08-01T13:02:00,18624.25,18672.5,-969.36,flip,30.0
-1,206104,206151,2023-08-01T16:13:00,2023-08-01T17:00:00,18641.5,18647.75,-129.36,session_close,47.0
1,206179,206426,2023-08-01T18:28:00,2023-08-01T22:35:00,18589.0,18579.5,-194.36,flip,247.0
1,206820,207030,2023-08-02T05:09:00,2023-08-02T08:39:00,18478.0,18507.5,585.64,flip,210.0
1,207270,207423,2023-08-02T12:39:00,2023-08-02T15:12:00,18306.25,18301.75,-94.36,flip,153.0
1,207471,207531,2023-08-02T16:00:00,2023-08-02T17:00:00,18321.0,18290.25,-619.36,session_close,60.0
-1,207810,208153,2023-08-02T22:39:00,2023-08-03T04:22:00,18299.5,18233.5,1315.64,flip,343.0
-1,208378,208470,2023-08-03T08:07:00,2023-08-03T09:39:00,18232.25,18238.75,-134.36,flip,92.0
-1,208502,208528,2023-08-03T10:11:00,2023-08-03T10:37:00,18247.0,18248.5,-34.36,flip,26.0
-1,208718,208850,2023-08-03T13:47:00,2023-08-03T15:59:00,18308.25,18301.25,135.64,flip,132.0
1,208854,208884,2023-08-03T16:03:00,2023-08-03T16:33:00,18333.25,18313.5,-399.36,flip,30.0
1,208978,209454,2023-08-03T19:07:00,2023-08-04T03:03:00,18322.25,18352.25,595.64,flip,476.0
1,209517,209670,2023-08-04T04:06:00,2023-08-04T06:39:00,18380.5,18350.25,-609.36,flip,153.0
1,209783,209789,2023-08-04T08:32:00,2023-08-04T08:38:00,18321.0,18244.75,-1529.36,flip,6.0
1,209793,209854,2023-08-04T08:42:00,2023-08-04T09:43:00,18297.5,18368.75,1420.64,flip,61.0
1,209884,210077,2023-08-04T10:13:00,2023-08-04T13:26:00,18281.75,18401.5,2390.64,flip,193.0
1,210294,210934,2023-08-06T18:03:00,2023-08-07T04:43:00,18228.0,18260.25,640.64,flip,640.0
-1,210936,211184,2023-08-07T04:45:00,2023-08-07T08:53:00,18255.75,18278.75,-464.36,flip,248.0
1,211187,211234,2023-08-07T08:56:00,2023-08-07T09:43:00,18279.25,18248.0,-629.36,flip,47.0
1,211246,211253,2023-08-07T09:55:00,2023-08-07T10:02:00,18267.5,18209.25,-1169.36,flip,7.0
1,211261,211308,2023-08-07T10:10:00,2023-08-07T10:57:00,18254.25,18234.75,-394.36,flip,47.0
1,211364,211671,2023-08-07T11:53:00,2023-08-07T17:00:00,18226.75,18329.75,2055.64,session_close,307.0
-1,211879,212550,2023-08-07T21:28:00,2023-08-08T08:39:00,18288.0,18212.0,1515.64,flip,671.0
-1,212611,212731,2023-08-08T09:40:00,2023-08-08T11:40:00,18185.5,18107.75,1550.64,flip,120.0
-1,212742,212762,2023-08-08T11:51:00,2023-08-08T12:11:00,18062.0,18108.5,-934.36,flip,20.0
-1,213835,214148,2023-08-09T07:04:00,2023-08-09T12:17:00,18215.75,18037.0,3570.64,flip,313.0
1,214149,214320,2023-08-09T12:18:00,2023-08-09T15:09:00,18038.75,18093.0,1080.64,flip,171.0
1,214461,215307,2023-08-09T18:30:00,2023-08-10T08:36:00,18059.5,18134.25,1490.64,flip,846.0
1,215320,215363,2023-08-10T08:49:00,2023-08-10T09:32:00,18150.25,18128.75,-434.36,flip,43.0
1,215369,215420,2023-08-10T09:38:00,2023-08-10T10:29:00,18176.0,18230.5,1085.64,flip,51.0
1,215487,215498,2023-08-10T11:36:00,2023-08-10T11:47:00,18156.25,18095.75,-1214.36,flip,11.0
1,215550,215569,2023-08-10T12:39:00,2023-08-10T12:58:00,18093.75,18061.75,-644.36,flip,19.0
1,215639,215723,2023-08-10T14:08:00,2023-08-10T15:32:00,18027.25,18037.75,205.64,flip,84.0
1,215814,216083,2023-08-10T18:03:00,2023-08-10T22:32:00,18062.5,18059.5,-64.36,flip,269.0
1,216600,216684,2023-08-11T07:09:00,2023-08-11T08:33:00,18030.25,17981.0,-989.36,flip,84.0
1,216749,216756,2023-08-11T09:38:00,2023-08-11T09:45:00,17954.5,17905.5,-984.36,flip,7.0
1,216775,216823,2023-08-11T10:04:00,2023-08-11T10:52:00,17958.75,17953.0,-119.36,flip,48.0
1,216893,216936,2023-08-11T12:02:00,2023-08-11T12:45:00,17927.5,17902.5,-504.36,flip,43.0
1,216981,217129,2023-08-11T13:30:00,2023-08-11T15:58:00,17942.0,17923.5,-374.36,flip,148.0
1,217206,217393,2023-08-13T18:15:00,2023-08-13T21:22:00,17970.5,17936.25,-689.36,flip,187.0
1,217653,217805,2023-08-14T01:42:00,2023-08-14T04:14:00,17916.5,18002.5,1715.64,flip,152.0
1,218133,218233,2023-08-14T09:42:00,2023-08-14T11:22:00,17937.5,18036.75,1980.64,flip,100.0
1,218263,218288,2023-08-14T11:52:00,2023-08-14T12:17:00,18084.75,18038.0,-939.36,flip,25.0
1,218334,218409,2023-08-14T13:03:00,2023-08-14T14:18:00,18061.75,18038.75,-464.36,flip,75.0
-1,218410,218493,2023-08-14T14:19:00,2023-08-14T15:42:00,18036.0,18081.0,-904.36,flip,83.0
-1,219118,219481,2023-08-15T03:07:00,2023-08-15T09:10:00,18119.5,18050.5,1375.64,flip,363.0
-1,219517,219596,2023-08-15T09:46:00,2023-08-15T11:05:00,18047.5,18003.75,870.64,flip,79.0
-1,219699,219951,2023-08-15T12:48:00,2023-08-15T17:00:00,17998.75,17949.25,985.64,session_close,252.0
1,220048,220634,2023-08-15T19:37:00,2023-08-16T05:23:00,17963.75,17956.0,-159.36,flip,586.0
1,220894,220914,2023-08-16T09:43:00,2023-08-16T10:03:00,17942.75,17915.0,-559.36,flip,20.0
1,220923,221004,2023-08-16T10:12:00,2023-08-16T11:33:00,17962.5,17929.25,-669.36,flip,81.0
1,221135,221155,2023-08-16T13:44:00,2023-08-16T14:04:00,17877.75,17845.0,-659.36,flip,20.0
1,221173,221203,2023-08-16T14:22:00,2023-08-16T14:52:00,17894.0,17859.0,-704.36,flip,30.0
1,221661,222267,2023-08-16T23:30:00,2023-08-17T09:36:00,17780.5,17809.25,570.64,flip,606.0
1,222344,222361,2023-08-17T10:53:00,2023-08-17T11:10:00,17747.0,17715.0,-644.36,flip,17.0
1,222424,222495,2023-08-17T12:13:00,2023-08-17T13:24:00,17749.75,17746.5,-69.36,flip,71.0
1,222647,222669,2023-08-17T15:56:00,2023-08-17T16:18:00,17644.25,17599.0,-909.36,flip,22.0
1,222914,223151,2023-08-17T21:23:00,2023-08-18T01:20:00,17619.75,17583.5,-729.36,flip,237.0
1,223661,223670,2023-08-18T09:50:00,2023-08-18T09:59:00,17517.0,17475.5,-834.36,flip,9.0
1,223694,223773,2023-08-18T10:23:00,2023-08-18T11:42:00,17509.5,17495.25,-289.36,flip,79.0
1,223784,223863,2023-08-18T11:53:00,2023-08-18T13:12:00,17540.5,17536.25,-89.36,flip,79.0
1,223900,223984,2023-08-18T13:49:00,2023-08-18T15:13:00,17565.25,17571.0,110.64,flip,84.0
1,224017,224027,2023-08-18T15:46:00,2023-08-18T15:56:00,17611.75,17593.0,-379.36,flip,10.0
1,224242,224289,2023-08-20T20:31:00,2023-08-20T21:18:00,17628.75,17585.0,-879.36,flip,47.0
1,224639,225000,2023-08-21T03:08:00,2023-08-21T09:09:00,17606.75,17648.75,835.64,flip,361.0
1,225027,225069,2023-08-21T09:36:00,2023-08-21T10:18:00,17685.25,17719.25,675.64,flip,42.0
1,225188,225423,2023-08-21T12:17:00,2023-08-21T16:12:00,17680.0,17803.25,2460.64,flip,235.0
1,225967,226405,2023-08-22T02:16:00,2023-08-22T09:34:00,17831.0,17904.75,1470.64,flip,438.0
1,226446,226463,2023-08-22T10:15:00,2023-08-22T10:32:00,17888.25,17846.25,-844.36,flip,17.0
1,226485,226532,2023-08-22T10:54:00,2023-08-22T11:41:00,17860.5,17844.75,-319.36,flip,47.0
1,226594,226614,2023-08-22T12:43:00,2023-08-22T13:03:00,17827.5,17788.25,-789.36,flip,20.0
1,226702,226763,2023-08-22T14:31:00,2023-08-22T15:32:00,17819.25,17796.75,-454.36,flip,61.0
1,226988,227611,2023-08-22T20:17:00,2023-08-23T06:40:00,17823.5,17875.25,1030.64,flip,623.0
1,227762,228089,2023-08-23T09:11:00,2023-08-23T14:38:00,17846.0,18033.5,3745.64,flip,327.0
1,228193,228231,2023-08-23T16:22:00,2023-08-23T17:00:00,18132.0,18195.0,1255.64,session_close,38.0
-1,228248,228375,2023-08-23T18:17:00,2023-08-23T20:24:00,18149.5,18183.75,-689.36,flip,127.0
-1,228789,228838,2023-08-24T03:18:00,2023-08-24T04:07:00,18207.75,18253.5,-919.36,flip,49.0
-1,228898,229028,2023-08-24T05:07:00,2023-08-24T07:17:00,18204.5,18230.5,-524.36,flip,130.0
-1,229078,229328,2023-08-24T08:07:00,2023-08-24T12:17:00,18187.0,17841.25,6910.64,flip,250.0
-1,229376,229611,2023-08-24T13:05:00,2023-08-24T17:00:00,17827.0,17671.75,3100.64,session_close,235.0
1,229663,230118,2023-08-24T18:52:00,2023-08-25T02:27:00,17705.0,17668.5,-734.36,flip,455.0
1,230159,230579,2023-08-25T03:08:00,2023-08-25T10:08:00,17674.25,17755.25,1615.64,flip,420.0
1,230584,230591,2023-08-25T10:13:00,2023-08-25T10:20:00,17776.0,17820.0,875.64,flip,7.0
1,230640,230650,2023-08-25T11:09:00,2023-08-25T11:19:00,17655.25,17624.0,-629.36,flip,10.0
1,230658,230686,2023-08-25T11:27:00,2023-08-25T11:55:00,17664.5,17676.25,230.64,flip,28.0
1,230705,230779,2023-08-25T12:14:00,2023-08-25T13:28:00,17685.0,17687.5,45.64,flip,74.0
1,230813,230923,2023-08-25T14:02:00,2023-08-25T15:52:00,17725.25,17810.5,1700.64,flip,110.0
1,230996,231123,2023-08-27T18:06:00,2023-08-27T20:13:00,17855.25,17824.25,-624.36,flip,127.0
-1,231135,231615,2023-08-27T20:25:00,2023-08-28T04:26:00,17822.75,17862.75,-804.36,flip,481.0
-1,231929,231953,2023-08-28T09:40:00,2023-08-28T10:04:00,17911.0,17902.25,170.64,flip,24.0
-1,231992,232110,2023-08-28T10:43:00,2023-08-28T12:41:00,17876.0,17869.25,130.64,flip,118.0
-1,232174,232245,2023-08-28T13:45:00,2023-08-28T14:56:00,17894.75,17891.75,55.64,flip,71.0
-1,232964,233304,2023-08-29T03:56:00,2023-08-29T09:36:00,17932.75,17949.75,-344.36,flip,340.0
-1,234221,234602,2023-08-30T01:53:00,2023-08-30T08:14:00,18258.75,18247.25,225.64,flip,381.0
-1,234686,234701,2023-08-30T09:38:00,2023-08-30T09:53:00,18226.5,18274.25,-959.36,flip,15.0
-1,234729,234741,2023-08-30T10:21:00,2023-08-30T10:33:00,18299.0,18261.75,740.64,flip,12.0
-1,234945,234992,2023-08-30T13:57:00,2023-08-30T14:44:00,18313.5,18341.75,-569.36,flip,47.0
-1,235796,235942,2023-08-31T05:08:00,2023-08-31T07:34:00,18321.5,18351.25,-599.36,flip,146.0
-1,236035,236061,2023-08-31T09:07:00,2023-08-31T09:33:00,18328.0,18375.25,-949.36,flip,26.0
-1,236142,236279,2023-08-31T10:54:00,2023-08-31T13:11:00,18393.25,18382.0,220.64,flip,137.0
-1,236446,236508,2023-08-31T15:58:00,2023-08-31T17:00:00,18387.0,18375.75,220.64,session_close,62.0
1,237084,237445,2023-09-01T03:36:00,2023-09-01T09:37:00,18389.25,18435.0,910.64,flip,361.0
1,237468,237503,2023-09-01T10:00:00,2023-09-01T10:35:00,18391.5,18377.25,-289.36,flip,35.0
1,237616,237735,2023-09-01T12:28:00,2023-09-01T14:27:00,18343.5,18311.75,-639.36,flip,119.0
1,237782,237888,2023-09-01T15:14:00,2023-09-01T17:00:00,18345.5,18350.5,95.64,session_close,106.0
-1,238902,239026,2023-09-04T10:56:00,2023-09-04T13:00:00,18371.25,18363.0,160.64,session_close,124.0
1,239716,239907,2023-09-05T05:30:00,2023-09-05T08:41:00,18308.25,18277.75,-614.36,flip,191.0
1,239916,239943,2023-09-05T08:50:00,2023-09-05T09:17:00,18327.5,18285.25,-849.36,flip,27.0
1,239968,239986,2023-09-05T09:42:00,2023-09-05T10:00:00,18342.25,18294.5,-959.36,flip,18.0
1,240008,240078,2023-09-05T10:22:00,2023-09-05T11:32:00,18331.0,18366.5,705.64,flip,70.0
1,240129,240339,2023-09-05T12:23:00,2023-09-05T15:53:00,18388.5,18377.0,-234.36,flip,210.0
1,241014,241368,2023-09-06T04:08:00,2023-09-06T10:02:00,18326.75,18292.25,-694.36,flip,354.0
1,241465,241508,2023-09-06T11:39:00,2023-09-06T12:22:00,18238.0,18191.75,-929.36,flip,43.0
1,241567,241786,2023-09-06T13:21:00,2023-09-06T17:00:00,18198.25,18226.0,550.64,session_close,219.0
-1,242228,242483,2023-09-07T01:22:00,2023-09-07T05:37:00,18189.25,18163.5,510.64,flip,255.0
-1,242595,242728,2023-09-07T07:29:00,2023-09-07T09:42:00,18121.75,18052.0,1390.64,flip,133.0
-1,242741,242758,2023-09-07T09:55:00,2023-09-07T10:12:00,18025.25,18058.75,-674.36,flip,17.0
-1,242805,242884,2023-09-07T10:59:00,2023-09-07T12:18:00,18072.0,18084.0,-244.36,flip,79.0
-1,243027,243044,2023-09-07T14:41:00,2023-09-07T14:58:00,18087.5,18135.0,-954.36,flip,17.0
-1,243739,244041,2023-09-08T03:33:00,2023-09-08T08:35:00,18132.75,18111.25,425.64,flip,302.0
-1,244125,244133,2023-09-08T09:59:00,2023-09-08T10:07:00,18160.5,18208.25,-959.36,flip,8.0
-1,244169,244208,2023-09-08T10:43:00,2023-09-08T11:22:00,18173.0,18182.0,-184.36,flip,39.0
-1,244284,244489,2023-09-08T12:38:00,2023-09-08T16:03:00,18161.25,18144.75,325.64,flip,205.0
-1,245486,245593,2023-09-11T09:40:00,2023-09-11T11:27:00,18237.5,18235.5,35.64,flip,107.0
-1,246053,246867,2023-09-11T20:08:00,2023-09-12T09:42:00,18290.0,18276.5,265.64,flip,814.0
-1,246912,247009,2023-09-12T10:27:00,2023-09-12T12:04:00,18241.5,18207.75,670.64,flip,97.0
-1,247111,247305,2023-09-12T13:46:00,2023-09-12T17:00:00,18206.25,18148.0,1160.64,session_close,194.0
1,247867,247956,2023-09-13T03:22:00,2023-09-13T04:51:00,18157.75,18123.0,-699.36,flip,89.0
1,248141,248177,2023-09-13T07:56:00,2023-09-13T08:32:00,18145.5,18067.0,-1574.36,flip,36.0
1,248182,248190,2023-09-13T08:37:00,2023-09-13T08:45:00,18120.25,18095.75,-494.36,flip,8.0
1,248201,248262,2023-09-13T08:56:00,2023-09-13T09:57:00,18143.0,18155.25,240.64,flip,61.0
-1,248271,248292,2023-09-13T10:06:00,2023-09-13T10:27:00,18140.5,18159.0,-374.36,flip,21.0
-1,248378,248412,2023-09-13T11:53:00,2023-09-13T12:27:00,18185.75,18232.25,-934.36,flip,34.0
-1,248556,248624,2023-09-13T14:51:00,2023-09-13T15:59:00,18210.0,18199.25,210.64,flip,68.0
-1,249302,249434,2023-09-14T04:17:00,2023-09-14T06:29:00,18228.75,18255.5,-539.36,flip,132.0
-1,249557,249579,2023-09-14T08:32:00,2023-09-14T08:54:00,18227.0,18268.5,-834.36,flip,22.0
-1,249618,249677,2023-09-14T09:33:00,2023-09-14T10:32:00,18237.75,18227.75,195.64,flip,59.0
-1,249748,249766,2023-09-14T11:43:00,2023-09-14T12:01:00,18279.25,18321.5,-849.36,flip,18.0
-1,249911,249951,2023-09-14T14:26:00,2023-09-14T15:06:00,18303.75,18345.25,-834.36,flip,40.0
-1,250646,251188,2023-09-15T03:41:00,2023-09-15T12:43:00,18314.25,18102.75,4225.64,flip,542.0
-1,251218,251357,2023-09-15T13:13:00,2023-09-15T15:32:00,18063.5,18054.25,180.64,flip,139.0
-1,252257,252379,2023-09-18T07:33:00,2023-09-18T09:35:00,18021.25,18040.25,-384.36,flip,122.0
-1,252388,252398,2023-09-18T09:44:00,2023-09-18T09:54:00,18027.0,18066.25,-789.36,flip,10.0
-1,252442,252469,2023-09-18T10:38:00,2023-09-18T11:05:00,18033.75,18055.75,-444.36,flip,27.0
-1,252696,252790,2023-09-18T14:52:00,2023-09-18T16:26:00,18053.25,18072.25,-384.36,flip,94.0
-1,253282,253405,2023-09-19T01:38:00,2023-09-19T03:41:00,18032.75,18070.0,-749.36,flip,123.0
-1,253701,253962,2023-09-19T08:37:00,2023-09-19T12:58:00,18039.25,17943.5,1910.64,flip,261.0
-1,254085,254132,2023-09-19T15:01:00,2023-09-19T15:48:00,17990.5,18029.0,-774.36,flip,47.0
-1,255136,255146,2023-09-20T09:33:00,2023-09-20T09:43:00,18019.25,18068.25,-984.36,flip,10.0
-1,255178,255314,2023-09-20T10:15:00,2023-09-20T12:31:00,18023.0,18018.5,85.64,flip,136.0
-1,255405,255430,2023-09-20T14:02:00,2023-09-20T14:27:00,17961.25,17993.5,-649.36,flip,25.0
-1,255451,255583,2023-09-20T14:48:00,2023-09-20T17:00:00,17979.75,17775.75,4075.64,session_close,132.0
1,256515,256534,2023-09-21T09:32:00,2023-09-21T09:51:00,17649.5,17606.0,-874.36,flip,19.0
1,256552,256603,2023-09-21T10:09:00,2023-09-21T11:00:00,17613.25,17605.75,-154.36,flip,51.0
1,256717,256801,2023-09-21T12:54:00,2023-09-21T14:18:00,17612.0,17593.5,-374.36,flip,84.0
1,257220,257895,2023-09-21T22:17:00,2023-09-22T09:32:00,17528.25,17558.0,590.64,flip,675.0
1,257911,257941,2023-09-22T09:48:00,2023-09-22T10:18:00,17579.25,17556.25,-464.36,flip,30.0
1,257955,258041,2023-09-22T10:32:00,2023-09-22T11:58:00,17610.0,17620.0,195.64,flip,86.0
1,258091,258123,2023-09-22T12:48:00,2023-09-22T13:20:00,17663.75,17610.75,-1064.36,flip,32.0
1,258226,258266,2023-09-22T15:03:00,2023-09-22T15:43:00,17559.25,17564.0,90.64,flip,40.0
1,258353,258483,2023-09-24T18:10:00,2023-09-24T20:21:00,17543.25,17512.0,-629.36,flip,131.0
1,258559,258962,2023-09-24T21:37:00,2023-09-25T04:20:00,17561.75,17542.5,-389.36,flip,403.0
-1,258964,259006,2023-09-25T04:22:00,2023-09-25T05:04:00,17541.0,17488.25,1050.64,flip,42.0
-1,259158,259281,2023-09-25T07:36:00,2023-09-25T09:39:00,17466.25,17475.75,-194.36,flip,123.0
-1,259325,259373,2023-09-25T10:23:00,2023-09-25T11:11:00,17485.0,17515.5,-614.36,flip,48.0
-1,259470,259495,2023-09-25T12:48:00,2023-09-25T13:13:00,17526.75,17556.5,-599.36,flip,25.0
-1,259531,259620,2023-09-25T13:49:00,2023-09-25T15:18:00,17514.0,17534.75,-419.36,flip,89.0
-1,259861,260307,2023-09-25T20:19:00,2023-09-26T03:45:00,17551.0,17487.5,1265.64,flip,446.0
-1,260440,260539,2023-09-26T05:58:00,2023-09-26T07:37:00,17480.75,17527.0,-929.36,flip,99.0
-1,260613,260715,2023-09-26T08:51:00,2023-09-26T10:33:00,17484.5,17415.5,1375.64,flip,102.0
1,260724,260735,2023-09-26T10:42:00,2023-09-26T10:53:00,17419.0,17398.75,-409.36,flip,11.0
1,260839,260898,2023-09-26T12:37:00,2023-09-26T13:36:00,17416.25,17378.25,-764.36,flip,59.0
1,261050,261102,2023-09-26T16:08:00,2023-09-26T17:00:00,17357.0,17367.25,200.64,session_close,52.0
-1,261838,262048,2023-09-27T06:16:00,2023-09-27T09:46:00,17389.25,17433.75,-894.36,flip,210.0
-1,262065,262087,2023-09-27T10:03:00,2023-09-27T10:25:00,17390.25,17395.75,-114.36,flip,22.0
-1,262114,262132,2023-09-27T10:52:00,2023-09-27T11:10:00,17365.25,17370.25,-104.36,flip,18.0
-1,262167,262330,2023-09-27T11:45:00,2023-09-27T14:28:00,17333.75,17292.25,825.64,flip,163.0
-1,262393,262424,2023-09-27T15:31:00,2023-09-27T16:02:00,17407.5,17394.25,260.64,flip,31.0
-1,262781,262934,2023-09-27T22:59:00,2023-09-28T01:32:00,17384.75,17404.75,-404.36,flip,153.0
-1,263086,263194,2023-09-28T04:04:00,2023-09-28T05:52:00,17365.0,17372.0,-144.36,flip,108.0
-1,263296,263331,2023-09-28T07:34:00,2023-09-28T08:09:00,17337.5,17374.0,-734.36,flip,35.0
-1,263364,263436,2023-09-28T08:42:00,2023-09-28T09:54:00,17368.75,17354.25,285.64,flip,72.0
-1,263461,263486,2023-09-28T10:19:00,2023-09-28T10:44:00,17366.0,17371.75,-119.36,flip,25.0
-1,263618,263707,2023-09-28T12:56:00,2023-09-28T14:25:00,17526.0,17524.75,20.64,flip,89.0
-1,263719,263754,2023-09-28T14:37:00,2023-09-28T15:12:00,17474.75,17501.75,-544.36,flip,35.0
1,263755,263781,2023-09-28T15:13:00,2023-09-28T15:39:00,17504.25,17496.0,-169.36,flip,26.0
1,263868,264019,2023-09-28T18:06:00,2023-09-28T20:37:00,17530.5,17490.25,-809.36,flip,151.0
1,264141,264679,2023-09-28T22:39:00,2023-09-29T07:37:00,17515.25,17566.25,1015.64,flip,538.0
1,264724,264845,2023-09-29T08:22:00,2023-09-29T10:23:00,17608.5,17652.0,865.64,flip,121.0
1,264878,264899,2023-09-29T10:56:00,2023-09-29T11:17:00,17664.0,17610.5,-1074.36,flip,21.0
1,264965,264992,2023-09-29T12:23:00,2023-09-29T12:50:00,17600.0,17542.25,-1159.36,flip,27.0
1,265107,265150,2023-09-29T14:45:00,2023-09-29T15:28:00,17510.0,17503.75,-129.36,flip,43.0
1,265174,265179,2023-09-29T15:52:00,2023-09-29T15:57:00,17555.5,17496.0,-1194.36,flip,5.0
1,265204,265242,2023-09-29T16:22:00,2023-09-29T17:00:00,17542.0,17533.5,-174.36,session_close,38.0
-1,265249,265450,2023-10-01T18:07:00,2023-10-01T21:28:00,17590.0,17626.5,-734.36,flip,201.0
-1,265707,265783,2023-10-02T01:45:00,2023-10-02T03:01:00,17588.25,17618.75,-614.36,flip,76.0
1,265790,265904,2023-10-02T03:08:00,2023-10-02T05:02:00,17619.25,17603.0,-329.36,flip,114.0
1,266171,266196,2023-10-02T09:29:00,2023-10-02T09:54:00,17515.0,17551.5,725.64,flip,25.0
1,266204,266214,2023-10-02T10:02:00,2023-10-02T10:12:00,17602.0,17582.75,-389.36,flip,10.0
1,266256,266301,2023-10-02T10:54:00,2023-10-02T11:39:00,17611.5,17628.5,335.64,flip,45.0
1,266411,266466,2023-10-02T13:29:00,2023-10-02T14:24:00,17558.0,17541.25,-339.36,flip,55.0
1,266516,266622,2023-10-02T15:14:00,2023-10-02T17:00:00,17553.5,17634.5,1615.64,session_close,106.0
-1,266754,267202,2023-10-02T20:12:00,2023-10-03T03:40:00,17599.25,17632.75,-674.36,flip,448.0
-1,267294,267556,2023-10-03T05:12:00,2023-10-03T09:34:00,17624.5,17542.0,1645.64,flip,262.0
-1,267584,267721,2023-10-03T10:02:00,2023-10-03T12:19:00,17539.0,17404.75,2680.64,flip,137.0
-1,267783,267934,2023-10-03T13:21:00,2023-10-03T15:52:00,17377.5,17343.75,670.64,flip,151.0
-1,268198,268587,2023-10-03T21:16:00,2023-10-04T03:45:00,17329.25,17285.5,870.64,flip,389.0
-1,268964,268983,2023-10-04T10:02:00,2023-10-04T10:21:00,17424.0,17431.75,-159.36,flip,19.0
-1,268992,268997,2023-10-04T10:30:00,2023-10-04T10:35:00,17385.0,17426.0,-824.36,flip,5.0
-1,269011,269035,2023-10-04T10:49:00,2023-10-04T11:13:00,17434.25,17459.5,-509.36,flip,24.0
-1,269169,269246,2023-10-04T13:27:00,2023-10-04T14:44:00,17484.0,17499.25,-309.36,flip,77.0
-1,269371,269382,2023-10-04T16:49:00,2023-10-04T17:00:00,17545.5,17544.5,15.64,session_close,11.0
1,269697,269888,2023-10-04T23:15:00,2023-10-05T02:26:00,17583.75,17539.5,-889.36,flip,191.0
-1,269889,270018,2023-10-05T02:27:00,2023-10-05T04:36:00,17538.5,17558.0,-394.36,flip,129.0
1,270130,270254,2023-10-05T06:28:00,2023-10-05T08:32:00,17543.75,17546.5,50.64,flip,124.0
1,270310,270324,2023-10-05T09:28:00,2023-10-05T09:42:00,17549.25,17511.25,-764.36,flip,14.0
1,270447,270529,2023-10-05T11:45:00,2023-10-05T13:07:00,17410.0,17423.5,265.64,flip,82.0
1,270559,270711,2023-10-05T13:37:00,2023-10-05T16:09:00,17474.0,17497.75,470.64,flip,152.0
1,271331,271580,2023-10-06T03:29:00,2023-10-06T07:38:00,17525.25,17517.0,-169.36,flip,249.0
1,271672,271701,2023-10-06T09:10:00,2023-10-06T09:39:00,17363.0,17385.25,440.64,flip,29.0
1,271709,271713,2023-10-06T09:47:00,2023-10-06T09:51:00,17421.0,17383.25,-759.36,flip,4.0
1,271736,272142,2023-10-06T10:14:00,2023-10-06T17:00:00,17396.0,17781.5,7705.64,session_close,406.0
-1,272144,272633,2023-10-08T18:02:00,2023-10-09T02:11:00,17657.75,17666.5,-179.36,flip,489.0
-1,272696,272811,2023-10-09T03:14:00,2023-10-09T05:09:00,17628.75,17668.25,-794.36,flip,115.0
-1,272967,273044,2023-10-09T07:45:00,2023-10-09T09:02:00,17622.75,17663.5,-819.36,flip,77.0
-1,273076,273086,2023-10-09T09:34:00,2023-10-09T09:44:00,17623.0,17662.75,-799.36,flip,10.0
-1,273107,273114,2023-10-09T10:05:00,2023-10-09T10:12:00,17650.25,17680.0,-599.36,flip,7.0
1,273119,273141,2023-10-09T10:17:00,2023-10-09T10:39:00,17683.75,17653.25,-614.36,flip,22.0
1,273191,273522,2023-10-09T11:29:00,2023-10-09T17:00:00,17663.25,17837.0,3470.64,session_close,331.0
-1,274016,274151,2023-10-10T02:17:00,2023-10-10T04:32:00,17834.75,17878.75,-884.36,flip,135.0
-1,274322,274464,2023-10-10T07:23:00,2023-10-10T09:45:00,17830.25,17867.25,-744.36,flip,142.0
-1,274665,274899,2023-10-10T13:06:00,2023-10-10T17:00:00,17944.5,17924.0,405.64,session_close,234.0
1,275485,275771,2023-10-11T03:46:00,2023-10-11T08:32:00,17953.0,17932.0,-424.36,flip,286.0
1,275799,275851,2023-10-11T09:00:00,2023-10-11T09:52:00,17977.5,17975.5,-44.36,flip,52.0
1,275913,275939,2023-10-11T10:54:00,2023-10-11T11:20:00,18000.75,17968.5,-649.36,flip,26.0
1,276122,276279,2023-10-11T14:23:00,2023-10-11T17:00:00,17950.0,18052.75,2050.64,session_close,157.0
-1,277152,277247,2023-10-12T08:33:00,2023-10-12T10:08:00,18033.0,18065.0,-644.36,flip,95.0
-1,277271,277315,2023-10-12T10:32:00,2023-10-12T11:16:00,18053.0,18089.75,-739.36,flip,44.0
-1,277334,277361,2023-10-12T11:35:00,2023-10-12T12:02:00,18051.75,18096.75,-904.36,flip,27.0
-1,277422,277512,2023-10-12T13:03:00,2023-10-12T14:33:00,18058.0,17913.25,2890.64,flip,90.0
-1,278301,278469,2023-10-13T04:42:00,2023-10-13T07:30:00,17936.25,17908.75,545.64,flip,168.0
-1,278597,278601,2023-10-13T09:38:00,2023-10-13T09:42:00,17947.5,17993.5,-924.36,flip,4.0
-1,278621,278761,2023-10-13T10:02:00,2023-10-13T12:22:00,17947.0,17808.5,2765.64,flip,140.0
-1,278792,278843,2023-10-13T12:53:00,2023-10-13T13:44:00,17794.25,17754.25,795.64,flip,51.0
-1,278877,278894,2023-10-13T14:18:00,2023-10-13T14:35:00,17733.75,17779.25,-914.36,flip,17.0
-1,278949,279039,2023-10-13T15:30:00,2023-10-13T17:00:00,17747.75,17749.5,-39.36,session_close,90.0
1,279043,279510,2023-10-15T18:04:00,2023-10-16T01:51:00,17787.5,17782.5,-104.36,flip,467.0
1,279677,279764,2023-10-16T04:38:00,2023-10-16T06:05:00,17771.75,17736.25,-714.36,flip,87.0
1,279859,279985,2023-10-16T07:40:00,2023-10-16T09:46:00,17781.75,17842.75,1215.64,flip,126.0
1,280001,280103,2023-10-16T10:02:00,2023-10-16T11:44:00,17879.5,17913.5,675.64,flip,102.0
1,280185,280201,2023-10-16T13:06:00,2023-10-16T13:22:00,17947.0,17883.75,-1269.36,flip,16.0
1,280213,280419,2023-10-16T13:34:00,2023-10-16T17:00:00,17920.75,17946.75,515.64,session_close,206.0
-1,280475,281387,2023-10-16T18:56:00,2023-10-17T10:08:00,17929.0,17749.5,3585.64,flip,912.0
-1,281585,281735,2023-10-17T13:26:00,2023-10-17T15:56:00,17901.0,17879.0,435.64,flip,150.0
-1,281932,282449,2023-10-17T20:13:00,2023-10-18T04:50:00,17837.5,17853.75,-329.36,flip,517.0
-1,282494,282735,2023-10-18T05:35:00,2023-10-18T09:36:00,17806.25,17832.75,-534.36,flip,241.0
-1,282741,282779,2023-10-18T09:42:00,2023-10-18T10:20:00,17787.0,17823.25,-729.36,flip,38.0
-1,282790,282839,2023-10-18T10:31:00,2023-10-18T11:20:00,17799.25,17784.0,300.64,flip,49.0
-1,282902,282945,2023-10-18T12:23:00,2023-10-18T13:06:00,17761.75,17778.25,-334.36,flip,43.0
-1,282973,282998,2023-10-18T13:34:00,2023-10-18T13:59:00,17761.75,17756.75,95.64,flip,25.0
1,282999,283017,2023-10-18T14:00:00,2023-10-18T14:18:00,17756.75,17723.75,-664.36,flip,18.0
1,283121,283179,2023-10-18T16:02:00,2023-10-18T17:00:00,17702.25,17703.25,15.64,session_close,58.0
-1,283402,283742,2023-10-18T21:43:00,2023-10-19T03:23:00,17664.0,17673.0,-184.36,flip,340.0
-1,283766,283807,2023-10-19T03:47:00,2023-10-19T04:28:00,17627.0,17637.25,-209.36,flip,41.0
-1,284117,284151,2023-10-19T09:38:00,2023-10-19T10:12:00,17699.0,17728.5,-594.36,flip,34.0
-1,284163,284183,2023-10-19T10:24:00,2023-10-19T10:44:00,17688.5,17691.75,-69.36,flip,20.0
-1,284209,284235,2023-10-19T11:10:00,2023-10-19T11:36:00,17645.0,17663.0,-364.36,flip,26.0
-1,284266,284281,2023-10-19T12:07:00,2023-10-19T12:22:00,17707.25,17749.0,-839.36,flip,15.0
-1,284286,284308,2023-10-19T12:27:00,2023-10-19T12:49:00,17707.5,17635.0,1445.64,flip,22.0
-1,284344,284491,2023-10-19T13:25:00,2023-10-19T15:52:00,17709.75,17551.5,3160.64,flip,147.0
-1,284502,284559,2023-10-19T16:03:00,2023-10-19T17:00:00,17502.0,17492.5,185.64,session_close,57.0
1,285158,285249,2023-10-20T03:59:00,2023-10-20T05:30:00,17483.75,17480.75,-64.36,flip,91.0
1,285397,285422,2023-10-20T07:58:00,2023-10-20T08:23:00,17512.0,17466.5,-914.36,flip,25.0
1,285488,285493,2023-10-20T09:29:00,2023-10-20T09:34:00,17503.0,17459.75,-869.36,flip,5.0
1,285501,285514,2023-10-20T09:42:00,2023-10-20T09:55:00,17502.75,17475.0,-559.36,flip,13.0
1,285630,285653,2023-10-20T11:51:00,2023-10-20T12:14:00,17351.0,17332.5,-374.36,flip,23.0
1,285677,285754,2023-10-20T12:38:00,2023-10-20T13:55:00,17381.0,17392.5,225.64,flip,77.0
1,285951,286512,2023-10-22T18:12:00,2023-10-23T03:33:00,17340.25,17309.75,-614.36,flip,561.0
1,286703,286876,2023-10-23T06:44:00,2023-10-23T09:37:00,17213.5,17208.25,-109.36,flip,173.0
1,286889,286936,2023-10-23T09:50:00,2023-10-23T10:37:00,17226.25,17281.5,1100.64,flip,47.0
1,286943,287098,2023-10-23T10:44:00,2023-10-23T13:19:00,17327.75,17441.0,2260.64,flip,155.0
1,287129,287159,2023-10-23T13:50:00,2023-10-23T14:20:00,17475.75,17428.75,-944.36,flip,30.0
1,287296,287319,2023-10-23T16:37:00,2023-10-23T17:00:00,17388.5,17391.0,45.64,session_close,23.0
-1,287937,287996,2023-10-24T04:18:00,2023-10-24T05:17:00,17414.0,17429.0,-304.36,flip,59.0
-1,288240,288255,2023-10-24T09:21:00,2023-10-24T09:36:00,17412.75,17454.25,-834.36,flip,15.0
1,288260,288270,2023-10-24T09:41:00,2023-10-24T09:51:00,17454.75,17415.25,-794.36,flip,10.0
1,288280,288300,2023-10-24T10:01:00,2023-10-24T10:21:00,17468.75,17430.0,-779.36,flip,20.0
1,288306,288358,2023-10-24T10:27:00,2023-10-24T11:19:00,17477.0,17472.0,-104.36,flip,52.0
1,288481,288643,2023-10-24T13:22:00,2023-10-24T16:04:00,17395.75,17490.5,1890.64,flip,162.0
1,288651,288662,2023-10-24T16:12:00,2023-10-24T16:23:00,17524.75,17477.75,-944.36,flip,11.0
1,289313,289628,2023-10-25T04:14:00,2023-10-25T09:29:00,17401.5,17382.5,-384.36,flip,315.0
1,289700,289715,2023-10-25T10:41:00,2023-10-25T10:56:00,17298.5,17268.5,-604.36,flip,15.0
1,289724,289743,2023-10-25T11:05:00,2023-10-25T11:24:00,17312.5,17269.5,-864.36,flip,19.0
1,289994,290053,2023-10-25T15:35:00,2023-10-25T16:34:00,17142.5,17118.25,-489.36,flip,59.0
1,290670,290863,2023-10-26T03:51:00,2023-10-26T07:04:00,16948.0,16958.75,210.64,flip,193.0
1,290938,291019,2023-10-26T08:19:00,2023-10-26T09:40:00,16994.25,17039.75,905.64,flip,81.0
1,291024,291029,2023-10-26T09:45:00,2023-10-26T09:50:00,17061.5,17004.0,-1154.36,flip,5.0
1,291069,291077,2023-10-26T10:30:00,2023-10-26T10:38:00,16972.0,16921.25,-1019.36,flip,8.0
1,291085,291104,2023-10-26T10:46:00,2023-10-26T11:05:00,16962.75,16966.5,70.64,flip,19.0
1,291157,291167,2023-10-26T11:58:00,2023-10-26T12:08:00,16923.75,16872.5,-1029.36,flip,10.0
1,291224,291243,2023-10-26T13:05:00,2023-10-26T13:24:00,16838.0,16800.75,-749.36,flip,19.0
1,291263,291352,2023-10-26T13:44:00,2023-10-26T15:13:00,16838.75,16924.0,1700.64,flip,89.0
1,291404,291442,2023-10-26T16:05:00,2023-10-26T16:43:00,16870.5,16850.75,-399.36,flip,38.0
1,291461,291621,2023-10-26T18:02:00,2023-10-26T20:42:00,16916.0,16913.25,-59.36,flip,160.0
1,291879,292006,2023-10-27T01:00:00,2023-10-27T03:07:00,16960.0,16921.25,-779.36,flip,127.0
1,292097,292256,2023-10-27T04:38:00,2023-10-27T07:17:00,16968.25,16938.5,-599.36,flip,159.0
-1,292259,292335,2023-10-27T07:20:00,2023-10-27T08:36:00,16936.0,16961.25,-509.36,flip,76.0
-1,292410,292425,2023-10-27T09:51:00,2023-10-27T10:06:00,16939.0,16983.75,-899.36,flip,15.0
-1,292460,292473,2023-10-27T10:41:00,2023-10-27T10:54:00,16946.0,16965.0,-384.36,flip,13.0
-1,292515,292677,2023-10-27T11:36:00,2023-10-27T14:18:00,16997.0,16902.75,1880.64,flip,162.0
1,292697,292716,2023-10-27T14:38:00,2023-10-27T14:57:00,16915.25,16872.5,-859.36,flip,19.0
1,292780,292839,2023-10-27T16:01:00,2023-10-27T17:00:00,16907.5,16912.0,85.64,session_close,59.0
-1,293754,293775,2023-10-30T09:15:00,2023-10-30T09:36:00,16987.5,17037.75,-1009.36,flip,21.0
-1,293804,293852,2023-10-30T10:05:00,2023-10-30T10:53:00,17064.25,17003.5,1210.64,flip,48.0
-1,293883,293896,2023-10-30T11:24:00,2023-10-30T11:37:00,16974.5,17017.25,-859.36,flip,13.0
-1,293944,294005,2023-10-30T12:25:00,2023-10-30T13:26:00,16991.25,17012.25,-424.36,flip,61.0
-1,294158,294219,2023-10-30T15:59:00,2023-10-30T17:00:00,17059.25,17054.75,85.64,session_close,61.0
1,294837,295104,2023-10-31T04:18:00,2023-10-31T08:45:00,17009.0,17046.25,740.64,flip,267.0
1,295188,295218,2023-10-31T10:09:00,2023-10-31T10:39:00,17004.5,16997.5,-144.36,flip,30.0
1,295224,295270,2023-10-31T10:45:00,2023-10-31T11:31:00,17034.75,17022.0,-259.36,flip,46.0
1,295334,295556,2023-10-31T12:35:00,2023-10-31T16:17:00,17058.5,17095.5,735.64,flip,222.0
1,296135,296229,2023-11-01T02:56:00,2023-11-01T04:30:00,17129.75,17083.5,-929.36,flip,94.0
1,296471,296637,2023-11-01T08:32:00,2023-11-01T11:18:00,17106.25,17242.0,2710.64,flip,166.0
1,296753,296815,2023-11-01T13:14:00,2023-11-01T14:16:00,17256.0,17227.5,-574.36,flip,62.0
1,296831,296839,2023-11-01T14:32:00,2023-11-01T14:40:00,17268.25,17264.0,-89.36,flip,8.0
1,296851,296979,2023-11-01T14:52:00,2023-11-01T17:00:00,17260.0,17403.25,2860.64,session_close,128.0
-1,297947,297969,2023-11-02T10:08:00,2023-11-02T10:30:00,17547.75,17572.5,-499.36,flip,22.0
-1,298332,298359,2023-11-02T16:33:00,2023-11-02T17:00:00,17581.5,17612.5,-624.36,session_close,27.0
1,299231,299331,2023-11-03T08:32:00,2023-11-03T10:12:00,17677.25,17737.25,1195.64,flip,100.0
1,299368,299669,2023-11-03T10:49:00,2023-11-03T15:50:00,17743.75,17822.75,1575.64,flip,301.0
1,300337,300693,2023-11-06T03:58:00,2023-11-06T09:54:00,17855.0,17843.75,-229.36,flip,356.0
1,300740,300808,2023-11-06T10:41:00,2023-11-06T11:49:00,17880.75,17838.75,-844.36,flip,68.0
1,300982,301119,2023-11-06T14:43:00,2023-11-06T17:00:00,17838.5,17864.5,515.64,session_close,137.0
-1,301639,301920,2023-11-07T02:40:00,2023-11-07T07:21:00,17830.5,17865.75,-709.36,flip,281.0
-1,302055,302071,2023-11-07T09:36:00,2023-11-07T09:52:00,17880.0,17917.75,-759.36,flip,16.0
-1,302205,302263,2023-11-07T12:06:00,2023-11-07T13:04:00,17996.0,18020.75,-499.36,flip,58.0
-1,302435,302499,2023-11-07T15:56:00,2023-11-07T17:00:00,18007.5,18018.0,-214.36,session_close,64.0
1,303345,303463,2023-11-08T08:06:00,2023-11-08T10:04:00,18026.0,18005.0,-424.36,flip,118.0
1,303644,303879,2023-11-08T13:05:00,2023-11-08T17:00:00,17987.25,18001.5,280.64,session_close,235.0
-1,303881,304354,2023-11-08T18:02:00,2023-11-09T01:55:00,17989.25,18032.5,-869.36,flip,473.0
1,304463,304847,2023-11-09T03:44:00,2023-11-09T10:08:00,18034.75,18017.5,-349.36,flip,384.0
1,304902,304976,2023-11-09T11:03:00,2023-11-09T12:17:00,18037.0,18047.0,195.64,flip,74.0
1,305035,305073,2023-11-09T13:16:00,2023-11-09T13:54:00,18016.75,17987.0,-599.36,flip,38.0
1,305762,305878,2023-11-10T02:23:00,2023-11-10T04:19:00,17901.75,17867.0,-699.36,flip,116.0
1,306070,306226,2023-11-10T07:31:00,2023-11-10T10:07:00,17896.25,17978.25,1635.64,flip,156.0
1,306280,306639,2023-11-10T11:01:00,2023-11-10T17:00:00,18015.25,18225.0,4190.64,session_close,359.0
-1,306690,307333,2023-11-12T18:51:00,2023-11-13T05:34:00,18208.75,18199.0,190.64,flip,643.0
-1,307575,307615,2023-11-13T09:36:00,2023-11-13T10:16:00,18153.0,18163.75,-219.36,flip,40.0
-1,307732,307866,2023-11-13T12:13:00,2023-11-13T14:27:00,18182.5,18225.5,-864.36,flip,134.0
-1,309092,309166,2023-11-14T11:53:00,2023-11-14T13:07:00,18487.25,18524.25,-744.36,flip,74.0
-1,309224,309258,2023-11-14T14:05:00,2023-11-14T14:39:00,18478.5,18512.5,-684.36,flip,34.0
-1,309335,309399,2023-11-14T15:56:00,2023-11-14T17:00:00,18512.25,18535.0,-459.36,session_close,64.0
1,309430,310274,2023-11-14T18:31:00,2023-11-15T08:35:00,18552.75,18608.0,1100.64,flip,844.0
-1,310278,310385,2023-11-15T08:39:00,2023-11-15T10:26:00,18601.0,18596.5,85.64,flip,107.0
-1,310459,310567,2023-11-15T11:40:00,2023-11-15T13:28:00,18567.0,18522.25,890.64,flip,108.0
-1,310715,310779,2023-11-15T15:56:00,2023-11-15T17:00:00,18518.75,18487.25,625.64,session_close,64.0
1,311262,311635,2023-11-16T02:03:00,2023-11-16T08:16:00,18512.75,18467.0,-919.36,flip,373.0
1,311660,311713,2023-11-16T08:41:00,2023-11-16T09:34:00,18511.25,18470.25,-824.36,flip,53.0
1,311729,311760,2023-11-16T09:50:00,2023-11-16T10:21:00,18517.0,18488.5,-574.36,flip,31.0
1,311867,311942,2023-11-16T12:08:00,2023-11-16T13:23:00,18495.25,18496.75,25.64,flip,75.0
-1,311943,312025,2023-11-16T13:24:00,2023-11-16T14:46:00,18490.75,18524.0,-669.36,flip,82.0
-1,313088,313238,2023-11-17T09:29:00,2023-11-17T11:59:00,18515.75,18516.25,-14.36,flip,150.0
-1,313453,313539,2023-11-17T15:34:00,2023-11-17T17:00:00,18521.0,18516.25,90.64,session_close,86.0
1,314133,314524,2023-11-20T03:54:00,2023-11-20T10:25:00,18527.0,18586.0,1175.64,flip,391.0
1,314557,314919,2023-11-20T10:58:00,2023-11-20T17:00:00,18631.0,18731.5,2005.64,session_close,362.0
-1,315483,316024,2023-11-21T03:24:00,2023-11-21T12:25:00,18717.75,18610.25,2145.64,flip,541.0
-1,316261,316266,2023-11-21T16:22:00,2023-11-21T16:27:00,18586.25,18630.75,-894.36,flip,5.0
-1,316316,316963,2023-11-21T18:17:00,2023-11-22T05:04:00,18589.75,18632.5,-859.36,flip,647.0
-1,317251,317285,2023-11-22T09:52:00,2023-11-22T10:26:00,18758.75,18704.25,1085.64,flip,34.0
-1,317313,317364,2023-11-22T10:54:00,2023-11-22T11:45:00,18692.75,18718.75,-524.36,flip,51.0
-1,317537,317679,2023-11-22T14:38:00,2023-11-22T17:00:00,18697.5,18687.5,195.64,session_close,142.0
1,318098,318818,2023-11-23T01:00:00,2023-11-23T13:00:00,18706.0,18704.5,-34.36,session_close,720.0
-1,319304,319973,2023-11-24T02:06:00,2023-11-24T13:15:00,18682.0,18653.0,575.64,session_close,669.0
1,320510,320909,2023-11-27T02:57:00,2023-11-27T09:36:00,18628.0,18630.0,35.64,flip,399.0
1,320942,321191,2023-11-27T10:09:00,2023-11-27T14:18:00,18664.25,18684.0,390.64,flip,249.0
1,322048,322198,2023-11-28T05:35:00,2023-11-28T08:05:00,18640.25,18606.0,-689.36,flip,150.0
1,322288,322370,2023-11-28T09:35:00,2023-11-28T10:57:00,18642.0,18638.75,-69.36,flip,82.0
1,322402,322465,2023-11-28T11:29:00,2023-11-28T12:32:00,18685.75,18661.75,-484.36,flip,63.0
1,322606,322733,2023-11-28T14:53:00,2023-11-28T17:00:00,18659.75,18693.5,670.64,session_close,127.0
-1,323700,323843,2023-11-29T10:07:00,2023-11-29T12:30:00,18785.0,18726.75,1160.64,flip,143.0
-1,323971,324113,2023-11-29T14:38:00,2023-11-29T17:00:00,18682.75,18683.25,-14.36,session_close,142.0
1,324492,325017,2023-11-30T00:19:00,2023-11-30T09:04:00,18701.75,18677.75,-484.36,flip,525.0
1,325089,325105,2023-11-30T10:16:00,2023-11-30T10:32:00,18615.25,18586.25,-584.36,flip,16.0
1,325355,325401,2023-11-30T14:42:00,2023-11-30T15:28:00,18549.0,18514.25,-699.36,flip,46.0
1,325419,325493,2023-11-30T15:46:00,2023-11-30T17:00:00,18569.75,18599.0,580.64,session_close,74.0
-1,326283,326438,2023-12-01T07:10:00,2023-12-01T09:45:00,18590.25,18576.75,265.64,flip,155.0
-1,326470,326490,2023-12-01T10:17:00,2023-12-01T10:37:00,18545.0,18554.5,-194.36,flip,20.0
1,326501,326538,2023-12-01T10:48:00,2023-12-01T11:25:00,18555.0,18576.0,415.64,flip,37.0
1,326558,326672,2023-12-01T11:45:00,2023-12-01T13:39:00,18633.0,18642.5,185.64,flip,114.0
1,326812,326873,2023-12-01T15:59:00,2023-12-01T17:00:00,18677.75,18672.25,-114.36,session_close,61.0
-1,326883,327457,2023-12-03T18:10:00,2023-12-04T03:44:00,18631.75,18632.25,-14.36,flip,574.0
-1,327636,327925,2023-12-04T06:43:00,2023-12-04T11:32:00,18596.0,18413.5,3645.64,flip,289.0
-1,328045,328167,2023-12-04T13:32:00,2023-12-04T15:34:00,18461.0,18484.5,-474.36,flip,122.0
-1,328394,328855,2023-12-04T20:21:00,2023-12-05T04:02:00,18478.25,18448.5,590.64,flip,461.0
1,328856,328967,2023-12-05T04:03:00,2023-12-05T05:54:00,18449.75,18409.0,-819.36,flip,111.0
1,329123,329180,2023-12-05T08:30:00,2023-12-05T09:27:00,18451.25,18413.0,-769.36,flip,57.0
1,329191,329241,2023-12-05T09:38:00,2023-12-05T10:28:00,18468.5,18517.25,970.64,flip,50.0
1,329250,329290,2023-12-05T10:37:00,2023-12-05T11:17:00,18558.75,18553.75,-104.36,flip,40.0
1,329335,329378,2023-12-05T12:02:00,2023-12-05T12:45:00,18522.0,18484.5,-754.36,flip,43.0
1,329414,329633,2023-12-05T13:21:00,2023-12-05T17:00:00,18520.0,18541.75,430.64,session_close,219.0
-1,330385,330506,2023-12-06T06:32:00,2023-12-06T08:33:00,18582.25,18619.5,-749.36,flip,121.0
-1,330567,330610,2023-12-06T09:34:00,2023-12-06T10:17:00,18632.25,18611.25,415.64,flip,43.0
-1,330618,330630,2023-12-06T10:25:00,2023-12-06T10:37:00,18555.0,18566.0,-224.36,flip,12.0
-1,330686,330714,2023-12-06T11:33:00,2023-12-06T12:01:00,18538.0,18558.25,-409.36,flip,28.0
-1,330771,331013,2023-12-06T12:58:00,2023-12-06T17:00:00,18509.25,18456.5,1050.64,session_close,242.0
1,331646,331962,2023-12-07T04:33:00,2023-12-07T09:49:00,18483.25,18561.5,1560.64,flip,316.0
1,331986,332050,2023-12-07T10:13:00,2023-12-07T11:17:00,18585.5,18600.5,295.64,flip,64.0
1,332067,332366,2023-12-07T11:34:00,2023-12-07T16:33:00,18629.0,18650.5,425.64,flip,299.0
1,333094,333172,2023-12-08T05:41:00,2023-12-08T06:59:00,18679.5,18634.0,-914.36,flip,78.0
1,333272,333389,2023-12-08T08:39:00,2023-12-08T10:36:00,18593.75,18702.25,2165.64,flip,117.0
1,333406,333428,2023-12-08T10:53:00,2023-12-08T11:15:00,18716.25,18701.0,-309.36,flip,22.0
1,333502,333773,2023-12-08T12:29:00,2023-12-08T17:00:00,18691.5,18736.0,885.64,session_close,271.0
-1,333885,334675,2023-12-10T19:52:00,2023-12-11T09:04:00,18711.0,18734.75,-479.36,flip,792.0
-1,334803,334858,2023-12-11T11:12:00,2023-12-11T12:07:00,18789.0,18817.75,-579.36,flip,55.0
-1,336036,336109,2023-12-12T08:45:00,2023-12-12T09:58:00,18908.0,18885.5,445.64,flip,73.0
-1,336243,336297,2023-12-12T12:12:00,2023-12-12T13:06:00,18899.75,18944.5,-899.36,flip,54.0
1,336308,336531,2023-12-12T13:17:00,2023-12-12T17:00:00,18944.5,19029.0,1685.64,session_close,223.0
-1,337487,337733,2023-12-13T09:56:00,2023-12-13T14:02:00,19041.25,19079.5,-769.36,flip,246.0
-1,337764,337767,2023-12-13T14:33:00,2023-12-13T14:36:00,19104.75,19156.25,-1034.36,flip,3.0
-1,337805,337825,2023-12-13T15:14:00,2023-12-13T15:34:00,19189.75,19164.25,505.64,flip,20.0
-1,338515,338821,2023-12-14T04:04:00,2023-12-14T09:10:00,19269.75,19291.75,-444.36,flip,306.0
-1,338875,338931,2023-12-14T10:04:00,2023-12-14T11:00:00,19248.5,19248.75,-9.36,flip,56.0
-1,338946,339005,2023-12-14T11:15:00,2023-12-14T12:14:00,19194.25,19225.25,-624.36,flip,59.0
1,339006,339048,2023-12-14T12:15:00,2023-12-14T12:57:00,19227.75,19193.75,-684.36,flip,42.0
1,339113,339291,2023-12-14T14:02:00,2023-12-14T17:00:00,19105.5,19175.25,1390.64,session_close,178.0
-1,340174,340204,2023-12-15T08:43:00,2023-12-15T09:13:00,19200.0,19239.5,-794.36,flip,30.0
-1,340410,340526,2023-12-15T12:39:00,2023-12-15T14:35:00,19268.0,19248.25,390.64,flip,116.0
-1,340612,340671,2023-12-15T16:01:00,2023-12-15T17:00:00,19251.25,19247.25,75.64,session_close,59.0
1,340997,341241,2023-12-17T23:26:00,2023-12-18T03:30:00,19281.75,19244.25,-754.36,flip,244.0
1,341604,341993,2023-12-18T09:33:00,2023-12-18T16:02:00,19301.75,19359.0,1140.64,flip,389.0
1,342802,343431,2023-12-19T06:31:00,2023-12-19T17:00:00,19390.5,19458.25,1350.64,session_close,629.0
-1,344004,344374,2023-12-20T03:33:00,2023-12-20T09:43:00,19431.5,19446.5,-304.36,flip,370.0
-1,344636,344704,2023-12-20T14:05:00,2023-12-20T15:13:00,19457.0,19276.75,3600.64,flip,68.0
-1,344720,344811,2023-12-20T15:29:00,2023-12-20T17:00:00,19240.25,19227.0,260.64,session_close,91.0
1,344861,345733,2023-12-20T18:50:00,2023-12-21T09:22:00,19243.5,19351.0,2145.64,flip,872.0
1,345790,345801,2023-12-21T10:19:00,2023-12-21T10:30:00,19328.0,19313.0,-304.36,flip,11.0
1,345869,345893,2023-12-21T11:38:00,2023-12-21T12:02:00,19349.25,19291.0,-1169.36,flip,24.0
1,345975,346191,2023-12-21T13:24:00,2023-12-21T17:00:00,19297.75,19381.75,1675.64,session_close,216.0
-1,346320,346973,2023-12-21T20:09:00,2023-12-22T07:02:00,19347.0,19370.75,-479.36,flip,653.0
-1,347213,347344,2023-12-22T11:02:00,2023-12-22T13:13:00,19418.25,19447.5,-589.36,flip,131.0
-1,347398,347435,2023-12-22T14:07:00,2023-12-22T14:44:00,19391.0,19392.0,-24.36,flip,37.0
-1,348359,348508,2023-12-26T07:08:00,2023-12-26T09:37:00,19422.25,19468.75,-934.36,flip,149.0
-1,349926,350101,2023-12-27T10:15:00,2023-12-27T13:10:00,19498.75,19542.0,-869.36,flip,175.0
-1,350155,350272,2023-12-27T14:04:00,2023-12-27T16:01:00,19506.25,19548.75,-854.36,flip,117.0
-1,351284,351711,2023-12-28T09:53:00,2023-12-28T17:00:00,19549.0,19521.75,540.64,session_close,427.0
1,352277,352529,2023-12-29T03:26:00,2023-12-29T07:38:00,19557.0,19511.0,-924.36,flip,252.0
1,352789,353091,2023-12-29T11:58:00,2023-12-29T17:00:00,19418.0,19436.0,355.64,session_close,302.0
-1,353730,354011,2024-01-02T04:39:00,2024-01-02T09:20:00,19428.75,19296.5,2640.64,flip,281.0
-1,354029,354053,2024-01-02T09:38:00,2024-01-02T10:02:00,19257.0,19212.0,895.64,flip,24.0
-1,354072,354122,2024-01-02T10:21:00,2024-01-02T11:11:00,19168.5,19167.75,10.64,flip,50.0
-1,354224,354403,2024-01-02T12:53:00,2024-01-02T15:52:00,19172.25,19123.75,965.64,flip,179.0
-1,355063,355421,2024-01-03T03:52:00,2024-01-03T09:50:00,19118.75,19073.5,900.64,flip,358.0
-1,355443,355492,2024-01-03T10:12:00,2024-01-03T11:01:00,19027.0,19027.75,-19.36,flip,49.0
-1,355533,355611,2024-01-03T11:42:00,2024-01-03T13:00:00,18995.0,19030.5,-714.36,flip,78.0
-1,355677,355683,2024-01-03T14:06:00,2024-01-03T14:12:00,18985.5,19017.5,-644.36,flip,6.0
-1,355734,355851,2024-01-03T15:03:00,2024-01-03T17:00:00,19009.0,18975.0,675.64,session_close,117.0
1,356333,356628,2024-01-04T02:02:00,2024-01-04T06:57:00,19003.25,18971.5,-639.36,flip,295.0
1,356817,356924,2024-01-04T10:06:00,2024-01-04T11:53:00,18927.5,18962.5,695.64,flip,107.0
1,358091,358103,2024-01-05T08:20:00,2024-01-05T08:32:00,18847.75,18796.25,-1034.36,flip,12.0
1,358115,358273,2024-01-05T08:44:00,2024-01-05T11:22:00,18813.25,18961.75,2965.64,flip,158.0
1,358403,358474,2024-01-05T13:32:00,2024-01-05T14:43:00,18922.0,18890.75,-629.36,flip,71.0
1,358543,358611,2024-01-05T15:52:00,2024-01-05T17:00:00,18890.5,18897.25,130.64,session_close,68.0
-1,358862,359274,2024-01-07T22:11:00,2024-01-08T05:03:00,18886.75,18861.5,500.64,flip,412.0
-1,360532,360926,2024-01-09T03:02:00,2024-01-09T09:36:00,19193.5,19143.5,995.64,flip,394.0
-1,361162,361184,2024-01-09T13:32:00,2024-01-09T13:54:00,19239.5,19286.0,-934.36,flip,22.0
-1,361220,361370,2024-01-09T14:30:00,2024-01-09T17:00:00,19242.5,19261.75,-389.36,session_close,150.0
1,361433,362122,2024-01-09T19:03:00,2024-01-10T06:32:00,19272.0,19290.75,370.64,flip,689.0
1,362302,362323,2024-01-10T09:32:00,2024-01-10T09:53:00,19294.5,19256.5,-764.36,flip,21.0
1,362347,362655,2024-01-10T10:17:00,2024-01-10T15:25:00,19286.75,19366.0,1580.64,flip,308.0
1,362690,362750,2024-01-10T16:00:00,2024-01-10T17:00:00,19378.25,19389.25,215.64,session_close,60.0
-1,363384,363627,2024-01-11T04:34:00,2024-01-11T08:37:00,19431.75,19400.75,615.64,flip,243.0
-1,363649,363667,2024-01-11T08:59:00,2024-01-11T09:17:00,19353.0,19391.0,-764.36,flip,18.0
-1,363695,363731,2024-01-11T09:45:00,2024-01-11T10:21:00,19417.5,19318.5,1975.64,flip,36.0
-1,363746,363821,2024-01-11T10:36:00,2024-01-11T11:51:00,19300.75,19238.5,1240.64,flip,75.0
-1,364022,364130,2024-01-11T15:12:00,2024-01-11T17:00:00,19363.0,19390.5,-554.36,session_close,108.0
1,364705,364790,2024-01-12T03:35:00,2024-01-12T05:00:00,19404.25,19361.5,-859.36,flip,85.0
1,364944,365091,2024-01-12T07:34:00,2024-01-12T10:01:00,19351.25,19418.5,1340.64,flip,147.0
1,365124,365141,2024-01-12T10:34:00,2024-01-12T10:51:00,19418.5,19365.5,-1064.36,flip,17.0
1,365159,365189,2024-01-12T11:09:00,2024-01-12T11:39:00,19396.75,19372.5,-489.36,flip,30.0
1,365281,365393,2024-01-12T13:11:00,2024-01-12T15:03:00,19399.0,19374.25,-499.36,flip,112.0
1,365748,366107,2024-01-14T21:58:00,2024-01-15T03:57:00,19412.75,19408.0,-99.36,flip,359.0
1,367418,367593,2024-01-16T06:48:00,2024-01-16T09:43:00,19296.75,19316.0,380.64,flip,175.0
1,367611,367672,2024-01-16T10:01:00,2024-01-16T11:02:00,19346.25,19409.75,1265.64,flip,61.0
1,367688,367725,2024-01-16T11:18:00,2024-01-16T11:55:00,19424.75,19401.25,-474.36,flip,37.0
1,367809,367845,2024-01-16T13:19:00,2024-01-16T13:55:00,19373.5,19330.25,-869.36,flip,36.0
1,367898,368030,2024-01-16T14:48:00,2024-01-16T17:00:00,19346.5,19410.25,1270.64,session_close,132.0
-1,368245,368667,2024-01-16T21:35:00,2024-01-17T04:37:00,19366.75,19296.25,1405.64,flip,422.0
-1,368902,368998,2024-01-17T08:32:00,2024-01-17T10:08:00,19276.25,19169.75,2125.64,flip,96.0
-1,369139,369176,2024-01-17T12:29:00,2024-01-17T13:06:00,19218.25,19256.75,-774.36,flip,37.0
-1,369189,369253,2024-01-17T13:19:00,2024-01-17T14:23:00,19212.75,19221.0,-169.36,flip,64.0
-1,370295,370342,2024-01-18T08:45:00,2024-01-18T09:32:00,19425.0,19462.25,-749.36,flip,47.0
-1,370374,370402,2024-01-18T10:04:00,2024-01-18T10:32:00,19432.5,19475.25,-859.36,flip,28.0
-1,370436,370451,2024-01-18T11:06:00,2024-01-18T11:21:00,19460.75,19507.0,-929.36,flip,15.0
-1,370493,370590,2024-01-18T12:03:00,2024-01-18T13:40:00,19483.75,19434.5,980.64,flip,97.0
-1,371705,371792,2024-01-19T09:15:00,2024-01-19T10:42:00,19638.5,19650.5,-244.36,flip,87.0
-1,372746,372977,2024-01-22T03:36:00,2024-01-22T07:27:00,19953.25,19999.0,-919.36,flip,231.0
-1,373045,373104,2024-01-22T08:35:00,2024-01-22T09:34:00,19966.0,19992.0,-524.36,flip,59.0
-1,373112,373215,2024-01-22T09:42:00,2024-01-22T11:25:00,19966.25,19923.0,860.64,flip,103.0
-1,373314,373379,2024-01-22T13:04:00,2024-01-22T14:09:00,19896.25,19917.0,-419.36,flip,65.0
1,373460,373550,2024-01-22T15:30:00,2024-01-22T17:00:00,19919.75,19887.75,-644.36,session_close,90.0
-1,374114,374316,2024-01-23T03:24:00,2024-01-23T06:46:00,19870.25,19903.75,-674.36,flip,202.0
1,374317,374476,2024-01-23T06:47:00,2024-01-23T09:26:00,19904.5,19911.75,140.64,flip,159.0
-1,374482,374494,2024-01-23T09:32:00,2024-01-23T09:44:00,19909.5,19900.0,185.64,flip,12.0
-1,374535,374577,2024-01-23T10:25:00,2024-01-23T11:07:00,19864.0,19909.25,-909.36,flip,42.0
-1,374606,374685,2024-01-23T11:36:00,2024-01-23T12:55:00,19862.5,19907.75,-909.36,flip,79.0
-1,375871,375904,2024-01-24T09:41:00,2024-01-24T10:14:00,20071.0,20119.25,-969.36,flip,33.0
-1,375958,376005,2024-01-24T11:08:00,2024-01-24T11:55:00,20150.25,20172.75,-454.36,flip,47.0
-1,376080,376177,2024-01-24T13:10:00,2024-01-24T14:47:00,20178.25,20117.25,1215.64,flip,97.0
-1,376207,376294,2024-01-24T15:17:00,2024-01-24T16:44:00,20071.25,20058.5,250.64,flip,87.0
-1,377257,377281,2024-01-25T09:47:00,2024-01-25T10:11:00,20110.25,20130.75,-414.36,flip,24.0
-1,377307,377380,2024-01-25T10:37:00,2024-01-25T11:50:00,20120.0,20166.5,-934.36,flip,73.0
-1,377397,377566,2024-01-25T12:07:00,2024-01-25T14:56:00,20129.5,20027.0,2045.64,flip,169.0
-1,377642,377690,2024-01-25T16:12:00,2024-01-25T17:00:00,20030.25,20011.75,365.64,session_close,48.0
1,378337,378604,2024-01-26T04:47:00,2024-01-26T09:14:00,19952.0,19996.0,875.64,flip,267.0
1,378677,378753,2024-01-26T10:27:00,2024-01-26T11:43:00,19994.5,20012.5,355.64,flip,76.0
1,378778,378803,2024-01-26T12:08:00,2024-01-26T12:33:00,20057.75,20013.0,-899.36,flip,25.0
-1,378804,378933,2024-01-26T12:34:00,2024-01-26T14:43:00,20002.0,19988.0,275.64,flip,129.0
-1,378991,379070,2024-01-26T15:41:00,2024-01-26T17:00:00,19954.75,19937.0,350.64,session_close,79.0
1,379203,379698,2024-01-28T20:13:00,2024-01-29T04:28:00,19943.75,19976.75,655.64,flip,495.0
-1,379714,380137,2024-01-29T04:44:00,2024-01-29T11:47:00,19974.25,20003.0,-579.36,flip,423.0
-1,380941,381027,2024-01-30T02:12:00,2024-01-30T03:38:00,20120.25,20150.75,-614.36,flip,86.0
-1,381294,381703,2024-01-30T08:05:00,2024-01-30T14:54:00,20104.0,20032.5,1425.64,flip,409.0
-1,381773,381829,2024-01-30T16:04:00,2024-01-30T17:00:00,19973.75,19902.5,1420.64,session_close,56.0
1,382576,382731,2024-01-31T06:27:00,2024-01-31T09:02:00,19816.0,19827.5,225.64,flip,155.0
1,382865,383031,2024-01-31T11:16:00,2024-01-31T14:02:00,19767.0,19777.0,195.64,flip,166.0
1,383069,383080,2024-01-31T14:40:00,2024-01-31T14:51:00,19819.5,19864.0,885.64,flip,11.0
1,383113,383123,2024-01-31T15:24:00,2024-01-31T15:34:00,19746.25,19699.75,-934.36,flip,10.0
1,383214,383686,2024-01-31T18:05:00,2024-02-01T01:57:00,19704.5,19703.75,-19.36,flip,472.0
1,383731,384065,2024-02-01T02:42:00,2024-02-01T08:16:00,19744.25,19750.25,115.64,flip,334.0
-1,384067,384089,2024-02-01T08:18:00,2024-02-01T08:40:00,19736.75,19789.0,-1049.36,flip,22.0
-1,384139,384179,2024-02-01T09:30:00,2024-02-01T10:10:00,19736.5,19774.5,-764.36,flip,40.0
-1,384221,384270,2024-02-01T10:52:00,2024-02-01T11:41:00,19751.25,19752.75,-34.36,flip,49.0
-1,384323,384341,2024-02-01T12:34:00,2024-02-01T12:52:00,19773.5,19819.75,-929.36,flip,18.0
-1,384353,384376,2024-02-01T13:04:00,2024-02-01T13:27:00,19794.5,19813.0,-374.36,flip,23.0
-1,384390,384417,2024-02-01T13:41:00,2024-02-01T14:08:00,19780.75,19825.5,-899.36,flip,27.0
-1,384596,384747,2024-02-01T18:07:00,2024-02-01T20:38:00,20023.75,20060.25,-734.36,flip,151.0
-1,385143,385183,2024-02-02T03:14:00,2024-02-02T03:54:00,20012.5,20057.25,-899.36,flip,40.0
-1,385461,385474,2024-02-02T08:32:00,2024-02-02T08:45:00,19959.25,19998.0,-779.36,flip,13.0
-1,385485,385526,2024-02-02T08:56:00,2024-02-02T09:37:00,19944.5,19957.5,-264.36,flip,41.0
-1,385544,385551,2024-02-02T09:55:00,2024-02-02T10:02:00,19995.25,20040.5,-909.36,flip,7.0
-1,385582,385590,2024-02-02T10:33:00,2024-02-02T10:41:00,19998.75,20049.25,-1014.36,flip,8.0
-1,385613,385628,2024-02-02T11:04:00,2024-02-02T11:19:00,20042.25,20087.0,-899.36,flip,15.0
-1,385715,385731,2024-02-02T12:46:00,2024-02-02T13:02:00,20115.25,20151.25,-724.36,flip,16.0
-1,385768,385793,2024-02-02T13:39:00,2024-02-02T14:04:00,20124.5,20178.75,-1089.36,flip,25.0
-1,385911,385960,2024-02-02T16:02:00,2024-02-02T17:00:00,20142.25,20119.25,455.64,session_close,58.0
1,386519,386615,2024-02-05T03:19:00,2024-02-05T04:55:00,20146.25,20109.5,-739.36,flip,96.0
1,386676,386912,2024-02-05T05:56:00,2024-02-05T09:52:00,20155.25,20110.5,-899.36,flip,236.0
1,386989,387234,2024-02-05T11:09:00,2024-02-05T15:14:00,20046.0,20128.75,1650.64,flip,245.0
1,387272,387340,2024-02-05T15:52:00,2024-02-05T17:00:00,20155.0,20134.75,-409.36,session_close,68.0
-1,388029,388187,2024-02-06T05:29:00,2024-02-06T08:07:00,20152.0,20149.25,50.64,flip,158.0
-1,388277,388337,2024-02-06T09:37:00,2024-02-06T10:37:00,20147.0,20087.25,1190.64,flip,60.0
-1,388407,388464,2024-02-06T11:47:00,2024-02-06T12:44:00,20045.25,20042.75,45.64,flip,57.0
1,388465,388551,2024-02-06T12:45:00,2024-02-06T14:11:00,20047.5,20014.75,-659.36,flip,86.0
1,388587,388639,2024-02-06T14:47:00,2024-02-06T15:39:00,20045.75,20035.5,-209.36,flip,52.0
1,388657,388720,2024-02-06T15:57:00,2024-02-06T17:00:00,20082.75,20082.5,-9.36,session_close,63.0
-1,389015,389392,2024-02-06T22:55:00,2024-02-07T05:12:00,20098.0,20111.5,-274.36,flip,377.0
-1,389661,389693,2024-02-07T09:41:00,2024-02-07T10:13:00,20160.75,20200.25,-794.36,flip,32.0
-1,389742,389805,2024-02-07T11:02:00,2024-02-07T12:05:00,20248.25,20283.25,-704.36,flip,63.0
-1,389835,389863,2024-02-07T12:35:00,2024-02-07T13:03:00,20230.25,20267.5,-749.36,flip,28.0
-1,390846,391037,2024-02-08T06:26:00,2024-02-08T09:37:00,20248.75,20279.25,-614.36,flip,191.0
-1,391310,391389,2024-02-08T14:10:00,2024-02-08T15:29:00,20276.25,20306.0,-599.36,flip,79.0
-1,392408,392437,2024-02-09T09:29:00,2024-02-09T09:58:00,20340.25,20356.75,-334.36,flip,29.0
-1,392863,393421,2024-02-11T18:04:00,2024-02-12T03:29:00,20442.75,20483.25,-814.36,flip,565.0
-1,393957,394232,2024-02-12T12:25:00,2024-02-12T17:00:00,20504.0,20361.75,2840.64,session_close,275.0
1,394669,394818,2024-02-13T01:17:00,2024-02-13T03:46:00,20389.25,20343.0,-929.36,flip,149.0
1,395188,395250,2024-02-13T09:56:00,2024-02-13T10:58:00,20110.75,20177.25,1325.64,flip,62.0
1,395263,395307,2024-02-13T11:11:00,2024-02-13T11:55:00,20203.0,20157.5,-914.36,flip,44.0
1,395473,395484,2024-02-13T14:41:00,2024-02-13T14:52:00,20076.25,20032.25,-884.36,flip,11.0
1,395534,395612,2024-02-13T15:42:00,2024-02-13T17:00:00,20031.25,20132.0,2010.64,session_close,78.0
-1,396553,396580,2024-02-14T09:41:00,2024-02-14T10:08:00,20185.0,20237.25,-1049.36,flip,27.0
-1,396617,396658,2024-02-14T10:45:00,2024-02-14T11:26:00,20225.25,20188.75,725.64,flip,41.0
-1,396694,396720,2024-02-14T12:02:00,2024-02-14T12:28:00,20145.75,20179.75,-684.36,flip,26.0
-1,396819,396851,2024-02-14T14:07:00,2024-02-14T14:39:00,20174.25,20222.0,-959.36,flip,32.0
-1,397922,397964,2024-02-15T09:30:00,2024-02-15T10:12:00,20315.0,20278.75,720.64,flip,42.0
-1,398018,398042,2024-02-15T11:06:00,2024-02-15T11:30:00,20237.0,20265.5,-574.36,flip,24.0
-1,398206,398315,2024-02-15T14:14:00,2024-02-15T16:03:00,20314.75,20358.25,-874.36,flip,109.0
-1,398533,398881,2024-02-15T20:41:00,2024-02-16T02:29:00,20351.5,20393.25,-839.36,flip,348.0
1,398882,399244,2024-02-16T02:30:00,2024-02-16T08:32:00,20394.0,20380.0,-284.36,flip,362.0
1,399350,399367,2024-02-16T10:18:00,2024-02-16T10:35:00,20210.75,20173.75,-744.36,flip,17.0
1,399372,399515,2024-02-16T10:40:00,2024-02-16T13:03:00,20221.5,20271.0,985.64,flip,143.0
1,399556,399619,2024-02-16T13:44:00,2024-02-16T14:47:00,20284.5,20272.25,-249.36,flip,63.0
1,399759,399915,2024-02-18T18:07:00,2024-02-18T20:43:00,20207.75,20181.25,-534.36,flip,156.0
1,400683,400892,2024-02-19T09:31:00,2024-02-19T13:00:00,20221.5,20221.0,-14.36,session_close,209.0
-1,400906,401389,2024-02-19T18:14:00,2024-02-20T02:17:00,20190.75,20149.0,830.64,flip,483.0
-1,401454,401495,2024-02-20T03:22:00,2024-02-20T04:03:00,20104.0,20121.25,-349.36,flip,41.0
-1,401525,401678,2024-02-20T04:33:00,2024-02-20T07:06:00,20096.25,20093.75,45.64,flip,153.0
-1,401830,401899,2024-02-20T09:38:00,2024-02-20T10:47:00,20080.75,19967.75,2255.64,flip,69.0
-1,401945,402019,2024-02-20T11:33:00,2024-02-20T12:47:00,19981.25,19934.25,935.64,flip,74.0
-1,402067,402090,2024-02-20T13:35:00,2024-02-20T13:58:00,19910.5,19958.75,-969.36,flip,23.0
-1,402187,402199,2024-02-20T15:35:00,2024-02-20T15:47:00,19969.25,20016.25,-944.36,flip,12.0
-1,402320,403237,2024-02-20T18:48:00,2024-02-21T10:05:00,19998.75,19933.5,1300.64,flip,917.0
-1,403260,403304,2024-02-21T10:28:00,2024-02-21T11:12:00,19909.0,19933.75,-499.36,flip,44.0
1,403305,403359,2024-02-21T11:13:00,2024-02-21T12:07:00,19937.5,19895.0,-854.36,flip,54.0
1,403429,403474,2024-02-21T13:17:00,2024-02-21T14:02:00,19907.75,19870.75,-744.36,flip,45.0
1,403563,403615,2024-02-21T15:31:00,2024-02-21T16:23:00,19853.5,19859.5,115.64,flip,52.0
1,403617,403630,2024-02-21T16:25:00,2024-02-21T16:38:00,19939.0,20062.75,2470.64,flip,13.0
1,403640,403652,2024-02-21T16:48:00,2024-02-21T17:00:00,20109.0,20142.25,660.64,session_close,12.0
-1,404566,404599,2024-02-22T09:14:00,2024-02-22T09:47:00,20304.0,20363.75,-1199.36,flip,33.0
-1,404607,404643,2024-02-22T09:55:00,2024-02-22T10:31:00,20341.25,20389.75,-974.36,flip,36.0
-1,404659,404684,2024-02-22T10:47:00,2024-02-22T11:12:00,20343.5,20378.0,-694.36,flip,25.0
-1,404911,404956,2024-02-22T14:59:00,2024-02-22T15:44:00,20470.25,20515.25,-904.36,flip,45.0
1,405882,405990,2024-02-23T08:10:00,2024-02-23T09:58:00,20480.0,20520.0,795.64,flip,108.0
1,406079,406141,2024-02-23T11:27:00,2024-02-23T12:29:00,20428.5,20447.5,375.64,flip,62.0
1,406181,406236,2024-02-23T13:09:00,2024-02-23T14:04:00,20478.25,20445.5,-659.36,flip,55.0
1,406344,406357,2024-02-23T15:52:00,2024-02-23T16:05:00,20446.5,20400.5,-924.36,flip,13.0
1,407003,407358,2024-02-26T03:51:00,2024-02-26T09:46:00,20403.0,20424.75,430.64,flip,355.0
1,407393,407574,2024-02-26T10:21:00,2024-02-26T13:22:00,20456.25,20444.75,-234.36,flip,181.0
1,407621,407725,2024-02-26T14:09:00,2024-02-26T15:53:00,20464.5,20419.0,-914.36,flip,104.0
1,408304,408652,2024-02-27T02:32:00,2024-02-27T08:20:00,20405.75,20423.75,355.64,flip,348.0
1,408753,408834,2024-02-27T10:01:00,2024-02-27T11:22:00,20421.25,20414.0,-149.36,flip,81.0
1,408993,409172,2024-02-27T14:01:00,2024-02-27T17:00:00,20402.5,20444.5,835.64,session_close,179.0
-1,409681,409874,2024-02-28T02:29:00,2024-02-28T05:42:00,20416.0,20372.5,865.64,flip,193.0
-1,410107,410192,2024-02-28T09:35:00,2024-02-28T11:00:00,20337.0,20361.25,-489.36,flip,85.0
-1,410281,410345,2024-02-28T12:29:00,2024-02-28T13:33:00,20359.75,20377.25,-354.36,flip,64.0
-1,410389,410552,2024-02-28T14:17:00,2024-02-28T17:00:00,20338.0,20292.75,900.64,session_close,163.0
1,410648,411099,2024-02-28T19:36:00,2024-02-29T03:07:00,20324.0,20317.25,-139.36,flip,451.0
1,411280,411524,2024-02-29T06:08:00,2024-02-29T10:12:00,20320.75,20444.0,2460.64,flip,244.0
1,411553,411575,2024-02-29T10:41:00,2024-02-29T11:03:00,20466.0,20419.0,-944.36,flip,22.0
1,411622,411877,2024-02-29T11:50:00,2024-02-29T16:05:00,20385.75,20490.5,2090.64,flip,255.0
1,412091,412606,2024-02-29T20:39:00,2024-03-01T05:14:00,20527.25,20538.75,225.64,flip,515.0
1,412683,413210,2024-03-01T06:31:00,2024-03-01T15:18:00,20513.75,20756.5,4850.64,flip,527.0
1,413324,413974,2024-03-03T18:12:00,2024-03-04T05:02:00,20793.75,20759.75,-684.36,flip,650.0
1,414312,414368,2024-03-04T10:40:00,2024-03-04T11:36:00,20760.5,20717.25,-869.36,flip,56.0
1,414550,414609,2024-03-04T14:38:00,2024-03-04T15:37:00,20757.5,20724.75,-659.36,flip,59.0
1,415474,415576,2024-03-05T07:02:00,2024-03-05T08:44:00,20596.5,20567.75,-579.36,flip,102.0
1,415657,415661,2024-03-05T10:05:00,2024-03-05T10:09:00,20510.25,20461.5,-979.36,flip,4.0
1,415735,415757,2024-03-05T11:23:00,2024-03-05T11:45:00,20391.25,20344.25,-944.36,flip,22.0
1,415797,415852,2024-03-05T12:25:00,2024-03-05T13:20:00,20389.25,20353.25,-724.36,flip,55.0
1,415999,416072,2024-03-05T15:47:00,2024-03-05T17:00:00,20312.25,20415.5,2060.64,session_close,73.0
-1,417012,417050,2024-03-06T09:40:00,2024-03-06T10:18:00,20505.5,20462.25,860.64,flip,38.0
-1,417208,417254,2024-03-06T12:56:00,2024-03-06T13:42:00,20554.25,20542.25,235.64,flip,46.0
-1,417261,417294,2024-03-06T13:49:00,2024-03-06T14:22:00,20500.0,20492.25,150.64,flip,33.0
-1,417319,417374,2024-03-06T14:47:00,2024-03-06T15:42:00,20457.25,20466.25,-184.36,flip,55.0
1,417379,417452,2024-03-06T15:47:00,2024-03-06T17:00:00,20477.0,20472.5,-94.36,session_close,73.0
-1,417534,417827,2024-03-06T19:22:00,2024-03-07T00:15:00,20439.5,20415.0,485.64,flip,293.0
-1,417939,418016,2024-03-07T02:07:00,2024-03-07T03:24:00,20376.5,20396.25,-399.36,flip,77.0
-1,418398,418405,2024-03-07T09:46:00,2024-03-07T09:53:00,20595.5,20616.75,-429.36,flip,7.0
-1,418714,418791,2024-03-07T15:02:00,2024-03-07T16:19:00,20733.5,20661.25,1440.64,flip,77.0
-1,419581,419704,2024-03-08T06:29:00,2024-03-08T08:32:00,20736.75,20757.75,-424.36,flip,123.0
-1,419708,419719,2024-03-08T08:36:00,2024-03-08T08:47:00,20749.75,20793.75,-884.36,flip,11.0
-1,419750,419781,2024-03-08T09:18:00,2024-03-08T09:49:00,20757.0,20781.5,-494.36,flip,31.0
-1,419830,419889,2024-03-08T10:38:00,2024-03-08T11:37:00,20811.75,20646.0,3310.64,flip,59.0
-1,419901,419942,2024-03-08T11:49:00,2024-03-08T12:30:00,20602.5,20617.0,-294.36,flip,41.0
-1,419960,420036,2024-03-08T12:48:00,2024-03-08T14:04:00,20579.5,20506.0,1465.64,flip,76.0
-1,420103,420212,2024-03-08T15:11:00,2024-03-08T17:00:00,20549.75,20488.25,1225.64,session_close,109.0
1,420285,420569,2024-03-10T19:13:00,2024-03-10T23:57:00,20454.0,20433.5,-414.36,flip,284.0
1,420695,420818,2024-03-11T02:03:00,2024-03-11T04:06:00,20456.0,20433.5,-454.36,flip,123.0
1,420837,420864,2024-03-11T04:25:00,2024-03-11T04:52:00,20424.0,20400.25,-479.36,flip,27.0
1,420873,420957,2024-03-11T05:01:00,2024-03-11T06:25:00,20447.0,20438.75,-169.36,flip,84.0
1,420974,421021,2024-03-11T06:42:00,2024-03-11T07:29:00,20479.25,20442.5,-739.36,flip,47.0
1,421126,421145,2024-03-11T09:14:00,2024-03-11T09:33:00,20404.5,20370.5,-684.36,flip,19.0
1,421150,421167,2024-03-11T09:38:00,2024-03-11T09:55:00,20391.5,20376.0,-314.36,flip,17.0
1,421204,421213,2024-03-11T10:32:00,2024-03-11T10:41:00,20388.0,20366.75,-429.36,flip,9.0
1,421225,421244,2024-03-11T10:53:00,2024-03-11T11:12:00,20416.0,20398.5,-354.36,flip,19.0
1,421280,421305,2024-03-11T11:48:00,2024-03-11T12:13:00,20399.5,20381.25,-369.36,flip,25.0
1,421382,421396,2024-03-11T13:30:00,2024-03-11T13:44:00,20426.0,20385.0,-824.36,flip,14.0
1,421436,421488,2024-03-11T14:24:00,2024-03-11T15:16:00,20421.75,20396.25,-514.36,flip,52.0
1,421564,421592,2024-03-11T16:32:00,2024-03-11T17:00:00,20431.0,20429.0,-44.36,session_close,28.0
-1,422224,422466,2024-03-12T04:32:00,2024-03-12T08:34:00,20463.75,20502.0,-769.36,flip,242.0
-1,422489,422524,2024-03-12T08:57:00,2024-03-12T09:32:00,20493.75,20514.5,-419.36,flip,35.0
-1,422528,422546,2024-03-12T09:36:00,2024-03-12T09:54:00,20450.25,20410.25,795.64,flip,18.0
1,422547,422655,2024-03-12T09:55:00,2024-03-12T11:43:00,20411.5,20591.0,3585.64,flip,108.0
1,422752,422972,2024-03-12T13:20:00,2024-03-12T17:00:00,20560.5,20655.75,1900.64,session_close,220.0
-1,423603,423946,2024-03-13T04:31:00,2024-03-13T10:14:00,20638.5,20539.75,1970.64,flip,343.0
-1,423987,424006,2024-03-13T10:55:00,2024-03-13T11:14:00,20518.25,20547.75,-594.36,flip,19.0
-1,424033,424049,2024-03-13T11:41:00,2024-03-13T11:57:00,20499.75,20521.75,-444.36,flip,16.0
-1,424261,424282,2024-03-13T15:29:00,2024-03-13T15:50:00,20518.75,20532.25,-274.36,flip,21.0
-1,425224,425291,2024-03-14T08:32:00,2024-03-14T09:39:00,20559.75,20577.75,-364.36,flip,67.0
-1,425299,425320,2024-03-14T09:47:00,2024-03-14T10:08:00,20532.0,20442.5,1785.64,flip,21.0
-1,425356,425376,2024-03-14T10:44:00,2024-03-14T11:04:00,20474.0,20513.75,-799.36,flip,20.0
-1,425395,425467,2024-03-14T11:23:00,2024-03-14T12:35:00,20463.0,20479.25,-329.36,flip,72.0
-1,425491,425543,2024-03-14T12:59:00,2024-03-14T13:51:00,20435.0,20443.25,-169.36,flip,52.0
1,425544,425594,2024-03-14T13:52:00,2024-03-14T14:42:00,20446.5,20457.5,215.64,flip,50.0
1,425655,425732,2024-03-14T15:43:00,2024-03-14T17:00:00,20395.75,20451.0,1100.64,session_close,77.0
-1,425734,426374,2024-03-14T18:02:00,2024-03-15T04:42:00,20437.75,20442.0,-89.36,flip,640.0
-1,426574,426689,2024-03-15T08:02:00,2024-03-15T09:57:00,20459.25,20311.75,2945.64,flip,115.0
-1,426695,426704,2024-03-15T10:03:00,2024-03-15T10:12:00,20254.0,20273.0,-384.36,flip,9.0
-1,426755,426895,2024-03-15T11:03:00,2024-03-15T13:23:00,20293.75,20243.0,1010.64,flip,140.0
-1,427045,427112,2024-03-15T15:53:00,2024-03-15T17:00:00,20236.75,20248.25,-234.36,session_close,67.0
1,427121,428071,2024-03-17T18:09:00,2024-03-18T09:59:00,20277.0,20483.75,4130.64,flip,950.0
1,428082,428146,2024-03-18T10:10:00,2024-03-18T11:14:00,20518.25,20502.25,-324.36,flip,64.0
1,428282,428356,2024-03-18T13:30:00,2024-03-18T14:44:00,20469.0,20447.25,-439.36,flip,74.0
1,428834,428844,2024-03-18T23:42:00,2024-03-18T23:52:00,20386.5,20341.75,-899.36,flip,10.0
1,428966,429159,2024-03-19T01:54:00,2024-03-19T05:07:00,20389.0,20388.5,-14.36,flip,193.0
1,429387,429431,2024-03-19T08:55:00,2024-03-19T09:39:00,20309.5,20281.5,-564.36,flip,44.0
1,429457,429474,2024-03-19T10:05:00,2024-03-19T10:22:00,20294.25,20255.75,-774.36,flip,17.0
1,429493,429766,2024-03-19T10:41:00,2024-03-19T15:14:00,20300.25,20423.0,2450.64,flip,273.0
1,429801,429872,2024-03-19T15:49:00,2024-03-19T17:00:00,20454.5,20457.75,60.64,session_close,71.0
-1,430087,430424,2024-03-19T21:35:00,2024-03-20T03:12:00,20424.0,20459.25,-709.36,flip,337.0
-1,430811,430861,2024-03-20T09:39:00,2024-03-20T10:29:00,20465.25,20482.25,-344.36,flip,50.0
-1,430883,431074,2024-03-20T10:51:00,2024-03-20T14:02:00,20435.75,20498.25,-1254.36,flip,191.0
-1,431081,431102,2024-03-20T14:09:00,2024-03-20T14:30:00,20525.0,20554.0,-584.36,flip,21.0
-1,431108,431111,2024-03-20T14:36:00,2024-03-20T14:39:00,20482.0,20530.25,-969.36,flip,3.0
-1,431183,431195,2024-03-20T15:51:00,2024-03-20T16:03:00,20632.0,20680.75,-979.36,flip,12.0
-1,431878,432072,2024-03-21T04:26:00,2024-03-21T07:40:00,20801.25,20824.25,-464.36,flip,194.0
-1,432202,432236,2024-03-21T09:50:00,2024-03-21T10:24:00,20829.25,20868.25,-784.36,flip,34.0
-1,432244,432306,2024-03-21T10:32:00,2024-03-21T11:34:00,20819.5,20849.25,-599.36,flip,62.0
-1,432414,432632,2024-03-21T13:22:00,2024-03-21T17:00:00,20845.75,20764.5,1620.64,session_close,218.0
1,433070,433209,2024-03-22T01:18:00,2024-03-22T03:37:00,20766.0,20723.25,-859.36,flip,139.0
1,433264,433439,2024-03-22T04:32:00,2024-03-22T07:27:00,20769.0,20743.25,-519.36,flip,175.0
1,433539,433620,2024-03-22T09:07:00,2024-03-22T10:28:00,20725.75,20698.25,-554.36,flip,81.0
1,433666,433905,2024-03-22T11:14:00,2024-03-22T15:13:00,20734.75,20750.5,310.64,flip,239.0
1,433946,433956,2024-03-22T15:54:00,2024-03-22T16:04:00,20784.0,20745.0,-784.36,flip,10.0
-1,433960,434012,2024-03-22T16:08:00,2024-03-22T17:00:00,20740.75,20748.5,-159.36,session_close,52.0
1,434964,435327,2024-03-25T09:52:00,2024-03-25T15:55:00,20653.75,20710.5,1130.64,flip,363.0
-1,435328,435392,2024-03-25T15:56:00,2024-03-25T17:00:00,20703.25,20718.25,-304.36,session_close,64.0
1,435590,436276,2024-03-25T21:18:00,2024-03-26T08:44:00,20739.25,20754.0,290.64,flip,686.0
1,436354,436383,2024-03-26T10:02:00,2024-03-26T10:31:00,20788.0,20740.5,-954.36,flip,29.0
1,436474,436528,2024-03-26T12:02:00,2024-03-26T12:56:00,20771.75,20725.25,-934.36,flip,54.0
1,436864,437334,2024-03-26T19:32:00,2024-03-27T03:22:00,20670.75,20663.0,-159.36,flip,470.0
1,437429,437707,2024-03-27T04:57:00,2024-03-27T09:35:00,20703.5,20707.5,75.64,flip,278.0
1,437754,437825,2024-03-27T10:22:00,2024-03-27T11:33:00,20613.0,20579.25,-679.36,flip,71.0
1,437884,438044,2024-03-27T12:32:00,2024-03-27T15:12:00,20622.75,20592.0,-619.36,flip,160.0
1,438070,438151,2024-03-27T15:38:00,2024-03-27T16:59:00,20636.75,20693.0,1120.64,session_close,81.0
-1,438202,439023,2024-03-27T18:51:00,2024-03-28T08:32:00,20663.75,20710.0,-929.36,flip,821.0
-1,439040,439098,2024-03-28T08:49:00,2024-03-28T09:47:00,20664.5,20699.75,-709.36,flip,58.0
-1,439129,439410,2024-03-28T10:18:00,2024-03-28T14:59:00,20667.75,20687.5,-399.36,flip,281.0
-1,439472,439531,2024-03-28T16:01:00,2024-03-28T17:00:00,20647.75,20649.75,-44.36,session_close,59.0
1,439533,440143,2024-03-31T18:02:00,2024-04-01T04:12:00,20728.25,20745.5,340.64,flip,610.0
1,440466,440497,2024-04-01T09:35:00,2024-04-01T10:06:00,20717.0,20735.5,365.64,flip,31.0
1,440621,440693,2024-04-01T12:10:00,2024-04-01T13:22:00,20655.75,20625.75,-604.36,flip,72.0
1,440755,440911,2024-04-01T14:24:00,2024-04-01T17:00:00,20658.75,20682.5,470.64,session_close,156.0
-1,441012,441516,2024-04-01T19:41:00,2024-04-02T04:05:00,20647.25,20685.75,-774.36,flip,504.0
-1,441631,441947,2024-04-02T06:00:00,2024-04-02T11:16:00,20646.0,20442.5,4065.64,flip,316.0
-1,441987,442042,2024-04-02T11:56:00,2024-04-02T12:51:00,20418.0,20465.0,-944.36,flip,55.0
-1,442479,443103,2024-04-02T21:08:00,2024-04-03T07:32:00,20478.75,20489.0,-209.36,flip,624.0
-1,443159,443253,2024-04-03T08:28:00,2024-04-03T10:02:00,20455.0,20504.75,-999.36,flip,94.0
-1,443368,443404,2024-04-03T11:57:00,2024-04-03T12:33:00,20584.25,20614.25,-604.36,flip,36.0
-1,443411,443418,2024-04-03T12:40:00,2024-04-03T12:47:00,20559.75,20604.5,-899.36,flip,7.0
1,443420,443565,2024-04-03T12:49:00,2024-04-03T15:14:00,20604.5,20565.0,-794.36,flip,145.0
1,443606,443671,2024-04-03T15:55:00,2024-04-03T17:00:00,20559.75,20572.5,250.64,session_close,65.0
-1,444213,444304,2024-04-04T03:02:00,2024-04-04T04:33:00,20603.75,20646.0,-849.36,flip,91.0
-1,444624,444749,2024-04-04T09:53:00,2024-04-04T11:58:00,20698.0,20715.0,-344.36,flip,125.0
-1,444856,444910,2024-04-04T13:45:00,2024-04-04T14:39:00,20701.75,20506.5,3900.64,flip,54.0
-1,444917,445051,2024-04-04T14:46:00,2024-04-04T17:00:00,20430.0,20257.25,3450.64,session_close,134.0
1,445053,445210,2024-04-04T18:02:00,2024-04-04T20:39:00,20293.25,20244.0,-989.36,flip,157.0
1,445407,445923,2024-04-04T23:56:00,2024-04-05T08:32:00,20290.25,20293.75,65.64,flip,516.0
1,445927,445950,2024-04-05T08:36:00,2024-04-05T08:59:00,20342.0,20323.25,-379.36,flip,23.0
1,445995,446039,2024-04-05T09:44:00,2024-04-05T10:28:00,20355.0,20381.25,520.64,flip,44.0
1,446051,446086,2024-04-05T10:40:00,2024-04-05T11:15:00,20420.5,20452.5,635.64,flip,35.0
1,446102,446201,2024-04-05T11:31:00,2024-04-05T13:10:00,20467.75,20542.0,1480.64,flip,99.0
1,446260,446282,2024-04-05T14:09:00,2024-04-05T14:31:00,20495.75,20465.0,-619.36,flip,22.0
1,446346,446431,2024-04-05T15:35:00,2024-04-05T17:00:00,20501.0,20495.75,-109.36,session_close,85.0
-1,446447,446657,2024-04-07T18:16:00,2024-04-07T21:46:00,20500.25,20516.0,-319.36,flip,210.0
-1,446766,446990,2024-04-07T23:35:00,2024-04-08T03:19:00,20470.75,20507.25,-734.36,flip,224.0
-1,447053,447073,2024-04-08T04:22:00,2024-04-08T04:42:00,20477.25,20486.5,-189.36,flip,20.0
-1,447363,447381,2024-04-08T09:32:00,2024-04-08T09:50:00,20503.5,20483.0,405.64,flip,18.0
-1,447483,447556,2024-04-08T11:32:00,2024-04-08T12:45:00,20505.75,20493.0,250.64,flip,73.0
-1,448404,448490,2024-04-09T03:53:00,2024-04-09T05:19:00,20467.75,20499.5,-639.36,flip,86.0
-1,448563,448602,2024-04-09T06:32:00,2024-04-09T07:11:00,20469.0,20489.5,-414.36,flip,39.0
-1,448747,448753,2024-04-09T09:36:00,2024-04-09T09:42:00,20538.25,20584.5,-929.36,flip,6.0
-1,448762,448832,2024-04-09T09:51:00,2024-04-09T11:01:00,20534.0,20401.5,2645.64,flip,70.0
-1,449012,449095,2024-04-09T14:01:00,2024-04-09T15:24:00,20440.0,20459.0,-384.36,flip,83.0
-1,449114,449129,2024-04-09T15:43:00,2024-04-09T15:58:00,20476.0,20522.25,-929.36,flip,15.0
-1,449903,450036,2024-04-10T05:53:00,2024-04-10T08:06:00,20549.0,20574.5,-514.36,flip,133.0
-1,450062,450078,2024-04-10T08:32:00,2024-04-10T08:48:00,20352.25,20306.0,920.64,flip,16.0
-1,450092,450108,2024-04-10T09:02:00,2024-04-10T09:18:00,20273.0,20295.5,-454.36,flip,16.0
-1,450137,450143,2024-04-10T09:47:00,2024-04-10T09:53:00,20317.5,20361.0,-874.36,flip,6.0
-1,450158,450185,2024-04-10T10:08:00,2024-04-10T10:35:00,20337.75,20392.75,-1104.36,flip,27.0
-1,450203,450241,2024-04-10T10:53:00,2024-04-10T11:31:00,20353.75,20365.5,-239.36,flip,38.0
1,450325,450336,2024-04-10T12:55:00,2024-04-10T13:06:00,20362.5,20329.0,-674.36,flip,11.0
1,450351,450363,2024-04-10T13:21:00,2024-04-10T13:33:00,20354.5,20352.75,-39.36,flip,12.0
1,450388,450415,2024-04-10T13:58:00,2024-04-10T14:25:00,20371.25,20331.0,-809.36,flip,27.0
1,450465,450482,2024-04-10T15:15:00,2024-04-10T15:32:00,20353.25,20351.0,-49.36,flip,17.0
1,450495,450514,2024-04-10T15:45:00,2024-04-10T16:04:00,20384.5,20351.75,-659.36,flip,19.0
1,450829,451224,2024-04-10T22:19:00,2024-04-11T04:54:00,20376.75,20355.0,-439.36,flip,395.0
1,451442,451503,2024-04-11T08:32:00,2024-04-11T09:33:00,20391.0,20417.0,515.64,flip,61.0
1,451563,451950,2024-04-11T10:33:00,2024-04-11T17:00:00,20423.0,20670.25,4940.64,session_close,387.0
-1,452539,452777,2024-04-12T03:50:00,2024-04-12T07:48:00,20654.25,20602.5,1030.64,flip,238.0
-1,452828,452905,2024-04-12T08:39:00,2024-04-12T09:56:00,20561.25,20518.0,860.64,flip,77.0
-1,452914,452989,2024-04-12T10:05:00,2024-04-12T11:20:00,20477.25,20429.25,955.64,flip,75.0
-1,453042,453138,2024-04-12T12:13:00,2024-04-12T13:49:00,20422.75,20365.0,1150.64,flip,96.0
-1,453190,453254,2024-04-12T14:41:00,2024-04-12T15:45:00,20326.5,20358.0,-634.36,flip,64.0
-1,453470,453668,2024-04-14T20:21:00,2024-04-14T23:39:00,20384.0,20426.25,-849.36,flip,198.0
-1,454262,454284,2024-04-15T09:33:00,2024-04-15T09:55:00,20483.25,20507.0,-479.36,flip,22.0
-1,454298,454306,2024-04-15T10:09:00,2024-04-15T10:17:00,20454.25,20434.5,390.64,flip,8.0
-1,454329,454385,2024-04-15T10:40:00,2024-04-15T11:36:00,20377.25,20393.0,-319.36,flip,56.0
-1,454432,454566,2024-04-15T12:23:00,2024-04-15T14:37:00,20357.75,20117.75,4795.64,flip,134.0
-1,454581,454629,2024-04-15T14:52:00,2024-04-15T15:40:00,20067.75,20074.75,-144.36,flip,48.0
-1,454689,454709,2024-04-15T16:40:00,2024-04-15T17:00:00,20039.5,20059.75,-409.36,session_close,20.0
1,454836,454980,2024-04-15T20:07:00,2024-04-15T22:31:00,20074.5,20005.75,-1379.36,flip,144.0
1,455068,455423,2024-04-15T23:59:00,2024-04-16T05:54:00,20028.75,20017.25,-234.36,flip,355.0
1,455469,455574,2024-04-16T06:40:00,2024-04-16T08:25:00,20035.75,20055.5,390.64,flip,105.0
1,455595,455640,2024-04-16T08:46:00,2024-04-16T09:31:00,20098.25,20053.0,-909.36,flip,45.0
1,455666,455694,2024-04-16T09:57:00,2024-04-16T10:25:00,20060.5,20066.75,120.64,flip,28.0
1,455737,455791,2024-04-16T11:08:00,2024-04-16T12:02:00,20073.25,20061.25,-244.36,flip,54.0
1,455806,455881,2024-04-16T12:17:00,2024-04-16T13:32:00,20100.5,20032.25,-1369.36,flip,75.0
1,455886,455902,2024-04-16T13:37:00,2024-04-16T13:53:00,20070.5,20042.75,-559.36,flip,16.0
1,455915,455925,2024-04-16T14:06:00,2024-04-16T14:16:00,20089.5,20106.25,330.64,flip,10.0
1,455954,456005,2024-04-16T14:45:00,2024-04-16T15:36:00,20087.75,20076.75,-224.36,flip,51.0
1,456179,456251,2024-04-16T19:30:00,2024-04-16T20:42:00,20103.5,20077.25,-529.36,flip,72.0
-1,456551,456635,2024-04-17T01:42:00,2024-04-17T03:06:00,20076.75,20037.0,790.64,flip,84.0
-1,457032,457112,2024-04-17T09:43:00,2024-04-17T11:03:00,20103.25,20025.0,1560.64,flip,80.0
-1,457125,457234,2024-04-17T11:16:00,2024-04-17T13:05:00,19983.25,19853.0,2600.64,flip,109.0
-1,457307,457332,2024-04-17T14:18:00,2024-04-17T14:43:00,19880.0,19925.5,-914.36,flip,25.0
-1,457343,457398,2024-04-17T14:54:00,2024-04-17T15:49:00,19916.5,19882.75,670.64,flip,55.0
-1,457410,457469,2024-04-17T16:01:00,2024-04-17T17:00:00,19839.25,19848.0,-179.36,session_close,59.0
1,457538,458082,2024-04-17T19:09:00,2024-04-18T04:13:00,19872.0,19910.0,755.64,flip,544.0
1,458239,458356,2024-04-18T06:50:00,2024-04-18T08:47:00,19906.0,19853.75,-1049.36,flip,117.0
1,458417,458531,2024-04-18T09:48:00,2024-04-18T11:42:00,19794.5,19874.5,1595.64,flip,114.0
1,458640,458679,2024-04-18T13:31:00,2024-04-18T14:10:00,19772.0,19725.75,-929.36,flip,39.0
1,458694,458703,2024-04-18T14:25:00,2024-04-18T14:34:00,19775.0,19726.0,-984.36,flip,9.0
1,458738,458785,2024-04-18T15:09:00,2024-04-18T15:56:00,19760.5,19722.75,-759.36,flip,47.0
1,459081,459089,2024-04-18T21:52:00,2024-04-18T22:00:00,19471.0,19451.25,-399.36,flip,8.0
1,459114,459458,2024-04-18T22:25:00,2024-04-19T04:09:00,19419.5,19594.75,3500.64,flip,344.0
1,459470,459492,2024-04-19T04:21:00,2024-04-19T04:43:00,19624.5,19583.5,-824.36,flip,22.0
1,459541,459595,2024-04-19T05:32:00,2024-04-19T06:26:00,19629.0,19602.75,-529.36,flip,54.0
1,459648,459756,2024-04-19T07:19:00,2024-04-19T09:07:00,19647.5,19683.5,715.64,flip,108.0
1,459794,459800,2024-04-19T09:45:00,2024-04-19T09:51:00,19666.25,19649.25,-344.36,flip,6.0
-1,459801,459855,2024-04-19T09:52:00,2024-04-19T10:46:00,19633.0,19575.0,1155.64,flip,54.0
-1,459874,459981,2024-04-19T11:05:00,2024-04-19T12:52:00,19543.75,19453.25,1805.64,flip,107.0
-1,460020,460042,2024-04-19T13:31:00,2024-04-19T13:53:00,19446.25,19503.25,-1144.36,flip,22.0
-1,460048,460058,2024-04-19T13:59:00,2024-04-19T14:09:00,19469.0,19463.0,115.64,flip,10.0
-1,460079,460123,2024-04-19T14:30:00,2024-04-19T15:14:00,19414.0,19367.5,925.64,flip,44.0
-1,460146,460164,2024-04-19T15:37:00,2024-04-19T15:55:00,19339.75,19353.5,-279.36,flip,18.0
-1,460391,460621,2024-04-21T20:42:00,2024-04-22T00:32:00,19406.75,19445.0,-769.36,flip,230.0
-1,460786,460906,2024-04-22T03:17:00,2024-04-22T05:17:00,19442.75,19467.25,-494.36,flip,120.0
-1,461014,461111,2024-04-22T07:05:00,2024-04-22T08:42:00,19450.75,19485.75,-704.36,flip,97.0
-1,461197,461279,2024-04-22T10:08:00,2024-04-22T11:30:00,19459.5,19381.75,1550.64,flip,82.0
1,461280,461342,2024-04-22T11:31:00,2024-04-22T12:33:00,19390.5,19427.25,730.64,flip,62.0
1,461374,461478,2024-04-22T13:05:00,2024-04-22T14:49:00,19471.25,19583.75,2245.64,flip,104.0
1,461736,462453,2024-04-22T20:07:00,2024-04-23T08:04:00,19521.25,19568.75,945.64,flip,717.0
1,462489,462561,2024-04-23T08:40:00,2024-04-23T09:52:00,19596.0,19651.0,1095.64,flip,72.0
1,462566,462633,2024-04-23T09:57:00,2024-04-23T11:04:00,19697.5,19728.75,620.64,flip,67.0
1,462652,462924,2024-04-23T11:23:00,2024-04-23T15:55:00,19778.75,19790.0,220.64,flip,272.0
1,462935,462989,2024-04-23T16:06:00,2024-04-23T17:00:00,19825.0,19841.25,320.64,session_close,54.0
-1,463644,463800,2024-04-24T04:55:00,2024-04-24T07:31:00,19882.25,19900.75,-374.36,flip,156.0
-1,463885,463922,2024-04-24T08:56:00,2024-04-24T09:33:00,19891.75,19928.25,-734.36,flip,37.0
-1,463946,463957,2024-04-24T09:57:00,2024-04-24T10:08:00,19927.5,19950.0,-454.36,flip,11.0
-1,463965,464130,2024-04-24T10:16:00,2024-04-24T13:01:00,19904.5,19807.5,1935.64,flip,165.0
-1,464205,464273,2024-04-24T14:16:00,2024-04-24T15:24:00,19829.0,19839.0,-204.36,flip,68.0
-1,464316,464369,2024-04-24T16:07:00,2024-04-24T17:00:00,19733.5,19692.0,825.64,session_close,53.0
1,464542,464795,2024-04-24T20:53:00,2024-04-25T01:06:00,19678.0,19628.0,-1004.36,flip,253.0
1,464907,465147,2024-04-25T02:58:00,2024-04-25T06:58:00,19641.5,19660.0,365.64,flip,240.0
1,465314,465365,2024-04-25T09:45:00,2024-04-25T10:36:00,19553.5,19567.0,265.64,flip,51.0
1,465402,465600,2024-04-25T11:13:00,2024-04-25T14:31:00,19577.0,19697.0,2395.64,flip,198.0
1,465633,465671,2024-04-25T15:04:00,2024-04-25T15:42:00,19742.0,19734.75,-149.36,flip,38.0
1,465691,465749,2024-04-25T16:02:00,2024-04-25T17:00:00,19805.0,20001.25,3920.64,session_close,58.0
-1,465751,466275,2024-04-25T18:02:00,2024-04-26T02:46:00,19965.25,19978.0,-259.36,flip,524.0
-1,466297,466544,2024-04-26T03:08:00,2024-04-26T07:15:00,19930.75,19943.0,-249.36,flip,247.0
1,466546,466619,2024-04-26T07:17:00,2024-04-26T08:30:00,19944.25,19898.0,-929.36,flip,73.0
1,466621,466627,2024-04-26T08:32:00,2024-04-26T08:38:00,19981.25,19927.75,-1074.36,flip,6.0
1,466651,466679,2024-04-26T09:02:00,2024-04-26T09:30:00,19928.0,19872.25,-1119.36,flip,28.0
1,466685,466741,2024-04-26T09:36:00,2024-04-26T10:32:00,19918.75,19972.75,1075.64,flip,56.0
1,466751,466782,2024-04-26T10:42:00,2024-04-26T11:13:00,20018.0,20012.25,-119.36,flip,31.0
1,466819,466970,2024-04-26T11:50:00,2024-04-26T14:21:00,20060.75,20035.25,-514.36,flip,151.0
1,467034,467067,2024-04-26T15:25:00,2024-04-26T15:58:00,20069.5,20028.5,-824.36,flip,33.0
-1,467070,467129,2024-04-26T16:01:00,2024-04-26T17:00:00,20025.0,20021.5,65.64,session_close,59.0
1,467228,467845,2024-04-28T19:39:00,2024-04-29T05:56:00,20061.75,20061.0,-19.36,flip,617.0
1,467954,468070,2024-04-29T07:45:00,2024-04-29T09:41:00,20099.0,20081.5,-354.36,flip,116.0
1,468091,468156,2024-04-29T10:02:00,2024-04-29T11:07:00,20066.0,20048.25,-359.36,flip,65.0
1,468212,468359,2024-04-29T12:03:00,2024-04-29T14:30:00,20075.75,20070.5,-109.36,flip,147.0
-1,468361,468411,2024-04-29T14:32:00,2024-04-29T15:22:00,20066.0,20033.0,655.64,flip,50.0
-1,468967,469444,2024-04-30T01:38:00,2024-04-30T09:35:00,20067.75,20030.0,750.64,flip,477.0
-1,469500,469516,2024-04-30T10:31:00,2024-04-30T10:47:00,20010.25,20055.0,-899.36,flip,16.0
-1,469532,469704,2024-04-30T11:03:00,2024-04-30T13:55:00,20008.0,19910.75,1940.64,flip,172.0
-1,469739,469833,2024-04-30T14:30:00,2024-04-30T16:04:00,19879.0,19801.5,1545.64,flip,94.0
-1,469839,469857,2024-04-30T16:10:00,2024-04-30T16:28:00,19752.75,19720.25,645.64,flip,18.0
-1,469891,470194,2024-04-30T18:02:00,2024-04-30T23:05:00,19674.25,19706.75,-654.36,flip,303.0
-1,470402,470670,2024-05-01T02:33:00,2024-05-01T07:01:00,19660.75,19644.5,320.64,flip,268.0
-1,470847,470886,2024-05-01T09:58:00,2024-05-01T10:37:00,19647.5,19671.0,-474.36,flip,39.0
-1,470920,470950,2024-05-01T11:11:00,2024-05-01T11:41:00,19637.75,19653.0,-309.36,flip,30.0
-1,470968,470982,2024-05-01T11:59:00,2024-05-01T12:13:00,19611.5,19633.25,-439.36,flip,14.0
-1,471048,471065,2024-05-01T13:19:00,2024-05-01T13:36:00,19603.5,19643.0,-794.36,flip,17.0
1,471067,471101,2024-05-01T13:38:00,2024-05-01T14:12:00,19650.5,19652.5,35.64,flip,34.0
1,471117,471122,2024-05-01T14:28:00,2024-05-01T14:33:00,19714.25,19683.5,-619.36,flip,5.0
1,471125,471137,2024-05-01T14:36:00,2024-05-01T14:48:00,19733.75,19858.25,2485.64,flip,12.0
1,471145,471155,2024-05-01T14:56:00,2024-05-01T15:06:00,19915.0,19912.75,-49.36,flip,10.0
1,471175,471181,2024-05-01T15:26:00,2024-05-01T15:32:00,19925.25,19871.25,-1084.36,flip,6.0
1,471266,471269,2024-05-01T16:57:00,2024-05-01T17:00:00,19663.75,19659.5,-89.36,session_close,3.0
-1,472171,472245,2024-05-02T09:03:00,2024-05-02T10:17:00,19753.0,19654.25,1970.64,flip,74.0
-1,472272,472286,2024-05-02T10:44:00,2024-05-02T10:58:00,19646.25,19695.0,-979.36,flip,14.0
-1,472321,472343,2024-05-02T11:33:00,2024-05-02T11:55:00,19691.0,19735.75,-899.36,flip,22.0
-1,472364,472416,2024-05-02T12:16:00,2024-05-02T13:08:00,19702.5,19740.75,-769.36,flip,52.0
-1,472566,472590,2024-05-02T15:38:00,2024-05-02T16:02:00,19818.25,19859.25,-824.36,flip,24.0
-1,473147,473288,2024-05-03T02:19:00,2024-05-03T04:40:00,19924.0,19950.75,-539.36,flip,141.0
-1,473611,473638,2024-05-03T10:03:00,2024-05-03T10:30:00,20140.5,20136.75,70.64,flip,27.0
-1,473662,473698,2024-05-03T10:54:00,2024-05-03T11:30:00,20125.25,20135.0,-199.36,flip,36.0
1,473700,474028,2024-05-03T11:32:00,2024-05-03T17:00:00,20137.75,20210.25,1445.64,session_close,328.0
-1,474168,474662,2024-05-05T20:20:00,2024-05-06T04:34:00,20181.75,20217.25,-714.36,flip,494.0
-1,475132,475169,2024-05-06T12:24:00,2024-05-06T13:01:00,20256.5,20302.5,-924.36,flip,37.0
-1,476230,476314,2024-05-07T07:44:00,2024-05-07T09:08:00,20337.0,20382.5,-914.36,flip,84.0
-1,476597,476786,2024-05-07T13:51:00,2024-05-07T17:00:00,20386.25,20382.5,70.64,session_close,189.0
1,477726,477821,2024-05-08T09:41:00,2024-05-08T11:16:00,20306.75,20378.0,1420.64,flip,95.0
1,478002,478165,2024-05-08T14:17:00,2024-05-08T17:00:00,20373.0,20345.5,-554.36,session_close,163.0
-1,478581,478910,2024-05-09T00:58:00,2024-05-09T06:27:00,20336.75,20338.25,-34.36,flip,329.0
-1,479104,479125,2024-05-09T09:41:00,2024-05-09T10:02:00,20342.25,20345.0,-59.36,flip,21.0
-1,479240,479308,2024-05-09T11:57:00,2024-05-09T13:05:00,20370.0,20409.75,-799.36,flip,68.0
-1,480437,480479,2024-05-10T08:54:00,2024-05-10T09:36:00,20444.25,20498.0,-1079.36,flip,42.0
-1,480506,480596,2024-05-10T10:03:00,2024-05-10T11:33:00,20478.25,20425.25,1055.64,flip,90.0
-1,481865,481909,2024-05-13T09:42:00,2024-05-13T10:26:00,20461.25,20492.5,-629.36,flip,44.0
-1,482072,482203,2024-05-13T13:09:00,2024-05-13T15:20:00,20439.25,20480.25,-824.36,flip,131.0
-1,483175,483183,2024-05-14T08:32:00,2024-05-14T08:40:00,20405.5,20446.25,-819.36,flip,8.0
-1,483301,483324,2024-05-14T10:38:00,2024-05-14T11:01:00,20504.25,20523.75,-394.36,flip,23.0
-1,483367,483513,2024-05-14T11:44:00,2024-05-14T14:10:00,20499.0,20531.75,-659.36,flip,146.0
1,483514,483683,2024-05-14T14:11:00,2024-05-14T17:00:00,20532.75,20595.25,1245.64,session_close,169.0
-1,484565,484648,2024-05-15T08:42:00,2024-05-15T10:05:00,20667.75,20690.25,-454.36,flip,83.0
-1,485956,486051,2024-05-16T08:53:00,2024-05-16T10:28:00,20875.5,20905.75,-609.36,flip,95.0
-1,486180,486443,2024-05-16T12:37:00,2024-05-16T17:00:00,20895.75,20823.0,1450.64,session_close,263.0
1,487222,487393,2024-05-17T07:00:00,2024-05-17T09:51:00,20850.25,20823.0,-549.36,flip,171.0
1,487437,487504,2024-05-17T10:35:00,2024-05-17T11:42:00,20855.25,20814.25,-824.36,flip,67.0
1,487698,487822,2024-05-17T14:56:00,2024-05-17T17:00:00,20792.0,20818.5,525.64,session_close,124.0
-1,488750,488758,2024-05-20T09:28:00,2024-05-20T09:36:00,20827.25,20873.0,-919.36,flip,8.0
-1,488993,489097,2024-05-20T13:31:00,2024-05-20T15:15:00,20929.0,20953.0,-484.36,flip,104.0
-1,489849,490179,2024-05-21T04:49:00,2024-05-21T10:19:00,20921.5,20909.25,240.64,flip,330.0
-1,491278,491364,2024-05-22T05:38:00,2024-05-22T07:04:00,20961.25,20986.25,-504.36,flip,86.0
-1,491714,491854,2024-05-22T12:54:00,2024-05-22T15:14:00,20976.5,20922.25,1080.64,flip,140.0
1,491868,491892,2024-05-22T15:28:00,2024-05-22T15:52:00,20922.75,20912.5,-209.36,flip,24.0
1,491897,491929,2024-05-22T15:57:00,2024-05-22T16:29:00,20950.25,20998.0,950.64,flip,32.0
1,491962,492892,2024-05-22T18:02:00,2024-05-23T09:32:00,21054.25,21154.0,1990.64,flip,930.0
1,492932,492971,2024-05-23T10:12:00,2024-05-23T10:51:00,21081.5,21050.5,-624.36,flip,39.0
1,492988,493089,2024-05-23T11:08:00,2024-05-23T12:49:00,21038.0,21059.25,420.64,flip,101.0
1,493257,493340,2024-05-23T15:37:00,2024-05-23T17:00:00,20866.0,20871.25,100.64,session_close,83.0
-1,493898,493981,2024-05-24T03:18:00,2024-05-24T04:41:00,20868.25,20916.25,-964.36,flip,83.0
-1,494296,494302,2024-05-24T09:56:00,2024-05-24T10:02:00,20919.0,20977.25,-1169.36,flip,6.0
-1,494597,494720,2024-05-24T14:57:00,2024-05-24T17:00:00,21060.5,21055.5,95.64,session_close,123.0
1,495241,495860,2024-05-27T02:41:00,2024-05-27T13:00:00,21065.75,21135.5,1390.64,session_close,619.0
-1,495898,496380,2024-05-27T18:38:00,2024-05-28T02:40:00,21094.25,21119.0,-499.36,flip,482.0
-1,496604,496828,2024-05-28T06:24:00,2024-05-28T10:08:00,21115.5,21077.0,765.64,flip,224.0
-1,497063,497124,2024-05-28T14:03:00,2024-05-28T15:04:00,21083.25,21059.25,475.64,flip,61.0
-1,497403,498179,2024-05-28T20:43:00,2024-05-29T09:39:00,21092.25,20992.0,2000.64,flip,776.0
-1,498280,498373,2024-05-29T11:20:00,2024-05-29T12:53:00,21009.25,21053.75,-894.36,flip,93.0
-1,498417,498620,2024-05-29T13:37:00,2024-05-29T17:00:00,21014.0,20931.5,1645.64,session_close,203.0
1,499224,499556,2024-05-30T04:04:00,2024-05-30T09:36:00,20893.25,20902.5,180.64,flip,332.0
1,499570,499593,2024-05-30T09:50:00,2024-05-30T10:13:00,20937.25,20890.5,-939.36,flip,23.0
1,499673,499837,2024-05-30T11:33:00,2024-05-30T14:17:00,20865.0,20862.5,-54.36,flip,164.0
1,499936,499949,2024-05-30T15:56:00,2024-05-30T16:09:00,20799.25,20753.25,-924.36,flip,13.0
1,500234,500581,2024-05-30T21:54:00,2024-05-31T03:41:00,20738.75,20703.5,-709.36,flip,347.0
1,500621,500738,2024-05-31T04:21:00,2024-05-31T06:18:00,20748.5,20709.75,-779.36,flip,117.0
1,500796,500927,2024-05-31T07:16:00,2024-05-31T09:27:00,20720.75,20806.5,1710.64,flip,131.0
1,500942,500948,2024-05-31T09:42:00,2024-05-31T09:48:00,20809.5,20759.0,-1014.36,flip,6.0
1,501142,501231,2024-05-31T13:02:00,2024-05-31T14:31:00,20489.25,20504.25,295.64,flip,89.0
1,501246,501380,2024-05-31T14:46:00,2024-05-31T17:00:00,20547.25,20755.5,4160.64,session_close,134.0
-1,501384,501466,2024-06-02T18:04:00,2024-06-02T19:26:00,20748.5,20774.25,-519.36,flip,82.0
-1,501956,502013,2024-06-03T03:36:00,2024-06-03T04:33:00,20810.5,20857.0,-934.36,flip,57.0
-1,502333,502357,2024-06-03T09:53:00,2024-06-03T10:17:00,20873.75,20886.5,-259.36,flip,24.0
-1,502378,502423,2024-06-03T10:38:00,2024-06-03T11:23:00,20836.25,20801.75,685.64,flip,45.0
-1,502464,502540,2024-06-03T12:04:00,2024-06-03T13:20:00,20766.25,20672.0,1880.64,flip,76.0
-1,502596,502622,2024-06-03T14:16:00,2024-06-03T14:42:00,20713.25,20759.0,-919.36,flip,26.0
-1,503265,503344,2024-06-04T02:25:00,2024-06-04T03:44:00,20813.75,20807.0,130.64,flip,79.0
-1,503395,503498,2024-06-04T04:35:00,2024-06-04T06:18:00,20762.75,20744.75,355.64,flip,103.0
-1,503719,503722,2024-06-04T09:59:00,2024-06-04T10:02:00,20769.25,20817.0,-959.36,flip,3.0
-1,503727,503752,2024-06-04T10:07:00,2024-06-04T10:32:00,20781.0,20809.0,-564.36,flip,25.0
-1,503781,503884,2024-06-04T11:01:00,2024-06-04T12:44:00,20786.5,20812.0,-514.36,flip,103.0
-1,503908,503974,2024-06-04T13:08:00,2024-06-04T14:14:00,20789.0,20843.5,-1094.36,flip,66.0
-1,504023,504066,2024-06-04T15:03:00,2024-06-04T15:46:00,20869.75,20878.5,-179.36,flip,43.0
-1,504688,504786,2024-06-05T03:08:00,2024-06-05T04:46:00,20895.5,20936.5,-824.36,flip,98.0
-1,506401,506448,2024-06-06T08:41:00,2024-06-06T09:28:00,21254.25,21298.25,-884.36,flip,47.0
-1,506471,506505,2024-06-06T09:51:00,2024-06-06T10:25:00,21251.25,21267.5,-329.36,flip,34.0
-1,506572,506688,2024-06-06T11:32:00,2024-06-06T13:28:00,21243.0,21265.75,-459.36,flip,116.0
1,506689,506728,2024-06-06T13:29:00,2024-06-06T14:08:00,21267.25,21226.5,-819.36,flip,39.0
1,506774,506900,2024-06-06T14:54:00,2024-06-06T17:00:00,21256.0,21253.75,-49.36,session_close,126.0
-1,507707,507791,2024-06-07T07:28:00,2024-06-07T08:52:00,21240.0,21177.0,1255.64,flip,84.0
-1,507835,507851,2024-06-07T09:36:00,2024-06-07T09:52:00,21180.75,21224.25,-874.36,flip,16.0
-1,507921,507951,2024-06-07T11:02:00,2024-06-07T11:32:00,21240.0,21266.0,-524.36,flip,30.0
-1,508101,508132,2024-06-07T14:02:00,2024-06-07T14:33:00,21270.0,21236.75,660.64,flip,31.0
-1,508174,508203,2024-06-07T15:15:00,2024-06-07T15:44:00,21198.25,21239.75,-834.36,flip,29.0
-1,508818,509032,2024-06-10T03:00:00,2024-06-10T06:34:00,21189.75,21215.75,-524.36,flip,214.0
-1,509177,509262,2024-06-10T08:59:00,2024-06-10T10:24:00,21178.25,21213.75,-714.36,flip,85.0
-1,509446,509468,2024-06-10T13:28:00,2024-06-10T13:50:00,21256.75,21292.0,-709.36,flip,22.0
-1,509499,509529,2024-06-10T14:21:00,2024-06-10T14:51:00,21241.25,21268.25,-544.36,flip,30.0
-1,510308,510596,2024-06-11T04:50:00,2024-06-11T09:38:00,21252.0,21264.25,-249.36,flip,288.0
-1,510607,510620,2024-06-11T09:49:00,2024-06-11T10:02:00,21198.25,21228.25,-604.36,flip,13.0
-1,510723,510803,2024-06-11T11:45:00,2024-06-11T13:05:00,21264.25,21311.5,-949.36,flip,80.0
-1,511923,511973,2024-06-12T08:45:00,2024-06-12T09:35:00,21583.0,21613.25,-609.36,flip,50.0
-1,512052,512084,2024-06-12T10:54:00,2024-06-12T11:26:00,21684.0,21721.75,-759.36,flip,32.0
-1,512240,512258,2024-06-12T14:02:00,2024-06-12T14:20:00,21671.25,21701.0,-599.36,flip,18.0
-1,512285,512296,2024-06-12T14:47:00,2024-06-12T14:58:00,21680.25,21702.25,-444.36,flip,11.0
-1,512323,512351,2024-06-12T15:25:00,2024-06-12T15:53:00,21716.0,21683.5,645.64,flip,28.0
-1,512361,512375,2024-06-12T16:03:00,2024-06-12T16:17:00,21663.75,21725.5,-1239.36,flip,14.0
-1,513105,513273,2024-06-13T05:27:00,2024-06-13T08:15:00,21808.75,21822.0,-269.36,flip,168.0
-1,513300,513410,2024-06-13T08:42:00,2024-06-13T10:32:00,21814.25,21767.75,925.64,flip,110.0
1,513412,513502,2024-06-13T10:34:00,2024-06-13T12:04:00,21769.0,21744.75,-489.36,flip,90.0
1,513558,513798,2024-06-13T13:00:00,2024-06-13T17:00:00,21737.5,21792.5,1095.64,session_close,240.0
-1,514466,514612,2024-06-14T05:08:00,2024-06-14T07:34:00,21784.25,21739.5,890.64,flip,146.0
-1,514795,514810,2024-06-14T10:37:00,2024-06-14T10:52:00,21785.25,21814.25,-584.36,flip,15.0
-1,514865,514879,2024-06-14T11:47:00,2024-06-14T12:01:00,21770.25,21802.5,-649.36,flip,14.0
-1,515818,516137,2024-06-17T04:42:00,2024-06-17T10:01:00,21884.25,21878.75,105.64,flip,319.0
-1,516166,516198,2024-06-17T10:30:00,2024-06-17T11:02:00,21858.0,21913.75,-1119.36,flip,32.0
-1,516392,516556,2024-06-17T14:16:00,2024-06-17T17:00:00,22143.25,22111.0,640.64,session_close,164.0
1,516568,516745,2024-06-17T18:12:00,2024-06-17T21:09:00,22134.0,22097.0,-744.36,flip,177.0
1,517130,517431,2024-06-18T03:34:00,2024-06-18T08:35:00,22132.25,22128.25,-84.36,flip,301.0
1,517620,517761,2024-06-18T11:44:00,2024-06-18T14:05:00,22096.75,22093.75,-64.36,flip,141.0
1,517944,519076,2024-06-18T18:08:00,2024-06-19T13:00:00,22138.25,22155.0,330.64,session_close,1132.0
-1,519709,520021,2024-06-20T04:33:00,2024-06-20T09:45:00,22236.75,22171.75,1295.64,flip,312.0
-1,520043,520068,2024-06-20T10:07:00,2024-06-20T10:32:00,22139.5,22094.75,890.64,flip,25.0
-1,520145,520203,2024-06-20T11:49:00,2024-06-20T12:47:00,22106.5,21994.0,2245.64,flip,58.0
-1,520220,520233,2024-06-20T13:04:00,2024-06-20T13:17:00,21967.0,21966.75,0.6399999999999997,flip,13.0
1,520234,520243,2024-06-20T13:18:00,2024-06-20T13:27:00,21969.25,21927.0,-849.36,flip,9.0
1,520262,520328,2024-06-20T13:46:00,2024-06-20T14:52:00,21941.0,21947.25,120.64,flip,66.0
1,520366,520456,2024-06-20T15:30:00,2024-06-20T17:00:00,21945.25,21977.5,640.64,session_close,90.0
-1,521009,521139,2024-06-21T03:13:00,2024-06-21T05:23:00,21964.0,21922.5,825.64,flip,130.0
-1,521292,521340,2024-06-21T07:56:00,2024-06-21T08:44:00,21915.25,21950.75,-714.36,flip,48.0
-1,521388,521418,2024-06-21T09:32:00,2024-06-21T10:02:00,21917.25,21897.75,385.64,flip,30.0
-1,521442,521467,2024-06-21T10:26:00,2024-06-21T10:51:00,21882.25,21921.5,-789.36,flip,25.0
-1,521509,521522,2024-06-21T11:33:00,2024-06-21T11:46:00,21910.25,21945.5,-709.36,flip,13.0
-1,521583,521686,2024-06-21T12:47:00,2024-06-21T14:30:00,21937.75,21923.25,285.64,flip,103.0
-1,522028,522169,2024-06-23T21:15:00,2024-06-23T23:36:00,21893.0,21893.25,-9.36,flip,141.0
1,522178,522526,2024-06-23T23:45:00,2024-06-24T05:33:00,21893.75,21905.75,235.64,flip,348.0
1,522768,522776,2024-06-24T09:35:00,2024-06-24T09:43:00,21874.75,21831.0,-879.36,flip,8.0
1,522788,522820,2024-06-24T09:55:00,2024-06-24T10:27:00,21840.75,21867.25,525.64,flip,32.0
1,522830,522837,2024-06-24T10:37:00,2024-06-24T10:44:00,21861.0,21810.0,-1024.36,flip,7.0
1,522852,522881,2024-06-24T10:59:00,2024-06-24T11:28:00,21805.5,21806.0,5.64,flip,29.0
1,523081,523140,2024-06-24T14:48:00,2024-06-24T15:47:00,21743.5,21725.5,-364.36,flip,59.0
1,523465,523760,2024-06-24T22:12:00,2024-06-25T03:07:00,21706.25,21684.0,-449.36,flip,295.0
1,523835,524152,2024-06-25T04:22:00,2024-06-25T09:39:00,21705.0,21720.0,295.64,flip,317.0
1,524162,524317,2024-06-25T09:49:00,2024-06-25T12:24:00,21770.75,21839.0,1360.64,flip,155.0
1,524369,524593,2024-06-25T13:16:00,2024-06-25T17:00:00,21811.5,21894.5,1655.64,session_close,224.0
-1,525314,525527,2024-06-26T06:01:00,2024-06-26T09:34:00,21946.0,21872.25,1470.64,flip,213.0
-1,525583,525602,2024-06-26T10:30:00,2024-06-26T10:49:00,21880.0,21930.75,-1019.36,flip,19.0
-1,525617,525635,2024-06-26T11:04:00,2024-06-26T11:22:00,21880.5,21896.25,-319.36,flip,18.0
-1,525717,525793,2024-06-26T12:44:00,2024-06-26T14:00:00,21903.0,21909.25,-129.36,flip,76.0
-1,525865,525895,2024-06-26T15:12:00,2024-06-26T15:42:00,21861.75,21901.25,-794.36,flip,30.0
-1,525916,525920,2024-06-26T16:03:00,2024-06-26T16:07:00,21850.75,21895.25,-894.36,flip,4.0
1,525921,525973,2024-06-26T16:08:00,2024-06-26T17:00:00,21899.5,21877.75,-439.36,session_close,52.0
-1,526010,526218,2024-06-26T18:37:00,2024-06-26T22:05:00,21854.0,21850.25,70.64,flip,208.0
-1,526925,526935,2024-06-27T09:52:00,2024-06-27T10:02:00,21968.75,21993.75,-504.36,flip,10.0
-1,526967,527059,2024-06-27T10:34:00,2024-06-27T12:06:00,21986.0,21930.25,1110.64,flip,92.0
-1,527175,527242,2024-06-27T14:02:00,2024-06-27T15:09:00,21936.75,21970.25,-674.36,flip,67.0
-1,527288,527294,2024-06-27T15:55:00,2024-06-27T16:01:00,21936.5,21972.0,-714.36,flip,6.0
-1,528235,528293,2024-06-28T08:42:00,2024-06-28T09:40:00,22037.0,22011.75,500.64,flip,58.0
-1,528344,528463,2024-06-28T10:31:00,2024-06-28T12:30:00,22139.5,21995.5,2875.64,flip,119.0
-1,528473,528501,2024-06-28T12:40:00,2024-06-28T13:08:00,21934.75,21962.25,-554.36,flip,28.0
-1,528577,528652,2024-06-28T14:24:00,2024-06-28T15:39:00,21937.75,21887.0,1010.64,flip,75.0
-1,528669,528733,2024-06-28T15:56:00,2024-06-28T17:00:00,21891.75,21890.5,20.64,session_close,64.0
1,528764,528856,2024-06-30T18:31:00,2024-06-30T20:03:00,21902.5,21857.25,-909.36,flip,92.0
1,528888,529304,2024-06-30T20:35:00,2024-07-01T03:31:00,21901.75,21896.25,-114.36,flip,416.0
-1,529308,529361,2024-07-01T03:35:00,2024-07-01T04:28:00,21892.75,21903.25,-214.36,flip,53.0
-1,529374,529507,2024-07-01T04:41:00,2024-07-01T06:54:00,21863.25,21877.5,-289.36,flip,133.0
-1,529668,529695,2024-07-01T09:35:00,2024-07-01T10:02:00,21870.5,21837.75,650.64,flip,27.0
-1,529706,529712,2024-07-01T10:13:00,2024-07-01T10:19:00,21777.5,21792.25,-299.36,flip,6.0
-1,529736,529753,2024-07-01T10:43:00,2024-07-01T11:00:00,21801.0,21839.5,-774.36,flip,17.0
-1,529965,530008,2024-07-01T14:32:00,2024-07-01T15:15:00,21919.5,21965.75,-929.36,flip,43.0
-1,530021,530030,2024-07-01T15:28:00,2024-07-01T15:37:00,21910.0,21955.25,-909.36,flip,9.0
-1,530186,530578,2024-07-01T19:13:00,2024-07-02T01:45:00,21947.75,21936.0,230.64,flip,392.0
-1,530656,530988,2024-07-02T03:03:00,2024-07-02T08:35:00,21882.75,21883.25,-14.36,flip,332.0
-1,531085,531105,2024-07-02T10:12:00,2024-07-02T10:32:00,21951.75,21999.75,-964.36,flip,20.0
-1,531193,531244,2024-07-02T12:00:00,2024-07-02T12:51:00,22029.0,22045.75,-339.36,flip,51.0
-1,532353,532426,2024-07-03T08:20:00,2024-07-03T09:33:00,22159.0,22180.5,-434.36,flip,73.0
-1,532620,532635,2024-07-03T12:47:00,2024-07-03T13:02:00,22296.75,22342.25,-914.36,flip,15.0
-1,533596,533785,2024-07-04T09:51:00,2024-07-04T13:00:00,22311.25,22305.25,115.64,session_close,189.0
1,534127,534676,2024-07-04T23:42:00,2024-07-05T08:52:00,22340.75,22350.25,185.64,flip,550.0
-1,534677,534717,2024-07-05T08:53:00,2024-07-05T09:33:00,22343.0,22391.25,-969.36,flip,40.0
-1,534731,534739,2024-07-05T09:47:00,2024-07-05T09:55:00,22369.75,22407.75,-764.36,flip,8.0
-1,534754,534769,2024-07-05T10:10:00,2024-07-05T10:25:00,22404.5,22437.0,-654.36,flip,15.0
1,535980,536162,2024-07-08T07:36:00,2024-07-08T10:38:00,22549.5,22520.0,-594.36,flip,182.0
1,536205,536255,2024-07-08T11:21:00,2024-07-08T12:11:00,22564.0,22545.5,-374.36,flip,50.0
1,536344,536408,2024-07-08T13:40:00,2024-07-08T14:44:00,22586.25,22543.0,-869.36,flip,64.0
1,536480,536544,2024-07-08T15:56:00,2024-07-08T17:00:00,22589.75,22608.5,370.64,session_close,64.0
-1,537530,537550,2024-07-09T10:27:00,2024-07-09T10:47:00,22634.5,22659.25,-499.36,flip,20.0
-1,537575,537765,2024-07-09T11:12:00,2024-07-09T14:22:00,22616.25,22590.75,505.64,flip,190.0
-1,538922,538975,2024-07-10T10:39:00,2024-07-10T11:32:00,22669.75,22683.5,-279.36,flip,53.0
-1,539456,540175,2024-07-10T20:33:00,2024-07-11T08:32:00,22791.75,22880.0,-1769.36,flip,719.0
-1,540194,540264,2024-07-11T08:51:00,2024-07-11T10:01:00,22855.75,22793.25,1245.64,flip,70.0
-1,540274,540295,2024-07-11T10:11:00,2024-07-11T10:32:00,22739.0,22644.5,1885.64,flip,21.0
-1,540299,540334,2024-07-11T10:36:00,2024-07-11T11:11:00,22597.0,22567.0,595.64,flip,35.0
-1,540338,540370,2024-07-11T11:15:00,2024-07-11T11:47:00,22522.25,22460.5,1230.64,flip,32.0
-1,540378,540394,2024-07-11T11:55:00,2024-07-11T12:11:00,22411.25,22437.25,-524.36,flip,16.0
-1,540407,540418,2024-07-11T12:24:00,2024-07-11T12:35:00,22398.75,22448.0,-989.36,flip,11.0
-1,540432,540461,2024-07-11T12:49:00,2024-07-11T13:18:00,22394.0,22397.75,-79.36,flip,29.0
-1,540489,540525,2024-07-11T13:46:00,2024-07-11T14:22:00,22360.75,22347.5,260.64,flip,36.0
-1,540592,540603,2024-07-11T15:29:00,2024-07-11T15:40:00,22369.75,22411.25,-834.36,flip,11.0
-1,540624,540683,2024-07-11T16:01:00,2024-07-11T17:00:00,22353.75,22356.75,-64.36,session_close,59.0
1,541188,541259,2024-07-12T02:25:00,2024-07-12T03:36:00,22351.25,22314.5,-739.36,flip,71.0
1,541307,541667,2024-07-12T04:24:00,2024-07-12T10:24:00,22353.25,22455.25,2035.64,flip,360.0
1,541677,541764,2024-07-12T10:34:00,2024-07-12T12:01:00,22500.75,22519.0,360.64,flip,87.0
1,541801,541907,2024-07-12T12:38:00,2024-07-12T14:24:00,22530.75,22616.5,1710.64,flip,106.0
1,541999,542063,2024-07-12T15:56:00,2024-07-12T17:00:00,22488.25,22464.0,-489.36,session_close,64.0
-1,542080,542185,2024-07-14T18:17:00,2024-07-14T20:02:00,22441.0,22484.75,-879.36,flip,105.0
-1,542907,543005,2024-07-15T08:04:00,2024-07-15T09:42:00,22530.0,22576.5,-934.36,flip,98.0
-1,543008,543018,2024-07-15T09:45:00,2024-07-15T09:55:00,22538.25,22559.5,-429.36,flip,10.0
-1,543114,543172,2024-07-15T11:31:00,2024-07-15T12:29:00,22658.25,22588.0,1400.64,flip,58.0
-1,543205,543211,2024-07-15T13:02:00,2024-07-15T13:08:00,22541.0,22557.0,-324.36,flip,6.0
-1,543235,543293,2024-07-15T13:32:00,2024-07-15T14:30:00,22524.25,22526.0,-39.36,flip,58.0
-1,543364,543379,2024-07-15T15:41:00,2024-07-15T15:56:00,22516.5,22487.5,575.64,flip,15.0
-1,543986,544098,2024-07-16T03:03:00,2024-07-16T04:55:00,22531.25,22511.75,385.64,flip,112.0
-1,544389,544424,2024-07-16T09:46:00,2024-07-16T10:21:00,22555.75,22465.0,1810.64,flip,35.0
-1,544485,544573,2024-07-16T11:22:00,2024-07-16T12:50:00,22483.25,22442.25,815.64,flip,88.0
-1,544621,544669,2024-07-16T13:38:00,2024-07-16T14:26:00,22423.5,22468.25,-899.36,flip,48.0
-1,544903,545531,2024-07-16T19:20:00,2024-07-17T05:48:00,22491.75,22277.0,4290.64,flip,628.0
1,545572,545611,2024-07-17T06:29:00,2024-07-17T07:08:00,22278.5,22236.5,-844.36,flip,39.0
1,545680,545723,2024-07-17T08:17:00,2024-07-17T09:00:00,22233.5,22199.25,-689.36,flip,43.0
-1,545750,545819,2024-07-17T09:27:00,2024-07-17T10:36:00,22196.0,22078.0,2355.64,flip,69.0
-1,545834,545867,2024-07-17T10:51:00,2024-07-17T11:24:00,22049.75,22070.0,-409.36,flip,33.0
-1,545871,545960,2024-07-17T11:28:00,2024-07-17T12:57:00,22021.0,21982.0,775.64,flip,89.0
-1,545979,545996,2024-07-17T13:16:00,2024-07-17T13:33:00,21940.25,21993.0,-1059.36,flip,17.0
-1,546015,546040,2024-07-17T13:52:00,2024-07-17T14:17:00,21957.5,21983.0,-514.36,flip,25.0
-1,546073,546109,2024-07-17T14:50:00,2024-07-17T15:26:00,21946.75,21977.75,-624.36,flip,36.0
-1,546140,546169,2024-07-17T15:57:00,2024-07-17T16:26:00,21944.75,21941.75,55.64,flip,29.0
-1,546539,546681,2024-07-17T23:36:00,2024-07-18T01:58:00,21954.0,22000.5,-934.36,flip,142.0
-1,546757,546795,2024-07-18T03:14:00,2024-07-18T03:52:00,22035.25,22017.0,360.64,flip,38.0
-1,546898,546965,2024-07-18T05:35:00,2024-07-18T06:42:00,22004.0,21993.5,205.64,flip,67.0
-1,547136,547169,2024-07-18T09:33:00,2024-07-18T10:06:00,22034.75,21999.75,695.64,flip,33.0
-1,547185,547214,2024-07-18T10:22:00,2024-07-18T10:51:00,21980.75,21878.25,2045.64,flip,29.0
-1,547230,547262,2024-07-18T11:07:00,2024-07-18T11:39:00,21895.5,21773.75,2430.64,flip,32.0
-1,547273,547292,2024-07-18T11:50:00,2024-07-18T12:09:00,21725.0,21750.75,-519.36,flip,19.0
-1,547351,547357,2024-07-18T13:08:00,2024-07-18T13:14:00,21795.25,21837.75,-854.36,flip,6.0
-1,547385,547460,2024-07-18T13:42:00,2024-07-18T14:57:00,21816.75,21773.0,870.64,flip,75.0
-1,547475,547492,2024-07-18T15:12:00,2024-07-18T15:29:00,21737.5,21738.75,-29.36,flip,17.0
-1,547516,547520,2024-07-18T15:53:00,2024-07-18T15:57:00,21824.25,21839.75,-314.36,flip,4.0
-1,548114,548179,2024-07-19T02:51:00,2024-07-19T03:56:00,21853.5,21739.75,2270.64,flip,65.0
-1,548207,548215,2024-07-19T04:24:00,2024-07-19T04:32:00,21719.0,21765.75,-939.36,flip,8.0
-1,548268,548293,2024-07-19T05:25:00,2024-07-19T05:50:00,21741.75,21781.0,-789.36,flip,25.0
-1,548510,548519,2024-07-19T09:27:00,2024-07-19T09:36:00,21807.5,21819.25,-239.36,flip,9.0
-1,548528,548535,2024-07-19T09:45:00,2024-07-19T09:52:00,21823.0,21846.5,-474.36,flip,7.0
-1,548547,548589,2024-07-19T10:14:00,2024-07-19T10:56:00,21803.0,21746.25,1130.64,flip,42.0
-1,548604,548644,2024-07-19T11:11:00,2024-07-19T11:51:00,21734.75,21686.25,965.64,flip,40.0
-1,548676,548753,2024-07-19T12:23:00,2024-07-19T13:40:00,21679.25,21628.5,1010.64,flip,77.0
-1,548799,548833,2024-07-19T14:26:00,2024-07-19T15:00:00,21620.75,21645.75,-504.36,flip,34.0
-1,548870,548953,2024-07-19T15:37:00,2024-07-19T17:00:00,21652.0,21625.5,525.64,session_close,83.0
1,548955,549096,2024-07-21T18:02:00,2024-07-21T20:23:00,21662.25,21707.0,890.64,flip,141.0
1,549259,549321,2024-07-21T23:06:00,2024-07-22T00:08:00,21700.25,21669.5,-619.36,flip,62.0
1,549356,549515,2024-07-22T00:43:00,2024-07-22T03:22:00,21712.5,21688.25,-489.36,flip,159.0
1,549532,549885,2024-07-22T03:39:00,2024-07-22T09:32:00,21735.25,21834.0,1970.64,flip,353.0
1,549891,549912,2024-07-22T09:38:00,2024-07-22T09:59:00,21858.0,21894.0,715.64,flip,21.0
1,549930,549933,2024-07-22T10:17:00,2024-07-22T10:20:00,21891.0,21841.5,-994.36,flip,3.0
1,549943,549966,2024-07-22T10:30:00,2024-07-22T10:53:00,21886.0,21883.0,-64.36,flip,23.0
1,550029,550215,2024-07-22T11:56:00,2024-07-22T15:02:00,21791.0,21920.25,2580.64,flip,186.0
1,550262,550287,2024-07-22T15:49:00,2024-07-22T16:14:00,21954.5,21907.0,-954.36,flip,25.0
1,550979,551196,2024-07-23T04:46:00,2024-07-23T08:23:00,21844.5,21893.75,980.64,flip,217.0
1,551237,551297,2024-07-23T09:04:00,2024-07-23T10:04:00,21897.25,21896.25,-24.36,flip,60.0
1,551303,551333,2024-07-23T10:10:00,2024-07-23T10:40:00,21942.25,21901.25,-824.36,flip,30.0
1,551355,551412,2024-07-23T11:02:00,2024-07-23T11:59:00,21910.5,21956.75,920.64,flip,57.0
1,551501,551637,2024-07-23T13:28:00,2024-07-23T15:44:00,21896.0,21855.25,-819.36,flip,136.0
1,551656,551658,2024-07-23T16:03:00,2024-07-23T16:05:00,21894.5,21846.0,-974.36,flip,2.0
1,551659,551665,2024-07-23T16:06:00,2024-07-23T16:12:00,21911.25,21856.25,-1104.36,flip,6.0
1,551692,551713,2024-07-23T16:39:00,2024-07-23T17:00:00,21896.5,21870.25,-529.36,session_close,21.0
-1,551715,552356,2024-07-23T18:02:00,2024-07-24T04:43:00,21756.25,21658.25,1955.64,flip,641.0
-1,552497,552865,2024-07-24T07:04:00,2024-07-24T13:12:00,21628.0,21286.25,6830.64,flip,368.0
-1,552908,553009,2024-07-24T13:55:00,2024-07-24T15:36:00,21253.5,21191.25,1240.64,flip,101.0
-1,553021,553041,2024-07-24T15:48:00,2024-07-24T16:08:00,21182.0,21153.5,565.64,flip,20.0
-1,553367,553420,2024-07-24T22:34:00,2024-07-24T23:27:00,21178.5,21190.0,-234.36,flip,53.0
-1,553575,553595,2024-07-25T02:02:00,2024-07-25T02:22:00,21156.5,21143.5,255.64,flip,20.0
-1,553641,553721,2024-07-25T03:08:00,2024-07-25T04:28:00,21136.0,21049.75,1720.64,flip,80.0
-1,553771,553837,2024-07-25T05:18:00,2024-07-25T06:24:00,21108.75,21072.25,725.64,flip,66.0
-1,553902,553971,2024-07-25T07:29:00,2024-07-25T08:38:00,21080.25,21106.5,-529.36,flip,69.0
-1,554026,554035,2024-07-25T09:33:00,2024-07-25T09:42:00,21113.75,21092.25,425.64,flip,9.0
-1,554039,554070,2024-07-25T09:46:00,2024-07-25T10:17:00,21069.5,20864.0,4105.64,flip,31.0
-1,554112,554121,2024-07-25T11:04:00,2024-07-25T11:13:00,21090.5,21145.25,-1099.36,flip,9.0
-1,554130,554160,2024-07-25T11:22:00,2024-07-25T11:52:00,21146.25,21127.0,380.64,flip,30.0
-1,554178,554183,2024-07-25T12:10:00,2024-07-25T12:15:00,21132.25,21197.75,-1314.36,flip,5.0
-1,554221,554231,2024-07-25T12:53:00,2024-07-25T13:03:00,21228.75,21272.5,-879.36,flip,10.0
1,554232,554244,2024-07-25T13:04:00,2024-07-25T13:16:00,21289.5,21266.0,-474.36,flip,12.0
1,554288,554295,2024-07-25T14:00:00,2024-07-25T14:07:00,21223.75,21172.25,-1034.36,flip,7.0
1,554324,554333,2024-07-25T14:36:00,2024-07-25T14:45:00,21166.25,21104.25,-1244.36,flip,9.0
1,554351,554383,2024-07-25T15:03:00,2024-07-25T15:35:00,21094.75,21114.0,380.64,flip,32.0
1,554421,554468,2024-07-25T16:13:00,2024-07-25T17:00:00,20912.75,20918.75,115.64,session_close,47.0
-1,554948,555024,2024-07-26T02:00:00,2024-07-26T03:16:00,20991.25,21049.75,-1174.36,flip,76.0
-1,555214,555297,2024-07-26T06:26:00,2024-07-26T07:49:00,21094.75,21136.5,-839.36,flip,83.0
-1,555353,555414,2024-07-26T08:45:00,2024-07-26T09:46:00,21100.25,21059.25,815.64,flip,61.0
-1,555417,555422,2024-07-26T09:49:00,2024-07-26T09:54:00,21004.75,21031.5,-539.36,flip,5.0
-1,555434,555441,2024-07-26T10:06:00,2024-07-26T10:13:00,21032.0,21036.25,-89.36,flip,7.0
-1,555448,555450,2024-07-26T10:20:00,2024-07-26T10:22:00,20993.75,21042.75,-984.36,flip,2.0
-1,555459,555488,2024-07-26T10:31:00,2024-07-26T11:00:00,21061.5,21043.75,350.64,flip,29.0
-1,555506,555530,2024-07-26T11:18:00,2024-07-26T11:42:00,21028.75,21072.0,-869.36,flip,24.0
1,555532,555644,2024-07-26T11:44:00,2024-07-26T13:36:00,21073.5,21155.75,1640.64,flip,112.0
1,555655,555661,2024-07-26T13:47:00,2024-07-26T13:53:00,21127.0,21088.25,-779.36,flip,6.0
1,555673,555689,2024-07-26T14:05:00,2024-07-26T14:21:00,21135.0,21094.25,-819.36,flip,16.0
1,555754,555762,2024-07-26T15:26:00,2024-07-26T15:34:00,21084.5,21060.5,-484.36,flip,8.0
1,555770,555781,2024-07-26T15:42:00,2024-07-26T15:53:00,21088.25,21058.75,-594.36,flip,11.0
1,555789,555848,2024-07-26T16:01:00,2024-07-26T17:00:00,21100.25,21099.75,-14.36,session_close,59.0
-1,556052,556306,2024-07-28T21:24:00,2024-07-29T01:39:00,21205.75,21251.75,-924.36,flip,255.0
-1,556405,556460,2024-07-29T03:18:00,2024-07-29T04:13:00,21205.0,21195.25,190.64,flip,55.0
-1,556486,556588,2024-07-29T04:39:00,2024-07-29T06:21:00,21160.75,21204.25,-874.36,flip,102.0
-1,556748,556785,2024-07-29T09:01:00,2024-07-29T09:38:00,21234.0,21201.75,640.64,flip,37.0
1,556786,556799,2024-07-29T09:39:00,2024-07-29T09:52:00,21215.5,21221.5,115.64,flip,13.0
1,556807,556816,2024-07-29T10:00:00,2024-07-29T10:09:00,21277.25,21238.5,-779.36,flip,9.0
1,556830,556842,2024-07-29T10:23:00,2024-07-29T10:35:00,21229.75,21182.75,-944.36,flip,12.0
1,556850,556858,2024-07-29T10:43:00,2024-07-29T10:51:00,21229.0,21187.75,-829.36,flip,8.0
1,556911,557015,2024-07-29T11:44:00,2024-07-29T13:28:00,21095.0,21207.0,2235.64,flip,104.0
1,557112,557164,2024-07-29T15:05:00,2024-07-29T15:57:00,21161.5,21140.0,-434.36,flip,52.0
1,557543,557927,2024-07-29T23:17:00,2024-07-30T05:41:00,21056.0,21139.75,1670.64,flip,384.0
1,557993,558172,2024-07-30T06:47:00,2024-07-30T09:46:00,21179.25,21184.25,95.64,flip,179.0
1,558194,558210,2024-07-30T10:08:00,2024-07-30T10:24:00,21145.25,21107.5,-759.36,flip,16.0
1,558267,558284,2024-07-30T11:21:00,2024-07-30T11:38:00,20954.25,20911.5,-859.36,flip,17.0
1,558377,558484,2024-07-30T13:11:00,2024-07-30T14:58:00,20781.75,20866.0,1680.64,flip,107.0
1,558535,558547,2024-07-30T15:49:00,2024-07-30T16:01:00,20891.0,20862.75,-569.36,flip,12.0
1,558555,558602,2024-07-30T16:09:00,2024-07-30T16:56:00,20713.75,20775.5,1230.64,flip,47.0
1,558610,558750,2024-07-30T18:04:00,2024-07-30T20:24:00,20847.0,20943.0,1915.64,flip,140.0
1,558768,559097,2024-07-30T20:42:00,2024-07-31T02:11:00,20989.5,21095.0,2105.64,flip,329.0
1,559121,559214,2024-07-31T02:35:00,2024-07-31T04:08:00,21147.75,21111.25,-734.36,flip,93.0
1,559238,559295,2024-07-31T04:32:00,2024-07-31T05:29:00,21151.25,21122.0,-589.36,flip,57.0
-1,559317,559387,2024-07-31T05:51:00,2024-07-31T07:01:00,21119.75,21166.25,-934.36,flip,70.0
-1,559542,559546,2024-07-31T09:36:00,2024-07-31T09:40:00,21235.75,21281.5,-919.36,flip,4.0
-1,559551,559559,2024-07-31T09:45:00,2024-07-31T09:53:00,21276.5,21298.5,-444.36,flip,8.0
-1,559619,559635,2024-07-31T10:53:00,2024-07-31T11:09:00,21353.75,21394.5,-819.36,flip,16.0
-1,559685,559765,2024-07-31T11:59:00,2024-07-31T13:19:00,21386.5,21396.5,-204.36,flip,80.0
-1,559776,559795,2024-07-31T13:30:00,2024-07-31T13:49:00,21347.75,21332.5,300.64,flip,19.0
-1,559843,559849,2024-07-31T14:37:00,2024-07-31T14:43:00,21383.5,21449.0,-1314.36,flip,6.0
-1,559886,559900,2024-07-31T15:20:00,2024-07-31T15:34:00,21426.75,21400.0,530.64,flip,14.0
-1,559919,559922,2024-07-31T15:53:00,2024-07-31T15:56:00,21408.25,21431.25,-464.36,flip,3.0
-1,559936,559958,2024-07-31T16:10:00,2024-07-31T16:32:00,21499.5,21510.0,-214.36,flip,22.0
-1,560146,560272,2024-07-31T20:40:00,2024-07-31T22:46:00,21580.75,21591.5,-219.36,flip,126.0
-1,560470,560536,2024-08-01T02:04:00,2024-08-01T03:10:00,21568.75,21560.5,160.64,flip,66.0
-1,560586,560657,2024-08-01T04:00:00,2024-08-01T05:11:00,21535.5,21478.5,1135.64,flip,71.0
-1,560824,560849,2024-08-01T07:58:00,2024-08-01T08:23:00,21499.5,21542.75,-869.36,flip,25.0
-1,560870,560927,2024-08-01T08:44:00,2024-08-01T09:41:00,21512.75,21487.25,505.64,flip,57.0
-1,560952,560961,2024-08-01T10:06:00,2024-08-01T10:15:00,21530.0,21528.5,25.64,flip,9.0
-1,560964,560998,2024-08-01T10:18:00,2024-08-01T10:52:00,21479.75,21306.0,3470.64,flip,34.0
-1,561008,561025,2024-08-01T11:02:00,2024-08-01T11:19:00,21247.5,21230.5,335.64,flip,17.0
-1,561031,561063,2024-08-01T11:25:00,2024-08-01T11:57:00,21184.5,21130.0,1085.64,flip,32.0
-1,561087,561181,2024-08-01T12:21:00,2024-08-01T13:55:00,21110.0,20892.0,4355.64,flip,94.0
-1,561197,561228,2024-08-01T14:11:00,2024-08-01T14:42:00,20893.0,20858.5,685.64,flip,31.0
-1,561235,561250,2024-08-01T14:49:00,2024-08-01T15:04:00,20810.75,20844.25,-674.36,flip,15.0
-1,561290,561296,2024-08-01T15:44:00,2024-08-01T15:50:00,20883.25,20936.5,-1069.36,flip,6.0
-1,561302,561314,2024-08-01T15:56:00,2024-08-01T16:08:00,20916.75,20926.75,-204.36,flip,12.0
-1,561317,561338,2024-08-01T16:11:00,2024-08-01T16:32:00,20875.0,20827.25,950.64,flip,21.0
-1,561343,561359,2024-08-01T16:37:00,2024-08-01T16:53:00,20835.75,20870.0,-689.36,flip,16.0
-1,561376,561394,2024-08-01T18:10:00,2024-08-01T18:28:00,20850.25,20853.75,-74.36,flip,18.0
-1,561406,561437,2024-08-01T18:40:00,2024-08-01T19:11:00,20826.75,20826.25,5.64,flip,31.0
1,561438,561488,2024-08-01T19:12:00,2024-08-01T20:02:00,20832.75,20823.75,-184.36,flip,50.0
1,561522,561575,2024-08-01T20:36:00,2024-08-01T21:29:00,20837.25,20793.25,-884.36,flip,53.0
-1,561620,561635,2024-08-01T22:14:00,2024-08-01T22:29:00,20799.5,20686.5,2255.64,flip,15.0
-1,561779,561804,2024-08-02T00:53:00,2024-08-02T01:18:00,20673.75,20719.0,-909.36,flip,25.0
-1,561827,561934,2024-08-02T01:41:00,2024-08-02T03:28:00,20672.25,20614.75,1145.64,flip,107.0
-1,561964,561967,2024-08-02T03:58:00,2024-08-02T04:01:00,20620.25,20672.5,-1049.36,flip,3.0
-1,561973,561997,2024-08-02T04:07:00,2024-08-02T04:31:00,20625.25,20650.0,-499.36,flip,24.0
-1,562046,562110,2024-08-02T05:20:00,2024-08-02T06:24:00,20611.0,20628.75,-359.36,flip,64.0
-1,562122,562129,2024-08-02T06:36:00,2024-08-02T06:43:00,20597.75,20644.25,-934.36,flip,7.0
-1,562190,562217,2024-08-02T07:44:00,2024-08-02T08:11:00,20614.5,20644.5,-604.36,flip,27.0
-1,562238,562246,2024-08-02T08:32:00,2024-08-02T08:40:00,20526.5,20486.0,805.64,flip,8.0
-1,562269,562275,2024-08-02T09:03:00,2024-08-02T09:09:00,20494.75,20533.0,-769.36,flip,6.0
-1,562300,562304,2024-08-02T09:34:00,2024-08-02T09:38:00,20536.5,20544.75,-169.36,flip,4.0
-1,562310,562318,2024-08-02T09:44:00,2024-08-02T09:52:00,20609.0,20583.25,510.64,flip,8.0
-1,562319,562329,2024-08-02T09:53:00,2024-08-02T10:03:00,20528.75,20536.0,-149.36,flip,10.0
-1,562332,562344,2024-08-02T10:06:00,2024-08-02T10:18:00,20469.0,20381.25,1750.64,flip,12.0
-1,562362,562370,2024-08-02T10:36:00,2024-08-02T10:44:00,20396.75,20398.0,-29.36,flip,8.0
-1,562380,562398,2024-08-02T10:54:00,2024-08-02T11:12:00,20421.75,20402.5,380.64,flip,18.0
-1,562408,562411,2024-08-02T11:22:00,2024-08-02T11:25:00,20357.0,20417.0,-1204.36,flip,3.0
-1,562436,562445,2024-08-02T11:50:00,2024-08-02T12:07:00,20484.5,20543.5,-1184.36,flip,17.0
-1,562449,562459,2024-08-02T12:11:00,2024-08-02T12:21:00,20488.75,20498.75,-204.36,flip,10.0
-1,562471,562480,2024-08-02T12:33:00,2024-08-02T12:42:00,20481.5,20532.5,-1024.36,flip,9.0
-1,562485,562513,2024-08-02T12:47:00,2024-08-02T13:15:00,20495.0,20476.25,370.64,flip,28.0
-1,562524,562567,2024-08-02T13:26:00,2024-08-02T14:09:00,20424.75,20427.75,-64.36,flip,43.0
-1,562577,562583,2024-08-02T14:19:00,2024-08-02T14:25:00,20381.5,20428.25,-939.36,flip,6.0
-1,562595,562636,2024-08-02T14:37:00,2024-08-02T15:18:00,20453.5,20466.0,-254.36,flip,41.0
-1,562657,562664,2024-08-02T15:39:00,2024-08-02T15:46:00,20440.5,20446.75,-129.36,flip,7.0
1,562668,562670,2024-08-02T15:50:00,2024-08-02T15:52:00,20465.5,20416.75,-979.36,flip,2.0
1,562674,562716,2024-08-02T15:56:00,2024-08-02T16:38:00,20452.25,20441.0,-229.36,flip,42.0
1,562769,562801,2024-08-04T18:31:00,2024-08-04T19:03:00,20269.25,20259.5,-199.36,flip,32.0
1,562889,562909,2024-08-04T20:31:00,2024-08-04T20:51:00,20156.75,20113.5,-869.36,flip,20.0
1,562939,563015,2024-08-04T21:21:00,2024-08-04T22:37:00,20051.5,20047.0,-94.36,flip,76.0
1,563167,563182,2024-08-05T01:09:00,2024-08-05T01:24:00,19809.5,19769.5,-804.36,flip,15.0
1,563201,563208,2024-08-05T01:43:00,2024-08-05T01:50:00,19603.25,19592.75,-214.36,flip,7.0
1,563215,563220,2024-08-05T01:57:00,2024-08-05T02:02:00,19433.0,19428.75,-89.36,flip,5.0
1,563226,563232,2024-08-05T02:08:00,2024-08-05T02:14:00,19442.25,19456.0,270.64,flip,6.0
1,563247,563270,2024-08-05T02:29:00,2024-08-05T02:52:00,19466.75,19500.0,660.64,flip,23.0
1,563271,563279,2024-08-05T02:53:00,2024-08-05T03:01:00,19554.5,19545.0,-194.36,flip,8.0
1,563284,563287,2024-08-05T03:06:00,2024-08-05T03:09:00,19605.25,19548.75,-1134.36,flip,3.0
1,563291,563311,2024-08-05T03:13:00,2024-08-05T03:33:00,19597.75,19603.5,110.64,flip,20.0
1,563313,563342,2024-08-05T03:35:00,2024-08-05T04:04:00,19666.5,19736.5,1395.64,flip,29.0
1,563345,563351,2024-08-05T04:07:00,2024-08-05T04:13:00,19800.25,19822.25,435.64,flip,6.0
1,563357,563364,2024-08-05T04:19:00,2024-08-05T04:26:00,19875.75,19849.5,-529.36,flip,7.0
1,563401,563408,2024-08-05T05:03:00,2024-08-05T05:10:00,19795.0,19735.75,-1189.36,flip,7.0
1,563429,563435,2024-08-05T05:31:00,2024-08-05T05:37:00,19736.0,19717.25,-379.36,flip,6.0
1,563452,563467,2024-08-05T05:54:00,2024-08-05T06:09:00,19655.5,19690.25,690.64,flip,15.0
1,563482,563485,2024-08-05T06:24:00,2024-08-05T06:27:00,19725.25,19666.25,-1184.36,flip,3.0
1,563490,563497,2024-08-05T06:32:00,2024-08-05T06:39:00,19657.0,19619.5,-754.36,flip,7.0
1,563504,563525,2024-08-05T06:46:00,2024-08-05T07:07:00,19634.0,19659.25,500.64,flip,21.0
1,563533,563545,2024-08-05T07:15:00,2024-08-05T07:27:00,19695.25,19688.75,-134.36,flip,12.0
1,563578,563584,2024-08-05T08:00:00,2024-08-05T08:06:00,19580.5,19568.0,-254.36,flip,6.0
1,563607,563612,2024-08-05T08:29:00,2024-08-05T08:34:00,19425.5,19360.75,-1299.36,flip,5.0
1,563617,563618,2024-08-05T08:39:00,2024-08-05T08:40:00,19463.5,19413.75,-999.36,flip,1.0
1,563620,563624,2024-08-05T08:42:00,2024-08-05T08:46:00,19481.0,19436.0,-904.36,flip,4.0
1,563635,563648,2024-08-05T08:57:00,2024-08-05T09:10:00,19450.0,19559.75,2190.64,flip,13.0
1,563659,563665,2024-08-05T09:21:00,2024-08-05T09:27:00,19593.0,19541.5,-1034.36,flip,6.0
1,563671,563680,2024-08-05T09:33:00,2024-08-05T09:42:00,19553.5,19675.75,2440.64,flip,9.0
1,563683,563693,2024-08-05T09:45:00,2024-08-05T09:55:00,19692.75,19796.0,2060.64,flip,10.0
1,563700,563703,2024-08-05T10:02:00,2024-08-05T10:05:00,19967.5,19979.25,230.64,flip,3.0
1,563713,563722,2024-08-05T10:15:00,2024-08-05T10:24:00,19844.75,19882.0,740.64,flip,9.0
1,563731,563743,2024-08-05T10:33:00,2024-08-05T10:45:00,19835.5,19876.75,820.64,flip,12.0
1,563746,563748,2024-08-05T10:50:00,2024-08-05T10:52:00,19912.75,19843.25,-1394.36,flip,2.0
1,563750,563755,2024-08-05T10:54:00,2024-08-05T10:59:00,19922.5,19887.25,-709.36,flip,5.0
1,563761,563771,2024-08-05T11:05:00,2024-08-05T11:15:00,19884.0,20033.0,2975.64,flip,10.0
1,563775,563785,2024-08-05T11:19:00,2024-08-05T11:29:00,20096.5,20037.5,-1184.36,flip,10.0
1,563795,563798,2024-08-05T11:39:00,2024-08-05T11:42:00,20096.75,20053.5,-869.36,flip,3.0
1,563810,563849,2024-08-05T11:54:00,2024-08-05T12:33:00,20034.25,20162.5,2560.64,flip,39.0
1,563885,563891,2024-08-05T13:09:00,2024-08-05T13:15:00,19998.0,19975.0,-464.36,flip,6.0
1,563893,563907,2024-08-05T13:17:00,2024-08-05T13:31:00,20027.75,20016.25,-234.36,flip,14.0
1,563919,563924,2024-08-05T13:43:00,2024-08-05T13:48:00,20076.0,20031.0,-904.36,flip,5.0
1,563966,563976,2024-08-05T14:30:00,2024-08-05T14:40:00,19960.25,19925.25,-704.36,flip,10.0
1,563989,563994,2024-08-05T14:53:00,2024-08-05T14:58:00,19879.5,19831.25,-969.36,flip,5.0
1,564000,564005,2024-08-05T15:04:00,2024-08-05T15:09:00,19894.25,19859.0,-709.36,flip,5.0
1,564024,564030,2024-08-05T15:28:00,2024-08-05T15:34:00,19901.25,19862.0,-789.36,flip,6.0
1,564034,564039,2024-08-05T15:38:00,2024-08-05T15:43:00,19911.75,19885.0,-539.36,flip,5.0
1,564055,564070,2024-08-05T15:59:00,2024-08-05T16:14:00,19911.25,20040.25,2575.64,flip,15.0
1,564079,564116,2024-08-05T16:23:00,2024-08-05T17:00:00,20042.0,20070.75,570.64,session_close,37.0
-1,564168,564181,2024-08-05T18:52:00,2024-08-05T19:05:00,20118.5,20151.5,-664.36,flip,13.0
-1,564255,564284,2024-08-05T20:19:00,2024-08-05T20:48:00,20168.25,20211.0,-859.36,flip,29.0
-1,564316,564346,2024-08-05T21:20:00,2024-08-05T21:50:00,20303.75,20287.5,320.64,flip,30.0
-1,564366,564425,2024-08-05T22:10:00,2024-08-05T23:09:00,20259.25,20294.5,-709.36,flip,59.0
-1,564511,564553,2024-08-06T00:35:00,2024-08-06T01:17:00,20284.25,20219.75,1285.64,flip,42.0
-1,564589,564622,2024-08-06T01:53:00,2024-08-06T02:26:00,20244.5,20260.0,-314.36,flip,33.0
-1,564641,564677,2024-08-06T02:45:00,2024-08-06T03:21:00,20223.75,20211.0,250.64,flip,36.0
-1,564685,564743,2024-08-06T03:29:00,2024-08-06T04:27:00,20179.25,20114.75,1285.64,flip,58.0
-1,564777,564798,2024-08-06T05:01:00,2024-08-06T05:22:00,20091.25,20041.5,990.64,flip,21.0
-1,564809,564822,2024-08-06T05:33:00,2024-08-06T05:46:00,19995.5,19993.0,45.64,flip,13.0
-1,564843,564851,2024-08-06T06:07:00,2024-08-06T06:15:00,19983.0,20032.0,-984.36,flip,8.0
-1,564938,564956,2024-08-06T07:42:00,2024-08-06T08:00:00,20099.75,20115.0,-309.36,flip,18.0
-1,564965,565044,2024-08-06T08:09:00,2024-08-06T09:28:00,20066.25,20049.75,325.64,flip,79.0
-1,565047,565050,2024-08-06T09:31:00,2024-08-06T09:34:00,20002.0,20084.25,-1649.36,flip,3.0
-1,565052,565056,2024-08-06T09:36:00,2024-08-06T09:40:00,20035.0,20019.75,300.64,flip,4.0
-1,565058,565064,2024-08-06T09:42:00,2024-08-06T09:48:00,19965.5,19954.25,220.64,flip,6.0
-1,565093,565096,2024-08-06T10:17:00,2024-08-06T10:20:00,20079.0,20129.5,-1014.36,flip,3.0
-1,565107,565112,2024-08-06T10:31:00,2024-08-06T10:36:00,20086.0,20106.75,-419.36,flip,5.0
-1,565150,565161,2024-08-06T11:14:00,2024-08-06T11:25:00,20192.25,20209.25,-344.36,flip,11.0
-1,565166,565170,2024-08-06T11:30:00,2024-08-06T11:34:00,20148.0,20156.0,-164.36,flip,4.0
-1,565223,565248,2024-08-06T12:27:00,2024-08-06T12:52:00,20254.25,20295.5,-829.36,flip,25.0
-1,565279,565311,2024-08-06T13:23:00,2024-08-06T13:55:00,20325.0,20351.75,-539.36,flip,32.0
-1,565325,565339,2024-08-06T14:09:00,2024-08-06T14:23:00,20320.25,20383.25,-1264.36,flip,14.0
-1,565376,565399,2024-08-06T15:00:00,2024-08-06T15:23:00,20347.0,20256.0,1815.64,flip,23.0
-1,565417,565456,2024-08-06T15:41:00,2024-08-06T16:20:00,20247.5,20138.75,2170.64,flip,39.0
-1,565461,565496,2024-08-06T16:25:00,2024-08-06T17:00:00,20142.5,20023.0,2385.64,session_close,35.0
1,565518,565534,2024-08-06T18:22:00,2024-08-06T18:38:00,20050.0,20009.0,-824.36,flip,16.0
1,565624,565684,2024-08-06T20:08:00,2024-08-06T21:08:00,20020.75,20069.0,960.64,flip,60.0
1,565701,565932,2024-08-06T21:25:00,2024-08-07T01:16:00,20114.5,20293.0,3565.64,flip,231.0
1,566010,566058,2024-08-07T02:34:00,2024-08-07T03:22:00,20244.25,20194.25,-1004.36,flip,48.0
1,566072,566083,2024-08-07T03:36:00,2024-08-07T03:47:00,20213.5,20192.75,-419.36,flip,11.0
1,566100,566204,2024-08-07T04:04:00,2024-08-07T05:48:00,20220.5,20316.5,1915.64,flip,104.0
1,566274,566310,2024-08-07T06:58:00,2024-08-07T07:34:00,20364.75,20341.75,-464.36,flip,36.0
1,566372,566453,2024-08-07T08:36:00,2024-08-07T09:57:00,20355.0,20400.5,905.64,flip,81.0
1,566458,566462,2024-08-07T10:02:00,2024-08-07T10:06:00,20472.25,20410.75,-1234.36,flip,4.0
1,566467,566475,2024-08-07T10:11:00,2024-08-07T10:19:00,20456.0,20406.0,-1004.36,flip,8.0
1,566480,566486,2024-08-07T10:24:00,2024-08-07T10:30:00,20409.0,20346.0,-1264.36,flip,6.0
1,566491,566531,2024-08-07T10:35:00,2024-08-07T11:15:00,20391.25,20416.25,495.64,flip,40.0
1,566592,566621,2024-08-07T12:16:00,2024-08-07T12:45:00,20282.0,20257.0,-504.36,flip,29.0
1,566661,566682,2024-08-07T13:25:00,2024-08-07T13:46:00,20137.25,20114.0,-469.36,flip,21.0
1,566723,566730,2024-08-07T14:27:00,2024-08-07T14:34:00,20012.75,19961.0,-1039.36,flip,7.0
1,566760,566772,2024-08-07T15:04:00,2024-08-07T15:16:00,20009.0,20010.5,25.64,flip,12.0
1,566778,566781,2024-08-07T15:22:00,2024-08-07T15:25:00,20063.0,20014.25,-979.36,flip,3.0
1,566878,566882,2024-08-07T18:02:00,2024-08-07T18:06:00,19821.0,19794.75,-529.36,flip,4.0
1,566905,566926,2024-08-07T18:29:00,2024-08-07T18:50:00,19844.5,19800.25,-889.36,flip,21.0
1,566983,567037,2024-08-07T19:47:00,2024-08-07T20:41:00,19727.0,19805.0,1555.64,flip,54.0
1,567061,567234,2024-08-07T21:05:00,2024-08-07T23:58:00,19842.0,19939.5,1945.64,flip,173.0
1,567255,567268,2024-08-08T00:19:00,2024-08-08T00:32:00,19959.75,19916.0,-879.36,flip,13.0
1,567301,567320,2024-08-08T01:05:00,2024-08-08T01:24:00,19938.25,19896.25,-844.36,flip,19.0
1,567369,567405,2024-08-08T02:13:00,2024-08-08T02:49:00,19891.25,19922.5,620.64,flip,36.0
1,567480,567488,2024-08-08T04:04:00,2024-08-08T04:12:00,19870.5,19838.25,-649.36,flip,8.0
1,567519,567582,2024-08-08T04:43:00,2024-08-08T05:46:00,19887.5,19872.25,-309.36,flip,63.0
1,567616,567660,2024-08-08T06:20:00,2024-08-08T07:04:00,19890.5,19864.0,-534.36,flip,44.0
1,567669,567764,2024-08-08T07:13:00,2024-08-08T08:48:00,19909.0,20067.75,3170.64,flip,95.0
1,567770,567815,2024-08-08T08:54:00,2024-08-08T09:39:00,20116.5,20088.75,-559.36,flip,45.0
1,567830,567899,2024-08-08T09:54:00,2024-08-08T11:03:00,20057.0,20310.0,5055.64,flip,69.0
1,567921,567947,2024-08-08T11:25:00,2024-08-08T11:51:00,20311.25,20283.0,-569.36,flip,26.0
1,567955,567988,2024-08-08T11:59:00,2024-08-08T12:32:00,20331.0,20331.75,10.64,flip,33.0
1,568007,568020,2024-08-08T12:51:00,2024-08-08T13:04:00,20336.25,20305.75,-614.36,flip,13.0
1,568030,568105,2024-08-08T13:14:00,2024-08-08T14:29:00,20335.25,20422.75,1745.64,flip,75.0
1,568148,568167,2024-08-08T15:12:00,2024-08-08T15:31:00,20424.5,20367.25,-1149.36,flip,19.0
1,568178,568213,2024-08-08T15:42:00,2024-08-08T16:17:00,20378.0,20449.5,1425.64,flip,35.0
1,568222,568256,2024-08-08T16:26:00,2024-08-08T17:00:00,20495.5,20482.0,-274.36,session_close,34.0
-1,568266,568326,2024-08-08T18:10:00,2024-08-08T19:10:00,20460.25,20502.5,-849.36,flip,60.0
-1,568344,568444,2024-08-08T19:28:00,2024-08-08T21:08:00,20492.5,20463.0,585.64,flip,100.0
-1,568603,568690,2024-08-08T23:47:00,2024-08-09T01:14:00,20470.5,20406.25,1280.64,flip,87.0
-1,568800,568817,2024-08-09T03:04:00,2024-08-09T03:21:00,20432.25,20475.75,-874.36,flip,17.0
-1,568963,569145,2024-08-09T05:47:00,2024-08-09T08:49:00,20525.25,20362.5,3250.64,flip,182.0
-1,569200,569210,2024-08-09T09:44:00,2024-08-09T09:54:00,20390.0,20405.0,-304.36,flip,10.0
1,569212,569214,2024-08-09T09:56:00,2024-08-09T09:58:00,20408.75,20360.75,-964.36,flip,2.0
1,569221,569234,2024-08-09T10:05:00,2024-08-09T10:18:00,20395.25,20440.25,895.64,flip,13.0
1,569264,569307,2024-08-09T10:48:00,2024-08-09T11:31:00,20416.25,20432.5,320.64,flip,43.0
1,569371,569448,2024-08-09T12:35:00,2024-08-09T13:52:00,20425.75,20544.25,2365.64,flip,77.0
1,569533,569636,2024-08-09T15:17:00,2024-08-09T17:00:00,20542.25,20526.5,-319.36,session_close,103.0
-1,569651,569674,2024-08-11T18:15:00,2024-08-11T18:38:00,20530.0,20501.0,575.64,flip,23.0
-1,570156,570218,2024-08-12T02:40:00,2024-08-12T03:42:00,20538.25,20585.0,-939.36,flip,62.0
-1,570296,570440,2024-08-12T05:00:00,2024-08-12T07:24:00,20558.75,20604.5,-919.36,flip,144.0
-1,570566,570603,2024-08-12T09:30:00,2024-08-12T10:07:00,20563.0,20513.5,985.64,flip,37.0
-1,570680,570698,2024-08-12T11:24:00,2024-08-12T11:42:00,20605.5,20558.5,935.64,flip,18.0
-1,570734,570794,2024-08-12T12:18:00,2024-08-12T13:18:00,20607.0,20568.0,775.64,flip,60.0
-1,570822,570897,2024-08-12T13:46:00,2024-08-12T15:01:00,20557.25,20571.5,-289.36,flip,75.0
-1,570939,570957,2024-08-12T15:43:00,2024-08-12T16:01:00,20523.25,20569.75,-934.36,flip,18.0
-1,571620,571834,2024-08-13T04:04:00,2024-08-13T07:38:00,20695.25,20626.25,1375.64,flip,214.0
-1,572204,572224,2024-08-13T13:48:00,2024-08-13T14:08:00,20940.0,20986.25,-929.36,flip,20.0
-1,572299,572323,2024-08-13T15:23:00,2024-08-13T15:47:00,20958.0,21004.25,-929.36,flip,24.0
-1,572650,572916,2024-08-13T22:14:00,2024-08-14T02:40:00,21028.5,21055.25,-539.36,flip,266.0
-1,573006,573123,2024-08-14T04:10:00,2024-08-14T06:07:00,21006.25,21034.75,-574.36,flip,117.0
1,573125,573270,2024-08-14T06:09:00,2024-08-14T08:34:00,21036.0,20988.0,-964.36,flip,145.0
1,573276,573332,2024-08-14T08:40:00,2024-08-14T09:36:00,21038.0,21032.0,-124.36,flip,56.0
1,573381,573390,2024-08-14T10:25:00,2024-08-14T10:34:00,20939.0,20882.5,-1134.36,flip,9.0
1,573398,573493,2024-08-14T10:42:00,2024-08-14T12:17:00,20923.25,21069.25,2915.64,flip,95.0
1,573540,573598,2024-08-14T13:04:00,2024-08-14T14:02:00,20999.0,20976.25,-459.36,flip,58.0
1,573655,573671,2024-08-14T14:59:00,2024-08-14T15:15:00,21027.75,20987.5,-809.36,flip,16.0
1,573707,573776,2024-08-14T15:51:00,2024-08-14T17:00:00,21015.75,21071.0,1100.64,session_close,69.0
-1,573875,573933,2024-08-14T19:39:00,2024-08-14T20:37:00,21038.75,21074.75,-724.36,flip,58.0
-1,574248,574375,2024-08-15T01:52:00,2024-08-15T03:59:00,21097.0,21116.75,-399.36,flip,127.0
-1,574407,574498,2024-08-15T04:31:00,2024-08-15T06:02:00,21072.0,21095.75,-479.36,flip,91.0
-1,574547,574576,2024-08-15T06:51:00,2024-08-15T07:20:00,21052.75,21082.5,-599.36,flip,29.0
-1,574742,574763,2024-08-15T10:06:00,2024-08-15T10:27:00,21350.25,21396.0,-919.36,flip,21.0
-1,574905,574960,2024-08-15T12:49:00,2024-08-15T13:44:00,21447.75,21489.5,-839.36,flip,55.0
-1,575089,575156,2024-08-15T15:53:00,2024-08-15T17:00:00,21479.5,21492.25,-259.36,session_close,67.0
1,575185,575313,2024-08-15T18:29:00,2024-08-15T20:37:00,21516.75,21508.5,-169.36,flip,128.0
1,575417,575751,2024-08-15T22:21:00,2024-08-16T03:55:00,21554.25,21559.0,90.64,flip,334.0
1,576074,576166,2024-08-16T09:18:00,2024-08-16T10:50:00,21422.0,21436.5,285.64,flip,92.0
1,576170,576196,2024-08-16T10:54:00,2024-08-16T11:20:00,21479.5,21431.5,-964.36,flip,26.0
1,576215,576348,2024-08-16T11:39:00,2024-08-16T13:52:00,21478.75,21536.5,1150.64,flip,133.0
1,576539,576930,2024-08-18T18:03:00,2024-08-19T00:35:00,21565.0,21552.5,-254.36,flip,392.0
1,577195,577468,2024-08-19T05:00:00,2024-08-19T09:33:00,21497.5,21515.0,345.64,flip,273.0
1,577479,577499,2024-08-19T09:44:00,2024-08-19T10:04:00,21533.5,21494.0,-794.36,flip,20.0
1,577505,577514,2024-08-19T10:10:00,2024-08-19T10:19:00,21542.25,21473.0,-1389.36,flip,9.0
1,577520,577617,2024-08-19T10:25:00,2024-08-19T12:02:00,21509.25,21547.25,755.64,flip,97.0
1,577658,577915,2024-08-19T12:43:00,2024-08-19T17:00:00,21594.75,21777.5,3650.64,session_close,257.0
-1,578538,578851,2024-08-20T04:23:00,2024-08-20T09:36:00,21809.25,21787.5,430.64,flip,313.0
-1,578888,578925,2024-08-20T10:13:00,2024-08-20T10:50:00,21786.25,21717.75,1365.64,flip,37.0
-1,579020,579097,2024-08-20T12:25:00,2024-08-20T13:42:00,21730.75,21722.75,155.64,flip,77.0
-1,579232,579295,2024-08-20T15:57:00,2024-08-20T17:00:00,21742.0,21728.75,260.64,session_close,63.0
1,579607,579824,2024-08-20T23:13:00,2024-08-21T02:50:00,21756.5,21733.25,-469.36,flip,217.0
1,580065,580271,2024-08-21T06:51:00,2024-08-21T10:17:00,21761.5,21771.0,185.64,flip,206.0
1,580275,580304,2024-08-21T10:21:00,2024-08-21T10:50:00,21822.5,21848.25,510.64,flip,29.0
1,580325,580359,2024-08-21T11:11:00,2024-08-21T11:45:00,21781.25,21764.75,-334.36,flip,34.0
1,580395,580534,2024-08-21T12:21:00,2024-08-21T14:40:00,21754.25,21820.5,1320.64,flip,139.0
1,580606,580674,2024-08-21T15:52:00,2024-08-21T17:00:00,21812.75,21841.75,575.64,session_close,68.0
-1,580935,581203,2024-08-21T22:21:00,2024-08-22T02:49:00,21814.5,21838.0,-474.36,flip,268.0
1,581207,581553,2024-08-22T02:53:00,2024-08-22T08:39:00,21841.25,21871.25,595.64,flip,346.0
1,581580,581619,2024-08-22T09:06:00,2024-08-22T09:45:00,21915.75,21902.0,-279.36,flip,39.0
-1,581622,581632,2024-08-22T09:48:00,2024-08-22T09:58:00,21894.5,21928.25,-679.36,flip,10.0
-1,581641,581702,2024-08-22T10:07:00,2024-08-22T11:08:00,21876.5,21836.5,795.64,flip,61.0
-1,581714,581754,2024-08-22T11:20:00,2024-08-22T12:00:00,21789.5,21649.25,2800.64,flip,40.0
-1,581806,581827,2024-08-22T12:52:00,2024-08-22T13:13:00,21699.5,21655.75,870.64,flip,21.0
-1,581847,581891,2024-08-22T13:33:00,2024-08-22T14:17:00,21574.5,21564.0,205.64,flip,44.0
-1,581933,581938,2024-08-22T14:59:00,2024-08-22T15:04:00,21547.5,21584.5,-744.36,flip,5.0
-1,581956,581998,2024-08-22T15:22:00,2024-08-22T16:04:00,21541.0,21522.0,375.64,flip,42.0
-1,582987,583011,2024-08-23T09:33:00,2024-08-23T09:57:00,21644.25,21682.5,-769.36,flip,24.0
-1,583021,583025,2024-08-23T10:07:00,2024-08-23T10:11:00,21731.75,21780.75,-984.36,flip,4.0
-1,583033,583039,2024-08-23T10:19:00,2024-08-23T10:25:00,21740.25,21789.0,-979.36,flip,6.0
-1,583048,583071,2024-08-23T10:34:00,2024-08-23T10:57:00,21769.5,21617.25,3040.64,flip,23.0
-1,583086,583089,2024-08-23T11:12:00,2024-08-23T11:15:00,21601.25,21646.25,-904.36,flip,3.0
-1,583119,583187,2024-08-23T11:45:00,2024-08-23T12:53:00,21694.25,21586.25,2155.64,flip,68.0
-1,583318,583327,2024-08-23T15:04:00,2024-08-23T15:13:00,21637.0,21682.5,-914.36,flip,9.0
-1,583360,583370,2024-08-23T15:46:00,2024-08-23T15:56:00,21674.75,21728.5,-1079.36,flip,10.0
-1,583469,583557,2024-08-25T18:35:00,2024-08-25T20:03:00,21696.0,21702.0,-124.36,flip,88.0
-1,583771,583924,2024-08-25T23:37:00,2024-08-26T02:11:00,21699.75,21727.75,-564.36,flip,154.0
-1,584224,584372,2024-08-26T07:11:00,2024-08-26T09:39:00,21720.75,21720.0,10.64,flip,148.0
-1,584378,584442,2024-08-26T09:45:00,2024-08-26T10:49:00,21674.25,21484.0,3800.64,flip,64.0
-1,584502,584537,2024-08-26T11:49:00,2024-08-26T12:24:00,21503.5,21524.25,-419.36,flip,35.0
-1,584594,584655,2024-08-26T13:21:00,2024-08-26T14:22:00,21514.5,21489.75,490.64,flip,61.0
-1,584733,584813,2024-08-26T15:40:00,2024-08-26T17:00:00,21495.5,21473.0,445.64,session_close,80.0
1,584903,585035,2024-08-26T19:30:00,2024-08-26T21:42:00,21499.0,21471.25,-559.36,flip,132.0
1,585087,585547,2024-08-26T22:34:00,2024-08-27T06:14:00,21520.25,21521.0,10.64,flip,460.0
1,585626,585670,2024-08-27T07:33:00,2024-08-27T08:17:00,21534.0,21488.25,-919.36,flip,44.0
1,585748,585752,2024-08-27T09:35:00,2024-08-27T09:39:00,21458.25,21413.25,-904.36,flip,4.0
1,585764,585860,2024-08-27T09:51:00,2024-08-27T11:27:00,21420.0,21562.75,2850.64,flip,96.0
1,585908,586079,2024-08-27T12:15:00,2024-08-27T15:06:00,21559.0,21563.0,75.64,flip,171.0
1,586381,587002,2024-08-27T21:08:00,2024-08-28T07:29:00,21532.75,21567.25,685.64,flip,621.0
1,587125,587131,2024-08-28T09:32:00,2024-08-28T09:38:00,21578.0,21529.25,-979.36,flip,6.0
1,587180,587195,2024-08-28T10:27:00,2024-08-28T10:42:00,21505.5,21468.75,-739.36,flip,15.0
1,587251,587291,2024-08-28T11:38:00,2024-08-28T12:18:00,21325.25,21313.5,-239.36,flip,40.0
1,587308,587349,2024-08-28T12:35:00,2024-08-28T13:16:00,21346.0,21341.0,-104.36,flip,41.0
1,587413,587512,2024-08-28T14:20:00,2024-08-28T15:59:00,21254.25,21356.25,2035.64,flip,99.0
1,587533,587538,2024-08-28T16:20:00,2024-08-28T16:25:00,21355.0,21270.5,-1694.36,flip,5.0
1,587541,587544,2024-08-28T16:28:00,2024-08-28T16:31:00,21281.0,21217.25,-1279.36,flip,3.0
1,587548,587559,2024-08-28T16:35:00,2024-08-28T16:46:00,21250.5,21251.0,5.64,flip,11.0
1,587581,587586,2024-08-28T18:08:00,2024-08-28T18:13:00,21181.5,21133.75,-959.36,flip,5.0
1,587680,588329,2024-08-28T19:47:00,2024-08-29T06:36:00,21125.0,21382.0,5135.64,flip,649.0
1,588400,588455,2024-08-29T07:47:00,2024-08-29T08:42:00,21400.25,21381.5,-379.36,flip,55.0
1,588491,588516,2024-08-29T09:18:00,2024-08-29T09:43:00,21419.25,21475.5,1120.64,flip,25.0
1,588522,588527,2024-08-29T09:49:00,2024-08-29T09:54:00,21518.75,21475.0,-879.36,flip,5.0
1,588530,588540,2024-08-29T09:57:00,2024-08-29T10:07:00,21543.25,21526.25,-344.36,flip,10.0
1,588561,588601,2024-08-29T10:28:00,2024-08-29T11:08:00,21516.5,21559.5,855.64,flip,40.0
1,588625,588707,2024-08-29T11:32:00,2024-08-29T12:54:00,21569.0,21557.25,-239.36,flip,82.0
1,588774,588776,2024-08-29T14:01:00,2024-08-29T14:03:00,21557.25,21508.25,-984.36,flip,2.0
1,588829,588835,2024-08-29T14:56:00,2024-08-29T15:02:00,21335.0,21292.5,-854.36,flip,6.0
1,588852,588881,2024-08-29T15:19:00,2024-08-29T15:48:00,21325.0,21331.25,120.64,flip,29.0
-1,588883,588901,2024-08-29T15:50:00,2024-08-29T16:08:00,21330.25,21344.5,-289.36,flip,18.0
-1,588962,589106,2024-08-29T18:09:00,2024-08-29T20:33:00,21334.25,21365.25,-624.36,flip,144.0
-1,589830,589883,2024-08-30T08:37:00,2024-08-30T09:30:00,21441.5,21485.25,-879.36,flip,53.0
-1,589924,589950,2024-08-30T10:11:00,2024-08-30T10:37:00,21503.75,21500.0,70.64,flip,26.0
-1,589959,590028,2024-08-30T10:46:00,2024-08-30T11:55:00,21474.25,21394.25,1595.64,flip,69.0
-1,590035,590041,2024-08-30T12:02:00,2024-08-30T12:08:00,21348.0,21391.5,-874.36,flip,6.0
-1,590064,590087,2024-08-30T12:31:00,2024-08-30T12:54:00,21343.75,21368.0,-489.36,flip,23.0
-1,590384,590510,2024-09-01T18:51:00,2024-09-01T20:57:00,21495.75,21543.0,-949.36,flip,126.0
-1,590672,590956,2024-09-01T23:39:00,2024-09-02T04:23:00,21501.0,21490.25,210.64,flip,284.0
-1,591311,591330,2024-09-02T10:18:00,2024-09-02T10:37:00,21520.25,21568.5,-969.36,flip,19.0
-1,591512,591620,2024-09-02T18:39:00,2024-09-02T20:27:00,21559.5,21521.5,755.64,flip,108.0
-1,591773,591896,2024-09-02T23:00:00,2024-09-03T01:04:00,21473.25,21489.0,-319.36,flip,124.0
1,591897,591980,2024-09-03T01:05:00,2024-09-03T02:28:00,21489.0,21444.75,-889.36,flip,83.0
1,591999,592099,2024-09-03T02:47:00,2024-09-03T04:27:00,21492.25,21519.25,535.64,flip,100.0
1,592246,592265,2024-09-03T06:54:00,2024-09-03T07:13:00,21430.5,21383.5,-944.36,flip,19.0
1,592289,592375,2024-09-03T07:37:00,2024-09-03T09:03:00,21430.75,21393.0,-759.36,flip,86.0
1,592423,592427,2024-09-03T09:51:00,2024-09-03T09:55:00,21338.25,21287.25,-1024.36,flip,4.0
1,592501,592536,2024-09-03T11:09:00,2024-09-03T11:44:00,21132.0,21096.75,-709.36,flip,35.0
1,592570,592589,2024-09-03T12:18:00,2024-09-03T12:37:00,21118.5,21070.5,-964.36,flip,19.0
1,592787,592818,2024-09-03T15:55:00,2024-09-03T16:26:00,20901.0,20904.25,60.64,flip,31.0
1,593063,593095,2024-09-03T21:31:00,2024-09-03T22:03:00,20800.75,20807.25,125.64,flip,32.0
-1,593177,593335,2024-09-03T23:25:00,2024-09-04T02:03:00,20807.5,20810.25,-59.36,flip,158.0
-1,593388,593407,2024-09-04T02:56:00,2024-09-04T03:15:00,20788.0,20818.25,-609.36,flip,19.0
-1,593588,593738,2024-09-04T06:16:00,2024-09-04T08:46:00,20811.25,20815.5,-89.36,flip,150.0
1,593739,593785,2024-09-04T08:47:00,2024-09-04T09:33:00,20818.75,20791.25,-554.36,flip,46.0
1,593788,593814,2024-09-04T09:36:00,2024-09-04T10:02:00,20846.0,20777.5,-1374.36,flip,26.0
1,593816,593826,2024-09-04T10:04:00,2024-09-04T10:14:00,20867.75,20873.75,115.64,flip,10.0
1,593838,593883,2024-09-04T10:26:00,2024-09-04T11:11:00,20892.25,20988.25,1915.64,flip,45.0
1,593928,593978,2024-09-04T11:56:00,2024-09-04T12:46:00,20952.5,20957.25,90.64,flip,50.0
1,594143,594173,2024-09-04T15:31:00,2024-09-04T16:01:00,20889.5,20881.0,-174.36,flip,30.0
1,594234,594318,2024-09-04T18:02:00,2024-09-04T19:26:00,20901.5,20859.5,-844.36,flip,84.0
1,594355,594482,2024-09-04T20:03:00,2024-09-04T22:10:00,20865.75,20885.5,390.64,flip,127.0
1,594687,594763,2024-09-05T01:35:00,2024-09-05T02:51:00,20856.75,20827.0,-599.36,flip,76.0
1,594783,594898,2024-09-05T03:11:00,2024-09-05T05:06:00,20861.25,20877.75,325.64,flip,115.0
1,594960,595063,2024-09-05T06:08:00,2024-09-05T07:51:00,20873.0,20843.25,-599.36,flip,103.0
1,595104,595114,2024-09-05T08:32:00,2024-09-05T08:42:00,20839.5,20784.75,-1099.36,flip,10.0
1,595143,595205,2024-09-05T09:11:00,2024-09-05T10:13:00,20836.75,20971.0,2680.64,flip,62.0
1,595214,595234,2024-09-05T10:22:00,2024-09-05T10:42:00,21008.0,21020.75,250.64,flip,20.0
1,595260,595278,2024-09-05T11:08:00,2024-09-05T11:26:00,20897.5,20846.5,-1024.36,flip,18.0
1,595290,595391,2024-09-05T11:38:00,2024-09-05T13:19:00,20814.0,20835.25,420.64,flip,101.0
1,595411,595494,2024-09-05T13:39:00,2024-09-05T15:02:00,20874.25,20901.0,530.64,flip,83.0
1,595526,595534,2024-09-05T15:34:00,2024-09-05T15:42:00,20904.75,20874.25,-614.36,flip,8.0
1,595553,595569,2024-09-05T16:01:00,2024-09-05T16:17:00,20899.5,20881.0,-374.36,flip,16.0
1,595821,596050,2024-09-05T21:29:00,2024-09-06T01:18:00,20772.5,20782.75,200.64,flip,229.0
1,596086,596125,2024-09-06T01:54:00,2024-09-06T02:33:00,20804.5,20764.5,-804.36,flip,39.0
1,596210,596234,2024-09-06T03:58:00,2024-09-06T04:22:00,20699.0,20668.0,-624.36,flip,24.0
1,596326,596496,2024-09-06T05:54:00,2024-09-06T08:44:00,20685.25,20778.5,1860.64,flip,170.0
1,596500,596546,2024-09-06T08:48:00,2024-09-06T09:34:00,20830.75,20816.0,-299.36,flip,46.0
1,596557,596564,2024-09-06T09:45:00,2024-09-06T09:52:00,20776.5,20743.0,-674.36,flip,7.0
1,596582,596586,2024-09-06T10:10:00,2024-09-06T10:14:00,20700.75,20649.75,-1024.36,flip,4.0
1,596634,596638,2024-09-06T11:02:00,2024-09-06T11:06:00,20538.0,20483.0,-1104.36,flip,4.0
1,596666,596673,2024-09-06T11:34:00,2024-09-06T11:41:00,20473.75,20428.25,-914.36,flip,7.0
1,596762,596783,2024-09-06T13:10:00,2024-09-06T13:31:00,20406.5,20416.5,195.64,flip,21.0
1,596869,596911,2024-09-06T14:57:00,2024-09-06T15:39:00,20412.0,20404.25,-159.36,flip,42.0
1,596994,597069,2024-09-08T18:02:00,2024-09-08T19:17:00,20338.25,20313.0,-509.36,flip,75.0
1,597078,597766,2024-09-08T19:26:00,2024-09-09T06:54:00,20373.0,20522.0,2975.64,flip,688.0
1,597919,597972,2024-09-09T09:27:00,2024-09-09T10:20:00,20536.75,20580.25,865.64,flip,53.0
1,598042,598167,2024-09-09T11:30:00,2024-09-09T13:35:00,20483.25,20600.75,2345.64,flip,125.0
1,598281,598372,2024-09-09T15:29:00,2024-09-09T17:00:00,20554.5,20646.75,1840.64,session_close,91.0
-1,598500,598563,2024-09-09T20:08:00,2024-09-09T21:11:00,20614.5,20609.75,90.64,flip,63.0
1,598564,598694,2024-09-09T21:12:00,2024-09-09T23:22:00,20613.0,20569.25,-879.36,flip,130.0
1,598930,599009,2024-09-10T03:18:00,2024-09-10T04:37:00,20584.0,20562.5,-434.36,flip,79.0
1,599075,599309,2024-09-10T05:43:00,2024-09-10T09:37:00,20557.0,20693.75,2730.64,flip,234.0
1,599328,599345,2024-09-10T09:56:00,2024-09-10T10:13:00,20701.0,20678.0,-464.36,flip,17.0
1,599360,599376,2024-09-10T10:28:00,2024-09-10T10:44:00,20679.75,20660.0,-399.36,flip,16.0
1,599405,599438,2024-09-10T11:13:00,2024-09-10T11:46:00,20667.5,20657.75,-199.36,flip,33.0
1,599485,599715,2024-09-10T12:33:00,2024-09-10T16:23:00,20578.75,20752.75,3475.64,flip,230.0
1,599980,600011,2024-09-10T21:48:00,2024-09-10T22:19:00,20736.5,20693.5,-864.36,flip,31.0
1,600234,600395,2024-09-11T02:02:00,2024-09-11T04:43:00,20679.5,20700.25,410.64,flip,161.0
1,600474,600624,2024-09-11T06:02:00,2024-09-11T08:32:00,20736.0,20676.75,-1189.36,flip,150.0
1,600632,600684,2024-09-11T08:40:00,2024-09-11T09:32:00,20731.75,20784.5,1050.64,flip,52.0
1,600718,600724,2024-09-11T10:06:00,2024-09-11T10:12:00,20724.0,20673.75,-1009.36,flip,6.0
1,600773,600829,2024-09-11T11:01:00,2024-09-11T11:57:00,20528.25,20689.25,3215.64,flip,56.0
1,600833,600881,2024-09-11T12:01:00,2024-09-11T12:49:00,20713.0,20809.25,1920.64,flip,48.0
1,600896,601007,2024-09-11T13:04:00,2024-09-11T14:55:00,20867.0,21040.25,3460.64,flip,111.0
1,601027,601078,2024-09-11T15:15:00,2024-09-11T16:06:00,21088.5,21158.25,1390.64,flip,51.0
1,601287,601693,2024-09-11T20:35:00,2024-09-12T03:21:00,21206.25,21213.25,135.64,flip,406.0
1,601777,601876,2024-09-12T04:45:00,2024-09-12T06:24:00,21234.5,21207.75,-539.36,flip,99.0
1,602019,602064,2024-09-12T08:47:00,2024-09-12T09:32:00,21222.75,21161.0,-1239.36,flip,45.0
1,602067,602081,2024-09-12T09:35:00,2024-09-12T09:49:00,21193.5,21146.0,-954.36,flip,14.0
1,602087,602129,2024-09-12T09:55:00,2024-09-12T10:37:00,21169.75,21217.0,940.64,flip,42.0
1,602148,602153,2024-09-12T10:56:00,2024-09-12T11:01:00,21252.75,21204.0,-979.36,flip,5.0
1,602158,602169,2024-09-12T11:06:00,2024-09-12T11:17:00,21237.0,21255.75,370.64,flip,11.0
1,602220,602385,2024-09-12T12:08:00,2024-09-12T14:53:00,21222.25,21304.0,1630.64,flip,165.0
1,602389,602448,2024-09-12T14:57:00,2024-09-12T15:56:00,21357.75,21340.5,-349.36,flip,59.0
1,602578,602795,2024-09-12T19:06:00,2024-09-12T22:43:00,21374.25,21348.25,-524.36,flip,217.0
1,602947,603003,2024-09-13T01:16:00,2024-09-13T02:12:00,21390.5,21358.25,-649.36,flip,56.0
1,603211,603392,2024-09-13T05:40:00,2024-09-13T08:41:00,21397.0,21355.75,-829.36,flip,181.0
-1,603393,603449,2024-09-13T08:42:00,2024-09-13T09:38:00,21350.25,21380.25,-604.36,flip,56.0
-1,603502,603512,2024-09-13T10:31:00,2024-09-13T10:41:00,21386.5,21407.0,-414.36,flip,10.0
-1,603606,603647,2024-09-13T12:15:00,2024-09-13T12:56:00,21431.25,21452.25,-424.36,flip,41.0
-1,603713,603719,2024-09-13T14:02:00,2024-09-13T14:08:00,21439.25,21485.25,-924.36,flip,6.0
-1,603737,603823,2024-09-13T14:26:00,2024-09-13T15:52:00,21436.25,21464.75,-574.36,flip,86.0
1,603824,603891,2024-09-13T15:53:00,2024-09-13T17:00:00,21465.0,21427.5,-754.36,session_close,67.0
-1,603911,603965,2024-09-15T18:20:00,2024-09-15T19:14:00,21422.0,21449.0,-544.36,flip,54.0
-1,604090,604489,2024-09-15T21:19:00,2024-09-16T04:06:00,21423.25,21463.75,-814.36,flip,407.0
-1,604614,604828,2024-09-16T06:11:00,2024-09-16T09:45:00,21421.75,21303.0,2370.64,flip,214.0
-1,604865,604886,2024-09-16T10:22:00,2024-09-16T10:43:00,21330.25,21287.25,855.64,flip,21.0
-1,604893,604895,2024-09-16T10:50:00,2024-09-16T10:52:00,21239.25,21288.0,-979.36,flip,2.0
-1,604905,604915,2024-09-16T11:02:00,2024-09-16T11:12:00,21243.0,21273.25,-609.36,flip,10.0
-1,604945,604973,2024-09-16T11:42:00,2024-09-16T12:10:00,21277.75,21298.75,-424.36,flip,28.0
-1,604983,604992,2024-09-16T12:20:00,2024-09-16T12:29:00,21248.75,21289.0,-809.36,flip,9.0
-1,605462,605690,2024-09-16T21:19:00,2024-09-17T01:07:00,21337.25,21368.0,-619.36,flip,228.0
-1,606200,606228,2024-09-17T09:37:00,2024-09-17T10:05:00,21458.25,21467.25,-184.36,flip,28.0
-1,606283,606300,2024-09-17T11:00:00,2024-09-17T11:17:00,21469.25,21496.75,-554.36,flip,17.0
-1,606314,606402,2024-09-17T11:31:00,2024-09-17T12:59:00,21454.75,21347.75,2135.64,flip,88.0
1,606425,606445,2024-09-17T13:22:00,2024-09-17T13:42:00,21350.0,21327.75,-449.36,flip,20.0
1,606454,606513,2024-09-17T13:51:00,2024-09-17T14:50:00,21326.25,21313.0,-269.36,flip,59.0
1,606536,606643,2024-09-17T15:13:00,2024-09-17T17:00:00,21350.25,21375.25,495.64,session_close,107.0
-1,607250,607360,2024-09-18T04:08:00,2024-09-18T05:58:00,21365.25,21396.75,-634.36,flip,110.0
-1,607497,607522,2024-09-18T08:15:00,2024-09-18T08:40:00,21368.5,21413.5,-904.36,flip,25.0
-1,607579,607644,2024-09-18T09:37:00,2024-09-18T10:42:00,21377.25,21391.25,-284.36,flip,65.0
-1,607674,607738,2024-09-18T11:12:00,2024-09-18T12:16:00,21361.75,21324.25,745.64,flip,64.0
-1,607847,607858,2024-09-18T14:05:00,2024-09-18T14:16:00,21489.5,21419.75,1390.64,flip,11.0
-1,607879,607881,2024-09-18T14:37:00,2024-09-18T14:39:00,21491.0,21499.25,-169.36,flip,2.0
-1,607885,607890,2024-09-18T14:43:00,2024-09-18T14:48:00,21463.25,21483.25,-404.36,flip,5.0
-1,607902,607916,2024-09-18T15:00:00,2024-09-18T15:14:00,21451.75,21351.25,2005.64,flip,14.0
-1,607924,607927,2024-09-18T15:22:00,2024-09-18T15:25:00,21325.75,21365.25,-794.36,flip,3.0
-1,607937,607971,2024-09-18T15:35:00,2024-09-18T16:09:00,21405.0,21320.5,1685.64,flip,34.0
-1,608160,608257,2024-09-18T20:18:00,2024-09-18T21:55:00,21446.0,21415.75,600.64,flip,97.0
-1,608594,608618,2024-09-19T03:32:00,2024-09-19T03:56:00,21564.75,21618.0,-1069.36,flip,24.0
-1,608970,608979,2024-09-19T09:48:00,2024-09-19T09:57:00,21710.75,21708.75,35.64,flip,9.0
-1,609029,609048,2024-09-19T10:47:00,2024-09-19T11:06:00,21792.25,21794.0,-39.36,flip,19.0
-1,609096,609114,2024-09-19T11:54:00,2024-09-19T12:12:00,21793.25,21830.75,-754.36,flip,18.0
-1,609236,609321,2024-09-19T14:17:00,2024-09-19T15:42:00,21822.0,21817.0,95.64,flip,85.0
-1,609331,609399,2024-09-19T15:52:00,2024-09-19T17:00:00,21776.5,21751.75,490.64,session_close,68.0
1,609995,610028,2024-09-20T03:56:00,2024-09-20T04:29:00,21758.5,21710.75,-959.36,flip,33.0
1,610245,610308,2024-09-20T08:06:00,2024-09-20T09:09:00,21723.0,21710.5,-254.36,flip,63.0
1,610336,610358,2024-09-20T09:37:00,2024-09-20T09:59:00,21759.0,21709.75,-989.36,flip,22.0
1,610441,610602,2024-09-20T11:22:00,2024-09-20T14:03:00,21606.0,21672.75,1330.64,flip,161.0
1,610657,610716,2024-09-20T14:58:00,2024-09-20T15:57:00,21679.25,21722.25,855.64,flip,59.0
1,610839,611245,2024-09-22T19:00:00,2024-09-23T01:46:00,21732.0,21805.25,1460.64,flip,406.0
1,611352,611421,2024-09-23T03:33:00,2024-09-23T04:42:00,21705.5,21712.0,125.64,flip,69.0
1,611472,611713,2024-09-23T05:33:00,2024-09-23T09:34:00,21752.5,21731.0,-434.36,flip,241.0
1,611729,611780,2024-09-23T09:50:00,2024-09-23T10:41:00,21771.5,21750.0,-434.36,flip,51.0
1,611788,611805,2024-09-23T10:49:00,2024-09-23T11:06:00,21803.25,21761.0,-849.36,flip,17.0
1,611834,611873,2024-09-23T11:35:00,2024-09-23T12:14:00,21791.25,21756.5,-699.36,flip,39.0
1,611990,612159,2024-09-23T14:11:00,2024-09-23T17:00:00,21767.0,21752.25,-299.36,session_close,169.0
-1,612403,612572,2024-09-23T22:04:00,2024-09-24T00:53:00,21735.5,21761.5,-524.36,flip,169.0
-1,612867,612972,2024-09-24T05:48:00,2024-09-24T07:33:00,21820.25,21792.75,545.64,flip,105.0
1,612973,613118,2024-09-24T07:34:00,2024-09-24T09:59:00,21796.5,21784.25,-249.36,flip,145.0
1,613167,613300,2024-09-24T10:48:00,2024-09-24T13:01:00,21709.5,21851.5,2835.64,flip,133.0
1,613484,613539,2024-09-24T16:05:00,2024-09-24T17:00:00,21864.0,21874.25,200.64,session_close,55.0
-1,613684,614262,2024-09-24T20:25:00,2024-09-25T06:03:00,21834.0,21810.75,460.64,flip,578.0
-1,614483,614495,2024-09-25T09:44:00,2024-09-25T09:56:00,21842.25,21892.5,-1009.36,flip,12.0
-1,614549,614737,2024-09-25T10:50:00,2024-09-25T13:58:00,21907.5,21880.25,540.64,flip,188.0
-1,615592,615731,2024-09-26T05:13:00,2024-09-26T07:32:00,22141.0,22190.5,-994.36,flip,139.0
-1,615851,615918,2024-09-26T09:32:00,2024-09-26T10:39:00,22169.25,22044.75,2485.64,flip,67.0
-1,615928,615945,2024-09-26T10:49:00,2024-09-26T11:06:00,21995.5,21939.75,1110.64,flip,17.0
-1,615954,615985,2024-09-26T11:15:00,2024-09-26T11:46:00,21932.75,21963.0,-609.36,flip,31.0
-1,616005,616090,2024-09-26T12:06:00,2024-09-26T13:31:00,21964.75,21938.5,520.64,flip,85.0
-1,616410,616667,2024-09-26T19:51:00,2024-09-27T00:08:00,22026.0,22019.25,130.64,flip,257.0
-1,616753,616848,2024-09-27T01:34:00,2024-09-27T03:09:00,21996.0,21995.0,15.64,flip,95.0
-1,616876,616923,2024-09-27T03:37:00,2024-09-27T04:24:00,21945.75,21984.75,-784.36,flip,47.0
-1,617236,617264,2024-09-27T09:37:00,2024-09-27T10:05:00,22029.5,22058.5,-584.36,flip,28.0
-1,617273,617289,2024-09-27T10:14:00,2024-09-27T10:30:00,22001.5,22025.5,-484.36,flip,16.0
-1,617293,617412,2024-09-27T10:34:00,2024-09-27T12:33:00,21978.75,21948.5,600.64,flip,119.0
-1,617470,617495,2024-09-27T13:31:00,2024-09-27T13:56:00,21921.5,21953.5,-644.36,flip,25.0
-1,617519,617551,2024-09-27T14:20:00,2024-09-27T14:52:00,21928.0,21923.25,90.64,flip,32.0
-1,617623,617679,2024-09-27T16:04:00,2024-09-27T17:00:00,21896.0,21882.0,275.64,session_close,56.0
1,617692,617861,2024-09-29T18:13:00,2024-09-29T21:02:00,21911.5,21919.5,155.64,flip,169.0
1,618009,618154,2024-09-29T23:30:00,2024-09-30T01:55:00,21897.75,21865.0,-659.36,flip,145.0
1,618214,618288,2024-09-30T02:55:00,2024-09-30T04:09:00,21882.5,21884.5,35.64,flip,74.0
1,618571,618640,2024-09-30T08:52:00,2024-09-30T10:01:00,21857.75,21893.75,715.64,flip,69.0
1,618670,618741,2024-09-30T10:31:00,2024-09-30T11:42:00,21873.5,21863.75,-199.36,flip,71.0
1,618749,618822,2024-09-30T11:50:00,2024-09-30T13:03:00,21909.0,21893.25,-319.36,flip,73.0
-1,618825,618914,2024-09-30T13:06:00,2024-09-30T14:35:00,21889.75,21802.75,1735.64,flip,89.0
-1,618953,618979,2024-09-30T15:14:00,2024-09-30T15:40:00,21813.0,21859.75,-939.36,flip,26.0
1,619227,619368,2024-09-30T20:48:00,2024-09-30T23:09:00,21953.25,21972.25,375.64,flip,141.0
-1,619382,619640,2024-09-30T23:23:00,2024-10-01T03:41:00,21970.0,21962.75,140.64,flip,258.0
-1,619874,620019,2024-10-01T07:35:00,2024-10-01T10:00:00,21963.5,21731.75,4630.64,flip,145.0
-1,620028,620043,2024-10-01T10:09:00,2024-10-01T10:24:00,21678.5,21654.25,480.64,flip,15.0
-1,620048,620058,2024-10-01T10:29:00,2024-10-01T10:39:00,21605.25,21613.5,-169.36,flip,10.0
-1,620075,620108,2024-10-01T10:56:00,2024-10-01T11:29:00,21602.0,21559.5,845.64,flip,33.0
-1,620140,620146,2024-10-01T12:01:00,2024-10-01T12:07:00,21612.25,21660.75,-974.36,flip,6.0
-1,620168,620194,2024-10-01T12:29:00,2024-10-01T12:55:00,21624.0,21621.5,45.64,flip,26.0
-1,620205,620232,2024-10-01T13:06:00,2024-10-01T13:33:00,21584.0,21589.0,-104.36,flip,27.0
-1,620337,620439,2024-10-01T15:18:00,2024-10-01T17:00:00,21710.5,21651.25,1180.64,session_close,102.0
1,620548,620753,2024-10-01T19:49:00,2024-10-01T23:14:00,21632.75,21637.5,90.64,flip,205.0
1,620958,621108,2024-10-02T02:39:00,2024-10-02T05:09:00,21625.5,21613.75,-239.36,flip,150.0
1,621191,621287,2024-10-02T06:32:00,2024-10-02T08:08:00,21618.25,21617.25,-24.36,flip,96.0
1,621302,621344,2024-10-02T08:23:00,2024-10-02T09:05:00,21662.25,21639.5,-459.36,flip,42.0
1,621389,621425,2024-10-02T09:50:00,2024-10-02T10:26:00,21604.0,21641.0,735.64,flip,36.0
1,621428,621453,2024-10-02T10:29:00,2024-10-02T10:54:00,21686.75,21690.0,60.64,flip,25.0
1,621465,621565,2024-10-02T11:06:00,2024-10-02T12:46:00,21725.25,21728.0,50.64,flip,100.0
1,621630,621760,2024-10-02T13:51:00,2024-10-02T16:01:00,21714.5,21696.5,-364.36,flip,130.0
1,621799,621819,2024-10-02T16:40:00,2024-10-02T17:00:00,21741.5,21745.25,70.64,session_close,20.0
-1,621946,622423,2024-10-02T20:07:00,2024-10-03T04:04:00,21703.0,21588.0,2295.64,flip,477.0
-1,622700,622754,2024-10-03T08:41:00,2024-10-03T09:35:00,21632.25,21649.25,-344.36,flip,54.0
-1,622794,622797,2024-10-03T10:15:00,2024-10-03T10:18:00,21697.25,21744.0,-939.36,flip,3.0
-1,622802,622813,2024-10-03T10:23:00,2024-10-03T10:34:00,21703.0,21673.5,585.64,flip,11.0
-1,622821,622827,2024-10-03T10:42:00,2024-10-03T10:48:00,21650.5,21676.0,-514.36,flip,6.0
-1,622839,622857,2024-10-03T11:00:00,2024-10-03T11:18:00,21649.25,21671.75,-454.36,flip,18.0
-1,622933,622982,2024-10-03T12:34:00,2024-10-03T13:23:00,21694.0,21625.5,1365.64,flip,49.0
-1,623088,623131,2024-10-03T15:09:00,2024-10-03T15:52:00,21617.0,21658.25,-829.36,flip,43.0
-1,623199,623199,2024-10-03T17:00:00,2024-10-03T17:00:00,21649.0,21647.25,30.64,session_close,0.0
1,623251,623534,2024-10-03T18:52:00,2024-10-03T23:35:00,21679.0,21708.75,590.64,flip,283.0
1,623764,624133,2024-10-04T03:25:00,2024-10-04T09:34:00,21716.75,21892.25,3505.64,flip,369.0
1,624177,624183,2024-10-04T10:18:00,2024-10-04T10:24:00,21779.75,21752.5,-549.36,flip,6.0
1,624201,624235,2024-10-04T10:42:00,2024-10-04T11:16:00,21770.25,21786.25,315.64,flip,34.0
1,624274,624290,2024-10-04T11:55:00,2024-10-04T12:11:00,21790.5,21783.0,-154.36,flip,16.0
1,624318,624378,2024-10-04T12:39:00,2024-10-04T13:39:00,21824.5,21787.25,-749.36,flip,60.0
1,624383,624400,2024-10-04T13:44:00,2024-10-04T14:01:00,21836.25,21804.75,-634.36,flip,17.0
1,624435,624579,2024-10-04T14:36:00,2024-10-04T17:00:00,21837.75,21891.25,1065.64,session_close,144.0
-1,624706,624783,2024-10-06T20:07:00,2024-10-06T21:24:00,21904.25,21939.75,-714.36,flip,77.0
-1,624812,625413,2024-10-06T21:53:00,2024-10-07T07:54:00,21903.0,21797.25,2110.64,flip,601.0
1,625414,625532,2024-10-07T07:55:00,2024-10-07T09:53:00,21799.75,21799.5,-9.36,flip,118.0
-1,625533,625555,2024-10-07T09:54:00,2024-10-07T10:16:00,21798.75,21839.0,-809.36,flip,22.0
-1,625606,625635,2024-10-07T11:07:00,2024-10-07T11:36:00,21822.25,21861.25,-784.36,flip,29.0
-1,625672,625683,2024-10-07T12:13:00,2024-10-07T12:24:00,21817.75,21855.0,-749.36,flip,11.0
-1,625707,625863,2024-10-07T12:48:00,2024-10-07T15:24:00,21810.25,21705.0,2100.64,flip,156.0
-1,625874,625892,2024-10-07T15:35:00,2024-10-07T15:53:00,21659.0,21696.75,-759.36,flip,18.0
-1,625994,625997,2024-10-07T18:35:00,2024-10-07T18:38:00,21640.25,21677.0,-739.36,flip,3.0
-1,626017,626027,2024-10-07T18:58:00,2024-10-07T19:08:00,21629.75,21680.75,-1024.36,flip,10.0
-1,626157,626253,2024-10-07T21:18:00,2024-10-07T22:54:00,21662.5,21694.5,-644.36,flip,96.0
-1,626461,626537,2024-10-08T02:22:00,2024-10-08T03:38:00,21649.5,21681.5,-644.36,flip,76.0
-1,626996,627153,2024-10-08T11:17:00,2024-10-08T13:54:00,21911.25,21907.0,80.64,flip,157.0
-1,627285,627339,2024-10-08T16:06:00,2024-10-08T17:00:00,21965.75,21975.25,-194.36,session_close,54.0
1,627945,628276,2024-10-09T04:06:00,2024-10-09T09:37:00,21933.5,21939.75,120.64,flip,331.0
1,628307,628435,2024-10-09T10:08:00,2024-10-09T12:16:00,21981.0,22086.75,2110.64,flip,128.0
1,628467,628677,2024-10-09T12:48:00,2024-10-09T16:18:00,22109.25,22119.0,190.64,flip,210.0
1,628999,629219,2024-10-09T22:40:00,2024-10-10T02:20:00,22153.75,22115.5,-769.36,flip,220.0
1,629568,629591,2024-10-10T08:09:00,2024-10-10T08:32:00,22137.0,22089.75,-949.36,flip,23.0
1,629624,629668,2024-10-10T09:05:00,2024-10-10T09:49:00,22069.25,22020.5,-979.36,flip,44.0
1,629676,629743,2024-10-10T09:57:00,2024-10-10T11:04:00,22057.5,22062.0,85.64,flip,67.0
-1,629831,629882,2024-10-10T12:32:00,2024-10-10T13:23:00,22132.75,22149.0,-329.36,flip,51.0
-1,629911,630034,2024-10-10T13:52:00,2024-10-10T15:55:00,22111.5,22129.5,-364.36,flip,123.0
-1,630547,630972,2024-10-11T01:28:00,2024-10-11T08:33:00,22109.25,22097.25,235.64,flip,425.0
-1,630994,631052,2024-10-11T08:55:00,2024-10-11T09:53:00,22052.5,22053.5,-24.36,flip,58.0
-1,631108,631125,2024-10-11T10:49:00,2024-10-11T11:06:00,22108.75,22137.5,-579.36,flip,17.0
-1,631140,631176,2024-10-11T11:21:00,2024-10-11T11:57:00,22099.5,22151.25,-1039.36,flip,36.0
-1,631217,631310,2024-10-11T12:38:00,2024-10-11T14:11:00,22113.25,22144.5,-629.36,flip,93.0
-1,631422,631479,2024-10-11T16:03:00,2024-10-11T17:00:00,22130.0,22102.25,550.64,session_close,57.0
1,631962,632457,2024-10-14T02:03:00,2024-10-14T10:18:00,22126.0,22302.5,3525.64,flip,495.0
1,632523,632529,2024-10-14T11:24:00,2024-10-14T11:30:00,22275.5,22226.5,-984.36,flip,6.0
1,632552,632801,2024-10-14T11:53:00,2024-10-14T16:02:00,22269.25,22303.0,670.64,flip,249.0
1,633619,633831,2024-10-15T06:40:00,2024-10-15T10:12:00,22300.0,22297.0,-64.36,flip,212.0
1,633863,633881,2024-10-15T10:44:00,2024-10-15T11:02:00,22080.5,22076.25,-89.36,flip,18.0
1,633895,633909,2024-10-15T11:16:00,2024-10-15T11:30:00,22110.25,22082.5,-559.36,flip,14.0
1,633951,634011,2024-10-15T12:12:00,2024-10-15T13:12:00,22078.75,22047.5,-629.36,flip,60.0
1,634169,634239,2024-10-15T15:50:00,2024-10-15T17:00:00,22003.25,22022.25,375.64,session_close,70.0
-1,634796,634815,2024-10-16T03:17:00,2024-10-16T03:36:00,22039.25,22072.0,-659.36,flip,19.0
-1,634865,634916,2024-10-16T04:26:00,2024-10-16T05:17:00,22031.75,22070.75,-784.36,flip,51.0
-1,635172,635208,2024-10-16T09:33:00,2024-10-16T10:09:00,21993.5,21958.5,695.64,flip,36.0
-1,635238,635252,2024-10-16T10:39:00,2024-10-16T10:53:00,21983.0,21992.5,-194.36,flip,14.0
-1,635312,635376,2024-10-16T11:53:00,2024-10-16T12:57:00,21966.25,22013.25,-944.36,flip,64.0
-1,635576,635619,2024-10-16T16:17:00,2024-10-16T17:00:00,22018.75,22017.0,30.64,session_close,43.0
1,636073,636165,2024-10-17T01:35:00,2024-10-17T03:07:00,22016.0,22112.0,1915.64,flip,92.0
1,636198,636551,2024-10-17T03:40:00,2024-10-17T09:33:00,22141.25,22229.5,1760.64,flip,353.0
1,636565,636576,2024-10-17T09:47:00,2024-10-17T09:58:00,22145.5,22137.0,-174.36,flip,11.0
1,636598,636617,2024-10-17T10:20:00,2024-10-17T10:39:00,22112.5,22103.5,-184.36,flip,19.0
1,636648,636730,2024-10-17T11:10:00,2024-10-17T12:32:00,22108.5,22159.75,1020.64,flip,82.0
1,636808,636824,2024-10-17T13:50:00,2024-10-17T14:06:00,22186.25,22134.5,-1039.36,flip,16.0
1,636872,636909,2024-10-17T14:54:00,2024-10-17T15:31:00,22110.0,22070.0,-804.36,flip,37.0
1,636947,636998,2024-10-17T16:09:00,2024-10-17T17:00:00,22094.25,22072.5,-439.36,session_close,51.0
-1,637145,637220,2024-10-17T20:27:00,2024-10-17T21:42:00,22051.75,22060.25,-174.36,flip,75.0
-1,637930,637941,2024-10-18T09:32:00,2024-10-18T09:43:00,22141.0,22170.75,-599.36,flip,11.0
-1,638014,638040,2024-10-18T10:56:00,2024-10-18T11:22:00,22154.25,22192.25,-764.36,flip,26.0
-1,638065,638128,2024-10-18T11:47:00,2024-10-18T12:50:00,22170.0,22183.5,-274.36,flip,63.0
-1,638201,638378,2024-10-18T14:03:00,2024-10-18T17:00:00,22164.0,22173.25,-189.36,session_close,177.0
1,638382,638736,2024-10-20T18:04:00,2024-10-20T23:58:00,22198.0,22168.0,-604.36,flip,354.0
-1,638737,639242,2024-10-20T23:59:00,2024-10-21T08:24:00,22166.75,22083.0,1670.64,flip,505.0
-1,639370,639439,2024-10-21T10:32:00,2024-10-21T11:41:00,22188.25,22089.25,1975.64,flip,69.0
-1,639882,640343,2024-10-21T20:04:00,2024-10-22T03:46:00,22189.5,22176.0,265.64,flip,462.0
-1,640391,640561,2024-10-22T04:34:00,2024-10-22T07:24:00,22130.0,22112.75,340.64,flip,170.0
-1,640635,640692,2024-10-22T08:38:00,2024-10-22T09:35:00,22086.75,22099.5,-259.36,flip,57.0
-1,640763,640781,2024-10-22T10:46:00,2024-10-22T11:04:00,22156.75,22196.25,-794.36,flip,18.0
-1,640844,640890,2024-10-22T12:07:00,2024-10-22T12:53:00,22149.5,22171.0,-434.36,flip,46.0
-1,640972,641072,2024-10-22T14:15:00,2024-10-22T15:55:00,22238.75,22254.5,-319.36,flip,100.0
-1,641079,641137,2024-10-22T16:02:00,2024-10-22T17:00:00,22213.25,22208.0,100.64,session_close,58.0
1,641699,641783,2024-10-23T03:22:00,2024-10-23T04:46:00,22228.75,22181.25,-954.36,flip,84.0
1,642127,642154,2024-10-23T10:30:00,2024-10-23T10:57:00,22095.5,22087.75,-159.36,flip,27.0
1,642211,642222,2024-10-23T11:54:00,2024-10-23T12:05:00,22043.25,21984.75,-1174.36,flip,11.0
1,642366,642517,2024-10-23T14:29:00,2024-10-23T17:00:00,21821.25,21963.5,2840.64,session_close,151.0
-1,643446,643480,2024-10-24T09:29:00,2024-10-24T10:03:00,22060.75,22039.75,415.64,flip,34.0
-1,643506,643513,2024-10-24T10:29:00,2024-10-24T10:36:00,22004.5,22053.25,-979.36,flip,7.0
-1,643530,643553,2024-10-24T10:53:00,2024-10-24T11:16:00,22008.25,22046.0,-759.36,flip,23.0
-1,643585,643594,2024-10-24T11:48:00,2024-10-24T11:57:00,22005.75,22001.5,80.64,flip,9.0
-1,643606,643626,2024-10-24T12:09:00,2024-10-24T12:29:00,21972.0,22008.25,-729.36,flip,20.0
-1,643719,643741,2024-10-24T14:02:00,2024-10-24T14:24:00,22025.75,22070.75,-904.36,flip,22.0
-1,643989,644097,2024-10-24T19:32:00,2024-10-24T21:20:00,22054.75,22099.5,-899.36,flip,108.0
1,644476,644905,2024-10-25T03:39:00,2024-10-25T10:48:00,22101.25,22335.75,4685.64,flip,429.0
1,645003,645052,2024-10-25T12:26:00,2024-10-25T13:15:00,22344.0,22304.25,-799.36,flip,49.0
1,645087,645097,2024-10-25T13:50:00,2024-10-25T14:00:00,22238.0,22204.75,-669.36,flip,10.0
1,645119,645173,2024-10-25T14:22:00,2024-10-25T15:16:00,22206.75,22195.5,-229.36,flip,54.0
1,645279,645749,2024-10-27T18:02:00,2024-10-28T01:52:00,22253.5,22299.0,905.64,flip,470.0
1,645910,646059,2024-10-28T04:33:00,2024-10-28T07:02:00,22340.75,22312.25,-574.36,flip,149.0
1,646153,646209,2024-10-28T08:36:00,2024-10-28T09:32:00,22320.0,22273.75,-929.36,flip,56.0
1,646247,646299,2024-10-28T10:10:00,2024-10-28T11:02:00,22273.5,22241.5,-644.36,flip,52.0
1,646381,646397,2024-10-28T12:24:00,2024-10-28T12:40:00,22253.75,22208.75,-904.36,flip,16.0
-1,646432,646476,2024-10-28T13:15:00,2024-10-28T13:59:00,22207.0,22247.0,-804.36,flip,44.0
-1,646525,646657,2024-10-28T14:48:00,2024-10-28T17:00:00,22198.0,22196.25,30.64,session_close,132.0
1,647108,647264,2024-10-29T01:31:00,2024-10-29T04:07:00,22189.75,22195.5,110.64,flip,156.0
1,647296,647332,2024-10-29T04:39:00,2024-10-29T05:15:00,22220.25,22185.25,-704.36,flip,36.0
1,647603,647646,2024-10-29T09:46:00,2024-10-29T10:29:00,22178.25,22231.0,1050.64,flip,43.0
1,647660,647774,2024-10-29T10:43:00,2024-10-29T12:37:00,22274.0,22283.5,185.64,flip,114.0
1,647787,647975,2024-10-29T12:50:00,2024-10-29T15:58:00,22331.75,22386.75,1095.64,flip,188.0
1,647981,647997,2024-10-29T16:04:00,2024-10-29T16:20:00,22443.75,22396.5,-949.36,flip,16.0
1,648079,648367,2024-10-29T18:42:00,2024-10-29T23:30:00,22437.75,22427.75,-204.36,flip,288.0
1,648584,648702,2024-10-30T03:07:00,2024-10-30T05:05:00,22439.75,22401.5,-769.36,flip,118.0
1,648990,649050,2024-10-30T09:53:00,2024-10-30T10:53:00,22289.0,22334.5,905.64,flip,60.0
1,649084,649187,2024-10-30T11:27:00,2024-10-30T13:10:00,22344.75,22327.5,-349.36,flip,103.0
1,649246,649302,2024-10-30T14:09:00,2024-10-30T15:05:00,22301.5,22263.25,-769.36,flip,56.0
1,649360,649364,2024-10-30T16:03:00,2024-10-30T16:07:00,22248.25,22219.75,-574.36,flip,4.0
1,649386,649412,2024-10-30T16:29:00,2024-10-30T16:55:00,22212.0,22193.0,-384.36,flip,26.0
1,649609,649783,2024-10-30T21:12:00,2024-10-31T00:06:00,22143.75,22104.0,-799.36,flip,174.0
1,650193,650348,2024-10-31T06:56:00,2024-10-31T09:31:00,22025.5,22055.0,585.64,flip,155.0
1,650395,650406,2024-10-31T10:18:00,2024-10-31T10:29:00,21858.0,21838.0,-404.36,flip,11.0
1,650446,650453,2024-10-31T11:09:00,2024-10-31T11:16:00,21798.5,21747.25,-1029.36,flip,7.0
1,650460,650475,2024-10-31T11:23:00,2024-10-31T11:38:00,21796.0,21754.5,-834.36,flip,15.0
1,650506,650590,2024-10-31T12:09:00,2024-10-31T13:33:00,21768.0,21746.0,-444.36,flip,84.0
1,650684,650732,2024-10-31T15:07:00,2024-10-31T15:55:00,21753.5,21765.0,225.64,flip,48.0
1,650741,650772,2024-10-31T16:04:00,2024-10-31T16:35:00,21762.25,21717.75,-894.36,flip,31.0
1,650799,650919,2024-10-31T18:02:00,2024-10-31T20:02:00,21772.5,21744.75,-559.36,flip,120.0
1,651092,651328,2024-10-31T22:55:00,2024-11-01T02:51:00,21758.25,21766.75,165.64,flip,236.0
1,651401,651704,2024-11-01T04:04:00,2024-11-01T09:07:00,21794.5,21775.25,-389.36,flip,303.0
1,651738,651799,2024-11-01T09:41:00,2024-11-01T10:42:00,21809.5,21911.25,2030.64,flip,61.0
1,651816,651868,2024-11-01T10:59:00,2024-11-01T11:51:00,21911.0,21921.75,210.64,flip,52.0
1,651955,651971,2024-11-01T13:18:00,2024-11-01T13:34:00,21909.0,21891.5,-354.36,flip,16.0
1,652067,652090,2024-11-01T15:10:00,2024-11-01T15:33:00,21875.5,21845.25,-609.36,flip,23.0
1,652129,652177,2024-11-01T16:12:00,2024-11-01T17:00:00,21861.75,21859.25,-54.36,session_close,48.0
-1,652179,652205,2024-11-03T18:02:00,2024-11-03T18:28:00,21784.0,21821.0,-744.36,flip,26.0
-1,652693,652842,2024-11-04T02:36:00,2024-11-04T05:05:00,21887.75,21872.75,295.64,flip,149.0
-1,652974,653014,2024-11-04T07:17:00,2024-11-04T07:57:00,21854.5,21841.0,265.64,flip,40.0
-1,653086,653119,2024-11-04T09:09:00,2024-11-04T09:42:00,21818.25,21751.75,1325.64,flip,33.0
-1,653223,653279,2024-11-04T11:26:00,2024-11-04T12:22:00,21864.75,21774.0,1810.64,flip,56.0
-1,653326,653331,2024-11-04T13:09:00,2024-11-04T13:14:00,21777.0,21823.25,-929.36,flip,5.0
-1,653444,653557,2024-11-04T15:07:00,2024-11-04T17:00:00,21813.75,21803.5,200.64,session_close,113.0
1,653561,653622,2024-11-04T18:04:00,2024-11-04T19:05:00,21810.75,21767.75,-864.36,flip,61.0
1,653727,654235,2024-11-04T20:50:00,2024-11-05T05:18:00,21781.75,21809.5,550.64,flip,508.0
-1,654236,654305,2024-11-05T05:19:00,2024-11-05T06:28:00,21805.0,21850.0,-904.36,flip,69.0
1,654312,654458,2024-11-05T06:35:00,2024-11-05T09:01:00,21851.0,21814.5,-734.36,flip,146.0
1,654489,654552,2024-11-05T09:32:00,2024-11-05T10:35:00,21868.5,21950.0,1625.64,flip,63.0
1,654587,654724,2024-11-05T11:10:00,2024-11-05T13:27:00,21982.75,22012.0,580.64,flip,137.0
1,654851,654937,2024-11-05T15:34:00,2024-11-05T17:00:00,22028.25,22051.75,465.64,session_close,86.0
-1,654962,655027,2024-11-05T18:25:00,2024-11-05T19:30:00,22029.0,22062.75,-679.36,flip,65.0
-1,655189,655270,2024-11-05T22:12:00,2024-11-05T23:33:00,22263.25,22307.75,-894.36,flip,81.0
-1,655305,655326,2024-11-06T00:08:00,2024-11-06T00:29:00,22262.0,22237.5,485.64,flip,21.0
-1,655461,655518,2024-11-06T02:44:00,2024-11-06T03:41:00,22351.0,22390.75,-799.36,flip,57.0
-1,655549,655571,2024-11-06T04:12:00,2024-11-06T04:34:00,22360.25,22402.75,-854.36,flip,22.0
-1,655653,655728,2024-11-06T05:56:00,2024-11-06T07:11:00,22373.75,22333.5,800.64,flip,75.0
-1,655840,655872,2024-11-06T09:03:00,2024-11-06T09:35:00,22361.0,22430.25,-1389.36,flip,32.0
-1,655883,655900,2024-11-06T09:46:00,2024-11-06T10:03:00,22434.0,22425.0,175.64,flip,17.0
-1,655904,655909,2024-11-06T10:07:00,2024-11-06T10:12:00,22374.75,22423.5,-979.36,flip,5.0
-1,655936,655970,2024-11-06T10:39:00,2024-11-06T11:13:00,22457.0,22434.75,440.64,flip,34.0
-1,656251,656312,2024-11-06T15:54:00,2024-11-06T16:55:00,22571.0,22616.75,-919.36,flip,61.0
-1,656402,656475,2024-11-06T19:25:00,2024-11-06T20:38:00,22577.75,22602.25,-494.36,flip,73.0
-1,656827,656887,2024-11-07T02:30:00,2024-11-07T03:30:00,22599.0,22646.25,-949.36,flip,60.0
-1,658365,658485,2024-11-08T05:08:00,2024-11-08T07:08:00,22905.0,22860.25,890.64,flip,120.0
-1,658664,658745,2024-11-08T10:07:00,2024-11-08T11:28:00,22869.75,22904.0,-689.36,flip,81.0
-1,658991,659077,2024-11-08T15:34:00,2024-11-08T17:00:00,22903.75,22915.75,-244.36,session_close,86.0
1,659079,659208,2024-11-10T18:02:00,2024-11-10T20:11:00,22954.5,22953.25,-29.36,flip,129.0
1,659636,659686,2024-11-11T03:19:00,2024-11-11T04:09:00,22995.5,22967.0,-574.36,flip,50.0
1,659889,659970,2024-11-11T07:32:00,2024-11-11T08:53:00,23005.5,22980.0,-514.36,flip,81.0
1,660050,660155,2024-11-11T10:13:00,2024-11-11T11:58:00,22892.75,22882.75,-204.36,flip,105.0
1,660255,660457,2024-11-11T13:38:00,2024-11-11T17:00:00,22840.5,22899.25,1170.64,session_close,202.0
-1,660689,661052,2024-11-11T21:52:00,2024-11-12T03:55:00,22891.5,22927.75,-729.36,flip,363.0
-1,661069,661183,2024-11-12T04:12:00,2024-11-12T06:06:00,22882.25,22871.0,220.64,flip,114.0
-1,661391,661394,2024-11-12T09:34:00,2024-11-12T09:37:00,22871.0,22918.25,-949.36,flip,3.0
-1,661423,661430,2024-11-12T10:06:00,2024-11-12T10:13:00,22880.75,22921.0,-809.36,flip,7.0
-1,661477,661532,2024-11-12T11:00:00,2024-11-12T11:55:00,22876.75,22878.75,-44.36,flip,55.0
1,661614,661837,2024-11-12T13:17:00,2024-11-12T17:00:00,22799.0,22867.0,1355.64,session_close,223.0
-1,661843,662409,2024-11-12T18:06:00,2024-11-13T03:32:00,22849.25,22841.25,155.64,flip,566.0
-1,662593,662709,2024-11-13T06:36:00,2024-11-13T08:32:00,22825.25,22894.0,-1379.36,flip,116.0
-1,662733,662809,2024-11-13T08:56:00,2024-11-13T10:12:00,22881.0,22806.5,1485.64,flip,76.0
-1,662839,662874,2024-11-13T10:42:00,2024-11-13T11:17:00,22777.0,22823.25,-929.36,flip,35.0
-1,662899,662906,2024-11-13T11:42:00,2024-11-13T11:49:00,22811.0,22841.5,-614.36,flip,7.0
-1,663057,663120,2024-11-13T14:20:00,2024-11-13T15:23:00,22900.25,22894.0,120.64,flip,63.0
-1,663149,663164,2024-11-13T15:52:00,2024-11-13T16:07:00,22855.5,22863.5,-164.36,flip,15.0
-1,663342,663764,2024-11-13T20:05:00,2024-11-14T03:07:00,22825.5,22826.5,-24.36,flip,422.0
-1,664090,664149,2024-11-14T08:33:00,2024-11-14T09:32:00,22823.75,22850.25,-534.36,flip,59.0
-1,664160,664208,2024-11-14T09:43:00,2024-11-14T10:31:00,22787.25,22788.0,-19.36,flip,48.0
-1,664300,664338,2024-11-14T12:03:00,2024-11-14T12:41:00,22772.25,22764.5,150.64,flip,38.0
-1,664348,664352,2024-11-14T12:51:00,2024-11-14T12:55:00,22711.0,22758.75,-959.36,flip,4.0
-1,664409,664422,2024-11-14T13:52:00,2024-11-14T14:05:00,22760.5,22769.5,-184.36,flip,13.0
-1,664480,664597,2024-11-14T15:03:00,2024-11-14T17:00:00,22727.5,22670.75,1130.64,session_close,117.0
1,665324,665471,2024-11-15T06:07:00,2024-11-15T08:34:00,22534.25,22502.0,-649.36,flip,147.0
1,665548,665557,2024-11-15T09:51:00,2024-11-15T10:00:00,22431.0,22376.0,-1104.36,flip,9.0
1,665649,665659,2024-11-15T11:32:00,2024-11-15T11:42:00,22275.25,22229.75,-914.36,flip,10.0
1,665807,665977,2024-11-15T14:10:00,2024-11-15T17:00:00,22142.5,22192.25,990.64,session_close,170.0
-1,666488,666540,2024-11-18T02:31:00,2024-11-18T03:23:00,22296.5,22319.0,-454.36,flip,52.0
-1,666583,666854,2024-11-18T04:06:00,2024-11-18T08:37:00,22291.75,22220.25,1425.64,flip,271.0
-1,666909,666941,2024-11-18T09:32:00,2024-11-18T10:04:00,22225.25,22254.75,-594.36,flip,32.0
-1,667048,667128,2024-11-18T11:51:00,2024-11-18T13:11:00,22365.5,22356.0,185.64,flip,80.0
-1,667163,667176,2024-11-18T13:46:00,2024-11-18T13:59:00,22300.0,22335.5,-714.36,flip,13.0
-1,667193,667230,2024-11-18T14:16:00,2024-11-18T14:53:00,22302.0,22328.25,-529.36,flip,37.0
-1,667369,667436,2024-11-18T18:12:00,2024-11-18T19:19:00,22295.0,22338.0,-864.36,flip,67.0
1,667438,667933,2024-11-18T19:21:00,2024-11-19T03:36:00,22340.0,22338.5,-34.36,flip,495.0
1,667948,667978,2024-11-19T03:51:00,2024-11-19T04:21:00,22314.0,22284.75,-589.36,flip,30.0
1,667997,668109,2024-11-19T04:40:00,2024-11-19T06:32:00,22237.0,22228.0,-184.36,flip,112.0
1,668126,668219,2024-11-19T06:49:00,2024-11-19T08:22:00,22273.75,22265.25,-174.36,flip,93.0
1,668266,668309,2024-11-19T09:09:00,2024-11-19T09:52:00,22139.0,22213.25,1480.64,flip,43.0
1,668343,668461,2024-11-19T10:26:00,2024-11-19T12:24:00,22265.5,22336.25,1410.64,flip,118.0
1,668473,668591,2024-11-19T12:36:00,2024-11-19T14:34:00,22393.0,22426.5,665.64,flip,118.0
1,668662,668737,2024-11-19T15:45:00,2024-11-19T17:00:00,22448.0,22443.5,-94.36,session_close,75.0
-1,668915,669188,2024-11-19T20:58:00,2024-11-20T01:31:00,22469.75,22511.25,-834.36,flip,273.0
-1,669336,669483,2024-11-20T03:59:00,2024-11-20T06:26:00,22485.5,22491.25,-119.36,flip,147.0
-1,669640,669724,2024-11-20T09:03:00,2024-11-20T10:27:00,22468.5,22216.0,5045.64,flip,84.0
-1,669770,669798,2024-11-20T11:13:00,2024-11-20T11:41:00,22276.25,22291.0,-299.36,flip,28.0
-1,669826,669850,2024-11-20T12:09:00,2024-11-20T12:33:00,22345.75,22323.75,435.64,flip,24.0
-1,669873,669982,2024-11-20T12:56:00,2024-11-20T14:45:00,22298.25,22307.5,-189.36,flip,109.0
-1,670079,670081,2024-11-20T16:22:00,2024-11-20T16:24:00,22333.25,22382.75,-994.36,flip,2.0
-1,670085,670093,2024-11-20T16:28:00,2024-11-20T16:36:00,22374.0,22403.0,-584.36,flip,8.0
-1,670193,670375,2024-11-20T19:16:00,2024-11-20T22:18:00,22398.75,22365.0,670.64,flip,182.0
-1,670625,670646,2024-11-21T02:28:00,2024-11-21T02:49:00,22343.0,22349.25,-129.36,flip,21.0
-1,670695,670764,2024-11-21T03:38:00,2024-11-21T04:47:00,22337.0,22345.75,-179.36,flip,69.0
-1,670951,670975,2024-11-21T07:54:00,2024-11-21T08:18:00,22450.0,22491.0,-824.36,flip,24.0
-1,671051,671064,2024-11-21T09:34:00,2024-11-21T09:47:00,22546.5,22387.25,3180.64,flip,13.0
-1,671071,671091,2024-11-21T09:54:00,2024-11-21T10:14:00,22410.5,22339.25,1420.64,flip,20.0
-1,671101,671112,2024-11-21T10:24:00,2024-11-21T10:35:00,22344.25,22253.75,1805.64,flip,11.0
-1,671175,671209,2024-11-21T11:38:00,2024-11-21T12:12:00,22418.0,22435.25,-349.36,flip,34.0
-1,671328,671345,2024-11-21T14:11:00,2024-11-21T14:28:00,22502.0,22533.5,-634.36,flip,17.0
-1,671429,671497,2024-11-21T15:52:00,2024-11-21T17:00:00,22519.5,22482.75,730.64,session_close,68.0
1,671642,671778,2024-11-21T20:25:00,2024-11-21T22:41:00,22497.25,22474.5,-459.36,flip,136.0
1,671836,671906,2024-11-21T23:39:00,2024-11-22T00:49:00,22508.25,22464.5,-879.36,flip,70.0
1,671935,672108,2024-11-22T01:18:00,2024-11-22T04:11:00,22500.25,22461.25,-784.36,flip,173.0
1,672152,672168,2024-11-22T04:55:00,2024-11-22T05:11:00,22434.25,22400.5,-679.36,flip,16.0
1,672191,672449,2024-11-22T05:34:00,2024-11-22T09:52:00,22430.5,22496.0,1305.64,flip,258.0
1,672457,672463,2024-11-22T10:00:00,2024-11-22T10:06:00,22536.75,22496.75,-804.36,flip,6.0
1,672483,672487,2024-11-22T10:26:00,2024-11-22T10:30:00,22478.5,22418.25,-1209.36,flip,4.0
1,672496,672532,2024-11-22T10:39:00,2024-11-22T11:15:00,22463.5,22482.25,370.64,flip,36.0
1,672557,672563,2024-11-22T11:40:00,2024-11-22T11:46:00,22488.0,22447.75,-809.36,flip,6.0
1,672570,672682,2024-11-22T11:53:00,2024-11-22T13:45:00,22505.75,22518.25,245.64,flip,112.0
-1,672709,672754,2024-11-22T14:12:00,2024-11-22T14:57:00,22516.75,22536.25,-394.36,flip,45.0
-1,673808,673815,2024-11-25T09:32:00,2024-11-25T09:39:00,22667.0,22703.25,-729.36,flip,7.0
-1,673826,673854,2024-11-25T09:50:00,2024-11-25T10:18:00,22720.25,22610.0,2200.64,flip,28.0
-1,673871,673881,2024-11-25T10:35:00,2024-11-25T10:45:00,22579.5,22624.75,-909.36,flip,10.0
-1,673895,673919,2024-11-25T10:59:00,2024-11-25T11:23:00,22581.0,22629.75,-979.36,flip,24.0
-1,673934,674008,2024-11-25T11:38:00,2024-11-25T12:52:00,22595.75,22524.5,1420.64,flip,74.0
-1,674101,674195,2024-11-25T14:25:00,2024-11-25T15:59:00,22527.25,22571.5,-889.36,flip,94.0
-1,674299,674403,2024-11-25T18:43:00,2024-11-25T20:27:00,22575.75,22499.0,1530.64,flip,104.0
-1,674793,674920,2024-11-26T02:57:00,2024-11-26T05:04:00,22567.25,22590.75,-474.36,flip,127.0
-1,675183,675189,2024-11-26T09:27:00,2024-11-26T09:33:00,22617.25,22663.0,-919.36,flip,6.0
-1,675212,675259,2024-11-26T09:56:00,2024-11-26T10:43:00,22659.0,22671.0,-244.36,flip,47.0
-1,675292,675388,2024-11-26T11:16:00,2024-11-26T12:52:00,22638.0,22663.25,-509.36,flip,96.0
1,675392,675476,2024-11-26T12:56:00,2024-11-26T14:20:00,22667.75,22617.0,-1019.36,flip,84.0
1,675547,675636,2024-11-26T15:31:00,2024-11-26T17:00:00,22645.5,22687.75,840.64,session_close,89.0
-1,675985,676488,2024-11-26T23:49:00,2024-11-27T08:12:00,22660.75,22644.5,320.64,flip,503.0
-1,676568,676642,2024-11-27T09:32:00,2024-11-27T10:46:00,22582.0,22468.75,2260.64,flip,74.0
-1,676659,676693,2024-11-27T11:03:00,2024-11-27T11:37:00,22400.75,22436.75,-724.36,flip,34.0
-1,676707,676739,2024-11-27T11:51:00,2024-11-27T12:23:00,22394.25,22413.0,-379.36,flip,32.0
-1,676940,676958,2024-11-27T15:44:00,2024-11-27T16:02:00,22465.75,22512.25,-934.36,flip,18.0
-1,678251,678334,2024-11-28T19:35:00,2024-11-28T20:58:00,22551.0,22562.25,-229.36,flip,83.0
-1,678645,679068,2024-11-29T02:09:00,2024-11-29T09:12:00,22575.0,22552.0,455.64,flip,423.0
-1,679088,679095,2024-11-29T09:32:00,2024-11-29T09:39:00,22504.25,22549.25,-904.36,flip,7.0
-1,679321,680101,2024-12-01T18:10:00,2024-12-02T07:10:00,22659.25,22674.75,-314.36,flip,780.0
-1,680330,680342,2024-12-02T10:59:00,2024-12-02T11:11:00,22834.5,22881.0,-934.36,flip,12.0
-1,680468,680588,2024-12-02T13:17:00,2024-12-02T15:17:00,22896.25,22914.75,-374.36,flip,120.0
-1,681416,681632,2024-12-03T06:05:00,2024-12-03T09:41:00,22883.25,22882.5,10.64,flip,216.0
-1,681679,681713,2024-12-03T10:28:00,2024-12-03T11:02:00,22869.0,22900.5,-634.36,flip,34.0
-1,681751,681828,2024-12-03T11:40:00,2024-12-03T12:57:00,22904.0,22927.0,-464.36,flip,77.0
-1,683003,683026,2024-12-04T09:33:00,2024-12-04T09:56:00,23090.25,23122.75,-654.36,flip,23.0
-1,683249,683268,2024-12-04T13:39:00,2024-12-04T13:58:00,23133.5,23180.5,-944.36,flip,19.0
-1,683564,684289,2024-12-04T19:54:00,2024-12-05T07:59:00,23187.5,23225.5,-764.36,flip,725.0
-1,684408,684541,2024-12-05T09:58:00,2024-12-05T12:11:00,23190.0,23230.75,-819.36,flip,133.0
-1,684613,684830,2024-12-05T13:23:00,2024-12-05T17:00:00,23201.75,23142.25,1185.64,session_close,217.0
1,685039,685574,2024-12-05T21:29:00,2024-12-06T06:24:00,23160.25,23136.0,-489.36,flip,535.0
1,685702,685865,2024-12-06T08:32:00,2024-12-06T11:15:00,23196.0,23268.0,1435.64,flip,163.0
1,685882,686047,2024-12-06T11:32:00,2024-12-06T14:17:00,23313.25,23306.75,-134.36,flip,165.0
1,686147,686210,2024-12-06T15:57:00,2024-12-06T17:00:00,23349.75,23323.0,-539.36,session_close,63.0
-1,686832,687159,2024-12-09T04:22:00,2024-12-09T09:49:00,23347.25,23326.5,410.64,flip,327.0
-1,687195,687214,2024-12-09T10:25:00,2024-12-09T10:44:00,23289.25,23254.0,700.64,flip,19.0
-1,687224,687251,2024-12-09T10:54:00,2024-12-09T11:21:00,23192.75,23177.75,295.64,flip,27.0
-1,687418,687590,2024-12-09T14:08:00,2024-12-09T17:00:00,23189.25,23162.25,535.64,session_close,172.0
1,688281,688545,2024-12-10T05:31:00,2024-12-10T09:55:00,23184.0,23223.5,785.64,flip,264.0
1,688553,688582,2024-12-10T10:03:00,2024-12-10T10:32:00,23252.0,23235.5,-334.36,flip,29.0
1,688698,688783,2024-12-10T12:28:00,2024-12-10T13:53:00,23180.25,23141.25,-784.36,flip,85.0
1,688908,688970,2024-12-10T15:58:00,2024-12-10T17:00:00,23091.25,23123.75,645.64,session_close,62.0
-1,689984,689998,2024-12-11T10:54:00,2024-12-11T11:08:00,23377.25,23415.25,-764.36,flip,14.0
-1,690296,690350,2024-12-11T16:06:00,2024-12-11T17:00:00,23458.5,23444.75,270.64,session_close,54.0
1,691330,691416,2024-12-12T10:21:00,2024-12-12T11:47:00,23370.5,23376.0,105.64,flip,86.0
1,691441,691549,2024-12-12T12:12:00,2024-12-12T14:00:00,23408.0,23385.0,-464.36,flip,108.0
1,691687,691718,2024-12-12T16:18:00,2024-12-12T16:49:00,23350.0,23327.0,-464.36,flip,31.0
1,691731,691914,2024-12-12T18:02:00,2024-12-12T21:05:00,23421.25,23410.0,-229.36,flip,183.0
1,692202,692648,2024-12-13T01:53:00,2024-12-13T09:19:00,23433.0,23481.75,970.64,flip,446.0
1,692667,692696,2024-12-13T09:38:00,2024-12-13T10:07:00,23524.5,23547.5,455.64,flip,29.0
1,692768,692777,2024-12-13T11:19:00,2024-12-13T11:28:00,23410.5,23378.75,-639.36,flip,9.0
1,692783,692790,2024-12-13T11:34:00,2024-12-13T11:41:00,23431.75,23396.25,-714.36,flip,7.0
1,692821,692838,2024-12-13T12:12:00,2024-12-13T12:29:00,23422.0,23382.25,-799.36,flip,17.0
1,692899,693054,2024-12-13T13:30:00,2024-12-13T16:05:00,23430.0,23465.25,700.64,flip,155.0
1,693157,694086,2024-12-15T18:48:00,2024-12-16T10:22:00,23488.75,23644.25,3105.64,flip,934.0
1,694090,694417,2024-12-16T10:26:00,2024-12-16T15:53:00,23672.25,23803.0,2610.64,flip,327.0
1,694763,695005,2024-12-16T22:39:00,2024-12-17T02:43:00,23827.25,23780.5,-939.36,flip,244.0
1,695099,695258,2024-12-17T04:17:00,2024-12-17T06:56:00,23776.75,23779.75,55.64,flip,159.0
1,695427,695443,2024-12-17T09:45:00,2024-12-17T10:01:00,23737.0,23709.0,-564.36,flip,16.0
1,695485,695558,2024-12-17T10:43:00,2024-12-17T11:56:00,23696.25,23740.0,870.64,flip,73.0
1,695607,695671,2024-12-17T12:45:00,2024-12-17T13:49:00,23755.5,23714.25,-829.36,flip,64.0
1,695788,695862,2024-12-17T15:46:00,2024-12-17T17:00:00,23709.75,23707.75,-44.36,session_close,74.0
-1,695864,695886,2024-12-17T18:02:00,2024-12-17T18:24:00,23683.25,23657.5,510.64,flip,22.0
-1,696744,696806,2024-12-18T08:42:00,2024-12-18T09:44:00,23744.0,23673.75,1400.64,flip,62.0
-1,696897,696912,2024-12-18T11:15:00,2024-12-18T11:30:00,23697.25,23708.25,-224.36,flip,15.0
-1,697046,697085,2024-12-18T13:44:00,2024-12-18T14:23:00,23680.25,23538.5,2830.64,flip,39.0
-1,697092,697095,2024-12-18T14:30:00,2024-12-18T14:33:00,23496.25,23487.75,165.64,flip,3.0
-1,697102,697113,2024-12-18T14:40:00,2024-12-18T14:51:00,23442.75,23430.25,245.64,flip,11.0
-1,697117,697130,2024-12-18T14:55:00,2024-12-18T15:08:00,23384.0,23284.0,1995.64,flip,13.0
-1,697134,697144,2024-12-18T15:12:00,2024-12-18T15:22:00,23233.5,23241.75,-169.36,flip,10.0
-1,697149,697169,2024-12-18T15:27:00,2024-12-18T15:47:00,23167.0,22907.0,5195.64,flip,20.0
-1,697179,697190,2024-12-18T15:57:00,2024-12-18T16:08:00,23015.25,22774.25,4815.64,flip,11.0
-1,697201,697205,2024-12-18T16:19:00,2024-12-18T16:23:00,22804.0,22861.5,-1154.36,flip,4.0
-1,697211,697214,2024-12-18T16:29:00,2024-12-18T16:32:00,22820.25,22864.0,-879.36,flip,3.0
-1,697283,697329,2024-12-18T18:41:00,2024-12-18T19:27:00,22901.5,22908.25,-139.36,flip,46.0
-1,697392,697534,2024-12-18T20:30:00,2024-12-18T22:52:00,22895.25,22886.25,175.64,flip,142.0
-1,697655,697675,2024-12-19T00:53:00,2024-12-19T01:13:00,22856.25,22887.5,-629.36,flip,20.0
1,697680,697867,2024-12-19T01:18:00,2024-12-19T04:25:00,22888.5,22952.25,1270.64,flip,187.0
1,697918,697943,2024-12-19T05:16:00,2024-12-19T05:41:00,22988.25,22970.5,-359.36,flip,25.0
1,698027,698135,2024-12-19T07:05:00,2024-12-19T08:53:00,22997.25,23036.75,785.64,flip,108.0
-1,698136,698164,2024-12-19T08:54:00,2024-12-19T09:22:00,23025.75,23060.0,-689.36,flip,28.0
-1,698180,698185,2024-12-19T09:38:00,2024-12-19T09:43:00,23017.5,23040.25,-459.36,flip,5.0
-1,698188,698191,2024-12-19T09:46:00,2024-12-19T09:49:00,22989.5,23042.75,-1069.36,flip,3.0
-1,698195,698214,2024-12-19T09:53:00,2024-12-19T10:12:00,22995.5,22978.75,330.64,flip,19.0
-1,698225,698242,2024-12-19T10:23:00,2024-12-19T10:40:00,22991.25,22926.0,1300.64,flip,17.0
-1,698260,698284,2024-12-19T10:58:00,2024-12-19T11:22:00,22916.0,22936.0,-404.36,flip,24.0
-1,698309,698379,2024-12-19T11:47:00,2024-12-19T12:57:00,22974.0,22884.75,1780.64,flip,70.0
-1,698385,698393,2024-12-19T13:03:00,2024-12-19T13:11:00,22875.5,22891.0,-314.36,flip,8.0
-1,698450,698521,2024-12-19T14:08:00,2024-12-19T15:19:00,22944.25,22891.5,1050.64,flip,71.0
-1,698536,698542,2024-12-19T15:34:00,2024-12-19T15:40:00,22877.25,22864.5,250.64,flip,6.0
-1,698549,698559,2024-12-19T15:47:00,2024-12-19T15:57:00,22841.5,22831.5,195.64,flip,10.0
-1,698563,698598,2024-12-19T16:01:00,2024-12-19T16:36:00,22780.0,22805.0,-504.36,flip,35.0
-1,698662,698866,2024-12-19T18:40:00,2024-12-19T22:04:00,22775.0,22676.0,1975.64,flip,204.0
-1,698907,698988,2024-12-19T22:45:00,2024-12-20T00:06:00,22629.5,22654.0,-494.36,flip,81.0
-1,699179,699217,2024-12-20T03:17:00,2024-12-20T03:55:00,22650.5,22603.75,930.64,flip,38.0
-1,699230,699445,2024-12-20T04:08:00,2024-12-20T07:43:00,22556.75,22465.0,1830.64,flip,215.0
-1,699503,699511,2024-12-20T08:41:00,2024-12-20T08:49:00,22562.75,22621.75,-1184.36,flip,8.0
-1,699567,699576,2024-12-20T09:45:00,2024-12-20T09:54:00,22653.0,22630.0,455.64,flip,9.0
-1,699593,699596,2024-12-20T10:11:00,2024-12-20T10:14:00,22671.75,22723.0,-1029.36,flip,3.0
-1,699619,699638,2024-12-20T10:37:00,2024-12-20T10:56:00,22893.0,22938.75,-919.36,flip,19.0
-1,699696,699701,2024-12-20T11:54:00,2024-12-20T11:59:00,23112.5,23161.0,-974.36,flip,5.0
-1,699737,699743,2024-12-20T12:35:00,2024-12-20T12:41:00,23147.5,23193.25,-919.36,flip,6.0
-1,699768,699818,2024-12-20T13:06:00,2024-12-20T13:56:00,23154.25,23109.25,895.64,flip,50.0
-1,699826,699851,2024-12-20T14:04:00,2024-12-20T14:29:00,23060.75,23109.75,-984.36,flip,25.0
-1,699875,699921,2024-12-20T14:53:00,2024-12-20T15:39:00,23104.5,23019.0,1705.64,flip,46.0
-1,699934,699944,2024-12-20T15:52:00,2024-12-20T16:02:00,22986.5,23007.25,-419.36,flip,10.0
-1,699951,700002,2024-12-20T16:09:00,2024-12-20T17:00:00,22972.75,22955.5,340.64,session_close,51.0
1,700004,700073,2024-12-22T18:02:00,2024-12-22T19:11:00,23048.25,23036.75,-234.36,flip,69.0
-1,700078,700141,2024-12-22T19:16:00,2024-12-22T20:19:00,23034.0,23048.0,-284.36,flip,63.0
-1,700564,700796,2024-12-23T03:22:00,2024-12-23T07:14:00,23097.25,23029.5,1350.64,flip,232.0
-1,700877,700908,2024-12-23T08:35:00,2024-12-23T09:06:00,23024.25,22999.75,485.64,flip,31.0
-1,700950,700960,2024-12-23T09:48:00,2024-12-23T09:58:00,22996.0,23027.25,-629.36,flip,10.0
-1,700966,700976,2024-12-23T10:04:00,2024-12-23T10:14:00,22987.5,22939.5,955.64,flip,10.0
-1,701099,701123,2024-12-23T12:17:00,2024-12-23T12:41:00,23067.0,23100.25,-669.36,flip,24.0
-1,701243,701294,2024-12-23T14:41:00,2024-12-23T15:32:00,23129.0,23119.5,185.64,flip,51.0
-1,701450,701627,2024-12-23T19:08:00,2024-12-23T22:05:00,23120.0,23158.25,-769.36,flip,177.0
-1,701939,701994,2024-12-24T03:17:00,2024-12-24T04:12:00,23148.0,23192.0,-884.36,flip,55.0
-1,703080,703118,2024-12-26T03:04:00,2024-12-26T03:42:00,23459.5,23412.0,945.64,flip,38.0
-1,703150,703244,2024-12-26T04:14:00,2024-12-26T05:48:00,23366.5,23346.5,395.64,flip,94.0
-1,703487,703495,2024-12-26T09:51:00,2024-12-26T09:59:00,23356.75,23344.0,250.64,flip,8.0
-1,703664,703695,2024-12-26T12:48:00,2024-12-26T13:19:00,23420.25,23433.0,-259.36,flip,31.0
-1,703856,703916,2024-12-26T16:00:00,2024-12-26T17:00:00,23416.75,23387.25,585.64,session_close,60.0
1,704702,704791,2024-12-27T07:06:00,2024-12-27T08:35:00,23349.5,23310.75,-779.36,flip,89.0
1,704865,704873,2024-12-27T09:49:00,2024-12-27T09:57:00,23135.5,23099.75,-719.36,flip,8.0
1,704900,704910,2024-12-27T10:24:00,2024-12-27T10:34:00,22981.75,22919.75,-1244.36,flip,10.0
1,704919,704940,2024-12-27T10:43:00,2024-12-27T11:04:00,22996.75,22967.5,-589.36,flip,21.0
1,704963,704980,2024-12-27T11:27:00,2024-12-27T11:44:00,22999.25,23006.0,130.64,flip,17.0
1,705029,705035,2024-12-27T12:33:00,2024-12-27T12:39:00,22970.75,22914.0,-1139.36,flip,6.0
1,705051,705184,2024-12-27T12:55:00,2024-12-27T15:08:00,22964.75,23067.5,2050.64,flip,133.0
1,705228,705296,2024-12-27T15:52:00,2024-12-27T17:00:00,23081.5,23122.75,820.64,session_close,68.0
-1,705329,705387,2024-12-29T18:33:00,2024-12-29T19:31:00,23094.75,23117.0,-449.36,flip,58.0
1,705388,705591,2024-12-29T19:32:00,2024-12-29T22:55:00,23120.0,23077.25,-859.36,flip,203.0
1,705866,705917,2024-12-30T03:30:00,2024-12-30T04:21:00,23064.5,23026.0,-774.36,flip,51.0
-1,706098,706203,2024-12-30T07:22:00,2024-12-30T09:07:00,23025.75,22819.75,4115.64,flip,105.0
-1,706231,706248,2024-12-30T09:35:00,2024-12-30T09:52:00,22758.5,22763.75,-109.36,flip,17.0
-1,706255,706263,2024-12-30T09:59:00,2024-12-30T10:07:00,22700.25,22713.0,-259.36,flip,8.0
-1,706275,706295,2024-12-30T10:19:00,2024-12-30T10:39:00,22698.75,22726.0,-549.36,flip,20.0
-1,706305,706317,2024-12-30T10:49:00,2024-12-30T11:01:00,22743.25,22774.5,-629.36,flip,12.0
-1,706434,706437,2024-12-30T12:58:00,2024-12-30T13:01:00,22911.0,22955.75,-899.36,flip,3.0
-1,706462,706473,2024-12-30T13:26:00,2024-12-30T13:37:00,22913.5,22953.75,-809.36,flip,11.0
-1,706505,706529,2024-12-30T14:09:00,2024-12-30T14:33:00,22914.0,22937.25,-469.36,flip,24.0
-1,706585,706676,2024-12-30T15:29:00,2024-12-30T17:00:00,22896.0,22791.25,2090.64,session_close,91.0
1,706739,706927,2024-12-30T19:03:00,2024-12-30T22:11:00,22802.25,22808.5,120.64,flip,188.0
1,707287,707513,2024-12-31T04:11:00,2024-12-31T07:57:00,22821.0,22875.5,1085.64,flip,226.0
1,707549,707578,2024-12-31T08:33:00,2024-12-31T09:02:00,22890.75,22853.5,-749.36,flip,29.0
-1,707579,707624,2024-12-31T09:03:00,2024-12-31T09:48:00,22850.75,22840.75,195.64,flip,45.0
-1,707644,707655,2024-12-31T10:08:00,2024-12-31T10:19:00,22804.75,22787.75,335.64,flip,11.0
1,707656,707671,2024-12-31T10:20:00,2024-12-31T10:35:00,22811.5,22791.25,-409.36,flip,15.0
1,707743,707759,2024-12-31T11:47:00,2024-12-31T12:03:00,22742.0,22717.0,-504.36,flip,16.0
1,707812,707831,2024-12-31T12:56:00,2024-12-31T13:15:00,22662.75,22686.5,470.64,flip,19.0
1,707886,707898,2024-12-31T14:10:00,2024-12-31T14:22:00,22651.75,22617.75,-684.36,flip,12.0
1,707930,707951,2024-12-31T14:54:00,2024-12-31T15:15:00,22649.0,22619.0,-604.36,flip,21.0
1,707958,707983,2024-12-31T15:22:00,2024-12-31T15:47:00,22665.75,22655.5,-209.36,flip,25.0
1,708016,708056,2024-12-31T16:20:00,2024-12-31T17:00:00,22649.0,22637.25,-239.36,session_close,40.0
-1,708096,708156,2025-01-01T18:40:00,2025-01-01T19:40:00,22661.75,22589.25,1445.64,flip,60.0
-1,708623,708654,2025-01-02T03:27:00,2025-01-02T03:58:00,22770.0,22781.75,-239.36,flip,31.0
-1,708884,708941,2025-01-02T07:48:00,2025-01-02T08:45:00,22845.75,22859.25,-274.36,flip,57.0
-1,708956,709003,2025-01-02T09:00:00,2025-01-02T09:47:00,22816.5,22625.25,3820.64,flip,47.0
-1,709035,709066,2025-01-02T10:19:00,2025-01-02T10:50:00,22793.75,22677.25,2325.64,flip,31.0
-1,709080,709092,2025-01-02T11:04:00,2025-01-02T11:16:00,22643.75,22652.75,-184.36,flip,12.0
-1,709132,709151,2025-01-02T11:56:00,2025-01-02T12:15:00,22709.25,22743.0,-679.36,flip,19.0
-1,709156,709189,2025-01-02T12:20:00,2025-01-02T12:53:00,22696.0,22456.0,4795.64,flip,33.0
-1,709199,709205,2025-01-02T13:03:00,2025-01-02T13:09:00,22433.25,22464.0,-619.36,flip,6.0
-1,709213,709227,2025-01-02T13:17:00,2025-01-02T13:31:00,22419.25,22465.75,-934.36,flip,14.0
-1,709229,709235,2025-01-02T13:33:00,2025-01-02T13:39:00,22403.25,22446.75,-874.36,flip,6.0
1,709242,709246,2025-01-02T13:46:00,2025-01-02T13:50:00,22466.5,22417.5,-984.36,flip,4.0
1,709257,709293,2025-01-02T14:01:00,2025-01-02T14:37:00,22450.75,22472.25,425.64,flip,36.0
1,709306,709315,2025-01-02T14:50:00,2025-01-02T14:59:00,22533.0,22485.25,-959.36,flip,9.0
1,709322,709353,2025-01-02T15:06:00,2025-01-02T15:37:00,22531.5,22541.5,195.64,flip,31.0
1,709371,709436,2025-01-02T15:55:00,2025-01-02T17:00:00,22577.75,22585.5,150.64,session_close,65.0
-1,709464,709506,2025-01-02T18:28:00,2025-01-02T19:10:00,22555.75,22595.25,-794.36,flip,42.0
-1,709815,709889,2025-01-03T00:20:00,2025-01-03T01:34:00,22615.5,22656.25,-819.36,flip,74.0
-1,710007,710045,2025-01-03T03:32:00,2025-01-03T04:10:00,22628.25,22665.25,-744.36,flip,38.0
-1,710147,710280,2025-01-03T05:52:00,2025-01-03T08:05:00,22644.0,22660.25,-329.36,flip,133.0
-1,710384,710393,2025-01-03T09:49:00,2025-01-03T09:58:00,22775.5,22779.5,-84.36,flip,9.0
-1,710408,710421,2025-01-03T10:13:00,2025-01-03T10:26:00,22780.0,22725.5,1085.64,flip,13.0
-1,710465,710478,2025-01-03T11:10:00,2025-01-03T11:23:00,22754.25,22800.75,-934.36,flip,13.0
-1,710698,710815,2025-01-03T15:03:00,2025-01-03T17:00:00,22912.75,22896.0,330.64,session_close,117.0
1,710817,710914,2025-01-05T18:02:00,2025-01-05T19:39:00,22933.25,22892.25,-824.36,flip,97.0
1,711192,711732,2025-01-06T00:17:00,2025-01-06T09:17:00,22930.25,23086.25,3115.64,flip,540.0
1,711744,711897,2025-01-06T09:29:00,2025-01-06T12:02:00,23119.75,23241.5,2430.64,flip,153.0
1,712099,712125,2025-01-06T15:24:00,2025-01-06T15:50:00,23113.0,23102.25,-219.36,flip,26.0
1,712128,712195,2025-01-06T15:53:00,2025-01-06T17:00:00,23132.75,23183.5,1010.64,session_close,67.0
-1,712320,712688,2025-01-06T20:05:00,2025-01-07T02:13:00,23153.0,23126.75,520.64,flip,368.0
-1,712857,712877,2025-01-07T05:02:00,2025-01-07T05:22:00,23127.0,23167.75,-819.36,flip,20.0
-1,712970,713094,2025-01-07T06:55:00,2025-01-07T08:59:00,23128.0,23172.0,-884.36,flip,124.0
-1,713131,713140,2025-01-07T09:36:00,2025-01-07T09:45:00,23152.75,23152.5,0.6399999999999997,flip,9.0
-1,713153,713178,2025-01-07T09:58:00,2025-01-07T10:23:00,23138.25,22997.0,2820.64,flip,25.0
-1,713186,713209,2025-01-07T10:31:00,2025-01-07T10:54:00,22980.0,22878.5,2025.64,flip,23.0
-1,713229,713245,2025-01-07T11:14:00,2025-01-07T11:30:00,22909.5,22973.0,-1274.36,flip,16.0
-1,713247,713256,2025-01-07T11:32:00,2025-01-07T11:41:00,22925.0,22943.5,-374.36,flip,9.0
-1,713261,713310,2025-01-07T11:46:00,2025-01-07T12:35:00,22907.5,22865.5,835.64,flip,49.0
-1,713318,713336,2025-01-07T12:43:00,2025-01-07T13:01:00,22822.0,22848.5,-534.36,flip,18.0
-1,713374,713497,2025-01-07T13:39:00,2025-01-07T15:42:00,22866.0,22750.75,2300.64,flip,123.0
-1,713584,713634,2025-01-07T18:09:00,2025-01-07T18:59:00,22748.25,22795.5,-949.36,flip,50.0
-1,713929,714006,2025-01-07T23:54:00,2025-01-08T01:11:00,22792.25,22836.75,-894.36,flip,77.0
1,714135,714323,2025-01-08T03:20:00,2025-01-08T06:28:00,22812.0,22795.75,-329.36,flip,188.0
1,714345,714362,2025-01-08T06:50:00,2025-01-08T07:07:00,22745.75,22720.75,-504.36,flip,17.0
1,714394,714425,2025-01-08T07:39:00,2025-01-08T08:10:00,22678.75,22699.5,410.64,flip,31.0
1,714440,714451,2025-01-08T08:25:00,2025-01-08T08:36:00,22763.0,22728.25,-699.36,flip,11.0
1,714472,714492,2025-01-08T08:57:00,2025-01-08T09:17:00,22770.0,22739.75,-609.36,flip,20.0
1,714511,714515,2025-01-08T09:36:00,2025-01-08T09:40:00,22774.75,22726.0,-979.36,flip,4.0
1,714521,714529,2025-01-08T09:46:00,2025-01-08T09:54:00,22758.75,22723.75,-704.36,flip,8.0
1,714533,714545,2025-01-08T09:58:00,2025-01-08T10:10:00,22746.0,22753.75,150.64,flip,12.0
1,714556,714579,2025-01-08T10:21:00,2025-01-08T10:44:00,22692.0,22722.0,595.64,flip,23.0
1,714589,714602,2025-01-08T10:54:00,2025-01-08T11:07:00,22765.25,22719.0,-929.36,flip,13.0
1,714607,714659,2025-01-08T11:12:00,2025-01-08T12:04:00,22746.0,22763.0,335.64,flip,52.0
1,714698,714764,2025-01-08T12:43:00,2025-01-08T13:49:00,22633.75,22749.25,2305.64,flip,66.0
1,714783,714789,2025-01-08T14:08:00,2025-01-08T14:14:00,22745.5,22747.25,30.64,flip,6.0
1,714795,714808,2025-01-08T14:20:00,2025-01-08T14:33:00,22777.25,22776.0,-29.36,flip,13.0
1,714860,714931,2025-01-08T15:25:00,2025-01-08T16:36:00,22754.0,22741.5,-254.36,flip,71.0
1,715106,715264,2025-01-08T20:31:00,2025-01-08T23:09:00,22726.5,22704.25,-449.36,flip,158.0
1,715522,715720,2025-01-09T03:27:00,2025-01-09T06:45:00,22675.5,22682.25,130.64,flip,198.0
1,715804,715857,2025-01-09T08:09:00,2025-01-09T09:02:00,22727.0,22691.0,-724.36,flip,53.0
1,716024,716332,2025-01-09T20:19:00,2025-01-10T01:27:00,22633.5,22681.25,950.64,flip,308.0
1,716387,716660,2025-01-10T02:22:00,2025-01-10T06:55:00,22684.75,22725.5,810.64,flip,273.0
1,716703,716757,2025-01-10T07:38:00,2025-01-10T08:32:00,22711.0,22558.0,-3064.36,flip,54.0
1,716763,716777,2025-01-10T08:38:00,2025-01-10T08:52:00,22527.75,22512.25,-314.36,flip,14.0
1,716781,716787,2025-01-10T08:56:00,2025-01-10T09:02:00,22552.75,22500.5,-1049.36,flip,6.0
1,716790,716818,2025-01-10T09:05:00,2025-01-10T09:33:00,22547.5,22544.25,-69.36,flip,28.0
1,716832,716833,2025-01-10T09:47:00,2025-01-10T09:48:00,22537.75,22465.5,-1449.36,flip,1.0
1,716865,716897,2025-01-10T10:20:00,2025-01-10T10:52:00,22341.5,22471.0,2585.64,flip,32.0
1,716950,716962,2025-01-10T11:45:00,2025-01-10T11:57:00,22359.5,22328.75,-619.36,flip,12.0
1,716993,717090,2025-01-10T12:28:00,2025-01-10T14:05:00,22344.0,22528.0,3675.64,flip,97.0
1,717114,717136,2025-01-10T14:29:00,2025-01-10T14:51:00,22505.75,22450.5,-1109.36,flip,22.0
1,717144,717161,2025-01-10T14:59:00,2025-01-10T15:16:00,22496.25,22438.0,-1169.36,flip,17.0
1,717185,717244,2025-01-10T15:40:00,2025-01-10T16:39:00,22438.5,22400.5,-764.36,flip,59.0
-1,717245,717265,2025-01-10T16:40:00,2025-01-10T17:00:00,22398.75,22400.75,-44.36,session_close,20.0
1,717293,717375,2025-01-12T18:28:00,2025-01-12T19:50:00,22398.0,22391.75,-129.36,flip,82.0
1,717472,717521,2025-01-12T21:27:00,2025-01-12T22:16:00,22348.75,22305.25,-874.36,flip,49.0
1,717699,717768,2025-01-13T01:14:00,2025-01-13T02:23:00,22314.75,22277.0,-759.36,flip,69.0
1,717957,718055,2025-01-13T05:32:00,2025-01-13T07:10:00,22149.5,22140.0,-194.36,flip,98.0
1,718067,718117,2025-01-13T07:22:00,2025-01-13T08:12:00,22177.5,22193.0,305.64,flip,50.0
1,718130,718167,2025-01-13T08:25:00,2025-01-13T09:02:00,22234.0,22195.75,-769.36,flip,37.0
1,718210,718236,2025-01-13T09:45:00,2025-01-13T10:11:00,22176.5,22203.5,535.64,flip,26.0
1,718260,718279,2025-01-13T10:35:00,2025-01-13T10:54:00,22167.25,22228.25,1215.64,flip,19.0
1,718322,718342,2025-01-13T11:37:00,2025-01-13T11:57:00,22205.25,22160.25,-904.36,flip,20.0
1,718354,718481,2025-01-13T12:09:00,2025-01-13T14:16:00,22173.75,22254.0,1600.64,flip,127.0
1,718496,718514,2025-01-13T14:31:00,2025-01-13T14:49:00,22295.75,22283.5,-249.36,flip,18.0
-1,718516,718546,2025-01-13T14:51:00,2025-01-13T15:21:00,22279.75,22321.75,-844.36,flip,30.0
1,718577,718645,2025-01-13T15:52:00,2025-01-13T17:00:00,22334.0,22395.25,1220.64,session_close,68.0
-1,718708,718893,2025-01-13T19:03:00,2025-01-13T22:08:00,22443.25,22447.25,-84.36,flip,185.0
-1,719264,719517,2025-01-14T04:19:00,2025-01-14T08:32:00,22499.75,22520.5,-419.36,flip,253.0
-1,719523,719535,2025-01-14T08:38:00,2025-01-14T08:50:00,22475.0,22508.5,-674.36,flip,12.0
-1,719543,719574,2025-01-14T08:58:00,2025-01-14T09:29:00,22467.0,22490.5,-474.36,flip,31.0
-1,719578,719581,2025-01-14T09:33:00,2025-01-14T09:36:00,22425.5,22475.25,-999.36,flip,3.0
-1,719594,719613,2025-01-14T09:49:00,2025-01-14T10:08:00,22459.25,22447.0,240.64,flip,19.0
-1,719629,719650,2025-01-14T10:24:00,2025-01-14T10:45:00,22439.5,22415.0,485.64,flip,21.0
-1,719656,719692,2025-01-14T10:51:00,2025-01-14T11:27:00,22370.0,22336.0,675.64,flip,36.0
-1,719705,719737,2025-01-14T11:40:00,2025-01-14T12:12:00,22284.25,22259.0,500.64,flip,32.0
1,719738,719761,2025-01-14T12:13:00,2025-01-14T12:36:00,22273.0,22213.75,-1189.36,flip,23.0
1,719769,719897,2025-01-14T12:44:00,2025-01-14T14:52:00,22261.25,22367.5,2120.64,flip,128.0
1,719931,720025,2025-01-14T15:26:00,2025-01-14T17:00:00,22234.5,22380.5,2915.64,session_close,94.0
-1,720062,720666,2025-01-14T18:37:00,2025-01-15T04:41:00,22345.25,22360.0,-299.36,flip,604.0
-1,720937,720966,2025-01-15T09:12:00,2025-01-15T09:41:00,22662.25,22655.25,135.64,flip,29.0
-1,720982,720987,2025-01-15T09:57:00,2025-01-15T10:02:00,22702.5,22758.5,-1124.36,flip,5.0
-1,721023,721113,2025-01-15T10:38:00,2025-01-15T12:08:00,22757.5,22709.25,960.64,flip,90.0
-1,721337,721405,2025-01-15T15:52:00,2025-01-15T17:00:00,22803.75,22779.75,475.64,session_close,68.0
1,721438,721609,2025-01-15T18:33:00,2025-01-15T21:24:00,22820.25,22789.5,-619.36,flip,171.0
1,721847,721956,2025-01-16T01:22:00,2025-01-16T03:11:00,22816.25,22922.75,2125.64,flip,109.0
1,722090,722198,2025-01-16T05:25:00,2025-01-16T07:13:00,22900.25,22874.0,-529.36,flip,108.0
1,722297,722338,2025-01-16T08:52:00,2025-01-16T09:33:00,22875.25,22853.25,-444.36,flip,41.0
1,722347,722350,2025-01-16T09:42:00,2025-01-16T09:45:00,22866.75,22810.5,-1129.36,flip,3.0
1,722369,722401,2025-01-16T10:04:00,2025-01-16T10:36:00,22798.25,22771.5,-539.36,flip,32.0
1,722424,722444,2025-01-16T10:59:00,2025-01-16T11:19:00,22810.5,22808.25,-49.36,flip,20.0
1,722473,722564,2025-01-16T11:48:00,2025-01-16T13:19:00,22772.75,22780.25,145.64,flip,91.0
1,722611,722685,2025-01-16T14:06:00,2025-01-16T15:20:00,22712.5,22749.75,740.64,flip,74.0
1,722789,723301,2025-01-16T18:04:00,2025-01-17T02:36:00,22630.0,22664.75,690.64,flip,512.0
1,723361,723567,2025-01-17T03:36:00,2025-01-17T07:02:00,22699.75,22716.5,330.64,flip,206.0
1,723627,723717,2025-01-17T08:02:00,2025-01-17T09:32:00,22758.75,23002.25,4865.64,flip,90.0
1,723739,723746,2025-01-17T09:54:00,2025-01-17T10:01:00,22953.75,22908.5,-909.36,flip,7.0
1,723752,723768,2025-01-17T10:07:00,2025-01-17T10:23:00,22967.5,22929.5,-764.36,flip,16.0
1,723778,723853,2025-01-17T10:33:00,2025-01-17T11:48:00,22940.0,22988.25,960.64,flip,75.0
1,723888,723979,2025-01-17T12:23:00,2025-01-17T13:54:00,23016.25,23027.5,220.64,flip,91.0
-1,723980,724165,2025-01-17T13:55:00,2025-01-17T17:00:00,23024.75,22992.0,650.64,session_close,185.0
1,724295,724966,2025-01-19T20:10:00,2025-01-20T07:21:00,22976.5,22992.0,305.64,flip,671.0
1,725038,725130,2025-01-20T08:33:00,2025-01-20T10:05:00,23025.75,23128.5,2050.64,flip,92.0
1,725188,725271,2025-01-20T11:03:00,2025-01-20T12:26:00,23104.5,23072.25,-649.36,flip,83.0
1,725285,725305,2025-01-20T12:40:00,2025-01-20T13:00:00,23102.5,23086.0,-334.36,session_close,20.0
-1,725405,725429,2025-01-20T19:40:00,2025-01-20T20:04:00,23099.25,22925.0,3480.64,flip,24.0
-1,725458,725467,2025-01-20T20:33:00,2025-01-20T20:42:00,22971.0,22973.75,-59.36,flip,9.0
-1,725698,725757,2025-01-21T00:33:00,2025-01-21T01:32:00,22990.5,23028.5,-764.36,flip,59.0
1,725819,726047,2025-01-21T02:34:00,2025-01-21T06:22:00,23034.75,23085.5,1010.64,flip,228.0
1,726112,726243,2025-01-21T07:27:00,2025-01-21T09:38:00,23096.0,23074.0,-444.36,flip,131.0
1,726254,726260,2025-01-21T09:49:00,2025-01-21T09:55:00,23055.0,23013.5,-834.36,flip,6.0
1,726266,726278,2025-01-21T10:01:00,2025-01-21T10:13:00,23033.75,22969.0,-1299.36,flip,12.0
1,726284,726371,2025-01-21T10:19:00,2025-01-21T11:46:00,22986.25,23011.5,500.64,flip,87.0
1,726378,726523,2025-01-21T11:53:00,2025-01-21T14:18:00,23058.0,23128.75,1410.64,flip,145.0
1,726598,726618,2025-01-21T15:33:00,2025-01-21T15:53:00,23154.5,23106.25,-969.36,flip,20.0
1,726627,726685,2025-01-21T16:02:00,2025-01-21T17:00:00,23156.25,23175.5,380.64,session_close,58.0
-1,727706,727732,2025-01-22T11:01:00,2025-01-22T11:27:00,23397.5,23439.75,-849.36,flip,26.0
-1,727840,728065,2025-01-22T13:15:00,2025-01-22T17:00:00,23441.0,23388.0,1055.64,session_close,225.0
1,728993,729133,2025-01-23T09:46:00,2025-01-23T12:06:00,23317.5,23325.5,155.64,flip,140.0
1,729202,729255,2025-01-23T13:15:00,2025-01-23T14:08:00,23352.25,23341.25,-224.36,flip,53.0
-1,729256,729324,2025-01-23T14:09:00,2025-01-23T15:17:00,23338.75,23379.5,-819.36,flip,68.0
-1,729438,729625,2025-01-23T18:11:00,2025-01-23T21:18:00,23400.5,23448.75,-969.36,flip,187.0
-1,729697,730224,2025-01-23T22:30:00,2025-01-24T07:17:00,23413.5,23427.75,-289.36,flip,527.0
-1,730314,730347,2025-01-24T08:47:00,2025-01-24T09:20:00,23401.25,23448.75,-954.36,flip,33.0
-1,730394,730485,2025-01-24T10:07:00,2025-01-24T11:38:00,23422.25,23422.25,-4.36,flip,91.0
-1,730507,730682,2025-01-24T12:00:00,2025-01-24T14:55:00,23389.75,23295.5,1880.64,flip,175.0
-1,730809,730941,2025-01-26T18:02:00,2025-01-26T20:14:00,23098.0,23017.75,1600.64,flip,132.0
-1,730963,731062,2025-01-26T20:36:00,2025-01-26T22:15:00,22951.5,22946.75,90.64,flip,99.0
-1,731115,731292,2025-01-26T23:08:00,2025-01-27T02:05:00,22919.75,22814.0,2110.64,flip,177.0
-1,731302,731375,2025-01-27T02:15:00,2025-01-27T03:28:00,22765.25,22659.25,2115.64,flip,73.0
-1,731389,731417,2025-01-27T03:42:00,2025-01-27T04:10:00,22615.25,22651.0,-719.36,flip,28.0
-1,731438,731522,2025-01-27T04:31:00,2025-01-27T05:55:00,22604.0,22231.25,7450.64,flip,84.0
-1,731554,731561,2025-01-27T06:27:00,2025-01-27T06:34:00,22319.0,22368.0,-984.36,flip,7.0
-1,731585,731589,2025-01-27T06:58:00,2025-01-27T07:02:00,22385.5,22447.0,-1234.36,flip,4.0
-1,731650,731655,2025-01-27T08:03:00,2025-01-27T08:08:00,22454.25,22502.5,-969.36,flip,5.0
-1,731722,731739,2025-01-27T09:15:00,2025-01-27T09:32:00,22522.5,22575.0,-1054.36,flip,17.0
-1,731773,731776,2025-01-27T10:06:00,2025-01-27T10:09:00,22680.5,22731.0,-1014.36,flip,3.0
-1,731784,731792,2025-01-27T10:17:00,2025-01-27T10:25:00,22685.75,22703.5,-359.36,flip,8.0
-1,731816,731875,2025-01-27T10:49:00,2025-01-27T11:48:00,22766.5,22658.0,2165.64,flip,59.0
-1,731882,731891,2025-01-27T11:55:00,2025-01-27T12:04:00,22606.75,22653.25,-934.36,flip,9.0
-1,731897,731916,2025-01-27T12:10:00,2025-01-27T12:29:00,22609.0,22636.25,-549.36,flip,19.0
-1,731936,731982,2025-01-27T12:49:00,2025-01-27T13:35:00,22596.0,22596.5,-14.36,flip,46.0
-1,732005,732028,2025-01-27T13:58:00,2025-01-27T14:21:00,22563.75,22610.75,-944.36,flip,23.0
-1,732046,732071,2025-01-27T14:39:00,2025-01-27T15:04:00,22604.5,22566.5,755.64,flip,25.0
-1,732122,732125,2025-01-27T15:55:00,2025-01-27T15:58:00,22594.0,22648.25,-1089.36,flip,3.0
-1,732204,732231,2025-01-27T18:17:00,2025-01-27T18:44:00,22710.75,22706.5,80.64,flip,27.0
-1,732279,732325,2025-01-27T19:32:00,2025-01-27T20:18:00,22691.5,22720.0,-574.36,flip,46.0
-1,732367,732379,2025-01-27T21:00:00,2025-01-27T21:12:00,22661.25,22687.25,-524.36,flip,12.0
-1,732519,732613,2025-01-27T23:32:00,2025-01-28T01:06:00,22684.0,22703.0,-384.36,flip,94.0
-1,732740,732773,2025-01-28T03:13:00,2025-01-28T03:46:00,22709.5,22748.5,-784.36,flip,33.0
-1,732820,732848,2025-01-28T04:33:00,2025-01-28T05:01:00,22750.75,22799.25,-974.36,flip,28.0
-1,732931,733023,2025-01-28T06:24:00,2025-01-28T07:56:00,22778.0,22712.75,1300.64,flip,92.0
-1,733064,733140,2025-01-28T08:37:00,2025-01-28T09:53:00,22702.75,22639.0,1270.64,flip,76.0
-1,733183,733207,2025-01-28T10:36:00,2025-01-28T11:00:00,22829.5,22853.75,-489.36,flip,24.0
-1,733233,733258,2025-01-28T11:26:00,2025-01-28T11:51:00,22825.0,22846.0,-424.36,flip,25.0
-1,733369,733419,2025-01-28T13:42:00,2025-01-28T14:32:00,22931.25,22968.0,-739.36,flip,50.0
-1,733499,733567,2025-01-28T15:52:00,2025-01-28T17:00:00,22975.75,22961.5,280.64,session_close,68.0
1,733789,734173,2025-01-28T21:42:00,2025-01-29T04:06:00,22983.0,23046.25,1260.64,flip,384.0
1,734343,734403,2025-01-29T06:56:00,2025-01-29T07:56:00,23080.0,23046.25,-679.36,flip,60.0
1,734473,734500,2025-01-29T09:06:00,2025-01-29T09:33:00,23016.25,22974.0,-849.36,flip,27.0
1,734531,734541,2025-01-29T10:04:00,2025-01-29T10:14:00,22959.75,22914.75,-904.36,flip,10.0
1,734579,734628,2025-01-29T10:52:00,2025-01-29T11:41:00,22919.5,22877.5,-844.36,flip,49.0
1,734652,734704,2025-01-29T12:05:00,2025-01-29T12:57:00,22925.0,22897.75,-549.36,flip,52.0
1,734716,734747,2025-01-29T13:09:00,2025-01-29T13:40:00,22842.0,22866.5,485.64,flip,31.0
1,734770,734780,2025-01-29T14:03:00,2025-01-29T14:13:00,22868.5,22810.75,-1159.36,flip,10.0
1,734800,734804,2025-01-29T14:33:00,2025-01-29T14:37:00,22856.75,22814.25,-854.36,flip,4.0
1,734806,734825,2025-01-29T14:39:00,2025-01-29T14:58:00,22849.25,22917.5,1360.64,flip,19.0
1,734839,734842,2025-01-29T15:12:00,2025-01-29T15:15:00,22946.5,22904.25,-849.36,flip,3.0
1,734850,734865,2025-01-29T15:23:00,2025-01-29T15:38:00,22935.0,22955.25,400.64,flip,15.0
1,734883,734889,2025-01-29T15:56:00,2025-01-29T16:02:00,22930.25,22879.25,-1024.36,flip,6.0
1,734897,734929,2025-01-29T16:10:00,2025-01-29T16:42:00,22861.5,22946.25,1690.64,flip,32.0
1,734937,734947,2025-01-29T16:50:00,2025-01-29T17:00:00,22994.0,22975.25,-379.36,session_close,10.0
-1,734949,735020,2025-01-29T18:02:00,2025-01-29T19:13:00,22941.0,22954.5,-274.36,flip,71.0
-1,735401,735491,2025-01-30T01:34:00,2025-01-30T03:04:00,23037.25,23074.5,-749.36,flip,90.0
-1,735579,735687,2025-01-30T04:32:00,2025-01-30T06:20:00,23066.0,23060.75,100.64,flip,108.0
-1,735740,735770,2025-01-30T07:13:00,2025-01-30T07:43:00,23027.25,23024.5,50.64,flip,30.0
-1,735827,735847,2025-01-30T08:40:00,2025-01-30T09:00:00,23020.75,23069.0,-969.36,flip,20.0
-1,735872,735888,2025-01-30T09:25:00,2025-01-30T09:41:00,23023.5,23055.0,-634.36,flip,16.0
-1,735902,735944,2025-01-30T09:55:00,2025-01-30T10:37:00,23093.25,22969.0,2480.64,flip,42.0
-1,735961,735988,2025-01-30T10:54:00,2025-01-30T11:21:00,22922.0,22877.0,895.64,flip,27.0
-1,736035,736095,2025-01-30T12:08:00,2025-01-30T13:08:00,22970.75,22960.25,205.64,flip,60.0
-1,736246,736258,2025-01-30T15:39:00,2025-01-30T15:51:00,23036.0,23000.25,710.64,flip,12.0
-1,736302,736327,2025-01-30T16:35:00,2025-01-30T17:00:00,23023.25,23011.75,225.64,session_close,25.0
1,736329,736356,2025-01-30T18:02:00,2025-01-30T18:29:00,23091.75,23076.5,-309.36,flip,27.0
1,736432,736603,2025-01-30T19:45:00,2025-01-30T22:36:00,23112.25,23137.5,500.64,flip,171.0
1,736791,736922,2025-01-31T01:44:00,2025-01-31T03:55:00,23171.0,23160.5,-214.36,flip,131.0
1,736958,737239,2025-01-31T04:31:00,2025-01-31T09:12:00,23197.75,23165.75,-644.36,flip,281.0
1,737260,737265,2025-01-31T09:33:00,2025-01-31T09:38:00,23237.0,23174.5,-1254.36,flip,5.0
1,737273,737378,2025-01-31T09:46:00,2025-01-31T11:31:00,23222.75,23320.5,1950.64,flip,105.0
1,737435,737488,2025-01-31T12:28:00,2025-01-31T13:21:00,23332.5,23252.75,-1599.36,flip,53.0
1,737509,737522,2025-01-31T13:42:00,2025-01-31T13:55:00,23193.5,23146.0,-954.36,flip,13.0
1,737541,737547,2025-01-31T14:14:00,2025-01-31T14:20:00,23139.25,23105.0,-689.36,flip,6.0
1,737580,737589,2025-01-31T14:53:00,2025-01-31T15:02:00,23058.75,23034.0,-499.36,flip,9.0
1,737636,737644,2025-01-31T15:49:00,2025-01-31T15:57:00,22996.0,22984.25,-239.36,flip,8.0
1,737655,737706,2025-01-31T16:08:00,2025-01-31T16:59:00,22990.25,22958.75,-634.36,session_close,51.0
