arm,tid,role,side,d,u,bar,instant,hour,mod,vol,pnl,win,mins,sdate
LONG,0,entry,buy,1,1,178920,2022-07-05 10:37:00,10,637,0.0008689382705496329,-279.36,False,10.0,20220705
LONG,0,exit,sell,1,1,178930,2022-07-05 10:47:00,10,647,0.0009246063475340507,-279.36,False,10.0,20220705
LONG,1,entry,buy,1,1,178988,2022-07-05 11:45:00,11,705,0.000645119248716562,5115.64,True,295.0,20220705
LONG,1,exit,sell,1,1,179283,2022-07-05 16:40:00,16,1000,0.00028371069553834096,5115.64,True,295.0,20220705
LONG,2,entry,buy,1,1,181118,2022-07-07 01:15:00,1,75,0.0001578191823251992,-454.36,False,41.0,20220707
LONG,2,exit,sell,1,1,181159,2022-07-07 01:56:00,1,116,0.0002060976953493158,-454.36,False,41.0,20220707
LONG,3,entry,buy,1,1,181619,2022-07-07 09:36:00,9,576,0.0005605917311637438,2500.64,True,401.0,20220707
LONG,3,exit,sell,1,1,182020,2022-07-07 16:17:00,16,977,0.00028619495277153276,2500.64,True,401.0,20220707
LONG,4,entry,buy,1,1,183061,2022-07-08 10:38:00,10,638,0.0007139891339997304,-484.36,False,107.0,20220708
LONG,4,exit,sell,1,1,183168,2022-07-08 12:25:00,12,745,0.0003909964434576581,-484.36,False,107.0,20220708
LONG,5,entry,buy,1,1,183284,2022-07-08 14:21:00,14,861,0.00031223922832708756,395.64,True,30.0,20220708
LONG,5,exit,sell,1,1,183314,2022-07-08 14:51:00,14,891,0.0002901136366185629,395.64,True,30.0,20220708
LONG,6,entry,buy,1,1,185625,2022-07-12 07:22:00,7,442,0.0002572373291997101,255.64,True,34.0,20220712
LONG,6,exit,sell,1,1,185659,2022-07-12 07:56:00,7,476,0.0002820465481785589,255.64,True,34.0,20220712
LONG,7,entry,buy,1,1,185701,2022-07-12 08:38:00,8,518,0.0002966498950386592,1095.64,True,67.0,20220712
LONG,7,exit,sell,1,1,185768,2022-07-12 09:45:00,9,585,0.0005670112387276587,1095.64,True,67.0,20220712
LONG,8,entry,buy,1,1,187143,2022-07-13 09:40:00,9,580,0.0010944404083048122,-599.36,False,30.0,20220713
LONG,8,exit,sell,1,1,187173,2022-07-13 10:10:00,10,610,0.0013742590762009614,-599.36,False,30.0,20220713
LONG,9,entry,buy,1,1,187195,2022-07-13 10:32:00,10,632,0.0013823498717496555,695.64,True,63.0,20220713
LONG,9,exit,sell,1,1,187258,2022-07-13 11:35:00,11,695,0.000828927324572356,695.64,True,63.0,20220713
LONG,10,entry,buy,1,1,187341,2022-07-13 12:58:00,12,778,0.0004540607620662363,-634.36,False,179.0,20220713
LONG,10,exit,sell,1,1,187520,2022-07-13 15:57:00,15,957,0.0005266087758241661,-634.36,False,179.0,20220713
LONG,11,entry,buy,1,1,188802,2022-07-14 14:19:00,14,859,0.0004014550528202964,500.64,True,141.0,20220714
LONG,11,exit,sell,1,1,188943,2022-07-14 16:40:00,16,1000,0.00033974961251885907,500.64,True,141.0,20220714
LONG,12,entry,buy,1,1,189896,2022-07-15 09:33:00,9,573,0.0006736075449126047,-689.36,False,7.0,20220715
LONG,12,exit,sell,1,1,189903,2022-07-15 09:40:00,9,580,0.0007249562309770322,-689.36,False,7.0,20220715
LONG,13,entry,buy,1,1,189924,2022-07-15 10:01:00,10,601,0.0010120230199268632,-1244.36,False,6.0,20220715
LONG,13,exit,sell,1,1,189930,2022-07-15 10:07:00,10,607,0.0010635896694756375,-1244.36,False,6.0,20220715
LONG,14,entry,buy,1,1,192735,2022-07-19 10:54:00,10,654,0.0005550321172424322,225.64,True,73.0,20220719
LONG,14,exit,sell,1,1,192808,2022-07-19 12:07:00,12,727,0.0003193615019363267,225.64,True,73.0,20220719
LONG,15,entry,buy,1,1,192832,2022-07-19 12:31:00,12,751,0.00029992704756216034,820.64,True,136.0,20220719
LONG,15,exit,sell,1,1,192968,2022-07-19 14:47:00,14,887,0.0002598685939643628,820.64,True,136.0,20220719
LONG,16,entry,buy,1,1,194954,2022-07-21 01:53:00,1,113,0.00019595375048679138,-544.36,False,39.0,20220721
LONG,16,exit,sell,1,1,194993,2022-07-21 02:32:00,2,152,0.0002804905283006374,-544.36,False,39.0,20220721
LONG,17,entry,buy,1,1,195343,2022-07-21 08:22:00,8,502,0.0003847705318167672,-159.36,False,10.0,20220721
LONG,17,exit,sell,1,1,195353,2022-07-21 08:32:00,8,512,0.0004109997808210835,-159.36,False,10.0,20220721
LONG,18,entry,buy,1,1,195359,2022-07-21 08:38:00,8,518,0.0004027298860768542,-149.36,False,29.0,20220721
LONG,18,exit,sell,1,1,195388,2022-07-21 09:07:00,9,547,0.0004712144065786733,-149.36,False,29.0,20220721
LONG,19,entry,buy,1,1,195415,2022-07-21 09:34:00,9,574,0.0005415968792244532,-449.36,False,1.0,20220721
LONG,19,exit,sell,1,1,195416,2022-07-21 09:35:00,9,575,0.0005653708628304522,-449.36,False,1.0,20220721
LONG,20,entry,buy,1,1,196814,2022-07-22 09:53:00,9,593,0.0006395254928660999,-739.36,False,5.0,20220722
LONG,20,exit,sell,1,1,196819,2022-07-22 09:58:00,9,598,0.0007024900276262791,-739.36,False,5.0,20220722
LONG,21,entry,buy,1,1,202269,2022-07-28 08:49:00,8,529,0.0005384905120028841,-494.36,False,2.0,20220728
LONG,21,exit,sell,1,1,202271,2022-07-28 08:51:00,8,531,0.0005590648134285806,-494.36,False,2.0,20220728
LONG,22,entry,buy,1,1,202274,2022-07-28 08:54:00,8,534,0.0005697450251130687,-559.36,False,2.0,20220728
LONG,22,exit,sell,1,1,202276,2022-07-28 08:56:00,8,536,0.0005946136532431698,-559.36,False,2.0,20220728
LONG,23,entry,buy,1,1,202309,2022-07-28 09:29:00,9,569,0.000629646939866237,-569.36,False,10.0,20220728
LONG,23,exit,sell,1,1,202319,2022-07-28 09:39:00,9,579,0.0006012931621245008,-569.36,False,10.0,20220728
LONG,24,entry,buy,1,1,205098,2022-08-01 09:58:00,9,598,0.0005828264787407214,-404.36,False,2.0,20220801
LONG,24,exit,sell,1,1,205100,2022-08-01 10:00:00,10,600,0.0005928551865465396,-404.36,False,2.0,20220801
LONG,25,entry,buy,1,1,205106,2022-08-01 10:06:00,10,606,0.0006443142863556673,10.64,True,12.0,20220801
LONG,25,exit,sell,1,1,205118,2022-08-01 10:18:00,10,618,0.0006858215785182541,10.64,True,12.0,20220801
LONG,26,entry,buy,1,1,205140,2022-08-01 10:40:00,10,640,0.0006797464591014249,570.64,True,27.0,20220801
LONG,26,exit,sell,1,1,205167,2022-08-01 11:07:00,11,667,0.0005622154125072039,570.64,True,27.0,20220801
LONG,27,entry,buy,1,1,205356,2022-08-01 14:16:00,14,856,0.0005366434582225431,70.64,True,22.0,20220801
LONG,27,exit,sell,1,1,205378,2022-08-01 14:38:00,14,878,0.00045297850237875,70.64,True,22.0,20220801
LONG,28,entry,buy,1,1,206452,2022-08-02 09:32:00,9,572,0.0003426885961569478,185.64,True,21.0,20220802
LONG,28,exit,sell,1,1,206473,2022-08-02 09:53:00,9,593,0.0006441107661708213,185.64,True,21.0,20220802
LONG,29,entry,buy,1,1,206536,2022-08-02 10:56:00,10,656,0.0007130173936503992,-754.36,False,15.0,20220802
LONG,29,exit,sell,1,1,206551,2022-08-02 11:11:00,11,671,0.0006051622774996765,-754.36,False,15.0,20220802
LONG,30,entry,buy,1,1,206604,2022-08-02 12:04:00,12,724,0.0005187621128750745,305.64,True,82.0,20220802
LONG,30,exit,sell,1,1,206686,2022-08-02 13:26:00,13,806,0.0003450001110993461,305.64,True,82.0,20220802
LONG,31,entry,buy,1,1,206730,2022-08-02 14:10:00,14,850,0.0005299076667347922,-924.36,False,69.0,20220802
LONG,31,exit,sell,1,1,206799,2022-08-02 15:19:00,15,919,0.0004581372194400537,-924.36,False,69.0,20220802
LONG,32,entry,buy,1,1,207578,2022-08-03 05:18:00,5,318,0.00018868966664272713,-544.36,False,93.0,20220803
LONG,32,exit,sell,1,1,207671,2022-08-03 06:51:00,6,411,0.00014616348901070177,-544.36,False,93.0,20220803
LONG,33,entry,buy,1,1,207684,2022-08-03 07:04:00,7,424,0.00015870710446540243,5420.64,True,545.0,20220803
LONG,33,exit,sell,1,1,208228,2022-08-03 16:09:00,16,969,0.00032165528735523846,5420.64,True,545.0,20220803
LONG,34,entry,buy,1,1,209017,2022-08-04 06:18:00,6,378,0.00021352664117409357,-109.36,False,1.0,20220804
LONG,34,exit,sell,1,1,209018,2022-08-04 06:19:00,6,379,0.00021791546287434237,-109.36,False,1.0,20220804
LONG,35,entry,buy,1,1,209021,2022-08-04 06:22:00,6,382,0.00022000438923452947,-49.36,False,41.0,20220804
LONG,35,exit,sell,1,1,209062,2022-08-04 07:03:00,7,423,0.0002316529392332045,-49.36,False,41.0,20220804
LONG,36,entry,buy,1,1,209158,2022-08-04 08:39:00,8,519,0.0002583884427222954,-439.36,False,24.0,20220804
LONG,36,exit,sell,1,1,209182,2022-08-04 09:03:00,9,543,0.00029474540466455546,-439.36,False,24.0,20220804
LONG,37,entry,buy,1,1,211707,2022-08-08 05:08:00,5,308,0.00019696254837955763,-299.36,False,4.0,20220808
LONG,37,exit,sell,1,1,211711,2022-08-08 05:12:00,5,312,0.00020743318515915245,-299.36,False,4.0,20220808
LONG,38,entry,buy,1,1,211795,2022-08-08 06:36:00,6,396,0.00013861015136191316,-44.36,False,54.0,20220808
LONG,38,exit,sell,1,1,211849,2022-08-08 07:30:00,7,450,0.00021508674504785842,-44.36,False,54.0,20220808
LONG,39,entry,buy,1,1,211874,2022-08-08 07:55:00,7,475,0.00014245853071586184,-159.36,False,66.0,20220808
LONG,39,exit,sell,1,1,211940,2022-08-08 09:01:00,9,541,0.00030201999540470684,-159.36,False,66.0,20220808
LONG,40,entry,buy,1,1,211972,2022-08-08 09:33:00,9,573,0.0004928438681337369,200.64,True,6.0,20220808
LONG,40,exit,sell,1,1,211978,2022-08-08 09:39:00,9,579,0.0005251086044956429,200.64,True,6.0,20220808
LONG,41,entry,buy,1,1,211980,2022-08-08 09:41:00,9,581,0.0005543298500422732,625.64,True,35.0,20220808
LONG,41,exit,sell,1,1,212015,2022-08-08 10:16:00,10,616,0.0005827251397559566,625.64,True,35.0,20220808
LONG,42,entry,buy,1,1,212038,2022-08-08 10:39:00,10,639,0.0006366725502306822,-834.36,False,9.0,20220808
LONG,42,exit,sell,1,1,212047,2022-08-08 10:48:00,10,648,0.0006186791712050571,-834.36,False,9.0,20220808
LONG,43,entry,buy,1,1,217752,2022-08-12 13:53:00,13,833,0.00020198984230473957,95.64,True,12.0,20220812
LONG,43,exit,sell,1,1,217764,2022-08-12 14:05:00,14,845,0.00018725325723115016,95.64,True,12.0,20220812
LONG,44,entry,buy,1,1,217775,2022-08-12 14:16:00,14,856,0.0001698872829219156,-34.36,False,8.0,20220812
LONG,44,exit,sell,1,1,217783,2022-08-12 14:24:00,14,864,0.000168554037330188,-34.36,False,8.0,20220812
LONG,45,entry,buy,1,1,217789,2022-08-12 14:30:00,14,870,0.00016996353426889808,1245.64,True,130.0,20220812
LONG,45,exit,sell,1,1,217919,2022-08-12 16:40:00,16,1000,0.00019308385507172353,1245.64,True,130.0,20220812
LONG,46,entry,buy,1,1,221634,2022-08-17 09:36:00,9,576,0.0004785881191208998,-504.36,False,2.0,20220817
LONG,46,exit,sell,1,1,221636,2022-08-17 09:38:00,9,578,0.0004992475330437662,-504.36,False,2.0,20220817
LONG,47,entry,buy,1,1,222779,2022-08-18 05:42:00,5,342,0.00021020696204942659,-114.36,False,65.0,20220818
LONG,47,exit,sell,1,1,222844,2022-08-18 06:47:00,6,407,0.00019611830953657436,-114.36,False,65.0,20220818
LONG,48,entry,buy,1,1,222891,2022-08-18 07:34:00,7,454,0.00018015653479719131,-4.36,False,57.0,20220818
LONG,48,exit,sell,1,1,222948,2022-08-18 08:31:00,8,511,0.0002301703170653033,-4.36,False,57.0,20220818
LONG,49,entry,buy,1,1,227150,2022-08-23 09:33:00,9,573,0.0003286479727922994,210.64,True,3.0,20220823
LONG,49,exit,sell,1,1,227153,2022-08-23 09:36:00,9,576,0.0003501174328185755,210.64,True,3.0,20220823
LONG,50,entry,buy,1,1,227189,2022-08-23 10:12:00,10,612,0.0006562844015316804,-614.36,False,13.0,20220823
LONG,50,exit,sell,1,1,227202,2022-08-23 10:25:00,10,625,0.0006976104646653905,-614.36,False,13.0,20220823
LONG,51,entry,buy,1,1,228442,2022-08-24 08:05:00,8,485,0.00021449477003441814,-9.36,False,1.0,20220824
LONG,51,exit,sell,1,1,228443,2022-08-24 08:06:00,8,486,0.00021469552830568155,-9.36,False,1.0,20220824
LONG,52,entry,buy,1,1,228684,2022-08-24 12:07:00,12,727,0.00030061931822758677,-284.36,False,27.0,20220824
LONG,52,exit,sell,1,1,228711,2022-08-24 12:34:00,12,754,0.0002419108563935514,-284.36,False,27.0,20220824
LONG,53,entry,buy,1,1,229502,2022-08-25 02:45:00,2,165,0.0007712541317858439,-174.36,False,7.0,20220825
LONG,53,exit,sell,1,1,229509,2022-08-25 02:52:00,2,172,0.0007783272384216851,-174.36,False,7.0,20220825
LONG,54,entry,buy,1,1,229577,2022-08-25 04:00:00,4,240,0.00018269425171772488,-234.36,False,14.0,20220825
LONG,54,exit,sell,1,1,229591,2022-08-25 04:14:00,4,254,0.00018265736269204797,-234.36,False,14.0,20220825
LONG,55,entry,buy,1,1,229772,2022-08-25 07:15:00,7,435,0.00019310097943505108,-399.36,False,28.0,20220825
LONG,55,exit,sell,1,1,229800,2022-08-25 07:43:00,7,463,0.00019686530738336294,-399.36,False,28.0,20220825
LONG,56,entry,buy,1,1,229962,2022-08-25 10:25:00,10,625,0.000494834014222169,-299.36,False,31.0,20220825
LONG,56,exit,sell,1,1,229993,2022-08-25 10:56:00,10,656,0.00041428387168160915,-299.36,False,31.0,20220825
LONG,57,entry,buy,1,1,230146,2022-08-25 13:29:00,13,809,0.0003374296707872003,575.64,True,18.0,20220825
LONG,57,exit,sell,1,1,230164,2022-08-25 13:47:00,13,827,0.0003090849825136261,575.64,True,18.0,20220825
LONG,58,entry,buy,1,1,230285,2022-08-25 15:48:00,15,948,0.0002524100253844445,210.64,True,52.0,20220825
LONG,58,exit,sell,1,1,230337,2022-08-25 16:40:00,16,1000,0.0002308134553706229,210.64,True,52.0,20220825
LONG,59,entry,buy,1,1,232018,2022-08-28 22:41:00,22,1361,0.00018789582648988146,-674.36,False,191.0,20220829
LONG,59,exit,sell,1,1,232209,2022-08-29 01:52:00,1,112,0.0001585178206648319,-674.36,False,191.0,20220829
LONG,60,entry,buy,1,1,232225,2022-08-29 02:08:00,2,128,0.000240302372731305,170.64,True,71.0,20220829
LONG,60,exit,sell,1,1,232296,2022-08-29 03:19:00,3,199,0.00031180659334329716,170.64,True,71.0,20220829
LONG,61,entry,buy,1,1,232308,2022-08-29 03:31:00,3,211,0.00036467999875905807,-389.36,False,65.0,20220829
LONG,61,exit,sell,1,1,232373,2022-08-29 04:36:00,4,276,0.00034481595613256965,-389.36,False,65.0,20220829
LONG,62,entry,buy,1,1,232412,2022-08-29 05:15:00,5,315,0.0002949796777083913,1150.64,True,638.0,20220829
LONG,62,exit,sell,1,1,233050,2022-08-29 15:53:00,15,953,0.0005900283967860923,1150.64,True,638.0,20220829
LONG,63,entry,buy,1,1,233499,2022-08-30 00:22:00,0,22,0.00015497995962022933,-204.36,False,41.0,20220830
LONG,63,exit,sell,1,1,233540,2022-08-30 01:03:00,1,63,0.00017255038372845078,-204.36,False,41.0,20220830
LONG,64,entry,buy,1,1,233548,2022-08-30 01:11:00,1,71,0.00017449262430917296,45.64,True,1.0,20220830
LONG,64,exit,sell,1,1,233549,2022-08-30 01:12:00,1,72,0.00017449204603012044,45.64,True,1.0,20220830
LONG,65,entry,buy,1,1,233550,2022-08-30 01:13:00,1,73,0.00017329954476702334,-19.36,False,6.0,20220830
LONG,65,exit,sell,1,1,233556,2022-08-30 01:19:00,1,79,0.00017480023604701586,-19.36,False,6.0,20220830
LONG,66,entry,buy,1,1,233557,2022-08-30 01:20:00,1,80,0.0001609711084595835,-69.36,False,5.0,20220830
LONG,66,exit,sell,1,1,233562,2022-08-30 01:25:00,1,85,0.00014756264830948865,-69.36,False,5.0,20220830
LONG,67,entry,buy,1,1,233642,2022-08-30 02:45:00,2,165,0.00018617236491898304,1275.64,True,152.0,20220830
LONG,67,exit,sell,1,1,233794,2022-08-30 05:17:00,5,317,0.00018456783922343644,1275.64,True,152.0,20220830
LONG,68,entry,buy,1,1,236691,2022-09-01 07:35:00,7,455,0.00022443938818640668,-514.36,False,53.0,20220901
LONG,68,exit,sell,1,1,236744,2022-09-01 08:28:00,8,508,0.0003095502114962867,-514.36,False,53.0,20220901
LONG,69,entry,buy,1,1,236817,2022-09-01 09:41:00,9,581,0.0005442003855333645,-1664.36,False,23.0,20220901
LONG,69,exit,sell,1,1,236840,2022-09-01 10:04:00,10,604,0.0007373297409400498,-1664.36,False,23.0,20220901
LONG,70,entry,buy,1,1,239803,2022-09-05 18:27:00,18,1107,0.0001970619253158294,160.64,True,52.0,20220906
LONG,70,exit,sell,1,1,239855,2022-09-05 19:19:00,19,1159,0.00024499550788783955,160.64,True,52.0,20220906
LONG,71,entry,buy,1,1,239856,2022-09-05 19:20:00,19,1160,0.00024555682509529614,-114.36,False,3.0,20220906
LONG,71,exit,sell,1,1,239859,2022-09-05 19:23:00,19,1163,0.00024423594957310383,-114.36,False,3.0,20220906
LONG,72,entry,buy,1,1,239916,2022-09-05 20:20:00,20,1220,0.00018820428815482853,590.64,True,83.0,20220906
LONG,72,exit,sell,1,1,239999,2022-09-05 21:43:00,21,1303,0.0002269116363508419,590.64,True,83.0,20220906
LONG,73,entry,buy,1,1,240061,2022-09-05 22:45:00,22,1365,0.00020692806390010894,-474.36,False,30.0,20220906
LONG,73,exit,sell,1,1,240091,2022-09-05 23:15:00,23,1395,0.0001791678213889988,-474.36,False,30.0,20220906
LONG,74,entry,buy,1,1,240245,2022-09-06 01:49:00,1,109,0.00015310330642232716,730.64,True,110.0,20220906
LONG,74,exit,sell,1,1,240355,2022-09-06 03:39:00,3,219,0.0002908449046453021,730.64,True,110.0,20220906
LONG,75,entry,buy,1,1,240417,2022-09-06 04:41:00,4,281,0.0002685055558040058,-354.36,False,28.0,20220906
LONG,75,exit,sell,1,1,240445,2022-09-06 05:09:00,5,309,0.00026687692055810786,-354.36,False,28.0,20220906
LONG,76,entry,buy,1,1,240510,2022-09-06 06:14:00,6,374,0.00022182986258811383,-34.36,False,33.0,20220906
LONG,76,exit,sell,1,1,240543,2022-09-06 06:47:00,6,407,0.00025869012470810013,-34.36,False,33.0,20220906
LONG,77,entry,buy,1,1,240613,2022-09-06 07:57:00,7,477,0.00024104433342890687,-199.36,False,31.0,20220906
LONG,77,exit,sell,1,1,240644,2022-09-06 08:28:00,8,508,0.0003083976795583412,-199.36,False,31.0,20220906
LONG,78,entry,buy,1,1,241745,2022-09-07 03:49:00,3,229,0.000322557808983358,350.64,True,50.0,20220907
LONG,78,exit,sell,1,1,241795,2022-09-07 04:39:00,4,279,0.0002708947460755539,350.64,True,50.0,20220907
LONG,79,entry,buy,1,1,242072,2022-09-07 09:16:00,9,556,0.00029055086858557303,775.64,True,45.0,20220907
LONG,79,exit,sell,1,1,242117,2022-09-07 10:01:00,10,601,0.0006023121889556409,775.64,True,45.0,20220907
LONG,80,entry,buy,1,1,243237,2022-09-08 09:45:00,9,585,0.0008493256007590377,-299.36,False,18.0,20220908
LONG,80,exit,sell,1,1,243255,2022-09-08 10:03:00,10,603,0.000944095368744079,-299.36,False,18.0,20220908
LONG,81,entry,buy,1,1,243271,2022-09-08 10:19:00,10,619,0.00097443465441448,1245.64,True,92.0,20220908
LONG,81,exit,sell,1,1,243363,2022-09-08 11:51:00,11,711,0.0004348964885015367,1245.64,True,92.0,20220908
LONG,82,entry,buy,1,1,243469,2022-09-08 13:37:00,13,817,0.0005276014970863173,-429.36,False,123.0,20220908
LONG,82,exit,sell,1,1,243592,2022-09-08 15:40:00,15,940,0.00047268904401030244,-429.36,False,123.0,20220908
LONG,83,entry,buy,1,1,245936,2022-09-12 09:41:00,9,581,0.00035130704458298783,715.64,True,60.0,20220912
LONG,83,exit,sell,1,1,245996,2022-09-12 10:41:00,10,641,0.00041888967689570413,715.64,True,60.0,20220912
LONG,84,entry,buy,1,1,246040,2022-09-12 11:25:00,11,685,0.0004109147018124311,-354.36,False,27.0,20220912
LONG,84,exit,sell,1,1,246067,2022-09-12 11:52:00,11,712,0.00036391303563758305,-354.36,False,27.0,20220912
LONG,85,entry,buy,1,1,246108,2022-09-12 12:33:00,12,753,0.00044742603886612853,410.64,True,71.0,20220912
LONG,85,exit,sell,1,1,246179,2022-09-12 13:44:00,13,824,0.00028837456033773226,410.64,True,71.0,20220912
LONG,86,entry,buy,1,1,248299,2022-09-14 03:04:00,3,184,0.0003118541345242932,-249.36,False,13.0,20220914
LONG,86,exit,sell,1,1,248312,2022-09-14 03:17:00,3,197,0.0003493976937773263,-249.36,False,13.0,20220914
LONG,87,entry,buy,1,1,248333,2022-09-14 03:38:00,3,218,0.00040503306277998787,640.64,True,93.0,20220914
LONG,87,exit,sell,1,1,248426,2022-09-14 05:11:00,5,311,0.0003100978151622265,640.64,True,93.0,20220914
LONG,88,entry,buy,1,1,248634,2022-09-14 08:39:00,8,519,0.00036364202438393667,75.64,True,53.0,20220914
LONG,88,exit,sell,1,1,248687,2022-09-14 09:32:00,9,572,0.00038301137041135447,75.64,True,53.0,20220914
LONG,89,entry,buy,1,1,254349,2022-09-20 11:54:00,11,714,0.00038936056017188376,-449.36,False,32.0,20220920
LONG,89,exit,sell,1,1,254381,2022-09-20 12:26:00,12,746,0.0003544669321919476,-449.36,False,32.0,20220920
LONG,90,entry,buy,1,1,254523,2022-09-20 14:48:00,14,888,0.0005253997498219832,-4.36,False,1.0,20220920
LONG,90,exit,sell,1,1,254524,2022-09-20 14:49:00,14,889,0.0005234595304298192,-4.36,False,1.0,20220920
LONG,91,entry,buy,1,1,254526,2022-09-20 14:51:00,14,891,0.0005094813541725451,-274.36,False,3.0,20220920
LONG,91,exit,sell,1,1,254529,2022-09-20 14:54:00,14,894,0.0005072983234125383,-274.36,False,3.0,20220920
LONG,92,entry,buy,1,1,254532,2022-09-20 14:57:00,14,897,0.0004910613988645074,265.64,True,60.0,20220920
LONG,92,exit,sell,1,1,254592,2022-09-20 15:57:00,15,957,0.0004925879709792854,265.64,True,60.0,20220920
LONG,93,entry,buy,1,1,255899,2022-09-21 14:45:00,14,885,0.0019874463619901,-504.36,False,3.0,20220921
LONG,93,exit,sell,1,1,255902,2022-09-21 14:48:00,14,888,0.002067414449797202,-504.36,False,3.0,20220921
LONG,94,entry,buy,1,1,255930,2022-09-21 15:16:00,15,916,0.0016283248195186246,-1649.36,False,6.0,20220921
LONG,94,exit,sell,1,1,255936,2022-09-21 15:22:00,15,922,0.001661138606421373,-1649.36,False,6.0,20220921
LONG,95,entry,buy,1,1,256609,2022-09-22 03:35:00,3,215,0.00029159462059752763,0.6399999999999997,True,1.0,20220922
LONG,95,exit,sell,1,1,256610,2022-09-22 03:36:00,3,216,0.00029105701736397154,0.6399999999999997,True,1.0,20220922
LONG,96,entry,buy,1,1,256611,2022-09-22 03:37:00,3,217,0.00029595392423012164,80.64,True,2.0,20220922
LONG,96,exit,sell,1,1,256613,2022-09-22 03:39:00,3,219,0.00029888695951709344,80.64,True,2.0,20220922
LONG,97,entry,buy,1,1,256615,2022-09-22 03:41:00,3,221,0.00028916163578184874,75.64,True,1.0,20220922
LONG,97,exit,sell,1,1,256616,2022-09-22 03:42:00,3,222,0.00029208394375833364,75.64,True,1.0,20220922
LONG,98,entry,buy,1,1,256617,2022-09-22 03:43:00,3,223,0.00028795243312246304,1590.64,True,83.0,20220922
LONG,98,exit,sell,1,1,256700,2022-09-22 05:06:00,5,306,0.00042082171267026865,1590.64,True,83.0,20220922
LONG,99,entry,buy,1,1,258326,2022-09-23 09:15:00,9,555,0.0004483204859965603,-79.36,False,2.0,20220923
LONG,99,exit,sell,1,1,258328,2022-09-23 09:17:00,9,557,0.0004554411687017548,-79.36,False,2.0,20220923
LONG,100,entry,buy,1,1,258331,2022-09-23 09:20:00,9,560,0.0004757012160086046,-194.36,False,7.0,20220923
LONG,100,exit,sell,1,1,258338,2022-09-23 09:27:00,9,567,0.0004907161551630402,-194.36,False,7.0,20220923
LONG,101,entry,buy,1,1,258728,2022-09-23 15:57:00,15,957,0.0006172246376648375,740.64,True,43.0,20220923
LONG,101,exit,sell,1,1,258771,2022-09-23 16:40:00,16,1000,0.0003973616919481266,740.64,True,43.0,20220923
LONG,102,entry,buy,1,1,260302,2022-09-26 20:11:00,20,1211,0.00017423906707720455,1165.64,True,539.0,20220927
LONG,102,exit,sell,1,1,260841,2022-09-27 05:10:00,5,310,0.00023253808291328517,1165.64,True,539.0,20220927
LONG,103,entry,buy,1,1,262537,2022-09-28 10:29:00,10,629,0.001082260296258069,3010.64,True,335.0,20220928
LONG,103,exit,sell,1,1,262872,2022-09-28 16:04:00,16,964,0.0004549198417303939,3010.64,True,335.0,20220928
LONG,104,entry,buy,1,1,266006,2022-10-02 23:18:00,23,1398,0.0003382889886855404,-19.36,False,3.0,20221003
LONG,104,exit,sell,1,1,266009,2022-10-02 23:21:00,23,1401,0.0003201398962224941,-19.36,False,3.0,20221003
LONG,105,entry,buy,1,1,266028,2022-10-02 23:40:00,23,1420,0.00035528805032424867,-69.36,False,1.0,20221003
LONG,105,exit,sell,1,1,266029,2022-10-02 23:41:00,23,1421,0.0003530886552166598,-69.36,False,1.0,20221003
LONG,106,entry,buy,1,1,266159,2022-10-03 01:51:00,1,111,0.0002959255651576975,-294.36,False,35.0,20221003
LONG,106,exit,sell,1,1,266194,2022-10-03 02:26:00,2,146,0.0003506914167042876,-294.36,False,35.0,20221003
LONG,107,entry,buy,1,1,266195,2022-10-03 02:27:00,2,147,0.0003504676330706916,60.64,True,1.0,20221003
LONG,107,exit,sell,1,1,266196,2022-10-03 02:28:00,2,148,0.00035074684528496646,60.64,True,1.0,20221003
LONG,108,entry,buy,1,1,266198,2022-10-03 02:30:00,2,150,0.00035603770768275123,-309.36,False,6.0,20221003
LONG,108,exit,sell,1,1,266204,2022-10-03 02:36:00,2,156,0.0003634806395238969,-309.36,False,6.0,20221003
LONG,109,entry,buy,1,1,266206,2022-10-03 02:38:00,2,158,0.0003683732997734573,-494.36,False,9.0,20221003
LONG,109,exit,sell,1,1,266215,2022-10-03 02:47:00,2,167,0.00038362377605501017,-494.36,False,9.0,20221003
LONG,110,entry,buy,1,1,266219,2022-10-03 02:51:00,2,171,0.00037654137832031175,-9.36,False,11.0,20221003
LONG,110,exit,sell,1,1,266230,2022-10-03 03:02:00,3,182,0.0003767345068790643,-9.36,False,11.0,20221003
LONG,111,entry,buy,1,1,266231,2022-10-03 03:03:00,3,183,0.00037121953872742205,-314.36,False,10.0,20221003
LONG,111,exit,sell,1,1,266241,2022-10-03 03:13:00,3,193,0.0004451005913966938,-314.36,False,10.0,20221003
LONG,112,entry,buy,1,1,267200,2022-10-03 20:12:00,20,1212,0.00019638538844898005,60.64,True,108.0,20221004
LONG,112,exit,sell,1,1,267308,2022-10-03 22:00:00,22,1320,0.00019229201675437845,60.64,True,108.0,20221004
LONG,113,entry,buy,1,2,267400,2022-10-03 23:32:00,23,1412,0.0001747851725965725,3641.28,True,340.0,20221004
LONG,113,exit,sell,1,2,267740,2022-10-04 05:12:00,5,312,0.0002580466198501114,3641.28,True,340.0,20221004
LONG,114,entry,buy,1,2,269941,2022-10-05 19:53:00,19,1193,0.00016871009667468627,-1278.72,False,385.0,20221006
LONG,114,exit,sell,1,2,270326,2022-10-06 02:18:00,2,138,0.0002215607228263489,-1278.72,False,385.0,20221006
LONG,115,entry,buy,1,1,270699,2022-10-06 08:31:00,8,511,0.0005130899778399609,-369.36,False,18.0,20221006
LONG,115,exit,sell,1,1,270717,2022-10-06 08:49:00,8,529,0.0005802685292280915,-369.36,False,18.0,20221006
LONG,116,entry,buy,1,2,271475,2022-10-06 22:27:00,22,1347,0.00016413426348965482,-968.72,False,71.0,20221007
LONG,116,exit,sell,1,2,271546,2022-10-06 23:38:00,23,1418,0.00017124371548690783,-968.72,False,71.0,20221007
LONG,117,entry,buy,1,1,271759,2022-10-07 03:11:00,3,191,0.000342191890362333,-619.36,False,22.0,20221007
LONG,117,exit,sell,1,1,271781,2022-10-07 03:33:00,3,213,0.0003103673972346252,-619.36,False,22.0,20221007
LONG,118,entry,buy,1,1,274834,2022-10-11 08:26:00,8,506,0.0003119526397239912,-624.36,False,35.0,20221011
LONG,118,exit,sell,1,1,274869,2022-10-11 09:01:00,9,541,0.0003459992748285416,-624.36,False,35.0,20221011
LONG,119,entry,buy,1,1,275095,2022-10-11 12:47:00,12,767,0.00050572621257144,-2579.36,False,119.0,20221011
LONG,119,exit,sell,1,1,275214,2022-10-11 14:46:00,14,886,0.0005508245074772831,-2579.36,False,119.0,20221011
LONG,120,entry,buy,1,2,277545,2022-10-13 07:38:00,7,458,0.0002775531784695823,171.28,True,52.0,20221013
LONG,120,exit,sell,1,2,277597,2022-10-13 08:30:00,8,510,0.0007654102108799511,171.28,True,52.0,20221013
LONG,121,entry,buy,1,1,277677,2022-10-13 09:50:00,9,590,0.0010088349434481758,9810.64,True,410.0,20221013
LONG,121,exit,sell,1,1,278087,2022-10-13 16:40:00,16,1000,0.000379502012716897,9810.64,True,410.0,20221013
LONG,122,entry,buy,1,2,279916,2022-10-17 01:09:00,1,69,0.00013462233030840916,701.28,True,131.0,20221017
LONG,122,exit,sell,1,2,280047,2022-10-17 03:20:00,3,200,0.0004918498238112534,701.28,True,131.0,20221017
LONG,123,entry,buy,1,1,280053,2022-10-17 03:26:00,3,206,0.0005199186213206669,195.64,True,63.0,20221017
LONG,123,exit,sell,1,1,280116,2022-10-17 04:29:00,4,269,0.0003617545515213204,195.64,True,63.0,20221017
LONG,124,entry,buy,1,2,280152,2022-10-17 05:05:00,5,305,0.00030721646400434945,10761.28,True,695.0,20221017
LONG,124,exit,sell,1,2,280847,2022-10-17 16:40:00,16,1000,0.00028548536534034503,10761.28,True,695.0,20221017
LONG,125,entry,buy,1,1,284561,2022-10-20 09:34:00,9,574,0.000642718519361844,-634.36,False,4.0,20221020
LONG,125,exit,sell,1,1,284565,2022-10-20 09:38:00,9,578,0.0006326260142466726,-634.36,False,4.0,20221020
LONG,126,entry,buy,1,1,284566,2022-10-20 09:39:00,9,579,0.0006539903752925614,-509.36,False,2.0,20221020
LONG,126,exit,sell,1,1,284568,2022-10-20 09:41:00,9,581,0.0006744545748742696,-509.36,False,2.0,20221020
LONG,127,entry,buy,1,1,284569,2022-10-20 09:42:00,9,582,0.0007013172760127839,2410.64,True,107.0,20221020
LONG,127,exit,sell,1,1,284676,2022-10-20 11:29:00,11,689,0.0005522742585379031,2410.64,True,107.0,20221020
LONG,128,entry,buy,1,1,285572,2022-10-21 03:25:00,3,205,0.0004215809567375386,-554.36,False,21.0,20221021
LONG,128,exit,sell,1,1,285593,2022-10-21 03:46:00,3,226,0.00046446017547016984,-554.36,False,21.0,20221021
LONG,129,entry,buy,1,1,285809,2022-10-21 07:22:00,7,442,0.00030834771562016745,-139.36,False,27.0,20221021
LONG,129,exit,sell,1,1,285836,2022-10-21 07:49:00,7,469,0.0003298386353592531,-139.36,False,27.0,20221021
LONG,130,entry,buy,1,1,285837,2022-10-21 07:50:00,7,470,0.00033041535499445514,-74.36,False,1.0,20221021
LONG,130,exit,sell,1,1,285838,2022-10-21 07:51:00,7,471,0.00033111457887021037,-74.36,False,1.0,20221021
LONG,131,entry,buy,1,1,285909,2022-10-21 09:02:00,9,542,0.0005200626176270175,390.64,True,11.0,20221021
LONG,131,exit,sell,1,1,285920,2022-10-21 09:13:00,9,553,0.0007523449524680386,390.64,True,11.0,20221021
LONG,132,entry,buy,1,1,285940,2022-10-21 09:33:00,9,573,0.0009449234075028658,-1489.36,False,3.0,20221021
LONG,132,exit,sell,1,1,285943,2022-10-21 09:36:00,9,576,0.0010299220801178578,-1489.36,False,3.0,20221021
LONG,133,entry,buy,1,2,288699,2022-10-25 09:32:00,9,572,0.00038718940360570205,2371.28,True,40.0,20221025
LONG,133,exit,sell,1,2,288739,2022-10-25 10:12:00,10,612,0.0006731454281228709,2371.28,True,40.0,20221025
LONG,134,entry,buy,1,1,289745,2022-10-26 03:58:00,3,238,0.0003193659530087904,-259.36,False,75.0,20221026
LONG,134,exit,sell,1,1,289820,2022-10-26 05:13:00,5,313,0.000283085210769737,-259.36,False,75.0,20221026
LONG,135,entry,buy,1,1,289960,2022-10-26 07:33:00,7,453,0.0002640086854817089,-529.36,False,4.0,20221026
LONG,135,exit,sell,1,1,289964,2022-10-26 07:37:00,7,457,0.0002839862090832009,-529.36,False,4.0,20221026
LONG,136,entry,buy,1,1,290147,2022-10-26 10:40:00,10,640,0.0009767354285086709,610.64,True,108.0,20221026
LONG,136,exit,sell,1,1,290255,2022-10-26 12:28:00,12,748,0.000421869453183972,610.64,True,108.0,20221026
LONG,137,entry,buy,1,1,290667,2022-10-26 20:20:00,20,1220,0.0003040542745923907,-994.36,False,141.0,20221027
LONG,137,exit,sell,1,1,290808,2022-10-26 22:41:00,22,1361,0.00020025731938354757,-994.36,False,141.0,20221027
LONG,138,entry,buy,1,1,290989,2022-10-27 01:42:00,1,102,0.0001862881612248434,-559.36,False,41.0,20221027
LONG,138,exit,sell,1,1,291030,2022-10-27 02:23:00,2,143,0.00019080097616729901,-559.36,False,41.0,20221027
LONG,139,entry,buy,1,2,295118,2022-11-01 01:31:00,1,91,0.00011856651414911092,-138.72,False,115.0,20221101
LONG,139,exit,sell,1,2,295233,2022-11-01 03:26:00,3,206,0.0002596016646009195,-138.72,False,115.0,20221101
LONG,140,entry,buy,1,2,295268,2022-11-01 04:01:00,4,241,0.0002710052329816454,611.28,True,61.0,20221101
LONG,140,exit,sell,1,2,295329,2022-11-01 05:02:00,5,302,0.00024294601944101769,611.28,True,61.0,20221101
LONG,141,entry,buy,1,2,295360,2022-11-01 05:33:00,5,333,0.0002017418039268355,751.28,True,245.0,20221101
LONG,141,exit,sell,1,2,295605,2022-11-01 09:38:00,9,578,0.00028326469734813483,751.28,True,245.0,20221101
LONG,142,entry,buy,1,2,296215,2022-11-01 20:48:00,20,1248,0.00018929492279217777,-148.72,False,339.0,20221102
LONG,142,exit,sell,1,2,296554,2022-11-02 02:27:00,2,147,0.00012974206672890912,-148.72,False,339.0,20221102
LONG,143,entry,buy,1,1,297249,2022-11-02 14:02:00,14,842,0.001053538580327962,-609.36,False,9.0,20221102
LONG,143,exit,sell,1,1,297258,2022-11-02 14:11:00,14,851,0.0011197617735642599,-609.36,False,9.0,20221102
LONG,144,entry,buy,1,1,297276,2022-11-02 14:29:00,14,869,0.0012312688930561418,-799.36,False,3.0,20221102
LONG,144,exit,sell,1,1,297279,2022-11-02 14:32:00,14,872,0.0013029812139761737,-799.36,False,3.0,20221102
LONG,145,entry,buy,1,1,298436,2022-11-03 10:49:00,10,649,0.0008943622723367602,-794.36,False,18.0,20221103
LONG,145,exit,sell,1,1,298454,2022-11-03 11:07:00,11,667,0.0008880930532427551,-794.36,False,18.0,20221103
LONG,146,entry,buy,1,2,299202,2022-11-04 00:35:00,0,35,0.00013503616126520036,301.28,True,85.0,20221104
LONG,146,exit,sell,1,2,299287,2022-11-04 02:00:00,2,120,0.00018434207766439398,301.28,True,85.0,20221104
LONG,147,entry,buy,1,2,299301,2022-11-04 02:14:00,2,134,0.00018855089918919563,851.28,True,21.0,20221104
LONG,147,exit,sell,1,2,299322,2022-11-04 02:35:00,2,155,0.0005037970508478156,851.28,True,21.0,20221104
LONG,148,entry,buy,1,1,301980,2022-11-08 11:26:00,11,686,0.00030210034807681436,170.64,True,21.0,20221108
LONG,148,exit,sell,1,1,302001,2022-11-08 11:47:00,11,707,0.00033852575127342466,170.64,True,21.0,20221108
LONG,149,entry,buy,1,1,302466,2022-11-08 20:32:00,20,1232,0.0003096947233400568,-939.36,False,103.0,20221109
LONG,149,exit,sell,1,1,302569,2022-11-08 22:15:00,22,1335,0.0003022883287884465,-939.36,False,103.0,20221109
LONG,150,entry,buy,1,1,302652,2022-11-08 23:38:00,23,1418,0.0002750044015952848,-574.36,False,60.0,20221109
LONG,150,exit,sell,1,1,302712,2022-11-09 00:38:00,0,38,0.00021650433358971703,-574.36,False,60.0,20221109
LONG,151,entry,buy,1,1,303821,2022-11-09 20:07:00,20,1207,0.00018323880159256333,-89.36,False,18.0,20221110
LONG,151,exit,sell,1,1,303839,2022-11-09 20:25:00,20,1225,0.0002069838707686737,-89.36,False,18.0,20221110
LONG,152,entry,buy,1,2,304566,2022-11-10 08:32:00,8,512,0.002598017481400434,5071.28,True,66.0,20221110
LONG,152,exit,sell,1,2,304632,2022-11-10 09:38:00,9,578,0.0008325279107085585,5071.28,True,66.0,20221110
LONG,153,entry,buy,1,2,308205,2022-11-15 00:11:00,0,11,0.00010518697231759966,9491.28,True,514.0,20221115
LONG,153,exit,sell,1,2,308719,2022-11-15 08:45:00,8,525,0.0009695578625056022,9491.28,True,514.0,20221115
LONG,154,entry,buy,1,1,311530,2022-11-17 09:36:00,9,576,0.0004288124863614473,-54.36,False,21.0,20221117
LONG,154,exit,sell,1,1,311551,2022-11-17 09:57:00,9,597,0.0005441954550175195,-54.36,False,21.0,20221117
LONG,155,entry,buy,1,1,311571,2022-11-17 10:17:00,10,617,0.0006542534103078425,-414.36,False,32.0,20221117
LONG,155,exit,sell,1,1,311603,2022-11-17 10:49:00,10,649,0.0006232746108772415,-414.36,False,32.0,20221117
LONG,156,entry,buy,1,1,311670,2022-11-17 11:56:00,11,716,0.000511548219852555,750.64,True,132.0,20221117
LONG,156,exit,sell,1,1,311802,2022-11-17 14:08:00,14,848,0.000356723515281351,750.64,True,132.0,20221117
LONG,157,entry,buy,1,1,314286,2022-11-21 09:32:00,9,572,0.00032468075052894795,-594.36,False,2.0,20221121
LONG,157,exit,sell,1,1,314288,2022-11-21 09:34:00,9,574,0.0003733706361596081,-594.36,False,2.0,20221121
LONG,158,entry,buy,1,1,314302,2022-11-21 09:48:00,9,588,0.00047855604901592683,-504.36,False,12.0,20221121
LONG,158,exit,sell,1,1,314314,2022-11-21 10:00:00,10,600,0.0005212368057558597,-504.36,False,12.0,20221121
LONG,159,entry,buy,1,1,315374,2022-11-22 04:40:00,4,280,0.00024942597794484013,-9.36,False,2.0,20221122
LONG,159,exit,sell,1,1,315376,2022-11-22 04:42:00,4,282,0.00024248599150964738,-9.36,False,2.0,20221122
LONG,160,entry,buy,1,2,315594,2022-11-22 08:20:00,8,500,0.00022219655309173522,-248.72,False,2.0,20221122
LONG,160,exit,sell,1,2,315596,2022-11-22 08:22:00,8,502,0.00023596021692096699,-248.72,False,2.0,20221122
LONG,161,entry,buy,1,2,316046,2022-11-22 15:52:00,15,952,0.00018692732846100976,231.28,True,10.0,20221122
LONG,161,exit,sell,1,2,316056,2022-11-22 16:02:00,16,962,0.00019581370810512765,231.28,True,10.0,20221122
LONG,162,entry,buy,1,1,319802,2022-11-27 18:17:00,18,1097,0.00022076237028360898,-114.36,False,10.0,20221128
LONG,162,exit,sell,1,1,319812,2022-11-27 18:27:00,18,1107,0.00020972437479066492,-114.36,False,10.0,20221128
LONG,163,entry,buy,1,1,319814,2022-11-27 18:29:00,18,1109,0.0002118439591532748,-39.36,False,3.0,20221128
LONG,163,exit,sell,1,1,319817,2022-11-27 18:32:00,18,1112,0.0002151678294770177,-39.36,False,3.0,20221128
LONG,164,entry,buy,1,1,319818,2022-11-27 18:33:00,18,1113,0.00021347534591957524,5.64,True,1.0,20221128
LONG,164,exit,sell,1,1,319819,2022-11-27 18:34:00,18,1114,0.00021309782980892517,5.64,True,1.0,20221128
LONG,165,entry,buy,1,1,319820,2022-11-27 18:35:00,18,1115,0.00021182584113592468,-59.36,False,4.0,20221128
LONG,165,exit,sell,1,1,319824,2022-11-27 18:39:00,18,1119,0.00021090444432635458,-59.36,False,4.0,20221128
LONG,166,entry,buy,1,1,319825,2022-11-27 18:40:00,18,1120,0.0002112259814501401,10.64,True,1.0,20221128
LONG,166,exit,sell,1,1,319826,2022-11-27 18:41:00,18,1121,0.00018851754187446018,10.64,True,1.0,20221128
LONG,167,entry,buy,1,1,319827,2022-11-27 18:42:00,18,1122,0.0001882354772392619,-64.36,False,4.0,20221128
LONG,167,exit,sell,1,1,319831,2022-11-27 18:46:00,18,1126,0.00018932955174506228,-64.36,False,4.0,20221128
LONG,168,entry,buy,1,1,319832,2022-11-27 18:47:00,18,1127,0.00019163409529160847,55.64,True,7.0,20221128
LONG,168,exit,sell,1,1,319839,2022-11-27 18:54:00,18,1134,0.00017285312681613335,55.64,True,7.0,20221128
LONG,169,entry,buy,1,1,319841,2022-11-27 18:56:00,18,1136,0.00017024646507245273,0.6399999999999997,True,1.0,20221128
LONG,169,exit,sell,1,1,319842,2022-11-27 18:57:00,18,1137,0.00017070224456381796,0.6399999999999997,True,1.0,20221128
LONG,170,entry,buy,1,1,320335,2022-11-28 03:10:00,3,190,0.00018609530803780287,-89.36,False,38.0,20221128
LONG,170,exit,sell,1,1,320373,2022-11-28 03:48:00,3,228,0.00022617080699879695,-89.36,False,38.0,20221128
LONG,171,entry,buy,1,1,320728,2022-11-28 09:43:00,9,583,0.0003214592106520311,-419.36,False,18.0,20221128
LONG,171,exit,sell,1,1,320746,2022-11-28 10:01:00,10,601,0.0003815011282226192,-419.36,False,18.0,20221128
LONG,172,entry,buy,1,1,323103,2022-11-30 03:18:00,3,198,0.00019822614272195174,-284.36,False,5.0,20221130
LONG,172,exit,sell,1,1,323108,2022-11-30 03:23:00,3,203,0.00021010960701363761,-284.36,False,5.0,20221130
LONG,173,entry,buy,1,2,323148,2022-11-30 04:03:00,4,243,0.00023423801789916842,-168.72,False,22.0,20221130
LONG,173,exit,sell,1,2,323170,2022-11-30 04:25:00,4,265,0.00020450301164585188,-168.72,False,22.0,20221130
LONG,174,entry,buy,1,2,323173,2022-11-30 04:28:00,4,268,0.00020476387661628128,-878.72,False,15.0,20221130
LONG,174,exit,sell,1,2,323188,2022-11-30 04:43:00,4,283,0.00020214727565826695,-878.72,False,15.0,20221130
LONG,175,entry,buy,1,1,326237,2022-12-02 09:32:00,9,572,0.0006451245351100403,-299.36,False,19.0,20221202
LONG,175,exit,sell,1,1,326256,2022-12-02 09:51:00,9,591,0.0005832968370948322,-299.36,False,19.0,20221202
LONG,176,entry,buy,1,1,326257,2022-12-02 09:52:00,9,592,0.0006026438054643439,75.64,True,1.0,20221202
LONG,176,exit,sell,1,1,326258,2022-12-02 09:53:00,9,593,0.0005998840206399782,75.64,True,1.0,20221202
LONG,177,entry,buy,1,1,326259,2022-12-02 09:54:00,9,594,0.000599968970364283,35.64,True,1.0,20221202
LONG,177,exit,sell,1,1,326260,2022-12-02 09:55:00,9,595,0.0005790913344105124,35.64,True,1.0,20221202
LONG,178,entry,buy,1,1,326261,2022-12-02 09:56:00,9,596,0.0005986929660201928,175.64,True,65.0,20221202
LONG,178,exit,sell,1,1,326326,2022-12-02 11:01:00,11,661,0.0007564479883231351,175.64,True,65.0,20221202
LONG,179,entry,buy,1,1,326352,2022-12-02 11:27:00,11,687,0.0007084313382166165,-589.36,False,103.0,20221202
LONG,179,exit,sell,1,1,326455,2022-12-02 13:10:00,13,790,0.00038487810735982346,-589.36,False,103.0,20221202
LONG,180,entry,buy,1,1,326557,2022-12-02 14:52:00,14,892,0.0002616690930724939,875.64,True,69.0,20221202
LONG,180,exit,sell,1,1,326626,2022-12-02 16:01:00,16,961,0.00040526677106977546,875.64,True,69.0,20221202
LONG,181,entry,buy,1,1,331345,2022-12-08 02:40:00,2,160,0.00016636165538338194,-329.36,False,22.0,20221208
LONG,181,exit,sell,1,1,331367,2022-12-08 03:02:00,3,182,0.00020369822534529135,-329.36,False,22.0,20221208
LONG,182,entry,buy,1,1,331370,2022-12-08 03:05:00,3,185,0.00020201311633813817,-109.36,False,2.0,20221208
LONG,182,exit,sell,1,1,331372,2022-12-08 03:07:00,3,187,0.00018985037808331778,-109.36,False,2.0,20221208
LONG,183,entry,buy,1,1,331402,2022-12-08 03:37:00,3,217,0.00022957423283511124,-244.36,False,9.0,20221208
LONG,183,exit,sell,1,1,331411,2022-12-08 03:46:00,3,226,0.00022339054164274182,-244.36,False,9.0,20221208
LONG,184,entry,buy,1,2,331424,2022-12-08 03:59:00,3,239,0.00022622113525421313,-378.72,False,7.0,20221208
LONG,184,exit,sell,1,2,331431,2022-12-08 04:06:00,4,246,0.00022265229867710306,-378.72,False,7.0,20221208
LONG,185,entry,buy,1,1,331439,2022-12-08 04:14:00,4,254,0.00021843812516574195,-229.36,False,7.0,20221208
LONG,185,exit,sell,1,1,331446,2022-12-08 04:21:00,4,261,0.00021637275021557772,-229.36,False,7.0,20221208
LONG,186,entry,buy,1,1,331461,2022-12-08 04:36:00,4,276,0.00019938718091402468,-274.36,False,11.0,20221208
LONG,186,exit,sell,1,1,331472,2022-12-08 04:47:00,4,287,0.00019587054231205727,-274.36,False,11.0,20221208
LONG,187,entry,buy,1,1,333169,2022-12-09 10:04:00,10,604,0.0007988233731123928,-764.36,False,14.0,20221209
LONG,187,exit,sell,1,1,333183,2022-12-09 10:18:00,10,618,0.0008552650219284074,-764.36,False,14.0,20221209
LONG,188,entry,buy,1,1,333196,2022-12-09 10:31:00,10,631,0.0009202521571918357,580.64,True,69.0,20221209
LONG,188,exit,sell,1,1,333265,2022-12-09 11:40:00,11,700,0.0004490151054416269,580.64,True,69.0,20221209
LONG,189,entry,buy,1,1,333271,2022-12-09 11:46:00,11,706,0.00045622593363886277,-684.36,False,75.0,20221209
LONG,189,exit,sell,1,1,333346,2022-12-09 13:01:00,13,781,0.00039907966999358903,-684.36,False,75.0,20221209
LONG,190,entry,buy,1,2,334301,2022-12-12 05:57:00,5,357,0.00014568080703864368,-198.72,False,33.0,20221212
LONG,190,exit,sell,1,2,334334,2022-12-12 06:30:00,6,390,0.0001500130806482661,-198.72,False,33.0,20221212
LONG,191,entry,buy,1,2,334347,2022-12-12 06:43:00,6,403,0.000157787391684363,-318.72,False,7.0,20221212
LONG,191,exit,sell,1,2,334354,2022-12-12 06:50:00,6,410,0.00017732484800727546,-318.72,False,7.0,20221212
LONG,192,entry,buy,1,1,337556,2022-12-14 14:14:00,14,854,0.0011838103495574348,-379.36,False,4.0,20221214
LONG,192,exit,sell,1,1,337560,2022-12-14 14:18:00,14,858,0.0012116250043446312,-379.36,False,4.0,20221214
LONG,193,entry,buy,1,1,337561,2022-12-14 14:19:00,14,859,0.0012098436342221474,-159.36,False,1.0,20221214
LONG,193,exit,sell,1,1,337562,2022-12-14 14:20:00,14,860,0.0012096156079138606,-159.36,False,1.0,20221214
LONG,194,entry,buy,1,2,340505,2022-12-18 18:23:00,18,1103,0.0001944259241116323,-1008.72,False,373.0,20221219
LONG,194,exit,sell,1,2,340878,2022-12-19 00:36:00,0,36,0.00012369011330905008,-1008.72,False,373.0,20221219
LONG,195,entry,buy,1,2,341034,2022-12-19 03:12:00,3,192,0.00020465931654437125,31.28,True,3.0,20221219
LONG,195,exit,sell,1,2,341037,2022-12-19 03:15:00,3,195,0.00020802757347817145,31.28,True,3.0,20221219
LONG,196,entry,buy,1,2,341043,2022-12-19 03:21:00,3,201,0.0002147845917204037,-748.72,False,80.0,20221219
LONG,196,exit,sell,1,2,341123,2022-12-19 04:41:00,4,281,0.0002032077005413916,-748.72,False,80.0,20221219
LONG,197,entry,buy,1,2,344246,2022-12-21 10:44:00,10,644,0.0005145922839400075,-658.72,False,40.0,20221221
LONG,197,exit,sell,1,2,344286,2022-12-21 11:24:00,11,684,0.00042370292521684333,-658.72,False,40.0,20221221
LONG,198,entry,buy,1,2,344381,2022-12-21 12:59:00,12,779,0.0003242702975208813,-258.72,False,112.0,20221221
LONG,198,exit,sell,1,2,344493,2022-12-21 14:51:00,14,891,0.0003429800988942381,-258.72,False,112.0,20221221
LONG,199,entry,buy,1,1,349698,2022-12-28 09:37:00,9,577,0.000572080589323832,-684.36,False,14.0,20221228
LONG,199,exit,sell,1,1,349712,2022-12-28 09:51:00,9,591,0.0006507198832725207,-684.36,False,14.0,20221228
LONG,200,entry,buy,1,1,349718,2022-12-28 09:57:00,9,597,0.0006865819681526863,-114.36,False,3.0,20221228
LONG,200,exit,sell,1,1,349721,2022-12-28 10:00:00,10,600,0.0006913237537021762,-114.36,False,3.0,20221228
LONG,201,entry,buy,1,2,350766,2022-12-29 04:26:00,4,266,0.0001658070919974107,-468.72,False,6.0,20221229
LONG,201,exit,sell,1,2,350772,2022-12-29 04:32:00,4,272,0.0001702396518197789,-468.72,False,6.0,20221229
LONG,202,entry,buy,1,2,350866,2022-12-29 06:06:00,6,366,0.0001561702866721008,-1018.72,False,76.0,20221229
LONG,202,exit,sell,1,2,350942,2022-12-29 07:22:00,7,442,0.00014912759357877374,-1018.72,False,76.0,20221229
LONG,203,entry,buy,1,1,352452,2022-12-30 09:34:00,9,574,0.00039427957055004876,-709.36,False,7.0,20221230
LONG,203,exit,sell,1,1,352459,2022-12-30 09:41:00,9,581,0.00043798785708019385,-709.36,False,7.0,20221230
LONG,204,entry,buy,1,1,352479,2022-12-30 10:01:00,10,601,0.0006195985984751259,-129.36,False,1.0,20221230
LONG,204,exit,sell,1,1,352480,2022-12-30 10:02:00,10,602,0.0006218958948073033,-129.36,False,1.0,20221230
LONG,205,entry,buy,1,1,352498,2022-12-30 10:20:00,10,620,0.0006564633329738634,-289.36,False,10.0,20221230
LONG,205,exit,sell,1,1,352508,2022-12-30 10:30:00,10,630,0.0006783495315488285,-289.36,False,10.0,20221230
LONG,206,entry,buy,1,1,352527,2022-12-30 10:49:00,10,649,0.0004942994649236065,-464.36,False,8.0,20221230
LONG,206,exit,sell,1,1,352535,2022-12-30 10:57:00,10,657,0.00048711480375682864,-464.36,False,8.0,20221230
LONG,207,entry,buy,1,2,357294,2023-01-05 22:16:00,22,1336,8.309989267695967e-05,-1068.72,False,136.0,20230106
LONG,207,exit,sell,1,2,357430,2023-01-06 00:32:00,0,32,0.00010440747391958078,-1068.72,False,136.0,20230106
LONG,208,entry,buy,1,1,357711,2023-01-06 05:13:00,5,313,0.0002367860682717833,-74.36,False,17.0,20230106
LONG,208,exit,sell,1,1,357728,2023-01-06 05:30:00,5,330,0.0002405090316091035,-74.36,False,17.0,20230106
LONG,209,entry,buy,1,1,357909,2023-01-06 08:31:00,8,511,0.0008905100946369381,-289.36,False,3.0,20230106
LONG,209,exit,sell,1,1,357912,2023-01-06 08:34:00,8,514,0.0010184648495273198,-289.36,False,3.0,20230106
LONG,210,entry,buy,1,1,358433,2023-01-08 18:15:00,18,1095,0.00013765302849706672,-269.36,False,119.0,20230109
LONG,210,exit,sell,1,1,358552,2023-01-08 20:14:00,20,1214,0.00012893047247610663,-269.36,False,119.0,20230109
LONG,211,entry,buy,1,2,358762,2023-01-08 23:46:00,23,1426,0.00012194118685405868,-678.72,False,111.0,20230109
LONG,211,exit,sell,1,2,358873,2023-01-09 01:37:00,1,97,0.00013918116941369802,-678.72,False,111.0,20230109
LONG,212,entry,buy,1,1,359350,2023-01-09 09:34:00,9,574,0.00038228404385455545,-1039.36,False,383.0,20230109
LONG,212,exit,sell,1,1,359733,2023-01-09 15:57:00,15,957,0.0004656551506419849,-1039.36,False,383.0,20230109
LONG,213,entry,buy,1,1,360369,2023-01-10 03:33:00,3,213,0.00026764930739821464,125.64,True,1.0,20230110
LONG,213,exit,sell,1,1,360370,2023-01-10 03:34:00,3,214,0.00027405604042605487,125.64,True,1.0,20230110
LONG,214,entry,buy,1,1,360371,2023-01-10 03:35:00,3,215,0.00027541957390838837,-104.36,False,2.0,20230110
LONG,214,exit,sell,1,1,360373,2023-01-10 03:37:00,3,217,0.0002783191863244627,-104.36,False,2.0,20230110
LONG,215,entry,buy,1,1,360374,2023-01-10 03:38:00,3,218,0.0002778438800522608,-54.36,False,1.0,20230110
LONG,215,exit,sell,1,1,360375,2023-01-10 03:39:00,3,219,0.00027444102262132587,-54.36,False,1.0,20230110
LONG,216,entry,buy,1,1,360493,2023-01-10 05:37:00,5,337,0.00019833970414833582,80.64,True,1.0,20230110
LONG,216,exit,sell,1,1,360494,2023-01-10 05:38:00,5,338,0.0002023113589683611,80.64,True,1.0,20230110
LONG,217,entry,buy,1,1,360495,2023-01-10 05:39:00,5,339,0.00020303288795096776,-44.36,False,1.0,20230110
LONG,217,exit,sell,1,1,360496,2023-01-10 05:40:00,5,340,0.0002033485092692527,-44.36,False,1.0,20230110
LONG,218,entry,buy,1,1,360717,2023-01-10 09:21:00,9,561,0.0005718168106519229,-59.36,False,1.0,20230110
LONG,218,exit,sell,1,1,360718,2023-01-10 09:22:00,9,562,0.0005716358951949594,-59.36,False,1.0,20230110
LONG,219,entry,buy,1,1,360732,2023-01-10 09:36:00,9,576,0.0007266113563785483,-1309.36,False,12.0,20230110
LONG,219,exit,sell,1,1,360744,2023-01-10 09:48:00,9,588,0.0008574220029820355,-1309.36,False,12.0,20230110
LONG,220,entry,buy,1,1,364869,2023-01-13 09:33:00,9,573,0.0003527678357966704,235.64,True,1.0,20230113
LONG,220,exit,sell,1,1,364870,2023-01-13 09:34:00,9,574,0.00036209148066512124,235.64,True,1.0,20230113
LONG,221,entry,buy,1,1,364871,2023-01-13 09:35:00,9,575,0.0003800941610761031,-4.36,False,2.0,20230113
LONG,221,exit,sell,1,1,364873,2023-01-13 09:37:00,9,577,0.0003932177064177662,-4.36,False,2.0,20230113
LONG,222,entry,buy,1,1,364874,2023-01-13 09:38:00,9,578,0.00040277732984360945,-104.36,False,2.0,20230113
LONG,222,exit,sell,1,1,364876,2023-01-13 09:40:00,9,580,0.00042876355276682746,-104.36,False,2.0,20230113
LONG,223,entry,buy,1,1,364877,2023-01-13 09:41:00,9,581,0.0004453637739270655,920.64,True,54.0,20230113
LONG,223,exit,sell,1,1,364931,2023-01-13 10:35:00,10,635,0.000617761655099984,920.64,True,54.0,20230113
LONG,224,entry,buy,1,1,366458,2023-01-16 18:03:00,18,1083,0.0001581710011772111,-279.36,False,152.0,20230117
LONG,224,exit,sell,1,1,366610,2023-01-16 20:35:00,20,1235,0.00015797199450740972,-279.36,False,152.0,20230117
LONG,225,entry,buy,1,1,367001,2023-01-17 03:06:00,3,186,0.0001681746674137289,-59.36,False,27.0,20230117
LONG,225,exit,sell,1,1,367028,2023-01-17 03:33:00,3,213,0.0001792512767227813,-59.36,False,27.0,20230117
LONG,226,entry,buy,1,1,367219,2023-01-17 06:44:00,6,404,0.00013945169678936602,-84.36,False,3.0,20230117
LONG,226,exit,sell,1,1,367222,2023-01-17 06:47:00,6,407,0.00014088294480173335,-84.36,False,3.0,20230117
LONG,227,entry,buy,1,1,367223,2023-01-17 06:48:00,6,408,0.00014101185360104108,-24.36,False,3.0,20230117
LONG,227,exit,sell,1,1,367226,2023-01-17 06:51:00,6,411,0.00014026234470443082,-24.36,False,3.0,20230117
LONG,228,entry,buy,1,1,367229,2023-01-17 06:54:00,6,414,0.00014276739547668896,470.64,True,33.0,20230117
LONG,228,exit,sell,1,1,367262,2023-01-17 07:27:00,7,447,0.00018328344547742056,470.64,True,33.0,20230117
LONG,229,entry,buy,1,1,367419,2023-01-17 10:04:00,10,604,0.0005207071385934423,-2134.36,False,75.0,20230117
LONG,229,exit,sell,1,1,367494,2023-01-17 11:19:00,11,679,0.0005492398245281769,-2134.36,False,75.0,20230117
LONG,230,entry,buy,1,1,370146,2023-01-19 09:31:00,9,571,0.00034240179834648906,-1104.36,False,17.0,20230119
LONG,230,exit,sell,1,1,370163,2023-01-19 09:48:00,9,588,0.000495923464553229,-1104.36,False,17.0,20230119
LONG,231,entry,buy,1,1,370174,2023-01-19 09:59:00,9,599,0.0005574196819959133,-144.36,False,1.0,20230119
LONG,231,exit,sell,1,1,370175,2023-01-19 10:00:00,10,600,0.000560132606564111,-144.36,False,1.0,20230119
LONG,232,entry,buy,1,1,371587,2023-01-20 10:32:00,10,632,0.0005566542435659592,-134.36,False,11.0,20230120
LONG,232,exit,sell,1,1,371598,2023-01-20 10:43:00,10,643,0.0005401311500912609,-134.36,False,11.0,20230120
LONG,233,entry,buy,1,1,371628,2023-01-20 11:13:00,11,673,0.00042207805613290767,5.64,True,127.0,20230120
LONG,233,exit,sell,1,1,371755,2023-01-20 13:20:00,13,800,0.000373411232231477,5.64,True,127.0,20230120
LONG,234,entry,buy,1,2,371769,2023-01-20 13:34:00,13,814,0.0003906462016431527,5071.28,True,186.0,20230120
LONG,234,exit,sell,1,2,371955,2023-01-20 16:40:00,16,1000,0.00023555597180129732,5071.28,True,186.0,20230120
LONG,235,entry,buy,1,1,374301,2023-01-24 09:47:00,9,587,0.0004337379164212319,50.64,True,3.0,20230124
LONG,235,exit,sell,1,1,374304,2023-01-24 09:50:00,9,590,0.0004429218603420115,50.64,True,3.0,20230124
LONG,236,entry,buy,1,1,375901,2023-01-25 13:27:00,13,807,0.00031805509960397327,435.64,True,68.0,20230125
LONG,236,exit,sell,1,1,375969,2023-01-25 14:35:00,14,875,0.00035641153509583044,435.64,True,68.0,20230125
LONG,237,entry,buy,1,1,375996,2023-01-25 15:02:00,15,902,0.00037602861646220646,-574.36,False,35.0,20230125
LONG,237,exit,sell,1,1,376031,2023-01-25 15:37:00,15,937,0.00037923450775858913,-574.36,False,35.0,20230125
LONG,238,entry,buy,1,1,376138,2023-01-25 18:24:00,18,1104,0.0001695106567783499,490.64,True,524.0,20230126
LONG,238,exit,sell,1,1,376662,2023-01-26 03:08:00,3,188,0.00019129237792244128,490.64,True,524.0,20230126
LONG,239,entry,buy,1,1,376669,2023-01-26 03:15:00,3,195,0.00019602251649245535,200.64,True,316.0,20230126
LONG,239,exit,sell,1,1,376985,2023-01-26 08:31:00,8,511,0.0003516709337541611,200.64,True,316.0,20230126
LONG,240,entry,buy,1,1,376992,2023-01-26 08:38:00,8,518,0.00042785456125078004,145.64,True,72.0,20230126
LONG,240,exit,sell,1,1,377064,2023-01-26 09:50:00,9,590,0.0005755860933394874,145.64,True,72.0,20230126
LONG,241,entry,buy,1,2,377431,2023-01-26 15:57:00,15,957,0.0003457566239742088,-1498.72,False,41.0,20230126
LONG,241,exit,sell,1,2,377472,2023-01-26 16:38:00,16,998,0.0002750476926881875,-1498.72,False,41.0,20230126
LONG,242,entry,buy,1,1,378443,2023-01-27 09:49:00,9,589,0.00042356555782817963,-379.36,False,12.0,20230127
LONG,242,exit,sell,1,1,378455,2023-01-27 10:01:00,10,601,0.0004604760429898822,-379.36,False,12.0,20230127
LONG,243,entry,buy,1,1,378457,2023-01-27 10:03:00,10,603,0.0005195160144018263,-94.36,False,19.0,20230127
LONG,243,exit,sell,1,1,378476,2023-01-27 10:22:00,10,622,0.0005733756670827969,-94.36,False,19.0,20230127
LONG,244,entry,buy,1,1,378533,2023-01-27 11:19:00,11,679,0.0005102517478230226,2305.64,True,270.0,20230127
LONG,244,exit,sell,1,1,378803,2023-01-27 15:49:00,15,949,0.0003357793503047931,2305.64,True,270.0,20230127
LONG,245,entry,buy,1,1,379714,2023-01-30 08:00:00,8,480,0.00016648013028967623,-29.36,False,1.0,20230130
LONG,245,exit,sell,1,1,379715,2023-01-30 08:01:00,8,481,0.00016416891772560042,-29.36,False,1.0,20230130
LONG,246,entry,buy,1,1,379726,2023-01-30 08:12:00,8,492,0.00018125983995965057,15.64,True,1.0,20230130
LONG,246,exit,sell,1,1,379727,2023-01-30 08:13:00,8,493,0.00018019406339919757,15.64,True,1.0,20230130
LONG,247,entry,buy,1,1,379729,2023-01-30 08:15:00,8,495,0.00017997104238604882,-314.36,False,18.0,20230130
LONG,247,exit,sell,1,1,379747,2023-01-30 08:33:00,8,513,0.00020467976556288534,-314.36,False,18.0,20230130
LONG,248,entry,buy,1,1,379805,2023-01-30 09:31:00,9,571,0.0002673960169202529,-754.36,False,5.0,20230130
LONG,248,exit,sell,1,1,379810,2023-01-30 09:36:00,9,576,0.000335745993926462,-754.36,False,5.0,20230130
LONG,249,entry,buy,1,1,379820,2023-01-30 09:46:00,9,586,0.00043639753429216877,-1384.36,False,42.0,20230130
LONG,249,exit,sell,1,1,379862,2023-01-30 10:28:00,10,628,0.0006970011665929484,-1384.36,False,42.0,20230130
LONG,250,entry,buy,1,1,380799,2023-01-31 03:05:00,3,185,0.00020938397286681282,-464.36,False,10.0,20230131
LONG,250,exit,sell,1,1,380809,2023-01-31 03:15:00,3,195,0.0002083164397533994,-464.36,False,10.0,20230131
LONG,251,entry,buy,1,1,381017,2023-01-31 06:43:00,6,403,0.0002173345457357358,1670.64,True,164.0,20230131
LONG,251,exit,sell,1,1,381181,2023-01-31 09:27:00,9,567,0.0005593407050598479,1670.64,True,164.0,20230131
LONG,252,entry,buy,1,1,384395,2023-02-02 18:01:00,18,1081,0.0014008640017466863,-829.36,False,15.0,20230203
LONG,252,exit,sell,1,1,384410,2023-02-02 18:16:00,18,1096,0.0010292865473575206,-829.36,False,15.0,20230203
LONG,253,entry,buy,1,1,384430,2023-02-02 18:36:00,18,1116,0.00040140760406055586,-4.36,False,1.0,20230203
LONG,253,exit,sell,1,1,384431,2023-02-02 18:37:00,18,1117,0.00035490401745088353,-4.36,False,1.0,20230203
LONG,254,entry,buy,1,1,385149,2023-02-03 06:35:00,6,395,0.00018947107148224764,-99.36,False,2.0,20230203
LONG,254,exit,sell,1,1,385151,2023-02-03 06:37:00,6,397,0.00019070935061116635,-99.36,False,2.0,20230203
LONG,255,entry,buy,1,1,385177,2023-02-03 07:03:00,7,423,0.000240332337500057,-214.36,False,24.0,20230203
LONG,255,exit,sell,1,1,385201,2023-02-03 07:27:00,7,447,0.0002779584232745139,-214.36,False,24.0,20230203
LONG,256,entry,buy,1,1,385218,2023-02-03 07:44:00,7,464,0.00028532275262767613,-1464.36,False,47.0,20230203
LONG,256,exit,sell,1,1,385265,2023-02-03 08:31:00,8,511,0.0008965669546232939,-1464.36,False,47.0,20230203
LONG,257,entry,buy,1,1,386706,2023-02-06 09:32:00,9,572,0.00032013205065169285,-399.36,False,44.0,20230206
LONG,257,exit,sell,1,1,386750,2023-02-06 10:16:00,10,616,0.0007810503280248868,-399.36,False,44.0,20230206
LONG,258,entry,buy,1,1,386777,2023-02-06 10:43:00,10,643,0.000774966354859201,100.64,True,4.0,20230206
LONG,258,exit,sell,1,1,386781,2023-02-06 10:47:00,10,647,0.000716576314432987,100.64,True,4.0,20230206
LONG,259,entry,buy,1,1,386782,2023-02-06 10:48:00,10,648,0.0007143053591825475,605.64,True,69.0,20230206
LONG,259,exit,sell,1,1,386851,2023-02-06 11:57:00,11,717,0.0004408458801998726,605.64,True,69.0,20230206
LONG,260,entry,buy,1,1,387261,2023-02-06 19:47:00,19,1187,9.396257044883993e-05,-924.36,False,439.0,20230207
LONG,260,exit,sell,1,1,387699,2023-02-07 03:06:00,3,186,0.00023509491256962274,-924.36,False,439.0,20230207
LONG,261,entry,buy,1,1,387717,2023-02-07 03:24:00,3,204,0.0002943140944646676,945.64,True,104.0,20230207
LONG,261,exit,sell,1,1,387821,2023-02-07 05:08:00,5,308,0.00021021231327745867,945.64,True,104.0,20230207
LONG,262,entry,buy,1,2,387842,2023-02-07 05:29:00,5,329,0.0001559941133690769,-608.72,False,14.0,20230207
LONG,262,exit,sell,1,2,387856,2023-02-07 05:43:00,5,343,0.0001382674866129573,-608.72,False,14.0,20230207
LONG,263,entry,buy,1,1,387935,2023-02-07 07:02:00,7,422,0.00020573636110498395,-329.36,False,80.0,20230207
LONG,263,exit,sell,1,1,388015,2023-02-07 08:22:00,8,502,0.00020029839603014692,-329.36,False,80.0,20230207
LONG,264,entry,buy,1,1,388276,2023-02-07 12:43:00,12,763,0.0007237483438978549,3635.64,True,203.0,20230207
LONG,264,exit,sell,1,1,388479,2023-02-07 16:06:00,16,966,0.0005935847886419817,3635.64,True,203.0,20230207
LONG,265,entry,buy,1,2,388945,2023-02-08 00:52:00,0,52,0.00010654324694251844,-1768.72,False,79.0,20230208
LONG,265,exit,sell,1,2,389024,2023-02-08 02:11:00,2,131,0.00014165177192440926,-1768.72,False,79.0,20230208
LONG,266,entry,buy,1,2,390322,2023-02-09 00:49:00,0,49,0.0001331180250517188,2521.28,True,347.0,20230209
LONG,266,exit,sell,1,2,390669,2023-02-09 06:36:00,6,396,0.00016046288001464438,2521.28,True,347.0,20230209
LONG,267,entry,buy,1,1,393632,2023-02-13 09:59:00,9,599,0.0005637947430642516,-474.36,False,8.0,20230213
LONG,267,exit,sell,1,1,393640,2023-02-13 10:07:00,10,607,0.0005787298701700701,-474.36,False,8.0,20230213
LONG,268,entry,buy,1,2,393666,2023-02-13 10:33:00,10,633,0.0006068730285959798,2241.28,True,156.0,20230213
LONG,268,exit,sell,1,2,393822,2023-02-13 13:09:00,13,789,0.0002482512548589879,2241.28,True,156.0,20230213
LONG,269,entry,buy,1,1,394659,2023-02-14 04:06:00,4,246,0.00028937913484359954,-24.36,False,1.0,20230214
LONG,269,exit,sell,1,1,394660,2023-02-14 04:07:00,4,247,0.00028920910678755435,-24.36,False,1.0,20230214
LONG,270,entry,buy,1,1,395021,2023-02-14 10:08:00,10,608,0.0009757631833050026,-714.36,False,21.0,20230214
LONG,270,exit,sell,1,1,395042,2023-02-14 10:29:00,10,629,0.0009918817813614098,-714.36,False,21.0,20230214
LONG,271,entry,buy,1,1,395369,2023-02-14 15:56:00,15,956,0.00035168414458974816,-189.36,False,1.0,20230214
LONG,271,exit,sell,1,1,395370,2023-02-14 15:57:00,15,957,0.0003582588672587546,-189.36,False,1.0,20230214
LONG,272,entry,buy,1,1,396503,2023-02-15 11:50:00,11,710,0.0004271079002977801,-904.36,False,17.0,20230215
LONG,272,exit,sell,1,1,396520,2023-02-15 12:07:00,12,727,0.00042844097378730674,-904.36,False,17.0,20230215
LONG,273,entry,buy,1,2,396635,2023-02-15 14:02:00,14,842,0.00024819128433925243,31.28,True,1.0,20230215
LONG,273,exit,sell,1,2,396636,2023-02-15 14:03:00,14,843,0.0002471173984348376,31.28,True,1.0,20230215
LONG,274,entry,buy,1,2,396641,2023-02-15 14:08:00,14,848,0.0002299910179383412,-918.72,False,76.0,20230215
LONG,274,exit,sell,1,2,396717,2023-02-15 15:24:00,15,924,0.00028150793154459245,-918.72,False,76.0,20230215
LONG,275,entry,buy,1,1,397766,2023-02-16 09:53:00,9,593,0.0005244838739334731,-314.36,False,8.0,20230216
LONG,275,exit,sell,1,1,397774,2023-02-16 10:01:00,10,601,0.0005686575910629438,-314.36,False,8.0,20230216
LONG,276,entry,buy,1,1,397785,2023-02-16 10:12:00,10,612,0.0005939654821972626,-409.36,False,4.0,20230216
LONG,276,exit,sell,1,1,397789,2023-02-16 10:16:00,10,616,0.0006215062083760272,-409.36,False,4.0,20230216
LONG,277,entry,buy,1,1,397794,2023-02-16 10:21:00,10,621,0.0006339109477220574,415.64,True,51.0,20230216
LONG,277,exit,sell,1,1,397845,2023-02-16 11:12:00,11,672,0.0005152243996398881,415.64,True,51.0,20230216
LONG,278,entry,buy,1,1,397928,2023-02-16 12:35:00,12,755,0.00044538656213192514,-759.36,False,29.0,20230216
LONG,278,exit,sell,1,1,397957,2023-02-16 13:04:00,13,784,0.0004299573571324759,-759.36,False,29.0,20230216
LONG,279,entry,buy,1,1,398826,2023-02-17 04:33:00,4,273,0.0002468341275919035,-449.36,False,23.0,20230217
LONG,279,exit,sell,1,1,398849,2023-02-17 04:56:00,4,296,0.00022473394690819993,-449.36,False,23.0,20230217
LONG,280,entry,buy,1,1,399120,2023-02-17 09:27:00,9,567,0.0002686281541290727,-274.36,False,1.0,20230217
LONG,280,exit,sell,1,1,399121,2023-02-17 09:28:00,9,568,0.000295009358639823,-274.36,False,1.0,20230217
LONG,281,entry,buy,1,1,401652,2023-02-21 09:40:00,9,580,0.0002849601995591532,-524.36,False,11.0,20230221
LONG,281,exit,sell,1,1,401663,2023-02-21 09:51:00,9,591,0.00036639326271430936,-524.36,False,11.0,20230221
LONG,282,entry,buy,1,2,402318,2023-02-21 21:46:00,21,1306,0.00010443153849604989,-1008.72,False,224.0,20230222
LONG,282,exit,sell,1,2,402542,2023-02-22 01:30:00,1,90,0.00010089512716878665,-1008.72,False,224.0,20230222
LONG,283,entry,buy,1,1,402587,2023-02-22 02:15:00,2,135,0.0001594330651229292,-129.36,False,48.0,20230222
LONG,283,exit,sell,1,1,402635,2023-02-22 03:03:00,3,183,0.0001940454878310284,-129.36,False,48.0,20230222
LONG,284,entry,buy,1,1,402641,2023-02-22 03:09:00,3,189,0.00024664132506422193,-89.36,False,1.0,20230222
LONG,284,exit,sell,1,1,402642,2023-02-22 03:10:00,3,190,0.00024841649025244183,-89.36,False,1.0,20230222
LONG,285,entry,buy,1,1,402689,2023-02-22 03:57:00,3,237,0.00032234790662904626,85.64,True,22.0,20230222
LONG,285,exit,sell,1,1,402711,2023-02-22 04:19:00,4,259,0.00027494917848144634,85.64,True,22.0,20230222
LONG,286,entry,buy,1,1,402742,2023-02-22 04:50:00,4,290,0.00027681863457134303,-214.36,False,21.0,20230222
LONG,286,exit,sell,1,1,402763,2023-02-22 05:11:00,5,311,0.0002603073751216442,-214.36,False,21.0,20230222
LONG,287,entry,buy,1,1,405790,2023-02-24 09:39:00,9,579,0.0003437111980785713,-559.36,False,4.0,20230224
LONG,287,exit,sell,1,1,405794,2023-02-24 09:43:00,9,583,0.0004251673447446394,-559.36,False,4.0,20230224
LONG,288,entry,buy,1,2,407200,2023-02-27 10:09:00,10,609,0.0004317818791295951,-2488.72,False,28.0,20230227
LONG,288,exit,sell,1,2,407228,2023-02-27 10:37:00,10,637,0.00046305268258128407,-2488.72,False,28.0,20230227
LONG,289,entry,buy,1,1,407764,2023-02-27 20:33:00,20,1233,0.0001440701589975689,-104.36,False,89.0,20230228
LONG,289,exit,sell,1,1,407853,2023-02-27 22:02:00,22,1322,0.00011507739363515096,-104.36,False,89.0,20230228
LONG,290,entry,buy,1,1,408207,2023-02-28 03:57:00,3,237,0.00022087019075698276,-204.36,False,21.0,20230228
LONG,290,exit,sell,1,1,408228,2023-02-28 04:18:00,4,258,0.00022572691131253473,-204.36,False,21.0,20230228
LONG,291,entry,buy,1,1,408282,2023-02-28 05:12:00,5,312,0.00016855443883641958,985.64,True,149.0,20230228
LONG,291,exit,sell,1,1,408431,2023-02-28 07:41:00,7,461,0.00017253289177714384,985.64,True,149.0,20230228
LONG,292,entry,buy,1,1,408555,2023-02-28 09:45:00,9,585,0.00027822234744596523,95.64,True,1.0,20230228
LONG,292,exit,sell,1,1,408556,2023-02-28 09:46:00,9,586,0.00027848451484531613,95.64,True,1.0,20230228
LONG,293,entry,buy,1,1,408557,2023-02-28 09:47:00,9,587,0.0003074959694391114,-559.36,False,3.0,20230228
LONG,293,exit,sell,1,1,408560,2023-02-28 09:50:00,9,590,0.00034293295296264115,-559.36,False,3.0,20230228
LONG,294,entry,buy,1,1,409157,2023-02-28 20:47:00,20,1247,0.00015246815437036263,1435.64,True,679.0,20230301
LONG,294,exit,sell,1,1,409836,2023-03-01 08:06:00,8,486,0.000157373282903854,1435.64,True,679.0,20230301
LONG,295,entry,buy,1,1,411336,2023-03-02 10:06:00,10,606,0.0004037196613205997,-204.36,False,1.0,20230302
LONG,295,exit,sell,1,1,411337,2023-03-02 10:07:00,10,607,0.0004164222049638598,-204.36,False,1.0,20230302
LONG,296,entry,buy,1,1,411386,2023-03-02 10:56:00,10,656,0.00044147338328808574,-9.36,False,1.0,20230302
LONG,296,exit,sell,1,1,411387,2023-03-02 10:57:00,10,657,0.000436297256776896,-9.36,False,1.0,20230302
LONG,297,entry,buy,1,1,411389,2023-03-02 10:59:00,10,659,0.0004380806005831155,-59.36,False,1.0,20230302
LONG,297,exit,sell,1,1,411390,2023-03-02 11:00:00,11,660,0.00043617390378423385,-59.36,False,1.0,20230302
LONG,298,entry,buy,1,1,411392,2023-03-02 11:02:00,11,662,0.0004198709424632365,-84.36,False,1.0,20230302
LONG,298,exit,sell,1,1,411393,2023-03-02 11:03:00,11,663,0.0004175352052393311,-84.36,False,1.0,20230302
LONG,299,entry,buy,1,1,411409,2023-03-02 11:19:00,11,679,0.0004167221661937395,-169.36,False,1.0,20230302
LONG,299,exit,sell,1,1,411410,2023-03-02 11:20:00,11,680,0.0004220066735315131,-169.36,False,1.0,20230302
LONG,300,entry,buy,1,2,411572,2023-03-02 14:02:00,14,842,0.0004748676187580565,1461.28,True,115.0,20230302
LONG,300,exit,sell,1,2,411687,2023-03-02 15:57:00,15,957,0.00039667021546371133,1461.28,True,115.0,20230302
LONG,301,entry,buy,1,1,412341,2023-03-03 03:51:00,3,231,0.0002367058781948863,90.64,True,51.0,20230303
LONG,301,exit,sell,1,1,412392,2023-03-03 04:42:00,4,282,0.0001878383925539834,90.64,True,51.0,20230303
LONG,302,entry,buy,1,2,412406,2023-03-03 04:56:00,4,296,0.00017216050643760293,11.28,True,55.0,20230303
LONG,302,exit,sell,1,2,412461,2023-03-03 05:51:00,5,351,0.00019486641976444974,11.28,True,55.0,20230303
LONG,303,entry,buy,1,2,412477,2023-03-03 06:07:00,6,367,0.0001559317219802383,31.28,True,73.0,20230303
LONG,303,exit,sell,1,2,412550,2023-03-03 07:20:00,7,440,0.00015198245849148485,31.28,True,73.0,20230303
LONG,304,entry,buy,1,2,412635,2023-03-03 08:45:00,8,525,0.00015365184259166464,261.28,True,4.0,20230303
LONG,304,exit,sell,1,2,412639,2023-03-03 08:49:00,8,529,0.00015862618316269487,261.28,True,4.0,20230303
LONG,305,entry,buy,1,2,412641,2023-03-03 08:51:00,8,531,0.00016756686533072406,241.28,True,35.0,20230303
LONG,305,exit,sell,1,2,412676,2023-03-03 09:26:00,9,566,0.00019781146046796467,241.28,True,35.0,20230303
LONG,306,entry,buy,1,2,412697,2023-03-03 09:47:00,9,587,0.0002845087709603184,-478.72,False,16.0,20230303
LONG,306,exit,sell,1,2,412713,2023-03-03 10:03:00,10,603,0.000375289374798023,-478.72,False,16.0,20230303
LONG,307,entry,buy,1,1,412724,2023-03-03 10:14:00,10,614,0.0004367477713334189,230.64,True,40.0,20230303
LONG,307,exit,sell,1,1,412764,2023-03-03 10:54:00,10,654,0.0004889810562611691,230.64,True,40.0,20230303
LONG,308,entry,buy,1,1,412823,2023-03-03 11:53:00,11,713,0.00035981906594530953,1850.64,True,244.0,20230303
LONG,308,exit,sell,1,1,413067,2023-03-03 15:57:00,15,957,0.000257224430515966,1850.64,True,244.0,20230303
LONG,309,entry,buy,1,1,414667,2023-03-06 20:37:00,20,1237,0.00010867566755617645,-249.36,False,326.0,20230307
LONG,309,exit,sell,1,1,414992,2023-03-07 02:03:00,2,123,0.0001227535906817025,-249.36,False,326.0,20230307
LONG,310,entry,buy,1,1,415015,2023-03-07 02:26:00,2,146,0.000126263972844132,280.64,True,139.0,20230307
LONG,310,exit,sell,1,1,415154,2023-03-07 04:45:00,4,285,0.00017428059235567603,280.64,True,139.0,20230307
LONG,311,entry,buy,1,1,415210,2023-03-07 05:41:00,5,341,0.00014054518602151233,-359.36,False,75.0,20230307
LONG,311,exit,sell,1,1,415285,2023-03-07 06:56:00,6,416,0.00013720793963159026,-359.36,False,75.0,20230307
LONG,312,entry,buy,1,1,415503,2023-03-07 10:34:00,10,634,0.0007846861337335539,-59.36,False,6.0,20230307
LONG,312,exit,sell,1,1,415509,2023-03-07 10:40:00,10,640,0.0007947052113815405,-59.36,False,6.0,20230307
LONG,313,entry,buy,1,1,415610,2023-03-07 12:21:00,12,741,0.0005179265737482898,-444.36,False,18.0,20230307
LONG,313,exit,sell,1,1,415628,2023-03-07 12:39:00,12,759,0.0005487810245836935,-444.36,False,18.0,20230307
LONG,314,entry,buy,1,2,416622,2023-03-08 06:13:00,6,373,0.00014673233913971396,-738.72,False,23.0,20230308
LONG,314,exit,sell,1,2,416645,2023-03-08 06:36:00,6,396,0.00015131307978604228,-738.72,False,23.0,20230308
LONG,315,entry,buy,1,1,419154,2023-03-10 02:25:00,2,145,0.0002778678649459479,-594.36,False,27.0,20230310
LONG,315,exit,sell,1,1,419181,2023-03-10 02:52:00,2,172,0.0003353617595456759,-594.36,False,27.0,20230310
LONG,316,entry,buy,1,1,419269,2023-03-10 04:20:00,4,260,0.00028696626208630013,-224.36,False,24.0,20230310
LONG,316,exit,sell,1,1,419293,2023-03-10 04:44:00,4,284,0.00027152716317401985,-224.36,False,24.0,20230310
LONG,317,entry,buy,1,2,419329,2023-03-10 05:20:00,5,320,0.000277598386258112,-928.72,False,22.0,20230310
LONG,317,exit,sell,1,2,419351,2023-03-10 05:42:00,5,342,0.0002776780569213008,-928.72,False,22.0,20230310
LONG,318,entry,buy,1,1,420977,2023-03-13 09:48:00,9,588,0.0012405968422544685,3550.64,True,167.0,20230313
LONG,318,exit,sell,1,1,421144,2023-03-13 12:35:00,12,755,0.0008685113635707292,3550.64,True,167.0,20230313
LONG,319,entry,buy,1,2,422280,2023-03-14 08:31:00,8,511,0.0004094632212641401,-2028.72,False,3.0,20230314
LONG,319,exit,sell,1,2,422283,2023-03-14 08:34:00,8,514,0.0005035422574998097,-2028.72,False,3.0,20230314
LONG,320,entry,buy,1,2,429241,2023-03-21 09:32:00,9,572,0.00024686767346806556,-768.72,False,9.0,20230321
LONG,320,exit,sell,1,2,429250,2023-03-21 09:41:00,9,581,0.00026554513123032945,-768.72,False,9.0,20230321
LONG,321,entry,buy,1,1,429265,2023-03-21 09:56:00,9,596,0.0003396218304515672,-274.36,False,10.0,20230321
LONG,321,exit,sell,1,1,429275,2023-03-21 10:06:00,10,606,0.00040317958376028917,-274.36,False,10.0,20230321
LONG,322,entry,buy,1,1,429460,2023-03-21 13:11:00,13,791,0.00026255302729551877,475.64,True,27.0,20230321
LONG,322,exit,sell,1,1,429487,2023-03-21 13:38:00,13,818,0.00025806074851249326,475.64,True,27.0,20230321
LONG,323,entry,buy,1,2,429583,2023-03-21 15:14:00,15,914,0.0002011625690343105,101.28,True,6.0,20230321
LONG,323,exit,sell,1,2,429589,2023-03-21 15:20:00,15,920,0.00020327566766062313,101.28,True,6.0,20230321
LONG,324,entry,buy,1,2,429593,2023-03-21 15:24:00,15,924,0.00020671252492617646,671.28,True,33.0,20230321
LONG,324,exit,sell,1,2,429626,2023-03-21 15:57:00,15,957,0.0002938773826011594,671.28,True,33.0,20230321
LONG,325,entry,buy,1,1,430896,2023-03-22 14:07:00,14,847,0.0007519667749105744,-699.36,False,2.0,20230322
LONG,325,exit,sell,1,1,430898,2023-03-22 14:09:00,14,849,0.0007837425076694578,-699.36,False,2.0,20230322
LONG,326,entry,buy,1,1,430921,2023-03-22 14:32:00,14,872,0.0009511335839429075,-694.36,False,1.0,20230322
LONG,326,exit,sell,1,1,430922,2023-03-22 14:33:00,14,873,0.0009944429191129517,-694.36,False,1.0,20230322
LONG,327,entry,buy,1,2,431320,2023-03-22 22:11:00,22,1331,0.00013364447244656983,4931.28,True,1109.0,20230323
LONG,327,exit,sell,1,2,432429,2023-03-23 16:40:00,16,1000,0.0005981100212034441,4931.28,True,1109.0,20230323
LONG,328,entry,buy,1,2,437522,2023-03-29 09:33:00,9,573,0.00019705180384759792,-718.72,False,53.0,20230329
LONG,328,exit,sell,1,2,437575,2023-03-29 10:26:00,10,626,0.00039275821742729573,-718.72,False,53.0,20230329
LONG,329,entry,buy,1,1,437633,2023-03-29 11:24:00,11,684,0.0002733229825658736,165.64,True,84.0,20230329
LONG,329,exit,sell,1,1,437717,2023-03-29 12:48:00,12,768,0.0002525051677406956,165.64,True,84.0,20230329
LONG,330,entry,buy,1,2,437759,2023-03-29 13:30:00,13,810,0.0002262735960865412,-1218.72,False,6.0,20230329
LONG,330,exit,sell,1,2,437765,2023-03-29 13:36:00,13,816,0.0002539798553849408,-1218.72,False,6.0,20230329
LONG,331,entry,buy,1,1,438467,2023-03-30 02:18:00,2,138,0.00019542076743341803,5.64,True,1.0,20230330
LONG,331,exit,sell,1,1,438468,2023-03-30 02:19:00,2,139,0.00019539671091336222,5.64,True,1.0,20230330
LONG,332,entry,buy,1,1,438469,2023-03-30 02:20:00,2,140,0.00019712700815311253,-14.36,False,1.0,20230330
LONG,332,exit,sell,1,1,438470,2023-03-30 02:21:00,2,141,0.00019751447293316106,-14.36,False,1.0,20230330
LONG,333,entry,buy,1,1,438474,2023-03-30 02:25:00,2,145,0.00019815864692713248,-39.36,False,11.0,20230330
LONG,333,exit,sell,1,1,438485,2023-03-30 02:36:00,2,156,0.00017213573583574427,-39.36,False,11.0,20230330
LONG,334,entry,buy,1,1,438498,2023-03-30 02:49:00,2,169,0.00016414091514146864,-194.36,False,19.0,20230330
LONG,334,exit,sell,1,1,438517,2023-03-30 03:08:00,3,188,0.00014735567655129825,-194.36,False,19.0,20230330
LONG,335,entry,buy,1,1,438529,2023-03-30 03:20:00,3,200,0.00014423107244184152,-99.36,False,41.0,20230330
LONG,335,exit,sell,1,1,438570,2023-03-30 04:01:00,4,241,0.00016124421491320993,-99.36,False,41.0,20230330
LONG,336,entry,buy,1,2,438587,2023-03-30 04:18:00,4,258,0.00015144522582370235,-458.72,False,4.0,20230330
LONG,336,exit,sell,1,2,438591,2023-03-30 04:22:00,4,262,0.00015812705008917368,-458.72,False,4.0,20230330
LONG,337,entry,buy,1,2,438658,2023-03-30 05:29:00,5,329,0.00010190981807178608,731.28,True,132.0,20230330
LONG,337,exit,sell,1,2,438790,2023-03-30 07:41:00,7,461,0.00015034226569038138,731.28,True,132.0,20230330
LONG,338,entry,buy,1,1,443081,2023-04-04 10:13:00,10,613,0.0004770907532171602,-194.36,False,1.0,20230404
LONG,338,exit,sell,1,1,443082,2023-04-04 10:14:00,10,614,0.00048274093303126613,-194.36,False,1.0,20230404
LONG,339,entry,buy,1,1,445630,2023-04-06 11:39:00,11,699,0.0002999939590641565,150.64,True,1.0,20230406
LONG,339,exit,sell,1,1,445631,2023-04-06 11:40:00,11,700,0.0003030293839180901,150.64,True,1.0,20230406
LONG,340,entry,buy,1,1,445633,2023-04-06 11:42:00,11,702,0.00030014301013779994,475.64,True,76.0,20230406
LONG,340,exit,sell,1,1,445709,2023-04-06 12:58:00,12,778,0.00025845328325379137,475.64,True,76.0,20230406
LONG,341,entry,buy,1,2,445749,2023-04-06 13:38:00,13,818,0.0002645014212223796,-288.72,False,102.0,20230406
LONG,341,exit,sell,1,2,445851,2023-04-06 15:20:00,15,920,0.00020011485236792192,-288.72,False,102.0,20230406
LONG,342,entry,buy,1,1,447993,2023-04-10 12:49:00,12,769,0.00029752795780534216,1130.64,True,231.0,20230410
LONG,342,exit,sell,1,1,448224,2023-04-10 16:40:00,16,1000,0.00019125142616855637,1130.64,True,231.0,20230410
LONG,343,entry,buy,1,1,450242,2023-04-12 04:19:00,4,259,0.00015149163827440774,-74.36,False,3.0,20230412
LONG,343,exit,sell,1,1,450245,2023-04-12 04:22:00,4,262,0.00015359077687334758,-74.36,False,3.0,20230412
LONG,344,entry,buy,1,1,450495,2023-04-12 08:32:00,8,512,0.0010450526425491583,435.64,True,7.0,20230412
LONG,344,exit,sell,1,1,450502,2023-04-12 08:39:00,8,519,0.0010741364097450199,435.64,True,7.0,20230412
LONG,345,entry,buy,1,1,450537,2023-04-12 09:14:00,9,554,0.0011269384103408122,-524.36,False,13.0,20230412
LONG,345,exit,sell,1,1,450550,2023-04-12 09:27:00,9,567,0.0011307402456952654,-524.36,False,13.0,20230412
LONG,346,entry,buy,1,1,450556,2023-04-12 09:33:00,9,573,0.0004972294032376975,-1014.36,False,8.0,20230412
LONG,346,exit,sell,1,1,450564,2023-04-12 09:41:00,9,581,0.0005451238702536796,-1014.36,False,8.0,20230412
LONG,347,entry,buy,1,2,451329,2023-04-12 23:26:00,23,1406,7.971115206646169e-05,391.28,True,264.0,20230413
LONG,347,exit,sell,1,2,451593,2023-04-13 03:50:00,3,230,0.0001545896166903294,391.28,True,264.0,20230413
LONG,348,entry,buy,1,2,451605,2023-04-13 04:02:00,4,242,0.0001587000267011039,-538.72,False,9.0,20230413
LONG,348,exit,sell,1,2,451614,2023-04-13 04:11:00,4,251,0.00018516016024853208,-538.72,False,9.0,20230413
LONG,349,entry,buy,1,1,451675,2023-04-13 05:12:00,5,312,0.0001269328442051058,290.64,True,28.0,20230413
LONG,349,exit,sell,1,1,451703,2023-04-13 05:40:00,5,340,0.0001685282928829881,290.64,True,28.0,20230413
LONG,350,entry,buy,1,2,451795,2023-04-13 07:12:00,7,432,0.00012691927520946863,-578.72,False,43.0,20230413
LONG,350,exit,sell,1,2,451838,2023-04-13 07:55:00,7,475,0.00014894207613645462,-578.72,False,43.0,20230413
LONG,351,entry,buy,1,1,451862,2023-04-13 08:19:00,8,499,0.0001764184350973051,620.64,True,66.0,20230413
LONG,351,exit,sell,1,1,451928,2023-04-13 09:25:00,9,565,0.0003840689609116795,620.64,True,66.0,20230413
LONG,352,entry,buy,1,2,451933,2023-04-13 09:30:00,9,570,0.00038976875709955907,6811.28,True,430.0,20230413
LONG,352,exit,sell,1,2,452363,2023-04-13 16:40:00,16,1000,0.0001714859832120986,6811.28,True,430.0,20230413
LONG,353,entry,buy,1,2,452544,2023-04-13 20:41:00,20,1241,0.00011263916496722608,-328.72,False,38.0,20230414
LONG,353,exit,sell,1,2,452582,2023-04-13 21:19:00,21,1279,8.545100153641285e-05,-328.72,False,38.0,20230414
LONG,354,entry,buy,1,1,453315,2023-04-14 09:32:00,9,572,0.000381446095690065,-109.36,False,1.0,20230414
LONG,354,exit,sell,1,1,453316,2023-04-14 09:33:00,9,573,0.00038177254083249777,-109.36,False,1.0,20230414
LONG,355,entry,buy,1,1,453321,2023-04-14 09:38:00,9,578,0.00038160838656751706,-299.36,False,43.0,20230414
LONG,355,exit,sell,1,1,453364,2023-04-14 10:21:00,10,621,0.0005237284812135333,-299.36,False,43.0,20230414
LONG,356,entry,buy,1,1,453365,2023-04-14 10:22:00,10,622,0.0005400998611208454,-34.36,False,1.0,20230414
LONG,356,exit,sell,1,1,453366,2023-04-14 10:23:00,10,623,0.0005403242716237472,-34.36,False,1.0,20230414
LONG,357,entry,buy,1,1,453371,2023-04-14 10:28:00,10,628,0.0005592156047466733,-64.36,False,1.0,20230414
LONG,357,exit,sell,1,1,453372,2023-04-14 10:29:00,10,629,0.0005600638952941885,-64.36,False,1.0,20230414
LONG,358,entry,buy,1,1,453374,2023-04-14 10:31:00,10,631,0.000553509312263656,-279.36,False,4.0,20230414
LONG,358,exit,sell,1,1,453378,2023-04-14 10:35:00,10,635,0.0005670716706963693,-279.36,False,4.0,20230414
LONG,359,entry,buy,1,1,453379,2023-04-14 10:36:00,10,636,0.0005663930866716537,-404.36,False,7.0,20230414
LONG,359,exit,sell,1,1,453386,2023-04-14 10:43:00,10,643,0.0005542969066029924,-404.36,False,7.0,20230414
LONG,360,entry,buy,1,1,457457,2023-04-19 09:36:00,9,576,0.0002540691390089843,-64.36,False,2.0,20230419
LONG,360,exit,sell,1,1,457459,2023-04-19 09:38:00,9,578,0.0002564163654075214,-64.36,False,2.0,20230419
LONG,361,entry,buy,1,1,457461,2023-04-19 09:40:00,9,580,0.0002673316690073405,-54.36,False,1.0,20230419
LONG,361,exit,sell,1,1,457462,2023-04-19 09:41:00,9,581,0.00026822661970170455,-54.36,False,1.0,20230419
LONG,362,entry,buy,1,1,457723,2023-04-19 14:02:00,14,842,0.0002102609536772325,-324.36,False,14.0,20230419
LONG,362,exit,sell,1,1,457737,2023-04-19 14:16:00,14,856,0.00024179864865191627,-324.36,False,14.0,20230419
LONG,363,entry,buy,1,1,458833,2023-04-20 09:32:00,9,572,0.00023079951755788168,620.64,True,97.0,20230420
LONG,363,exit,sell,1,1,458930,2023-04-20 11:09:00,11,669,0.0003039116938479081,620.64,True,97.0,20230420
LONG,364,entry,buy,1,1,458931,2023-04-20 11:10:00,11,670,0.0003038699240714764,-29.36,False,1.0,20230420
LONG,364,exit,sell,1,1,458932,2023-04-20 11:11:00,11,671,0.00029479713340232447,-29.36,False,1.0,20230420
LONG,365,entry,buy,1,1,458935,2023-04-20 11:14:00,11,674,0.00029736465220955177,15.64,True,3.0,20230420
LONG,365,exit,sell,1,1,458938,2023-04-20 11:17:00,11,677,0.0002996543153782461,15.64,True,3.0,20230420
LONG,366,entry,buy,1,1,458939,2023-04-20 11:18:00,11,678,0.0002972174608005012,95.64,True,1.0,20230420
LONG,366,exit,sell,1,1,458940,2023-04-20 11:19:00,11,679,0.000293900417464262,95.64,True,1.0,20230420
LONG,367,entry,buy,1,1,458943,2023-04-20 11:22:00,11,682,0.00029419611077827906,545.64,True,36.0,20230420
LONG,367,exit,sell,1,1,458979,2023-04-20 11:58:00,11,718,0.0002662230006505363,545.64,True,36.0,20230420
LONG,368,entry,buy,1,1,461600,2023-04-24 09:39:00,9,579,0.00031165869356885483,-339.36,False,22.0,20230424
LONG,368,exit,sell,1,1,461622,2023-04-24 10:01:00,10,601,0.0003704031500047534,-339.36,False,22.0,20230424
LONG,369,entry,buy,1,1,465777,2023-04-27 10:16:00,10,616,0.0003731340963729132,2920.64,True,342.0,20230427
LONG,369,exit,sell,1,1,466119,2023-04-27 15:58:00,15,958,0.00022856620051999973,2920.64,True,342.0,20230427
LONG,370,entry,buy,1,1,467167,2023-04-28 10:26:00,10,626,0.00041143970453559305,-904.36,False,12.0,20230428
LONG,370,exit,sell,1,1,467179,2023-04-28 10:38:00,10,638,0.00039179748537262815,-904.36,False,12.0,20230428
LONG,371,entry,buy,1,2,467504,2023-04-28 16:03:00,16,963,0.0002563981514313122,21.28,True,37.0,20230428
LONG,371,exit,sell,1,2,467541,2023-04-28 16:40:00,16,1000,0.00020059615884820248,21.28,True,37.0,20230428
LONG,372,entry,buy,1,1,469161,2023-05-01 21:40:00,21,1300,9.370888723090047e-05,-129.36,False,7.0,20230502
LONG,372,exit,sell,1,1,469168,2023-05-01 21:47:00,21,1307,0.0001016075794933712,-129.36,False,7.0,20230502
LONG,373,entry,buy,1,1,469169,2023-05-01 21:48:00,21,1308,0.00010426382435394389,-79.36,False,1.0,20230502
LONG,373,exit,sell,1,1,469170,2023-05-01 21:49:00,21,1309,0.00010916486166273418,-79.36,False,1.0,20230502
LONG,374,entry,buy,1,1,469393,2023-05-02 01:32:00,1,92,7.976884354213626e-05,-64.36,False,39.0,20230502
LONG,374,exit,sell,1,1,469432,2023-05-02 02:11:00,2,131,7.362687328918287e-05,-64.36,False,39.0,20230502
LONG,375,entry,buy,1,1,469463,2023-05-02 02:42:00,2,162,8.544017601760644e-05,15.64,True,37.0,20230502
LONG,375,exit,sell,1,1,469500,2023-05-02 03:19:00,3,199,0.00011515447648560819,15.64,True,37.0,20230502
LONG,376,entry,buy,1,1,469583,2023-05-02 04:42:00,4,282,0.0001356811124994545,-49.36,False,1.0,20230502
LONG,376,exit,sell,1,1,469584,2023-05-02 04:43:00,4,283,0.00013621869089051344,-49.36,False,1.0,20230502
LONG,377,entry,buy,1,2,469642,2023-05-02 05:41:00,5,341,0.00012633115232459405,-558.72,False,22.0,20230502
LONG,377,exit,sell,1,2,469664,2023-05-02 06:03:00,6,363,0.00012230989781866053,-558.72,False,22.0,20230502
LONG,378,entry,buy,1,1,470120,2023-05-02 13:39:00,13,819,0.00023113758310606,-264.36,False,35.0,20230502
LONG,378,exit,sell,1,1,470155,2023-05-02 14:14:00,14,854,0.00025594466960969785,-264.36,False,35.0,20230502
LONG,379,entry,buy,1,1,470214,2023-05-02 15:13:00,15,913,0.00026864232118655227,-864.36,False,33.0,20230502
LONG,379,exit,sell,1,1,470247,2023-05-02 15:46:00,15,946,0.0002785108497604509,-864.36,False,33.0,20230502
LONG,380,entry,buy,1,2,471129,2023-05-03 07:29:00,7,449,0.00012361626317152266,-8.72,False,2.0,20230503
LONG,380,exit,sell,1,2,471131,2023-05-03 07:31:00,7,451,0.00012350235325008839,-8.72,False,2.0,20230503
LONG,381,entry,buy,1,1,471562,2023-05-03 14:42:00,14,882,0.0007647751250439727,-884.36,False,2.0,20230503
LONG,381,exit,sell,1,1,471564,2023-05-03 14:44:00,14,884,0.0008161190068041936,-884.36,False,2.0,20230503
LONG,382,entry,buy,1,1,471607,2023-05-03 15:27:00,15,927,0.0011099555657397714,-129.36,False,1.0,20230503
LONG,382,exit,sell,1,1,471608,2023-05-03 15:28:00,15,928,0.0011105189902743807,-129.36,False,1.0,20230503
LONG,383,entry,buy,1,2,471828,2023-05-03 20:08:00,20,1208,0.0001202595869287791,141.28,True,6.0,20230504
LONG,383,exit,sell,1,2,471834,2023-05-03 20:14:00,20,1214,0.00011872021242402533,141.28,True,6.0,20230504
LONG,384,entry,buy,1,1,471835,2023-05-03 20:15:00,20,1215,0.00011872466116569328,-39.36,False,19.0,20230504
LONG,384,exit,sell,1,1,471854,2023-05-03 20:34:00,20,1234,9.879447892976491e-05,-39.36,False,19.0,20230504
LONG,385,entry,buy,1,1,471858,2023-05-03 20:38:00,20,1238,0.00010470223848914618,-24.36,False,1.0,20230504
LONG,385,exit,sell,1,1,471859,2023-05-03 20:39:00,20,1239,0.00010422584819630844,-24.36,False,1.0,20230504
LONG,386,entry,buy,1,1,471904,2023-05-03 21:24:00,21,1284,0.00010766388626497992,0.6399999999999997,True,1.0,20230504
LONG,386,exit,sell,1,1,471905,2023-05-03 21:25:00,21,1285,0.00010530478243680317,0.6399999999999997,True,1.0,20230504
LONG,387,entry,buy,1,1,471909,2023-05-03 21:29:00,21,1289,0.00010183496491811853,-524.36,False,583.0,20230504
LONG,387,exit,sell,1,1,472492,2023-05-04 07:12:00,7,432,0.00016264913605738807,-524.36,False,583.0,20230504
LONG,388,entry,buy,1,1,472519,2023-05-04 07:39:00,7,459,0.00015038507428860845,-494.36,False,23.0,20230504
LONG,388,exit,sell,1,1,472542,2023-05-04 08:02:00,8,482,0.00019682208922303172,-494.36,False,23.0,20230504
LONG,389,entry,buy,1,1,472571,2023-05-04 08:31:00,8,511,0.0002353377912384979,-344.36,False,60.0,20230504
LONG,389,exit,sell,1,1,472631,2023-05-04 09:31:00,9,571,0.000250312495261554,-344.36,False,60.0,20230504
LONG,390,entry,buy,1,1,472728,2023-05-04 11:08:00,11,668,0.00051435560046645,-264.36,False,39.0,20230504
LONG,390,exit,sell,1,1,472767,2023-05-04 11:47:00,11,707,0.0003723908371179284,-264.36,False,39.0,20230504
LONG,391,entry,buy,1,1,473100,2023-05-04 18:20:00,18,1100,0.00029726615858501493,330.64,True,853.0,20230505
LONG,391,exit,sell,1,1,473953,2023-05-05 08:33:00,8,513,0.0003219207073407415,330.64,True,853.0,20230505
LONG,392,entry,buy,1,1,473954,2023-05-05 08:34:00,8,514,0.00032535930184567194,4275.64,True,486.0,20230505
LONG,392,exit,sell,1,1,474440,2023-05-05 16:40:00,16,1000,0.00012451265750448485,4275.64,True,486.0,20230505
LONG,393,entry,buy,1,1,477325,2023-05-09 19:47:00,19,1187,5.724510252038002e-05,-14.36,False,12.0,20230510
LONG,393,exit,sell,1,1,477337,2023-05-09 19:59:00,19,1199,5.8676941393070565e-05,-14.36,False,12.0,20230510
LONG,394,entry,buy,1,1,477357,2023-05-09 20:19:00,20,1219,5.9743463601659815e-05,-49.36,False,65.0,20230510
LONG,394,exit,sell,1,1,477422,2023-05-09 21:24:00,21,1284,6.890108903525796e-05,-49.36,False,65.0,20230510
LONG,395,entry,buy,1,1,477850,2023-05-10 04:32:00,4,272,0.00020499098031289643,-39.36,False,1.0,20230510
LONG,395,exit,sell,1,1,477851,2023-05-10 04:33:00,4,273,0.00020446070774773442,-39.36,False,1.0,20230510
LONG,396,entry,buy,1,1,477874,2023-05-10 04:56:00,4,296,0.00018782806600431778,-4.36,False,1.0,20230510
LONG,396,exit,sell,1,1,477875,2023-05-10 04:57:00,4,297,0.00018562590234203987,-4.36,False,1.0,20230510
LONG,397,entry,buy,1,1,477912,2023-05-10 05:34:00,5,334,0.00011656927768064054,-79.36,False,3.0,20230510
LONG,397,exit,sell,1,1,477915,2023-05-10 05:37:00,5,337,0.00011615225069178018,-79.36,False,3.0,20230510
LONG,398,entry,buy,1,1,477999,2023-05-10 07:01:00,7,421,8.955432485174479e-05,-19.36,False,1.0,20230510
LONG,398,exit,sell,1,1,478000,2023-05-10 07:02:00,7,422,8.931551100608275e-05,-19.36,False,1.0,20230510
LONG,399,entry,buy,1,1,478005,2023-05-10 07:07:00,7,427,9.002112685434365e-05,80.64,True,8.0,20230510
LONG,399,exit,sell,1,1,478013,2023-05-10 07:15:00,7,435,9.196423180386178e-05,80.64,True,8.0,20230510
LONG,400,entry,buy,1,1,478014,2023-05-10 07:16:00,7,436,9.444023330994506e-05,2350.64,True,128.0,20230510
LONG,400,exit,sell,1,1,478142,2023-05-10 09:24:00,9,564,0.0006356120388751149,2350.64,True,128.0,20230510
LONG,401,entry,buy,1,1,480114,2023-05-11 20:16:00,20,1216,0.00011090378730886188,-154.36,False,360.0,20230512
LONG,401,exit,sell,1,1,480474,2023-05-12 02:16:00,2,136,8.942650288770576e-05,-154.36,False,360.0,20230512
LONG,402,entry,buy,1,1,480520,2023-05-12 03:02:00,3,182,9.003281684989066e-05,-264.36,False,8.0,20230512
LONG,402,exit,sell,1,1,480528,2023-05-12 03:10:00,3,190,0.00011255347512804287,-264.36,False,8.0,20230512
LONG,403,entry,buy,1,1,483685,2023-05-16 09:47:00,9,587,0.0002765635224415114,-744.36,False,4.0,20230516
LONG,403,exit,sell,1,1,483689,2023-05-16 09:51:00,9,591,0.00034712232800240605,-744.36,False,4.0,20230516
LONG,404,entry,buy,1,2,483860,2023-05-16 12:42:00,12,762,0.00022682783144127602,-98.72,False,5.0,20230516
LONG,404,exit,sell,1,2,483865,2023-05-16 12:47:00,12,767,0.00021908434146656805,-98.72,False,5.0,20230516
LONG,405,entry,buy,1,1,484417,2023-05-16 22:59:00,22,1379,5.3974308059290834e-05,-54.36,False,6.0,20230517
LONG,405,exit,sell,1,1,484423,2023-05-16 23:05:00,23,1385,5.635969080168975e-05,-54.36,False,6.0,20230517
LONG,406,entry,buy,1,1,484465,2023-05-16 23:47:00,23,1427,4.970788603857132e-05,5.64,True,1.0,20230517
LONG,406,exit,sell,1,1,484466,2023-05-16 23:48:00,23,1428,4.943880811781857e-05,5.64,True,1.0,20230517
LONG,407,entry,buy,1,2,485254,2023-05-17 12:56:00,12,776,0.00019249752777022333,781.28,True,124.0,20230517
LONG,407,exit,sell,1,2,485378,2023-05-17 15:00:00,15,900,0.00022468496223003454,781.28,True,124.0,20230517
LONG,408,entry,buy,1,2,485386,2023-05-17 15:08:00,15,908,0.0002507230554345908,-188.72,False,92.0,20230517
LONG,408,exit,sell,1,2,485478,2023-05-17 16:40:00,16,1000,0.0001730315119417649,-188.72,False,92.0,20230517
LONG,409,entry,buy,1,1,486441,2023-05-18 09:43:00,9,583,0.00023753002471707502,145.64,True,5.0,20230518
LONG,409,exit,sell,1,1,486446,2023-05-18 09:48:00,9,588,0.000256591372560338,145.64,True,5.0,20230518
LONG,410,entry,buy,1,1,486457,2023-05-18 09:59:00,9,599,0.0002620281581858298,-144.36,False,4.0,20230518
LONG,410,exit,sell,1,1,486461,2023-05-18 10:03:00,10,603,0.00027574594754888347,-144.36,False,4.0,20230518
LONG,411,entry,buy,1,1,486466,2023-05-18 10:08:00,10,608,0.0002866774628287853,590.64,True,38.0,20230518
LONG,411,exit,sell,1,1,486504,2023-05-18 10:46:00,10,646,0.0003222365472408527,590.64,True,38.0,20230518
LONG,412,entry,buy,1,2,486508,2023-05-18 10:50:00,10,650,0.0003239695793953,1231.28,True,69.0,20230518
LONG,412,exit,sell,1,2,486577,2023-05-18 11:59:00,11,719,0.0003463756625144042,1231.28,True,69.0,20230518
LONG,413,entry,buy,1,1,488580,2023-05-21 23:22:00,23,1402,7.113477296699174e-05,-249.36,False,366.0,20230522
LONG,413,exit,sell,1,1,488946,2023-05-22 05:28:00,5,328,8.130339706073803e-05,-249.36,False,366.0,20230522
LONG,414,entry,buy,1,1,489086,2023-05-22 07:48:00,7,468,0.00013871563306699743,280.64,True,45.0,20230522
LONG,414,exit,sell,1,1,489131,2023-05-22 08:33:00,8,513,0.00011635354684503897,280.64,True,45.0,20230522
LONG,415,entry,buy,1,1,489134,2023-05-22 08:36:00,8,516,0.00010855929208106294,-104.36,False,9.0,20230522
LONG,415,exit,sell,1,1,489143,2023-05-22 08:45:00,8,525,0.00011550752478616773,-104.36,False,9.0,20230522
LONG,416,entry,buy,1,1,489192,2023-05-22 09:34:00,9,574,0.0002174777784456802,855.64,True,29.0,20230522
LONG,416,exit,sell,1,1,489221,2023-05-22 10:03:00,10,603,0.0003877166113396896,855.64,True,29.0,20230522
LONG,417,entry,buy,1,1,489229,2023-05-22 10:11:00,10,611,0.0005030733303164578,-304.36,False,35.0,20230522
LONG,417,exit,sell,1,1,489264,2023-05-22 10:46:00,10,646,0.0004791085443749207,-304.36,False,35.0,20230522
LONG,418,entry,buy,1,1,489278,2023-05-22 11:00:00,11,660,0.00045395946852113273,-394.36,False,45.0,20230522
LONG,418,exit,sell,1,1,489323,2023-05-22 11:45:00,11,705,0.0002624733886216928,-394.36,False,45.0,20230522
LONG,419,entry,buy,1,1,489430,2023-05-22 13:32:00,13,812,0.00026646023409129376,20.64,True,84.0,20230522
LONG,419,exit,sell,1,1,489514,2023-05-22 14:56:00,14,896,0.00022702615061794747,20.64,True,84.0,20230522
LONG,420,entry,buy,1,1,489719,2023-05-22 19:21:00,19,1161,0.00010013274306954281,115.64,True,237.0,20230523
LONG,420,exit,sell,1,1,489956,2023-05-22 23:18:00,23,1398,7.236749441706173e-05,115.64,True,237.0,20230523
LONG,421,entry,buy,1,1,490571,2023-05-23 09:33:00,9,573,0.00024697850180898745,-489.36,False,78.0,20230523
LONG,421,exit,sell,1,1,490649,2023-05-23 10:51:00,10,651,0.00033811684105841694,-489.36,False,78.0,20230523
LONG,422,entry,buy,1,1,490665,2023-05-23 11:07:00,11,667,0.0003020329809424949,-574.36,False,82.0,20230523
LONG,422,exit,sell,1,1,490747,2023-05-23 12:29:00,12,749,0.00021095147948050832,-574.36,False,82.0,20230523
LONG,423,entry,buy,1,1,490786,2023-05-23 13:08:00,13,788,0.0003158773288392624,-724.36,False,25.0,20230523
LONG,423,exit,sell,1,1,490811,2023-05-23 13:33:00,13,813,0.00033372637086077314,-724.36,False,25.0,20230523
LONG,424,entry,buy,1,1,491954,2023-05-24 09:36:00,9,576,0.00023281196837247287,-509.36,False,11.0,20230524
LONG,424,exit,sell,1,1,491965,2023-05-24 09:47:00,9,587,0.0002738014288993502,-509.36,False,11.0,20230524
LONG,425,entry,buy,1,2,492361,2023-05-24 16:23:00,16,983,0.0007042071553726401,1421.28,True,17.0,20230524
LONG,425,exit,sell,1,2,492378,2023-05-24 16:40:00,16,1000,0.0007090840569032563,1421.28,True,17.0,20230524
LONG,426,entry,buy,1,1,494282,2023-05-26 02:24:00,2,144,0.00010727728654983805,-54.36,False,13.0,20230526
LONG,426,exit,sell,1,1,494295,2023-05-26 02:37:00,2,157,0.000109769049726826,-54.36,False,13.0,20230526
LONG,427,entry,buy,1,1,494296,2023-05-26 02:38:00,2,158,0.00010957320793098957,20.64,True,2.0,20230526
LONG,427,exit,sell,1,1,494298,2023-05-26 02:40:00,2,160,0.00010907468477397203,20.64,True,2.0,20230526
LONG,428,entry,buy,1,1,494300,2023-05-26 02:42:00,2,162,0.00010876747546324782,40.64,True,6.0,20230526
LONG,428,exit,sell,1,1,494306,2023-05-26 02:48:00,2,168,0.00010857464382676455,40.64,True,6.0,20230526
LONG,429,entry,buy,1,1,494313,2023-05-26 02:55:00,2,175,0.00011101246747439975,-49.36,False,1.0,20230526
LONG,429,exit,sell,1,1,494314,2023-05-26 02:56:00,2,176,0.00011385856316323136,-49.36,False,1.0,20230526
LONG,430,entry,buy,1,1,494539,2023-05-26 06:41:00,6,401,0.0001581244163434306,285.64,True,85.0,20230526
LONG,430,exit,sell,1,1,494624,2023-05-26 08:06:00,8,486,0.00014385282147969165,285.64,True,85.0,20230526
LONG,431,entry,buy,1,1,494679,2023-05-26 09:01:00,9,541,0.0002977620171187619,-14.36,False,10.0,20230526
LONG,431,exit,sell,1,1,494689,2023-05-26 09:11:00,9,551,0.0003011034409895562,-14.36,False,10.0,20230526
LONG,432,entry,buy,1,1,494691,2023-05-26 09:13:00,9,553,0.0003068309967275827,4145.64,True,114.0,20230526
LONG,432,exit,sell,1,1,494805,2023-05-26 11:07:00,11,667,0.00036448110140613576,4145.64,True,114.0,20230526
LONG,433,entry,buy,1,1,498381,2023-05-31 05:43:00,5,343,0.00010318984047760295,-254.36,False,17.0,20230531
LONG,433,exit,sell,1,1,498398,2023-05-31 06:00:00,6,360,0.00010551205807712978,-254.36,False,17.0,20230531
LONG,434,entry,buy,1,1,498399,2023-05-31 06:01:00,6,361,0.0001093074888651391,30.64,True,6.0,20230531
LONG,434,exit,sell,1,1,498405,2023-05-31 06:07:00,6,367,0.00011035324652431547,30.64,True,6.0,20230531
LONG,435,entry,buy,1,1,498406,2023-05-31 06:08:00,6,368,0.00011054743953941471,-89.36,False,3.0,20230531
LONG,435,exit,sell,1,1,498409,2023-05-31 06:11:00,6,371,0.00010560216299795737,-89.36,False,3.0,20230531
LONG,436,entry,buy,1,1,498410,2023-05-31 06:12:00,6,372,0.00010515161784586819,-84.36,False,1.0,20230531
LONG,436,exit,sell,1,1,498411,2023-05-31 06:13:00,6,373,0.00010722465396267546,-84.36,False,1.0,20230531
LONG,437,entry,buy,1,1,498610,2023-05-31 09:32:00,9,572,0.00021190725465108034,190.64,True,35.0,20230531
LONG,437,exit,sell,1,1,498645,2023-05-31 10:07:00,10,607,0.0004498727836206224,190.64,True,35.0,20230531
LONG,438,entry,buy,1,2,499266,2023-05-31 21:28:00,21,1288,0.0002560097281294441,-1058.72,False,3.0,20230601
LONG,438,exit,sell,1,2,499269,2023-05-31 21:31:00,21,1291,0.00028046318020841373,-1058.72,False,3.0,20230601
LONG,439,entry,buy,1,1,499626,2023-06-01 03:28:00,3,208,0.00014638325735389664,-464.36,False,34.0,20230601
LONG,439,exit,sell,1,1,499660,2023-06-01 04:02:00,4,242,0.00016027257098347086,-464.36,False,34.0,20230601
LONG,440,entry,buy,1,2,501114,2023-06-02 05:16:00,5,316,0.00014098655617018785,-368.72,False,36.0,20230602
LONG,440,exit,sell,1,2,501150,2023-06-02 05:52:00,5,352,0.00016010711036391778,-368.72,False,36.0,20230602
LONG,441,entry,buy,1,2,501244,2023-06-02 07:26:00,7,446,0.00013397658977673323,-908.72,False,51.0,20230602
LONG,441,exit,sell,1,2,501295,2023-06-02 08:17:00,8,497,0.00014602301523141949,-908.72,False,51.0,20230602
LONG,442,entry,buy,1,2,501370,2023-06-02 09:32:00,9,572,0.0003807337685811276,21.28,True,14.0,20230602
LONG,442,exit,sell,1,2,501384,2023-06-02 09:46:00,9,586,0.0004101832408339574,21.28,True,14.0,20230602
LONG,443,entry,buy,1,1,502390,2023-06-05 03:37:00,3,217,0.00012242278989465006,25.64,True,1.0,20230605
LONG,443,exit,sell,1,1,502391,2023-06-05 03:38:00,3,218,0.0001224450879916661,25.64,True,1.0,20230605
LONG,444,entry,buy,1,1,502393,2023-06-05 03:40:00,3,220,0.00012309733799232813,-39.36,False,2.0,20230605
LONG,444,exit,sell,1,1,502395,2023-06-05 03:42:00,3,222,0.00012392582996423782,-39.36,False,2.0,20230605
LONG,445,entry,buy,1,1,502583,2023-06-05 06:50:00,6,410,0.00010301056622670232,-44.36,False,1.0,20230605
LONG,445,exit,sell,1,1,502584,2023-06-05 06:51:00,6,411,0.00010520085420793766,-44.36,False,1.0,20230605
LONG,446,entry,buy,1,1,502590,2023-06-05 06:57:00,6,417,9.787038502846058e-05,40.64,True,1.0,20230605
LONG,446,exit,sell,1,1,502591,2023-06-05 06:58:00,6,418,9.829027894594064e-05,40.64,True,1.0,20230605
LONG,447,entry,buy,1,1,502592,2023-06-05 06:59:00,6,419,9.828744277620763e-05,15.64,True,1.0,20230605
LONG,447,exit,sell,1,1,502593,2023-06-05 07:00:00,7,420,9.821973726534318e-05,15.64,True,1.0,20230605
LONG,448,entry,buy,1,1,502594,2023-06-05 07:01:00,7,421,9.706431884129715e-05,50.64,True,1.0,20230605
LONG,448,exit,sell,1,1,502595,2023-06-05 07:02:00,7,422,9.299795365730584e-05,50.64,True,1.0,20230605
LONG,449,entry,buy,1,1,502596,2023-06-05 07:03:00,7,423,9.187925270735208e-05,20.64,True,4.0,20230605
LONG,449,exit,sell,1,1,502600,2023-06-05 07:07:00,7,427,9.339575333397473e-05,20.64,True,4.0,20230605
LONG,450,entry,buy,1,1,502746,2023-06-05 09:33:00,9,573,0.00017739297274856766,275.64,True,18.0,20230605
LONG,450,exit,sell,1,1,502764,2023-06-05 09:51:00,9,591,0.0003428205621227663,275.64,True,18.0,20230605
LONG,451,entry,buy,1,1,502775,2023-06-05 10:02:00,10,602,0.0004113771954756006,-564.36,False,14.0,20230605
LONG,451,exit,sell,1,1,502789,2023-06-05 10:16:00,10,616,0.0004619520788750934,-564.36,False,14.0,20230605
LONG,452,entry,buy,1,1,502791,2023-06-05 10:18:00,10,618,0.0004784979202794489,670.64,True,191.0,20230605
LONG,452,exit,sell,1,1,502982,2023-06-05 13:29:00,13,809,0.00022430168887408022,670.64,True,191.0,20230605
LONG,453,entry,buy,1,1,503068,2023-06-05 14:55:00,14,895,0.0004504337034378668,-904.36,False,14.0,20230605
LONG,453,exit,sell,1,1,503082,2023-06-05 15:09:00,15,909,0.0005248208494925481,-904.36,False,14.0,20230605
LONG,454,entry,buy,1,1,503094,2023-06-05 15:21:00,15,921,0.0005344842517032377,-4.36,False,79.0,20230605
LONG,454,exit,sell,1,1,503173,2023-06-05 16:40:00,16,1000,0.00019487747097939878,-4.36,False,79.0,20230605
LONG,455,entry,buy,1,1,505503,2023-06-07 09:32:00,9,572,0.00028542735800747256,225.64,True,8.0,20230607
LONG,455,exit,sell,1,1,505511,2023-06-07 09:40:00,9,580,0.00036233431196501704,225.64,True,8.0,20230607
LONG,456,entry,buy,1,1,506562,2023-06-08 04:11:00,4,251,0.00014139211778416152,285.64,True,203.0,20230608
LONG,456,exit,sell,1,1,506765,2023-06-08 07:34:00,7,454,0.00012375300017103798,285.64,True,203.0,20230608
LONG,457,entry,buy,1,1,506823,2023-06-08 08:32:00,8,512,0.00034380244334170134,-419.36,False,56.0,20230608
LONG,457,exit,sell,1,1,506879,2023-06-08 09:28:00,9,568,0.0003956473216543985,-419.36,False,56.0,20230608
LONG,458,entry,buy,1,1,506883,2023-06-08 09:32:00,9,572,0.0003108568880876511,3020.64,True,428.0,20230608
LONG,458,exit,sell,1,1,507311,2023-06-08 16:40:00,16,1000,0.00016677611484017485,3020.64,True,428.0,20230608
LONG,459,entry,buy,1,1,508734,2023-06-11 18:23:00,18,1103,0.00015081546281705595,185.64,True,909.0,20230612
LONG,459,exit,sell,1,1,509638,2023-06-12 09:32:00,9,572,0.00018539817730394648,185.64,True,909.0,20230612
LONG,460,entry,buy,1,1,509828,2023-06-12 12:42:00,12,762,0.00020301992764966707,-54.36,False,1.0,20230612
LONG,460,exit,sell,1,1,509829,2023-06-12 12:43:00,12,763,0.0002040702477114344,-54.36,False,1.0,20230612
LONG,461,entry,buy,1,2,509892,2023-06-12 13:46:00,13,826,0.00015850433852281702,5091.28,True,174.0,20230612
LONG,461,exit,sell,1,2,510066,2023-06-12 16:40:00,16,1000,0.00021297504374919043,5091.28,True,174.0,20230612
LONG,462,entry,buy,1,1,514852,2023-06-16 04:27:00,4,267,0.00013382280821076103,-24.36,False,64.0,20230616
LONG,462,exit,sell,1,1,514916,2023-06-16 05:31:00,5,331,0.00015447792940362107,-24.36,False,64.0,20230616
LONG,463,entry,buy,1,1,514928,2023-06-16 05:43:00,5,343,0.00013871498780760084,-309.36,False,30.0,20230616
LONG,463,exit,sell,1,1,514958,2023-06-16 06:13:00,6,373,0.00012270750022150476,-309.36,False,30.0,20230616
LONG,464,entry,buy,1,1,515008,2023-06-16 07:03:00,7,423,0.00014409860183004893,170.64,True,128.0,20230616
LONG,464,exit,sell,1,1,515136,2023-06-16 09:11:00,9,551,0.0001796086448877113,170.64,True,128.0,20230616
LONG,465,entry,buy,1,1,515143,2023-06-16 09:18:00,9,558,0.0001936781681992784,-129.36,False,14.0,20230616
LONG,465,exit,sell,1,1,515157,2023-06-16 09:32:00,9,572,0.0003698958971647056,-129.36,False,14.0,20230616
LONG,466,entry,buy,1,1,515215,2023-06-16 10:30:00,10,630,0.0005860368956327316,-694.36,False,12.0,20230616
LONG,466,exit,sell,1,1,515227,2023-06-16 10:42:00,10,642,0.0005136866229005786,-694.36,False,12.0,20230616
LONG,467,entry,buy,1,1,515258,2023-06-16 11:13:00,11,673,0.0004350775750993902,-969.36,False,10.0,20230616
LONG,467,exit,sell,1,1,515268,2023-06-16 11:23:00,11,683,0.0004305688991929663,-969.36,False,10.0,20230616
LONG,468,entry,buy,1,1,517676,2023-06-20 09:32:00,9,572,0.00024732646659278234,495.64,True,22.0,20230620
LONG,468,exit,sell,1,1,517698,2023-06-20 09:54:00,9,594,0.00037821955977211967,495.64,True,22.0,20230620
LONG,469,entry,buy,1,1,520436,2023-06-22 09:33:00,9,573,0.00025467980597058585,-64.36,False,6.0,20230622
LONG,469,exit,sell,1,1,520442,2023-06-22 09:39:00,9,579,0.00028046932755678295,-64.36,False,6.0,20230622
LONG,470,entry,buy,1,1,520445,2023-06-22 09:42:00,9,582,0.00030411707438467286,230.64,True,1.0,20230622
LONG,470,exit,sell,1,1,520446,2023-06-22 09:43:00,9,583,0.0003126570119530127,230.64,True,1.0,20230622
LONG,471,entry,buy,1,1,520447,2023-06-22 09:44:00,9,584,0.0003111488892218507,3860.64,True,416.0,20230622
LONG,471,exit,sell,1,1,520863,2023-06-22 16:40:00,16,1000,0.0002259950887420271,3860.64,True,416.0,20230622
LONG,472,entry,buy,1,1,522032,2023-06-23 13:09:00,13,789,0.0002991073161574748,-404.36,False,60.0,20230623
LONG,472,exit,sell,1,1,522092,2023-06-23 14:09:00,14,849,0.00023610187824216823,-404.36,False,60.0,20230623
LONG,473,entry,buy,1,1,522321,2023-06-25 18:58:00,18,1138,0.00013714950649230565,-474.36,False,452.0,20230626
LONG,473,exit,sell,1,1,522773,2023-06-26 02:30:00,2,150,0.00010711977529049085,-474.36,False,452.0,20230626
LONG,474,entry,buy,1,1,523094,2023-06-26 07:51:00,7,471,0.00013992724901999706,70.64,True,1.0,20230626
LONG,474,exit,sell,1,1,523095,2023-06-26 07:52:00,7,472,0.00014117461503187413,70.64,True,1.0,20230626
LONG,475,entry,buy,1,1,523096,2023-06-26 07:53:00,7,473,0.00014067296661019412,-49.36,False,6.0,20230626
LONG,475,exit,sell,1,1,523102,2023-06-26 07:59:00,7,479,0.0001418211200465875,-49.36,False,6.0,20230626
LONG,476,entry,buy,1,1,523138,2023-06-26 08:35:00,8,515,0.00017790293958175462,-319.36,False,12.0,20230626
LONG,476,exit,sell,1,1,523150,2023-06-26 08:47:00,8,527,0.00018901065349013492,-319.36,False,12.0,20230626
LONG,477,entry,buy,1,1,523155,2023-06-26 08:52:00,8,532,0.00018244495561306007,-59.36,False,1.0,20230626
LONG,477,exit,sell,1,1,523156,2023-06-26 08:53:00,8,533,0.00018346424071748028,-59.36,False,1.0,20230626
LONG,478,entry,buy,1,1,523160,2023-06-26 08:57:00,8,537,0.000179437599852677,55.64,True,2.0,20230626
LONG,478,exit,sell,1,1,523162,2023-06-26 08:59:00,8,539,0.00018801742871937696,55.64,True,2.0,20230626
LONG,479,entry,buy,1,1,523163,2023-06-26 09:00:00,9,540,0.00018897320969184862,50.64,True,1.0,20230626
LONG,479,exit,sell,1,1,523164,2023-06-26 09:01:00,9,541,0.00018974717989363142,50.64,True,1.0,20230626
LONG,480,entry,buy,1,1,523165,2023-06-26 09:02:00,9,542,0.00018415513574895627,-119.36,False,6.0,20230626
LONG,480,exit,sell,1,1,523171,2023-06-26 09:08:00,9,548,0.00018731589414579743,-119.36,False,6.0,20230626
LONG,481,entry,buy,1,1,523200,2023-06-26 09:37:00,9,577,0.0003027865181961716,560.64,True,55.0,20230626
LONG,481,exit,sell,1,1,523255,2023-06-26 10:32:00,10,632,0.0004891542034916195,560.64,True,55.0,20230626
LONG,482,entry,buy,1,2,523271,2023-06-26 10:48:00,10,648,0.0004593287978745104,-1448.72,False,17.0,20230626
LONG,482,exit,sell,1,2,523288,2023-06-26 11:05:00,11,665,0.00043673811304307684,-1448.72,False,17.0,20230626
LONG,483,entry,buy,1,2,524141,2023-06-27 02:18:00,2,138,9.358450161930046e-05,-278.72,False,39.0,20230627
LONG,483,exit,sell,1,2,524180,2023-06-27 02:57:00,2,177,0.00010455013503055979,-278.72,False,39.0,20230627
LONG,484,entry,buy,1,2,524196,2023-06-27 03:13:00,3,193,0.00015168385561975534,-768.72,False,22.0,20230627
LONG,484,exit,sell,1,2,524218,2023-06-27 03:35:00,3,215,0.00016246043856470266,-768.72,False,22.0,20230627
LONG,485,entry,buy,1,2,524249,2023-06-27 04:06:00,4,246,0.00018047328065799414,-438.72,False,25.0,20230627
LONG,485,exit,sell,1,2,524274,2023-06-27 04:31:00,4,271,0.00016983621049755226,-438.72,False,25.0,20230627
LONG,486,entry,buy,1,1,526005,2023-06-28 10:22:00,10,622,0.0005326129253990757,875.64,True,378.0,20230628
LONG,486,exit,sell,1,1,526383,2023-06-28 16:40:00,16,1000,0.00033107547349039333,875.64,True,378.0,20230628
LONG,487,entry,buy,1,1,529165,2023-07-02 18:04:00,18,1084,8.63459083878278e-05,-134.36,False,302.0,20230703
LONG,487,exit,sell,1,1,529467,2023-07-02 23:06:00,23,1386,5.039407176126805e-05,-134.36,False,302.0,20230703
LONG,488,entry,buy,1,1,529766,2023-07-03 04:05:00,4,245,0.00013349192802577587,-274.36,False,178.0,20230703
LONG,488,exit,sell,1,1,529944,2023-07-03 07:03:00,7,423,0.00016949460008733016,-274.36,False,178.0,20230703
LONG,489,entry,buy,1,1,529946,2023-07-03 07:05:00,7,425,0.00016403608083120038,-124.36,False,4.0,20230703
LONG,489,exit,sell,1,1,529950,2023-07-03 07:09:00,7,429,0.0001293387676578964,-124.36,False,4.0,20230703
LONG,490,entry,buy,1,1,532042,2023-07-05 03:49:00,3,229,0.00014031827385316707,-219.36,False,9.0,20230705
LONG,490,exit,sell,1,1,532051,2023-07-05 03:58:00,3,238,0.00013020837952511783,-219.36,False,9.0,20230705
LONG,491,entry,buy,1,1,532058,2023-07-05 04:05:00,4,245,0.000134336757356119,-209.36,False,35.0,20230705
LONG,491,exit,sell,1,1,532093,2023-07-05 04:40:00,4,280,0.00013060817186632986,-209.36,False,35.0,20230705
LONG,492,entry,buy,1,1,532227,2023-07-05 06:54:00,6,414,8.83945431403552e-05,-279.36,False,17.0,20230705
LONG,492,exit,sell,1,1,532244,2023-07-05 07:11:00,7,431,9.350476267959593e-05,-279.36,False,17.0,20230705
LONG,493,entry,buy,1,1,532368,2023-07-05 09:15:00,9,555,0.00011057307108465207,2180.64,True,92.0,20230705
LONG,493,exit,sell,1,1,532460,2023-07-05 10:47:00,10,647,0.0003011855478218393,2180.64,True,92.0,20230705
LONG,494,entry,buy,1,1,535165,2023-07-07 09:53:00,9,593,0.00045693659404251127,-544.36,False,23.0,20230707
LONG,494,exit,sell,1,1,535188,2023-07-07 10:16:00,10,616,0.0004320387149718444,-544.36,False,23.0,20230707
LONG,495,entry,buy,1,1,535227,2023-07-07 10:55:00,10,655,0.0004158600619218743,1615.64,True,188.0,20230707
LONG,495,exit,sell,1,1,535415,2023-07-07 14:03:00,14,843,0.00017497505723362838,1615.64,True,188.0,20230707
LONG,496,entry,buy,1,1,536217,2023-07-10 04:25:00,4,265,0.00017899857079698618,-349.36,False,29.0,20230710
LONG,496,exit,sell,1,1,536246,2023-07-10 04:54:00,4,294,0.00016321538518725872,-349.36,False,29.0,20230710
LONG,497,entry,buy,1,1,536373,2023-07-10 07:01:00,7,421,8.874244698762332e-05,420.64,True,102.0,20230710
LONG,497,exit,sell,1,1,536475,2023-07-10 08:43:00,8,523,0.00016469679666478108,420.64,True,102.0,20230710
LONG,498,entry,buy,1,1,536493,2023-07-10 09:01:00,9,541,0.00018974673838238152,-1119.36,False,50.0,20230710
LONG,498,exit,sell,1,1,536543,2023-07-10 09:51:00,9,591,0.0004623213472807439,-1119.36,False,50.0,20230710
LONG,499,entry,buy,1,1,536553,2023-07-10 10:01:00,10,601,0.0005130957993321628,695.64,True,33.0,20230710
LONG,499,exit,sell,1,1,536586,2023-07-10 10:34:00,10,634,0.0005212525115884328,695.64,True,33.0,20230710
LONG,500,entry,buy,1,1,536646,2023-07-10 11:34:00,11,694,0.0004567282175472005,-749.36,False,11.0,20230710
LONG,500,exit,sell,1,1,536657,2023-07-10 11:45:00,11,705,0.00043370321004833047,-749.36,False,11.0,20230710
LONG,501,entry,buy,1,1,536712,2023-07-10 12:40:00,12,760,0.00037736110928830334,1575.64,True,240.0,20230710
LONG,501,exit,sell,1,1,536952,2023-07-10 16:40:00,16,1000,0.00018779881052383352,1575.64,True,240.0,20230710
LONG,502,entry,buy,1,1,539909,2023-07-12 20:58:00,20,1258,7.775275558699457e-05,1775.64,True,808.0,20230713
LONG,502,exit,sell,1,1,540717,2023-07-13 10:26:00,10,626,0.00044270397783635206,1775.64,True,808.0,20230713
LONG,503,entry,buy,1,1,541397,2023-07-13 22:46:00,22,1366,8.62070026330112e-05,-99.36,False,143.0,20230714
LONG,503,exit,sell,1,1,541540,2023-07-14 01:09:00,1,69,6.261751406417515e-05,-99.36,False,143.0,20230714
LONG,504,entry,buy,1,1,541548,2023-07-14 01:17:00,1,77,6.702629531882162e-05,-109.36,False,27.0,20230714
LONG,504,exit,sell,1,1,541575,2023-07-14 01:44:00,1,104,7.19471441395415e-05,-109.36,False,27.0,20230714
LONG,505,entry,buy,1,1,541581,2023-07-14 01:50:00,1,110,8.444114620564591e-05,25.64,True,12.0,20230714
LONG,505,exit,sell,1,1,541593,2023-07-14 02:02:00,2,122,8.441441391351977e-05,25.64,True,12.0,20230714
LONG,506,entry,buy,1,1,541720,2023-07-14 04:09:00,4,249,0.00014278943088176694,-354.36,False,18.0,20230714
LONG,506,exit,sell,1,1,541738,2023-07-14 04:27:00,4,267,0.00015035784694814212,-354.36,False,18.0,20230714
LONG,507,entry,buy,1,1,542043,2023-07-14 09:32:00,9,572,0.00024455232874178866,-1424.36,False,336.0,20230714
LONG,507,exit,sell,1,1,542379,2023-07-14 15:08:00,15,908,0.00031411191695254265,-1424.36,False,336.0,20230714
LONG,508,entry,buy,1,1,543056,2023-07-17 03:25:00,3,205,0.00011088407582240409,20.64,True,78.0,20230717
LONG,508,exit,sell,1,1,543134,2023-07-17 04:43:00,4,283,9.433933000319261e-05,20.64,True,78.0,20230717
LONG,509,entry,buy,1,1,543280,2023-07-17 07:09:00,7,429,0.0001273639576359475,15.64,True,2.0,20230717
LONG,509,exit,sell,1,1,543282,2023-07-17 07:11:00,7,431,0.00012745582814381368,15.64,True,2.0,20230717
LONG,510,entry,buy,1,1,543286,2023-07-17 07:15:00,7,435,0.00012943553132428788,-4.36,False,3.0,20230717
LONG,510,exit,sell,1,1,543289,2023-07-17 07:18:00,7,438,0.0001161960185813687,-4.36,False,3.0,20230717
LONG,511,entry,buy,1,1,543290,2023-07-17 07:19:00,7,439,0.00011577924533553387,-94.36,False,7.0,20230717
LONG,511,exit,sell,1,1,543297,2023-07-17 07:26:00,7,446,0.0001152280212390088,-94.36,False,7.0,20230717
LONG,512,entry,buy,1,1,543302,2023-07-17 07:31:00,7,451,0.00011538106272015975,-34.36,False,9.0,20230717
LONG,512,exit,sell,1,1,543311,2023-07-17 07:40:00,7,460,0.00010998021735357364,-34.36,False,9.0,20230717
LONG,513,entry,buy,1,1,543363,2023-07-17 08:32:00,8,512,0.0001378701226538635,-189.36,False,5.0,20230717
LONG,513,exit,sell,1,1,543368,2023-07-17 08:37:00,8,517,0.00014981537187130383,-189.36,False,5.0,20230717
LONG,514,entry,buy,1,1,543371,2023-07-17 08:40:00,8,520,0.00015430910163653444,-19.36,False,1.0,20230717
LONG,514,exit,sell,1,1,543372,2023-07-17 08:41:00,8,521,0.00015501693817161717,-19.36,False,1.0,20230717
LONG,515,entry,buy,1,1,543390,2023-07-17 08:59:00,8,539,0.00014963211327198776,2435.64,True,427.0,20230717
LONG,515,exit,sell,1,1,543817,2023-07-17 16:06:00,16,966,0.00029747743635534914,2435.64,True,427.0,20230717
LONG,516,entry,buy,1,1,544941,2023-07-18 11:50:00,11,710,0.0003198486998874621,2120.64,True,246.0,20230718
LONG,516,exit,sell,1,1,545187,2023-07-18 15:56:00,15,956,0.0002761735420067601,2120.64,True,246.0,20230718
LONG,517,entry,buy,1,2,545954,2023-07-19 05:43:00,5,343,0.00010146913668783965,-538.72,False,35.0,20230719
LONG,517,exit,sell,1,2,545989,2023-07-19 06:18:00,6,378,0.00010284862243293778,-538.72,False,35.0,20230719
LONG,518,entry,buy,1,2,546027,2023-07-19 06:56:00,6,416,9.403096161082696e-05,-238.72,False,20.0,20230719
LONG,518,exit,sell,1,2,546047,2023-07-19 07:16:00,7,436,9.622828184900994e-05,-238.72,False,20.0,20230719
LONG,519,entry,buy,1,2,546098,2023-07-19 08:07:00,8,487,0.0001178459241603847,-28.72,False,87.0,20230719
LONG,519,exit,sell,1,2,546185,2023-07-19 09:34:00,9,574,0.00017070865379196023,-28.72,False,87.0,20230719
LONG,520,entry,buy,1,1,546193,2023-07-19 09:42:00,9,582,0.0002388820925430547,-439.36,False,3.0,20230719
LONG,520,exit,sell,1,1,546196,2023-07-19 09:45:00,9,585,0.00026844973331209516,-439.36,False,3.0,20230719
LONG,521,entry,buy,1,1,546568,2023-07-19 15:57:00,15,957,0.00022757382394666034,-719.36,False,5.0,20230719
LONG,521,exit,sell,1,1,546573,2023-07-19 16:02:00,16,962,0.0002604362755103948,-719.36,False,5.0,20230719
LONG,522,entry,buy,1,1,547564,2023-07-20 09:33:00,9,573,0.000283232260731595,-264.36,False,3.0,20230720
LONG,522,exit,sell,1,1,547567,2023-07-20 09:36:00,9,576,0.0002821054838737285,-264.36,False,3.0,20230720
LONG,523,entry,buy,1,1,547575,2023-07-20 09:44:00,9,584,0.00028689411754919504,-889.36,False,17.0,20230720
LONG,523,exit,sell,1,1,547592,2023-07-20 10:01:00,10,601,0.0003198496928647667,-889.36,False,17.0,20230720
LONG,524,entry,buy,1,1,549982,2023-07-24 03:51:00,3,231,0.00023582910971334942,-344.36,False,69.0,20230724
LONG,524,exit,sell,1,1,550051,2023-07-24 05:00:00,5,300,0.0001456089054296428,-344.36,False,69.0,20230724
LONG,525,entry,buy,1,1,550088,2023-07-24 05:37:00,5,337,0.00011219709755679367,-219.36,False,60.0,20230724
LONG,525,exit,sell,1,1,550148,2023-07-24 06:37:00,6,397,8.809131952257585e-05,-219.36,False,60.0,20230724
LONG,526,entry,buy,1,1,550189,2023-07-24 07:18:00,7,438,0.00012243169223441358,-374.36,False,53.0,20230724
LONG,526,exit,sell,1,1,550242,2023-07-24 08:11:00,8,491,0.0001436288139785897,-374.36,False,53.0,20230724
LONG,527,entry,buy,1,2,550322,2023-07-24 09:31:00,9,571,0.00025350035170998783,-3298.72,False,21.0,20230724
LONG,527,exit,sell,1,2,550343,2023-07-24 09:52:00,9,592,0.0004893540124886936,-3298.72,False,21.0,20230724
LONG,528,entry,buy,1,1,551380,2023-07-25 04:10:00,4,250,0.00013928938472565543,175.64,True,119.0,20230725
LONG,528,exit,sell,1,1,551499,2023-07-25 06:09:00,6,369,9.436531031992489e-05,175.64,True,119.0,20230725
LONG,529,entry,buy,1,1,551553,2023-07-25 07:03:00,7,423,0.00012398697845955012,-94.36,False,44.0,20230725
LONG,529,exit,sell,1,1,551597,2023-07-25 07:47:00,7,467,9.400407636054452e-05,-94.36,False,44.0,20230725
LONG,530,entry,buy,1,2,551612,2023-07-25 08:02:00,8,482,8.790651047169036e-05,-468.72,False,17.0,20230725
LONG,530,exit,sell,1,2,551629,2023-07-25 08:19:00,8,499,8.636921811899251e-05,-468.72,False,17.0,20230725
LONG,531,entry,buy,1,1,551702,2023-07-25 09:32:00,9,572,0.0001779599466130279,-4.36,False,6.0,20230725
LONG,531,exit,sell,1,1,551708,2023-07-25 09:38:00,9,578,0.00023422584576789066,-4.36,False,6.0,20230725
LONG,532,entry,buy,1,1,551716,2023-07-25 09:46:00,9,586,0.00031013833032729487,-99.36,False,21.0,20230725
LONG,532,exit,sell,1,1,551737,2023-07-25 10:07:00,10,607,0.0003749045172086967,-99.36,False,21.0,20230725
LONG,533,entry,buy,1,1,551802,2023-07-25 11:12:00,11,672,0.00024490181041517356,490.64,True,74.0,20230725
LONG,533,exit,sell,1,1,551876,2023-07-25 12:26:00,12,746,0.0002030347854036561,490.64,True,74.0,20230725
LONG,534,entry,buy,1,2,551902,2023-07-25 12:52:00,12,772,0.00019115660457132513,401.28,True,127.0,20230725
LONG,534,exit,sell,1,2,552029,2023-07-25 14:59:00,14,899,0.00020974013625715403,401.28,True,127.0,20230725
LONG,535,entry,buy,1,2,553713,2023-07-26 21:03:00,21,1263,0.00010557420361543777,4591.28,True,805.0,20230727
LONG,535,exit,sell,1,2,554518,2023-07-27 10:28:00,10,628,0.00041302325099768216,4591.28,True,805.0,20230727
LONG,536,entry,buy,1,1,555851,2023-07-28 09:41:00,9,581,0.0004011881149664481,160.64,True,47.0,20230728
LONG,536,exit,sell,1,1,555898,2023-07-28 10:28:00,10,628,0.0005394854180309504,160.64,True,47.0,20230728
LONG,537,entry,buy,1,2,555905,2023-07-28 10:35:00,10,635,0.0005266633908060782,-1568.72,False,5.0,20230728
LONG,537,exit,sell,1,2,555910,2023-07-28 10:40:00,10,640,0.0004905385949730849,-1568.72,False,5.0,20230728
LONG,538,entry,buy,1,1,556309,2023-07-30 18:19:00,18,1099,0.00012897980007802148,-344.36,False,125.0,20230731
LONG,538,exit,sell,1,1,556434,2023-07-30 20:24:00,20,1224,0.00010567143533414434,-344.36,False,125.0,20230731
LONG,539,entry,buy,1,1,557084,2023-07-31 07:14:00,7,434,9.861900013159565e-05,330.64,True,110.0,20230731
LONG,539,exit,sell,1,1,557194,2023-07-31 09:04:00,9,544,0.00011747592120671614,330.64,True,110.0,20230731
LONG,540,entry,buy,1,1,557222,2023-07-31 09:32:00,9,572,0.00015593641869965198,-249.36,False,2.0,20230731
LONG,540,exit,sell,1,1,557224,2023-07-31 09:34:00,9,574,0.00026779209153695715,-249.36,False,2.0,20230731
LONG,541,entry,buy,1,1,557229,2023-07-31 09:39:00,9,579,0.00032005602319361157,-144.36,False,10.0,20230731
LONG,541,exit,sell,1,1,557239,2023-07-31 09:49:00,9,589,0.0003933984306649807,-144.36,False,10.0,20230731
LONG,542,entry,buy,1,2,559245,2023-08-01 21:15:00,21,1275,0.00011788916071635487,-538.72,False,51.0,20230802
LONG,542,exit,sell,1,2,559296,2023-08-01 22:06:00,22,1326,0.00013149004317421242,-538.72,False,51.0,20230802
LONG,543,entry,buy,1,1,559297,2023-08-01 22:07:00,22,1327,0.00013048175087289178,-284.36,False,6.0,20230802
LONG,543,exit,sell,1,1,559303,2023-08-01 22:13:00,22,1333,0.00014473877865905455,-284.36,False,6.0,20230802
LONG,544,entry,buy,1,1,560494,2023-08-02 19:04:00,19,1144,0.00010927804560521728,-409.36,False,78.0,20230803
LONG,544,exit,sell,1,1,560572,2023-08-02 20:22:00,20,1222,0.00015097333663727645,-409.36,False,78.0,20230803
LONG,545,entry,buy,1,1,560573,2023-08-02 20:23:00,20,1223,0.00015336925433511936,-4.36,False,11.0,20230803
LONG,545,exit,sell,1,1,560584,2023-08-02 20:34:00,20,1234,0.00017359998115788115,-4.36,False,11.0,20230803
LONG,546,entry,buy,1,1,560585,2023-08-02 20:35:00,20,1235,0.00017529556495484713,-64.36,False,94.0,20230803
LONG,546,exit,sell,1,1,560679,2023-08-02 22:09:00,22,1329,0.00013827785545399455,-64.36,False,94.0,20230803
LONG,547,entry,buy,1,1,561101,2023-08-03 05:11:00,5,311,0.00026148760814078716,-399.36,False,133.0,20230803
LONG,547,exit,sell,1,1,561234,2023-08-03 07:24:00,7,444,0.0002629998582355934,-399.36,False,133.0,20230803
LONG,548,entry,buy,1,1,561369,2023-08-03 09:39:00,9,579,0.0004485041594558661,-269.36,False,43.0,20230803
LONG,548,exit,sell,1,1,561412,2023-08-03 10:22:00,10,622,0.0006186831859631129,-269.36,False,43.0,20230803
LONG,549,entry,buy,1,1,561451,2023-08-03 11:01:00,11,661,0.0005056118413062229,50.64,True,252.0,20230803
LONG,549,exit,sell,1,1,561703,2023-08-03 15:13:00,15,913,0.00028366142782077007,50.64,True,252.0,20230803
LONG,550,entry,buy,1,1,561743,2023-08-03 15:53:00,15,953,0.0002795322615077849,155.64,True,4.0,20230803
LONG,550,exit,sell,1,1,561747,2023-08-03 15:57:00,15,957,0.0002719937815186688,155.64,True,4.0,20230803
LONG,551,entry,buy,1,1,561753,2023-08-03 16:03:00,16,963,0.000555181302043566,-184.36,False,4.0,20230803
LONG,551,exit,sell,1,1,561757,2023-08-03 16:07:00,16,967,0.0005557340542771319,-184.36,False,4.0,20230803
LONG,552,entry,buy,1,1,561759,2023-08-03 16:09:00,16,969,0.0005593163995688289,-624.36,False,31.0,20230803
LONG,552,exit,sell,1,1,561790,2023-08-03 16:40:00,16,1000,0.0006008678264484023,-624.36,False,31.0,20230803
LONG,553,entry,buy,1,1,561877,2023-08-03 19:07:00,19,1147,0.0001509687890272758,265.64,True,477.0,20230804
LONG,553,exit,sell,1,1,562354,2023-08-04 03:04:00,3,184,0.00017596323022166824,265.64,True,477.0,20230804
LONG,554,entry,buy,1,1,562399,2023-08-04 03:49:00,3,229,0.0002197263183602408,350.64,True,42.0,20230804
LONG,554,exit,sell,1,1,562441,2023-08-04 04:31:00,4,271,0.0001843504588496434,350.64,True,42.0,20230804
LONG,555,entry,buy,1,1,562486,2023-08-04 05:16:00,5,316,0.00016142618301092447,-369.36,False,51.0,20230804
LONG,555,exit,sell,1,1,562537,2023-08-04 06:07:00,6,367,0.00015361767955820652,-369.36,False,51.0,20230804
LONG,556,entry,buy,1,1,562651,2023-08-04 08:01:00,8,481,0.00021208749696097093,-194.36,False,14.0,20230804
LONG,556,exit,sell,1,1,562665,2023-08-04 08:15:00,8,495,0.000205584782122889,-194.36,False,14.0,20230804
LONG,557,entry,buy,1,1,562673,2023-08-04 08:23:00,8,503,0.00021256146822758344,-239.36,False,13.0,20230804
LONG,557,exit,sell,1,1,562686,2023-08-04 08:36:00,8,516,0.0003003295896342629,-239.36,False,13.0,20230804
LONG,558,entry,buy,1,1,562690,2023-08-04 08:40:00,8,520,0.0004695776911357552,530.64,True,1.0,20230804
LONG,558,exit,sell,1,1,562691,2023-08-04 08:41:00,8,521,0.0005083366687474392,530.64,True,1.0,20230804
LONG,559,entry,buy,1,1,562692,2023-08-04 08:42:00,8,522,0.0005252885788286075,-649.36,False,75.0,20230804
LONG,559,exit,sell,1,1,562767,2023-08-04 09:57:00,9,597,0.0005298443046965476,-649.36,False,75.0,20230804
LONG,560,entry,buy,1,1,562782,2023-08-04 10:12:00,10,612,0.0005810747915704956,-894.36,False,267.0,20230804
LONG,560,exit,sell,1,1,563049,2023-08-04 14:39:00,14,879,0.0004654845543290984,-894.36,False,267.0,20230804
LONG,561,entry,buy,1,1,563192,2023-08-06 18:02:00,18,1082,0.00014931875615192323,235.64,True,748.0,20230807
LONG,561,exit,sell,1,1,563940,2023-08-07 06:30:00,6,390,0.0001505813552999451,235.64,True,748.0,20230807
LONG,562,entry,buy,1,2,564066,2023-08-07 08:36:00,8,516,0.00015580642955437737,321.28,True,57.0,20230807
LONG,562,exit,sell,1,2,564123,2023-08-07 09:33:00,9,573,0.0003262107312177848,321.28,True,57.0,20230807
LONG,563,entry,buy,1,1,564145,2023-08-07 09:55:00,9,595,0.00045537146853871026,35.64,True,1.0,20230807
LONG,563,exit,sell,1,1,564146,2023-08-07 09:56:00,9,596,0.00045568336790190243,35.64,True,1.0,20230807
LONG,564,entry,buy,1,1,564147,2023-08-07 09:57:00,9,597,0.0004585899118717812,-484.36,False,2.0,20230807
LONG,564,exit,sell,1,1,564149,2023-08-07 09:59:00,9,599,0.0004722982699022742,-484.36,False,2.0,20230807
LONG,565,entry,buy,1,1,564161,2023-08-07 10:11:00,10,611,0.0005392347362815598,-74.36,False,1.0,20230807
LONG,565,exit,sell,1,1,564162,2023-08-07 10:12:00,10,612,0.0005394519375896497,-74.36,False,1.0,20230807
LONG,566,entry,buy,1,2,564508,2023-08-07 15:58:00,15,958,0.0002243061167503601,71.28,True,42.0,20230807
LONG,566,exit,sell,1,2,564550,2023-08-07 16:40:00,16,1000,0.00014746180949056883,71.28,True,42.0,20230807
LONG,567,entry,buy,1,2,567498,2023-08-09 20:48:00,20,1248,9.116478254234974e-05,-278.72,False,79.0,20230810
LONG,567,exit,sell,1,2,567577,2023-08-09 22:07:00,22,1327,0.0001388449663587861,-278.72,False,79.0,20230810
LONG,568,entry,buy,1,2,567600,2023-08-09 22:30:00,22,1350,0.0001505840487907096,2061.28,True,605.0,20230810
LONG,568,exit,sell,1,2,568205,2023-08-10 08:35:00,8,515,0.0005086505769110351,2061.28,True,605.0,20230810
LONG,569,entry,buy,1,1,569204,2023-08-11 02:14:00,2,134,0.00013665358771331406,75.64,True,79.0,20230811
LONG,569,exit,sell,1,1,569283,2023-08-11 03:33:00,3,213,0.00017655474647431874,75.64,True,79.0,20230811
LONG,570,entry,buy,1,1,569397,2023-08-11 05:27:00,5,327,0.00017317504025298266,-584.36,False,25.0,20230811
LONG,570,exit,sell,1,1,569422,2023-08-11 05:52:00,5,352,0.00018260450435466524,-584.36,False,25.0,20230811
LONG,571,entry,buy,1,1,569687,2023-08-11 10:17:00,10,617,0.000535026911140978,-719.36,False,34.0,20230811
LONG,571,exit,sell,1,1,569721,2023-08-11 10:51:00,10,651,0.0005301080769618037,-719.36,False,34.0,20230811
LONG,572,entry,buy,1,1,569805,2023-08-11 12:15:00,12,735,0.00037901065985202127,-529.36,False,222.0,20230811
LONG,572,exit,sell,1,1,570027,2023-08-11 15:57:00,15,957,0.00028623570734678106,-529.36,False,222.0,20230811
LONG,573,entry,buy,1,1,570106,2023-08-13 18:16:00,18,1096,0.00011382411124408554,-784.36,False,185.0,20230814
LONG,573,exit,sell,1,1,570291,2023-08-13 21:21:00,21,1281,0.00014687815504714312,-784.36,False,185.0,20230814
LONG,574,entry,buy,1,1,570688,2023-08-14 03:58:00,3,238,0.00033041187303678763,175.64,True,6.0,20230814
LONG,574,exit,sell,1,1,570694,2023-08-14 04:04:00,4,244,0.0004299150661738623,175.64,True,6.0,20230814
LONG,575,entry,buy,1,1,571031,2023-08-14 09:41:00,9,581,0.0003487958602237177,1980.64,True,100.0,20230814
LONG,575,exit,sell,1,1,571131,2023-08-14 11:21:00,11,681,0.00034732565520997053,1980.64,True,100.0,20230814
LONG,576,entry,buy,1,1,573429,2023-08-16 03:39:00,3,219,0.00018444788693800678,-104.36,False,89.0,20230816
LONG,576,exit,sell,1,1,573518,2023-08-16 05:08:00,5,308,0.00015088672598814856,-104.36,False,89.0,20230816
LONG,577,entry,buy,1,1,573666,2023-08-16 07:36:00,7,456,0.0001558031809083264,30.64,True,1.0,20230816
LONG,577,exit,sell,1,1,573667,2023-08-16 07:37:00,7,457,0.00015705932159879374,30.64,True,1.0,20230816
LONG,578,entry,buy,1,1,573668,2023-08-16 07:38:00,7,458,0.00015478529085400335,-124.36,False,12.0,20230816
LONG,578,exit,sell,1,1,573680,2023-08-16 07:50:00,7,470,0.00016164664792897468,-124.36,False,12.0,20230816
LONG,579,entry,buy,1,1,573681,2023-08-16 07:51:00,7,471,0.0001606213473703798,40.64,True,1.0,20230816
LONG,579,exit,sell,1,1,573682,2023-08-16 07:52:00,7,472,0.00016155421168721065,40.64,True,1.0,20230816
LONG,580,entry,buy,1,1,573683,2023-08-16 07:53:00,7,473,0.000161758747379162,-19.36,False,1.0,20230816
LONG,580,exit,sell,1,1,573684,2023-08-16 07:54:00,7,474,0.00015375672536793259,-19.36,False,1.0,20230816
LONG,581,entry,buy,1,1,573688,2023-08-16 07:58:00,7,478,0.00016330708523772407,-324.36,False,25.0,20230816
LONG,581,exit,sell,1,1,573713,2023-08-16 08:23:00,8,503,0.00016613438621295175,-324.36,False,25.0,20230816
LONG,582,entry,buy,1,1,574510,2023-08-16 22:40:00,22,1360,0.00015939963593790039,-399.36,False,171.0,20230817
LONG,582,exit,sell,1,1,574681,2023-08-17 01:31:00,1,91,0.0001011316460591559,-399.36,False,171.0,20230817
LONG,583,entry,buy,1,1,574709,2023-08-17 01:59:00,1,119,0.0001466563317196147,470.64,True,84.0,20230817
LONG,583,exit,sell,1,1,574793,2023-08-17 03:23:00,3,203,0.0001644781921785619,470.64,True,84.0,20230817
LONG,584,entry,buy,1,1,574836,2023-08-17 04:06:00,4,246,0.00018583719384740683,450.64,True,320.0,20230817
LONG,584,exit,sell,1,1,575156,2023-08-17 09:26:00,9,566,0.0002014823467871494,450.64,True,320.0,20230817
LONG,585,entry,buy,1,2,575829,2023-08-17 21:39:00,21,1299,0.0001315804872119372,-1118.72,False,91.0,20230818
LONG,585,exit,sell,1,2,575920,2023-08-17 23:10:00,23,1390,0.00010050370345051811,-1118.72,False,91.0,20230818
LONG,586,entry,buy,1,1,576542,2023-08-18 09:32:00,9,572,0.00028393355812067174,1930.64,True,428.0,20230818
LONG,586,exit,sell,1,1,576970,2023-08-18 16:40:00,16,1000,0.00030970003833922,1930.64,True,428.0,20230818
LONG,587,entry,buy,1,1,577566,2023-08-21 03:36:00,3,216,0.00017989756664806348,950.64,True,194.0,20230821
LONG,587,exit,sell,1,1,577760,2023-08-21 06:50:00,6,410,0.00013076565208546776,950.64,True,194.0,20230821
LONG,588,entry,buy,1,2,577801,2023-08-21 07:31:00,7,451,0.00013046904919382417,-388.72,False,67.0,20230821
LONG,588,exit,sell,1,2,577868,2023-08-21 08:38:00,8,518,0.00013040348543528663,-388.72,False,67.0,20230821
LONG,589,entry,buy,1,2,577925,2023-08-21 09:35:00,9,575,0.00022282765273434147,1511.28,True,41.0,20230821
LONG,589,exit,sell,1,2,577966,2023-08-21 10:16:00,10,616,0.0003715232642203474,1511.28,True,41.0,20230821
LONG,590,entry,buy,1,1,578870,2023-08-22 02:20:00,2,140,0.00012733075809956637,155.64,True,68.0,20230822
LONG,590,exit,sell,1,1,578938,2023-08-22 03:28:00,3,208,0.0001609726175823612,155.64,True,68.0,20230822
LONG,591,entry,buy,1,1,578945,2023-08-22 03:35:00,3,215,0.00017674896732561063,1290.64,True,311.0,20230822
LONG,591,exit,sell,1,1,579256,2023-08-22 08:46:00,8,526,0.00016743317866174155,1290.64,True,311.0,20230822
LONG,592,entry,buy,1,1,579904,2023-08-22 20:34:00,20,1234,0.00012008029456648183,1010.64,True,594.0,20230823
LONG,592,exit,sell,1,1,580498,2023-08-23 06:28:00,6,388,0.00012951996358907315,1010.64,True,594.0,20230823
LONG,593,entry,buy,1,1,582561,2023-08-24 18:51:00,18,1131,0.0001425068655722496,-409.36,False,19.0,20230825
LONG,593,exit,sell,1,1,582580,2023-08-24 19:10:00,19,1150,0.00014205623021803688,-409.36,False,19.0,20230825
LONG,594,entry,buy,1,1,582593,2023-08-24 19:23:00,19,1163,0.00014984118956798805,15.64,True,1.0,20230825
LONG,594,exit,sell,1,1,582594,2023-08-24 19:24:00,19,1164,0.0001501083775478168,15.64,True,1.0,20230825
LONG,595,entry,buy,1,1,582599,2023-08-24 19:29:00,19,1169,0.00015168255541848124,120.64,True,109.0,20230825
LONG,595,exit,sell,1,1,582708,2023-08-24 21:18:00,21,1278,0.00010996538549714531,120.64,True,109.0,20230825
LONG,596,entry,buy,1,1,582710,2023-08-24 21:20:00,21,1280,0.00011570718238815384,-149.36,False,13.0,20230825
LONG,596,exit,sell,1,1,582723,2023-08-24 21:33:00,21,1293,0.0001438834761653032,-149.36,False,13.0,20230825
LONG,597,entry,buy,1,1,582724,2023-08-24 21:34:00,21,1294,0.00014393068997785657,-69.36,False,2.0,20230825
LONG,597,exit,sell,1,1,582726,2023-08-24 21:36:00,21,1296,0.00014344064730911077,-69.36,False,2.0,20230825
LONG,598,entry,buy,1,1,582751,2023-08-24 22:01:00,22,1321,0.0001684699786256025,-139.36,False,5.0,20230825
LONG,598,exit,sell,1,1,582756,2023-08-24 22:06:00,22,1326,0.00016848348157257926,-139.36,False,5.0,20230825
LONG,599,entry,buy,1,1,583067,2023-08-25 03:17:00,3,197,0.0002512784414537933,-189.36,False,7.0,20230825
LONG,599,exit,sell,1,1,583074,2023-08-25 03:24:00,3,204,0.00026022290816644813,-189.36,False,7.0,20230825
LONG,600,entry,buy,1,1,583075,2023-08-25 03:25:00,3,205,0.00026027271845209543,235.64,True,152.0,20230825
LONG,600,exit,sell,1,1,583227,2023-08-25 05:57:00,5,357,0.00016331510222378426,235.64,True,152.0,20230825
LONG,601,entry,buy,1,1,583238,2023-08-25 06:08:00,6,368,0.00016641039048144872,120.64,True,194.0,20230825
LONG,601,exit,sell,1,1,583432,2023-08-25 09:22:00,9,562,0.0001950730977001051,120.64,True,194.0,20230825
LONG,602,entry,buy,1,2,583441,2023-08-25 09:31:00,9,571,0.00027257033799364287,-5318.72,False,77.0,20230825
LONG,602,exit,sell,1,2,583518,2023-08-25 10:48:00,10,648,0.0009880294027234922,-5318.72,False,77.0,20230825
LONG,603,entry,buy,1,1,587598,2023-08-30 09:51:00,9,591,0.00046858833294929366,845.64,True,28.0,20230830
LONG,603,exit,sell,1,1,587626,2023-08-30 10:19:00,10,619,0.0005371728995110283,845.64,True,28.0,20230830
LONG,604,entry,buy,1,1,587641,2023-08-30 10:34:00,10,634,0.0006185067120371223,845.64,True,202.0,20230830
LONG,604,exit,sell,1,1,587843,2023-08-30 13:56:00,13,836,0.00022399514969374725,845.64,True,202.0,20230830
LONG,605,entry,buy,1,1,589020,2023-08-31 10:33:00,10,633,0.0005297982135248292,-454.36,False,17.0,20230831
LONG,605,exit,sell,1,1,589037,2023-08-31 10:50:00,10,650,0.0003741843794374057,-454.36,False,17.0,20230831
LONG,606,entry,buy,1,1,589995,2023-09-01 03:48:00,3,228,0.000163254573866505,-149.36,False,14.0,20230901
LONG,606,exit,sell,1,1,590009,2023-09-01 04:02:00,4,242,0.00014734679928981938,-149.36,False,14.0,20230901
LONG,607,entry,buy,1,1,590092,2023-09-01 05:25:00,5,325,0.00013093296518570225,-354.36,False,39.0,20230901
LONG,607,exit,sell,1,1,590131,2023-09-01 06:04:00,6,364,0.00012176686038125677,-354.36,False,39.0,20230901
LONG,608,entry,buy,1,2,590278,2023-09-01 08:31:00,8,511,0.00027504693973203295,461.28,True,14.0,20230901
LONG,608,exit,sell,1,2,590292,2023-09-01 08:45:00,8,525,0.0003768616163796395,461.28,True,14.0,20230901
LONG,609,entry,buy,1,2,590328,2023-09-01 09:21:00,9,561,0.0004621068738699531,-998.72,False,11.0,20230901
LONG,609,exit,sell,1,2,590339,2023-09-01 09:32:00,9,572,0.0004252132372469202,-998.72,False,11.0,20230901
LONG,610,entry,buy,1,1,594109,2023-09-06 07:24:00,7,444,0.0001279098004386213,-404.36,False,30.0,20230906
LONG,610,exit,sell,1,1,594139,2023-09-06 07:54:00,7,474,0.00014144823149165483,-404.36,False,30.0,20230906
LONG,611,entry,buy,1,1,594624,2023-09-06 15:59:00,15,959,0.00027838259932029,-149.36,False,39.0,20230906
LONG,611,exit,sell,1,1,594663,2023-09-06 16:38:00,16,998,0.00018926138206208165,-149.36,False,39.0,20230906
LONG,612,entry,buy,1,1,596997,2023-09-08 09:32:00,9,572,0.00025474670620004866,570.64,True,24.0,20230908
LONG,612,exit,sell,1,1,597021,2023-09-08 09:56:00,9,596,0.00034660323687498877,570.64,True,24.0,20230908
LONG,613,entry,buy,1,1,597031,2023-09-08 10:06:00,10,606,0.00038862575725130677,-454.36,False,4.0,20230908
LONG,613,exit,sell,1,1,597035,2023-09-08 10:10:00,10,610,0.0004314865917487657,-454.36,False,4.0,20230908
LONG,614,entry,buy,1,1,597041,2023-09-08 10:16:00,10,616,0.0004479840374416654,-664.36,False,25.0,20230908
LONG,614,exit,sell,1,1,597066,2023-09-08 10:41:00,10,641,0.0004551022520224743,-664.36,False,25.0,20230908
LONG,615,entry,buy,1,1,597108,2023-09-08 11:23:00,11,683,0.0004153969237363822,-464.36,False,74.0,20230908
LONG,615,exit,sell,1,1,597182,2023-09-08 12:37:00,12,757,0.0002148826976510563,-464.36,False,74.0,20230908
LONG,616,entry,buy,1,1,601079,2023-09-13 08:35:00,8,515,0.0005126421333167386,155.64,True,5.0,20230913
LONG,616,exit,sell,1,1,601084,2023-09-13 08:40:00,8,520,0.0005901500038730328,155.64,True,5.0,20230913
LONG,617,entry,buy,1,1,601096,2023-09-13 08:52:00,8,532,0.0006201629805716297,175.64,True,73.0,20230913
LONG,617,exit,sell,1,1,601169,2023-09-13 10:05:00,10,605,0.0005539705602815607,175.64,True,73.0,20230913
LONG,618,entry,buy,1,1,601189,2023-09-13 10:25:00,10,625,0.0005704863342675661,760.64,True,270.0,20230913
LONG,618,exit,sell,1,1,601459,2023-09-13 14:55:00,14,895,0.00026705607062275596,760.64,True,270.0,20230913
LONG,619,entry,buy,1,1,602159,2023-09-14 03:35:00,3,215,0.00013719351279808747,-444.36,False,29.0,20230914
LONG,619,exit,sell,1,1,602188,2023-09-14 04:04:00,4,244,0.00015562537684475427,-444.36,False,29.0,20230914
LONG,620,entry,buy,1,1,602724,2023-09-14 13:00:00,13,780,0.0002668070471932603,-169.36,False,1.0,20230914
LONG,620,exit,sell,1,1,602725,2023-09-14 13:01:00,13,781,0.0002708239541853746,-169.36,False,1.0,20230914
LONG,621,entry,buy,1,1,605275,2023-09-18 09:32:00,9,572,0.00022361908220640665,190.64,True,11.0,20230918
LONG,621,exit,sell,1,1,605286,2023-09-18 09:43:00,9,583,0.0003441987925518966,190.64,True,11.0,20230918
LONG,622,entry,buy,1,1,605294,2023-09-18 09:51:00,9,591,0.00040218587912339897,-229.36,False,13.0,20230918
LONG,622,exit,sell,1,1,605307,2023-09-18 10:04:00,10,604,0.00043028581448358895,-229.36,False,13.0,20230918
LONG,623,entry,buy,1,1,605317,2023-09-18 10:14:00,10,614,0.0005005253326595346,0.6399999999999997,True,2.0,20230918
LONG,623,exit,sell,1,1,605319,2023-09-18 10:16:00,10,616,0.0005078897812546664,0.6399999999999997,True,2.0,20230918
LONG,624,entry,buy,1,2,605455,2023-09-18 12:32:00,12,752,0.0002032826607924714,-418.72,False,13.0,20230918
LONG,624,exit,sell,1,2,605468,2023-09-18 12:45:00,12,765,0.00020036865776043523,-418.72,False,13.0,20230918
LONG,625,entry,buy,1,1,609414,2023-09-21 09:32:00,9,572,0.00029064682750975975,-1214.36,False,21.0,20230921
LONG,625,exit,sell,1,1,609435,2023-09-21 09:53:00,9,593,0.00046155253911551693,-1214.36,False,21.0,20230921
LONG,626,entry,buy,1,2,610118,2023-09-21 22:16:00,22,1336,0.00011430355653437552,361.28,True,346.0,20230922
LONG,626,exit,sell,1,2,610464,2023-09-22 04:02:00,4,242,0.00023059637205509524,361.28,True,346.0,20230922
LONG,627,entry,buy,1,2,610476,2023-09-22 04:14:00,4,254,0.0002112273705211391,1181.28,True,312.0,20230922
LONG,627,exit,sell,1,2,610788,2023-09-22 09:26:00,9,566,0.00015259993294635925,1181.28,True,312.0,20230922
LONG,628,entry,buy,1,1,611270,2023-09-24 18:28:00,18,1108,0.00011684687954553875,-744.36,False,108.0,20230925
LONG,628,exit,sell,1,1,611377,2023-09-24 20:16:00,20,1216,0.00012219781566816026,-744.36,False,108.0,20230925
LONG,629,entry,buy,1,1,611441,2023-09-24 21:20:00,21,1280,0.00011629278375008235,-124.36,False,421.0,20230925
LONG,629,exit,sell,1,1,611862,2023-09-25 04:21:00,4,261,0.00017474051302512477,-124.36,False,421.0,20230925
LONG,630,entry,buy,1,1,611897,2023-09-25 04:56:00,4,296,0.00031650408918892383,145.64,True,46.0,20230925
LONG,630,exit,sell,1,1,611943,2023-09-25 05:42:00,5,342,0.00027646473236342254,145.64,True,46.0,20230925
LONG,631,entry,buy,1,1,611977,2023-09-25 06:16:00,6,376,0.000190517558015636,-289.36,False,23.0,20230925
LONG,631,exit,sell,1,1,612000,2023-09-25 06:39:00,6,399,0.0001979001838736058,-289.36,False,23.0,20230925
LONG,632,entry,buy,1,1,612028,2023-09-25 07:07:00,7,427,0.00020251741237423026,-684.36,False,26.0,20230925
LONG,632,exit,sell,1,1,612054,2023-09-25 07:33:00,7,453,0.00023516574525467927,-684.36,False,26.0,20230925
LONG,633,entry,buy,1,1,616337,2023-09-28 09:56:00,9,596,0.0005884631749305232,-284.36,False,22.0,20230928
LONG,633,exit,sell,1,1,616359,2023-09-28 10:18:00,10,618,0.0006189284025979657,-284.36,False,22.0,20230928
LONG,634,entry,buy,1,1,616386,2023-09-28 10:45:00,10,645,0.0005592536013323649,310.64,True,21.0,20230928
LONG,634,exit,sell,1,1,616407,2023-09-28 11:06:00,11,666,0.0004855068616610314,310.64,True,21.0,20230928
LONG,635,entry,buy,1,1,616426,2023-09-28 11:25:00,11,685,0.0005195620985169249,1325.64,True,90.0,20230928
LONG,635,exit,sell,1,1,616516,2023-09-28 12:55:00,12,775,0.0003399268047240152,1325.64,True,90.0,20230928
LONG,636,entry,buy,1,1,617722,2023-09-29 10:01:00,10,601,0.00039632723975422627,-409.36,False,7.0,20230929
LONG,636,exit,sell,1,1,617729,2023-09-29 10:08:00,10,608,0.00041553746184023565,-409.36,False,7.0,20230929
LONG,637,entry,buy,1,1,617754,2023-09-29 10:33:00,10,633,0.0005416708353878642,-609.36,False,33.0,20230929
LONG,637,exit,sell,1,1,617787,2023-09-29 11:06:00,11,666,0.0004983885978501302,-609.36,False,33.0,20230929
LONG,638,entry,buy,1,1,618142,2023-10-01 18:01:00,18,1081,0.00012953902757863588,-614.36,False,3.0,20231002
LONG,638,exit,sell,1,1,618145,2023-10-01 18:04:00,18,1084,0.0001811504069058437,-614.36,False,3.0,20231002
LONG,639,entry,buy,1,1,618154,2023-10-01 18:13:00,18,1093,0.00022660559381375896,-84.36,False,1.0,20231002
LONG,639,exit,sell,1,1,618155,2023-10-01 18:14:00,18,1094,0.00022893644350241286,-84.36,False,1.0,20231002
LONG,640,entry,buy,1,1,618692,2023-10-02 03:11:00,3,191,0.00011309347009336892,55.64,True,37.0,20231002
LONG,640,exit,sell,1,1,618729,2023-10-02 03:48:00,3,228,0.00018136211605487346,55.64,True,37.0,20231002
LONG,641,entry,buy,1,1,618746,2023-10-02 04:05:00,4,245,0.0002050889672427112,-369.36,False,10.0,20231002
LONG,641,exit,sell,1,1,618756,2023-10-02 04:15:00,4,255,0.0002189509859511677,-369.36,False,10.0,20231002
LONG,642,entry,buy,1,1,619075,2023-10-02 09:34:00,9,574,0.00037826645819330403,105.64,True,19.0,20231002
LONG,642,exit,sell,1,1,619094,2023-10-02 09:53:00,9,593,0.0004587461379303624,105.64,True,19.0,20231002
LONG,643,entry,buy,1,1,619102,2023-10-02 10:01:00,10,601,0.0005397153201217529,-389.36,False,10.0,20231002
LONG,643,exit,sell,1,1,619112,2023-10-02 10:11:00,10,611,0.0005973482038513387,-389.36,False,10.0,20231002
LONG,644,entry,buy,1,1,619120,2023-10-02 10:19:00,10,619,0.0006707358121459806,-779.36,False,4.0,20231002
LONG,644,exit,sell,1,1,619124,2023-10-02 10:23:00,10,623,0.0007005081119370493,-779.36,False,4.0,20231002
LONG,645,entry,buy,1,1,620471,2023-10-03 09:50:00,9,590,0.00040686178670904324,-684.36,False,11.0,20231003
LONG,645,exit,sell,1,1,620482,2023-10-03 10:01:00,10,601,0.0006051271756484505,-684.36,False,11.0,20231003
LONG,646,entry,buy,1,2,621837,2023-10-04 09:36:00,9,576,0.0003116364239810627,-638.72,False,16.0,20231004
LONG,646,exit,sell,1,2,621853,2023-10-04 09:52:00,9,592,0.0004108565360550135,-638.72,False,16.0,20231004
LONG,647,entry,buy,1,2,621897,2023-10-04 10:36:00,10,636,0.0006587796301535175,-508.72,False,11.0,20231004
LONG,647,exit,sell,1,2,621908,2023-10-04 10:47:00,10,647,0.000672808693692163,-508.72,False,11.0,20231004
LONG,648,entry,buy,1,2,621940,2023-10-04 11:19:00,11,679,0.0005537576216030752,-118.72,False,127.0,20231004
LONG,648,exit,sell,1,2,622067,2023-10-04 13:26:00,13,806,0.000343043816317705,-118.72,False,127.0,20231004
LONG,649,entry,buy,1,2,622173,2023-10-04 15:12:00,15,912,0.0003582352781280267,961.28,True,45.0,20231004
LONG,649,exit,sell,1,2,622218,2023-10-04 15:57:00,15,957,0.0003488399016763777,961.28,True,45.0,20231004
LONG,650,entry,buy,1,1,624583,2023-10-06 09:22:00,9,562,0.001291708308288555,85.64,True,3.0,20231006
LONG,650,exit,sell,1,1,624586,2023-10-06 09:25:00,9,565,0.0012942621994069571,85.64,True,3.0,20231006
LONG,651,entry,buy,1,1,624587,2023-10-06 09:26:00,9,566,0.001294318811537049,-599.36,False,3.0,20231006
LONG,651,exit,sell,1,1,624590,2023-10-06 09:29:00,9,569,0.0012978304224758482,-599.36,False,3.0,20231006
LONG,652,entry,buy,1,1,624593,2023-10-06 09:32:00,9,572,0.0006656767355915222,-849.36,False,6.0,20231006
LONG,652,exit,sell,1,1,624599,2023-10-06 09:38:00,9,578,0.0005962227377579885,-849.36,False,6.0,20231006
LONG,653,entry,buy,1,1,626214,2023-10-09 13:33:00,13,813,0.0002687284317317149,925.64,True,139.0,20231009
LONG,653,exit,sell,1,1,626353,2023-10-09 15:52:00,15,952,0.0003102038226853953,925.64,True,139.0,20231009
LONG,654,entry,buy,1,1,627407,2023-10-10 10:29:00,10,629,0.0004482163308736602,1090.64,True,153.0,20231010
LONG,654,exit,sell,1,1,627560,2023-10-10 13:02:00,13,782,0.00024179501669148557,1090.64,True,153.0,20231010
LONG,655,entry,buy,1,1,628732,2023-10-11 09:34:00,9,574,0.0003646969133101563,-1049.36,False,29.0,20231011
LONG,655,exit,sell,1,1,628761,2023-10-11 10:03:00,10,603,0.00040530928529271314,-1049.36,False,29.0,20231011
LONG,656,entry,buy,1,1,632509,2023-10-16 03:31:00,3,211,0.00024060732043021857,-104.36,False,2.0,20231016
LONG,656,exit,sell,1,1,632511,2023-10-16 03:33:00,3,213,0.00024228363447097436,-104.36,False,2.0,20231016
LONG,657,entry,buy,1,1,632565,2023-10-16 04:27:00,4,267,0.0002996236888004719,45.64,True,54.0,20231016
LONG,657,exit,sell,1,1,632619,2023-10-16 05:21:00,5,321,0.00018287952215931242,45.64,True,54.0,20231016
LONG,658,entry,buy,1,1,632716,2023-10-16 06:58:00,6,418,0.00018847021287289026,0.6399999999999997,True,71.0,20231016
LONG,658,exit,sell,1,1,632787,2023-10-16 08:09:00,8,489,0.0002089861201965205,0.6399999999999997,True,71.0,20231016
LONG,659,entry,buy,1,2,632871,2023-10-16 09:33:00,9,573,0.0002529651948066182,21.28,True,12.0,20231016
LONG,659,exit,sell,1,2,632883,2023-10-16 09:45:00,9,585,0.000385444566523849,21.28,True,12.0,20231016
LONG,660,entry,buy,1,1,632898,2023-10-16 10:00:00,10,600,0.00043698754466110973,815.64,True,107.0,20231016
LONG,660,exit,sell,1,1,633005,2023-10-16 11:47:00,11,707,0.00032892277865145776,815.64,True,107.0,20231016
LONG,661,entry,buy,1,2,633081,2023-10-16 13:03:00,13,783,0.0002922026578633874,-2178.72,False,18.0,20231016
LONG,661,exit,sell,1,2,633099,2023-10-16 13:21:00,13,801,0.00044253182455941046,-2178.72,False,18.0,20231016
LONG,662,entry,buy,1,1,634302,2023-10-17 10:24:00,10,624,0.0005373707175968654,-204.36,False,39.0,20231017
LONG,662,exit,sell,1,1,634341,2023-10-17 11:03:00,11,663,0.0005320590334711144,-204.36,False,39.0,20231017
LONG,663,entry,buy,1,1,634355,2023-10-17 11:17:00,11,677,0.0005155875598996865,510.64,True,134.0,20231017
LONG,663,exit,sell,1,1,634489,2023-10-17 13:31:00,13,811,0.0003261295451223735,510.64,True,134.0,20231017
LONG,664,entry,buy,1,1,634639,2023-10-17 16:01:00,16,961,0.0003261743963188174,85.64,True,39.0,20231017
LONG,664,exit,sell,1,1,634678,2023-10-17 16:40:00,16,1000,0.00020518909020076866,85.64,True,39.0,20231017
LONG,665,entry,buy,1,1,638849,2023-10-22 18:11:00,18,1091,0.00021762580332287265,-184.36,False,540.0,20231023
LONG,665,exit,sell,1,1,639389,2023-10-23 03:11:00,3,191,0.0001233478900147951,-184.36,False,540.0,20231023
LONG,666,entry,buy,1,1,639662,2023-10-23 07:44:00,7,464,0.00019561287000591885,-609.36,False,20.0,20231023
LONG,666,exit,sell,1,1,639682,2023-10-23 08:04:00,8,484,0.00022443024730490495,-609.36,False,20.0,20231023
LONG,667,entry,buy,1,1,639699,2023-10-23 08:21:00,8,501,0.0002518376518962514,-564.36,False,73.0,20231023
LONG,667,exit,sell,1,1,639772,2023-10-23 09:34:00,9,574,0.0003377786530920101,-564.36,False,73.0,20231023
LONG,668,entry,buy,1,1,640653,2023-10-24 01:15:00,1,75,8.058202563976496e-05,95.64,True,146.0,20231024
LONG,668,exit,sell,1,1,640799,2023-10-24 03:41:00,3,221,0.00019177461930905873,95.64,True,146.0,20231024
LONG,669,entry,buy,1,1,640868,2023-10-24 04:50:00,4,290,0.0002226698847449351,225.64,True,89.0,20231024
LONG,669,exit,sell,1,1,640957,2023-10-24 06:19:00,6,379,0.0001505692347985756,225.64,True,89.0,20231024
LONG,670,entry,buy,1,2,641019,2023-10-24 07:21:00,7,441,0.00015432659339832748,-588.72,False,41.0,20231024
LONG,670,exit,sell,1,2,641060,2023-10-24 08:02:00,8,482,0.00015761555514063645,-588.72,False,41.0,20231024
LONG,671,entry,buy,1,1,641153,2023-10-24 09:35:00,9,575,0.00035670205649230414,325.64,True,6.0,20231024
LONG,671,exit,sell,1,1,641159,2023-10-24 09:41:00,9,581,0.0004111307859455095,325.64,True,6.0,20231024
LONG,672,entry,buy,1,1,641160,2023-10-24 09:42:00,9,582,0.00041440779393027807,-729.36,False,4.0,20231024
LONG,672,exit,sell,1,1,641164,2023-10-24 09:46:00,9,586,0.000503108305953212,-729.36,False,4.0,20231024
LONG,673,entry,buy,1,1,641177,2023-10-24 09:59:00,9,599,0.0005427461119277769,-549.36,False,5.0,20231024
LONG,673,exit,sell,1,1,641182,2023-10-24 10:04:00,10,604,0.0005710720272797026,-549.36,False,5.0,20231024
LONG,674,entry,buy,1,1,641187,2023-10-24 10:09:00,10,609,0.000601183422191297,-834.36,False,11.0,20231024
LONG,674,exit,sell,1,1,641198,2023-10-24 10:20:00,10,620,0.000630654781755155,-834.36,False,11.0,20231024
LONG,675,entry,buy,1,1,642453,2023-10-25 08:15:00,8,495,0.00016412833658866562,-94.36,False,4.0,20231025
LONG,675,exit,sell,1,1,642457,2023-10-25 08:19:00,8,499,0.00016428725530672993,-94.36,False,4.0,20231025
LONG,676,entry,buy,1,1,642459,2023-10-25 08:21:00,8,501,0.00014529956573264714,-79.36,False,6.0,20231025
LONG,676,exit,sell,1,1,642465,2023-10-25 08:27:00,8,507,0.0001466400831667889,-79.36,False,6.0,20231025
LONG,677,entry,buy,1,1,642466,2023-10-25 08:28:00,8,508,0.00014849379493428374,-69.36,False,1.0,20231025
LONG,677,exit,sell,1,1,642467,2023-10-25 08:29:00,8,509,0.0001510508358117747,-69.36,False,1.0,20231025
LONG,678,entry,buy,1,1,643666,2023-10-26 05:28:00,5,328,0.0002383795577738594,-454.36,False,35.0,20231026
LONG,678,exit,sell,1,1,643701,2023-10-26 06:03:00,6,363,0.00021088405539362528,-454.36,False,35.0,20231026
LONG,679,entry,buy,1,1,643715,2023-10-26 06:17:00,6,377,0.0001883473802343291,-264.36,False,36.0,20231026
LONG,679,exit,sell,1,1,643751,2023-10-26 06:53:00,6,413,0.00018720748392514082,-264.36,False,36.0,20231026
LONG,680,entry,buy,1,1,643834,2023-10-26 08:16:00,8,496,0.00020023009829947546,470.64,True,84.0,20231026
LONG,680,exit,sell,1,1,643918,2023-10-26 09:40:00,9,580,0.0005540542666053089,470.64,True,84.0,20231026
LONG,681,entry,buy,1,1,644360,2023-10-26 18:02:00,18,1082,0.000381015158150191,-59.36,False,4.0,20231027
LONG,681,exit,sell,1,1,644364,2023-10-26 18:06:00,18,1086,0.0003555322331625194,-59.36,False,4.0,20231027
LONG,682,entry,buy,1,1,644365,2023-10-26 18:07:00,18,1087,0.0003389760692138773,-34.36,False,1.0,20231027
LONG,682,exit,sell,1,1,644366,2023-10-26 18:08:00,18,1088,0.0003379395716015227,-34.36,False,1.0,20231027
LONG,683,entry,buy,1,1,644368,2023-10-26 18:10:00,18,1090,0.00030405951943237886,1005.64,True,928.0,20231027
LONG,683,exit,sell,1,1,645296,2023-10-27 09:38:00,9,578,0.00037858047099198006,1005.64,True,928.0,20231027
LONG,684,entry,buy,1,1,645305,2023-10-27 09:47:00,9,587,0.00046993269337736464,-754.36,False,16.0,20231027
LONG,684,exit,sell,1,1,645321,2023-10-27 10:03:00,10,603,0.0005893268695006173,-754.36,False,16.0,20231027
LONG,685,entry,buy,1,1,645334,2023-10-27 10:16:00,10,616,0.0007202088703614323,-604.36,False,25.0,20231027
LONG,685,exit,sell,1,1,645359,2023-10-27 10:41:00,10,641,0.0007460617050286703,-604.36,False,25.0,20231027
LONG,686,entry,buy,1,1,645360,2023-10-27 10:42:00,10,642,0.0007540374417845004,-149.36,False,1.0,20231027
LONG,686,exit,sell,1,1,645361,2023-10-27 10:43:00,10,643,0.0007562154691245851,-149.36,False,1.0,20231027
LONG,687,entry,buy,1,1,645368,2023-10-27 10:50:00,10,650,0.0007145221881414562,390.64,True,3.0,20231027
LONG,687,exit,sell,1,1,645371,2023-10-27 10:53:00,10,653,0.0006941951090033854,390.64,True,3.0,20231027
LONG,688,entry,buy,1,1,645394,2023-10-27 11:16:00,11,676,0.0005467328140101035,-1674.36,False,96.0,20231027
LONG,688,exit,sell,1,1,645490,2023-10-27 12:52:00,12,772,0.0004417749441690704,-1674.36,False,96.0,20231027
LONG,689,entry,buy,1,1,646677,2023-10-30 09:39:00,9,579,0.0003803666035192677,-769.36,False,39.0,20231030
LONG,689,exit,sell,1,1,646716,2023-10-30 10:18:00,10,618,0.0005998659861834041,-769.36,False,39.0,20231030
LONG,690,entry,buy,1,1,646750,2023-10-30 10:52:00,10,652,0.0005673470306706773,-584.36,False,31.0,20231030
LONG,690,exit,sell,1,1,646781,2023-10-30 11:23:00,11,683,0.0005060744083012047,-584.36,False,31.0,20231030
LONG,691,entry,buy,1,1,647749,2023-10-31 04:31:00,4,271,0.00015025221016414444,195.64,True,54.0,20231031
LONG,691,exit,sell,1,1,647803,2023-10-31 05:25:00,5,325,0.00016648483886356864,195.64,True,54.0,20231031
LONG,692,entry,buy,1,1,647818,2023-10-31 05:40:00,5,340,0.00018888915287187117,110.64,True,178.0,20231031
LONG,692,exit,sell,1,1,647996,2023-10-31 08:38:00,8,518,0.0002611442341382874,110.64,True,178.0,20231031
LONG,693,entry,buy,1,1,649375,2023-11-01 08:37:00,8,517,0.0002851773158793453,-224.36,False,8.0,20231101
LONG,693,exit,sell,1,1,649383,2023-11-01 08:45:00,8,525,0.00031215006923778437,-224.36,False,8.0,20231101
LONG,694,entry,buy,1,2,649417,2023-11-01 09:19:00,9,559,0.0003859009338984921,2981.28,True,121.0,20231101
LONG,694,exit,sell,1,2,649538,2023-11-01 11:20:00,11,680,0.0003794617392083622,2981.28,True,121.0,20231101
LONG,695,entry,buy,1,1,652130,2023-11-03 08:32:00,8,512,0.000559752866280357,70.64,True,2.0,20231103
LONG,695,exit,sell,1,1,652132,2023-11-03 08:34:00,8,514,0.0005885972525979231,70.64,True,2.0,20231103
LONG,696,entry,buy,1,2,652133,2023-11-03 08:35:00,8,515,0.0006130973713664329,-828.72,False,1.0,20231103
LONG,696,exit,sell,1,2,652134,2023-11-03 08:36:00,8,516,0.0006338636543454454,-828.72,False,1.0,20231103
LONG,697,entry,buy,1,1,652190,2023-11-03 09:32:00,9,572,0.00043843301682319286,-719.36,False,8.0,20231103
LONG,697,exit,sell,1,1,652198,2023-11-03 09:40:00,9,580,0.00038174447527956706,-719.36,False,8.0,20231103
LONG,698,entry,buy,1,2,655007,2023-11-07 10:29:00,10,629,0.0004203762270316442,1011.28,True,79.0,20231107
LONG,698,exit,sell,1,2,655086,2023-11-07 11:48:00,11,708,0.0002878518452252595,1011.28,True,79.0,20231107
LONG,699,entry,buy,1,2,658652,2023-11-10 02:14:00,2,134,8.610698137686373e-05,-278.72,False,101.0,20231110
LONG,699,exit,sell,1,2,658753,2023-11-10 03:55:00,3,235,0.00012800890695376771,-278.72,False,101.0,20231110
LONG,700,entry,buy,1,1,658805,2023-11-10 04:47:00,4,287,0.00015610017141890452,-124.36,False,21.0,20231110
LONG,700,exit,sell,1,1,658826,2023-11-10 05:08:00,5,308,0.00016125043405750217,-124.36,False,21.0,20231110
LONG,701,entry,buy,1,1,658997,2023-11-10 07:59:00,7,479,0.00014583562863480751,6245.64,True,521.0,20231110
LONG,701,exit,sell,1,1,659518,2023-11-10 16:40:00,16,1000,0.00015708918907556807,6245.64,True,521.0,20231110
LONG,702,entry,buy,1,2,661536,2023-11-14 04:18:00,4,258,9.034157681744466e-05,-278.72,False,12.0,20231114
LONG,702,exit,sell,1,2,661548,2023-11-14 04:30:00,4,270,9.37957405706352e-05,-278.72,False,12.0,20231114
LONG,703,entry,buy,1,2,661790,2023-11-14 08:32:00,8,512,0.0011270438533847122,-758.72,False,7.0,20231114
LONG,703,exit,sell,1,2,661797,2023-11-14 08:39:00,8,519,0.0011397604843178632,-758.72,False,7.0,20231114
LONG,704,entry,buy,1,1,661799,2023-11-14 08:41:00,8,521,0.0011412029211663305,110.64,True,14.0,20231114
LONG,704,exit,sell,1,1,661813,2023-11-14 08:55:00,8,535,0.0011830255000195176,110.64,True,14.0,20231114
LONG,705,entry,buy,1,2,661843,2023-11-14 09:25:00,9,565,0.00119520705833061,2821.28,True,435.0,20231114
LONG,705,exit,sell,1,2,662278,2023-11-14 16:40:00,16,1000,0.00022375029513480363,2821.28,True,435.0,20231114
LONG,706,entry,buy,1,1,663758,2023-11-15 19:20:00,19,1160,6.112156761262327e-05,-609.36,False,91.0,20231116
LONG,706,exit,sell,1,1,663849,2023-11-15 20:51:00,20,1251,0.00010832472618698949,-609.36,False,91.0,20231116
LONG,707,entry,buy,1,1,664035,2023-11-15 23:57:00,23,1437,6.791644907177829e-05,30.64,True,178.0,20231116
LONG,707,exit,sell,1,1,664213,2023-11-16 02:55:00,2,175,0.00011379349800769274,30.64,True,178.0,20231116
LONG,708,entry,buy,1,1,664226,2023-11-16 03:08:00,3,188,0.00014681776443220405,-324.36,False,2.0,20231116
LONG,708,exit,sell,1,1,664228,2023-11-16 03:10:00,3,190,0.0001693009029707373,-324.36,False,2.0,20231116
LONG,709,entry,buy,1,1,664246,2023-11-16 03:28:00,3,208,0.00017408596635331333,-214.36,False,15.0,20231116
LONG,709,exit,sell,1,1,664261,2023-11-16 03:43:00,3,223,0.0001826093874188408,-214.36,False,15.0,20231116
LONG,710,entry,buy,1,1,667037,2023-11-20 03:59:00,3,239,0.00013453201343517477,-24.36,False,1.0,20231120
LONG,710,exit,sell,1,1,667038,2023-11-20 04:00:00,4,240,0.00013546551741299944,-24.36,False,1.0,20231120
LONG,711,entry,buy,1,1,667040,2023-11-20 04:02:00,4,242,0.00014457752759256093,-29.36,False,2.0,20231120
LONG,711,exit,sell,1,1,667042,2023-11-20 04:04:00,4,244,0.00014405146021178312,-29.36,False,2.0,20231120
LONG,712,entry,buy,1,1,667046,2023-11-20 04:08:00,4,248,0.00014547036994294816,295.64,True,96.0,20231120
LONG,712,exit,sell,1,1,667142,2023-11-20 05:44:00,5,344,0.00010020551279250943,295.64,True,96.0,20231120
LONG,713,entry,buy,1,1,667209,2023-11-20 06:51:00,6,411,0.00010805340590133672,-274.36,False,47.0,20231120
LONG,713,exit,sell,1,1,667256,2023-11-20 07:38:00,7,458,0.00011807529963593673,-274.36,False,47.0,20231120
LONG,714,entry,buy,1,1,667322,2023-11-20 08:44:00,8,524,0.00012340918800216974,-19.36,False,33.0,20231120
LONG,714,exit,sell,1,1,667355,2023-11-20 09:17:00,9,557,0.00013119541677613733,-19.36,False,33.0,20231120
LONG,715,entry,buy,1,1,667358,2023-11-20 09:20:00,9,560,0.00013123940729323674,-64.36,False,1.0,20231120
LONG,715,exit,sell,1,1,667359,2023-11-20 09:21:00,9,561,0.0001325465489472681,-64.36,False,1.0,20231120
LONG,716,entry,buy,1,1,667370,2023-11-20 09:32:00,9,572,0.0002782821527178869,2650.64,True,385.0,20231120
LONG,716,exit,sell,1,1,667755,2023-11-20 15:57:00,15,957,0.00014705285292567426,2650.64,True,385.0,20231120
LONG,717,entry,buy,1,1,667912,2023-11-20 19:34:00,19,1174,6.225193383462749e-05,-134.36,False,40.0,20231121
LONG,717,exit,sell,1,1,667952,2023-11-20 20:14:00,20,1214,6.159817580168263e-05,-134.36,False,40.0,20231121
LONG,718,entry,buy,1,1,667969,2023-11-20 20:31:00,20,1231,6.613309560409151e-05,-54.36,False,67.0,20231121
LONG,718,exit,sell,1,1,668036,2023-11-20 21:38:00,21,1298,5.8281127549646084e-05,-54.36,False,67.0,20231121
LONG,719,entry,buy,1,1,668072,2023-11-20 22:14:00,22,1334,4.800095277364566e-05,-274.36,False,143.0,20231121
LONG,719,exit,sell,1,1,668215,2023-11-21 00:37:00,0,37,4.484067730737992e-05,-274.36,False,143.0,20231121
LONG,720,entry,buy,1,1,668225,2023-11-21 00:47:00,0,47,5.3830315378048246e-05,-144.36,False,10.0,20231121
LONG,720,exit,sell,1,1,668235,2023-11-21 00:57:00,0,57,5.8110936665709876e-05,-144.36,False,10.0,20231121
LONG,721,entry,buy,1,2,669894,2023-11-22 05:36:00,5,336,0.00012557872755691892,811.28,True,77.0,20231122
LONG,721,exit,sell,1,2,669971,2023-11-22 06:53:00,6,413,0.00012165015305212389,811.28,True,77.0,20231122
LONG,722,entry,buy,1,2,669993,2023-11-22 07:15:00,7,435,0.0001251461252393871,351.28,True,77.0,20231122
LONG,722,exit,sell,1,2,670070,2023-11-22 08:32:00,8,512,0.00014842658172744584,351.28,True,77.0,20231122
LONG,723,entry,buy,1,2,671011,2023-11-23 01:14:00,1,74,4.102107875380018e-05,1.2799999999999994,True,10.0,20231123
LONG,723,exit,sell,1,2,671021,2023-11-23 01:24:00,1,84,4.19229567274914e-05,1.2799999999999994,True,10.0,20231123
LONG,724,entry,buy,1,2,671025,2023-11-23 01:28:00,1,88,4.3247951031317054e-05,-398.72,False,23.0,20231123
LONG,724,exit,sell,1,2,671048,2023-11-23 01:51:00,1,111,5.01067417261702e-05,-398.72,False,23.0,20231123
LONG,725,entry,buy,1,2,671063,2023-11-23 02:06:00,2,126,6.199524189951061e-05,-128.72,False,55.0,20231123
LONG,725,exit,sell,1,2,671118,2023-11-23 03:01:00,3,181,8.819910734682143e-05,-128.72,False,55.0,20231123
LONG,726,entry,buy,1,1,673658,2023-11-27 07:06:00,7,426,7.105421561080491e-05,75.64,True,1.0,20231127
LONG,726,exit,sell,1,1,673659,2023-11-27 07:07:00,7,427,7.526375950422873e-05,75.64,True,1.0,20231127
LONG,727,entry,buy,1,1,673660,2023-11-27 07:08:00,7,428,7.562517148505948e-05,-14.36,False,1.0,20231127
LONG,727,exit,sell,1,1,673661,2023-11-27 07:09:00,7,429,7.571266248517721e-05,-14.36,False,1.0,20231127
LONG,728,entry,buy,1,1,673664,2023-11-27 07:12:00,7,432,7.615597282312106e-05,-199.36,False,15.0,20231127
LONG,728,exit,sell,1,1,673679,2023-11-27 07:27:00,7,447,8.664653617228369e-05,-199.36,False,15.0,20231127
LONG,729,entry,buy,1,1,673725,2023-11-27 08:13:00,8,493,0.00010217648800243419,-154.36,False,24.0,20231127
LONG,729,exit,sell,1,1,673749,2023-11-27 08:37:00,8,517,9.48454878765988e-05,-154.36,False,24.0,20231127
LONG,730,entry,buy,1,1,673804,2023-11-27 09:32:00,9,572,0.0002857421276852147,-594.36,False,1.0,20231127
LONG,730,exit,sell,1,1,673805,2023-11-27 09:33:00,9,573,0.0003538746110585261,-594.36,False,1.0,20231127
LONG,731,entry,buy,1,1,673843,2023-11-27 10:11:00,10,611,0.00042514695865122665,-404.36,False,2.0,20231127
LONG,731,exit,sell,1,1,673845,2023-11-27 10:13:00,10,613,0.0004390961368086818,-404.36,False,2.0,20231127
LONG,732,entry,buy,1,1,673867,2023-11-27 10:35:00,10,635,0.00030791537368736173,-99.36,False,3.0,20231127
LONG,732,exit,sell,1,1,673870,2023-11-27 10:38:00,10,638,0.0003105854230608963,-99.36,False,3.0,20231127
LONG,733,entry,buy,1,1,679428,2023-12-01 11:16:00,11,676,0.000440427469024915,-244.36,False,2.0,20231201
LONG,733,exit,sell,1,1,679430,2023-12-01 11:18:00,11,678,0.00045396075714308987,-244.36,False,2.0,20231201
LONG,734,entry,buy,1,1,679431,2023-12-01 11:19:00,11,679,0.0004574965409122065,-424.36,False,3.0,20231201
LONG,734,exit,sell,1,1,679434,2023-12-01 11:22:00,11,682,0.0004622555529822401,-424.36,False,3.0,20231201
LONG,735,entry,buy,1,1,679456,2023-12-01 11:44:00,11,704,0.0005325899334379127,365.64,True,106.0,20231201
LONG,735,exit,sell,1,1,679562,2023-12-01 13:30:00,13,810,0.0002452520044506397,365.64,True,106.0,20231201
LONG,736,entry,buy,1,1,682089,2023-12-05 09:37:00,9,577,0.0003302417894813279,-324.36,False,5.0,20231205
LONG,736,exit,sell,1,1,682094,2023-12-05 09:42:00,9,582,0.0003607600143630567,-324.36,False,5.0,20231205
LONG,737,entry,buy,1,1,682095,2023-12-05 09:43:00,9,583,0.000368000423068948,1450.64,True,29.0,20231205
LONG,737,exit,sell,1,1,682124,2023-12-05 10:12:00,10,612,0.0005753430704749613,1450.64,True,29.0,20231205
LONG,738,entry,buy,1,1,684479,2023-12-07 03:27:00,3,207,0.0001341713393972865,-124.36,False,2.0,20231207
LONG,738,exit,sell,1,1,684481,2023-12-07 03:29:00,3,209,0.00013555759993456193,-124.36,False,2.0,20231207
LONG,739,entry,buy,1,1,684555,2023-12-07 04:43:00,4,283,0.00016258707127201214,1125.64,True,308.0,20231207
LONG,739,exit,sell,1,1,684863,2023-12-07 09:51:00,9,591,0.0003505169555620858,1125.64,True,308.0,20231207
LONG,740,entry,buy,1,1,686173,2023-12-08 08:41:00,8,521,0.00043327861001196346,-189.36,False,26.0,20231208
LONG,740,exit,sell,1,1,686199,2023-12-08 09:07:00,9,547,0.0004860021422675658,-189.36,False,26.0,20231208
LONG,741,entry,buy,1,1,686225,2023-12-08 09:33:00,9,573,0.000467934480595917,-9.36,False,25.0,20231208
LONG,741,exit,sell,1,1,686250,2023-12-08 09:58:00,9,598,0.0004654070071217798,-9.36,False,25.0,20231208
LONG,742,entry,buy,1,1,686253,2023-12-08 10:01:00,10,601,0.0005374248409061184,1205.64,True,399.0,20231208
LONG,742,exit,sell,1,1,686652,2023-12-08 16:40:00,16,1000,0.00011667579574567015,1205.64,True,399.0,20231208
LONG,743,entry,buy,1,2,693952,2023-12-18 00:22:00,0,22,4.8778283341295745e-05,-718.72,False,101.0,20231218
LONG,743,exit,sell,1,2,694053,2023-12-18 02:03:00,2,123,5.6962901318676684e-05,-718.72,False,101.0,20231218
LONG,744,entry,buy,1,2,694089,2023-12-18 02:39:00,2,159,7.695450953204501e-05,-198.72,False,18.0,20231218
LONG,744,exit,sell,1,2,694107,2023-12-18 02:57:00,2,177,7.808891685969945e-05,-198.72,False,18.0,20231218
LONG,745,entry,buy,1,1,694144,2023-12-18 03:34:00,3,214,0.00014078252245649907,390.64,True,44.0,20231218
LONG,745,exit,sell,1,1,694188,2023-12-18 04:18:00,4,258,0.00015257604298574753,390.64,True,44.0,20231218
LONG,746,entry,buy,1,2,694668,2023-12-18 12:18:00,12,738,0.00014908816809826563,-148.72,False,5.0,20231218
LONG,746,exit,sell,1,2,694673,2023-12-18 12:23:00,12,743,0.00015402512443313875,-148.72,False,5.0,20231218
LONG,747,entry,buy,1,2,694738,2023-12-18 13:28:00,13,808,0.00014222747280627152,-118.72,False,149.0,20231218
LONG,747,exit,sell,1,2,694887,2023-12-18 15:57:00,15,957,0.0001481668595549093,-118.72,False,149.0,20231218
LONG,748,entry,buy,1,2,695749,2023-12-19 07:19:00,7,439,0.00012020705751775934,-628.72,False,2.0,20231219
LONG,748,exit,sell,1,2,695751,2023-12-19 07:21:00,7,441,0.0001403051739526036,-628.72,False,2.0,20231219
LONG,749,entry,buy,1,2,695881,2023-12-19 09:31:00,9,571,0.00019311028153395256,91.28,True,2.0,20231219
LONG,749,exit,sell,1,2,695883,2023-12-19 09:33:00,9,573,0.00019115312124160508,91.28,True,2.0,20231219
LONG,750,entry,buy,1,2,697323,2023-12-20 10:33:00,10,633,0.00017280930092841205,-758.72,False,15.0,20231220
LONG,750,exit,sell,1,2,697338,2023-12-20 10:48:00,10,648,0.00019892351370580702,-758.72,False,15.0,20231220
LONG,751,entry,buy,1,1,697757,2023-12-20 18:47:00,18,1127,8.727805661295986e-05,-39.36,False,81.0,20231221
LONG,751,exit,sell,1,1,697838,2023-12-20 20:08:00,20,1208,7.070391580410434e-05,-39.36,False,81.0,20231221
LONG,752,entry,buy,1,2,697922,2023-12-20 21:32:00,21,1292,7.015160845140742e-05,3901.28,True,708.0,20231221
LONG,752,exit,sell,1,2,698630,2023-12-21 09:20:00,9,560,0.00031231607524109144,3901.28,True,708.0,20231221
LONG,753,entry,buy,1,1,700039,2023-12-22 09:49:00,9,589,0.00025116442759224287,-459.36,False,13.0,20231222
LONG,753,exit,sell,1,1,700052,2023-12-22 10:02:00,10,602,0.0002810408237171862,-459.36,False,13.0,20231222
LONG,754,entry,buy,1,1,700141,2023-12-22 11:31:00,11,691,0.00028255150929435525,-514.36,False,37.0,20231222
LONG,754,exit,sell,1,1,700178,2023-12-22 12:08:00,12,728,0.00029318085489059406,-514.36,False,37.0,20231222
LONG,755,entry,buy,1,1,700236,2023-12-22 13:06:00,13,786,0.0002626553797092439,100.64,True,45.0,20231222
LONG,755,exit,sell,1,1,700281,2023-12-22 13:51:00,13,831,0.000134197253953657,100.64,True,45.0,20231222
LONG,756,entry,buy,1,1,705172,2023-12-29 03:22:00,3,202,7.048224645616435e-05,-74.36,False,37.0,20231229
LONG,756,exit,sell,1,1,705209,2023-12-29 03:59:00,3,239,7.513456530596811e-05,-74.36,False,37.0,20231229
LONG,757,entry,buy,1,1,706914,2024-01-02 09:24:00,9,564,0.00017829377918372202,-829.36,False,11.0,20240102
LONG,757,exit,sell,1,1,706925,2024-01-02 09:35:00,9,575,0.00023518345651822668,-829.36,False,11.0,20240102
LONG,758,entry,buy,1,2,709231,2024-01-04 02:01:00,2,121,7.184361078954094e-05,-638.72,False,113.0,20240104
LONG,758,exit,sell,1,2,709344,2024-01-04 03:54:00,3,234,0.00015813014782683563,-638.72,False,113.0,20240104
LONG,759,entry,buy,1,1,709360,2024-01-04 04:10:00,4,250,0.00016165738810034182,135.64,True,38.0,20240104
LONG,759,exit,sell,1,1,709398,2024-01-04 04:48:00,4,288,0.00015312921541469883,135.64,True,38.0,20240104
LONG,760,entry,buy,1,1,709566,2024-01-04 07:36:00,7,456,0.0002064547705792451,-49.36,False,1.0,20240104
LONG,760,exit,sell,1,1,709567,2024-01-04 07:37:00,7,457,0.00020424622894651346,-49.36,False,1.0,20240104
LONG,761,entry,buy,1,1,709682,2024-01-04 09:32:00,9,572,0.00023477970250982157,355.64,True,195.0,20240104
LONG,761,exit,sell,1,1,709877,2024-01-04 12:47:00,12,767,0.00027130212584775557,355.64,True,195.0,20240104
LONG,762,entry,buy,1,1,709878,2024-01-04 12:48:00,12,768,0.0002705875314731364,-99.36,False,1.0,20240104
LONG,762,exit,sell,1,1,709879,2024-01-04 12:49:00,12,769,0.00027107134677901886,-99.36,False,1.0,20240104
LONG,763,entry,buy,1,1,709885,2024-01-04 12:55:00,12,775,0.0002627569494808553,-124.36,False,3.0,20240104
LONG,763,exit,sell,1,1,709888,2024-01-04 12:58:00,12,778,0.0002703786795988242,-124.36,False,3.0,20240104
LONG,764,entry,buy,1,1,709889,2024-01-04 12:59:00,12,779,0.0002709303025189293,85.64,True,10.0,20240104
LONG,764,exit,sell,1,1,709899,2024-01-04 13:09:00,13,789,0.000273729271290809,85.64,True,10.0,20240104
LONG,765,entry,buy,1,1,709900,2024-01-04 13:10:00,13,790,0.0002736146276287053,-84.36,False,4.0,20240104
LONG,765,exit,sell,1,1,709904,2024-01-04 13:14:00,13,794,0.0002801548387174083,-84.36,False,4.0,20240104
LONG,766,entry,buy,1,1,709905,2024-01-04 13:15:00,13,795,0.0002790687594216653,-344.36,False,102.0,20240104
LONG,766,exit,sell,1,1,710007,2024-01-04 14:57:00,14,897,0.0002510497171249247,-344.36,False,102.0,20240104
LONG,767,entry,buy,1,1,711022,2024-01-05 08:52:00,8,532,0.000512083488912426,1415.64,True,468.0,20240105
LONG,767,exit,sell,1,1,711490,2024-01-05 16:40:00,16,1000,0.00018349858358259375,1415.64,True,468.0,20240105
LONG,768,entry,buy,1,1,711591,2024-01-07 19:21:00,19,1161,9.092260286500723e-05,-704.36,False,101.0,20240108
LONG,768,exit,sell,1,1,711692,2024-01-07 21:02:00,21,1262,0.0001102453782693281,-704.36,False,101.0,20240108
LONG,769,entry,buy,1,1,712068,2024-01-08 03:18:00,3,198,0.00017983451326789032,-234.36,False,26.0,20240108
LONG,769,exit,sell,1,1,712094,2024-01-08 03:44:00,3,224,0.0002033267093773798,-234.36,False,26.0,20240108
LONG,770,entry,buy,1,1,712165,2024-01-08 04:55:00,4,295,0.00018904763763875418,30.64,True,64.0,20240108
LONG,770,exit,sell,1,1,712229,2024-01-08 05:59:00,5,359,0.00014803476538485696,30.64,True,64.0,20240108
LONG,771,entry,buy,1,1,712243,2024-01-08 06:13:00,6,373,0.00017966288108654484,270.64,True,85.0,20240108
LONG,771,exit,sell,1,1,712328,2024-01-08 07:38:00,7,458,0.00015585216425232498,270.64,True,85.0,20240108
LONG,772,entry,buy,1,1,712348,2024-01-08 07:58:00,7,478,0.0001800345053081205,-29.36,False,59.0,20240108
LONG,772,exit,sell,1,1,712407,2024-01-08 08:57:00,8,537,0.00018048402595776303,-29.36,False,59.0,20240108
LONG,773,entry,buy,1,2,712426,2024-01-08 09:16:00,9,556,0.0001713491078292918,11631.28,True,444.0,20240108
LONG,773,exit,sell,1,2,712870,2024-01-08 16:40:00,16,1000,0.00018237734576786663,11631.28,True,444.0,20240108
LONG,774,entry,buy,1,1,713822,2024-01-09 09:33:00,9,573,0.00022967117558697015,-224.36,False,3.0,20240109
LONG,774,exit,sell,1,1,713825,2024-01-09 09:36:00,9,576,0.0002705376385340792,-224.36,False,3.0,20240109
LONG,775,entry,buy,1,1,713859,2024-01-09 10:10:00,10,610,0.00036585676973562226,-139.36,False,23.0,20240109
LONG,775,exit,sell,1,1,713882,2024-01-09 10:33:00,10,633,0.000363027254675377,-139.36,False,23.0,20240109
LONG,776,entry,buy,1,1,713893,2024-01-09 10:44:00,10,644,0.0003267022112608027,-224.36,False,11.0,20240109
LONG,776,exit,sell,1,1,713904,2024-01-09 10:55:00,10,655,0.00031302414594329756,-224.36,False,11.0,20240109
LONG,777,entry,buy,1,1,713913,2024-01-09 11:04:00,11,664,0.0003205357914791588,25.64,True,3.0,20240109
LONG,777,exit,sell,1,1,713916,2024-01-09 11:07:00,11,667,0.0003169451505510351,25.64,True,3.0,20240109
LONG,778,entry,buy,1,1,713917,2024-01-09 11:08:00,11,668,0.00031793040348079507,-89.36,False,1.0,20240109
LONG,778,exit,sell,1,1,713918,2024-01-09 11:09:00,11,669,0.0003098894647444212,-89.36,False,1.0,20240109
LONG,779,entry,buy,1,1,713924,2024-01-09 11:15:00,11,675,0.0002981870346217192,1565.64,True,112.0,20240109
LONG,779,exit,sell,1,1,714036,2024-01-09 13:07:00,13,787,0.0002461406532942675,1565.64,True,112.0,20240109
LONG,780,entry,buy,1,2,714082,2024-01-09 13:53:00,13,833,0.00032805299091333685,-1528.72,False,34.0,20240109
LONG,780,exit,sell,1,2,714116,2024-01-09 14:27:00,14,867,0.00030354300028679433,-1528.72,False,34.0,20240109
LONG,781,entry,buy,1,2,714876,2024-01-10 04:07:00,4,247,0.00015213139553766876,821.28,True,40.0,20240110
LONG,781,exit,sell,1,2,714916,2024-01-10 04:47:00,4,287,0.0001563205603182771,821.28,True,40.0,20240110
LONG,782,entry,buy,1,1,715201,2024-01-10 09:32:00,9,572,0.0002104642144353614,75.64,True,4.0,20240110
LONG,782,exit,sell,1,1,715205,2024-01-10 09:36:00,9,576,0.0002161971514289091,75.64,True,4.0,20240110
LONG,783,entry,buy,1,1,715206,2024-01-10 09:37:00,9,577,0.00021547492275099872,-314.36,False,10.0,20240110
LONG,783,exit,sell,1,1,715216,2024-01-10 09:47:00,9,587,0.0002480578282822313,-314.36,False,10.0,20240110
LONG,784,entry,buy,1,1,715243,2024-01-10 10:14:00,10,614,0.00033819372573190847,-54.36,False,8.0,20240110
LONG,784,exit,sell,1,1,715251,2024-01-10 10:22:00,10,622,0.00034683221942079543,-54.36,False,8.0,20240110
LONG,785,entry,buy,1,1,715252,2024-01-10 10:23:00,10,623,0.0003469915761701033,-69.36,False,2.0,20240110
LONG,785,exit,sell,1,1,715254,2024-01-10 10:25:00,10,625,0.0003477315939191788,-69.36,False,2.0,20240110
LONG,786,entry,buy,1,1,715255,2024-01-10 10:26:00,10,626,0.0003437210922551992,50.64,True,1.0,20240110
LONG,786,exit,sell,1,1,715256,2024-01-10 10:27:00,10,627,0.00034364441341866843,50.64,True,1.0,20240110
LONG,787,entry,buy,1,2,715415,2024-01-10 13:06:00,13,786,0.00021016983319496654,-438.72,False,4.0,20240110
LONG,787,exit,sell,1,2,715419,2024-01-10 13:10:00,13,790,0.00021283602118018642,-438.72,False,4.0,20240110
LONG,788,entry,buy,1,2,715483,2024-01-10 14:14:00,14,854,0.00017490834917652253,-618.72,False,68.0,20240110
LONG,788,exit,sell,1,2,715551,2024-01-10 15:22:00,15,922,0.00021630917257746548,-618.72,False,68.0,20240110
LONG,789,entry,buy,1,2,716374,2024-01-11 06:05:00,6,365,0.00010257363061165805,-138.72,False,31.0,20240111
LONG,789,exit,sell,1,2,716405,2024-01-11 06:36:00,6,396,8.750957636345234e-05,-138.72,False,31.0,20240111
LONG,790,entry,buy,1,2,716519,2024-01-11 08:30:00,8,510,0.00012014148633816925,-2908.72,False,1.0,20240111
LONG,790,exit,sell,1,2,716520,2024-01-11 08:31:00,8,511,0.0004804242632864319,-2908.72,False,1.0,20240111
LONG,791,entry,buy,1,1,717974,2024-01-12 09:45:00,9,585,0.00029371371107150124,-1004.36,False,15.0,20240112
LONG,791,exit,sell,1,1,717989,2024-01-12 10:00:00,10,600,0.0003541586118395383,-1004.36,False,15.0,20240112
LONG,792,entry,buy,1,2,718767,2024-01-14 23:58:00,23,1438,4.386712290971702e-05,561.28,True,155.0,20240115
LONG,792,exit,sell,1,2,718922,2024-01-15 02:33:00,2,153,9.552777392433982e-05,561.28,True,155.0,20240115
LONG,793,entry,buy,1,2,718959,2024-01-15 03:10:00,3,190,0.00010549143860940593,-238.72,False,21.0,20240115
LONG,793,exit,sell,1,2,718980,2024-01-15 03:31:00,3,211,0.00012320776269026442,-238.72,False,21.0,20240115
LONG,794,entry,buy,1,1,719021,2024-01-15 04:12:00,4,252,0.00016000308622927072,-49.36,False,30.0,20240115
LONG,794,exit,sell,1,1,719051,2024-01-15 04:42:00,4,282,0.00012602576144980679,-49.36,False,30.0,20240115
LONG,795,entry,buy,1,1,719196,2024-01-15 07:07:00,7,427,0.00013034595450640382,-194.36,False,51.0,20240115
LONG,795,exit,sell,1,1,719247,2024-01-15 07:58:00,7,478,0.00011663937184111414,-194.36,False,51.0,20240115
LONG,796,entry,buy,1,1,720425,2024-01-16 08:36:00,8,516,0.0001899457673286781,-14.36,False,9.0,20240116
LONG,796,exit,sell,1,1,720434,2024-01-16 08:45:00,8,525,0.00017997952238818808,-14.36,False,9.0,20240116
LONG,797,entry,buy,1,1,720480,2024-01-16 09:31:00,9,571,0.0002538827927429915,-414.36,False,8.0,20240116
LONG,797,exit,sell,1,1,720488,2024-01-16 09:39:00,9,579,0.0002951573142355665,-414.36,False,8.0,20240116
LONG,798,entry,buy,1,2,720530,2024-01-16 10:21:00,10,621,0.0004954830647690927,111.28,True,40.0,20240116
LONG,798,exit,sell,1,2,720570,2024-01-16 11:01:00,11,661,0.0004577567297308464,111.28,True,40.0,20240116
LONG,799,entry,buy,1,1,720586,2024-01-16 11:17:00,11,677,0.0005078293243466029,-729.36,False,38.0,20240116
LONG,799,exit,sell,1,1,720624,2024-01-16 11:55:00,11,715,0.0005361358764900379,-729.36,False,38.0,20240116
LONG,800,entry,buy,1,1,720722,2024-01-16 13:33:00,13,813,0.00030534644622710796,-939.36,False,21.0,20240116
LONG,800,exit,sell,1,1,720743,2024-01-16 13:54:00,13,834,0.0002907950610686576,-939.36,False,21.0,20240116
LONG,801,entry,buy,1,1,727225,2024-01-23 06:56:00,6,416,0.00011935608751400391,530.64,True,116.0,20240123
LONG,801,exit,sell,1,1,727341,2024-01-23 08:52:00,8,532,0.00013672390982010784,530.64,True,116.0,20240123
LONG,802,entry,buy,1,1,728834,2024-01-24 10:45:00,10,645,0.0002905285672367709,-574.36,False,6.0,20240124
LONG,802,exit,sell,1,1,728840,2024-01-24 10:51:00,10,651,0.00031495159997642683,-574.36,False,6.0,20240124
LONG,803,entry,buy,1,2,728902,2024-01-24 11:53:00,11,713,0.0002577195880432715,791.28,True,69.0,20240124
LONG,803,exit,sell,1,2,728971,2024-01-24 13:02:00,13,782,0.00023717533397866745,791.28,True,69.0,20240124
LONG,804,entry,buy,1,1,729783,2024-01-25 03:34:00,3,214,0.00017048077388891818,245.64,True,21.0,20240125
LONG,804,exit,sell,1,1,729804,2024-01-25 03:55:00,3,235,0.0002014397798494859,245.64,True,21.0,20240125
LONG,805,entry,buy,1,2,729990,2024-01-25 07:01:00,7,421,0.00013393020854954698,-178.72,False,16.0,20240125
LONG,805,exit,sell,1,2,730006,2024-01-25 07:17:00,7,437,0.00014115192213176792,-178.72,False,16.0,20240125
LONG,806,entry,buy,1,1,730081,2024-01-25 08:32:00,8,512,0.0001959452192477807,335.64,True,59.0,20240125
LONG,806,exit,sell,1,1,730140,2024-01-25 09:31:00,9,571,0.0003476753465438748,335.64,True,59.0,20240125
LONG,807,entry,buy,1,1,731370,2024-01-26 07:01:00,7,421,0.00014448033386613377,80.64,True,1.0,20240126
LONG,807,exit,sell,1,1,731371,2024-01-26 07:02:00,7,422,0.0001464819389007967,80.64,True,1.0,20240126
LONG,808,entry,buy,1,1,731373,2024-01-26 07:04:00,7,424,0.0001477486252545988,170.64,True,58.0,20240126
LONG,808,exit,sell,1,1,731431,2024-01-26 08:02:00,8,482,0.0001305202976584305,170.64,True,58.0,20240126
LONG,809,entry,buy,1,1,731432,2024-01-26 08:03:00,8,483,0.00013081104100414048,-139.36,False,26.0,20240126
LONG,809,exit,sell,1,1,731458,2024-01-26 08:29:00,8,509,0.000164046989336895,-139.36,False,26.0,20240126
LONG,810,entry,buy,1,1,731459,2024-01-26 08:30:00,8,510,0.00016315580173878225,-374.36,False,2.0,20240126
LONG,810,exit,sell,1,1,731461,2024-01-26 08:32:00,8,512,0.00019397090878020854,-374.36,False,2.0,20240126
LONG,811,entry,buy,1,1,731471,2024-01-26 08:42:00,8,522,0.0002436632649492404,-334.36,False,23.0,20240126
LONG,811,exit,sell,1,1,731494,2024-01-26 09:05:00,9,545,0.000277219437182663,-334.36,False,23.0,20240126
LONG,812,entry,buy,1,1,731574,2024-01-26 10:25:00,10,625,0.0003795515001150778,-494.36,False,177.0,20240126
LONG,812,exit,sell,1,1,731751,2024-01-26 13:22:00,13,802,0.000299124497214871,-494.36,False,177.0,20240126
LONG,813,entry,buy,1,1,731796,2024-01-26 14:07:00,14,847,0.00023658383465928565,-254.36,False,105.0,20240126
LONG,813,exit,sell,1,1,731901,2024-01-26 15:52:00,15,952,0.00020107416628385103,-254.36,False,105.0,20240126
LONG,814,entry,buy,1,1,732100,2024-01-28 20:11:00,20,1211,9.544175245409573e-05,640.64,True,753.0,20240129
LONG,814,exit,sell,1,1,732853,2024-01-29 08:44:00,8,524,0.00012983413492766328,640.64,True,753.0,20240129
LONG,815,entry,buy,1,1,732892,2024-01-29 09:23:00,9,563,0.00011553336104817639,-174.36,False,9.0,20240129
LONG,815,exit,sell,1,1,732901,2024-01-29 09:32:00,9,572,0.00016392605072542552,-174.36,False,9.0,20240129
LONG,816,entry,buy,1,1,732902,2024-01-29 09:33:00,9,573,0.00016435678564235916,105.64,True,1.0,20240129
LONG,816,exit,sell,1,1,732903,2024-01-29 09:34:00,9,574,0.00016895101849341256,105.64,True,1.0,20240129
LONG,817,entry,buy,1,1,732904,2024-01-29 09:35:00,9,575,0.000174770854188857,2975.64,True,425.0,20240129
LONG,817,exit,sell,1,1,733329,2024-01-29 16:40:00,16,1000,0.00015699605332242039,2975.64,True,425.0,20240129
LONG,818,entry,buy,1,2,735474,2024-01-31 06:26:00,6,386,0.00016923146168218344,1171.28,True,132.0,20240131
LONG,818,exit,sell,1,2,735606,2024-01-31 08:38:00,8,518,0.00020306729069109164,1171.28,True,132.0,20240131
LONG,819,entry,buy,1,1,736194,2024-01-31 19:26:00,19,1166,7.641913287936757e-05,75.64,True,874.0,20240201
LONG,819,exit,sell,1,1,737068,2024-02-01 10:00:00,10,600,0.00033091473484055616,75.64,True,874.0,20240201
LONG,820,entry,buy,1,1,737069,2024-02-01 10:01:00,10,601,0.00035094656579050037,-4.36,False,1.0,20240201
LONG,820,exit,sell,1,1,737070,2024-02-01 10:02:00,10,602,0.0003481412116180889,-4.36,False,1.0,20240201
LONG,821,entry,buy,1,1,737074,2024-02-01 10:06:00,10,606,0.00036252456328561295,-39.36,False,1.0,20240201
LONG,821,exit,sell,1,1,737075,2024-02-01 10:07:00,10,607,0.00036012110920942165,-39.36,False,1.0,20240201
LONG,822,entry,buy,1,1,737078,2024-02-01 10:10:00,10,610,0.0003893111963061815,-439.36,False,11.0,20240201
LONG,822,exit,sell,1,1,737089,2024-02-01 10:21:00,10,621,0.0004030257398969504,-439.36,False,11.0,20240201
LONG,823,entry,buy,1,1,737099,2024-02-01 10:31:00,10,631,0.00043745086281917405,-444.36,False,13.0,20240201
LONG,823,exit,sell,1,1,737112,2024-02-01 10:44:00,10,644,0.0004053585184458907,-444.36,False,13.0,20240201
LONG,824,entry,buy,1,1,737113,2024-02-01 10:45:00,10,645,0.0004051978842257978,-174.36,False,5.0,20240201
LONG,824,exit,sell,1,1,737118,2024-02-01 10:50:00,10,650,0.0003951958704910476,-174.36,False,5.0,20240201
LONG,825,entry,buy,1,2,737196,2024-02-01 12:08:00,12,728,0.00031424145724308263,8471.28,True,272.0,20240201
LONG,825,exit,sell,1,2,737468,2024-02-01 16:40:00,16,1000,0.0005001903536633464,8471.28,True,272.0,20240201
LONG,826,entry,buy,1,2,740452,2024-02-05 21:33:00,21,1293,7.141431080352172e-05,331.28,True,435.0,20240206
LONG,826,exit,sell,1,2,740887,2024-02-06 04:48:00,4,288,0.0001367055567840846,331.28,True,435.0,20240206
LONG,827,entry,buy,1,2,740953,2024-02-06 05:54:00,5,354,0.00011981753468936297,-668.72,False,39.0,20240206
LONG,827,exit,sell,1,2,740992,2024-02-06 06:33:00,6,393,0.0001152324060299006,-668.72,False,39.0,20240206
LONG,828,entry,buy,1,1,741065,2024-02-06 07:46:00,7,466,0.00017308342045081746,655.64,True,107.0,20240206
LONG,828,exit,sell,1,1,741172,2024-02-06 09:33:00,9,573,0.0002398073056812586,655.64,True,107.0,20240206
LONG,829,entry,buy,1,1,741556,2024-02-06 15:57:00,15,957,0.00023443860780786985,-39.36,False,43.0,20240206
LONG,829,exit,sell,1,1,741599,2024-02-06 16:40:00,16,1000,0.00018162136397370285,-39.36,False,43.0,20240206
LONG,830,entry,buy,1,1,746320,2024-02-12 03:29:00,3,209,0.00010352330331472433,-29.36,False,1.0,20240212
LONG,830,exit,sell,1,1,746321,2024-02-12 03:30:00,3,210,0.00010126949840251964,-29.36,False,1.0,20240212
LONG,831,entry,buy,1,1,746325,2024-02-12 03:34:00,3,214,0.00010191445883945387,-174.36,False,3.0,20240212
LONG,831,exit,sell,1,1,746328,2024-02-12 03:37:00,3,217,0.00010437104086886559,-174.36,False,3.0,20240212
LONG,832,entry,buy,1,1,746358,2024-02-12 04:07:00,4,247,0.00010003891846642011,-19.36,False,1.0,20240212
LONG,832,exit,sell,1,1,746359,2024-02-12 04:08:00,4,248,9.79808930953577e-05,-19.36,False,1.0,20240212
LONG,833,entry,buy,1,1,746361,2024-02-12 04:10:00,4,250,0.00010277989052095674,-139.36,False,6.0,20240212
LONG,833,exit,sell,1,1,746367,2024-02-12 04:16:00,4,256,0.00010803737895449732,-139.36,False,6.0,20240212
LONG,834,entry,buy,1,1,746368,2024-02-12 04:17:00,4,257,0.00010735321759904975,-104.36,False,50.0,20240212
LONG,834,exit,sell,1,1,746418,2024-02-12 05:07:00,5,307,9.929137377719737e-05,-104.36,False,50.0,20240212
LONG,835,entry,buy,1,1,746426,2024-02-12 05:15:00,5,315,8.754383020414398e-05,-124.36,False,3.0,20240212
LONG,835,exit,sell,1,1,746429,2024-02-12 05:18:00,5,318,8.771933257507068e-05,-124.36,False,3.0,20240212
LONG,836,entry,buy,1,1,746443,2024-02-12 05:32:00,5,332,8.578001115660869e-05,-54.36,False,2.0,20240212
LONG,836,exit,sell,1,1,746445,2024-02-12 05:34:00,5,334,8.512076913336602e-05,-54.36,False,2.0,20240212
LONG,837,entry,buy,1,1,746451,2024-02-12 05:40:00,5,340,8.702638432552522e-05,-34.36,False,1.0,20240212
LONG,837,exit,sell,1,1,746452,2024-02-12 05:41:00,5,341,8.479646317167176e-05,-34.36,False,1.0,20240212
LONG,838,entry,buy,1,1,746469,2024-02-12 05:58:00,5,358,8.668550403245081e-05,10.64,True,1.0,20240212
LONG,838,exit,sell,1,1,746470,2024-02-12 05:59:00,5,359,8.681721985571373e-05,10.64,True,1.0,20240212
LONG,839,entry,buy,1,1,746471,2024-02-12 06:00:00,6,360,8.686107432305274e-05,-74.36,False,2.0,20240212
LONG,839,exit,sell,1,1,746473,2024-02-12 06:02:00,6,362,8.91954529525447e-05,-74.36,False,2.0,20240212
LONG,840,entry,buy,1,2,746806,2024-02-12 11:35:00,11,695,0.00016403866910337397,-1118.72,False,15.0,20240212
LONG,840,exit,sell,1,2,746821,2024-02-12 11:50:00,11,710,0.00019958226617752538,-1118.72,False,15.0,20240212
LONG,841,entry,buy,1,2,747567,2024-02-13 01:16:00,1,76,6.893385679361654e-05,-858.72,False,129.0,20240213
LONG,841,exit,sell,1,2,747696,2024-02-13 03:25:00,3,205,0.00015343505039376473,-858.72,False,129.0,20240213
LONG,842,entry,buy,1,1,748067,2024-02-13 09:36:00,9,576,0.00039721072015216376,1750.64,True,82.0,20240213
LONG,842,exit,sell,1,1,748149,2024-02-13 10:58:00,10,658,0.00042465010933497607,1750.64,True,82.0,20240213
LONG,843,entry,buy,1,1,748161,2024-02-13 11:10:00,11,670,0.00041243587451984706,-914.36,False,44.0,20240213
LONG,843,exit,sell,1,1,748205,2024-02-13 11:54:00,11,714,0.000345261474042099,-914.36,False,44.0,20240213
LONG,844,entry,buy,1,1,748371,2024-02-13 14:40:00,14,880,0.00025233449249902073,-1249.36,False,14.0,20240213
LONG,844,exit,sell,1,1,748385,2024-02-13 14:54:00,14,894,0.0002620258436907573,-1249.36,False,14.0,20240213
LONG,845,entry,buy,1,1,748433,2024-02-13 15:42:00,15,942,0.00030243835553342034,1700.64,True,58.0,20240213
LONG,845,exit,sell,1,1,748491,2024-02-13 16:40:00,16,1000,0.0002934036794259255,1700.64,True,58.0,20240213
LONG,846,entry,buy,1,1,752657,2024-02-18 18:06:00,18,1086,0.00017608902594105018,-19.36,False,887.0,20240219
LONG,846,exit,sell,1,1,753544,2024-02-19 08:53:00,8,533,7.683451907744219e-05,-19.36,False,887.0,20240219
LONG,847,entry,buy,1,1,754723,2024-02-20 09:32:00,9,572,0.00031953563325058773,-664.36,False,4.0,20240220
LONG,847,exit,sell,1,1,754727,2024-02-20 09:36:00,9,576,0.00034956179606017516,-664.36,False,4.0,20240220
LONG,848,entry,buy,1,1,758808,2024-02-23 08:37:00,8,517,0.00013169893271840877,-279.36,False,7.0,20240223
LONG,848,exit,sell,1,1,758815,2024-02-23 08:44:00,8,524,0.00015108405291643656,-279.36,False,7.0,20240223
LONG,849,entry,buy,1,2,758834,2024-02-23 09:03:00,9,543,0.0001548960645293431,-1008.72,False,58.0,20240223
LONG,849,exit,sell,1,2,758892,2024-02-23 10:01:00,10,601,0.0003935926207243601,-1008.72,False,58.0,20240223
LONG,850,entry,buy,1,1,758896,2024-02-23 10:05:00,10,605,0.0004110068699382461,-649.36,False,18.0,20240223
LONG,850,exit,sell,1,1,758914,2024-02-23 10:23:00,10,623,0.00043767945514967675,-649.36,False,18.0,20240223
LONG,851,entry,buy,1,1,759949,2024-02-26 04:38:00,4,278,0.00013022867174882502,50.64,True,146.0,20240226
LONG,851,exit,sell,1,1,760095,2024-02-26 07:04:00,7,424,0.00012657821094769274,50.64,True,146.0,20240226
LONG,852,entry,buy,1,1,760112,2024-02-26 07:21:00,7,441,0.00012634087378852966,-219.36,False,23.0,20240226
LONG,852,exit,sell,1,1,760135,2024-02-26 07:44:00,7,464,0.00013404863825271793,-219.36,False,23.0,20240226
LONG,853,entry,buy,1,1,760165,2024-02-26 08:14:00,8,494,0.00012686773537762987,-179.36,False,93.0,20240226
LONG,853,exit,sell,1,1,760258,2024-02-26 09:47:00,9,587,0.0002912318378418393,-179.36,False,93.0,20240226
LONG,854,entry,buy,1,1,760279,2024-02-26 10:08:00,10,608,0.00036077089796969643,-114.36,False,60.0,20240226
LONG,854,exit,sell,1,1,760339,2024-02-26 11:08:00,11,668,0.00026055467113183297,-114.36,False,60.0,20240226
LONG,855,entry,buy,1,1,760372,2024-02-26 11:41:00,11,701,0.0002562349480407776,-384.36,False,22.0,20240226
LONG,855,exit,sell,1,1,760394,2024-02-26 12:03:00,12,723,0.0002582207358843052,-384.36,False,22.0,20240226
LONG,856,entry,buy,1,2,760416,2024-02-26 12:25:00,12,745,0.00022350505895472495,-1038.72,False,23.0,20240226
LONG,856,exit,sell,1,2,760439,2024-02-26 12:48:00,12,768,0.0002148535282111798,-1038.72,False,23.0,20240226
LONG,857,entry,buy,1,1,761204,2024-02-27 02:33:00,2,153,0.00010322265444871687,-144.36,False,61.0,20240227
LONG,857,exit,sell,1,1,761265,2024-02-27 03:34:00,3,214,0.0001263862164058378,-144.36,False,61.0,20240227
LONG,858,entry,buy,1,1,761292,2024-02-27 04:01:00,4,241,0.00014608681718258635,585.64,True,152.0,20240227
LONG,858,exit,sell,1,1,761444,2024-02-27 06:33:00,6,393,0.00010961091746142313,585.64,True,152.0,20240227
LONG,859,entry,buy,1,2,761474,2024-02-27 07:03:00,7,423,0.00010198921538223351,-118.72,False,72.0,20240227
LONG,859,exit,sell,1,2,761546,2024-02-27 08:15:00,8,495,9.119484912708182e-05,-118.72,False,72.0,20240227
LONG,860,entry,buy,1,1,761567,2024-02-27 08:36:00,8,516,0.0001366181158358574,-409.36,False,63.0,20240227
LONG,860,exit,sell,1,1,761630,2024-02-27 09:39:00,9,579,0.00019257228674860946,-409.36,False,63.0,20240227
LONG,861,entry,buy,1,1,761646,2024-02-27 09:55:00,9,595,0.0002720017768298547,-89.36,False,1.0,20240227
LONG,861,exit,sell,1,1,761647,2024-02-27 09:56:00,9,596,0.000272802968185798,-89.36,False,1.0,20240227
LONG,862,entry,buy,1,1,761649,2024-02-27 09:58:00,9,598,0.00028088949814552926,-9.36,False,8.0,20240227
LONG,862,exit,sell,1,1,761657,2024-02-27 10:06:00,10,606,0.0003110264319618782,-9.36,False,8.0,20240227
LONG,863,entry,buy,1,1,761670,2024-02-27 10:19:00,10,619,0.0003301145189015236,-499.36,False,9.0,20240227
LONG,863,exit,sell,1,1,761679,2024-02-27 10:28:00,10,628,0.00035212996155177474,-499.36,False,9.0,20240227
LONG,864,entry,buy,1,1,763520,2024-02-28 19:09:00,19,1149,7.960478274102192e-05,20.64,True,13.0,20240229
LONG,864,exit,sell,1,1,763533,2024-02-28 19:22:00,19,1162,7.82849586421014e-05,20.64,True,13.0,20240229
LONG,865,entry,buy,1,1,763534,2024-02-28 19:23:00,19,1163,7.991314838360348e-05,-29.36,False,455.0,20240229
LONG,865,exit,sell,1,1,763989,2024-02-29 02:58:00,2,178,0.00013316019067980556,-29.36,False,455.0,20240229
LONG,866,entry,buy,1,1,764008,2024-02-29 03:17:00,3,197,0.0002350295524854672,-59.36,False,47.0,20240229
LONG,866,exit,sell,1,1,764055,2024-02-29 04:04:00,4,244,0.00026284440499115897,-59.36,False,47.0,20240229
LONG,867,entry,buy,1,1,764075,2024-02-29 04:24:00,4,264,0.00017568009632664206,-284.36,False,4.0,20240229
LONG,867,exit,sell,1,1,764079,2024-02-29 04:28:00,4,268,0.0001745735580345298,-284.36,False,4.0,20240229
LONG,868,entry,buy,1,1,764088,2024-02-29 04:37:00,4,277,0.00016821445282674209,15.64,True,163.0,20240229
LONG,868,exit,sell,1,1,764251,2024-02-29 07:20:00,7,440,0.00011616078745660022,15.64,True,163.0,20240229
LONG,869,entry,buy,1,2,764322,2024-02-29 08:31:00,8,511,0.0004688222906361847,1901.28,True,103.0,20240229
LONG,869,exit,sell,1,2,764425,2024-02-29 10:14:00,10,614,0.00039203719423788275,1901.28,True,103.0,20240229
LONG,870,entry,buy,1,1,764992,2024-02-29 20:41:00,20,1241,0.00010826636661924352,480.64,True,414.0,20240301
LONG,870,exit,sell,1,1,765406,2024-03-01 03:35:00,3,215,0.0001162606846083758,480.64,True,414.0,20240301
LONG,871,entry,buy,1,1,765442,2024-03-01 04:11:00,4,251,0.0001438440745503675,-184.36,False,50.0,20240301
LONG,871,exit,sell,1,1,765492,2024-03-01 05:01:00,5,301,0.00013617309724527174,-184.36,False,50.0,20240301
LONG,872,entry,buy,1,1,765571,2024-03-01 06:20:00,6,380,0.0001946572584970956,-74.36,False,1.0,20240301
LONG,872,exit,sell,1,1,765572,2024-03-01 06:21:00,6,381,0.00019147970898278168,-74.36,False,1.0,20240301
LONG,873,entry,buy,1,1,765592,2024-03-01 06:41:00,6,401,0.000172343398333854,-74.36,False,116.0,20240301
LONG,873,exit,sell,1,1,765708,2024-03-01 08:37:00,8,517,0.0001540972810527992,-74.36,False,116.0,20240301
LONG,874,entry,buy,1,2,765763,2024-03-01 09:32:00,9,572,0.0002471967163561583,8251.28,True,385.0,20240301
LONG,874,exit,sell,1,2,766148,2024-03-01 15:57:00,15,957,0.0002221765545907949,8251.28,True,385.0,20240301
LONG,875,entry,buy,1,1,766212,2024-03-03 18:01:00,18,1081,6.557876491079749e-05,-344.36,False,43.0,20240304
LONG,875,exit,sell,1,1,766255,2024-03-03 18:44:00,18,1124,0.00015365682549202994,-344.36,False,43.0,20240304
LONG,876,entry,buy,1,1,766257,2024-03-03 18:46:00,18,1126,0.00015320396096368295,-4.36,False,1.0,20240304
LONG,876,exit,sell,1,1,766258,2024-03-03 18:47:00,18,1127,0.00015312760248877808,-4.36,False,1.0,20240304
LONG,877,entry,buy,1,1,766260,2024-03-03 18:49:00,18,1129,0.00015428566736354154,-4.36,False,8.0,20240304
LONG,877,exit,sell,1,1,766268,2024-03-03 18:57:00,18,1137,0.00015447268128769063,-4.36,False,8.0,20240304
LONG,878,entry,buy,1,1,766269,2024-03-03 18:58:00,18,1138,0.00015471264485783813,-94.36,False,5.0,20240304
LONG,878,exit,sell,1,1,766274,2024-03-03 19:03:00,19,1143,0.00015992406315220418,-94.36,False,5.0,20240304
LONG,879,entry,buy,1,1,766304,2024-03-03 19:33:00,19,1173,0.0001417864843608838,80.64,True,1.0,20240304
LONG,879,exit,sell,1,1,766305,2024-03-03 19:34:00,19,1174,0.00014373663608411924,80.64,True,1.0,20240304
LONG,880,entry,buy,1,1,766333,2024-03-03 20:02:00,20,1202,0.00011407169747647562,-24.36,False,1.0,20240304
LONG,880,exit,sell,1,1,766334,2024-03-03 20:03:00,20,1203,0.00011035295086394812,-24.36,False,1.0,20240304
LONG,881,entry,buy,1,1,766356,2024-03-03 20:25:00,20,1225,0.00010049638974273037,30.64,True,1.0,20240304
LONG,881,exit,sell,1,1,766357,2024-03-03 20:26:00,20,1226,0.00010064775830030121,30.64,True,1.0,20240304
LONG,882,entry,buy,1,1,766359,2024-03-03 20:28:00,20,1228,0.00010246328156964612,-64.36,False,5.0,20240304
LONG,882,exit,sell,1,1,766364,2024-03-03 20:33:00,20,1233,9.715922155890749e-05,-64.36,False,5.0,20240304
LONG,883,entry,buy,1,1,766365,2024-03-03 20:34:00,20,1234,9.506560242470287e-05,95.64,True,279.0,20240304
LONG,883,exit,sell,1,1,766644,2024-03-04 01:13:00,1,73,5.663072636553017e-05,95.64,True,279.0,20240304
LONG,884,entry,buy,1,1,768372,2024-03-05 07:01:00,7,421,0.0001254285471229692,-229.36,False,36.0,20240305
LONG,884,exit,sell,1,1,768408,2024-03-05 07:37:00,7,457,0.00014683567545788654,-229.36,False,36.0,20240305
LONG,885,entry,buy,1,1,768907,2024-03-05 15:56:00,15,956,0.00030742107859143625,920.64,True,44.0,20240305
LONG,885,exit,sell,1,1,768951,2024-03-05 16:40:00,16,1000,0.0002594884859281386,920.64,True,44.0,20240305
LONG,886,entry,buy,1,1,770962,2024-03-07 04:11:00,4,251,0.0002328298912723549,3135.64,True,334.0,20240307
LONG,886,exit,sell,1,1,771296,2024-03-07 09:45:00,9,585,0.00028605146832609275,3135.64,True,334.0,20240307
LONG,887,entry,buy,1,1,773334,2024-03-10 21:43:00,21,1303,0.00012040173144044253,-634.36,False,19.0,20240311
LONG,887,exit,sell,1,1,773353,2024-03-10 22:02:00,22,1322,0.00013087537887096314,-634.36,False,19.0,20240311
LONG,888,entry,buy,1,1,773378,2024-03-10 22:27:00,22,1347,0.00012486014435646905,5.64,True,3.0,20240311
LONG,888,exit,sell,1,1,773381,2024-03-10 22:30:00,22,1350,0.00012359182737226143,5.64,True,3.0,20240311
LONG,889,entry,buy,1,1,773661,2024-03-11 03:10:00,3,190,0.00012430851958985606,-29.36,False,1.0,20240311
LONG,889,exit,sell,1,1,773662,2024-03-11 03:11:00,3,191,0.00012365978904648744,-29.36,False,1.0,20240311
LONG,890,entry,buy,1,1,773795,2024-03-11 05:24:00,5,324,0.00032047101142700194,-89.36,False,1.0,20240311
LONG,890,exit,sell,1,1,773796,2024-03-11 05:25:00,5,325,0.00032092716187089786,-89.36,False,1.0,20240311
LONG,891,entry,buy,1,1,773798,2024-03-11 05:27:00,5,327,0.0003203329674883154,-74.36,False,4.0,20240311
LONG,891,exit,sell,1,1,773802,2024-03-11 05:31:00,5,331,0.0003222548762295214,-74.36,False,4.0,20240311
LONG,892,entry,buy,1,1,773803,2024-03-11 05:32:00,5,332,0.0003078715453033603,-34.36,False,1.0,20240311
LONG,892,exit,sell,1,1,773804,2024-03-11 05:33:00,5,333,0.00030692058424168863,-34.36,False,1.0,20240311
LONG,893,entry,buy,1,1,773833,2024-03-11 06:02:00,6,362,0.0001961258544678735,-34.36,False,1.0,20240311
LONG,893,exit,sell,1,1,773834,2024-03-11 06:03:00,6,363,0.00019683952338768189,-34.36,False,1.0,20240311
LONG,894,entry,buy,1,1,773872,2024-03-11 06:41:00,6,401,0.00021458307452963996,-119.36,False,5.0,20240311
LONG,894,exit,sell,1,1,773877,2024-03-11 06:46:00,6,406,0.00021485109111563726,-119.36,False,5.0,20240311
LONG,895,entry,buy,1,1,773878,2024-03-11 06:47:00,6,407,0.00021485069445692853,-214.36,False,15.0,20240311
LONG,895,exit,sell,1,1,773893,2024-03-11 07:02:00,7,422,0.00022449796884479605,-214.36,False,15.0,20240311
LONG,896,entry,buy,1,1,773894,2024-03-11 07:03:00,7,423,0.00022701728834608527,-379.36,False,6.0,20240311
LONG,896,exit,sell,1,1,773900,2024-03-11 07:09:00,7,429,0.00024651226144553026,-379.36,False,6.0,20240311
LONG,897,entry,buy,1,1,774638,2024-03-11 20:27:00,20,1227,7.906419741730524e-05,-464.36,False,484.0,20240312
LONG,897,exit,sell,1,1,775122,2024-03-12 04:31:00,4,271,0.00018859376071108988,-464.36,False,484.0,20240312
LONG,898,entry,buy,1,1,775123,2024-03-12 04:32:00,4,272,0.0002161776909128503,-59.36,False,15.0,20240312
LONG,898,exit,sell,1,1,775138,2024-03-12 04:47:00,4,287,0.00023710882207680296,-59.36,False,15.0,20240312
LONG,899,entry,buy,1,1,775178,2024-03-12 05:27:00,5,327,0.0002339345060649709,-204.36,False,18.0,20240312
LONG,899,exit,sell,1,1,775196,2024-03-12 05:45:00,5,345,0.0001584449134965948,-204.36,False,18.0,20240312
LONG,900,entry,buy,1,1,775216,2024-03-12 06:05:00,6,365,0.00013417845521913573,-169.36,False,62.0,20240312
LONG,900,exit,sell,1,1,775278,2024-03-12 07:07:00,7,427,0.00014764774181500747,-169.36,False,62.0,20240312
LONG,901,entry,buy,1,1,775298,2024-03-12 07:27:00,7,447,0.0001489998008360348,-104.36,False,35.0,20240312
LONG,901,exit,sell,1,1,775333,2024-03-12 08:02:00,8,482,0.00013086847024492332,-104.36,False,35.0,20240312
LONG,902,entry,buy,1,1,775337,2024-03-12 08:06:00,8,486,0.00013130343276633935,-44.36,False,1.0,20240312
LONG,902,exit,sell,1,1,775338,2024-03-12 08:07:00,8,487,0.00013032148072264325,-44.36,False,1.0,20240312
LONG,903,entry,buy,1,1,775341,2024-03-12 08:10:00,8,490,0.00012498306043588167,0.6399999999999997,True,1.0,20240312
LONG,903,exit,sell,1,1,775342,2024-03-12 08:11:00,8,491,0.00012135580796350526,0.6399999999999997,True,1.0,20240312
LONG,904,entry,buy,1,1,775344,2024-03-12 08:13:00,8,493,0.00012202483045602622,35.64,True,2.0,20240312
LONG,904,exit,sell,1,1,775346,2024-03-12 08:15:00,8,495,0.00011958716998368237,35.64,True,2.0,20240312
LONG,905,entry,buy,1,1,775347,2024-03-12 08:16:00,8,496,0.00011990778676007606,-74.36,False,2.0,20240312
LONG,905,exit,sell,1,1,775349,2024-03-12 08:18:00,8,498,0.00011790171899151007,-74.36,False,2.0,20240312
LONG,906,entry,buy,1,1,775365,2024-03-12 08:34:00,8,514,0.0005000442520648033,470.64,True,15.0,20240312
LONG,906,exit,sell,1,1,775380,2024-03-12 08:49:00,8,529,0.0005580844101981045,470.64,True,15.0,20240312
LONG,907,entry,buy,1,2,775482,2024-03-12 10:31:00,10,631,0.0006175668700484607,631.28,True,34.0,20240312
LONG,907,exit,sell,1,2,775516,2024-03-12 11:05:00,11,665,0.000501019865916927,631.28,True,34.0,20240312
LONG,908,entry,buy,1,2,775519,2024-03-12 11:08:00,11,668,0.00047447111975517395,691.28,True,8.0,20240312
LONG,908,exit,sell,1,2,775527,2024-03-12 11:16:00,11,676,0.0004217036182503657,691.28,True,8.0,20240312
LONG,909,entry,buy,1,2,775528,2024-03-12 11:17:00,11,677,0.0004181689406970033,-18.72,False,1.0,20240312
LONG,909,exit,sell,1,2,775529,2024-03-12 11:18:00,11,678,0.0004137727580168607,-18.72,False,1.0,20240312
LONG,910,entry,buy,1,2,775531,2024-03-12 11:20:00,11,680,0.0004126804764244818,-8.72,False,1.0,20240312
LONG,910,exit,sell,1,2,775532,2024-03-12 11:21:00,11,681,0.0004104520159153371,-8.72,False,1.0,20240312
LONG,911,entry,buy,1,2,775536,2024-03-12 11:25:00,11,685,0.00039419545464463473,-1988.72,False,17.0,20240312
LONG,911,exit,sell,1,2,775553,2024-03-12 11:42:00,11,702,0.0003878576610749494,-1988.72,False,17.0,20240312
LONG,912,entry,buy,1,2,777862,2024-03-14 04:11:00,4,251,0.00013084900720022365,71.28,True,189.0,20240314
LONG,912,exit,sell,1,2,778051,2024-03-14 07:20:00,7,440,0.00011483397613420193,71.28,True,189.0,20240314
LONG,913,entry,buy,1,1,780036,2024-03-17 18:25:00,18,1105,0.0001280318849237879,-689.36,False,45.0,20240318
LONG,913,exit,sell,1,1,780081,2024-03-17 19:10:00,19,1150,0.00017441797791336938,-689.36,False,45.0,20240318
LONG,914,entry,buy,1,1,780082,2024-03-17 19:11:00,19,1151,0.00017432349745566148,-39.36,False,1.0,20240318
LONG,914,exit,sell,1,1,780083,2024-03-17 19:12:00,19,1152,0.00017302598837567196,-39.36,False,1.0,20240318
LONG,915,entry,buy,1,1,780098,2024-03-17 19:27:00,19,1167,0.00016605651119863354,-159.36,False,40.0,20240318
LONG,915,exit,sell,1,1,780138,2024-03-17 20:07:00,20,1207,0.00013915128357728889,-159.36,False,40.0,20240318
LONG,916,entry,buy,1,1,780139,2024-03-17 20:08:00,20,1208,0.00014017237643656363,40.64,True,1.0,20240318
LONG,916,exit,sell,1,1,780140,2024-03-17 20:09:00,20,1209,0.00013651316896771753,40.64,True,1.0,20240318
LONG,917,entry,buy,1,1,780144,2024-03-17 20:13:00,20,1213,0.00014077638278777593,30.64,True,27.0,20240318
LONG,917,exit,sell,1,1,780171,2024-03-17 20:40:00,20,1240,0.000136763820586906,30.64,True,27.0,20240318
LONG,918,entry,buy,1,1,780172,2024-03-17 20:41:00,20,1241,0.00013589151140333696,4475.64,True,876.0,20240318
LONG,918,exit,sell,1,1,781048,2024-03-18 11:17:00,11,677,0.00029509464618093334,4475.64,True,876.0,20240318
LONG,919,entry,buy,1,1,782036,2024-03-19 04:45:00,4,285,0.0002415322865280186,-474.36,False,21.0,20240319
LONG,919,exit,sell,1,1,782057,2024-03-19 05:06:00,5,306,0.0003166289234942692,-474.36,False,21.0,20240319
LONG,920,entry,buy,1,1,782271,2024-03-19 08:40:00,8,520,0.0002242117352252481,-29.36,False,52.0,20240319
LONG,920,exit,sell,1,1,782323,2024-03-19 09:32:00,9,572,0.00025654091732521495,-29.36,False,52.0,20240319
LONG,921,entry,buy,1,1,782401,2024-03-19 10:50:00,10,650,0.00034667456309032973,-639.36,False,35.0,20240319
LONG,921,exit,sell,1,1,782436,2024-03-19 11:25:00,11,685,0.00031911576403280374,-639.36,False,35.0,20240319
LONG,922,entry,buy,1,1,782443,2024-03-19 11:32:00,11,692,0.0003152376616643046,2605.64,True,308.0,20240319
LONG,922,exit,sell,1,1,782751,2024-03-19 16:40:00,16,1000,0.00016303981978400665,2605.64,True,308.0,20240319
LONG,923,entry,buy,1,1,784018,2024-03-20 14:47:00,14,887,0.0008101863186331093,845.64,True,70.0,20240320
LONG,923,exit,sell,1,1,784088,2024-03-20 15:57:00,15,957,0.00047070605708119376,845.64,True,70.0,20240320
LONG,924,entry,buy,1,1,785923,2024-03-22 00:32:00,0,32,9.989470328302004e-05,-54.36,False,11.0,20240322
LONG,924,exit,sell,1,1,785934,2024-03-22 00:43:00,0,43,8.995044186610205e-05,-54.36,False,11.0,20240322
LONG,925,entry,buy,1,1,785936,2024-03-22 00:45:00,0,45,8.995030644432717e-05,30.64,True,20.0,20240322
LONG,925,exit,sell,1,1,785956,2024-03-22 01:05:00,1,65,8.830633468115434e-05,30.64,True,20.0,20240322
LONG,926,entry,buy,1,1,785957,2024-03-22 01:06:00,1,66,8.589603565313251e-05,-64.36,False,4.0,20240322
LONG,926,exit,sell,1,1,785961,2024-03-22 01:10:00,1,70,6.966437056596178e-05,-64.36,False,4.0,20240322
LONG,927,entry,buy,1,1,785970,2024-03-22 01:19:00,1,79,7.558547111677266e-05,-89.36,False,36.0,20240322
LONG,927,exit,sell,1,1,786006,2024-03-22 01:55:00,1,115,7.938696021946992e-05,-89.36,False,36.0,20240322
LONG,928,entry,buy,1,1,786026,2024-03-22 02:15:00,2,135,8.814818807139058e-05,-124.36,False,8.0,20240322
LONG,928,exit,sell,1,1,786034,2024-03-22 02:23:00,2,143,7.922420044695097e-05,-124.36,False,8.0,20240322
LONG,929,entry,buy,1,1,786123,2024-03-22 03:52:00,3,232,0.0001565018332633163,450.64,True,58.0,20240322
LONG,929,exit,sell,1,1,786181,2024-03-22 04:50:00,4,290,0.00015746009587239092,450.64,True,58.0,20240322
LONG,930,entry,buy,1,1,786194,2024-03-22 05:03:00,5,303,0.0001476792764676683,-249.36,False,24.0,20240322
LONG,930,exit,sell,1,1,786218,2024-03-22 05:27:00,5,327,0.0001418575071892502,-249.36,False,24.0,20240322
LONG,931,entry,buy,1,1,786250,2024-03-22 05:59:00,5,359,0.00013016951858649682,-289.36,False,16.0,20240322
LONG,931,exit,sell,1,1,786266,2024-03-22 06:15:00,6,375,0.0001375540097815955,-289.36,False,16.0,20240322
LONG,932,entry,buy,1,1,786300,2024-03-22 06:49:00,6,409,0.00012325090334132843,-409.36,False,7.0,20240322
LONG,932,exit,sell,1,1,786307,2024-03-22 06:56:00,6,416,0.0001409353312981201,-409.36,False,7.0,20240322
LONG,933,entry,buy,1,1,786497,2024-03-22 10:06:00,10,606,0.00030306169816910145,-374.36,False,4.0,20240322
LONG,933,exit,sell,1,1,786501,2024-03-22 10:10:00,10,610,0.0003133497486478392,-374.36,False,4.0,20240322
LONG,934,entry,buy,1,1,787034,2024-03-24 20:03:00,20,1203,6.956735254951506e-05,-514.36,False,136.0,20240325
LONG,934,exit,sell,1,1,787170,2024-03-24 22:19:00,22,1339,0.00011814427382879377,-514.36,False,136.0,20240325
LONG,935,entry,buy,1,1,787520,2024-03-25 04:09:00,4,249,0.00011037424886129373,-184.36,False,12.0,20240325
LONG,935,exit,sell,1,1,787532,2024-03-25 04:21:00,4,261,0.0001137108221980584,-184.36,False,12.0,20240325
LONG,936,entry,buy,1,1,787545,2024-03-25 04:34:00,4,274,0.00012120127499222124,70.64,True,2.0,20240325
LONG,936,exit,sell,1,1,787547,2024-03-25 04:36:00,4,276,0.0001250790541834426,70.64,True,2.0,20240325
LONG,937,entry,buy,1,1,787863,2024-03-25 09:52:00,9,592,0.0002682145801536832,635.64,True,365.0,20240325
LONG,937,exit,sell,1,1,788228,2024-03-25 15:57:00,15,957,0.00017129695853141435,635.64,True,365.0,20240325
LONG,938,entry,buy,1,1,788819,2024-03-26 02:48:00,2,168,7.275279066698425e-05,570.64,True,55.0,20240326
LONG,938,exit,sell,1,1,788874,2024-03-26 03:43:00,3,223,0.00016148483660385047,570.64,True,55.0,20240326
LONG,939,entry,buy,1,1,788909,2024-03-26 04:18:00,4,258,0.00012043207999128823,235.64,True,86.0,20240326
LONG,939,exit,sell,1,1,788995,2024-03-26 05:44:00,5,344,0.0001059755844825872,235.64,True,86.0,20240326
LONG,940,entry,buy,1,2,789014,2024-03-26 06:03:00,6,363,0.00010801638001169035,-498.72,False,31.0,20240326
LONG,940,exit,sell,1,2,789045,2024-03-26 06:34:00,6,394,0.00010944232269370905,-498.72,False,31.0,20240326
LONG,941,entry,buy,1,2,789066,2024-03-26 06:55:00,6,415,9.621448128153708e-05,-428.72,False,33.0,20240326
LONG,941,exit,sell,1,2,789099,2024-03-26 07:28:00,7,448,0.00010845806870980688,-428.72,False,33.0,20240326
LONG,942,entry,buy,1,2,789129,2024-03-26 07:58:00,7,478,0.00011468941456355353,-498.72,False,29.0,20240326
LONG,942,exit,sell,1,2,789158,2024-03-26 08:27:00,8,507,0.00010922379424428286,-498.72,False,29.0,20240326
LONG,943,entry,buy,1,1,789227,2024-03-26 09:36:00,9,576,0.00020991203806421807,20.64,True,1.0,20240326
LONG,943,exit,sell,1,1,789228,2024-03-26 09:37:00,9,577,0.00020969357252329171,20.64,True,1.0,20240326
LONG,944,entry,buy,1,1,789230,2024-03-26 09:39:00,9,579,0.00022387188958539856,80.64,True,1.0,20240326
LONG,944,exit,sell,1,1,789231,2024-03-26 09:40:00,9,580,0.00022403699957997494,80.64,True,1.0,20240326
LONG,945,entry,buy,1,1,789233,2024-03-26 09:42:00,9,582,0.00021070066032971305,240.64,True,5.0,20240326
LONG,945,exit,sell,1,1,789238,2024-03-26 09:47:00,9,587,0.00020467008185990043,240.64,True,5.0,20240326
LONG,946,entry,buy,1,1,792431,2024-03-31 18:01:00,18,1081,0.0001140782006477164,65.64,True,799.0,20240401
LONG,946,exit,sell,1,1,793230,2024-04-01 07:20:00,7,440,0.00010286610570089353,65.64,True,799.0,20240401
LONG,947,entry,buy,1,2,793248,2024-04-01 07:38:00,7,458,0.00011856446236563916,-628.72,False,28.0,20240401
LONG,947,exit,sell,1,2,793276,2024-04-01 08:06:00,8,486,0.00013773612898901772,-628.72,False,28.0,20240401
LONG,948,entry,buy,1,1,793314,2024-04-01 08:44:00,8,524,0.00017559802784891448,-89.36,False,14.0,20240401
LONG,948,exit,sell,1,1,793328,2024-04-01 08:58:00,8,538,0.00017279041342030914,-89.36,False,14.0,20240401
LONG,949,entry,buy,1,1,793363,2024-04-01 09:33:00,9,573,0.00022498487962187538,-1409.36,False,103.0,20240401
LONG,949,exit,sell,1,1,793466,2024-04-01 11:16:00,11,676,0.0003523387428763602,-1409.36,False,103.0,20240401
LONG,950,entry,buy,1,1,796153,2024-04-03 10:03:00,10,603,0.00041333053350599063,-244.36,False,7.0,20240403
LONG,950,exit,sell,1,1,796160,2024-04-03 10:10:00,10,610,0.0004389670507000275,-244.36,False,7.0,20240403
LONG,951,entry,buy,1,2,796165,2024-04-03 10:15:00,10,615,0.00044366634869617773,1681.28,True,97.0,20240403
LONG,951,exit,sell,1,2,796262,2024-04-03 11:52:00,11,712,0.0002247128129573415,1681.28,True,97.0,20240403
LONG,952,entry,buy,1,1,797952,2024-04-04 18:02:00,18,1082,0.00021703845377179422,-99.36,False,3.0,20240405
LONG,952,exit,sell,1,1,797955,2024-04-04 18:05:00,18,1085,0.00021117523733719574,-99.36,False,3.0,20240405
LONG,953,entry,buy,1,1,797956,2024-04-04 18:06:00,18,1086,0.0002096312407336529,0.6399999999999997,True,1.0,20240405
LONG,953,exit,sell,1,1,797957,2024-04-04 18:07:00,18,1087,0.00020378991224196514,0.6399999999999997,True,1.0,20240405
LONG,954,entry,buy,1,1,797958,2024-04-04 18:08:00,18,1088,0.00020005434925622398,775.64,True,805.0,20240405
LONG,954,exit,sell,1,1,798763,2024-04-05 07:33:00,7,453,0.00012201444260895373,775.64,True,805.0,20240405
LONG,955,entry,buy,1,2,798768,2024-04-05 07:38:00,7,458,0.00012929147308554087,5641.28,True,542.0,20240405
LONG,955,exit,sell,1,2,799310,2024-04-05 16:40:00,16,1000,0.00021296257155551166,5641.28,True,542.0,20240405
LONG,956,entry,buy,1,1,799331,2024-04-07 18:01:00,18,1081,0.00010177140769977678,-1154.36,False,143.0,20240408
LONG,956,exit,sell,1,1,799474,2024-04-07 20:24:00,20,1224,0.00011668821803960347,-1154.36,False,143.0,20240408
LONG,957,entry,buy,1,1,799552,2024-04-07 21:42:00,21,1302,0.00012937745534508652,-779.36,False,108.0,20240408
LONG,957,exit,sell,1,1,799660,2024-04-07 23:30:00,23,1410,8.277006982201203e-05,-779.36,False,108.0,20240408
LONG,958,entry,buy,1,1,803022,2024-04-10 09:33:00,9,573,0.0007108986039955963,-684.36,False,13.0,20240410
LONG,958,exit,sell,1,1,803035,2024-04-10 09:46:00,9,586,0.0007214724928593017,-684.36,False,13.0,20240410
LONG,959,entry,buy,1,1,803045,2024-04-10 09:56:00,9,596,0.0007473147569002799,365.64,True,1.0,20240410
LONG,959,exit,sell,1,1,803046,2024-04-10 09:57:00,9,597,0.0007545924827569865,365.64,True,1.0,20240410
LONG,960,entry,buy,1,1,803047,2024-04-10 09:58:00,9,598,0.0007481428956380178,-189.36,False,1.0,20240410
LONG,960,exit,sell,1,1,803048,2024-04-10 09:59:00,9,599,0.0007395358890928954,-189.36,False,1.0,20240410
LONG,961,entry,buy,1,1,803084,2024-04-10 10:35:00,10,635,0.0007171558737069554,-54.36,False,1.0,20240410
LONG,961,exit,sell,1,1,803085,2024-04-10 10:36:00,10,636,0.0007073500329354003,-54.36,False,1.0,20240410
LONG,962,entry,buy,1,1,803088,2024-04-10 10:39:00,10,639,0.000700818002793271,-1094.36,False,13.0,20240410
LONG,962,exit,sell,1,1,803101,2024-04-10 10:52:00,10,652,0.0005160776294146481,-1094.36,False,13.0,20240410
LONG,963,entry,buy,1,2,804614,2024-04-11 13:05:00,13,785,0.0002761133414477871,5751.28,True,215.0,20240411
LONG,963,exit,sell,1,2,804829,2024-04-11 16:40:00,16,1000,0.00015341587735555556,5751.28,True,215.0,20240411
LONG,964,entry,buy,1,1,808037,2024-04-16 01:09:00,1,69,0.00013484160658866373,-529.36,False,83.0,20240416
LONG,964,exit,sell,1,1,808120,2024-04-16 02:32:00,2,152,0.00016749389480598387,-529.36,False,83.0,20240416
LONG,965,entry,buy,1,1,808155,2024-04-16 03:07:00,3,187,0.00021964989551136508,-389.36,False,138.0,20240416
LONG,965,exit,sell,1,1,808293,2024-04-16 05:25:00,5,325,0.00019920308521298438,-389.36,False,138.0,20240416
LONG,966,entry,buy,1,1,808367,2024-04-16 06:39:00,6,399,0.0002520530925205589,620.64,True,90.0,20240416
LONG,966,exit,sell,1,1,808457,2024-04-16 08:09:00,8,489,0.00024319500943884148,620.64,True,90.0,20240416
LONG,967,entry,buy,1,1,808460,2024-04-16 08:12:00,8,492,0.00025016638868276275,-209.36,False,4.0,20240416
LONG,967,exit,sell,1,1,808464,2024-04-16 08:16:00,8,496,0.0002468939300425442,-209.36,False,4.0,20240416
LONG,968,entry,buy,1,1,808465,2024-04-16 08:17:00,8,497,0.00025110691486436576,-214.36,False,8.0,20240416
LONG,968,exit,sell,1,1,808473,2024-04-16 08:25:00,8,505,0.00025358264969921015,-214.36,False,8.0,20240416
LONG,969,entry,buy,1,1,808475,2024-04-16 08:27:00,8,507,0.00025091657659381464,-139.36,False,2.0,20240416
LONG,969,exit,sell,1,1,808477,2024-04-16 08:29:00,8,509,0.00025082483128832325,-139.36,False,2.0,20240416
LONG,970,entry,buy,1,1,808484,2024-04-16 08:36:00,8,516,0.0002909476112247906,-779.36,False,55.0,20240416
LONG,970,exit,sell,1,1,808539,2024-04-16 09:31:00,9,571,0.00028549717145454247,-779.36,False,55.0,20240416
LONG,971,entry,buy,1,1,809632,2024-04-17 04:44:00,4,284,0.0001776500508639064,-249.36,False,11.0,20240417
LONG,971,exit,sell,1,1,809643,2024-04-17 04:55:00,4,295,0.00017946178611854977,-249.36,False,11.0,20240417
LONG,972,entry,buy,1,1,809644,2024-04-17 04:56:00,4,296,0.0001792127654971156,-259.36,False,5.0,20240417
LONG,972,exit,sell,1,1,809649,2024-04-17 05:01:00,5,301,0.00021454926426546197,-259.36,False,5.0,20240417
LONG,973,entry,buy,1,1,809708,2024-04-17 06:00:00,6,360,0.00020981250950590738,-339.36,False,82.0,20240417
LONG,973,exit,sell,1,1,809790,2024-04-17 07:22:00,7,442,0.00014263168962832954,-339.36,False,82.0,20240417
LONG,974,entry,buy,1,1,809799,2024-04-17 07:31:00,7,451,0.00014280228148908598,-74.36,False,1.0,20240417
LONG,974,exit,sell,1,1,809800,2024-04-17 07:32:00,7,452,0.00014447909856433747,-74.36,False,1.0,20240417
LONG,975,entry,buy,1,1,809803,2024-04-17 07:35:00,7,455,0.00015724429205427366,-154.36,False,3.0,20240417
LONG,975,exit,sell,1,1,809806,2024-04-17 07:38:00,7,458,0.00015869153466199754,-154.36,False,3.0,20240417
LONG,976,entry,buy,1,1,809818,2024-04-17 07:50:00,7,470,0.00016635147321739395,-14.36,False,1.0,20240417
LONG,976,exit,sell,1,1,809819,2024-04-17 07:51:00,7,471,0.0001628782350277919,-14.36,False,1.0,20240417
LONG,977,entry,buy,1,1,809901,2024-04-17 09:13:00,9,553,0.00023281406890864645,-384.36,False,22.0,20240417
LONG,977,exit,sell,1,1,809923,2024-04-17 09:35:00,9,575,0.00031400455479382996,-384.36,False,22.0,20240417
LONG,978,entry,buy,1,2,810628,2024-04-17 22:20:00,22,1340,9.650020483273414e-05,321.28,True,352.0,20240418
LONG,978,exit,sell,1,2,810980,2024-04-18 04:12:00,4,252,0.0002083896147954911,321.28,True,352.0,20240418
LONG,979,entry,buy,1,1,810998,2024-04-18 04:30:00,4,270,0.0002078102804253883,-529.36,False,53.0,20240418
LONG,979,exit,sell,1,1,811051,2024-04-18 05:23:00,5,323,0.00016404112196127522,-529.36,False,53.0,20240418
LONG,980,entry,buy,1,1,811069,2024-04-18 05:41:00,5,341,0.00020481820396377773,-154.36,False,152.0,20240418
LONG,980,exit,sell,1,1,811221,2024-04-18 08:13:00,8,493,0.00018639842304617424,-154.36,False,152.0,20240418
LONG,981,entry,buy,1,1,811366,2024-04-18 10:38:00,10,638,0.0004790996223921967,-84.36,False,53.0,20240418
LONG,981,exit,sell,1,1,811419,2024-04-18 11:31:00,11,691,0.00040775530695705427,-84.36,False,53.0,20240418
LONG,982,entry,buy,1,1,811982,2024-04-18 21:54:00,21,1314,0.000652349580868976,-1504.36,False,16.0,20240419
LONG,982,exit,sell,1,1,811998,2024-04-18 22:10:00,22,1330,0.000668637727418124,-1504.36,False,16.0,20240419
LONG,983,entry,buy,1,1,814077,2024-04-22 09:49:00,9,589,0.0004314716479509419,-1034.36,False,27.0,20240422
LONG,983,exit,sell,1,1,814104,2024-04-22 10:16:00,10,616,0.000522076214082951,-1034.36,False,27.0,20240422
LONG,984,entry,buy,1,1,814105,2024-04-22 10:17:00,10,617,0.0005220412468167455,-274.36,False,3.0,20240422
LONG,984,exit,sell,1,1,814108,2024-04-22 10:20:00,10,620,0.0005253063164274494,-274.36,False,3.0,20240422
LONG,985,entry,buy,1,1,814984,2024-04-23 01:56:00,1,116,0.00011142176645064976,25.64,True,1.0,20240423
LONG,985,exit,sell,1,1,814985,2024-04-23 01:57:00,1,117,0.00011210153766381956,25.64,True,1.0,20240423
LONG,986,entry,buy,1,1,814986,2024-04-23 01:58:00,1,118,0.00011283410135708173,-34.36,False,1.0,20240423
LONG,986,exit,sell,1,1,814987,2024-04-23 01:59:00,1,119,0.00011382300715781575,-34.36,False,1.0,20240423
LONG,987,entry,buy,1,1,815000,2024-04-23 02:12:00,2,132,0.00012001490843579984,20.64,True,1.0,20240423
LONG,987,exit,sell,1,1,815001,2024-04-23 02:13:00,2,133,0.0001179575156225276,20.64,True,1.0,20240423
LONG,988,entry,buy,1,1,815002,2024-04-23 02:14:00,2,134,0.00011767929101778608,-19.36,False,1.0,20240423
LONG,988,exit,sell,1,1,815003,2024-04-23 02:15:00,2,135,0.0001176791049198604,-19.36,False,1.0,20240423
LONG,989,entry,buy,1,1,815004,2024-04-23 02:16:00,2,136,0.00011955230707471739,-29.36,False,1.0,20240423
LONG,989,exit,sell,1,1,815005,2024-04-23 02:17:00,2,137,0.0001201528522254204,-29.36,False,1.0,20240423
LONG,990,entry,buy,1,1,815022,2024-04-23 02:34:00,2,154,0.00011996606495805607,35.64,True,1.0,20240423
LONG,990,exit,sell,1,1,815023,2024-04-23 02:35:00,2,155,0.00012015143952360316,35.64,True,1.0,20240423
LONG,991,entry,buy,1,1,815025,2024-04-23 02:37:00,2,157,0.0001219658490580782,765.64,True,189.0,20240423
LONG,991,exit,sell,1,1,815214,2024-04-23 05:46:00,5,346,0.00018886767658968207,765.64,True,189.0,20240423
LONG,992,entry,buy,1,2,815242,2024-04-23 06:14:00,6,374,0.00019534690542581158,121.28,True,94.0,20240423
LONG,992,exit,sell,1,2,815336,2024-04-23 07:48:00,7,468,0.00015654958946410174,121.28,True,94.0,20240423
LONG,993,entry,buy,1,1,815375,2024-04-23 08:27:00,8,507,0.00018287637157502534,4175.64,True,450.0,20240423
LONG,993,exit,sell,1,1,815825,2024-04-23 15:57:00,15,957,0.00023821158050887223,4175.64,True,450.0,20240423
LONG,994,entry,buy,1,1,816831,2024-04-24 09:43:00,9,583,0.0003476743701723584,-659.36,False,13.0,20240424
LONG,994,exit,sell,1,1,816844,2024-04-24 09:56:00,9,596,0.0003837491972090936,-659.36,False,13.0,20240424
LONG,995,entry,buy,1,1,817873,2024-04-25 04:05:00,4,245,0.00017198115835630236,55.64,True,1.0,20240425
LONG,995,exit,sell,1,1,817874,2024-04-25 04:06:00,4,246,0.00017113725745779242,55.64,True,1.0,20240425
LONG,996,entry,buy,1,1,817875,2024-04-25 04:07:00,4,247,0.00017114219071939288,395.64,True,162.0,20240425
LONG,996,exit,sell,1,1,818037,2024-04-25 06:49:00,6,409,0.00017989382121234797,395.64,True,162.0,20240425
LONG,997,entry,buy,1,1,818066,2024-04-25 07:18:00,7,438,0.00020283242191129443,-239.36,False,11.0,20240425
LONG,997,exit,sell,1,1,818077,2024-04-25 07:29:00,7,449,0.0002123358053642652,-239.36,False,11.0,20240425
LONG,998,entry,buy,1,1,818078,2024-04-25 07:30:00,7,450,0.00021229324267576388,-114.36,False,7.0,20240425
LONG,998,exit,sell,1,1,818085,2024-04-25 07:37:00,7,457,0.00020765968797785775,-114.36,False,7.0,20240425
LONG,999,entry,buy,1,1,818086,2024-04-25 07:38:00,7,458,0.00020727978860929025,-74.36,False,1.0,20240425
LONG,999,exit,sell,1,1,818087,2024-04-25 07:39:00,7,459,0.00020786380065815677,-74.36,False,1.0,20240425
LONG,1000,entry,buy,1,1,818097,2024-04-25 07:49:00,7,469,0.00019920492404029204,-234.36,False,18.0,20240425
LONG,1000,exit,sell,1,1,818115,2024-04-25 08:07:00,8,487,0.00019193278183966394,-234.36,False,18.0,20240425
LONG,1001,entry,buy,1,1,818116,2024-04-25 08:08:00,8,488,0.00019629089628478506,95.64,True,1.0,20240425
LONG,1001,exit,sell,1,1,818117,2024-04-25 08:09:00,8,489,0.00019843685284409024,95.64,True,1.0,20240425
LONG,1002,entry,buy,1,1,818242,2024-04-25 10:14:00,10,614,0.0005171436228097029,7740.64,True,386.0,20240425
LONG,1002,exit,sell,1,1,818628,2024-04-25 16:40:00,16,1000,0.0007341305532996032,7740.64,True,386.0,20240425
LONG,1003,entry,buy,1,1,820143,2024-04-28 19:55:00,19,1195,9.870267572791609e-05,-14.36,False,9.0,20240429
LONG,1003,exit,sell,1,1,820152,2024-04-28 20:04:00,20,1204,0.00010195911942882207,-14.36,False,9.0,20240429
LONG,1004,entry,buy,1,1,820155,2024-04-28 20:07:00,20,1207,0.0001041274958448174,-209.36,False,459.0,20240429
LONG,1004,exit,sell,1,1,820614,2024-04-29 03:46:00,3,226,0.00011724451128321294,-209.36,False,459.0,20240429
LONG,1005,entry,buy,1,2,820622,2024-04-29 03:54:00,3,234,0.00012027554624437456,-398.72,False,57.0,20240429
LONG,1005,exit,sell,1,2,820679,2024-04-29 04:51:00,4,291,0.0001081346041831503,-398.72,False,57.0,20240429
LONG,1006,entry,buy,1,1,823648,2024-05-01 08:20:00,8,500,0.0001958908772801836,185.64,True,72.0,20240501
LONG,1006,exit,sell,1,1,823720,2024-05-01 09:32:00,9,572,0.0002846139682829291,185.64,True,72.0,20240501
LONG,1007,entry,buy,1,2,824031,2024-05-01 14:43:00,14,883,0.0008839595984634116,1081.28,True,39.0,20240501
LONG,1007,exit,sell,1,2,824070,2024-05-01 15:22:00,15,922,0.0009972671745633029,1081.28,True,39.0,20240501
LONG,1008,entry,buy,1,1,824176,2024-05-01 18:08:00,18,1088,0.0002085971202951929,-219.36,False,69.0,20240502
LONG,1008,exit,sell,1,1,824245,2024-05-01 19:17:00,19,1157,0.00012148951791441387,-219.36,False,69.0,20240502
LONG,1009,entry,buy,1,1,824274,2024-05-01 19:46:00,19,1186,0.00011643671678200915,810.64,True,827.0,20240502
LONG,1009,exit,sell,1,1,825100,2024-05-02 09:33:00,9,573,0.00026118783798493445,810.64,True,827.0,20240502
LONG,1010,entry,buy,1,1,825101,2024-05-02 09:34:00,9,574,0.00025641990254103987,-374.36,False,1.0,20240502
LONG,1010,exit,sell,1,1,825102,2024-05-02 09:35:00,9,575,0.00028033793432817876,-374.36,False,1.0,20240502
LONG,1011,entry,buy,1,1,825489,2024-05-02 16:02:00,16,962,0.0003687344954528987,-4.36,False,1.0,20240502
LONG,1011,exit,sell,1,1,825490,2024-05-02 16:03:00,16,963,0.0003665703740184926,-4.36,False,1.0,20240502
LONG,1012,entry,buy,1,1,825491,2024-05-02 16:04:00,16,964,0.00036676848264593413,-479.36,False,11.0,20240502
LONG,1012,exit,sell,1,1,825502,2024-05-02 16:15:00,16,975,0.0003363036660700339,-479.36,False,11.0,20240502
LONG,1013,entry,buy,1,1,825519,2024-05-02 16:32:00,16,992,0.0005344192113453736,-349.36,False,8.0,20240502
LONG,1013,exit,sell,1,1,825527,2024-05-02 16:40:00,16,1000,0.000524177883284627,-349.36,False,8.0,20240502
LONG,1014,entry,buy,1,1,830625,2024-05-08 09:41:00,9,581,0.00022326093545138226,-94.36,False,1.0,20240508
LONG,1014,exit,sell,1,1,830626,2024-05-08 09:42:00,9,582,0.00022356224518897919,-94.36,False,1.0,20240508
LONG,1015,entry,buy,1,1,830630,2024-05-08 09:46:00,9,586,0.0002229166835399457,895.64,True,19.0,20240508
LONG,1015,exit,sell,1,1,830649,2024-05-08 10:05:00,10,605,0.0002605156436320811,895.64,True,19.0,20240508
LONG,1016,entry,buy,1,2,830693,2024-05-08 10:49:00,10,649,0.00023426802009687977,-938.72,False,9.0,20240508
LONG,1016,exit,sell,1,2,830702,2024-05-08 10:58:00,10,658,0.00024888318446957013,-938.72,False,9.0,20240508
LONG,1017,entry,buy,1,1,831934,2024-05-09 08:32:00,8,512,0.0002045213945389888,5.64,True,4.0,20240509
LONG,1017,exit,sell,1,1,831938,2024-05-09 08:36:00,8,516,0.00023009232293498647,5.64,True,4.0,20240509
LONG,1018,entry,buy,1,1,831945,2024-05-09 08:43:00,8,523,0.00023356658565527327,-359.36,False,7.0,20240509
LONG,1018,exit,sell,1,1,831952,2024-05-09 08:50:00,8,530,0.00023913604902808404,-359.36,False,7.0,20240509
LONG,1019,entry,buy,1,2,831968,2024-05-09 09:06:00,9,546,0.0002409231320926038,-388.72,False,21.0,20240509
LONG,1019,exit,sell,1,2,831989,2024-05-09 09:27:00,9,567,0.0002406609495395495,-388.72,False,21.0,20240509
LONG,1020,entry,buy,1,2,834416,2024-05-13 03:54:00,3,234,9.171604096676336e-05,-548.72,False,13.0,20240513
LONG,1020,exit,sell,1,2,834429,2024-05-13 04:07:00,4,247,0.00010002219810024638,-548.72,False,13.0,20240513
LONG,1021,entry,buy,1,1,834449,2024-05-13 04:27:00,4,267,0.00011936318207611816,-149.36,False,13.0,20240513
LONG,1021,exit,sell,1,1,834462,2024-05-13 04:40:00,4,280,0.00011786816265614656,-149.36,False,13.0,20240513
LONG,1022,entry,buy,1,1,836141,2024-05-14 09:39:00,9,579,0.0002969721123353098,115.64,True,18.0,20240514
LONG,1022,exit,sell,1,1,836159,2024-05-14 09:57:00,9,597,0.0002886590017812641,115.64,True,18.0,20240514
LONG,1023,entry,buy,1,1,836186,2024-05-14 10:24:00,10,624,0.0003419693341031333,180.64,True,12.0,20240514
LONG,1023,exit,sell,1,1,836198,2024-05-14 10:36:00,10,636,0.00031427075935743507,180.64,True,12.0,20240514
LONG,1024,entry,buy,1,1,836221,2024-05-14 10:59:00,10,659,0.00035502836733764974,-14.36,False,34.0,20240514
LONG,1024,exit,sell,1,1,836255,2024-05-14 11:33:00,11,693,0.00030089818292295713,-14.36,False,34.0,20240514
LONG,1025,entry,buy,1,2,836415,2024-05-14 14:13:00,14,853,0.00012393392412870402,2071.28,True,115.0,20240514
LONG,1025,exit,sell,1,2,836530,2024-05-14 16:08:00,16,968,0.00020113245334891247,2071.28,True,115.0,20240514
LONG,1026,entry,buy,1,2,837454,2024-05-15 08:32:00,8,512,0.0007303933977782111,-708.72,False,3.0,20240515
LONG,1026,exit,sell,1,2,837457,2024-05-15 08:35:00,8,515,0.0007438649665701051,-708.72,False,3.0,20240515
LONG,1027,entry,buy,1,1,837472,2024-05-15 08:50:00,8,530,0.0007631416143660783,-29.36,False,10.0,20240515
LONG,1027,exit,sell,1,1,837482,2024-05-15 09:00:00,9,540,0.0007654734131311327,-29.36,False,10.0,20240515
LONG,1028,entry,buy,1,2,837515,2024-05-15 09:33:00,9,573,0.00029099137939042364,-868.72,False,5.0,20240515
LONG,1028,exit,sell,1,2,837520,2024-05-15 09:38:00,9,578,0.00027874021242052673,-868.72,False,5.0,20240515
LONG,1029,entry,buy,1,1,838048,2024-05-15 19:26:00,19,1166,7.556028998421457e-05,-14.36,False,149.0,20240516
LONG,1029,exit,sell,1,1,838197,2024-05-15 21:55:00,21,1315,6.930294626955647e-05,-14.36,False,149.0,20240516
LONG,1030,entry,buy,1,1,838198,2024-05-15 21:56:00,21,1316,6.845066756146343e-05,-34.36,False,1.0,20240516
LONG,1030,exit,sell,1,1,838199,2024-05-15 21:57:00,21,1317,6.743807450268244e-05,-34.36,False,1.0,20240516
LONG,1031,entry,buy,1,1,838201,2024-05-15 21:59:00,21,1319,6.915583190392824e-05,-79.36,False,7.0,20240516
LONG,1031,exit,sell,1,1,838208,2024-05-15 22:06:00,22,1326,6.7041934697388e-05,-79.36,False,7.0,20240516
LONG,1032,entry,buy,1,1,838234,2024-05-15 22:32:00,22,1352,6.743631171580464e-05,-4.36,False,1.0,20240516
LONG,1032,exit,sell,1,1,838235,2024-05-15 22:33:00,22,1353,6.713871883908093e-05,-4.36,False,1.0,20240516
LONG,1033,entry,buy,1,1,838241,2024-05-15 22:39:00,22,1359,6.69235653390234e-05,50.64,True,32.0,20240516
LONG,1033,exit,sell,1,1,838273,2024-05-15 23:11:00,23,1391,5.534814901220888e-05,50.64,True,32.0,20240516
LONG,1034,entry,buy,1,1,838275,2024-05-15 23:13:00,23,1393,5.5309698393261275e-05,20.64,True,45.0,20240516
LONG,1034,exit,sell,1,1,838320,2024-05-15 23:58:00,23,1438,5.0983123661975126e-05,20.64,True,45.0,20240516
LONG,1035,entry,buy,1,1,838322,2024-05-16 00:00:00,0,0,4.9829843127747774e-05,-64.36,False,2.0,20240516
LONG,1035,exit,sell,1,1,838324,2024-05-16 00:02:00,0,2,5.1227564528420995e-05,-64.36,False,2.0,20240516
LONG,1036,entry,buy,1,2,841677,2024-05-20 09:56:00,9,596,0.0002448476372739331,191.28,True,37.0,20240520
LONG,1036,exit,sell,1,2,841714,2024-05-20 10:33:00,10,633,0.000255261931462551,191.28,True,37.0,20240520
LONG,1037,entry,buy,1,2,841725,2024-05-20 10:44:00,10,644,0.00022227666945318737,-298.72,False,12.0,20240520
LONG,1037,exit,sell,1,2,841737,2024-05-20 10:56:00,10,656,0.00017401698280322523,-298.72,False,12.0,20240520
LONG,1038,entry,buy,1,2,841780,2024-05-20 11:39:00,11,699,0.00015942389402663756,-828.72,False,5.0,20240520
LONG,1038,exit,sell,1,2,841785,2024-05-20 11:44:00,11,704,0.0001647718619901216,-828.72,False,5.0,20240520
LONG,1039,entry,buy,1,2,841855,2024-05-20 12:54:00,12,774,0.00015248626781419827,-568.72,False,29.0,20240520
LONG,1039,exit,sell,1,2,841884,2024-05-20 13:23:00,13,803,0.00014553153942606714,-568.72,False,29.0,20240520
LONG,1040,entry,buy,1,1,844860,2024-05-22 18:01:00,18,1081,0.0007342222491739267,1545.64,True,931.0,20240523
LONG,1040,exit,sell,1,1,845791,2024-05-23 09:32:00,9,572,0.00019135109381532137,1545.64,True,931.0,20240523
LONG,1041,entry,buy,1,2,847212,2024-05-24 10:13:00,10,613,0.0004437315886567111,3011.28,True,284.0,20240524
LONG,1041,exit,sell,1,2,847496,2024-05-24 14:57:00,14,897,0.00017937067247957708,3011.28,True,284.0,20240524
LONG,1042,entry,buy,1,1,849691,2024-05-28 09:32:00,9,572,0.0001695607091665221,-514.36,False,2.0,20240528
LONG,1042,exit,sell,1,1,849693,2024-05-28 09:34:00,9,574,0.00020206847096565657,-514.36,False,2.0,20240528
LONG,1043,entry,buy,1,1,851078,2024-05-29 09:39:00,9,579,0.0002858976618633539,-599.36,False,4.0,20240529
LONG,1043,exit,sell,1,1,851082,2024-05-29 09:43:00,9,583,0.0003044217599600916,-599.36,False,4.0,20240529
LONG,1044,entry,buy,1,1,851090,2024-05-29 09:51:00,9,591,0.00034029429813707936,-409.36,False,18.0,20240529
LONG,1044,exit,sell,1,1,851108,2024-05-29 10:09:00,10,609,0.00036788359780013155,-409.36,False,18.0,20240529
LONG,1045,entry,buy,1,1,851124,2024-05-29 10:25:00,10,625,0.000425202266631254,-259.36,False,44.0,20240529
LONG,1045,exit,sell,1,1,851168,2024-05-29 11:09:00,11,669,0.0003006385185146469,-259.36,False,44.0,20240529
LONG,1046,entry,buy,1,1,852122,2024-05-30 04:03:00,4,243,0.00015463130413968717,950.64,True,295.0,20240530
LONG,1046,exit,sell,1,1,852417,2024-05-30 08:58:00,8,538,0.00022846906187025712,950.64,True,295.0,20240530
LONG,1047,entry,buy,1,2,852444,2024-05-30 09:25:00,9,565,0.00025198420568543295,-828.72,False,6.0,20240530
LONG,1047,exit,sell,1,2,852450,2024-05-30 09:31:00,9,571,0.00023076719427516523,-828.72,False,6.0,20240530
LONG,1048,entry,buy,1,1,852460,2024-05-30 09:41:00,9,581,0.00031913977624986037,-214.36,False,16.0,20240530
LONG,1048,exit,sell,1,1,852476,2024-05-30 09:57:00,9,597,0.0003330174366929127,-214.36,False,16.0,20240530
LONG,1049,entry,buy,1,1,852487,2024-05-30 10:08:00,10,608,0.000350146417517259,-444.36,False,3.0,20240530
LONG,1049,exit,sell,1,1,852490,2024-05-30 10:11:00,10,611,0.0003598515534364924,-444.36,False,3.0,20240530
LONG,1050,entry,buy,1,1,852606,2024-05-30 12:07:00,12,727,0.00020724780020753682,-119.36,False,2.0,20240530
LONG,1050,exit,sell,1,1,852608,2024-05-30 12:09:00,12,729,0.00020075275539469423,-119.36,False,2.0,20240530
LONG,1051,entry,buy,1,1,852609,2024-05-30 12:10:00,12,730,0.00020331092552183918,90.64,True,1.0,20240530
LONG,1051,exit,sell,1,1,852610,2024-05-30 12:11:00,12,731,0.00020240133072101075,90.64,True,1.0,20240530
LONG,1052,entry,buy,1,1,852615,2024-05-30 12:16:00,12,736,0.00019729418163818516,-114.36,False,13.0,20240530
LONG,1052,exit,sell,1,1,852628,2024-05-30 12:29:00,12,749,0.0001901504889593044,-114.36,False,13.0,20240530
LONG,1053,entry,buy,1,1,852629,2024-05-30 12:30:00,12,750,0.00019099666353275798,60.64,True,1.0,20240530
LONG,1053,exit,sell,1,1,852630,2024-05-30 12:31:00,12,751,0.0001903728441928616,60.64,True,1.0,20240530
LONG,1054,entry,buy,1,1,852631,2024-05-30 12:32:00,12,752,0.00019094332937718121,-9.36,False,10.0,20240530
LONG,1054,exit,sell,1,1,852641,2024-05-30 12:42:00,12,762,0.00019234911475607457,-9.36,False,10.0,20240530
LONG,1055,entry,buy,1,1,852642,2024-05-30 12:43:00,12,763,0.00019108346804794558,-34.36,False,2.0,20240530
LONG,1055,exit,sell,1,1,852644,2024-05-30 12:45:00,12,765,0.00018598019977614024,-34.36,False,2.0,20240530
LONG,1056,entry,buy,1,1,852645,2024-05-30 12:46:00,12,766,0.00018598017045891858,35.64,True,6.0,20240530
LONG,1056,exit,sell,1,1,852651,2024-05-30 12:52:00,12,772,0.000189403870279731,35.64,True,6.0,20240530
LONG,1057,entry,buy,1,1,852653,2024-05-30 12:54:00,12,774,0.00019129566821482876,-139.36,False,2.0,20240530
LONG,1057,exit,sell,1,1,852655,2024-05-30 12:56:00,12,776,0.00018994884365839082,-139.36,False,2.0,20240530
LONG,1058,entry,buy,1,1,852662,2024-05-30 13:03:00,13,783,0.0001820259566729556,-69.36,False,1.0,20240530
LONG,1058,exit,sell,1,1,852663,2024-05-30 13:04:00,13,784,0.00018306001824443228,-69.36,False,1.0,20240530
LONG,1059,entry,buy,1,1,852666,2024-05-30 13:07:00,13,787,0.00018414126825948063,170.64,True,12.0,20240530
LONG,1059,exit,sell,1,1,852678,2024-05-30 13:19:00,13,799,0.00019765851189817735,170.64,True,12.0,20240530
LONG,1060,entry,buy,1,1,852679,2024-05-30 13:20:00,13,800,0.0002084222569849252,60.64,True,1.0,20240530
LONG,1060,exit,sell,1,1,852680,2024-05-30 13:21:00,13,801,0.00020611347517786278,60.64,True,1.0,20240530
LONG,1061,entry,buy,1,1,852691,2024-05-30 13:32:00,13,812,0.00020261740813523802,-189.36,False,4.0,20240530
LONG,1061,exit,sell,1,1,852695,2024-05-30 13:36:00,13,816,0.00020104656009548963,-189.36,False,4.0,20240530
LONG,1062,entry,buy,1,1,852703,2024-05-30 13:44:00,13,824,0.00019967142282330415,15.64,True,2.0,20240530
LONG,1062,exit,sell,1,1,852705,2024-05-30 13:46:00,13,826,0.00020003524287148523,15.64,True,2.0,20240530
LONG,1063,entry,buy,1,1,852706,2024-05-30 13:47:00,13,827,0.0002053679099272759,-79.36,False,1.0,20240530
LONG,1063,exit,sell,1,1,852707,2024-05-30 13:48:00,13,828,0.00020577904525656744,-79.36,False,1.0,20240530
LONG,1064,entry,buy,1,1,852836,2024-05-30 15:57:00,15,957,0.00036791138251663383,-1074.36,False,15.0,20240530
LONG,1064,exit,sell,1,1,852851,2024-05-30 16:12:00,16,972,0.00038349996435975994,-1074.36,False,15.0,20240530
LONG,1065,entry,buy,1,1,853520,2024-05-31 04:21:00,4,261,0.000146978446741247,45.64,True,2.0,20240531
LONG,1065,exit,sell,1,1,853522,2024-05-31 04:23:00,4,263,0.00014999332039490517,45.64,True,2.0,20240531
LONG,1066,entry,buy,1,1,853523,2024-05-31 04:24:00,4,264,0.0001474425509812514,80.64,True,1.0,20240531
LONG,1066,exit,sell,1,1,853524,2024-05-31 04:25:00,4,265,0.00014751823095627274,80.64,True,1.0,20240531
LONG,1067,entry,buy,1,1,853525,2024-05-31 04:26:00,4,266,0.00014795909926147396,20.64,True,1.0,20240531
LONG,1067,exit,sell,1,1,853526,2024-05-31 04:27:00,4,267,0.00014629319075962102,20.64,True,1.0,20240531
LONG,1068,entry,buy,1,1,853527,2024-05-31 04:28:00,4,268,0.0001462364997365761,-44.36,False,3.0,20240531
LONG,1068,exit,sell,1,1,853530,2024-05-31 04:31:00,4,271,0.00014670292016442238,-44.36,False,3.0,20240531
LONG,1069,entry,buy,1,1,853741,2024-05-31 08:02:00,8,482,0.0001423389886354847,1660.64,True,58.0,20240531
LONG,1069,exit,sell,1,1,853799,2024-05-31 09:00:00,9,540,0.00034296110074823975,1660.64,True,58.0,20240531
LONG,1070,entry,buy,1,2,855221,2024-06-03 09:42:00,9,582,0.00018989389853686287,-1948.72,False,10.0,20240603
LONG,1070,exit,sell,1,2,855231,2024-06-03 09:52:00,9,592,0.00031605120849133897,-1948.72,False,10.0,20240603
LONG,1071,entry,buy,1,2,857708,2024-06-05 05:09:00,5,309,0.00012537406905695523,211.28,True,1.0,20240605
LONG,1071,exit,sell,1,2,857709,2024-06-05 05:10:00,5,310,0.00013050880576486585,211.28,True,1.0,20240605
LONG,1072,entry,buy,1,2,857710,2024-06-05 05:11:00,5,311,0.00012989033715741873,-218.72,False,22.0,20240605
LONG,1072,exit,sell,1,2,857732,2024-06-05 05:33:00,5,333,0.00011447476117153317,-218.72,False,22.0,20240605
LONG,1073,entry,buy,1,2,858031,2024-06-05 10:32:00,10,632,0.000376669649627054,5701.28,True,332.0,20240605
LONG,1073,exit,sell,1,2,858363,2024-06-05 16:04:00,16,964,0.0002042044494544255,5701.28,True,332.0,20240605
LONG,1074,entry,buy,1,1,859845,2024-06-06 18:46:00,18,1126,5.866692221664454e-05,-4.36,False,1.0,20240607
LONG,1074,exit,sell,1,1,859846,2024-06-06 18:47:00,18,1127,5.8765824822861295e-05,-4.36,False,1.0,20240607
LONG,1075,entry,buy,1,1,860703,2024-06-07 09:05:00,9,545,0.0006526264990931268,125.64,True,9.0,20240607
LONG,1075,exit,sell,1,1,860712,2024-06-07 09:14:00,9,554,0.000673884626764551,125.64,True,9.0,20240607
LONG,1076,entry,buy,1,1,860716,2024-06-07 09:18:00,9,558,0.0006830879797703704,-384.36,False,13.0,20240607
LONG,1076,exit,sell,1,1,860729,2024-06-07 09:31:00,9,571,0.0005096918608179633,-384.36,False,13.0,20240607
LONG,1077,entry,buy,1,1,860807,2024-06-07 10:49:00,10,649,0.00031846784413667474,-1149.36,False,12.0,20240607
LONG,1077,exit,sell,1,1,860819,2024-06-07 11:01:00,11,661,0.0003103308077664158,-1149.36,False,12.0,20240607
LONG,1078,entry,buy,1,2,862252,2024-06-10 11:55:00,11,715,0.00016945887616964407,-938.72,False,68.0,20240610
LONG,1078,exit,sell,1,2,862320,2024-06-10 13:03:00,13,783,0.00019880854466872012,-938.72,False,68.0,20240610
LONG,1079,entry,buy,1,2,862364,2024-06-10 13:47:00,13,827,0.00023849215633682012,911.28,True,3.0,20240610
LONG,1079,exit,sell,1,2,862367,2024-06-10 13:50:00,13,830,0.00027154206254538017,911.28,True,3.0,20240610
LONG,1080,entry,buy,1,2,863761,2024-06-11 14:04:00,14,844,0.00017474108924804004,2891.28,True,156.0,20240611
LONG,1080,exit,sell,1,2,863917,2024-06-11 16:40:00,16,1000,0.00019526299036439217,2891.28,True,156.0,20240611
LONG,1081,entry,buy,1,1,864870,2024-06-12 09:33:00,9,573,0.00033015092430804436,1890.64,True,67.0,20240612
LONG,1081,exit,sell,1,1,864937,2024-06-12 10:40:00,10,640,0.0002554992550929925,1890.64,True,67.0,20240612
LONG,1082,entry,buy,1,1,867643,2024-06-14 09:46:00,9,586,0.00023605227644453233,5.64,True,18.0,20240614
LONG,1082,exit,sell,1,1,867661,2024-06-14 10:04:00,10,604,0.00030645055115991165,5.64,True,18.0,20240614
LONG,1083,entry,buy,1,1,867790,2024-06-14 12:13:00,12,733,0.00023730660439536764,80.64,True,148.0,20240614
LONG,1083,exit,sell,1,1,867938,2024-06-14 14:41:00,14,881,0.00021686667233376754,80.64,True,148.0,20240614
LONG,1084,entry,buy,1,2,869181,2024-06-17 12:26:00,12,746,0.00019884136514272224,6491.28,True,109.0,20240617
LONG,1084,exit,sell,1,2,869290,2024-06-17 14:15:00,14,855,0.00034397332862150796,6491.28,True,109.0,20240617
LONG,1085,entry,buy,1,1,869462,2024-06-17 18:07:00,18,1087,9.035956414801087e-05,-759.36,False,197.0,20240618
LONG,1085,exit,sell,1,1,869659,2024-06-17 21:24:00,21,1284,0.00011184965018386005,-759.36,False,197.0,20240618
LONG,1086,entry,buy,1,1,869779,2024-06-17 23:24:00,23,1404,6.347213960320808e-05,-189.36,False,21.0,20240618
LONG,1086,exit,sell,1,1,869800,2024-06-17 23:45:00,23,1425,7.055122519604718e-05,-189.36,False,21.0,20240618
LONG,1087,entry,buy,1,1,869820,2024-06-18 00:05:00,0,5,6.0131827167049805e-05,-69.36,False,13.0,20240618
LONG,1087,exit,sell,1,1,869833,2024-06-18 00:18:00,0,18,5.074493569981937e-05,-69.36,False,13.0,20240618
LONG,1088,entry,buy,1,1,869936,2024-06-18 02:01:00,2,121,6.410084654393131e-05,-29.36,False,3.0,20240618
LONG,1088,exit,sell,1,1,869939,2024-06-18 02:04:00,2,124,6.700762216978771e-05,-29.36,False,3.0,20240618
LONG,1089,entry,buy,1,1,869944,2024-06-18 02:09:00,2,129,7.037079318370823e-05,40.64,True,1.0,20240618
LONG,1089,exit,sell,1,1,869945,2024-06-18 02:10:00,2,130,7.119683012379314e-05,40.64,True,1.0,20240618
LONG,1090,entry,buy,1,1,869946,2024-06-18 02:11:00,2,131,7.186184174794266e-05,0.6399999999999997,True,5.0,20240618
LONG,1090,exit,sell,1,1,869951,2024-06-18 02:16:00,2,136,7.139741575262095e-05,0.6399999999999997,True,5.0,20240618
LONG,1091,entry,buy,1,1,869952,2024-06-18 02:17:00,2,137,7.177818594027005e-05,690.64,True,191.0,20240618
LONG,1091,exit,sell,1,1,870143,2024-06-18 05:28:00,5,328,0.0001285106974986241,690.64,True,191.0,20240618
LONG,1092,entry,buy,1,2,870167,2024-06-18 05:52:00,5,352,0.00012268019236567762,-608.72,False,19.0,20240618
LONG,1092,exit,sell,1,2,870186,2024-06-18 06:11:00,6,371,0.00012477471301226213,-608.72,False,19.0,20240618
LONG,1093,entry,buy,1,2,870201,2024-06-18 06:26:00,6,386,0.0001245402705245467,-508.72,False,44.0,20240618
LONG,1093,exit,sell,1,2,870245,2024-06-18 07:10:00,7,430,0.00011273470154865555,-508.72,False,44.0,20240618
LONG,1094,entry,buy,1,1,870871,2024-06-18 18:36:00,18,1116,5.716425046538339e-05,-269.36,False,106.0,20240619
LONG,1094,exit,sell,1,1,870977,2024-06-18 20:22:00,20,1222,4.424406489451467e-05,-269.36,False,106.0,20240619
LONG,1095,entry,buy,1,1,870978,2024-06-18 20:23:00,20,1223,4.777160542833193e-05,55.64,True,12.0,20240619
LONG,1095,exit,sell,1,1,870990,2024-06-18 20:35:00,20,1235,5.5406112434233627e-05,55.64,True,12.0,20240619
LONG,1096,entry,buy,1,1,875666,2024-06-24 09:34:00,9,574,0.00023472594005009031,-464.36,False,4.0,20240624
LONG,1096,exit,sell,1,1,875670,2024-06-24 09:38:00,9,578,0.00025513222174910387,-464.36,False,4.0,20240624
LONG,1097,entry,buy,1,1,875693,2024-06-24 10:01:00,10,601,0.00042226861817089165,-294.36,False,25.0,20240624
LONG,1097,exit,sell,1,1,875718,2024-06-24 10:26:00,10,626,0.0004985635275429058,-294.36,False,25.0,20240624
LONG,1098,entry,buy,1,2,876436,2024-06-24 23:24:00,23,1404,7.666867135888589e-05,-408.72,False,170.0,20240625
LONG,1098,exit,sell,1,2,876606,2024-06-25 02:14:00,2,134,7.641293479106076e-05,-408.72,False,170.0,20240625
LONG,1099,entry,buy,1,2,876624,2024-06-25 02:32:00,2,152,9.568237781174868e-05,-168.72,False,10.0,20240625
LONG,1099,exit,sell,1,2,876634,2024-06-25 02:42:00,2,162,0.00011411471334341755,-168.72,False,10.0,20240625
LONG,1100,entry,buy,1,1,876676,2024-06-25 03:24:00,3,204,0.0001760730686191676,-304.36,False,3.0,20240625
LONG,1100,exit,sell,1,1,876679,2024-06-25 03:27:00,3,207,0.00019184655878118207,-304.36,False,3.0,20240625
LONG,1101,entry,buy,1,2,876719,2024-06-25 04:07:00,4,247,0.00019929536438477896,2321.28,True,217.0,20240625
LONG,1101,exit,sell,1,2,876936,2024-06-25 07:44:00,7,464,0.0001481512691954957,2321.28,True,217.0,20240625
LONG,1102,entry,buy,1,1,878426,2024-06-26 09:34:00,9,574,0.000258361198769551,-229.36,False,1.0,20240626
LONG,1102,exit,sell,1,1,878427,2024-06-26 09:35:00,9,575,0.00026567926585104284,-229.36,False,1.0,20240626
LONG,1103,entry,buy,1,1,878433,2024-06-26 09:41:00,9,581,0.00028810065775999405,340.64,True,20.0,20240626
LONG,1103,exit,sell,1,1,878453,2024-06-26 10:01:00,10,601,0.00037311244389706487,340.64,True,20.0,20240626
LONG,1104,entry,buy,1,1,878459,2024-06-26 10:07:00,10,607,0.0003817089493218214,-949.36,False,22.0,20240626
LONG,1104,exit,sell,1,1,878481,2024-06-26 10:29:00,10,629,0.00043055697927796657,-949.36,False,22.0,20240626
LONG,1105,entry,buy,1,1,878537,2024-06-26 11:25:00,11,685,0.0004273776635566869,295.64,True,74.0,20240626
LONG,1105,exit,sell,1,1,878611,2024-06-26 12:39:00,12,759,0.0002628760587878374,295.64,True,74.0,20240626
LONG,1106,entry,buy,1,1,879292,2024-06-27 01:00:00,1,60,5.795109898131973e-05,30.64,True,203.0,20240627
LONG,1106,exit,sell,1,1,879495,2024-06-27 04:23:00,4,263,0.00011926322184051585,30.64,True,203.0,20240627
LONG,1107,entry,buy,1,1,879510,2024-06-27 04:38:00,4,278,0.00013052139238840026,245.64,True,148.0,20240627
LONG,1107,exit,sell,1,1,879658,2024-06-27 07:06:00,7,426,0.0001075787610613868,245.64,True,148.0,20240627
LONG,1108,entry,buy,1,2,879686,2024-06-27 07:34:00,7,454,0.00011915566200430053,-558.72,False,52.0,20240627
LONG,1108,exit,sell,1,2,879738,2024-06-27 08:26:00,8,506,0.0001272539886633451,-558.72,False,52.0,20240627
LONG,1109,entry,buy,1,1,879739,2024-06-27 08:27:00,8,507,0.0001252815938317312,-64.36,False,4.0,20240627
LONG,1109,exit,sell,1,1,879743,2024-06-27 08:31:00,8,511,0.00012587208369330477,-64.36,False,4.0,20240627
LONG,1110,entry,buy,1,1,879744,2024-06-27 08:32:00,8,512,0.00018576063733569698,740.64,True,445.0,20240627
LONG,1110,exit,sell,1,1,880189,2024-06-27 15:57:00,15,957,0.00026530147470503826,740.64,True,445.0,20240627
LONG,1111,entry,buy,1,1,880192,2024-06-27 16:00:00,16,960,0.00029540903391413366,405.64,True,40.0,20240627
LONG,1111,exit,sell,1,1,880232,2024-06-27 16:40:00,16,1000,0.0002857860765260497,405.64,True,40.0,20240627
LONG,1112,entry,buy,1,2,882094,2024-07-01 01:42:00,1,102,8.252425798519859e-05,-48.72,False,86.0,20240701
LONG,1112,exit,sell,1,2,882180,2024-07-01 03:08:00,3,188,0.00010791142434926717,-48.72,False,86.0,20240701
LONG,1113,entry,buy,1,2,882181,2024-07-01 03:09:00,3,189,0.00011058519189652132,-698.72,False,11.0,20240701
LONG,1113,exit,sell,1,2,882192,2024-07-01 03:20:00,3,200,0.0001343968399609467,-698.72,False,11.0,20240701
LONG,1114,entry,buy,1,1,882195,2024-07-01 03:23:00,3,203,0.0001364696635083462,-74.36,False,1.0,20240701
LONG,1114,exit,sell,1,1,882196,2024-07-01 03:24:00,3,204,0.000138021807227107,-74.36,False,1.0,20240701
LONG,1115,entry,buy,1,1,882264,2024-07-01 04:32:00,4,272,0.00020660853407065752,-174.36,False,2.0,20240701
LONG,1115,exit,sell,1,1,882266,2024-07-01 04:34:00,4,274,0.00020585287120331212,-174.36,False,2.0,20240701
LONG,1116,entry,buy,1,1,882479,2024-07-01 08:07:00,8,487,0.00014860969435052102,-229.36,False,5.0,20240701
LONG,1116,exit,sell,1,1,882484,2024-07-01 08:12:00,8,492,0.00015019023381511223,-229.36,False,5.0,20240701
LONG,1117,entry,buy,1,1,882490,2024-07-01 08:18:00,8,498,0.00014076755702376905,-9.36,False,1.0,20240701
LONG,1117,exit,sell,1,1,882491,2024-07-01 08:19:00,8,499,0.00013863713726821296,-9.36,False,1.0,20240701
LONG,1118,entry,buy,1,1,882492,2024-07-01 08:20:00,8,500,0.00013916239715589698,-154.36,False,19.0,20240701
LONG,1118,exit,sell,1,1,882511,2024-07-01 08:39:00,8,519,0.00014940224845274436,-154.36,False,19.0,20240701
LONG,1119,entry,buy,1,2,886849,2024-07-04 20:45:00,20,1245,5.3714520947347605e-05,1501.28,True,370.0,20240705
LONG,1119,exit,sell,1,2,887218,2024-07-05 02:55:00,2,175,7.781315967691187e-05,1501.28,True,370.0,20240705
LONG,1120,entry,buy,1,1,891946,2024-07-10 12:44:00,12,764,0.00017816499028481427,190.64,True,41.0,20240710
LONG,1120,exit,sell,1,1,891987,2024-07-10 13:25:00,13,805,0.00021471251899127892,190.64,True,41.0,20240710
LONG,1121,entry,buy,1,2,892005,2024-07-10 13:43:00,13,823,0.0002266881010856375,-348.72,False,80.0,20240710
LONG,1121,exit,sell,1,2,892085,2024-07-10 15:03:00,15,903,0.00015590037768844562,-348.72,False,80.0,20240710
LONG,1122,entry,buy,1,2,892132,2024-07-10 15:50:00,15,950,0.00016222862463897424,-448.72,False,11.0,20240710
LONG,1122,exit,sell,1,2,892143,2024-07-10 16:01:00,16,961,0.00019222914041116656,-448.72,False,11.0,20240710
LONG,1123,entry,buy,1,1,893074,2024-07-11 08:32:00,8,512,0.00037712149617893877,-74.36,False,4.0,20240711
LONG,1123,exit,sell,1,1,893078,2024-07-11 08:36:00,8,516,0.0004195431305841081,-74.36,False,4.0,20240711
LONG,1124,entry,buy,1,1,894471,2024-07-12 08:49:00,8,529,0.0002873521241245445,-384.36,False,14.0,20240712
LONG,1124,exit,sell,1,1,894485,2024-07-12 09:03:00,9,543,0.00030303115992419725,-384.36,False,14.0,20240712
LONG,1125,entry,buy,1,1,894523,2024-07-12 09:41:00,9,581,0.0002855566327068403,1595.64,True,38.0,20240712
LONG,1125,exit,sell,1,1,894561,2024-07-12 10:19:00,10,619,0.0004160154376446288,1595.64,True,38.0,20240712
LONG,1126,entry,buy,1,1,895120,2024-07-14 20:38:00,20,1238,0.00010400335419619882,-99.36,False,79.0,20240715
LONG,1126,exit,sell,1,1,895199,2024-07-14 21:57:00,21,1317,8.915331831574002e-05,-99.36,False,79.0,20240715
LONG,1127,entry,buy,1,1,895200,2024-07-14 21:58:00,21,1318,8.824679998558898e-05,65.64,True,7.0,20240715
LONG,1127,exit,sell,1,1,895207,2024-07-14 22:05:00,22,1325,9.071951338757668e-05,65.64,True,7.0,20240715
LONG,1128,entry,buy,1,1,895208,2024-07-14 22:06:00,22,1326,9.071930665184329e-05,25.64,True,2.0,20240715
LONG,1128,exit,sell,1,1,895210,2024-07-14 22:08:00,22,1328,9.490986910219833e-05,25.64,True,2.0,20240715
LONG,1129,entry,buy,1,1,895211,2024-07-14 22:09:00,22,1329,9.458245082350244e-05,-219.36,False,6.0,20240715
LONG,1129,exit,sell,1,1,895217,2024-07-14 22:15:00,22,1335,0.00010064539083420365,-219.36,False,6.0,20240715
LONG,1130,entry,buy,1,1,895357,2024-07-15 00:35:00,0,35,5.655860153677328e-05,-24.36,False,7.0,20240715
LONG,1130,exit,sell,1,1,895364,2024-07-15 00:42:00,0,42,6.029024268807079e-05,-24.36,False,7.0,20240715
LONG,1131,entry,buy,1,1,895379,2024-07-15 00:57:00,0,57,6.260955146178221e-05,400.64,True,425.0,20240715
LONG,1131,exit,sell,1,1,895804,2024-07-15 08:02:00,8,482,0.00014535398679490117,400.64,True,425.0,20240715
LONG,1132,entry,buy,1,1,895811,2024-07-15 08:09:00,8,489,0.00014742350667205077,-344.36,False,31.0,20240715
LONG,1132,exit,sell,1,1,895842,2024-07-15 08:40:00,8,520,0.00016287795146390215,-344.36,False,31.0,20240715
LONG,1133,entry,buy,1,1,895894,2024-07-15 09:32:00,9,572,0.00015890358770132357,40.64,True,428.0,20240715
LONG,1133,exit,sell,1,1,896322,2024-07-15 16:40:00,16,1000,0.0004121852338056603,40.64,True,428.0,20240715
LONG,1134,entry,buy,1,1,899104,2024-07-17 18:02:00,18,1082,0.00018952798712033408,405.64,True,567.0,20240718
LONG,1134,exit,sell,1,1,899671,2024-07-18 03:29:00,3,209,0.0002743505985226572,405.64,True,567.0,20240718
LONG,1135,entry,buy,1,1,899675,2024-07-18 03:33:00,3,213,0.00031193242605152344,-119.36,False,34.0,20240718
LONG,1135,exit,sell,1,1,899709,2024-07-18 04:07:00,4,247,0.00036084662358560124,-119.36,False,34.0,20240718
LONG,1136,entry,buy,1,1,899725,2024-07-18 04:23:00,4,263,0.00037724925391777794,-294.36,False,71.0,20240718
LONG,1136,exit,sell,1,1,899796,2024-07-18 05:34:00,5,334,0.00021996739642696252,-294.36,False,71.0,20240718
LONG,1137,entry,buy,1,1,899859,2024-07-18 06:37:00,6,397,0.00024603482763374914,935.64,True,175.0,20240718
LONG,1137,exit,sell,1,1,900034,2024-07-18 09:32:00,9,572,0.00023624420480738515,935.64,True,175.0,20240718
LONG,1138,entry,buy,1,1,901873,2024-07-21 18:21:00,18,1101,0.00019739836020843884,-329.36,False,212.0,20240722
LONG,1138,exit,sell,1,1,902085,2024-07-21 21:53:00,21,1313,0.00023047432282286982,-329.36,False,212.0,20240722
LONG,1139,entry,buy,1,2,902157,2024-07-21 23:05:00,23,1385,0.00021174613430024832,-1238.72,False,62.0,20240722
LONG,1139,exit,sell,1,2,902219,2024-07-22 00:07:00,0,7,0.00019102296302308044,-1238.72,False,62.0,20240722
LONG,1140,entry,buy,1,1,903961,2024-07-23 06:09:00,6,369,0.00015476728489122394,245.64,True,104.0,20240723
LONG,1140,exit,sell,1,1,904065,2024-07-23 07:53:00,7,473,0.00019561698704761556,245.64,True,104.0,20240723
LONG,1141,entry,buy,1,1,904073,2024-07-23 08:01:00,8,481,0.00018941918638483326,-14.36,False,1.0,20240723
LONG,1141,exit,sell,1,1,904074,2024-07-23 08:02:00,8,482,0.00018564970707416771,-14.36,False,1.0,20240723
LONG,1142,entry,buy,1,1,904075,2024-07-23 08:03:00,8,483,0.00016947179978157693,-139.36,False,4.0,20240723
LONG,1142,exit,sell,1,1,904079,2024-07-23 08:07:00,8,487,0.00017081408383000704,-139.36,False,4.0,20240723
LONG,1143,entry,buy,1,1,904080,2024-07-23 08:08:00,8,488,0.00017166879584206988,-219.36,False,5.0,20240723
LONG,1143,exit,sell,1,1,904085,2024-07-23 08:13:00,8,493,0.00017372145363626153,-219.36,False,5.0,20240723
LONG,1144,entry,buy,1,1,904167,2024-07-23 09:35:00,9,575,0.0002802348545229997,-694.36,False,219.0,20240723
LONG,1144,exit,sell,1,1,904386,2024-07-23 13:14:00,13,794,0.00043562497787919506,-694.36,False,219.0,20240723
LONG,1145,entry,buy,1,1,904395,2024-07-23 13:23:00,13,803,0.0004238819329809332,-54.36,False,9.0,20240723
LONG,1145,exit,sell,1,1,904404,2024-07-23 13:32:00,13,812,0.00038105413623451377,-54.36,False,9.0,20240723
LONG,1146,entry,buy,1,1,904424,2024-07-23 13:52:00,13,832,0.00035270291594300947,-664.36,False,112.0,20240723
LONG,1146,exit,sell,1,1,904536,2024-07-23 15:44:00,15,944,0.00022023019233112832,-664.36,False,112.0,20240723
LONG,1147,entry,buy,1,2,907499,2024-07-25 20:12:00,20,1212,0.00011801159412676148,3241.28,True,799.0,20240726
LONG,1147,exit,sell,1,2,908298,2024-07-26 09:31:00,9,571,0.0003609946198964031,3241.28,True,799.0,20240726
LONG,1148,entry,buy,1,1,908773,2024-07-28 18:26:00,18,1106,0.0001655445092739289,-4.36,False,552.0,20240729
LONG,1148,exit,sell,1,1,909324,2024-07-29 03:38:00,3,218,0.000259972255040218,-4.36,False,552.0,20240729
LONG,1149,entry,buy,1,1,909355,2024-07-29 04:09:00,4,249,0.00030295188479333954,-284.36,False,28.0,20240729
LONG,1149,exit,sell,1,1,909383,2024-07-29 04:37:00,4,277,0.00026263264911188,-284.36,False,28.0,20240729
LONG,1150,entry,buy,1,1,909459,2024-07-29 05:53:00,5,353,0.00017735763328631356,965.64,True,179.0,20240729
LONG,1150,exit,sell,1,1,909638,2024-07-29 08:52:00,8,532,0.00023364007097904268,965.64,True,179.0,20240729
LONG,1151,entry,buy,1,1,909691,2024-07-29 09:45:00,9,585,0.00044777114320592283,-2069.36,False,70.0,20240729
LONG,1151,exit,sell,1,1,909761,2024-07-29 10:55:00,10,655,0.0006021228318704124,-2069.36,False,70.0,20240729
LONG,1152,entry,buy,1,1,910507,2024-07-30 00:22:00,0,22,0.00014414122464386506,1130.64,True,231.0,20240730
LONG,1152,exit,sell,1,1,910738,2024-07-30 04:13:00,4,253,0.00024430711633147595,1130.64,True,231.0,20240730
LONG,1153,entry,buy,1,2,912485,2024-07-31 10:20:00,10,620,0.0006614944911104757,-1698.72,False,159.0,20240731
LONG,1153,exit,sell,1,2,912644,2024-07-31 12:59:00,12,779,0.00030365330605457456,-1698.72,False,159.0,20240731
LONG,1154,entry,buy,1,1,912902,2024-07-31 18:17:00,18,1097,0.00029910304775144863,-394.36,False,470.0,20240801
LONG,1154,exit,sell,1,1,913372,2024-08-01 02:07:00,2,127,0.00021833220477143409,-394.36,False,470.0,20240801
LONG,1155,entry,buy,1,1,913410,2024-08-01 02:45:00,2,165,0.0002870923028007348,-659.36,False,11.0,20240801
LONG,1155,exit,sell,1,1,913421,2024-08-01 02:56:00,2,176,0.0002927601735898157,-659.36,False,11.0,20240801
LONG,1156,entry,buy,1,1,913433,2024-08-01 03:08:00,3,188,0.0002848988005474637,-59.36,False,36.0,20240801
LONG,1156,exit,sell,1,1,913469,2024-08-01 03:44:00,3,224,0.00031577805866606534,-59.36,False,36.0,20240801
LONG,1157,entry,buy,1,1,913681,2024-08-01 07:16:00,7,436,0.0002186987774823565,-514.36,False,35.0,20240801
LONG,1157,exit,sell,1,1,913716,2024-08-01 07:51:00,7,471,0.00021785862383141909,-514.36,False,35.0,20240801
LONG,1158,entry,buy,1,2,915205,2024-08-02 09:40:00,9,580,0.0009516983189849124,-3158.72,False,7.0,20240802
LONG,1158,exit,sell,1,2,915212,2024-08-02 09:47:00,9,587,0.001083187366680679,-3158.72,False,7.0,20240802
LONG,1159,entry,buy,1,1,916569,2024-08-05 09:32:00,9,572,0.0017575429466489476,5565.64,True,39.0,20240805
LONG,1159,exit,sell,1,1,916608,2024-08-05 10:11:00,10,611,0.0020377502395099545,5565.64,True,39.0,20240805
LONG,1160,entry,buy,1,1,917983,2024-08-06 10:08:00,10,608,0.0012217362574177561,580.64,True,81.0,20240806
LONG,1160,exit,sell,1,1,918064,2024-08-06 11:29:00,11,689,0.000826503430666388,580.64,True,81.0,20240806
LONG,1161,entry,buy,1,1,918085,2024-08-06 11:50:00,11,710,0.0007736210190274103,15.64,True,195.0,20240806
LONG,1161,exit,sell,1,1,918280,2024-08-06 15:05:00,15,905,0.0005191310513628894,15.64,True,195.0,20240806
LONG,1162,entry,buy,1,1,918543,2024-08-06 20:28:00,20,1228,0.00031726234756092883,2695.64,True,345.0,20240807
LONG,1162,exit,sell,1,1,918888,2024-08-07 02:13:00,2,133,0.0003733132683708524,2695.64,True,345.0,20240807
LONG,1163,entry,buy,1,1,919899,2024-08-07 20:04:00,20,1204,0.0006299582232736724,-249.36,False,12.0,20240808
LONG,1163,exit,sell,1,1,919911,2024-08-07 20:16:00,20,1216,0.0006357210527556562,-249.36,False,12.0,20240808
LONG,1164,entry,buy,1,1,919912,2024-08-07 20:17:00,20,1217,0.0006365103128145521,570.64,True,435.0,20240808
LONG,1164,exit,sell,1,1,920347,2024-08-08 03:32:00,3,212,0.000484040926165147,570.64,True,435.0,20240808
LONG,1165,entry,buy,1,1,920379,2024-08-08 04:04:00,4,244,0.0005608086483998099,4295.64,True,334.0,20240808
LONG,1165,exit,sell,1,1,920713,2024-08-08 09:38:00,9,578,0.0006670009577122257,4295.64,True,334.0,20240808
LONG,1166,entry,buy,1,2,922804,2024-08-11 22:29:00,22,1349,0.00021054714175104523,-1108.72,False,672.0,20240812
LONG,1166,exit,sell,1,2,923476,2024-08-12 09:41:00,9,581,0.0003790558626840664,-1108.72,False,672.0,20240812
LONG,1167,entry,buy,1,2,924315,2024-08-13 00:40:00,0,40,9.982849507441707e-05,2431.28,True,219.0,20240813
LONG,1167,exit,sell,1,2,924534,2024-08-13 04:19:00,4,259,0.00023929536855851104,2431.28,True,219.0,20240813
LONG,1168,entry,buy,1,1,929438,2024-08-18 18:03:00,18,1083,0.0002165711488899027,-484.36,False,17.0,20240819
LONG,1168,exit,sell,1,1,929455,2024-08-18 18:20:00,18,1100,0.0002564526527863801,-484.36,False,17.0,20240819
LONG,1169,entry,buy,1,1,929456,2024-08-18 18:21:00,18,1101,0.00025643576439075887,-179.36,False,4.0,20240819
LONG,1169,exit,sell,1,1,929460,2024-08-18 18:25:00,18,1105,0.00025914253107590777,-179.36,False,4.0,20240819
LONG,1170,entry,buy,1,1,929488,2024-08-18 18:53:00,18,1133,0.00026824256988384874,-24.36,False,1.0,20240819
LONG,1170,exit,sell,1,1,929489,2024-08-18 18:54:00,18,1134,0.00026871371024171994,-24.36,False,1.0,20240819
LONG,1171,entry,buy,1,1,929490,2024-08-18 18:55:00,18,1135,0.0002690278260329822,-84.36,False,5.0,20240819
LONG,1171,exit,sell,1,1,929495,2024-08-18 19:00:00,19,1140,0.00026703866157851017,-84.36,False,5.0,20240819
LONG,1172,entry,buy,1,1,929509,2024-08-18 19:14:00,19,1154,0.00015425896478593135,-19.36,False,36.0,20240819
LONG,1172,exit,sell,1,1,929545,2024-08-18 19:50:00,19,1190,0.0001123888477760038,-19.36,False,36.0,20240819
LONG,1173,entry,buy,1,1,929769,2024-08-18 23:35:00,23,1415,9.941360770835807e-05,-349.36,False,7.0,20240819
LONG,1173,exit,sell,1,1,929776,2024-08-18 23:42:00,23,1422,0.00010704960148169343,-349.36,False,7.0,20240819
LONG,1174,entry,buy,1,1,929777,2024-08-18 23:43:00,23,1423,0.00010858909199510472,-54.36,False,1.0,20240819
LONG,1174,exit,sell,1,1,929778,2024-08-18 23:44:00,23,1424,0.00010935835682075937,-54.36,False,1.0,20240819
LONG,1175,entry,buy,1,1,930228,2024-08-19 07:14:00,7,434,0.00015803044943568385,-114.36,False,8.0,20240819
LONG,1175,exit,sell,1,1,930236,2024-08-19 07:22:00,7,442,0.00015680734669173103,-114.36,False,8.0,20240819
LONG,1176,entry,buy,1,1,931763,2024-08-20 09:49:00,9,589,0.0002600806164599711,-29.36,False,3.0,20240820
LONG,1176,exit,sell,1,1,931766,2024-08-20 09:52:00,9,592,0.00026868489763313264,-29.36,False,3.0,20240820
LONG,1177,entry,buy,1,2,932613,2024-08-21 01:00:00,1,60,6.275470906785408e-05,-798.72,False,51.0,20240821
LONG,1177,exit,sell,1,2,932664,2024-08-21 01:51:00,1,111,9.988504589261806e-05,-798.72,False,51.0,20240821
LONG,1178,entry,buy,1,1,933155,2024-08-21 10:02:00,10,602,0.00033968339598298644,320.64,True,3.0,20240821
LONG,1178,exit,sell,1,1,933158,2024-08-21 10:05:00,10,605,0.00034641926185789007,320.64,True,3.0,20240821
LONG,1179,entry,buy,1,1,933191,2024-08-21 10:38:00,10,638,0.0006080390223007745,-2154.36,False,15.0,20240821
LONG,1179,exit,sell,1,1,933206,2024-08-21 10:53:00,10,653,0.0007152211728031248,-2154.36,False,15.0,20240821
LONG,1180,entry,buy,1,2,935295,2024-08-22 23:42:00,23,1422,8.161547253261157e-05,1951.28,True,590.0,20240823
LONG,1180,exit,sell,1,2,935885,2024-08-23 09:32:00,9,572,0.00021593767667703475,1951.28,True,590.0,20240823
LONG,1181,entry,buy,1,2,937856,2024-08-26 20:24:00,20,1224,0.00010759643434337254,-1408.72,False,38.0,20240827
LONG,1181,exit,sell,1,2,937894,2024-08-26 21:02:00,21,1262,0.00014140425551367638,-1408.72,False,38.0,20240827
LONG,1182,entry,buy,1,1,939638,2024-08-28 03:06:00,3,186,8.060013608422826e-05,-69.36,False,1.0,20240828
LONG,1182,exit,sell,1,1,939639,2024-08-28 03:07:00,3,187,8.1187555296301e-05,-69.36,False,1.0,20240828
LONG,1183,entry,buy,1,1,939690,2024-08-28 03:58:00,3,238,0.00010256592176016642,-279.36,False,12.0,20240828
LONG,1183,exit,sell,1,1,939702,2024-08-28 04:10:00,4,250,0.00012493621748512767,-279.36,False,12.0,20240828
LONG,1184,entry,buy,1,1,939714,2024-08-28 04:22:00,4,262,0.0001337773489570307,-124.36,False,5.0,20240828
LONG,1184,exit,sell,1,1,939719,2024-08-28 04:27:00,4,267,0.0001339238563433517,-124.36,False,5.0,20240828
LONG,1185,entry,buy,1,1,939722,2024-08-28 04:30:00,4,270,0.00013719030027988468,210.64,True,130.0,20240828
LONG,1185,exit,sell,1,1,939852,2024-08-28 06:40:00,6,400,0.00010337293386945644,210.64,True,130.0,20240828
LONG,1186,entry,buy,1,1,939963,2024-08-28 08:31:00,8,511,0.00015435521041305626,-34.36,False,2.0,20240828
LONG,1186,exit,sell,1,1,939965,2024-08-28 08:33:00,8,513,0.00015412093618514953,-34.36,False,2.0,20240828
LONG,1187,entry,buy,1,1,939967,2024-08-28 08:35:00,8,515,0.00015382058469132537,-134.36,False,12.0,20240828
LONG,1187,exit,sell,1,1,939979,2024-08-28 08:47:00,8,527,0.0001611887888464601,-134.36,False,12.0,20240828
LONG,1188,entry,buy,1,1,939986,2024-08-28 08:54:00,8,534,0.00015607417738066636,-174.36,False,13.0,20240828
LONG,1188,exit,sell,1,1,939999,2024-08-28 09:07:00,9,547,0.00015519028682123474,-174.36,False,13.0,20240828
LONG,1189,entry,buy,1,1,940024,2024-08-28 09:32:00,9,572,0.0002473827701643643,-44.36,False,2.0,20240828
LONG,1189,exit,sell,1,1,940026,2024-08-28 09:34:00,9,574,0.0002508918779657406,-44.36,False,2.0,20240828
LONG,1190,entry,buy,1,1,940409,2024-08-28 15:57:00,15,957,0.0004113467107800695,-514.36,False,2.0,20240828
LONG,1190,exit,sell,1,1,940411,2024-08-28 15:59:00,15,959,0.00041868489441096224,-514.36,False,2.0,20240828
LONG,1191,entry,buy,1,1,940634,2024-08-28 20:42:00,20,1242,0.0001885934870546479,-414.36,False,46.0,20240829
LONG,1191,exit,sell,1,1,940680,2024-08-28 21:28:00,21,1288,0.00015364743590737506,-414.36,False,46.0,20240829
LONG,1192,entry,buy,1,1,940681,2024-08-28 21:29:00,21,1289,0.00015411227808253666,-104.36,False,3.0,20240829
LONG,1192,exit,sell,1,1,940684,2024-08-28 21:32:00,21,1292,0.00015262107985068637,-104.36,False,3.0,20240829
LONG,1193,entry,buy,1,1,940691,2024-08-28 21:39:00,21,1299,0.00015455572663750176,2375.64,True,1054.0,20240829
LONG,1193,exit,sell,1,1,941745,2024-08-29 15:13:00,15,913,0.0006713280795862937,2375.64,True,1054.0,20240829
LONG,1194,entry,buy,1,1,944373,2024-09-02 18:01:00,18,1081,0.00012886573045308656,-14.36,False,20.0,20240903
LONG,1194,exit,sell,1,1,944393,2024-09-02 18:21:00,18,1101,0.0001705947079338075,-14.36,False,20.0,20240903
LONG,1195,entry,buy,1,1,946686,2024-09-04 09:35:00,9,575,0.00027503887973939555,-504.36,False,4.0,20240904
LONG,1195,exit,sell,1,1,946690,2024-09-04 09:39:00,9,579,0.00030541902584721025,-504.36,False,4.0,20240904
LONG,1196,entry,buy,1,1,946691,2024-09-04 09:40:00,9,580,0.0003125900736897322,400.64,True,1.0,20240904
LONG,1196,exit,sell,1,1,946692,2024-09-04 09:41:00,9,581,0.00033234113277791767,400.64,True,1.0,20240904
LONG,1197,entry,buy,1,1,946693,2024-09-04 09:42:00,9,582,0.00043092049109971493,-1909.36,False,19.0,20240904
LONG,1197,exit,sell,1,1,946712,2024-09-04 10:01:00,10,601,0.0009158610770493685,-1909.36,False,19.0,20240904
LONG,1198,entry,buy,1,1,947301,2024-09-04 20:50:00,20,1250,0.00018339463538114388,-14.36,False,2.0,20240905
LONG,1198,exit,sell,1,1,947303,2024-09-04 20:52:00,20,1252,0.00018310290793698705,-14.36,False,2.0,20240905
LONG,1199,entry,buy,1,1,947347,2024-09-04 21:36:00,21,1296,0.00017201231313243738,-124.36,False,12.0,20240905
LONG,1199,exit,sell,1,1,947359,2024-09-04 21:48:00,21,1308,0.00015878840399943163,-124.36,False,12.0,20240905
LONG,1200,entry,buy,1,1,948064,2024-09-05 09:33:00,9,573,0.0003880340203418827,2300.64,True,43.0,20240905
LONG,1200,exit,sell,1,1,948107,2024-09-05 10:16:00,10,616,0.000637842594816803,2300.64,True,43.0,20240905
LONG,1201,entry,buy,1,1,949382,2024-09-06 08:31:00,8,511,0.0005675136563212571,745.64,True,62.0,20240906
LONG,1201,exit,sell,1,1,949444,2024-09-06 09:33:00,9,573,0.0007178570196377988,745.64,True,62.0,20240906
LONG,1202,entry,buy,1,1,949909,2024-09-08 18:18:00,18,1098,0.00032857794319899236,-519.36,False,46.0,20240909
LONG,1202,exit,sell,1,1,949955,2024-09-08 19:04:00,19,1144,0.0003225821812402259,-519.36,False,46.0,20240909
LONG,1203,entry,buy,1,1,949956,2024-09-08 19:05:00,19,1145,0.0003212838640609237,-19.36,False,2.0,20240909
LONG,1203,exit,sell,1,1,949958,2024-09-08 19:07:00,19,1147,0.00030823108693605515,-19.36,False,2.0,20240909
LONG,1204,entry,buy,1,1,949959,2024-09-08 19:08:00,19,1148,0.00030118512737961313,-249.36,False,8.0,20240909
LONG,1204,exit,sell,1,1,949967,2024-09-08 19:16:00,19,1156,0.00030032105807510737,-249.36,False,8.0,20240909
LONG,1205,entry,buy,1,1,949972,2024-09-08 19:21:00,19,1161,0.0003059504818415151,3235.64,True,910.0,20240909
LONG,1205,exit,sell,1,1,950882,2024-09-09 10:31:00,10,631,0.0005959153386925133,3235.64,True,910.0,20240909
LONG,1206,entry,buy,1,2,953879,2024-09-11 14:28:00,14,868,0.0004393154000132586,5771.28,True,132.0,20240911
LONG,1206,exit,sell,1,2,954011,2024-09-11 16:40:00,16,1000,0.00034548934933954713,5771.28,True,132.0,20240911
LONG,1207,entry,buy,1,1,956871,2024-09-15 19:21:00,19,1161,0.00014638343352459303,-159.36,False,4.0,20240916
LONG,1207,exit,sell,1,1,956875,2024-09-15 19:25:00,19,1165,0.0001436994539796486,-159.36,False,4.0,20240916
LONG,1208,entry,buy,1,1,956876,2024-09-15 19:26:00,19,1166,0.00014358695923837538,75.64,True,6.0,20240916
LONG,1208,exit,sell,1,1,956882,2024-09-15 19:32:00,19,1172,0.00013644742287211386,75.64,True,6.0,20240916
LONG,1209,entry,buy,1,1,956885,2024-09-15 19:35:00,19,1175,0.00013896486910032306,50.64,True,1.0,20240916
LONG,1209,exit,sell,1,1,956886,2024-09-15 19:36:00,19,1176,0.0001338754879525059,50.64,True,1.0,20240916
LONG,1210,entry,buy,1,1,956895,2024-09-15 19:45:00,19,1185,0.00013606124312662366,-424.36,False,48.0,20240916
LONG,1210,exit,sell,1,1,956943,2024-09-15 20:33:00,20,1233,0.00013831501382840247,-424.36,False,48.0,20240916
LONG,1211,entry,buy,1,1,956946,2024-09-15 20:36:00,20,1236,0.00014072199372777393,-19.36,False,1.0,20240916
LONG,1211,exit,sell,1,1,956947,2024-09-15 20:37:00,20,1237,0.00014030649197085913,-19.36,False,1.0,20240916
LONG,1212,entry,buy,1,1,956951,2024-09-15 20:41:00,20,1241,0.00014549557949147254,40.64,True,1.0,20240916
LONG,1212,exit,sell,1,1,956952,2024-09-15 20:42:00,20,1242,0.00014705849616846925,40.64,True,1.0,20240916
LONG,1213,entry,buy,1,1,956954,2024-09-15 20:44:00,20,1244,0.0001604435327253634,-294.36,False,16.0,20240916
LONG,1213,exit,sell,1,1,956970,2024-09-15 21:00:00,21,1260,0.00017275080980864118,-294.36,False,16.0,20240916
LONG,1214,entry,buy,1,1,956971,2024-09-15 21:01:00,21,1261,0.00017276875276429858,65.64,True,1.0,20240916
LONG,1214,exit,sell,1,1,956972,2024-09-15 21:02:00,21,1262,0.00017397946693676448,65.64,True,1.0,20240916
LONG,1215,entry,buy,1,1,956973,2024-09-15 21:03:00,21,1263,0.00017339996830929863,-69.36,False,7.0,20240916
LONG,1215,exit,sell,1,1,956980,2024-09-15 21:10:00,21,1270,0.0001713179719473858,-69.36,False,7.0,20240916
LONG,1216,entry,buy,1,2,959094,2024-09-17 09:32:00,9,572,0.00024879048530007945,-1658.72,False,3.0,20240917
LONG,1216,exit,sell,1,2,959097,2024-09-17 09:35:00,9,575,0.00028405134371963344,-1658.72,False,3.0,20240917
LONG,1217,entry,buy,1,2,961037,2024-09-18 19:56:00,19,1196,0.00022969093479138853,401.28,True,41.0,20240919
LONG,1217,exit,sell,1,2,961078,2024-09-18 20:37:00,20,1237,0.0004490670179315104,401.28,True,41.0,20240919
LONG,1218,entry,buy,1,2,961188,2024-09-18 22:27:00,22,1347,0.00024848471414050963,9311.28,True,683.0,20240919
LONG,1218,exit,sell,1,2,961871,2024-09-19 09:50:00,9,590,0.00038176388092512784,9311.28,True,683.0,20240919
LONG,1219,entry,buy,1,1,963782,2024-09-22 19:44:00,19,1184,0.00014216047109454934,1020.64,True,373.0,20240923
LONG,1219,exit,sell,1,1,964155,2024-09-23 01:57:00,1,117,0.00011253898727754766,1020.64,True,373.0,20240923
LONG,1220,entry,buy,1,1,965533,2024-09-24 01:55:00,1,115,0.00011872227709821687,-59.36,False,4.0,20240924
LONG,1220,exit,sell,1,1,965537,2024-09-24 01:59:00,1,119,0.00012077639778757494,-59.36,False,4.0,20240924
LONG,1221,entry,buy,1,1,965538,2024-09-24 02:00:00,2,120,0.0001208534031473051,15.64,True,1.0,20240924
LONG,1221,exit,sell,1,1,965539,2024-09-24 02:01:00,2,121,0.0001072812769603025,15.64,True,1.0,20240924
LONG,1222,entry,buy,1,1,965540,2024-09-24 02:02:00,2,122,0.00010738312634874471,-19.36,False,2.0,20240924
LONG,1222,exit,sell,1,1,965542,2024-09-24 02:04:00,2,124,0.00010558700059820114,-19.36,False,2.0,20240924
LONG,1223,entry,buy,1,1,965543,2024-09-24 02:05:00,2,125,0.00010485425591845579,-49.36,False,11.0,20240924
LONG,1223,exit,sell,1,1,965554,2024-09-24 02:16:00,2,136,9.416488321219892e-05,-49.36,False,11.0,20240924
LONG,1224,entry,buy,1,1,965573,2024-09-24 02:35:00,2,155,9.648742288059937e-05,5.64,True,52.0,20240924
LONG,1224,exit,sell,1,1,965625,2024-09-24 03:27:00,3,207,0.00012789558235247375,5.64,True,52.0,20240924
LONG,1225,entry,buy,1,1,965645,2024-09-24 03:47:00,3,227,0.00016954760775772393,560.64,True,53.0,20240924
LONG,1225,exit,sell,1,1,965698,2024-09-24 04:40:00,4,280,0.00020903757544048766,560.64,True,53.0,20240924
LONG,1226,entry,buy,1,1,965872,2024-09-24 07:34:00,7,454,0.0002535392616859101,-219.36,False,59.0,20240924
LONG,1226,exit,sell,1,1,965931,2024-09-24 08:33:00,8,513,0.00016699238420291298,-219.36,False,59.0,20240924
LONG,1227,entry,buy,1,1,965963,2024-09-24 09:05:00,9,545,0.00017414590956377202,-234.36,False,29.0,20240924
LONG,1227,exit,sell,1,1,965992,2024-09-24 09:34:00,9,574,0.00020429959553025303,-234.36,False,29.0,20240924
LONG,1228,entry,buy,1,1,967370,2024-09-25 09:32:00,9,572,0.000168385245113167,-139.36,False,10.0,20240925
LONG,1228,exit,sell,1,1,967380,2024-09-25 09:42:00,9,582,0.0002822587875115504,-139.36,False,10.0,20240925
LONG,1229,entry,buy,1,1,967387,2024-09-25 09:49:00,9,589,0.00031829177664410954,715.64,True,38.0,20240925
LONG,1229,exit,sell,1,1,967425,2024-09-25 10:27:00,10,627,0.0003946995487763559,715.64,True,38.0,20240925
LONG,1230,entry,buy,1,1,970591,2024-09-29 18:13:00,18,1093,0.00022562816841106763,-219.36,False,180.0,20240930
LONG,1230,exit,sell,1,1,970771,2024-09-29 21:13:00,21,1273,0.00018388715573883978,-219.36,False,180.0,20240930
LONG,1231,entry,buy,1,1,970908,2024-09-29 23:30:00,23,1410,0.0001376765671181562,-584.36,False,142.0,20240930
LONG,1231,exit,sell,1,1,971050,2024-09-30 01:52:00,1,112,0.00014542291461601482,-584.36,False,142.0,20240930
LONG,1232,entry,buy,1,1,971109,2024-09-30 02:51:00,2,171,0.0001894538048687684,210.64,True,77.0,20240930
LONG,1232,exit,sell,1,1,971186,2024-09-30 04:08:00,4,248,0.00023480652427817749,210.64,True,77.0,20240930
LONG,1233,entry,buy,1,1,971303,2024-09-30 06:05:00,6,365,0.00017419130190525592,-744.36,False,61.0,20240930
LONG,1233,exit,sell,1,1,971364,2024-09-30 07:06:00,7,426,0.0001905015745061516,-744.36,False,61.0,20240930
LONG,1234,entry,buy,1,2,972169,2024-09-30 21:31:00,21,1291,0.00014281547708136304,-468.72,False,92.0,20241001
LONG,1234,exit,sell,1,2,972261,2024-09-30 23:03:00,23,1383,0.00012559676894027252,-468.72,False,92.0,20241001
LONG,1235,entry,buy,1,1,972486,2024-10-01 02:48:00,2,168,0.0001583382414126765,-389.36,False,9.0,20241001
LONG,1235,exit,sell,1,1,972495,2024-10-01 02:57:00,2,177,0.00015545347006725964,-389.36,False,9.0,20241001
LONG,1236,entry,buy,1,1,973555,2024-10-01 21:37:00,21,1297,0.00017748797340790494,-4.36,False,1.0,20241002
LONG,1236,exit,sell,1,1,973556,2024-10-01 21:38:00,21,1298,0.0001774509147542686,-4.36,False,1.0,20241002
LONG,1237,entry,buy,1,1,973925,2024-10-02 03:47:00,3,227,0.0003167883466680692,-534.36,False,14.0,20241002
LONG,1237,exit,sell,1,1,973939,2024-10-02 04:01:00,4,241,0.0003244159209745621,-534.36,False,14.0,20241002
LONG,1238,entry,buy,1,1,974340,2024-10-02 10:42:00,10,642,0.0005520785571263601,45.64,True,4.0,20241002
LONG,1238,exit,sell,1,1,974344,2024-10-02 10:46:00,10,646,0.0005364657457707151,45.64,True,4.0,20241002
LONG,1239,entry,buy,1,1,974345,2024-10-02 10:47:00,10,647,0.0005380945745893124,30.64,True,310.0,20241002
LONG,1239,exit,sell,1,1,974655,2024-10-02 15:57:00,15,957,0.00020928362499252106,30.64,True,310.0,20241002
LONG,1240,entry,buy,1,1,975661,2024-10-03 09:43:00,9,583,0.0003396598699099081,105.64,True,31.0,20241003
LONG,1240,exit,sell,1,1,975692,2024-10-03 10:14:00,10,614,0.0006545096387408386,105.64,True,31.0,20241003
LONG,1241,entry,buy,1,1,981260,2024-10-09 11:02:00,11,662,0.0003152719163132892,540.64,True,64.0,20241009
LONG,1241,exit,sell,1,1,981324,2024-10-09 12:06:00,12,726,0.0002438307061208102,540.64,True,64.0,20241009
LONG,1242,entry,buy,1,2,981395,2024-10-09 13:17:00,13,797,0.0002443144760035377,-1338.72,False,37.0,20241009
LONG,1242,exit,sell,1,2,981432,2024-10-09 13:54:00,13,834,0.0002272098995742002,-1338.72,False,37.0,20241009
LONG,1243,entry,buy,1,2,981468,2024-10-09 14:30:00,14,870,0.0002564964413313432,-578.72,False,93.0,20241009
LONG,1243,exit,sell,1,2,981561,2024-10-09 16:03:00,16,963,0.00026629199757214386,-578.72,False,93.0,20241009
LONG,1244,entry,buy,1,1,983987,2024-10-11 10:29:00,10,629,0.0003541474379330714,35.64,True,7.0,20241011
LONG,1244,exit,sell,1,1,983994,2024-10-11 10:36:00,10,636,0.00034318272502717885,35.64,True,7.0,20241011
LONG,1245,entry,buy,1,2,985001,2024-10-14 04:23:00,4,263,0.00011291478388950186,-18.72,False,40.0,20241014
LONG,1245,exit,sell,1,2,985041,2024-10-14 05:03:00,5,303,0.00011548582616144628,-18.72,False,40.0,20241014
LONG,1246,entry,buy,1,2,985044,2024-10-14 05:06:00,5,306,0.00011504996030944962,-248.72,False,12.0,20241014
LONG,1246,exit,sell,1,2,985056,2024-10-14 05:18:00,5,318,0.00010465339232868355,-248.72,False,12.0,20241014
LONG,1247,entry,buy,1,2,985074,2024-10-14 05:36:00,5,336,9.929267770459012e-05,11.28,True,17.0,20241014
LONG,1247,exit,sell,1,2,985091,2024-10-14 05:53:00,5,353,9.593168396833133e-05,11.28,True,17.0,20241014
LONG,1248,entry,buy,1,2,985100,2024-10-14 06:02:00,6,362,0.00010386123904019244,4711.28,True,599.0,20241014
LONG,1248,exit,sell,1,2,985699,2024-10-14 16:01:00,16,961,0.00019836114437003056,4711.28,True,599.0,20241014
LONG,1249,entry,buy,1,1,989008,2024-10-17 02:11:00,2,131,0.00017034291529217566,550.64,True,13.0,20241017
LONG,1249,exit,sell,1,1,989021,2024-10-17 02:24:00,2,144,0.0002337985848238346,550.64,True,13.0,20241017
LONG,1250,entry,buy,1,2,989026,2024-10-17 02:29:00,2,149,0.00023793623424830763,1131.28,True,15.0,20241017
LONG,1250,exit,sell,1,2,989041,2024-10-17 02:44:00,2,164,0.00030895783417741324,1131.28,True,15.0,20241017
LONG,1251,entry,buy,1,2,990414,2024-10-18 02:37:00,2,157,9.94635772047785e-05,471.28,True,120.0,20241018
LONG,1251,exit,sell,1,2,990534,2024-10-18 04:37:00,4,277,0.00014421086208646572,471.28,True,120.0,20241018
LONG,1252,entry,buy,1,1,990567,2024-10-18 05:10:00,5,310,0.00012664617256378914,-314.36,False,22.0,20241018
LONG,1252,exit,sell,1,1,990589,2024-10-18 05:32:00,5,332,0.0001211770123968336,-314.36,False,22.0,20241018
LONG,1253,entry,buy,1,1,990657,2024-10-18 06:40:00,6,400,0.00013365827126773702,405.64,True,166.0,20241018
LONG,1253,exit,sell,1,1,990823,2024-10-18 09:26:00,9,566,0.00021316241805974885,405.64,True,166.0,20241018
LONG,1254,entry,buy,1,1,990826,2024-10-18 09:29:00,9,569,0.00027010333354708605,-614.36,False,1.0,20241018
LONG,1254,exit,sell,1,1,990827,2024-10-18 09:30:00,9,570,0.0003215210223411003,-614.36,False,1.0,20241018
LONG,1255,entry,buy,1,1,992214,2024-10-21 09:37:00,9,577,0.0002791076214851975,625.64,True,49.0,20241021
LONG,1255,exit,sell,1,1,992263,2024-10-21 10:26:00,10,626,0.00040327994373872165,625.64,True,49.0,20241021
LONG,1256,entry,buy,1,1,995353,2024-10-23 15:57:00,15,957,0.00034555890332600063,1435.64,True,43.0,20241023
LONG,1256,exit,sell,1,1,995396,2024-10-23 16:40:00,16,1000,0.0003130567820384809,1435.64,True,43.0,20241023
LONG,1257,entry,buy,1,2,997728,2024-10-25 09:32:00,9,572,0.0002053338588319544,4961.28,True,75.0,20241025
LONG,1257,exit,sell,1,2,997803,2024-10-25 10:47:00,10,647,0.0004074354495963232,4961.28,True,75.0,20241025
LONG,1258,entry,buy,1,1,998177,2024-10-27 18:01:00,18,1081,0.00010476197574000872,580.64,True,844.0,20241028
LONG,1258,exit,sell,1,1,999021,2024-10-28 08:05:00,8,485,0.0001708753322867603,580.64,True,844.0,20241028
LONG,1259,entry,buy,1,1,999031,2024-10-28 08:15:00,8,495,0.00018427019096604476,250.64,True,71.0,20241028
LONG,1259,exit,sell,1,1,999102,2024-10-28 09:26:00,9,566,0.00018669254765370707,250.64,True,71.0,20241028
LONG,1260,entry,buy,1,1,1000069,2024-10-29 02:33:00,2,153,9.158304325956912e-05,-174.36,False,87.0,20241029
LONG,1260,exit,sell,1,1,1000156,2024-10-29 04:00:00,4,240,0.00013789285981577086,-174.36,False,87.0,20241029
LONG,1261,entry,buy,1,1,1000196,2024-10-29 04:40:00,4,280,0.00022606981412763458,-309.36,False,19.0,20241029
LONG,1261,exit,sell,1,1,1000215,2024-10-29 04:59:00,4,299,0.0002482682272533616,-309.36,False,19.0,20241029
LONG,1262,entry,buy,1,1,1000217,2024-10-29 05:01:00,5,301,0.0002486288368113129,-224.36,False,1.0,20241029
LONG,1262,exit,sell,1,1,1000218,2024-10-29 05:02:00,5,302,0.0002575692293454729,-224.36,False,1.0,20241029
LONG,1263,entry,buy,1,1,1000542,2024-10-29 10:26:00,10,626,0.0004510132375284229,-1104.36,False,4.0,20241029
LONG,1263,exit,sell,1,1,1000546,2024-10-29 10:30:00,10,630,0.0005120056986185122,-1104.36,False,4.0,20241029
LONG,1264,entry,buy,1,1,1000977,2024-10-29 18:41:00,18,1121,0.00011046368590209812,55.64,True,89.0,20241030
LONG,1264,exit,sell,1,1,1001066,2024-10-29 20:10:00,20,1210,0.00012257649434064375,55.64,True,89.0,20241030
LONG,1265,entry,buy,1,1,1001098,2024-10-29 20:42:00,20,1242,0.00011031697596339385,-19.36,False,39.0,20241030
LONG,1265,exit,sell,1,1,1001137,2024-10-29 21:21:00,21,1281,0.0001049169679123282,-19.36,False,39.0,20241030
LONG,1266,entry,buy,1,2,1001140,2024-10-29 21:24:00,21,1284,0.0001089371190663633,-1078.72,False,112.0,20241030
LONG,1266,exit,sell,1,2,1001252,2024-10-29 23:16:00,23,1396,9.45773255250951e-05,-1078.72,False,112.0,20241030
LONG,1267,entry,buy,1,1,1003152,2024-10-31 07:56:00,7,476,0.00016065065252650424,-79.36,False,42.0,20241031
LONG,1267,exit,sell,1,1,1003194,2024-10-31 08:38:00,8,518,0.0002206188141589847,-79.36,False,42.0,20241031
LONG,1268,entry,buy,1,1,1003202,2024-10-31 08:46:00,8,526,0.00023711859442467027,-459.36,False,4.0,20241031
LONG,1268,exit,sell,1,1,1003206,2024-10-31 08:50:00,8,530,0.00025468463967271283,-459.36,False,4.0,20241031
LONG,1269,entry,buy,1,1,1003730,2024-10-31 18:34:00,18,1114,0.00023547761090149266,-729.36,False,88.0,20241101
LONG,1269,exit,sell,1,1,1003818,2024-10-31 20:02:00,20,1202,0.00017013950782362842,-729.36,False,88.0,20241101
LONG,1270,entry,buy,1,1,1003819,2024-10-31 20:03:00,20,1203,0.00016458802247943071,-344.36,False,126.0,20241101
LONG,1270,exit,sell,1,1,1003945,2024-10-31 22:09:00,22,1329,0.00014010569435341733,-344.36,False,126.0,20241101
LONG,1271,entry,buy,1,1,1003978,2024-10-31 22:42:00,22,1362,0.00014340606862194933,200.64,True,248.0,20241101
LONG,1271,exit,sell,1,1,1004226,2024-11-01 02:50:00,2,170,0.00017368667107609613,200.64,True,248.0,20241101
LONG,1272,entry,buy,1,1,1004255,2024-11-01 03:19:00,3,199,0.00021481166876152795,-464.36,False,8.0,20241101
LONG,1272,exit,sell,1,1,1004263,2024-11-01 03:27:00,3,207,0.00021333466214300755,-464.36,False,8.0,20241101
LONG,1273,entry,buy,1,1,1005118,2024-11-03 18:42:00,18,1122,0.0002497145382957585,-629.36,False,22.0,20241104
LONG,1273,exit,sell,1,1,1005140,2024-11-03 19:04:00,19,1144,0.0002448930973741273,-629.36,False,22.0,20241104
LONG,1274,entry,buy,1,1,1005142,2024-11-03 19:06:00,19,1146,0.00020665909407047918,5.64,True,7.0,20241104
LONG,1274,exit,sell,1,1,1005149,2024-11-03 19:13:00,19,1153,0.00018418714519201067,5.64,True,7.0,20241104
LONG,1275,entry,buy,1,1,1005150,2024-11-03 19:14:00,19,1154,0.000178915412973439,-54.36,False,3.0,20241104
LONG,1275,exit,sell,1,1,1005153,2024-11-03 19:17:00,19,1157,0.0001784009613053075,-54.36,False,3.0,20241104
LONG,1276,entry,buy,1,1,1005155,2024-11-03 19:19:00,19,1159,0.00017879954439815255,-129.36,False,21.0,20241104
LONG,1276,exit,sell,1,1,1005176,2024-11-03 19:40:00,19,1180,0.00014138110806155162,-129.36,False,21.0,20241104
LONG,1277,entry,buy,1,1,1005219,2024-11-03 20:23:00,20,1223,0.0001280681903474443,395.64,True,429.0,20241104
LONG,1277,exit,sell,1,1,1005648,2024-11-04 03:32:00,3,212,0.0002052732619627861,395.64,True,429.0,20241104
LONG,1278,entry,buy,1,1,1005739,2024-11-04 05:03:00,5,303,0.00021556995292490558,35.64,True,68.0,20241104
LONG,1278,exit,sell,1,1,1005807,2024-11-04 06:11:00,6,371,0.00014170590022727827,35.64,True,68.0,20241104
LONG,1279,entry,buy,1,1,1005907,2024-11-04 07:51:00,7,471,0.0002259915511298676,-149.36,False,70.0,20241104
LONG,1279,exit,sell,1,1,1005977,2024-11-04 09:01:00,9,541,0.00018341018833026708,-149.36,False,70.0,20241104
LONG,1280,entry,buy,1,1,1006669,2024-11-04 21:33:00,21,1293,0.0001640411452021932,5.64,True,1.0,20241105
LONG,1280,exit,sell,1,1,1006670,2024-11-04 21:34:00,21,1294,0.0001634071324247671,5.64,True,1.0,20241105
LONG,1281,entry,buy,1,1,1006715,2024-11-04 22:19:00,22,1339,0.00010358176219465424,85.64,True,1.0,20241105
LONG,1281,exit,sell,1,1,1006716,2024-11-04 22:20:00,22,1340,0.0001054838913639668,85.64,True,1.0,20241105
LONG,1282,entry,buy,1,1,1006717,2024-11-04 22:21:00,22,1341,0.0001080529291743329,-159.36,False,25.0,20241105
LONG,1282,exit,sell,1,1,1006742,2024-11-04 22:46:00,22,1366,0.00010760778110881271,-159.36,False,25.0,20241105
LONG,1283,entry,buy,1,1,1006744,2024-11-04 22:48:00,22,1368,0.00010793666197772825,-84.36,False,7.0,20241105
LONG,1283,exit,sell,1,1,1006751,2024-11-04 22:55:00,22,1375,0.0001151275914585536,-84.36,False,7.0,20241105
LONG,1284,entry,buy,1,1,1006753,2024-11-04 22:57:00,22,1377,0.00011127993921539368,55.64,True,1.0,20241105
LONG,1284,exit,sell,1,1,1006754,2024-11-04 22:58:00,22,1378,0.00011263455753039988,55.64,True,1.0,20241105
LONG,1285,entry,buy,1,1,1006755,2024-11-04 22:59:00,22,1379,0.00011265434453996905,-69.36,False,2.0,20241105
LONG,1285,exit,sell,1,1,1006757,2024-11-04 23:01:00,23,1381,0.00011405921047508797,-69.36,False,2.0,20241105
LONG,1286,entry,buy,1,1,1006861,2024-11-05 00:45:00,0,45,9.32747384630056e-05,5.64,True,1.0,20241105
LONG,1286,exit,sell,1,1,1006862,2024-11-05 00:46:00,0,46,9.294828125461227e-05,5.64,True,1.0,20241105
LONG,1287,entry,buy,1,1,1006897,2024-11-05 01:21:00,1,81,7.608830463356613e-05,-9.36,False,1.0,20241105
LONG,1287,exit,sell,1,1,1006898,2024-11-05 01:22:00,1,82,7.599050130700838e-05,-9.36,False,1.0,20241105
LONG,1288,entry,buy,1,1,1006908,2024-11-05 01:32:00,1,92,9.478342748229336e-05,15.64,True,1.0,20241105
LONG,1288,exit,sell,1,1,1006909,2024-11-05 01:33:00,1,93,9.443258364659722e-05,15.64,True,1.0,20241105
LONG,1289,entry,buy,1,1,1006918,2024-11-05 01:42:00,1,102,9.1667934192348e-05,30.64,True,1.0,20241105
LONG,1289,exit,sell,1,1,1006919,2024-11-05 01:43:00,1,103,9.29526162204175e-05,30.64,True,1.0,20241105
LONG,1290,entry,buy,1,1,1006920,2024-11-05 01:44:00,1,104,9.284858020138993e-05,-114.36,False,12.0,20241105
LONG,1290,exit,sell,1,1,1006932,2024-11-05 01:56:00,1,116,9.69567788717239e-05,-114.36,False,12.0,20241105
LONG,1291,entry,buy,1,1,1006933,2024-11-05 01:57:00,1,117,9.803821118685111e-05,-89.36,False,5.0,20241105
LONG,1291,exit,sell,1,1,1006938,2024-11-05 02:02:00,2,122,9.812586136522084e-05,-89.36,False,5.0,20241105
LONG,1292,entry,buy,1,1,1006939,2024-11-05 02:03:00,2,123,0.00010070812024482611,85.64,True,59.0,20241105
LONG,1292,exit,sell,1,1,1006998,2024-11-05 03:02:00,3,182,0.0001426603675664369,85.64,True,59.0,20241105
LONG,1293,entry,buy,1,1,1007026,2024-11-05 03:30:00,3,210,0.00014644783176422874,80.64,True,2.0,20241105
LONG,1293,exit,sell,1,1,1007028,2024-11-05 03:32:00,3,212,0.00014989641478086414,80.64,True,2.0,20241105
LONG,1294,entry,buy,1,1,1007029,2024-11-05 03:33:00,3,213,0.00015300017908527412,-14.36,False,99.0,20241105
LONG,1294,exit,sell,1,1,1007128,2024-11-05 05:12:00,5,312,0.00012057617175556537,-14.36,False,99.0,20241105
LONG,1295,entry,buy,1,1,1007179,2024-11-05 06:03:00,6,363,0.0001438639365850284,-14.36,False,1.0,20241105
LONG,1295,exit,sell,1,1,1007180,2024-11-05 06:04:00,6,364,0.00014441523278041162,-14.36,False,1.0,20241105
LONG,1296,entry,buy,1,1,1007182,2024-11-05 06:06:00,6,366,0.00014912119806643212,5.64,True,13.0,20241105
LONG,1296,exit,sell,1,1,1007195,2024-11-05 06:19:00,6,379,0.00013431238695697418,5.64,True,13.0,20241105
LONG,1297,entry,buy,1,1,1007203,2024-11-05 06:27:00,6,387,0.0001259224727410136,-374.36,False,56.0,20241105
LONG,1297,exit,sell,1,1,1007259,2024-11-05 07:23:00,7,443,0.00013382459524526145,-374.36,False,56.0,20241105
LONG,1298,entry,buy,1,2,1007387,2024-11-05 09:31:00,9,571,0.00022663700991758237,7571.28,True,429.0,20241105
LONG,1298,exit,sell,1,2,1007816,2024-11-05 16:40:00,16,1000,0.0002991385687410082,7571.28,True,429.0,20241105
LONG,1299,entry,buy,1,2,1008770,2024-11-06 09:34:00,9,574,0.0004103738303761185,-1478.72,False,13.0,20241106
LONG,1299,exit,sell,1,2,1008783,2024-11-06 09:47:00,9,587,0.0005444850581984349,-1478.72,False,13.0,20241106
LONG,1300,entry,buy,1,1,1011530,2024-11-08 09:34:00,9,574,0.00026241957348466564,-559.36,False,10.0,20241108
LONG,1300,exit,sell,1,1,1011540,2024-11-08 09:44:00,9,584,0.0003083773567296819,-559.36,False,10.0,20241108
LONG,1301,entry,buy,1,1,1011977,2024-11-10 18:01:00,18,1081,0.00010175657576233532,65.64,True,126.0,20241111
LONG,1301,exit,sell,1,1,1012103,2024-11-10 20:07:00,20,1207,9.977358726655386e-05,65.64,True,126.0,20241111
LONG,1302,entry,buy,1,1,1012104,2024-11-10 20:08:00,20,1208,9.906698454747301e-05,-44.36,False,1.0,20241111
LONG,1302,exit,sell,1,1,1012105,2024-11-10 20:09:00,20,1209,9.715888022183019e-05,-44.36,False,1.0,20241111
LONG,1303,entry,buy,1,1,1012338,2024-11-11 00:02:00,0,2,5.2956279815818044e-05,-24.36,False,54.0,20241111
LONG,1303,exit,sell,1,1,1012392,2024-11-11 00:56:00,0,56,5.711320126758181e-05,-24.36,False,54.0,20241111
LONG,1304,entry,buy,1,1,1018285,2024-11-15 07:09:00,7,429,0.00011253648656391699,-54.36,False,2.0,20241115
LONG,1304,exit,sell,1,1,1018287,2024-11-15 07:11:00,7,431,0.00011053157845716653,-54.36,False,2.0,20241115
LONG,1305,entry,buy,1,1,1018336,2024-11-15 08:00:00,8,480,0.00013739892954951755,50.64,True,2.0,20241115
LONG,1305,exit,sell,1,1,1018338,2024-11-15 08:02:00,8,482,0.00014355486411262138,50.64,True,2.0,20241115
LONG,1306,entry,buy,1,1,1018813,2024-11-15 15:57:00,15,957,0.0002805757018667872,5.64,True,43.0,20241115
LONG,1306,exit,sell,1,1,1018856,2024-11-15 16:40:00,16,1000,0.00027457406319978804,5.64,True,43.0,20241115
LONG,1307,entry,buy,1,2,1020514,2024-11-18 22:18:00,22,1338,8.739113294023668e-05,-498.72,False,236.0,20241119
LONG,1307,exit,sell,1,2,1020750,2024-11-19 02:14:00,2,134,9.263662344495203e-05,-498.72,False,236.0,20241119
LONG,1308,entry,buy,1,1,1020769,2024-11-19 02:33:00,2,153,0.00011055995421009352,-309.36,False,41.0,20241119
LONG,1308,exit,sell,1,1,1020810,2024-11-19 03:14:00,3,194,0.00012623311938811098,-309.36,False,41.0,20241119
LONG,1309,entry,buy,1,1,1020844,2024-11-19 03:48:00,3,228,0.00029746655333789593,335.64,True,28.0,20241119
LONG,1309,exit,sell,1,1,1020872,2024-11-19 04:16:00,4,256,0.000348157379284173,335.64,True,28.0,20241119
LONG,1310,entry,buy,1,1,1020895,2024-11-19 04:39:00,4,279,0.00042931800564401763,-459.36,False,5.0,20241119
LONG,1310,exit,sell,1,1,1020900,2024-11-19 04:44:00,4,284,0.00040623081384095886,-459.36,False,5.0,20241119
LONG,1311,entry,buy,1,1,1020909,2024-11-19 04:53:00,4,293,0.0004150185193779519,-364.36,False,10.0,20241119
LONG,1311,exit,sell,1,1,1020919,2024-11-19 05:03:00,5,303,0.0004013348739781474,-364.36,False,10.0,20241119
LONG,1312,entry,buy,1,1,1020932,2024-11-19 05:16:00,5,316,0.00041749906816964267,-44.36,False,14.0,20241119
LONG,1312,exit,sell,1,1,1020946,2024-11-19 05:30:00,5,330,0.0003775795119225788,-44.36,False,14.0,20241119
LONG,1313,entry,buy,1,2,1023948,2024-11-21 09:32:00,9,572,0.0003543824707772757,-2598.72,False,2.0,20241121
LONG,1313,exit,sell,1,2,1023950,2024-11-21 09:34:00,9,574,0.0004489200146930527,-2598.72,False,2.0,20241121
LONG,1314,entry,buy,1,1,1025331,2024-11-22 09:35:00,9,575,0.0002949847412647102,-379.36,False,16.0,20241122
LONG,1314,exit,sell,1,1,1025347,2024-11-22 09:51:00,9,591,0.0004497769388707345,-379.36,False,16.0,20241122
LONG,1315,entry,buy,1,1,1025356,2024-11-22 10:00:00,10,600,0.0004917501428935138,-909.36,False,5.0,20241122
LONG,1315,exit,sell,1,1,1025361,2024-11-22 10:05:00,10,605,0.0005444656570856527,-909.36,False,5.0,20241122
LONG,1316,entry,buy,1,1,1025396,2024-11-22 10:40:00,10,640,0.0006986195553241867,-34.36,False,2.0,20241122
LONG,1316,exit,sell,1,1,1025398,2024-11-22 10:42:00,10,642,0.0006925682130537801,-34.36,False,2.0,20241122
LONG,1317,entry,buy,1,2,1033142,2024-12-02 09:32:00,9,572,0.00024479824771762735,2981.28,True,79.0,20241202
LONG,1317,exit,sell,1,2,1033221,2024-12-02 10:51:00,10,651,0.0003221121494214217,2981.28,True,79.0,20241202
LONG,1318,entry,buy,1,2,1036264,2024-12-04 15:35:00,15,935,9.441144683878552e-05,591.28,True,22.0,20241204
LONG,1318,exit,sell,1,2,1036286,2024-12-04 15:57:00,15,957,8.555167622074517e-05,591.28,True,22.0,20241204
LONG,1319,entry,buy,1,1,1037881,2024-12-05 20:32:00,20,1232,7.386634737549763e-05,275.64,True,321.0,20241206
LONG,1319,exit,sell,1,1,1038202,2024-12-06 01:53:00,1,113,4.9077549999764114e-05,275.64,True,321.0,20241206
LONG,1320,entry,buy,1,2,1038230,2024-12-06 02:21:00,2,141,4.824821119563703e-05,-318.72,False,12.0,20241206
LONG,1320,exit,sell,1,2,1038242,2024-12-06 02:33:00,2,153,5.8737169625613045e-05,-318.72,False,12.0,20241206
LONG,1321,entry,buy,1,1,1038602,2024-12-06 08:33:00,8,513,0.00025653938414198864,-249.36,False,10.0,20241206
LONG,1321,exit,sell,1,1,1038612,2024-12-06 08:43:00,8,523,0.00028027221847423076,-249.36,False,10.0,20241206
LONG,1322,entry,buy,1,1,1038643,2024-12-06 09:14:00,9,554,0.0003080314969879952,-279.36,False,5.0,20241206
LONG,1322,exit,sell,1,1,1038648,2024-12-06 09:19:00,9,559,0.00031278768407249914,-279.36,False,5.0,20241206
LONG,1323,entry,buy,1,1,1038655,2024-12-06 09:26:00,9,566,0.0003193994366691932,-414.36,False,4.0,20241206
LONG,1323,exit,sell,1,1,1038659,2024-12-06 09:30:00,9,570,0.00032425942410920666,-414.36,False,4.0,20241206
LONG,1324,entry,buy,1,1,1038674,2024-12-06 09:45:00,9,585,0.00025443824559977013,1630.64,True,415.0,20241206
LONG,1324,exit,sell,1,1,1039089,2024-12-06 16:40:00,16,1000,0.00013738281405161759,1630.64,True,415.0,20241206
LONG,1325,entry,buy,1,1,1039146,2024-12-08 18:37:00,18,1117,0.00010306027729705106,-564.36,False,52.0,20241209
LONG,1325,exit,sell,1,1,1039198,2024-12-08 19:29:00,19,1169,0.00010793510439561005,-564.36,False,52.0,20241209
LONG,1326,entry,buy,1,1,1039216,2024-12-08 19:47:00,19,1187,0.00010240317822869198,-289.36,False,17.0,20241209
LONG,1326,exit,sell,1,1,1039233,2024-12-08 20:04:00,20,1204,0.00010366062791778724,-289.36,False,17.0,20241209
LONG,1327,entry,buy,1,1,1039640,2024-12-09 02:51:00,2,171,0.00011038448355477698,50.64,True,27.0,20241209
LONG,1327,exit,sell,1,1,1039667,2024-12-09 03:18:00,3,198,0.00012922009572384537,50.64,True,27.0,20241209
LONG,1328,entry,buy,1,2,1042814,2024-12-11 09:45:00,9,585,0.0002898371746395819,2071.28,True,68.0,20241211
LONG,1328,exit,sell,1,2,1042882,2024-12-11 10:53:00,10,653,0.00034935998994287956,2071.28,True,68.0,20241211
LONG,1329,entry,buy,1,1,1044629,2024-12-12 18:01:00,18,1081,0.0003415407073373045,-454.36,False,190.0,20241213
LONG,1329,exit,sell,1,1,1044819,2024-12-12 21:11:00,21,1271,0.00010353101376619728,-454.36,False,190.0,20241213
LONG,1330,entry,buy,1,1,1045175,2024-12-13 03:07:00,3,187,0.00011537553686132871,330.64,True,50.0,20241213
LONG,1330,exit,sell,1,1,1045225,2024-12-13 03:57:00,3,237,0.00010222414034064857,330.64,True,50.0,20241213
LONG,1331,entry,buy,1,2,1045254,2024-12-13 04:26:00,4,266,0.0001068511138801645,-468.72,False,9.0,20241213
LONG,1331,exit,sell,1,2,1045263,2024-12-13 04:35:00,4,275,0.0001239874752621721,-468.72,False,9.0,20241213
LONG,1332,entry,buy,1,2,1045272,2024-12-13 04:44:00,4,284,0.00011833252950349155,1791.28,True,247.0,20241213
LONG,1332,exit,sell,1,2,1045519,2024-12-13 08:51:00,8,531,0.00013023493981626804,1791.28,True,247.0,20241213
LONG,1333,entry,buy,1,1,1046093,2024-12-15 19:25:00,19,1165,0.00011608108760045674,-99.36,False,351.0,20241216
LONG,1333,exit,sell,1,1,1046440,2024-12-16 01:16:00,1,76,8.516864925847212e-05,-99.36,False,351.0,20241216
LONG,1334,entry,buy,1,2,1046621,2024-12-16 04:18:00,4,258,0.00012501161522704535,-148.72,False,15.0,20241216
LONG,1334,exit,sell,1,2,1046636,2024-12-16 04:33:00,4,273,0.00012056689556215658,-148.72,False,15.0,20241216
LONG,1335,entry,buy,1,2,1046640,2024-12-16 04:37:00,4,277,0.00011527368778909894,10851.28,True,680.0,20241216
LONG,1335,exit,sell,1,2,1047320,2024-12-16 15:57:00,15,957,0.0002085450937001839,10851.28,True,680.0,20241216
LONG,1336,entry,buy,1,1,1048084,2024-12-17 05:43:00,5,343,0.0001289089872442587,-144.36,False,4.0,20241217
LONG,1336,exit,sell,1,1,1048088,2024-12-17 05:47:00,5,347,0.00012863865222368544,-144.36,False,4.0,20241217
LONG,1337,entry,buy,1,1,1048101,2024-12-17 06:00:00,6,360,0.00012364243228076983,-49.36,False,1.0,20241217
LONG,1337,exit,sell,1,1,1048102,2024-12-17 06:01:00,6,361,0.00011747676090513481,-49.36,False,1.0,20241217
LONG,1338,entry,buy,1,1,1048121,2024-12-17 06:20:00,6,380,0.00010702091903410334,-374.36,False,17.0,20241217
LONG,1338,exit,sell,1,1,1048138,2024-12-17 06:37:00,6,397,0.00011942620291118927,-374.36,False,17.0,20241217
LONG,1339,entry,buy,1,1,1049095,2024-12-17 23:34:00,23,1414,0.00010521843703847868,60.64,True,547.0,20241218
LONG,1339,exit,sell,1,1,1049642,2024-12-18 08:41:00,8,521,0.00010793784057227996,60.64,True,547.0,20241218
LONG,1340,entry,buy,1,1,1049771,2024-12-18 10:50:00,10,650,0.00027961838909118807,-654.36,False,23.0,20241218
LONG,1340,exit,sell,1,1,1049794,2024-12-18 11:13:00,11,673,0.0002466815752059341,-654.36,False,23.0,20241218
LONG,1341,entry,buy,1,1,1049810,2024-12-18 11:29:00,11,689,0.00032147318111259857,-439.36,False,72.0,20241218
LONG,1341,exit,sell,1,1,1049882,2024-12-18 12:41:00,12,761,0.00021188452066882855,-439.36,False,72.0,20241218
LONG,1342,entry,buy,1,1,1052394,2024-12-20 08:33:00,8,513,0.0004822072412656927,6985.64,True,444.0,20241220
LONG,1342,exit,sell,1,1,1052838,2024-12-20 15:57:00,15,957,0.0005383118037445168,6985.64,True,444.0,20241220
LONG,1343,entry,buy,1,1,1052902,2024-12-22 18:01:00,18,1081,0.00028729059264255623,-1089.36,False,741.0,20241223
LONG,1343,exit,sell,1,1,1053643,2024-12-23 06:22:00,6,382,0.0002285574163921134,-1089.36,False,741.0,20241223
LONG,1344,entry,buy,1,1,1053682,2024-12-23 07:01:00,7,421,0.00023282363273147646,115.64,True,95.0,20241223
LONG,1344,exit,sell,1,1,1053777,2024-12-23 08:36:00,8,516,0.00022259646972622244,115.64,True,95.0,20241223
LONG,1345,entry,buy,1,1,1053806,2024-12-23 09:05:00,9,545,0.0003661950027540058,-364.36,False,45.0,20241223
LONG,1345,exit,sell,1,1,1053851,2024-12-23 09:50:00,9,590,0.0005684225736597366,-364.36,False,45.0,20241223
LONG,1346,entry,buy,1,1,1055222,2024-12-24 09:41:00,9,581,0.0002930457469902868,2855.64,True,194.0,20241224
LONG,1346,exit,sell,1,1,1055416,2024-12-24 12:55:00,12,775,0.00030632131663671963,2855.64,True,194.0,20241224
LONG,1347,entry,buy,1,1,1058132,2024-12-27 15:57:00,15,957,0.00043738443182044266,725.64,True,43.0,20241227
LONG,1347,exit,sell,1,1,1058175,2024-12-27 16:40:00,16,1000,0.0003783143679768689,725.64,True,43.0,20241227
LONG,1348,entry,buy,1,2,1059324,2024-12-30 12:49:00,12,769,0.00036994192675919054,-2398.72,False,84.0,20241230
LONG,1348,exit,sell,1,2,1059408,2024-12-30 14:13:00,14,853,0.0003932672442064541,-2398.72,False,84.0,20241230
LONG,1349,entry,buy,1,2,1059764,2024-12-30 21:09:00,21,1269,0.00010825567009070777,-958.72,False,57.0,20241231
LONG,1349,exit,sell,1,2,1059821,2024-12-30 22:06:00,22,1326,0.00012807651198914428,-958.72,False,57.0,20241231
LONG,1350,entry,buy,1,1,1059824,2024-12-30 22:09:00,22,1329,0.0001292370633684406,-139.36,False,1.0,20241231
LONG,1350,exit,sell,1,1,1059825,2024-12-30 22:10:00,22,1330,0.0001317628492318105,-139.36,False,1.0,20241231
LONG,1351,entry,buy,1,1,1059836,2024-12-30 22:21:00,22,1341,0.00013645659522585054,-384.36,False,22.0,20241231
LONG,1351,exit,sell,1,1,1059858,2024-12-30 22:43:00,22,1363,0.00016562711180829058,-384.36,False,22.0,20241231
LONG,1352,entry,buy,1,1,1060958,2025-01-01 18:03:00,18,1083,0.00022449068289258212,-389.36,False,37.0,20250102
LONG,1352,exit,sell,1,1,1060995,2025-01-01 18:40:00,18,1120,0.0002775440168708449,-389.36,False,37.0,20250102
LONG,1353,entry,buy,1,1,1061000,2025-01-01 18:45:00,18,1125,0.0002878777298950524,-134.36,False,1.0,20250102
LONG,1353,exit,sell,1,1,1061001,2025-01-01 18:46:00,18,1126,0.0002904002261077242,-134.36,False,1.0,20250102
LONG,1354,entry,buy,1,1,1061003,2025-01-01 18:48:00,18,1128,0.00029067045715381267,-9.36,False,1.0,20250102
LONG,1354,exit,sell,1,1,1061004,2025-01-01 18:49:00,18,1129,0.00029049971949119416,-9.36,False,1.0,20250102
LONG,1355,entry,buy,1,1,1061007,2025-01-01 18:52:00,18,1132,0.0002929307024876811,-634.36,False,13.0,20250102
LONG,1355,exit,sell,1,1,1061020,2025-01-01 19:05:00,19,1145,0.00026613649557680327,-634.36,False,13.0,20250102
LONG,1356,entry,buy,1,1,1061026,2025-01-01 19:11:00,19,1151,0.0002843479132737916,20.64,True,1.0,20250102
LONG,1356,exit,sell,1,1,1061027,2025-01-01 19:12:00,19,1152,0.00028450382906833126,20.64,True,1.0,20250102
LONG,1357,entry,buy,1,1,1061062,2025-01-01 19:47:00,19,1187,0.00041657052831022717,2730.64,True,795.0,20250102
LONG,1357,exit,sell,1,1,1061857,2025-01-02 09:02:00,9,542,0.00034005371739217175,2730.64,True,795.0,20250102
LONG,1358,entry,buy,1,1,1064099,2025-01-06 00:25:00,0,25,7.077397469772024e-05,560.64,True,181.0,20250106
LONG,1358,exit,sell,1,1,1064280,2025-01-06 03:26:00,3,206,0.00014698608243201485,560.64,True,181.0,20250106
LONG,1359,entry,buy,1,2,1064287,2025-01-06 03:33:00,3,213,0.00015070125049571436,3061.28,True,135.0,20250106
LONG,1359,exit,sell,1,2,1064422,2025-01-06 05:48:00,5,348,0.000180504301912326,3061.28,True,135.0,20250106
LONG,1360,entry,buy,1,1,1069074,2025-01-09 22:50:00,22,1370,0.00010323782886063116,-359.36,False,143.0,20250110
LONG,1360,exit,sell,1,1,1069217,2025-01-10 01:13:00,1,73,0.00011921820038206513,-359.36,False,143.0,20250110
LONG,1361,entry,buy,1,1,1069297,2025-01-10 02:33:00,2,153,0.0001931199790074939,-449.36,False,30.0,20250110
LONG,1361,exit,sell,1,1,1069327,2025-01-10 03:03:00,3,183,0.0002062414512607422,-449.36,False,30.0,20250110
LONG,1362,entry,buy,1,1,1069339,2025-01-10 03:15:00,3,195,0.0002140125833787742,-599.36,False,49.0,20250110
LONG,1362,exit,sell,1,1,1069388,2025-01-10 04:04:00,4,244,0.00019412615412910033,-599.36,False,49.0,20250110
LONG,1363,entry,buy,1,1,1071304,2025-01-13 13:00:00,13,780,0.00038616845447648297,1800.64,True,220.0,20250113
LONG,1363,exit,sell,1,1,1071524,2025-01-13 16:40:00,16,1000,0.0002942412714460611,1800.64,True,220.0,20250113
LONG,1364,entry,buy,1,1,1074407,2025-01-15 19:43:00,19,1183,9.636559638997219e-05,-789.36,False,81.0,20250116
LONG,1364,exit,sell,1,1,1074488,2025-01-15 21:04:00,21,1264,0.00011682303673309704,-789.36,False,81.0,20250116
LONG,1365,entry,buy,1,1,1074738,2025-01-16 01:14:00,1,74,0.00018665689329573537,2820.64,True,111.0,20250116
LONG,1365,exit,sell,1,1,1074849,2025-01-16 03:05:00,3,185,0.00022571805585967455,2820.64,True,111.0,20250116
LONG,1366,entry,buy,1,1,1075817,2025-01-16 20:13:00,20,1213,9.541090404098332e-05,-124.36,False,13.0,20250117
LONG,1366,exit,sell,1,1,1075830,2025-01-16 20:26:00,20,1226,9.372245954573218e-05,-124.36,False,13.0,20250117
LONG,1367,entry,buy,1,2,1075848,2025-01-16 20:44:00,20,1244,0.00010734866040840525,-428.72,False,354.0,20250117
LONG,1367,exit,sell,1,2,1076202,2025-01-17 02:38:00,2,158,0.00015170239449571743,-428.72,False,354.0,20250117
LONG,1368,entry,buy,1,2,1076214,2025-01-17 02:50:00,2,170,0.00015549129176641475,2061.28,True,248.0,20250117
LONG,1368,exit,sell,1,2,1076462,2025-01-17 06:58:00,6,418,0.00013871750997853733,2061.28,True,248.0,20250117
LONG,1369,entry,buy,1,1,1077530,2025-01-20 01:46:00,1,106,7.982939649894594e-05,310.64,True,102.0,20250120
LONG,1369,exit,sell,1,1,1077632,2025-01-20 03:28:00,3,208,0.00019152934912089372,310.64,True,102.0,20250120
LONG,1370,entry,buy,1,2,1077652,2025-01-20 03:48:00,3,228,0.00020520341561703416,-748.72,False,208.0,20250120
LONG,1370,exit,sell,1,2,1077860,2025-01-20 07:16:00,7,436,0.00011631972358357448,-748.72,False,208.0,20250120
LONG,1371,entry,buy,1,1,1077936,2025-01-20 08:32:00,8,512,0.0003044968068776892,2070.64,True,89.0,20250120
LONG,1371,exit,sell,1,1,1078025,2025-01-20 10:01:00,10,601,0.00031997309902722954,2070.64,True,89.0,20250120
LONG,1372,entry,buy,1,1,1078221,2025-01-20 18:17:00,18,1097,0.00037881377217456553,-499.36,False,72.0,20250121
LONG,1372,exit,sell,1,1,1078293,2025-01-20 19:29:00,19,1169,0.00017704872418084,-499.36,False,72.0,20250121
LONG,1373,entry,buy,1,1,1078868,2025-01-21 05:04:00,5,304,0.00021391852156694093,-14.36,False,1.0,20250121
LONG,1373,exit,sell,1,1,1078869,2025-01-21 05:05:00,5,305,0.00021139294705622283,-14.36,False,1.0,20250121
LONG,1374,entry,buy,1,1,1078872,2025-01-21 05:08:00,5,308,0.00021010922004016265,-264.36,False,3.0,20250121
LONG,1374,exit,sell,1,1,1078875,2025-01-21 05:11:00,5,311,0.00020384467052361947,-264.36,False,3.0,20250121
LONG,1375,entry,buy,1,1,1078895,2025-01-21 05:31:00,5,331,0.0001529330219618355,95.64,True,7.0,20250121
LONG,1375,exit,sell,1,1,1078902,2025-01-21 05:38:00,5,338,0.00014355565985902798,95.64,True,7.0,20250121
LONG,1376,entry,buy,1,1,1078903,2025-01-21 05:39:00,5,339,0.00014242501778753775,-109.36,False,2.0,20250121
LONG,1376,exit,sell,1,1,1078905,2025-01-21 05:41:00,5,341,0.00014349609131087367,-109.36,False,2.0,20250121
LONG,1377,entry,buy,1,1,1078913,2025-01-21 05:49:00,5,349,0.00014454647074969634,-49.36,False,1.0,20250121
LONG,1377,exit,sell,1,1,1078914,2025-01-21 05:50:00,5,350,0.00014581353650097565,-49.36,False,1.0,20250121
LONG,1378,entry,buy,1,1,1078935,2025-01-21 06:11:00,6,371,0.0001362656571973746,80.64,True,1.0,20250121
LONG,1378,exit,sell,1,1,1078936,2025-01-21 06:12:00,6,372,0.00013485342498425386,80.64,True,1.0,20250121
LONG,1379,entry,buy,1,1,1078937,2025-01-21 06:13:00,6,373,0.00013385457341946378,0.6399999999999997,True,1.0,20250121
LONG,1379,exit,sell,1,1,1078938,2025-01-21 06:14:00,6,374,0.00013380036808331982,0.6399999999999997,True,1.0,20250121
LONG,1380,entry,buy,1,1,1078939,2025-01-21 06:15:00,6,375,0.00013202292957337992,-309.36,False,2.0,20250121
LONG,1380,exit,sell,1,1,1078941,2025-01-21 06:17:00,6,377,0.0001446144753666161,-309.36,False,2.0,20250121
LONG,1381,entry,buy,1,1,1079102,2025-01-21 08:58:00,8,538,0.0001796154323363492,40.64,True,2.0,20250121
LONG,1381,exit,sell,1,1,1079104,2025-01-21 09:00:00,9,540,0.00019291108104681643,40.64,True,2.0,20250121
LONG,1382,entry,buy,1,1,1079106,2025-01-21 09:02:00,9,542,0.00018628848836138885,-139.36,False,6.0,20250121
LONG,1382,exit,sell,1,1,1079112,2025-01-21 09:08:00,9,548,0.0001955369806275761,-139.36,False,6.0,20250121
LONG,1383,entry,buy,1,1,1079113,2025-01-21 09:09:00,9,549,0.00019688929757428333,-69.36,False,2.0,20250121
LONG,1383,exit,sell,1,1,1079115,2025-01-21 09:11:00,9,551,0.0001964998057977964,-69.36,False,2.0,20250121
LONG,1384,entry,buy,1,1,1079120,2025-01-21 09:16:00,9,556,0.0001893269263216247,5.64,True,2.0,20250121
LONG,1384,exit,sell,1,1,1079122,2025-01-21 09:18:00,9,558,0.0001860720104563336,5.64,True,2.0,20250121
LONG,1385,entry,buy,1,1,1079123,2025-01-21 09:19:00,9,559,0.000194208947168078,-79.36,False,1.0,20250121
LONG,1385,exit,sell,1,1,1079124,2025-01-21 09:20:00,9,560,0.00019476282472465087,-79.36,False,1.0,20250121
LONG,1386,entry,buy,1,2,1080516,2025-01-22 09:32:00,9,572,0.0002509292304829753,2711.28,True,230.0,20250122
LONG,1386,exit,sell,1,2,1080746,2025-01-22 13:22:00,13,802,0.00016543624318264178,2711.28,True,230.0,20250122
LONG,1387,entry,buy,1,2,1086887,2025-01-29 01:01:00,1,61,0.00037424460939252855,41.28,True,6.0,20250129
LONG,1387,exit,sell,1,2,1086893,2025-01-29 01:07:00,1,67,0.00041060215951212024,41.28,True,6.0,20250129
LONG,1388,entry,buy,1,2,1086917,2025-01-29 01:31:00,1,91,0.0004358313399886058,-508.72,False,32.0,20250129
LONG,1388,exit,sell,1,2,1086949,2025-01-29 02:03:00,2,123,0.0002117899551832679,-508.72,False,32.0,20250129
LONG,1389,entry,buy,1,2,1087019,2025-01-29 03:13:00,3,193,0.00014551464069909696,-1118.72,False,46.0,20250129
LONG,1389,exit,sell,1,2,1087065,2025-01-29 03:59:00,3,239,0.00018809287115868618,-1118.72,False,46.0,20250129
LONG,1390,entry,buy,1,2,1088796,2025-01-30 09:50:00,9,590,0.00047485304437082474,-1828.72,False,4.0,20250130
LONG,1390,exit,sell,1,2,1088800,2025-01-30 09:54:00,9,594,0.0005306129842935012,-1828.72,False,4.0,20250130
LONG,1391,entry,buy,1,1,1089227,2025-01-30 18:01:00,18,1081,0.0003491029922894825,-89.36,False,21.0,20250131
LONG,1391,exit,sell,1,1,1089248,2025-01-30 18:22:00,18,1102,0.00035330413344679775,-89.36,False,21.0,20250131
LONG,1392,entry,buy,1,2,1089393,2025-01-30 20:47:00,20,1247,0.00024576434875089507,391.28,True,710.0,20250131
LONG,1392,exit,sell,1,2,1090103,2025-01-31 08:37:00,8,517,0.00013269964486835282,391.28,True,710.0,20250131
LONG,1393,entry,buy,1,1,1090104,2025-01-31 08:38:00,8,518,0.00013282182461894017,105.64,True,26.0,20250131
LONG,1393,exit,sell,1,1,1090130,2025-01-31 09:04:00,9,544,0.00018925514678220528,105.64,True,26.0,20250131
LONG,1394,entry,buy,1,1,1090131,2025-01-31 09:05:00,9,545,0.00019493290722212821,30.64,True,1.0,20250131
LONG,1394,exit,sell,1,1,1090132,2025-01-31 09:06:00,9,546,0.0001946943991697552,30.64,True,1.0,20250131
LONG,1395,entry,buy,1,1,1090133,2025-01-31 09:07:00,9,547,0.0001946704487480798,-69.36,False,2.0,20250131
LONG,1395,exit,sell,1,1,1090135,2025-01-31 09:09:00,9,549,0.00019373427418541638,-69.36,False,2.0,20250131
LONG,1396,entry,buy,1,1,1090140,2025-01-31 09:14:00,9,554,0.00020401243076388485,-14.36,False,1.0,20250131
LONG,1396,exit,sell,1,1,1090141,2025-01-31 09:15:00,9,555,0.00020406365974025113,-14.36,False,1.0,20250131
LONG,1397,entry,buy,1,1,1090144,2025-01-31 09:18:00,9,558,0.00020370168471358242,-219.36,False,5.0,20250131
LONG,1397,exit,sell,1,1,1090149,2025-01-31 09:23:00,9,563,0.00021069540509697037,-219.36,False,5.0,20250131
LONG,1398,entry,buy,1,1,1090152,2025-01-31 09:26:00,9,566,0.000217136106380119,1100.64,True,241.0,20250131
LONG,1398,exit,sell,1,1,1090393,2025-01-31 13:27:00,13,807,0.0003335433493429682,1100.64,True,241.0,20250131
LONG,1399,entry,buy,1,1,1090614,2025-02-02 18:08:00,18,1088,0.0005308637900329847,-1514.36,False,11.0,20250203
LONG,1399,exit,sell,1,1,1090625,2025-02-02 18:19:00,18,1099,0.000567045750290543,-1514.36,False,11.0,20250203
LONG,1400,entry,buy,1,1,1093502,2025-02-04 20:16:00,20,1216,0.00015461011866745454,-514.36,False,16.0,20250205
LONG,1400,exit,sell,1,1,1093518,2025-02-04 20:32:00,20,1232,0.00016703506785062744,-514.36,False,16.0,20250205
LONG,1401,entry,buy,1,1,1094238,2025-02-05 08:32:00,8,512,0.0002031373754366387,75.64,True,86.0,20250205
LONG,1401,exit,sell,1,1,1094324,2025-02-05 09:58:00,9,598,0.0003166003109509724,75.64,True,86.0,20250205
LONG,1402,entry,buy,1,1,1094327,2025-02-05 10:01:00,10,601,0.0003475935428127099,-1414.36,False,3.0,20250205
LONG,1402,exit,sell,1,1,1094330,2025-02-05 10:04:00,10,604,0.00046510895018210996,-1414.36,False,3.0,20250205
LONG,1403,entry,buy,1,2,1097058,2025-02-07 09:32:00,9,572,0.00038322885203928277,91.28,True,24.0,20250207
LONG,1403,exit,sell,1,2,1097082,2025-02-07 09:56:00,9,596,0.0003316678041439654,91.28,True,24.0,20250207
LONG,1404,entry,buy,1,2,1097557,2025-02-09 18:51:00,18,1131,0.00025811433253586293,8811.28,True,1309.0,20250210
LONG,1404,exit,sell,1,2,1098866,2025-02-10 16:40:00,16,1000,0.00016608222625535613,8811.28,True,1309.0,20250210
LONG,1405,entry,buy,1,1,1099819,2025-02-11 09:33:00,9,573,0.00027131351726048035,670.64,True,32.0,20250211
LONG,1405,exit,sell,1,1,1099851,2025-02-11 10:05:00,10,605,0.0003459169121161827,670.64,True,32.0,20250211
LONG,1406,entry,buy,1,1,1099879,2025-02-11 10:33:00,10,633,0.0003522731700715081,-29.36,False,5.0,20250211
LONG,1406,exit,sell,1,1,1099884,2025-02-11 10:38:00,10,638,0.0003234572933950925,-29.36,False,5.0,20250211
LONG,1407,entry,buy,1,2,1099893,2025-02-11 10:47:00,10,647,0.0003245066739271744,-1168.72,False,31.0,20250211
LONG,1407,exit,sell,1,2,1099924,2025-02-11 11:18:00,11,678,0.00024017194478080197,-1168.72,False,31.0,20250211
LONG,1408,entry,buy,1,1,1100308,2025-02-11 18:42:00,18,1122,0.00011735100946144821,-149.36,False,31.0,20250212
LONG,1408,exit,sell,1,1,1100339,2025-02-11 19:13:00,19,1153,0.00010894881375059225,-149.36,False,31.0,20250212
LONG,1409,entry,buy,1,2,1100357,2025-02-11 19:31:00,19,1171,9.441145135677998e-05,-18.72,False,16.0,20250212
LONG,1409,exit,sell,1,2,1100373,2025-02-11 19:47:00,19,1187,8.961575060157333e-05,-18.72,False,16.0,20250212
LONG,1410,entry,buy,1,1,1100376,2025-02-11 19:50:00,19,1190,9.707207439794779e-05,-329.36,False,8.0,20250212
LONG,1410,exit,sell,1,1,1100384,2025-02-11 19:58:00,19,1198,0.00010098669230463529,-329.36,False,8.0,20250212
LONG,1411,entry,buy,1,1,1101201,2025-02-12 09:35:00,9,575,0.0004599565992043188,4900.64,True,425.0,20250212
LONG,1411,exit,sell,1,1,1101626,2025-02-12 16:40:00,16,1000,0.0002593356081990012,4900.64,True,425.0,20250212
LONG,1412,entry,buy,1,1,1105784,2025-02-17 21:59:00,21,1319,5.5589476071914616e-05,-54.36,False,168.0,20250218
LONG,1412,exit,sell,1,1,1105952,2025-02-18 00:47:00,0,47,4.912297840625954e-05,-54.36,False,168.0,20250218
LONG,1413,entry,buy,1,2,1105988,2025-02-18 01:23:00,1,83,5.220948533284831e-05,1501.28,True,66.0,20250218
LONG,1413,exit,sell,1,2,1106054,2025-02-18 02:29:00,2,149,0.0001254646272532989,1501.28,True,66.0,20250218
LONG,1414,entry,buy,1,1,1109283,2025-02-20 10:18:00,10,618,0.0005501840454623823,-249.36,False,6.0,20250220
LONG,1414,exit,sell,1,1,1109289,2025-02-20 10:24:00,10,624,0.0005679280779718266,-249.36,False,6.0,20250220
LONG,1415,entry,buy,1,1,1109293,2025-02-20 10:28:00,10,628,0.0005847289001440541,-534.36,False,9.0,20250220
LONG,1415,exit,sell,1,1,1109302,2025-02-20 10:37:00,10,637,0.0005794470124357088,-534.36,False,9.0,20250220
LONG,1416,entry,buy,1,1,1109406,2025-02-20 12:21:00,12,741,0.0003166442795688779,-744.36,False,36.0,20250220
LONG,1416,exit,sell,1,1,1109442,2025-02-20 12:57:00,12,777,0.00022987362482925064,-744.36,False,36.0,20250220
LONG,1417,entry,buy,1,1,1111070,2025-02-23 18:05:00,18,1085,0.0002122226369736058,1000.64,True,927.0,20250224
LONG,1417,exit,sell,1,1,1111996,2025-02-24 09:32:00,9,572,0.00020858904663507608,1000.64,True,927.0,20250224
LONG,1418,entry,buy,1,1,1112532,2025-02-24 19:28:00,19,1168,0.000224664457299805,-184.36,False,24.0,20250225
LONG,1418,exit,sell,1,1,1112556,2025-02-24 19:52:00,19,1192,0.00019314524361223415,-184.36,False,24.0,20250225
LONG,1419,entry,buy,1,1,1112557,2025-02-24 19:53:00,19,1193,0.00019192098681166647,-194.36,False,9.0,20250225
LONG,1419,exit,sell,1,1,1112566,2025-02-24 20:02:00,20,1202,0.00017087657490586218,-194.36,False,9.0,20250225
LONG,1420,entry,buy,1,1,1112570,2025-02-24 20:06:00,20,1206,0.00017891219737357187,0.6399999999999997,True,1.0,20250225
LONG,1420,exit,sell,1,1,1112571,2025-02-24 20:07:00,20,1207,0.0001770199553946197,0.6399999999999997,True,1.0,20250225
LONG,1421,entry,buy,1,1,1113251,2025-02-25 07:27:00,7,447,0.0002445377463929411,50.64,True,92.0,20250225
LONG,1421,exit,sell,1,1,1113343,2025-02-25 08:59:00,8,539,0.000251867902401316,50.64,True,92.0,20250225
LONG,1422,entry,buy,1,1,1113562,2025-02-25 12:38:00,12,758,0.0004716803835341208,375.64,True,41.0,20250225
LONG,1422,exit,sell,1,1,1113603,2025-02-25 13:19:00,13,799,0.000404985294454427,375.64,True,41.0,20250225
LONG,1423,entry,buy,1,1,1114077,2025-02-25 22:13:00,22,1333,0.00013811881413144377,-164.36,False,12.0,20250226
LONG,1423,exit,sell,1,1,1114089,2025-02-25 22:25:00,22,1345,0.00013022572069558967,-164.36,False,12.0,20250226
LONG,1424,entry,buy,1,1,1114090,2025-02-25 22:26:00,22,1346,0.00013016488595864325,-4.36,False,2.0,20250226
LONG,1424,exit,sell,1,1,1114092,2025-02-25 22:28:00,22,1348,0.00013105979721212397,-4.36,False,2.0,20250226
LONG,1425,entry,buy,1,1,1114094,2025-02-25 22:30:00,22,1350,0.00013056846916313983,45.64,True,2.0,20250226
LONG,1425,exit,sell,1,1,1114096,2025-02-25 22:32:00,22,1352,0.00013522370715691933,45.64,True,2.0,20250226
LONG,1426,entry,buy,1,1,1114097,2025-02-25 22:33:00,22,1353,0.00013359912043007065,-139.36,False,5.0,20250226
LONG,1426,exit,sell,1,1,1114102,2025-02-25 22:38:00,22,1358,0.00013287688373173133,-139.36,False,5.0,20250226
LONG,1427,entry,buy,1,2,1114186,2025-02-26 00:02:00,0,2,7.903389728741871e-05,831.28,True,224.0,20250226
LONG,1427,exit,sell,1,2,1114410,2025-02-26 03:46:00,3,226,0.00019668048527020517,831.28,True,224.0,20250226
LONG,1428,entry,buy,1,2,1114439,2025-02-26 04:15:00,4,255,0.0002016133670833249,361.28,True,248.0,20250226
LONG,1428,exit,sell,1,2,1114687,2025-02-26 08:23:00,8,503,0.0001714702678395926,361.28,True,248.0,20250226
LONG,1429,entry,buy,1,1,1114805,2025-02-26 10:21:00,10,621,0.0007130961858411818,-1099.36,False,8.0,20250226
LONG,1429,exit,sell,1,1,1114813,2025-02-26 10:29:00,10,629,0.0007293263849786536,-1099.36,False,8.0,20250226
LONG,1430,entry,buy,1,1,1114823,2025-02-26 10:39:00,10,639,0.0006246379626170239,-299.36,False,1.0,20250226
LONG,1430,exit,sell,1,1,1114824,2025-02-26 10:40:00,10,640,0.0006316085330838953,-299.36,False,1.0,20250226
LONG,1431,entry,buy,1,1,1114847,2025-02-26 11:03:00,11,663,0.0005526868137760563,385.64,True,3.0,20250226
LONG,1431,exit,sell,1,1,1114850,2025-02-26 11:06:00,11,666,0.000554441059503694,385.64,True,3.0,20250226
LONG,1432,entry,buy,1,1,1114851,2025-02-26 11:07:00,11,667,0.0005333550693990017,-114.36,False,11.0,20250226
LONG,1432,exit,sell,1,1,1114862,2025-02-26 11:18:00,11,678,0.0004954291563412133,-114.36,False,11.0,20250226
LONG,1433,entry,buy,1,1,1114863,2025-02-26 11:19:00,11,679,0.0004923019866686384,125.64,True,1.0,20250226
LONG,1433,exit,sell,1,1,1114864,2025-02-26 11:20:00,11,680,0.0004928297250417495,125.64,True,1.0,20250226
LONG,1434,entry,buy,1,1,1114865,2025-02-26 11:21:00,11,681,0.0004920773489143008,-204.36,False,4.0,20250226
LONG,1434,exit,sell,1,1,1114869,2025-02-26 11:25:00,11,685,0.00047330615261101074,-204.36,False,4.0,20250226
LONG,1435,entry,buy,1,2,1114883,2025-02-26 11:39:00,11,699,0.0003900672948066373,-668.72,False,3.0,20250226
LONG,1435,exit,sell,1,2,1114886,2025-02-26 11:42:00,11,702,0.0003464320546899853,-668.72,False,3.0,20250226
LONG,1436,entry,buy,1,1,1114935,2025-02-26 12:31:00,12,751,0.00042961812265306554,-379.36,False,3.0,20250226
LONG,1436,exit,sell,1,1,1114938,2025-02-26 12:34:00,12,754,0.0004343895377490051,-379.36,False,3.0,20250226
LONG,1437,entry,buy,1,1,1116141,2025-02-27 09:37:00,9,577,0.0005520101120226397,-1289.36,False,3.0,20250227
LONG,1437,exit,sell,1,1,1116144,2025-02-27 09:40:00,9,580,0.0005948691453128174,-1289.36,False,3.0,20250227
LONG,1438,entry,buy,1,1,1116755,2025-02-27 20:51:00,20,1251,0.0004726015487215485,-1424.36,False,59.0,20250228
LONG,1438,exit,sell,1,1,1116814,2025-02-27 21:50:00,21,1310,0.0002805473051156142,-1424.36,False,59.0,20250228
LONG,1439,entry,buy,1,1,1121856,2025-03-05 12:52:00,12,772,0.0006856271472427419,-1314.36,False,18.0,20250305
LONG,1439,exit,sell,1,1,1121874,2025-03-05 13:10:00,13,790,0.000692005839952698,-1314.36,False,18.0,20250305
LONG,1440,entry,buy,1,1,1123085,2025-03-06 10:21:00,10,621,0.0007593842375022596,-864.36,False,34.0,20250306
LONG,1440,exit,sell,1,1,1123119,2025-03-06 10:55:00,10,655,0.0007080619549304485,-864.36,False,34.0,20250306
LONG,1441,entry,buy,1,1,1123128,2025-03-06 11:04:00,11,664,0.0006756825888386649,-559.36,False,3.0,20250306
LONG,1441,exit,sell,1,1,1123131,2025-03-06 11:07:00,11,667,0.0006842838627028737,-559.36,False,3.0,20250306
LONG,1442,entry,buy,1,1,1125106,2025-03-09 22:02:00,22,1322,0.00021472820800244984,-1859.36,False,368.0,20250310
LONG,1442,exit,sell,1,1,1125474,2025-03-10 04:10:00,4,250,0.00028539905741763215,-1859.36,False,368.0,20250310
LONG,1443,entry,buy,1,1,1127182,2025-03-11 09:38:00,9,578,0.0006216531551984487,-1399.36,False,25.0,20250311
LONG,1443,exit,sell,1,1,1127207,2025-03-11 10:03:00,10,603,0.001046849974917632,-1399.36,False,25.0,20250311
LONG,1444,entry,buy,1,1,1128270,2025-03-12 04:46:00,4,286,0.00033562484163042206,3555.64,True,230.0,20250312
LONG,1444,exit,sell,1,1,1128500,2025-03-12 08:36:00,8,516,0.0010355756524010158,3555.64,True,230.0,20250312
LONG,1445,entry,buy,1,1,1129685,2025-03-13 05:21:00,5,321,0.0003228107672018074,500.64,True,97.0,20250313
LONG,1445,exit,sell,1,1,1129782,2025-03-13 06:58:00,6,418,0.00027060362654883534,500.64,True,97.0,20250313
LONG,1446,entry,buy,1,1,1129875,2025-03-13 08:31:00,8,511,0.000519850655158371,-919.36,False,63.0,20250313
LONG,1446,exit,sell,1,1,1129938,2025-03-13 09:34:00,9,574,0.00046461073564647506,-919.36,False,63.0,20250313
LONG,1447,entry,buy,1,2,1131316,2025-03-14 09:32:00,9,572,0.00026949535004627346,-838.72,False,41.0,20250314
LONG,1447,exit,sell,1,2,1131357,2025-03-14 10:13:00,10,613,0.0007673571477801388,-838.72,False,41.0,20250314
LONG,1448,entry,buy,1,2,1131384,2025-03-14 10:40:00,10,640,0.0008315829669102857,2441.28,True,109.0,20250314
LONG,1448,exit,sell,1,2,1131493,2025-03-14 12:29:00,12,749,0.0004458972038622922,2441.28,True,109.0,20250314
LONG,1449,entry,buy,1,1,1132548,2025-03-17 07:04:00,7,424,0.00018844656249438838,-589.36,False,60.0,20250317
LONG,1449,exit,sell,1,1,1132608,2025-03-17 08:04:00,8,484,0.0002014135600863234,-589.36,False,60.0,20250317
LONG,1450,entry,buy,1,2,1132638,2025-03-17 08:34:00,8,514,0.00026189529633985863,371.28,True,28.0,20250317
LONG,1450,exit,sell,1,2,1132666,2025-03-17 09:02:00,9,542,0.00039475011779157275,371.28,True,28.0,20250317
LONG,1451,entry,buy,1,1,1132697,2025-03-17 09:33:00,9,573,0.00048340939629247406,-779.36,False,59.0,20250317
LONG,1451,exit,sell,1,1,1132756,2025-03-17 10:32:00,10,632,0.0007077140268061348,-779.36,False,59.0,20250317
LONG,1452,entry,buy,1,1,1132757,2025-03-17 10:33:00,10,633,0.0006870641606827986,-569.36,False,27.0,20250317
LONG,1452,exit,sell,1,1,1132784,2025-03-17 11:00:00,11,660,0.0006266554957686736,-569.36,False,27.0,20250317
LONG,1453,entry,buy,1,1,1133762,2025-03-18 04:18:00,4,258,0.00014889788919912,25.64,True,1.0,20250318
LONG,1453,exit,sell,1,1,1133763,2025-03-18 04:19:00,4,259,0.00014773723585263974,25.64,True,1.0,20250318
LONG,1454,entry,buy,1,1,1133765,2025-03-18 04:21:00,4,261,0.00015283256689532955,-4.36,False,2.0,20250318
LONG,1454,exit,sell,1,1,1133767,2025-03-18 04:23:00,4,263,0.00014823699244604236,-4.36,False,2.0,20250318
LONG,1455,entry,buy,1,1,1133768,2025-03-18 04:24:00,4,264,0.00015155792731054305,-214.36,False,3.0,20250318
LONG,1455,exit,sell,1,1,1133771,2025-03-18 04:27:00,4,267,0.0001429776724842413,-214.36,False,3.0,20250318
LONG,1456,entry,buy,1,1,1133774,2025-03-18 04:30:00,4,270,0.00014646612483598526,-59.36,False,24.0,20250318
LONG,1456,exit,sell,1,1,1133798,2025-03-18 04:54:00,4,294,0.00017123291281473857,-59.36,False,24.0,20250318
LONG,1457,entry,buy,1,1,1133799,2025-03-18 04:55:00,4,295,0.00017327246046144963,-79.36,False,1.0,20250318
LONG,1457,exit,sell,1,1,1133800,2025-03-18 04:56:00,4,296,0.00017521525201671503,-79.36,False,1.0,20250318
LONG,1458,entry,buy,1,1,1133803,2025-03-18 04:59:00,4,299,0.00017966658833876853,-379.36,False,41.0,20250318
LONG,1458,exit,sell,1,1,1133844,2025-03-18 05:40:00,5,340,0.00016772588868352412,-379.36,False,41.0,20250318
LONG,1459,entry,buy,1,2,1134680,2025-03-18 20:36:00,20,1236,0.00017974113886906645,-1198.72,False,232.0,20250319
LONG,1459,exit,sell,1,2,1134912,2025-03-19 00:28:00,0,28,0.00011732067243940453,-1198.72,False,232.0,20250319
LONG,1460,entry,buy,1,1,1134977,2025-03-19 01:33:00,1,93,0.00012300815563220347,-484.36,False,21.0,20250319
LONG,1460,exit,sell,1,1,1134998,2025-03-19 01:54:00,1,114,0.00013900750290772753,-484.36,False,21.0,20250319
LONG,1461,entry,buy,1,1,1135951,2025-03-19 18:47:00,18,1127,0.00016711372759132477,-454.36,False,644.0,20250320
LONG,1461,exit,sell,1,1,1136595,2025-03-20 05:31:00,5,331,0.00022380019449696795,-454.36,False,644.0,20250320
LONG,1462,entry,buy,1,1,1136649,2025-03-20 06:25:00,6,385,0.0004975351105958749,-674.36,False,15.0,20250320
LONG,1462,exit,sell,1,1,1136664,2025-03-20 06:40:00,6,400,0.0005676222550321193,-674.36,False,15.0,20250320
LONG,1463,entry,buy,1,1,1136676,2025-03-20 06:52:00,6,412,0.0006254072847573486,20.64,True,40.0,20250320
LONG,1463,exit,sell,1,1,1136716,2025-03-20 07:32:00,7,452,0.0004619049413450828,20.64,True,40.0,20250320
LONG,1464,entry,buy,1,1,1136727,2025-03-20 07:43:00,7,463,0.00036227018815700364,-924.36,False,79.0,20250320
LONG,1464,exit,sell,1,1,1136806,2025-03-20 09:02:00,9,542,0.0002748048929192654,-924.36,False,79.0,20250320
LONG,1465,entry,buy,1,1,1138305,2025-03-21 11:01:00,11,661,0.0005507439224030822,-1424.36,False,15.0,20250321
LONG,1465,exit,sell,1,1,1138320,2025-03-21 11:16:00,11,676,0.000494337618576597,-1424.36,False,15.0,20250321
LONG,1466,entry,buy,1,1,1143802,2025-03-27 10:40:00,10,640,0.0006822984178067433,-169.36,False,37.0,20250327
LONG,1466,exit,sell,1,1,1143839,2025-03-27 11:17:00,11,677,0.0005366264336114256,-169.36,False,37.0,20250327
LONG,1467,entry,buy,1,1,1146531,2025-03-31 10:09:00,10,609,0.000802485098978535,-949.36,False,8.0,20250331
LONG,1467,exit,sell,1,1,1146539,2025-03-31 10:17:00,10,617,0.0008588662862923846,-949.36,False,8.0,20250331
LONG,1468,entry,buy,1,1,1146585,2025-03-31 11:03:00,11,663,0.000720559221902591,-809.36,False,7.0,20250331
LONG,1468,exit,sell,1,1,1146592,2025-03-31 11:10:00,11,670,0.0007599617050402917,-809.36,False,7.0,20250331
LONG,1469,entry,buy,1,1,1147645,2025-04-01 05:43:00,5,343,0.0002395202300755838,-4.36,False,1.0,20250401
LONG,1469,exit,sell,1,1,1147646,2025-04-01 05:44:00,5,344,0.00023861560000098167,-4.36,False,1.0,20250401
LONG,1470,entry,buy,1,1,1147647,2025-04-01 05:45:00,5,345,0.00023868755776831332,-34.36,False,2.0,20250401
LONG,1470,exit,sell,1,1,1147649,2025-04-01 05:47:00,5,347,0.00022995611168732046,-34.36,False,2.0,20250401
LONG,1471,entry,buy,1,1,1147653,2025-04-01 05:51:00,5,351,0.0002301041312282502,-289.36,False,2.0,20250401
LONG,1471,exit,sell,1,1,1147655,2025-04-01 05:53:00,5,353,0.00023688017931956898,-289.36,False,2.0,20250401
LONG,1472,entry,buy,1,1,1147658,2025-04-01 05:56:00,5,356,0.00023577507595320103,-469.36,False,5.0,20250401
LONG,1472,exit,sell,1,1,1147663,2025-04-01 06:01:00,6,361,0.0002571555537981726,-469.36,False,5.0,20250401
LONG,1473,entry,buy,1,1,1147892,2025-04-01 09:50:00,9,590,0.0006300709511813981,-74.36,False,1.0,20250401
LONG,1473,exit,sell,1,1,1147893,2025-04-01 09:51:00,9,591,0.0006224115892687611,-74.36,False,1.0,20250401
LONG,1474,entry,buy,1,1,1147963,2025-04-01 11:01:00,11,661,0.0007723270647488382,550.64,True,88.0,20250401
LONG,1474,exit,sell,1,1,1148051,2025-04-01 12:29:00,12,749,0.00054430727263118,550.64,True,88.0,20250401
LONG,1475,entry,buy,1,1,1148220,2025-04-01 15:18:00,15,918,0.00047348630474952885,-319.36,False,1.0,20250401
LONG,1475,exit,sell,1,1,1148221,2025-04-01 15:19:00,15,919,0.00047587946888477114,-319.36,False,1.0,20250401
LONG,1476,entry,buy,1,1,1148224,2025-04-01 15:22:00,15,922,0.00047153391446535863,580.64,True,10.0,20250401
LONG,1476,exit,sell,1,1,1148234,2025-04-01 15:32:00,15,932,0.0004649565274622808,580.64,True,10.0,20250401
LONG,1477,entry,buy,1,1,1148235,2025-04-01 15:33:00,15,933,0.00046936674744841526,1290.64,True,67.0,20250401
LONG,1477,exit,sell,1,1,1148302,2025-04-01 16:40:00,16,1000,0.00036600524830117105,1290.64,True,67.0,20250401
LONG,1478,entry,buy,1,1,1149927,2025-04-02 21:48:00,21,1308,0.0005429728032663352,120.64,True,13.0,20250403
LONG,1478,exit,sell,1,1,1149940,2025-04-02 22:01:00,22,1321,0.0004713762936159857,120.64,True,13.0,20250403
LONG,1479,entry,buy,1,1,1149941,2025-04-02 22:02:00,22,1322,0.0004929340407684283,-1459.36,False,467.0,20250403
LONG,1479,exit,sell,1,1,1150408,2025-04-03 05:49:00,5,349,0.00047419865062280184,-1459.36,False,467.0,20250403
LONG,1480,entry,buy,1,1,1151533,2025-04-04 01:34:00,1,94,0.00037332443643706473,-119.36,False,3.0,20250404
LONG,1480,exit,sell,1,1,1151536,2025-04-04 01:37:00,1,97,0.0003697527392605687,-119.36,False,3.0,20250404
LONG,1481,entry,buy,1,1,1151537,2025-04-04 01:38:00,1,98,0.00037487731654818336,20.64,True,126.0,20250404
LONG,1481,exit,sell,1,1,1151663,2025-04-04 03:44:00,3,224,0.0004382649053892244,20.64,True,126.0,20250404
LONG,1482,entry,buy,1,1,1151700,2025-04-04 04:21:00,4,261,0.0005006947106274677,-939.36,False,16.0,20250404
LONG,1482,exit,sell,1,1,1151716,2025-04-04 04:37:00,4,277,0.00048758810629446136,-939.36,False,16.0,20250404
LONG,1483,entry,buy,1,1,1151717,2025-04-04 04:38:00,4,278,0.0004884127539618832,-524.36,False,21.0,20250404
LONG,1483,exit,sell,1,1,1151738,2025-04-04 04:59:00,4,299,0.0005136118793218602,-524.36,False,21.0,20250404
LONG,1484,entry,buy,1,1,1152582,2025-04-06 20:03:00,20,1203,0.001193330527643523,-629.36,False,1.0,20250407
LONG,1484,exit,sell,1,1,1152583,2025-04-06 20:04:00,20,1204,0.0012039322768743874,-629.36,False,1.0,20250407
LONG,1485,entry,buy,1,1,1152609,2025-04-06 20:30:00,20,1230,0.0020517031008482375,-664.36,False,239.0,20250407
LONG,1485,exit,sell,1,1,1152848,2025-04-07 00:29:00,0,29,0.0007386172455458619,-664.36,False,239.0,20250407
LONG,1486,entry,buy,1,1,1152900,2025-04-07 01:21:00,1,81,0.0009126237360867206,-3824.36,False,58.0,20250407
LONG,1486,exit,sell,1,1,1152958,2025-04-07 02:19:00,2,139,0.0010534990518913452,-3824.36,False,58.0,20250407
LONG,1487,entry,buy,1,1,1156151,2025-04-09 09:32:00,9,572,0.001242458325586591,665.64,True,79.0,20250409
LONG,1487,exit,sell,1,1,1156230,2025-04-09 10:51:00,10,651,0.0016182141179966537,665.64,True,79.0,20250409
LONG,1488,entry,buy,1,2,1156335,2025-04-09 12:36:00,12,756,0.0010625135384573728,36501.28,True,53.0,20250409
LONG,1488,exit,sell,1,2,1156388,2025-04-09 13:29:00,13,809,0.004475525253883007,36501.28,True,53.0,20250409
LONG,1489,entry,buy,1,2,1161284,2025-04-15 03:05:00,3,185,0.0003271768047662679,-1368.72,False,271.0,20250415
LONG,1489,exit,sell,1,2,1161555,2025-04-15 07:36:00,7,456,0.00029778775300071575,-1368.72,False,271.0,20250415
LONG,1490,entry,buy,1,1,1163121,2025-04-16 10:42:00,10,642,0.0006560348819494241,-309.36,False,68.0,20250416
LONG,1490,exit,sell,1,1,1163189,2025-04-16 11:50:00,11,710,0.0006017908365708656,-309.36,False,68.0,20250416
LONG,1491,entry,buy,1,1,1163624,2025-04-16 20:05:00,20,1205,0.0004904548857032391,1940.64,True,526.0,20250417
LONG,1491,exit,sell,1,1,1164150,2025-04-17 04:51:00,4,291,0.0002929316977210851,1940.64,True,526.0,20250417
LONG,1492,entry,buy,1,2,1167205,2025-04-22 09:46:00,9,586,0.000523608753825076,501.28,True,30.0,20250422
LONG,1492,exit,sell,1,2,1167235,2025-04-22 10:16:00,10,616,0.0006622481391488225,501.28,True,30.0,20250422
LONG,1493,entry,buy,1,2,1167266,2025-04-22 10:47:00,10,647,0.0005701843733002637,-228.72,False,53.0,20250422
LONG,1493,exit,sell,1,2,1167319,2025-04-22 11:40:00,11,700,0.0003940623281651604,-228.72,False,53.0,20250422
LONG,1494,entry,buy,1,2,1167339,2025-04-22 12:00:00,12,720,0.00045824755980302724,2351.28,True,52.0,20250422
LONG,1494,exit,sell,1,2,1167391,2025-04-22 12:52:00,12,772,0.0006456398280401504,2351.28,True,52.0,20250422
LONG,1495,entry,buy,1,1,1167640,2025-04-22 18:01:00,18,1081,0.00036296447962301954,-329.36,False,9.0,20250423
LONG,1495,exit,sell,1,1,1167649,2025-04-22 18:10:00,18,1090,0.0005633137228423222,-329.36,False,9.0,20250423
LONG,1496,entry,buy,1,1,1167707,2025-04-22 19:08:00,19,1148,0.0005079889186391553,-1589.36,False,81.0,20250423
LONG,1496,exit,sell,1,1,1167788,2025-04-22 20:29:00,20,1229,0.00030457077852296283,-1589.36,False,81.0,20250423
LONG,1497,entry,buy,1,1,1169965,2025-04-24 09:46:00,9,586,0.0005364708111670918,3125.64,True,59.0,20250424
LONG,1497,exit,sell,1,1,1170024,2025-04-24 10:45:00,10,645,0.0005099724797762366,3125.64,True,59.0,20250424
LONG,1498,entry,buy,1,1,1171336,2025-04-25 09:37:00,9,577,0.0005190483758688499,-1144.36,False,7.0,20250425
LONG,1498,exit,sell,1,1,1171343,2025-04-25 09:44:00,9,584,0.0005397931481505832,-1144.36,False,7.0,20250425
LONG,1499,entry,buy,1,1,1171368,2025-04-25 10:09:00,10,609,0.000825672787760783,-1039.36,False,13.0,20250425
LONG,1499,exit,sell,1,1,1171381,2025-04-25 10:22:00,10,622,0.000947327453124218,-1039.36,False,13.0,20250425
LONG,1500,entry,buy,1,2,1173345,2025-04-28 21:06:00,21,1266,0.00015386659890082597,11.28,True,102.0,20250429
LONG,1500,exit,sell,1,2,1173447,2025-04-28 22:48:00,22,1368,0.00022688687814848688,11.28,True,102.0,20250429
LONG,1501,entry,buy,1,2,1173546,2025-04-29 00:27:00,0,27,0.00017676279467229402,-1178.72,False,22.0,20250429
LONG,1501,exit,sell,1,2,1173568,2025-04-29 00:49:00,0,49,0.00019448347774552447,-1178.72,False,22.0,20250429
LONG,1502,entry,buy,1,1,1173683,2025-04-29 02:44:00,2,164,0.00018048756573320484,235.64,True,80.0,20250429
LONG,1502,exit,sell,1,1,1173763,2025-04-29 04:04:00,4,244,0.0002449849317581404,235.64,True,80.0,20250429
LONG,1503,entry,buy,1,1,1173802,2025-04-29 04:43:00,4,283,0.0002318356215390973,-584.36,False,44.0,20250429
LONG,1503,exit,sell,1,1,1173846,2025-04-29 05:27:00,5,327,0.0001658154191581413,-584.36,False,44.0,20250429
LONG,1504,entry,buy,1,1,1175852,2025-04-30 15:53:00,15,953,0.00059697398737343,4085.64,True,47.0,20250430
LONG,1504,exit,sell,1,1,1175899,2025-04-30 16:40:00,16,1000,0.0009047283095156026,4085.64,True,47.0,20250430
LONG,1505,entry,buy,1,1,1177447,2025-05-01 20:28:00,20,1228,0.00031187624417102774,855.64,True,353.0,20250502
LONG,1505,exit,sell,1,1,1177800,2025-05-02 02:21:00,2,141,0.00024600125790315064,855.64,True,353.0,20250502
LONG,1506,entry,buy,1,1,1177838,2025-05-02 02:59:00,2,179,0.0002524324719932053,-614.36,False,65.0,20250502
LONG,1506,exit,sell,1,1,1177903,2025-05-02 04:04:00,4,244,0.00025522094959926544,-614.36,False,65.0,20250502
LONG,1507,entry,buy,1,1,1177918,2025-05-02 04:19:00,4,259,0.000289519533741329,-739.36,False,35.0,20250502
LONG,1507,exit,sell,1,1,1177953,2025-05-02 04:54:00,4,294,0.00031192667979349913,-739.36,False,35.0,20250502
LONG,1508,entry,buy,1,1,1177974,2025-05-02 05:15:00,5,315,0.00028550331370570214,3575.64,True,253.0,20250502
LONG,1508,exit,sell,1,1,1178227,2025-05-02 09:28:00,9,568,0.0006154984279068303,3575.64,True,253.0,20250502
LONG,1509,entry,buy,1,1,1179641,2025-05-05 10:02:00,10,602,0.0004833664204274243,-804.36,False,4.0,20250505
LONG,1509,exit,sell,1,1,1179645,2025-05-05 10:06:00,10,606,0.0005305076050739063,-804.36,False,4.0,20250505
LONG,1510,entry,buy,1,1,1180992,2025-05-06 09:33:00,9,573,0.00027891987426222314,145.64,True,6.0,20250506
LONG,1510,exit,sell,1,1,1180998,2025-05-06 09:39:00,9,579,0.0002775939362028559,145.64,True,6.0,20250506
LONG,1511,entry,buy,1,1,1181012,2025-05-06 09:53:00,9,593,0.00039054940040113105,5.64,True,5.0,20250506
LONG,1511,exit,sell,1,1,1181017,2025-05-06 09:58:00,9,598,0.0004087946992538325,5.64,True,5.0,20250506
LONG,1512,entry,buy,1,1,1181021,2025-05-06 10:02:00,10,602,0.00046839129356936643,360.64,True,4.0,20250506
LONG,1512,exit,sell,1,1,1181025,2025-05-06 10:06:00,10,606,0.0004712862296756232,360.64,True,4.0,20250506
LONG,1513,entry,buy,1,1,1181044,2025-05-06 10:25:00,10,625,0.0005215194069724381,70.64,True,1.0,20250506
LONG,1513,exit,sell,1,1,1181045,2025-05-06 10:26:00,10,626,0.0005200668401068769,70.64,True,1.0,20250506
LONG,1514,entry,buy,1,1,1181046,2025-05-06 10:27:00,10,627,0.0005199287809163311,-64.36,False,1.0,20250506
LONG,1514,exit,sell,1,1,1181047,2025-05-06 10:28:00,10,628,0.0005205178206532162,-64.36,False,1.0,20250506
LONG,1515,entry,buy,1,1,1181056,2025-05-06 10:37:00,10,637,0.0005287314571116615,150.64,True,1.0,20250506
LONG,1515,exit,sell,1,1,1181057,2025-05-06 10:38:00,10,638,0.0005289834948988192,150.64,True,1.0,20250506
LONG,1516,entry,buy,1,1,1181060,2025-05-06 10:41:00,10,641,0.0005167088921259551,35.64,True,1.0,20250506
LONG,1516,exit,sell,1,1,1181061,2025-05-06 10:42:00,10,642,0.0005150613070466649,35.64,True,1.0,20250506
LONG,1517,entry,buy,1,1,1181062,2025-05-06 10:43:00,10,643,0.000516309457066443,115.64,True,2.0,20250506
LONG,1517,exit,sell,1,1,1181064,2025-05-06 10:45:00,10,645,0.0005167670771031265,115.64,True,2.0,20250506
LONG,1518,entry,buy,1,1,1181066,2025-05-06 10:47:00,10,647,0.0004982820509965493,-749.36,False,6.0,20250506
LONG,1518,exit,sell,1,1,1181072,2025-05-06 10:53:00,10,653,0.0004682245537090918,-749.36,False,6.0,20250506
LONG,1519,entry,buy,1,1,1181081,2025-05-06 11:02:00,11,662,0.00040916233339947396,-734.36,False,8.0,20250506
LONG,1519,exit,sell,1,1,1181089,2025-05-06 11:10:00,11,670,0.0004099805800093275,-734.36,False,8.0,20250506
LONG,1520,entry,buy,1,1,1181099,2025-05-06 11:20:00,11,680,0.0003920593640552562,-274.36,False,26.0,20250506
LONG,1520,exit,sell,1,1,1181125,2025-05-06 11:46:00,11,706,0.0003734344442630646,-274.36,False,26.0,20250506
LONG,1521,entry,buy,1,1,1181126,2025-05-06 11:47:00,11,707,0.0003698723647259412,-214.36,False,6.0,20250506
LONG,1521,exit,sell,1,1,1181132,2025-05-06 11:53:00,11,713,0.00035330000682472993,-214.36,False,6.0,20250506
LONG,1522,entry,buy,1,1,1181152,2025-05-06 12:13:00,12,733,0.00040553216218295907,-744.36,False,13.0,20250506
LONG,1522,exit,sell,1,1,1181165,2025-05-06 12:26:00,12,746,0.0005708979396026212,-744.36,False,13.0,20250506
LONG,1523,entry,buy,1,1,1181440,2025-05-06 18:01:00,18,1081,0.0003147645826589116,1570.64,True,15.0,20250507
LONG,1523,exit,sell,1,1,1181455,2025-05-06 18:16:00,18,1096,0.0009242688004002217,1570.64,True,15.0,20250507
LONG,1524,entry,buy,1,2,1183883,2025-05-08 11:44:00,11,704,0.000682706423352091,-1078.72,False,112.0,20250508
LONG,1524,exit,sell,1,2,1183995,2025-05-08 13:36:00,13,816,0.00028946194188422174,-1078.72,False,112.0,20250508
LONG,1525,entry,buy,1,1,1184459,2025-05-08 22:20:00,22,1340,0.00014985864190751884,-69.36,False,2.0,20250509
LONG,1525,exit,sell,1,1,1184461,2025-05-08 22:22:00,22,1342,0.0001513498307419476,-69.36,False,2.0,20250509
LONG,1526,entry,buy,1,1,1184467,2025-05-08 22:28:00,22,1348,0.00015529347963356505,-324.36,False,26.0,20250509
LONG,1526,exit,sell,1,1,1184493,2025-05-08 22:54:00,22,1374,0.00015754169305930577,-324.36,False,26.0,20250509
LONG,1527,entry,buy,1,1,1184774,2025-05-09 03:35:00,3,215,0.00024311571867400772,-299.36,False,26.0,20250509
LONG,1527,exit,sell,1,1,1184800,2025-05-09 04:01:00,4,241,0.0002531462501376055,-299.36,False,26.0,20250509
LONG,1528,entry,buy,1,1,1184801,2025-05-09 04:02:00,4,242,0.0002540942361690747,155.64,True,1.0,20250509
LONG,1528,exit,sell,1,1,1184802,2025-05-09 04:03:00,4,243,0.00025367019387510776,155.64,True,1.0,20250509
LONG,1529,entry,buy,1,1,1184803,2025-05-09 04:04:00,4,244,0.0002442297201986036,-104.36,False,1.0,20250509
LONG,1529,exit,sell,1,1,1184804,2025-05-09 04:05:00,4,245,0.00024164932522823432,-104.36,False,1.0,20250509
LONG,1530,entry,buy,1,1,1184823,2025-05-09 04:24:00,4,264,0.00020731211431420876,150.64,True,1.0,20250509
LONG,1530,exit,sell,1,1,1184824,2025-05-09 04:25:00,4,265,0.0002105542227153005,150.64,True,1.0,20250509
LONG,1531,entry,buy,1,1,1184827,2025-05-09 04:28:00,4,268,0.00021700986624473238,-139.36,False,3.0,20250509
LONG,1531,exit,sell,1,1,1184830,2025-05-09 04:31:00,4,271,0.00021218841778070736,-139.36,False,3.0,20250509
LONG,1532,entry,buy,1,1,1184843,2025-05-09 04:44:00,4,284,0.00021731926644876949,40.64,True,1.0,20250509
LONG,1532,exit,sell,1,1,1184844,2025-05-09 04:45:00,4,285,0.0002156425175818586,40.64,True,1.0,20250509
LONG,1533,entry,buy,1,1,1184845,2025-05-09 04:46:00,4,286,0.0002146061636380103,20.64,True,1.0,20250509
LONG,1533,exit,sell,1,1,1184846,2025-05-09 04:47:00,4,287,0.00021542225773328935,20.64,True,1.0,20250509
LONG,1534,entry,buy,1,1,1184847,2025-05-09 04:48:00,4,288,0.00021423363618054927,-139.36,False,2.0,20250509
LONG,1534,exit,sell,1,1,1184849,2025-05-09 04:50:00,4,290,0.0002143564847120258,-139.36,False,2.0,20250509
LONG,1535,entry,buy,1,1,1184858,2025-05-09 04:59:00,4,299,0.00020836333011307577,135.64,True,10.0,20250509
LONG,1535,exit,sell,1,1,1184868,2025-05-09 05:09:00,5,309,0.00019341404921247116,135.64,True,10.0,20250509
LONG,1536,entry,buy,1,1,1184883,2025-05-09 05:24:00,5,324,0.00019517762095418994,-564.36,False,123.0,20250509
LONG,1536,exit,sell,1,1,1185006,2025-05-09 07:27:00,7,447,0.0005059929672722832,-564.36,False,123.0,20250509
LONG,1537,entry,buy,1,1,1185009,2025-05-09 07:30:00,7,450,0.0005292495421677993,-1004.36,False,9.0,20250509
LONG,1537,exit,sell,1,1,1185018,2025-05-09 07:39:00,7,459,0.0005962224970349514,-1004.36,False,9.0,20250509
LONG,1538,entry,buy,1,1,1185580,2025-05-11 18:01:00,18,1081,0.00015276052743142785,-1109.36,False,35.0,20250512
LONG,1538,exit,sell,1,1,1185615,2025-05-11 18:36:00,18,1116,0.0003291178211277843,-1109.36,False,35.0,20250512
LONG,1539,entry,buy,1,1,1185663,2025-05-11 19:24:00,19,1164,0.00033495925630980017,7605.64,True,498.0,20250512
LONG,1539,exit,sell,1,1,1186161,2025-05-12 03:42:00,3,222,0.0012085052759838912,7605.64,True,498.0,20250512
LONG,1540,entry,buy,1,1,1187894,2025-05-13 09:35:00,9,575,0.0003429212812299071,3075.64,True,70.0,20250513
LONG,1540,exit,sell,1,1,1187964,2025-05-13 10:45:00,10,645,0.0004052187471190038,3075.64,True,70.0,20250513
LONG,1541,entry,buy,1,2,1188878,2025-05-14 02:59:00,2,179,0.00019071401814678456,-88.72,False,5.0,20250514
LONG,1541,exit,sell,1,2,1188883,2025-05-14 03:04:00,3,184,0.00018930375206985874,-88.72,False,5.0,20250514
LONG,1542,entry,buy,1,1,1192578,2025-05-18 19:39:00,19,1179,0.00021346909442042657,-769.36,False,24.0,20250519
LONG,1542,exit,sell,1,1,1192602,2025-05-18 20:03:00,20,1203,0.00023979771282627957,-769.36,False,24.0,20250519
LONG,1543,entry,buy,1,1,1192972,2025-05-19 02:13:00,2,133,0.00016943058074922267,-904.36,False,18.0,20250519
LONG,1543,exit,sell,1,1,1192990,2025-05-19 02:31:00,2,151,0.00016932147023798676,-904.36,False,18.0,20250519
LONG,1544,entry,buy,1,1,1196268,2025-05-21 11:09:00,11,669,0.00041500808764248753,190.64,True,111.0,20250521
LONG,1544,exit,sell,1,1,1196379,2025-05-21 13:00:00,13,780,0.0002300646069964706,190.64,True,111.0,20250521
LONG,1545,entry,buy,1,1,1196414,2025-05-21 13:35:00,13,815,0.0007269418710771859,-74.36,False,1.0,20250521
LONG,1545,exit,sell,1,1,1196415,2025-05-21 13:36:00,13,816,0.0007256615109534631,-74.36,False,1.0,20250521
LONG,1546,entry,buy,1,1,1196419,2025-05-21 13:40:00,13,820,0.000788225431381683,-1184.36,False,6.0,20250521
LONG,1546,exit,sell,1,1,1196425,2025-05-21 13:46:00,13,826,0.0008084356525248773,-1184.36,False,6.0,20250521
LONG,1547,entry,buy,1,1,1197514,2025-05-22 08:55:00,8,535,0.0004162047127342834,-39.36,False,25.0,20250522
LONG,1547,exit,sell,1,1,1197539,2025-05-22 09:20:00,9,560,0.000323186729320852,-39.36,False,25.0,20250522
LONG,1548,entry,buy,1,1,1197551,2025-05-22 09:32:00,9,572,0.0003315649552324428,-1274.36,False,2.0,20250522
LONG,1548,exit,sell,1,1,1197553,2025-05-22 09:34:00,9,574,0.00043007412784163513,-1274.36,False,2.0,20250522
LONG,1549,entry,buy,1,1,1198869,2025-05-23 08:30:00,8,510,0.0010778114561703512,-1029.36,False,34.0,20250523
LONG,1549,exit,sell,1,1,1198903,2025-05-23 09:04:00,9,544,0.0005779259946861422,-1029.36,False,34.0,20250523
LONG,1550,entry,buy,1,1,1198928,2025-05-23 09:29:00,9,569,0.0004919632042214072,2810.64,True,388.0,20250523
LONG,1550,exit,sell,1,1,1199316,2025-05-23 15:57:00,15,957,0.00041491982432607363,2810.64,True,388.0,20250523
LONG,1551,entry,buy,1,1,1199386,2025-05-25 18:07:00,18,1087,0.00035657527482740176,4530.64,True,1113.0,20250526
LONG,1551,exit,sell,1,1,1200499,2025-05-26 12:40:00,12,760,0.00010080634420942275,4530.64,True,1113.0,20250526
LONG,1552,entry,buy,1,2,1206973,2025-06-02 09:34:00,9,574,0.0004347408838913793,-698.72,False,13.0,20250602
LONG,1552,exit,sell,1,2,1206986,2025-06-02 09:47:00,9,587,0.0005171052899764885,-698.72,False,13.0,20250602
LONG,1553,entry,buy,1,1,1207003,2025-06-02 10:04:00,10,604,0.0007525965978524615,5095.64,True,396.0,20250602
LONG,1553,exit,sell,1,1,1207399,2025-06-02 16:40:00,16,1000,0.00018919511214997336,5095.64,True,396.0,20250602
LONG,1554,entry,buy,1,2,1211623,2025-06-05 19:04:00,19,1144,0.00015012886938250018,8501.28,True,1257.0,20250606
LONG,1554,exit,sell,1,2,1212880,2025-06-06 16:01:00,16,961,0.0002721040963557904,8501.28,True,1257.0,20250606
LONG,1555,entry,buy,1,2,1214521,2025-06-09 21:22:00,21,1282,0.000115283744567546,1201.28,True,163.0,20250610
LONG,1555,exit,sell,1,2,1214684,2025-06-10 00:05:00,0,5,9.089439819243042e-05,1201.28,True,163.0,20250610
LONG,1556,entry,buy,1,1,1215777,2025-06-10 19:18:00,19,1158,0.00027369668868301435,-674.36,False,19.0,20250611
LONG,1556,exit,sell,1,1,1215796,2025-06-10 19:37:00,19,1177,0.0002984216692444964,-674.36,False,19.0,20250611
LONG,1557,entry,buy,1,1,1216571,2025-06-11 08:32:00,8,512,0.0006699244912826094,-64.36,False,12.0,20250611
LONG,1557,exit,sell,1,1,1216583,2025-06-11 08:44:00,8,524,0.0006863577155088904,-64.36,False,12.0,20250611
LONG,1558,entry,buy,1,1,1218696,2025-06-12 21:57:00,21,1317,0.0004221237145022397,-874.36,False,25.0,20250613
LONG,1558,exit,sell,1,1,1218721,2025-06-12 22:22:00,22,1342,0.00036067738397014095,-874.36,False,25.0,20250613
LONG,1559,entry,buy,1,1,1219001,2025-06-13 03:02:00,3,182,0.0002651247613148959,-759.36,False,104.0,20250613
LONG,1559,exit,sell,1,1,1219105,2025-06-13 04:46:00,4,286,0.0002937724049696827,-759.36,False,104.0,20250613
LONG,1560,entry,buy,1,2,1219884,2025-06-15 18:45:00,18,1125,0.00046814266131493923,11431.28,True,1315.0,20250616
LONG,1560,exit,sell,1,2,1221197,2025-06-16 16:40:00,16,1000,0.00027268234261549907,11431.28,True,1315.0,20250616
LONG,1561,entry,buy,1,1,1222725,2025-06-17 20:08:00,20,1208,0.0002606824919607231,145.64,True,257.0,20250618
LONG,1561,exit,sell,1,1,1222982,2025-06-18 00:25:00,0,25,0.00011917334821420447,145.64,True,257.0,20250618
LONG,1562,entry,buy,1,2,1223020,2025-06-18 01:03:00,1,63,0.0001366459568730417,1181.28,True,303.0,20250618
LONG,1562,exit,sell,1,2,1223323,2025-06-18 06:06:00,6,366,0.0001429103066817982,1181.28,True,303.0,20250618
LONG,1563,entry,buy,1,1,1225118,2025-06-19 18:01:00,18,1081,0.00019190925920936657,1395.64,True,70.0,20250620
LONG,1563,exit,sell,1,1,1225188,2025-06-19 19:11:00,19,1151,0.00028400942299913073,1395.64,True,70.0,20250620
LONG,1564,entry,buy,1,2,1227046,2025-06-23 03:09:00,3,189,0.00015557498487733852,-88.72,False,10.0,20250623
LONG,1564,exit,sell,1,2,1227056,2025-06-23 03:19:00,3,199,0.00021577582536658703,-88.72,False,10.0,20250623
LONG,1565,entry,buy,1,2,1227064,2025-06-23 03:27:00,3,207,0.00022800682524855146,2231.28,True,50.0,20250623
LONG,1565,exit,sell,1,2,1227114,2025-06-23 04:17:00,4,257,0.00028191502397333014,2231.28,True,50.0,20250623
LONG,1566,entry,buy,1,1,1237063,2025-07-02 09:06:00,9,546,0.0003613662782168268,-169.36,False,1.0,20250702
LONG,1566,exit,sell,1,1,1237064,2025-07-02 09:07:00,9,547,0.0003638331136663665,-169.36,False,1.0,20250702
LONG,1567,entry,buy,1,1,1237087,2025-07-02 09:30:00,9,570,0.00023697691552787307,170.64,True,1.0,20250702
LONG,1567,exit,sell,1,1,1237088,2025-07-02 09:31:00,9,571,0.0002434728914402163,170.64,True,1.0,20250702
LONG,1568,entry,buy,1,1,1237089,2025-07-02 09:32:00,9,572,0.00024244380981913353,1375.64,True,23.0,20250702
LONG,1568,exit,sell,1,1,1237112,2025-07-02 09:55:00,9,595,0.00033232944643422316,1375.64,True,23.0,20250702
LONG,1569,entry,buy,1,1,1239832,2025-07-06 18:01:00,18,1081,0.00010627802599400194,-339.36,False,59.0,20250707
LONG,1569,exit,sell,1,1,1239891,2025-07-06 19:00:00,19,1140,0.00023017192406751398,-339.36,False,59.0,20250707
LONG,1570,entry,buy,1,1,1239909,2025-07-06 19:18:00,19,1158,0.00017314087048390372,-14.36,False,1.0,20250707
LONG,1570,exit,sell,1,1,1239910,2025-07-06 19:19:00,19,1159,0.00017272738592274305,-14.36,False,1.0,20250707
LONG,1571,entry,buy,1,1,1239914,2025-07-06 19:23:00,19,1163,0.00016933241257151554,-454.36,False,35.0,20250707
LONG,1571,exit,sell,1,1,1239949,2025-07-06 19:58:00,19,1198,0.0001817040618583162,-454.36,False,35.0,20250707
LONG,1572,entry,buy,1,1,1239960,2025-07-06 20:09:00,20,1209,0.0001710925159125946,-129.36,False,1.0,20250707
LONG,1572,exit,sell,1,1,1239961,2025-07-06 20:10:00,20,1210,0.00017688497508477107,-129.36,False,1.0,20250707
LONG,1573,entry,buy,1,1,1241362,2025-07-07 20:31:00,20,1231,0.00012293116366296144,30.64,True,2.0,20250708
LONG,1573,exit,sell,1,1,1241364,2025-07-07 20:33:00,20,1233,0.00012161083620432559,30.64,True,2.0,20250708
LONG,1574,entry,buy,1,1,1241373,2025-07-07 20:42:00,20,1242,0.00011874711673366475,605.64,True,549.0,20250708
LONG,1574,exit,sell,1,1,1241922,2025-07-08 05:51:00,5,351,0.00013396821670542204,605.64,True,549.0,20250708
LONG,1575,entry,buy,1,2,1241970,2025-07-08 06:39:00,6,399,0.00012195125974503494,-408.72,False,30.0,20250708
LONG,1575,exit,sell,1,2,1242000,2025-07-08 07:09:00,7,429,0.00011548515391495856,-408.72,False,30.0,20250708
LONG,1576,entry,buy,1,2,1242016,2025-07-08 07:25:00,7,445,0.00012040708064795858,251.28,True,20.0,20250708
LONG,1576,exit,sell,1,2,1242036,2025-07-08 07:45:00,7,465,0.00010117591129415717,251.28,True,20.0,20250708
LONG,1577,entry,buy,1,2,1243522,2025-07-09 09:33:00,9,573,0.00019249249278605835,1131.28,True,427.0,20250709
LONG,1577,exit,sell,1,2,1243949,2025-07-09 16:40:00,16,1000,0.00017456462976379834,1131.28,True,427.0,20250709
LONG,1578,entry,buy,1,1,1246308,2025-07-11 09:59:00,9,599,0.00036545757054804687,-124.36,False,68.0,20250711
LONG,1578,exit,sell,1,1,1246376,2025-07-11 11:07:00,11,667,0.0002558184618198233,-124.36,False,68.0,20250711
LONG,1579,entry,buy,1,2,1246412,2025-07-11 11:43:00,11,703,0.0002998653234402113,-198.72,False,79.0,20250711
LONG,1579,exit,sell,1,2,1246491,2025-07-11 13:02:00,13,782,0.00023109873530321388,-198.72,False,79.0,20250711
LONG,1580,entry,buy,1,2,1247661,2025-07-14 09:32:00,9,572,0.00015609700958186935,-1138.72,False,9.0,20250714
LONG,1580,exit,sell,1,2,1247670,2025-07-14 09:41:00,9,581,0.00022438374584510343,-1138.72,False,9.0,20250714
LONG,1581,entry,buy,1,2,1247752,2025-07-14 11:03:00,11,663,0.00030529437854918837,801.28,True,337.0,20250714
LONG,1581,exit,sell,1,2,1248089,2025-07-14 16:40:00,16,1000,0.00014546486684157708,801.28,True,337.0,20250714
LONG,1582,entry,buy,1,1,1248337,2025-07-14 21:48:00,21,1308,0.0002225677534275534,1130.64,True,9.0,20250715
LONG,1582,exit,sell,1,1,1248346,2025-07-14 21:57:00,21,1317,0.00029164760826657054,1130.64,True,9.0,20250715
LONG,1583,entry,buy,1,1,1250361,2025-07-16 08:32:00,8,512,0.0002268314814129367,-74.36,False,60.0,20250716
LONG,1583,exit,sell,1,1,1250421,2025-07-16 09:32:00,9,572,0.0001819999112597537,-74.36,False,60.0,20250716
LONG,1584,entry,buy,1,1,1250560,2025-07-16 11:51:00,11,711,0.000784438757523491,2205.64,True,289.0,20250716
LONG,1584,exit,sell,1,1,1250849,2025-07-16 16:40:00,16,1000,0.0001521054131108248,2205.64,True,289.0,20250716
LONG,1585,entry,buy,1,2,1254592,2025-07-21 10:03:00,10,603,0.00030724729749785623,41.28,True,4.0,20250721
LONG,1585,exit,sell,1,2,1254596,2025-07-21 10:07:00,10,607,0.0003084806438779371,41.28,True,4.0,20250721
LONG,1586,entry,buy,1,2,1254611,2025-07-21 10:22:00,10,622,0.00033203589049754934,-708.72,False,24.0,20250721
LONG,1586,exit,sell,1,2,1254635,2025-07-21 10:46:00,10,646,0.0002780792713691167,-708.72,False,24.0,20250721
LONG,1587,entry,buy,1,1,1256465,2025-07-22 19:16:00,19,1156,0.00017504713594264666,-379.36,False,70.0,20250723
LONG,1587,exit,sell,1,1,1256535,2025-07-22 20:26:00,20,1226,0.00016688383321855112,-379.36,False,70.0,20250723
LONG,1588,entry,buy,1,2,1256592,2025-07-22 21:23:00,21,1283,0.00014596817609600568,181.28,True,210.0,20250723
LONG,1588,exit,sell,1,2,1256802,2025-07-23 00:53:00,0,53,6.0086570429068815e-05,181.28,True,210.0,20250723
LONG,1589,entry,buy,1,2,1256950,2025-07-23 03:21:00,3,201,0.00010255916965154905,-308.72,False,60.0,20250723
LONG,1589,exit,sell,1,2,1257010,2025-07-23 04:21:00,4,261,0.00012464236729215657,-308.72,False,60.0,20250723
LONG,1590,entry,buy,1,2,1257013,2025-07-23 04:24:00,4,264,0.00011375711074464233,-48.72,False,151.0,20250723
LONG,1590,exit,sell,1,2,1257164,2025-07-23 06:55:00,6,415,9.434346704680023e-05,-48.72,False,151.0,20250723
LONG,1591,entry,buy,1,1,1257713,2025-07-23 16:04:00,16,964,0.00043955259266940965,920.64,True,36.0,20250723
LONG,1591,exit,sell,1,1,1257749,2025-07-23 16:40:00,16,1000,0.0004766455536425746,920.64,True,36.0,20250723
LONG,1592,entry,buy,1,1,1260530,2025-07-27 18:01:00,18,1081,7.513866896593103e-05,-474.36,False,27.0,20250728
LONG,1592,exit,sell,1,1,1260557,2025-07-27 18:28:00,18,1108,0.0001664549359077431,-474.36,False,27.0,20250728
LONG,1593,entry,buy,1,1,1260610,2025-07-27 19:21:00,19,1161,0.0001156503679224348,70.64,True,15.0,20250728
LONG,1593,exit,sell,1,1,1260625,2025-07-27 19:36:00,19,1176,0.00011430791070872842,70.64,True,15.0,20250728
LONG,1594,entry,buy,1,1,1262847,2025-07-29 09:38:00,9,578,0.0001923936705709616,-279.36,False,5.0,20250729
LONG,1594,exit,sell,1,1,1262852,2025-07-29 09:43:00,9,583,0.00020271505129090345,-279.36,False,5.0,20250729
LONG,1595,entry,buy,1,1,1264607,2025-07-30 15:59:00,15,959,0.0005564887465900014,3490.64,True,41.0,20250730
LONG,1595,exit,sell,1,1,1264648,2025-07-30 16:40:00,16,1000,0.0005795384442451819,3490.64,True,41.0,20250730
LONG,1596,entry,buy,1,1,1266261,2025-07-31 21:33:00,21,1293,0.00018335608545585322,15.64,True,1.0,20250801
LONG,1596,exit,sell,1,1,1266262,2025-07-31 21:34:00,21,1294,0.00017981383501967224,15.64,True,1.0,20250801
LONG,1597,entry,buy,1,1,1266264,2025-07-31 21:36:00,21,1296,0.0001798022431357481,-34.36,False,11.0,20250801
LONG,1597,exit,sell,1,1,1266275,2025-07-31 21:47:00,21,1307,0.0001584756089012908,-34.36,False,11.0,20250801
LONG,1598,entry,buy,1,1,1266276,2025-07-31 21:48:00,21,1308,0.00015664191424904494,-59.36,False,2.0,20250801
LONG,1598,exit,sell,1,1,1266278,2025-07-31 21:50:00,21,1310,0.0001522392411359054,-59.36,False,2.0,20250801
LONG,1599,entry,buy,1,1,1266280,2025-07-31 21:52:00,21,1312,0.00014348393199207785,-579.36,False,250.0,20250801
LONG,1599,exit,sell,1,1,1266530,2025-08-01 02:02:00,2,122,0.00012430371031785782,-579.36,False,250.0,20250801
LONG,1600,entry,buy,1,2,1267880,2025-08-04 01:32:00,1,92,0.00010665356247047495,14381.28,True,908.0,20250804
LONG,1600,exit,sell,1,2,1268788,2025-08-04 16:40:00,16,1000,0.00020418859889432712,14381.28,True,908.0,20250804
LONG,1601,entry,buy,1,1,1270411,2025-08-05 21:43:00,21,1303,0.00017532082231916198,640.64,True,421.0,20250806
LONG,1601,exit,sell,1,1,1270832,2025-08-06 04:44:00,4,284,0.00015345635674436582,640.64,True,421.0,20250806
LONG,1602,entry,buy,1,2,1270862,2025-08-06 05:14:00,5,314,0.0001624425146785378,-948.72,False,14.0,20250806
LONG,1602,exit,sell,1,2,1270876,2025-08-06 05:28:00,5,328,0.0001728995727802318,-948.72,False,14.0,20250806
LONG,1603,entry,buy,1,1,1270920,2025-08-06 06:12:00,6,372,0.00018357066935977988,-524.36,False,36.0,20250806
LONG,1603,exit,sell,1,1,1270956,2025-08-06 06:48:00,6,408,0.0002204924210796495,-524.36,False,36.0,20250806
LONG,1604,entry,buy,1,1,1270964,2025-08-06 06:56:00,6,416,0.00023866663905075647,35.64,True,77.0,20250806
LONG,1604,exit,sell,1,1,1271041,2025-08-06 08:13:00,8,493,0.00016951621061733795,35.64,True,77.0,20250806
LONG,1605,entry,buy,1,1,1271047,2025-08-06 08:19:00,8,499,0.0001880495840253827,4785.64,True,501.0,20250806
LONG,1605,exit,sell,1,1,1271548,2025-08-06 16:40:00,16,1000,0.00018293350988111127,4785.64,True,501.0,20250806
LONG,1606,entry,buy,1,1,1276580,2025-08-12 08:32:00,8,512,0.0004083886512867384,670.64,True,13.0,20250812
LONG,1606,exit,sell,1,1,1276593,2025-08-12 08:45:00,8,525,0.0004917370674496833,670.64,True,13.0,20250812
LONG,1607,entry,buy,1,1,1276643,2025-08-12 09:35:00,9,575,0.0004149058429344001,-859.36,False,10.0,20250812
LONG,1607,exit,sell,1,1,1276653,2025-08-12 09:45:00,9,585,0.0004729554980145984,-859.36,False,10.0,20250812
LONG,1608,entry,buy,1,1,1276739,2025-08-12 11:11:00,11,671,0.00039478626651020567,2100.64,True,329.0,20250812
LONG,1608,exit,sell,1,1,1277068,2025-08-12 16:40:00,16,1000,0.00011766357706203354,2100.64,True,329.0,20250812
LONG,1609,entry,buy,1,2,1280245,2025-08-15 00:38:00,0,38,8.300839487874913e-05,-388.72,False,193.0,20250815
LONG,1609,exit,sell,1,2,1280438,2025-08-15 03:51:00,3,231,0.00010616328082191827,-388.72,False,193.0,20250815
LONG,1610,entry,buy,1,1,1281233,2025-08-17 18:06:00,18,1086,0.00012282130719861673,-224.36,False,492.0,20250818
LONG,1610,exit,sell,1,1,1281725,2025-08-18 02:18:00,2,138,7.625586252568027e-05,-224.36,False,492.0,20250818
LONG,1611,entry,buy,1,1,1281759,2025-08-18 02:52:00,2,172,0.0001639623807305773,-4.36,False,16.0,20250818
LONG,1611,exit,sell,1,1,1281775,2025-08-18 03:08:00,3,188,0.00018633086013026827,-4.36,False,16.0,20250818
LONG,1612,entry,buy,1,1,1281791,2025-08-18 03:24:00,3,204,0.00020897114544292513,-269.36,False,6.0,20250818
LONG,1612,exit,sell,1,1,1281797,2025-08-18 03:30:00,3,210,0.00020839602746488233,-269.36,False,6.0,20250818
LONG,1613,entry,buy,1,1,1281813,2025-08-18 03:46:00,3,226,0.00018791234321493796,-244.36,False,2.0,20250818
LONG,1613,exit,sell,1,1,1281815,2025-08-18 03:48:00,3,228,0.00017889815135761728,-244.36,False,2.0,20250818
LONG,1614,entry,buy,1,1,1281862,2025-08-18 04:35:00,4,275,0.00020180172938056044,-219.36,False,26.0,20250818
LONG,1614,exit,sell,1,1,1281888,2025-08-18 05:01:00,5,301,0.00019115329974642807,-219.36,False,26.0,20250818
LONG,1615,entry,buy,1,1,1281990,2025-08-18 06:43:00,6,403,0.0001038973006395765,-354.36,False,38.0,20250818
LONG,1615,exit,sell,1,1,1282028,2025-08-18 07:21:00,7,441,0.00010995342730965514,-354.36,False,38.0,20250818
LONG,1616,entry,buy,1,1,1284548,2025-08-20 03:21:00,3,201,0.00015925395158353437,-209.36,False,10.0,20250820
LONG,1616,exit,sell,1,1,1284558,2025-08-20 03:31:00,3,211,0.00016554220346566258,-209.36,False,10.0,20250820
LONG,1617,entry,buy,1,1,1284624,2025-08-20 04:37:00,4,277,0.00020022134524830352,75.64,True,117.0,20250820
LONG,1617,exit,sell,1,1,1284741,2025-08-20 06:34:00,6,394,8.418664901121209e-05,75.64,True,117.0,20250820
LONG,1618,entry,buy,1,1,1284770,2025-08-20 07:03:00,7,423,0.0001254415596924624,-409.36,False,24.0,20250820
LONG,1618,exit,sell,1,1,1284794,2025-08-20 07:27:00,7,447,0.00014757570253975556,-409.36,False,24.0,20250820
LONG,1619,entry,buy,1,1,1284876,2025-08-20 08:49:00,8,529,0.0001801839466563766,-404.36,False,23.0,20250820
LONG,1619,exit,sell,1,1,1284899,2025-08-20 09:12:00,9,552,0.0001658393653754152,-404.36,False,23.0,20250820
LONG,1620,entry,buy,1,1,1285304,2025-08-20 15:57:00,15,957,0.0003095705034483646,-414.36,False,43.0,20250820
LONG,1620,exit,sell,1,1,1285347,2025-08-20 16:40:00,16,1000,0.0001943395572817774,-414.36,False,43.0,20250820
LONG,1621,entry,buy,1,1,1287688,2025-08-22 09:42:00,9,582,0.00042890752662045673,-299.36,False,15.0,20250822
LONG,1621,exit,sell,1,1,1287703,2025-08-22 09:57:00,9,597,0.00047469390845012593,-299.36,False,15.0,20250822
LONG,1622,entry,buy,1,2,1287707,2025-08-22 10:01:00,10,601,0.001131345876648585,1081.28,True,4.0,20250822
LONG,1622,exit,sell,1,2,1287711,2025-08-22 10:05:00,10,605,0.0011701140444142803,1081.28,True,4.0,20250822
LONG,1623,entry,buy,1,1,1287715,2025-08-22 10:09:00,10,609,0.0012015512683224076,465.64,True,10.0,20250822
LONG,1623,exit,sell,1,1,1287725,2025-08-22 10:19:00,10,619,0.0012449839432346135,465.64,True,10.0,20250822
LONG,1624,entry,buy,1,1,1289689,2025-08-25 21:03:00,21,1263,0.0004195015098790677,10.64,True,364.0,20250826
LONG,1624,exit,sell,1,1,1290053,2025-08-26 03:07:00,3,187,0.00017084834820958053,10.64,True,364.0,20250826
LONG,1625,entry,buy,1,1,1290078,2025-08-26 03:32:00,3,212,0.00020178200755818475,170.64,True,240.0,20250826
LONG,1625,exit,sell,1,1,1290318,2025-08-26 07:32:00,7,452,0.00010862802481593901,170.64,True,240.0,20250826
LONG,1626,entry,buy,1,1,1290378,2025-08-26 08:32:00,8,512,0.00014279294019442572,210.64,True,65.0,20250826
LONG,1626,exit,sell,1,1,1290443,2025-08-26 09:37:00,9,577,0.00020321596755070172,210.64,True,65.0,20250826
LONG,1627,entry,buy,1,1,1290489,2025-08-26 10:23:00,10,623,0.00043915382708913087,-84.36,False,6.0,20250826
LONG,1627,exit,sell,1,1,1290495,2025-08-26 10:29:00,10,629,0.0004398817377023553,-84.36,False,6.0,20250826
LONG,1628,entry,buy,1,1,1290836,2025-08-26 16:10:00,16,970,0.00028068677837396477,-34.36,False,30.0,20250826
LONG,1628,exit,sell,1,1,1290866,2025-08-26 16:40:00,16,1000,0.00024783781906438537,-34.36,False,30.0,20250826
LONG,1629,entry,buy,1,1,1292549,2025-08-27 22:43:00,22,1363,7.358338065025972e-05,20.64,True,1.0,20250828
LONG,1629,exit,sell,1,1,1292550,2025-08-27 22:44:00,22,1364,7.358334528605713e-05,20.64,True,1.0,20250828
LONG,1630,entry,buy,1,1,1292572,2025-08-27 23:06:00,23,1386,7.597772575588254e-05,210.64,True,4.0,20250828
LONG,1630,exit,sell,1,1,1292576,2025-08-27 23:10:00,23,1390,9.099516592349735e-05,210.64,True,4.0,20250828
LONG,1631,entry,buy,1,1,1292582,2025-08-27 23:16:00,23,1396,9.146410214244426e-05,-114.36,False,4.0,20250828
LONG,1631,exit,sell,1,1,1292586,2025-08-27 23:20:00,23,1400,9.326036874489844e-05,-114.36,False,4.0,20250828
LONG,1632,entry,buy,1,1,1292587,2025-08-27 23:21:00,23,1401,9.389420643407049e-05,-89.36,False,2.0,20250828
LONG,1632,exit,sell,1,1,1292589,2025-08-27 23:23:00,23,1403,9.501828757286028e-05,-89.36,False,2.0,20250828
LONG,1633,entry,buy,1,1,1292594,2025-08-27 23:28:00,23,1408,9.18159195230841e-05,60.64,True,4.0,20250828
LONG,1633,exit,sell,1,1,1292598,2025-08-27 23:32:00,23,1412,9.303075111646111e-05,60.64,True,4.0,20250828
LONG,1634,entry,buy,1,1,1292599,2025-08-27 23:33:00,23,1413,9.21662157794031e-05,15.64,True,1.0,20250828
LONG,1634,exit,sell,1,1,1292600,2025-08-27 23:34:00,23,1414,9.085623908883646e-05,15.64,True,1.0,20250828
LONG,1635,entry,buy,1,1,1292778,2025-08-28 02:32:00,2,152,0.00013052972497243454,265.64,True,196.0,20250828
LONG,1635,exit,sell,1,1,1292974,2025-08-28 05:48:00,5,348,0.00010131422609195802,265.64,True,196.0,20250828
LONG,1636,entry,buy,1,1,1293106,2025-08-28 08:00:00,8,480,0.0001164308206259961,-334.36,False,21.0,20250828
LONG,1636,exit,sell,1,1,1293127,2025-08-28 08:21:00,8,501,9.273602767440973e-05,-334.36,False,21.0,20250828
LONG,1637,entry,buy,1,2,1293138,2025-08-28 08:32:00,8,512,0.00015292341588511702,-428.72,False,79.0,20250828
LONG,1637,exit,sell,1,2,1293217,2025-08-28 09:51:00,9,591,0.0005776851520554636,-428.72,False,79.0,20250828
LONG,1638,entry,buy,1,2,1293375,2025-08-28 12:29:00,12,749,0.0002486362631183074,201.28,True,251.0,20250828
LONG,1638,exit,sell,1,2,1293626,2025-08-28 16:40:00,16,1000,0.00018593478784350133,201.28,True,251.0,20250828
LONG,1639,entry,buy,1,1,1295033,2025-08-31 18:07:00,18,1087,0.00014326090465060265,-114.36,False,246.0,20250901
LONG,1639,exit,sell,1,1,1295279,2025-08-31 22:13:00,22,1333,0.00012461494968587993,-114.36,False,246.0,20250901
LONG,1640,entry,buy,1,1,1295550,2025-09-01 02:44:00,2,164,0.00022119460274799463,-49.36,False,6.0,20250901
LONG,1640,exit,sell,1,1,1295556,2025-09-01 02:50:00,2,170,0.0002677278592926462,-49.36,False,6.0,20250901
LONG,1641,entry,buy,1,1,1295598,2025-09-01 03:32:00,3,212,0.00025791919315698396,-19.36,False,1.0,20250901
LONG,1641,exit,sell,1,1,1295599,2025-09-01 03:33:00,3,213,0.00025827104212642173,-19.36,False,1.0,20250901
LONG,1642,entry,buy,1,1,1295602,2025-09-01 03:36:00,3,216,0.00026006856819018735,50.64,True,1.0,20250901
LONG,1642,exit,sell,1,1,1295603,2025-09-01 03:37:00,3,217,0.0002601348888620299,50.64,True,1.0,20250901
LONG,1643,entry,buy,1,1,1295604,2025-09-01 03:38:00,3,218,0.00025266618763833735,10.64,True,226.0,20250901
LONG,1643,exit,sell,1,1,1295830,2025-09-01 07:24:00,7,444,9.661758948773862e-05,10.64,True,226.0,20250901
LONG,1644,entry,buy,1,2,1308440,2025-09-12 14:35:00,14,875,9.495072594462217e-05,-168.72,False,50.0,20250912
LONG,1644,exit,sell,1,2,1308490,2025-09-12 15:25:00,15,925,0.00011852189509719686,-168.72,False,50.0,20250912
LONG,1645,entry,buy,1,2,1308518,2025-09-12 15:53:00,15,953,0.0001563608256232369,-468.72,False,4.0,20250912
LONG,1645,exit,sell,1,2,1308522,2025-09-12 15:57:00,15,957,0.00016022840469436724,-468.72,False,4.0,20250912
LONG,1646,entry,buy,1,1,1309445,2025-09-15 08:25:00,8,505,0.0001472343341057573,-139.36,False,1.0,20250915
LONG,1646,exit,sell,1,1,1309446,2025-09-15 08:26:00,8,506,0.00015010741187060115,-139.36,False,1.0,20250915
LONG,1647,entry,buy,1,2,1309512,2025-09-15 09:32:00,9,572,0.00015775754511261706,2101.28,True,230.0,20250915
LONG,1647,exit,sell,1,2,1309742,2025-09-15 13:22:00,13,802,0.00013411778165591193,2101.28,True,230.0,20250915
LONG,1648,entry,buy,1,1,1312008,2025-09-17 05:08:00,5,308,0.00023324361691725296,-264.36,False,11.0,20250917
LONG,1648,exit,sell,1,1,1312019,2025-09-17 05:19:00,5,319,0.0002292025503200252,-264.36,False,11.0,20250917
LONG,1649,entry,buy,1,1,1312037,2025-09-17 05:37:00,5,337,0.00017748958330058903,-369.36,False,16.0,20250917
LONG,1649,exit,sell,1,1,1312053,2025-09-17 05:53:00,5,353,0.0001016715976884928,-369.36,False,16.0,20250917
LONG,1650,entry,buy,1,1,1312769,2025-09-17 18:49:00,18,1129,0.00010606035840056857,2665.64,True,851.0,20250918
LONG,1650,exit,sell,1,1,1313620,2025-09-18 09:00:00,9,540,0.00016775614845297062,2665.64,True,851.0,20250918
LONG,1651,entry,buy,1,1,1314197,2025-09-18 19:37:00,19,1177,8.545053642924697e-05,-24.36,False,30.0,20250919
LONG,1651,exit,sell,1,1,1314227,2025-09-18 20:07:00,20,1207,7.91593943361054e-05,-24.36,False,30.0,20250919
LONG,1652,entry,buy,1,1,1314710,2025-09-19 04:10:00,4,250,0.0001610734678784498,985.64,True,326.0,20250919
LONG,1652,exit,sell,1,1,1315036,2025-09-19 09:36:00,9,576,0.00015701651010161712,985.64,True,326.0,20250919
LONG,1653,entry,buy,1,1,1315042,2025-09-19 09:42:00,9,582,0.00017673234952095257,155.64,True,51.0,20250919
LONG,1653,exit,sell,1,1,1315093,2025-09-19 10:33:00,10,633,0.0003138867896741524,155.64,True,51.0,20250919
LONG,1654,entry,buy,1,1,1316411,2025-09-22 09:32:00,9,572,0.000140925939434389,1280.64,True,107.0,20250922
LONG,1654,exit,sell,1,1,1316518,2025-09-22 11:19:00,11,679,0.0001791237396180069,1280.64,True,107.0,20250922
LONG,1655,entry,buy,1,1,1318182,2025-09-23 16:03:00,16,963,0.00021159952345319784,-369.36,False,37.0,20250923
LONG,1655,exit,sell,1,1,1318219,2025-09-23 16:40:00,16,1000,0.00018177423839572327,-369.36,False,37.0,20250923
LONG,1656,entry,buy,1,2,1325073,2025-09-30 15:54:00,15,954,0.0002479724864000043,-1148.72,False,8.0,20250930
LONG,1656,exit,sell,1,2,1325081,2025-09-30 16:02:00,16,962,0.00026527741203284617,-1148.72,False,8.0,20250930
LONG,1657,entry,buy,1,1,1325826,2025-10-01 05:27:00,5,327,0.00017531374934763466,-649.36,False,66.0,20251001
LONG,1657,exit,sell,1,1,1325892,2025-10-01 06:33:00,6,393,0.00013889556026306876,-649.36,False,66.0,20251001
LONG,1658,entry,buy,1,1,1325935,2025-10-01 07:16:00,7,436,0.00016208311345924104,-249.36,False,60.0,20251001
LONG,1658,exit,sell,1,1,1325995,2025-10-01 08:16:00,8,496,0.00020236308812571056,-249.36,False,60.0,20251001
LONG,1659,entry,buy,1,1,1326071,2025-10-01 09:32:00,9,572,0.0003440526885686478,-1359.36,False,18.0,20251001
LONG,1659,exit,sell,1,1,1326089,2025-10-01 09:50:00,9,590,0.0004482055725357228,-1359.36,False,18.0,20251001
LONG,1660,entry,buy,1,1,1329285,2025-10-05 18:06:00,18,1086,0.00011408031678720692,-349.36,False,6.0,20251006
LONG,1660,exit,sell,1,1,1329291,2025-10-05 18:12:00,18,1092,0.0001239522182238901,-349.36,False,6.0,20251006
LONG,1661,entry,buy,1,1,1329295,2025-10-05 18:16:00,18,1096,0.0001347581562406133,535.64,True,567.0,20251006
LONG,1661,exit,sell,1,1,1329862,2025-10-06 03:43:00,3,223,0.00016291499963087832,535.64,True,567.0,20251006
LONG,1662,entry,buy,1,1,1329863,2025-10-06 03:44:00,3,224,0.00017159422473679792,2410.64,True,348.0,20251006
LONG,1662,exit,sell,1,1,1330211,2025-10-06 09:32:00,9,572,0.0001882998664198542,2410.64,True,348.0,20251006
LONG,1663,entry,buy,1,1,1331501,2025-10-07 08:02:00,8,482,8.102325850169799e-05,-89.36,False,7.0,20251007
LONG,1663,exit,sell,1,1,1331508,2025-10-07 08:09:00,8,489,8.786212012946194e-05,-89.36,False,7.0,20251007
LONG,1664,entry,buy,1,1,1331516,2025-10-07 08:17:00,8,497,9.716882860470306e-05,-9.36,False,3.0,20251007
LONG,1664,exit,sell,1,1,1331519,2025-10-07 08:20:00,8,500,9.599642282501099e-05,-9.36,False,3.0,20251007
LONG,1665,entry,buy,1,1,1331520,2025-10-07 08:21:00,8,501,9.382451282858534e-05,90.64,True,1.0,20251007
LONG,1665,exit,sell,1,1,1331521,2025-10-07 08:22:00,8,502,9.627314283756256e-05,90.64,True,1.0,20251007
LONG,1666,entry,buy,1,1,1331522,2025-10-07 08:23:00,8,503,9.571074947118626e-05,630.64,True,52.0,20251007
LONG,1666,exit,sell,1,1,1331574,2025-10-07 09:15:00,9,555,0.00013700328476746435,630.64,True,52.0,20251007
LONG,1667,entry,buy,1,1,1331596,2025-10-07 09:37:00,9,577,0.00016383290919164852,-54.36,False,7.0,20251007
LONG,1667,exit,sell,1,1,1331603,2025-10-07 09:44:00,9,584,0.00017500231206704655,-54.36,False,7.0,20251007
LONG,1668,entry,buy,1,1,1331604,2025-10-07 09:45:00,9,585,0.00017501536330302668,-109.36,False,2.0,20251007
LONG,1668,exit,sell,1,1,1331606,2025-10-07 09:47:00,9,587,0.00018711451245461775,-109.36,False,2.0,20251007
LONG,1669,entry,buy,1,1,1331607,2025-10-07 09:48:00,9,588,0.00018821923459139443,90.64,True,1.0,20251007
LONG,1669,exit,sell,1,1,1331608,2025-10-07 09:49:00,9,589,0.00019016976237666035,90.64,True,1.0,20251007
LONG,1670,entry,buy,1,1,1331610,2025-10-07 09:51:00,9,591,0.0002023946298423005,-59.36,False,1.0,20251007
LONG,1670,exit,sell,1,1,1331611,2025-10-07 09:52:00,9,592,0.00019803511702910033,-59.36,False,1.0,20251007
LONG,1671,entry,buy,1,1,1331616,2025-10-07 09:57:00,9,597,0.000214856720650059,-294.36,False,2.0,20251007
LONG,1671,exit,sell,1,1,1331618,2025-10-07 09:59:00,9,599,0.0002209172237553202,-294.36,False,2.0,20251007
LONG,1672,entry,buy,1,1,1331976,2025-10-07 15:57:00,15,957,0.00014200632582403395,100.64,True,43.0,20251007
LONG,1672,exit,sell,1,1,1332019,2025-10-07 16:40:00,16,1000,0.00016304379776518391,100.64,True,43.0,20251007
LONG,1673,entry,buy,1,2,1332998,2025-10-08 09:59:00,9,599,0.0002611487798333831,591.28,True,24.0,20251008
LONG,1673,exit,sell,1,2,1333022,2025-10-08 10:23:00,10,623,0.00030429025590514655,591.28,True,24.0,20251008
LONG,1674,entry,buy,1,2,1333085,2025-10-08 11:26:00,11,686,0.00023307234752862043,-138.72,False,83.0,20251008
LONG,1674,exit,sell,1,2,1333168,2025-10-08 12:49:00,12,769,0.0001357899312369535,-138.72,False,83.0,20251008
LONG,1675,entry,buy,1,2,1333213,2025-10-08 13:34:00,13,814,0.0001118916221100614,2731.28,True,143.0,20251008
LONG,1675,exit,sell,1,2,1333356,2025-10-08 15:57:00,15,957,0.00012045971094104142,2731.28,True,143.0,20251008
LONG,1676,entry,buy,1,1,1336180,2025-10-12 18:01:00,18,1081,0.0008364239425013931,1000.64,True,933.0,20251013
LONG,1676,exit,sell,1,1,1337113,2025-10-13 09:34:00,9,574,0.0004218809816376362,1000.64,True,933.0,20251013
LONG,1677,entry,buy,1,1,1338545,2025-10-14 10:27:00,10,627,0.0006637781075257219,1565.64,True,311.0,20251014
LONG,1677,exit,sell,1,1,1338856,2025-10-14 15:38:00,15,938,0.0005202204966910487,1565.64,True,311.0,20251014
LONG,1678,entry,buy,1,1,1338940,2025-10-14 18:02:00,18,1082,0.0002846073384747337,-1099.36,False,17.0,20251015
LONG,1678,exit,sell,1,1,1338957,2025-10-14 18:19:00,18,1099,0.0002590081623537355,-1099.36,False,17.0,20251015
LONG,1679,entry,buy,1,1,1338961,2025-10-14 18:23:00,18,1103,0.0002523056543365912,110.64,True,105.0,20251015
LONG,1679,exit,sell,1,1,1339066,2025-10-14 20:08:00,20,1208,0.0001895734329254874,110.64,True,105.0,20251015
LONG,1680,entry,buy,1,1,1339067,2025-10-14 20:09:00,20,1209,0.00018337350286456801,-419.36,False,2.0,20251015
LONG,1680,exit,sell,1,1,1339069,2025-10-14 20:11:00,20,1211,0.00019334168680237312,-419.36,False,2.0,20251015
LONG,1681,entry,buy,1,2,1341250,2025-10-16 09:32:00,9,572,0.000294752079809394,-1618.72,False,5.0,20251016
LONG,1681,exit,sell,1,2,1341255,2025-10-16 09:37:00,9,577,0.0003347652363461292,-1618.72,False,5.0,20251016
LONG,1682,entry,buy,1,1,1342651,2025-10-17 09:53:00,9,593,0.0006975794570735976,-574.36,False,8.0,20251017
LONG,1682,exit,sell,1,1,1342659,2025-10-17 10:01:00,10,601,0.0007659200916413358,-574.36,False,8.0,20251017
LONG,1683,entry,buy,1,1,1342670,2025-10-17 10:12:00,10,612,0.0008755318250449661,-424.36,False,23.0,20251017
LONG,1683,exit,sell,1,1,1342693,2025-10-17 10:35:00,10,635,0.0009112052781220537,-424.36,False,23.0,20251017
LONG,1684,entry,buy,1,1,1342772,2025-10-17 11:54:00,11,714,0.0006451241109341985,110.64,True,78.0,20251017
LONG,1684,exit,sell,1,1,1342850,2025-10-17 13:12:00,13,792,0.0005268526377995642,110.64,True,78.0,20251017
LONG,1685,entry,buy,1,2,1342904,2025-10-17 14:06:00,14,846,0.0005165552498396624,981.28,True,116.0,20251017
LONG,1685,exit,sell,1,2,1343020,2025-10-17 16:02:00,16,962,0.00035364533144373344,981.28,True,116.0,20251017
LONG,1686,entry,buy,1,2,1343021,2025-10-17 16:03:00,16,963,0.0003525223792066824,1231.28,True,37.0,20251017
LONG,1686,exit,sell,1,2,1343058,2025-10-17 16:40:00,16,1000,0.00024101485594888215,1231.28,True,37.0,20251017
LONG,1687,entry,buy,1,2,1346197,2025-10-21 23:59:00,23,1439,0.00011061093067120608,551.28,True,101.0,20251022
LONG,1687,exit,sell,1,2,1346298,2025-10-22 01:40:00,1,100,0.00010432703681752741,551.28,True,101.0,20251022
LONG,1688,entry,buy,1,2,1346344,2025-10-22 02:26:00,2,146,0.00011649423618496575,-668.72,False,35.0,20251022
LONG,1688,exit,sell,1,2,1346379,2025-10-22 03:01:00,3,181,0.00013817588635562053,-668.72,False,35.0,20251022
LONG,1689,entry,buy,1,1,1346554,2025-10-22 05:56:00,5,356,0.00013856644458673872,195.64,True,66.0,20251022
LONG,1689,exit,sell,1,1,1346620,2025-10-22 07:02:00,7,422,0.00011600357663551449,195.64,True,66.0,20251022
LONG,1690,entry,buy,1,1,1346686,2025-10-22 08:08:00,8,488,0.00024401228314360589,-639.36,False,83.0,20251022
LONG,1690,exit,sell,1,1,1346769,2025-10-22 09:31:00,9,571,0.0002754649482000646,-639.36,False,83.0,20251022
LONG,1691,entry,buy,1,1,1349979,2025-10-26 18:01:00,18,1081,0.00010387155007208464,5500.64,True,1359.0,20251027
LONG,1691,exit,sell,1,1,1351338,2025-10-27 16:40:00,16,1000,0.0001580520052323906,5500.64,True,1359.0,20251027
LONG,1692,entry,buy,1,2,1352960,2025-10-28 21:42:00,21,1302,8.899074820743954e-05,2201.28,True,431.0,20251029
LONG,1692,exit,sell,1,2,1353391,2025-10-29 04:53:00,4,293,0.0001478907895666428,2201.28,True,431.0,20251029
LONG,1693,entry,buy,1,1,1354261,2025-10-29 20:23:00,20,1223,0.00023641723289800548,295.64,True,227.0,20251030
LONG,1693,exit,sell,1,1,1354488,2025-10-30 00:10:00,0,10,0.00020314912330519178,295.64,True,227.0,20251030
LONG,1694,entry,buy,1,1,1354515,2025-10-30 00:37:00,0,37,0.000693252171636521,-979.36,False,7.0,20251030
LONG,1694,exit,sell,1,1,1354522,2025-10-30 00:44:00,0,44,0.0007512838221953661,-979.36,False,7.0,20251030
LONG,1695,entry,buy,1,1,1354564,2025-10-30 01:26:00,1,86,0.0005852542956065875,-324.36,False,23.0,20251030
LONG,1695,exit,sell,1,1,1354587,2025-10-30 01:49:00,1,109,0.0003210424813982614,-324.36,False,23.0,20251030
LONG,1696,entry,buy,1,1,1354675,2025-10-30 03:17:00,3,197,0.0002723771928300282,-869.36,False,58.0,20251030
LONG,1696,exit,sell,1,1,1354733,2025-10-30 04:15:00,4,255,0.00023785455738768819,-869.36,False,58.0,20251030
LONG,1697,entry,buy,1,1,1356880,2025-11-02 18:02:00,18,1082,0.00016251416468523588,-579.36,False,523.0,20251103
LONG,1697,exit,sell,1,1,1357403,2025-11-03 02:45:00,2,165,0.00018389920667677813,-579.36,False,523.0,20251103
LONG,1698,entry,buy,1,1,1357412,2025-11-03 02:54:00,2,174,0.00016648755986247644,-234.36,False,2.0,20251103
LONG,1698,exit,sell,1,1,1357414,2025-11-03 02:56:00,2,176,0.0001688336370438997,-234.36,False,2.0,20251103
LONG,1699,entry,buy,1,1,1357417,2025-11-03 02:59:00,2,179,0.00017172404851077696,-109.36,False,2.0,20251103
LONG,1699,exit,sell,1,1,1357419,2025-11-03 03:01:00,3,181,0.0001700410345350305,-109.36,False,2.0,20251103
LONG,1700,entry,buy,1,1,1357424,2025-11-03 03:06:00,3,186,0.0001662748089956341,2740.64,True,394.0,20251103
LONG,1700,exit,sell,1,1,1357818,2025-11-03 09:40:00,9,580,0.000344874077156566,2740.64,True,394.0,20251103
LONG,1701,entry,buy,1,1,1359209,2025-11-04 09:51:00,9,591,0.0005587885755227362,335.64,True,61.0,20251104
LONG,1701,exit,sell,1,1,1359270,2025-11-04 10:52:00,10,652,0.0003581172732287716,335.64,True,61.0,20251104
LONG,1702,entry,buy,1,2,1359865,2025-11-04 21:47:00,21,1307,0.00040938936257902325,2381.28,True,314.0,20251105
LONG,1702,exit,sell,1,2,1360179,2025-11-05 03:01:00,3,181,0.0002710559740155771,2381.28,True,314.0,20251105
LONG,1703,entry,buy,1,1,1361063,2025-11-05 18:45:00,18,1125,0.00022716377238813317,-764.36,False,28.0,20251106
LONG,1703,exit,sell,1,1,1361091,2025-11-05 19:13:00,19,1153,0.0002294503645459146,-764.36,False,28.0,20251106
LONG,1704,entry,buy,1,1,1361275,2025-11-05 22:17:00,22,1337,0.00015349832902402158,-199.36,False,2.0,20251106
LONG,1704,exit,sell,1,1,1361277,2025-11-05 22:19:00,22,1339,0.0001599683378987886,-199.36,False,2.0,20251106
LONG,1705,entry,buy,1,1,1361340,2025-11-05 23:22:00,23,1402,0.00015924032434166401,-1129.36,False,127.0,20251106
LONG,1705,exit,sell,1,1,1361467,2025-11-06 01:29:00,1,89,0.00015520414557464076,-1129.36,False,127.0,20251106
LONG,1706,entry,buy,1,1,1362956,2025-11-07 03:18:00,3,198,0.0001975351209161381,-1349.36,False,18.0,20251107
LONG,1706,exit,sell,1,1,1362974,2025-11-07 03:36:00,3,216,0.0002204505194168983,-1349.36,False,18.0,20251107
LONG,1707,entry,buy,1,1,1370237,2025-11-14 09:39:00,9,579,0.000701210475402923,1315.64,True,34.0,20251114
LONG,1707,exit,sell,1,1,1370271,2025-11-14 10:13:00,10,613,0.0009238672690554041,1315.64,True,34.0,20251114
LONG,1708,entry,buy,1,1,1370715,2025-11-16 18:37:00,18,1117,0.0003592498138630282,-934.36,False,47.0,20251117
LONG,1708,exit,sell,1,1,1370762,2025-11-16 19:24:00,19,1164,0.00033372190565292433,-934.36,False,47.0,20251117
LONG,1709,entry,buy,1,1,1370763,2025-11-16 19:25:00,19,1165,0.00033327411876753616,250.64,True,1.0,20251117
LONG,1709,exit,sell,1,1,1370764,2025-11-16 19:26:00,19,1166,0.00033621410426184524,250.64,True,1.0,20251117
LONG,1710,entry,buy,1,1,1370765,2025-11-16 19:27:00,19,1167,0.00033826550931044264,1705.64,True,603.0,20251117
LONG,1710,exit,sell,1,1,1371368,2025-11-17 05:30:00,5,330,0.0002695583229396754,1705.64,True,603.0,20251117
LONG,1711,entry,buy,1,2,1374121,2025-11-19 05:23:00,5,323,0.00016686124344374165,81.28,True,1.0,20251119
LONG,1711,exit,sell,1,2,1374122,2025-11-19 05:24:00,5,324,0.00016560752521681277,81.28,True,1.0,20251119
LONG,1712,entry,buy,1,2,1374123,2025-11-19 05:25:00,5,325,0.00016627201030728134,-248.72,False,7.0,20251119
LONG,1712,exit,sell,1,2,1374130,2025-11-19 05:32:00,5,332,0.0001699736011868963,-248.72,False,7.0,20251119
LONG,1713,entry,buy,1,2,1374138,2025-11-19 05:40:00,5,340,0.00020096199359110543,-268.72,False,1.0,20251119
LONG,1713,exit,sell,1,2,1374139,2025-11-19 05:41:00,5,341,0.00020763330572056384,-268.72,False,1.0,20251119
LONG,1714,entry,buy,1,2,1374144,2025-11-19 05:46:00,5,346,0.00020254563686587063,371.28,True,32.0,20251119
LONG,1714,exit,sell,1,2,1374176,2025-11-19 06:18:00,6,378,0.00025557752663256844,371.28,True,32.0,20251119
LONG,1715,entry,buy,1,2,1374177,2025-11-19 06:19:00,6,379,0.00025532102071751286,-288.72,False,12.0,20251119
LONG,1715,exit,sell,1,2,1374189,2025-11-19 06:31:00,6,391,0.0002480874579979918,-288.72,False,12.0,20251119
LONG,1716,entry,buy,1,2,1374201,2025-11-19 06:43:00,6,403,0.00022539804035264522,-278.72,False,1.0,20251119
LONG,1716,exit,sell,1,2,1374202,2025-11-19 06:44:00,6,404,0.0002301113519581444,-278.72,False,1.0,20251119
LONG,1717,entry,buy,1,2,1374210,2025-11-19 06:52:00,6,412,0.00022542071513963877,-138.72,False,1.0,20251119
LONG,1717,exit,sell,1,2,1374211,2025-11-19 06:53:00,6,413,0.00022560575171164972,-138.72,False,1.0,20251119
LONG,1718,entry,buy,1,2,1374232,2025-11-19 07:14:00,7,434,0.00022497084054837828,41.28,True,8.0,20251119
LONG,1718,exit,sell,1,2,1374240,2025-11-19 07:22:00,7,442,0.00022556823028860223,41.28,True,8.0,20251119
LONG,1719,entry,buy,1,2,1374241,2025-11-19 07:23:00,7,443,0.00023045163499442757,-418.72,False,5.0,20251119
LONG,1719,exit,sell,1,2,1374246,2025-11-19 07:28:00,7,448,0.00023781089173053032,-418.72,False,5.0,20251119
LONG,1720,entry,buy,1,2,1374248,2025-11-19 07:30:00,7,450,0.00023689060501275687,221.28,True,25.0,20251119
LONG,1720,exit,sell,1,2,1374273,2025-11-19 07:55:00,7,475,0.00021617444367511108,221.28,True,25.0,20251119
LONG,1721,entry,buy,1,2,1374326,2025-11-19 08:48:00,8,528,0.0002903600811190858,-318.72,False,1.0,20251119
LONG,1721,exit,sell,1,2,1374327,2025-11-19 08:49:00,8,529,0.0002919635956424391,-318.72,False,1.0,20251119
LONG,1722,entry,buy,1,1,1374374,2025-11-19 09:36:00,9,576,0.0003810966821843431,940.64,True,98.0,20251119
LONG,1722,exit,sell,1,1,1374472,2025-11-19 11:14:00,11,674,0.0005438637375556101,940.64,True,98.0,20251119
LONG,1723,entry,buy,1,1,1374473,2025-11-19 11:15:00,11,675,0.0005437875154285102,325.64,True,1.0,20251119
LONG,1723,exit,sell,1,1,1374474,2025-11-19 11:16:00,11,676,0.0005233026596617059,325.64,True,1.0,20251119
LONG,1724,entry,buy,1,1,1374475,2025-11-19 11:17:00,11,677,0.00052168795898743,-719.36,False,10.0,20251119
LONG,1724,exit,sell,1,1,1374485,2025-11-19 11:27:00,11,687,0.0005116746593451688,-719.36,False,10.0,20251119
LONG,1725,entry,buy,1,1,1374486,2025-11-19 11:28:00,11,688,0.0005129713692175726,-584.36,False,10.0,20251119
LONG,1725,exit,sell,1,1,1374496,2025-11-19 11:38:00,11,698,0.0005238078401161984,-584.36,False,10.0,20251119
LONG,1726,entry,buy,1,1,1374497,2025-11-19 11:39:00,11,699,0.0005224621258752558,-124.36,False,3.0,20251119
LONG,1726,exit,sell,1,1,1374500,2025-11-19 11:42:00,11,702,0.0005229947385367419,-124.36,False,3.0,20251119
LONG,1727,entry,buy,1,2,1376294,2025-11-20 19:36:00,19,1176,0.00032010629951105014,-2548.72,False,230.0,20251121
LONG,1727,exit,sell,1,2,1376524,2025-11-20 23:26:00,23,1406,0.0003823957949780326,-2548.72,False,230.0,20251121
LONG,1728,entry,buy,1,1,1377579,2025-11-23 18:01:00,18,1081,0.000246733465365744,-634.36,False,32.0,20251124
LONG,1728,exit,sell,1,1,1377611,2025-11-23 18:33:00,18,1113,0.00031093090489026163,-634.36,False,32.0,20251124
LONG,1729,entry,buy,1,1,1377612,2025-11-23 18:34:00,18,1114,0.0003110855561798647,-84.36,False,4.0,20251124
LONG,1729,exit,sell,1,1,1377616,2025-11-23 18:38:00,18,1118,0.0003098991378249059,-84.36,False,4.0,20251124
LONG,1730,entry,buy,1,1,1377621,2025-11-23 18:43:00,18,1123,0.000315531037682753,-84.36,False,2.0,20251124
LONG,1730,exit,sell,1,1,1377623,2025-11-23 18:45:00,18,1125,0.00031470333974734825,-84.36,False,2.0,20251124
LONG,1731,entry,buy,1,1,1377626,2025-11-23 18:48:00,18,1128,0.0003033073986211886,-424.36,False,7.0,20251124
LONG,1731,exit,sell,1,1,1377633,2025-11-23 18:55:00,18,1135,0.00029816134552507515,-424.36,False,7.0,20251124
LONG,1732,entry,buy,1,1,1378105,2025-11-24 02:47:00,2,167,0.00019724307681346007,70.64,True,1.0,20251124
LONG,1732,exit,sell,1,1,1378106,2025-11-24 02:48:00,2,168,0.00019763168179090805,70.64,True,1.0,20251124
LONG,1733,entry,buy,1,1,1378107,2025-11-24 02:49:00,2,169,0.0001960032983696342,-189.36,False,8.0,20251124
LONG,1733,exit,sell,1,1,1378115,2025-11-24 02:57:00,2,177,0.00020769537774643806,-189.36,False,8.0,20251124
LONG,1734,entry,buy,1,1,1382992,2025-11-27 20:14:00,20,1214,0.00012123780890085764,-214.36,False,19.0,20251127
LONG,1734,exit,sell,1,1,1383011,2025-11-27 20:33:00,20,1233,0.0001220985701916315,-214.36,False,19.0,20251127
LONG,1735,entry,buy,1,1,1384893,2025-12-01 20:27:00,20,1227,0.00016736151944837568,-724.36,False,36.0,20251202
LONG,1735,exit,sell,1,1,1384929,2025-12-01 21:03:00,21,1263,0.00019656249510684588,-724.36,False,36.0,20251202
LONG,1736,entry,buy,1,1,1385042,2025-12-01 22:56:00,22,1376,0.00016052600469680994,-614.36,False,63.0,20251202
LONG,1736,exit,sell,1,1,1385105,2025-12-01 23:59:00,23,1439,9.948558728368426e-05,-614.36,False,63.0,20251202
LONG,1737,entry,buy,1,1,1390452,2025-12-07 21:06:00,21,1266,9.303671287433348e-05,-59.36,False,1.0,20251208
LONG,1737,exit,sell,1,1,1390453,2025-12-07 21:07:00,21,1267,9.193277908358826e-05,-59.36,False,1.0,20251208
LONG,1738,entry,buy,1,1,1390457,2025-12-07 21:11:00,21,1271,9.046819261205527e-05,0.6399999999999997,True,1.0,20251208
LONG,1738,exit,sell,1,1,1390458,2025-12-07 21:12:00,21,1272,9.046808600983116e-05,0.6399999999999997,True,1.0,20251208
LONG,1739,entry,buy,1,1,1390459,2025-12-07 21:13:00,21,1273,9.126052810080784e-05,85.64,True,36.0,20251208
LONG,1739,exit,sell,1,1,1390495,2025-12-07 21:49:00,21,1309,8.547555955411495e-05,85.64,True,36.0,20251208
LONG,1740,entry,buy,1,1,1390496,2025-12-07 21:50:00,21,1310,8.487499480662811e-05,-69.36,False,2.0,20251208
LONG,1740,exit,sell,1,1,1390498,2025-12-07 21:52:00,21,1312,8.460048300389835e-05,-69.36,False,2.0,20251208
LONG,1741,entry,buy,1,1,1390500,2025-12-07 21:54:00,21,1314,8.301305854349023e-05,65.64,True,3.0,20251208
LONG,1741,exit,sell,1,1,1390503,2025-12-07 21:57:00,21,1317,8.246075520195556e-05,65.64,True,3.0,20251208
LONG,1742,entry,buy,1,1,1390504,2025-12-07 21:58:00,21,1318,8.323982878619929e-05,60.64,True,244.0,20251208
LONG,1742,exit,sell,1,1,1390748,2025-12-08 02:02:00,2,122,9.411735697653234e-05,60.64,True,244.0,20251208
LONG,1743,entry,buy,1,1,1390755,2025-12-08 02:09:00,2,129,9.876197646832684e-05,75.64,True,54.0,20251208
LONG,1743,exit,sell,1,1,1390809,2025-12-08 03:03:00,3,183,0.00012186513056088837,75.64,True,54.0,20251208
LONG,1744,entry,buy,1,1,1390810,2025-12-08 03:04:00,3,184,0.00012137428772540457,-19.36,False,7.0,20251208
LONG,1744,exit,sell,1,1,1390817,2025-12-08 03:11:00,3,191,0.00011624899305362401,-19.36,False,7.0,20251208
LONG,1745,entry,buy,1,1,1390818,2025-12-08 03:12:00,3,192,0.00011643656707800403,25.64,True,1.0,20251208
LONG,1745,exit,sell,1,1,1390819,2025-12-08 03:13:00,3,193,0.0001164615311277993,25.64,True,1.0,20251208
LONG,1746,entry,buy,1,1,1390820,2025-12-08 03:14:00,3,194,0.00011839620203689852,20.64,True,1.0,20251208
LONG,1746,exit,sell,1,1,1390821,2025-12-08 03:15:00,3,195,0.00011779743648509724,20.64,True,1.0,20251208
LONG,1747,entry,buy,1,1,1390823,2025-12-08 03:17:00,3,197,0.00011513614450853544,-184.36,False,3.0,20251208
LONG,1747,exit,sell,1,1,1390826,2025-12-08 03:20:00,3,200,0.00011680055950704952,-184.36,False,3.0,20251208
LONG,1748,entry,buy,1,1,1390828,2025-12-08 03:22:00,3,202,0.00011770613698279302,-169.36,False,6.0,20251208
LONG,1748,exit,sell,1,1,1390834,2025-12-08 03:28:00,3,208,0.0001225272104500383,-169.36,False,6.0,20251208
LONG,1749,entry,buy,1,1,1391199,2025-12-08 09:33:00,9,573,0.00022310662096314466,-714.36,False,11.0,20251208
LONG,1749,exit,sell,1,1,1391210,2025-12-08 09:44:00,9,584,0.0003028116428707511,-714.36,False,11.0,20251208
LONG,1750,entry,buy,1,1,1391211,2025-12-08 09:45:00,9,585,0.000302283493766166,-464.36,False,3.0,20251208
LONG,1750,exit,sell,1,1,1391214,2025-12-08 09:48:00,9,588,0.00031479555891504975,-464.36,False,3.0,20251208
LONG,1751,entry,buy,1,1,1393541,2025-12-10 02:35:00,2,155,8.465467875521003e-05,-74.36,False,59.0,20251210
LONG,1751,exit,sell,1,1,1393600,2025-12-10 03:34:00,3,214,0.00011255930389385803,-74.36,False,59.0,20251210
LONG,1752,entry,buy,1,2,1393605,2025-12-10 03:39:00,3,219,0.00012052005914821491,-498.72,False,11.0,20251210
LONG,1752,exit,sell,1,2,1393616,2025-12-10 03:50:00,3,230,0.00012865980082896127,-498.72,False,11.0,20251210
LONG,1753,entry,buy,1,1,1393748,2025-12-10 06:02:00,6,362,0.00018872302872703883,75.64,True,20.0,20251210
LONG,1753,exit,sell,1,1,1393768,2025-12-10 06:22:00,6,382,0.00020724008151275564,75.64,True,20.0,20251210
LONG,1754,entry,buy,1,1,1393887,2025-12-10 08:21:00,8,501,0.0001387781023736793,-104.36,False,27.0,20251210
LONG,1754,exit,sell,1,1,1393914,2025-12-10 08:48:00,8,528,0.00015274985448464332,-104.36,False,27.0,20251210
LONG,1755,entry,buy,1,1,1394282,2025-12-10 14:56:00,14,896,0.0008184647824714795,-574.36,False,73.0,20251210
LONG,1755,exit,sell,1,1,1394355,2025-12-10 16:09:00,16,969,0.00030844226547488,-574.36,False,73.0,20251210
LONG,1756,entry,buy,1,1,1395723,2025-12-11 15:57:00,15,957,0.00025023182221449143,2425.64,True,43.0,20251211
LONG,1756,exit,sell,1,1,1395766,2025-12-11 16:40:00,16,1000,0.000449047633137938,2425.64,True,43.0,20251211
LONG,1757,entry,buy,1,1,1397282,2025-12-14 19:56:00,19,1196,0.00014125641568869988,120.64,True,427.0,20251215
LONG,1757,exit,sell,1,1,1397709,2025-12-15 03:03:00,3,183,0.000134805570043821,120.64,True,427.0,20251215
LONG,1758,entry,buy,1,1,1397714,2025-12-15 03:08:00,3,188,0.0001475308497874177,-59.36,False,1.0,20251215
LONG,1758,exit,sell,1,1,1397715,2025-12-15 03:09:00,3,189,0.00014894598094802826,-59.36,False,1.0,20251215
LONG,1759,entry,buy,1,2,1397750,2025-12-15 03:44:00,3,224,0.00017325167008025382,-138.72,False,3.0,20251215
LONG,1759,exit,sell,1,2,1397753,2025-12-15 03:47:00,3,227,0.00017116237833326338,-138.72,False,3.0,20251215
LONG,1760,entry,buy,1,2,1397757,2025-12-15 03:51:00,3,231,0.00016942114684244622,-438.72,False,5.0,20251215
LONG,1760,exit,sell,1,2,1397762,2025-12-15 03:56:00,3,236,0.00016703651701175707,-438.72,False,5.0,20251215
LONG,1761,entry,buy,1,2,1397766,2025-12-15 04:00:00,4,240,0.00016055278636876723,-358.72,False,2.0,20251215
LONG,1761,exit,sell,1,2,1397768,2025-12-15 04:02:00,4,242,0.00016206599432501274,-358.72,False,2.0,20251215
LONG,1762,entry,buy,1,2,1397772,2025-12-15 04:06:00,4,246,0.0001545825153126136,2081.28,True,328.0,20251215
LONG,1762,exit,sell,1,2,1398100,2025-12-15 09:34:00,9,574,0.00029539341077371395,2081.28,True,328.0,20251215
LONG,1763,entry,buy,1,1,1399131,2025-12-16 03:45:00,3,225,0.00023519968078122082,-444.36,False,71.0,20251216
LONG,1763,exit,sell,1,1,1399202,2025-12-16 04:56:00,4,296,0.00020039193587309624,-444.36,False,71.0,20251216
LONG,1764,entry,buy,1,1,1399221,2025-12-16 05:15:00,5,315,0.00021903082368005357,1125.64,True,177.0,20251216
LONG,1764,exit,sell,1,1,1399398,2025-12-16 08:12:00,8,492,0.00018508595455410338,1125.64,True,177.0,20251216
LONG,1765,entry,buy,1,1,1399401,2025-12-16 08:15:00,8,495,0.0001906253912434397,75.64,True,2.0,20251216
LONG,1765,exit,sell,1,1,1399403,2025-12-16 08:17:00,8,497,0.00019425961992610398,75.64,True,2.0,20251216
LONG,1766,entry,buy,1,1,1399404,2025-12-16 08:18:00,8,498,0.00019917778421917317,-134.36,False,1.0,20251216
LONG,1766,exit,sell,1,1,1399405,2025-12-16 08:19:00,8,499,0.00020050887672196517,-134.36,False,1.0,20251216
LONG,1767,entry,buy,1,1,1399412,2025-12-16 08:26:00,8,506,0.00022989609659885088,-449.36,False,13.0,20251216
LONG,1767,exit,sell,1,1,1399425,2025-12-16 08:39:00,8,519,0.0004752522034992994,-449.36,False,13.0,20251216
LONG,1768,entry,buy,1,1,1399478,2025-12-16 09:32:00,9,572,0.0005995433416692276,65.64,True,409.0,20251216
LONG,1768,exit,sell,1,1,1399887,2025-12-16 16:21:00,16,981,0.0003278793782567326,65.64,True,409.0,20251216
LONG,1769,entry,buy,1,2,1400361,2025-12-17 01:15:00,1,75,0.00015905481841532797,2161.28,True,420.0,20251217
LONG,1769,exit,sell,1,2,1400781,2025-12-17 08:15:00,8,495,0.00020225664677786106,2161.28,True,420.0,20251217
LONG,1770,entry,buy,1,2,1402238,2025-12-18 09:32:00,9,572,0.00034486521210391546,-2878.72,False,4.0,20251218
LONG,1770,exit,sell,1,2,1402242,2025-12-18 09:36:00,9,576,0.00040290703378881336,-2878.72,False,4.0,20251218
LONG,1771,entry,buy,1,1,1402953,2025-12-18 22:27:00,22,1347,0.0002454333969428956,385.64,True,463.0,20251219
LONG,1771,exit,sell,1,1,1403416,2025-12-19 06:10:00,6,370,0.00014368768572734907,385.64,True,463.0,20251219
LONG,1772,entry,buy,1,2,1403440,2025-12-19 06:34:00,6,394,0.00018557705797679538,-1468.72,False,34.0,20251219
LONG,1772,exit,sell,1,2,1403474,2025-12-19 07:08:00,7,428,0.0002212467289521792,-1468.72,False,34.0,20251219
LONG,1773,entry,buy,1,1,1403546,2025-12-19 08:20:00,8,500,0.00019078547209291653,35.64,True,14.0,20251219
LONG,1773,exit,sell,1,1,1403560,2025-12-19 08:34:00,8,514,0.00018067810526334338,35.64,True,14.0,20251219
LONG,1774,entry,buy,1,1,1403561,2025-12-19 08:35:00,8,515,0.0001811486335880436,65.64,True,1.0,20251219
LONG,1774,exit,sell,1,1,1403562,2025-12-19 08:36:00,8,516,0.000179051210340238,65.64,True,1.0,20251219
LONG,1775,entry,buy,1,1,1403563,2025-12-19 08:37:00,8,517,0.0001779829401051401,5440.64,True,483.0,20251219
LONG,1775,exit,sell,1,1,1404046,2025-12-19 16:40:00,16,1000,0.00021182868029844367,5440.64,True,483.0,20251219
LONG,1776,entry,buy,1,1,1407973,2025-12-25 18:03:00,18,1083,0.0001575145302645745,10.64,True,9.0,20251226
LONG,1776,exit,sell,1,1,1407982,2025-12-25 18:12:00,18,1092,0.0001645252496702536,10.64,True,9.0,20251226
LONG,1777,entry,buy,1,1,1407986,2025-12-25 18:16:00,18,1096,0.00016948596647460066,-69.36,False,1.0,20251226
LONG,1777,exit,sell,1,1,1407987,2025-12-25 18:17:00,18,1097,0.00016940922892779768,-69.36,False,1.0,20251226
LONG,1778,entry,buy,1,1,1410283,2025-12-29 09:36:00,9,576,0.00031924795949768133,255.64,True,10.0,20251229
LONG,1778,exit,sell,1,1,1410293,2025-12-29 09:46:00,9,586,0.0005109352260906754,255.64,True,10.0,20251229
LONG,1779,entry,buy,1,1,1413489,2026-01-01 18:02:00,18,1082,0.00014478566167387515,4055.64,True,918.0,20260102
LONG,1779,exit,sell,1,1,1414407,2026-01-02 09:20:00,9,560,0.00015107600932279838,4055.64,True,918.0,20260102
LONG,1780,entry,buy,1,2,1416577,2026-01-05 23:31:00,23,1411,7.548535038562747e-05,-158.72,False,210.0,20260106
LONG,1780,exit,sell,1,2,1416787,2026-01-06 03:01:00,3,181,8.873343389914402e-05,-158.72,False,210.0,20260106
LONG,1781,entry,buy,1,1,1416843,2026-01-06 03:57:00,3,237,0.00023755360883860846,-194.36,False,5.0,20260106
LONG,1781,exit,sell,1,1,1416848,2026-01-06 04:02:00,4,242,0.00023608936747151219,-194.36,False,5.0,20260106
LONG,1782,entry,buy,1,1,1416853,2026-01-06 04:07:00,4,247,0.0002339464996814922,-124.36,False,3.0,20260106
LONG,1782,exit,sell,1,1,1416856,2026-01-06 04:10:00,4,250,0.00024121406520548008,-124.36,False,3.0,20260106
LONG,1783,entry,buy,1,1,1416858,2026-01-06 04:12:00,4,252,0.00024280484000209168,-194.36,False,12.0,20260106
LONG,1783,exit,sell,1,1,1416870,2026-01-06 04:24:00,4,264,0.0002033118020858809,-194.36,False,12.0,20260106
LONG,1784,entry,buy,1,1,1416888,2026-01-06 04:42:00,4,282,0.00016320662951687642,715.64,True,179.0,20260106
LONG,1784,exit,sell,1,1,1417067,2026-01-06 07:41:00,7,461,0.00010904790305964414,715.64,True,179.0,20260106
LONG,1785,entry,buy,1,1,1417196,2026-01-06 09:50:00,9,590,0.0003643209313531861,140.64,True,56.0,20260106
LONG,1785,exit,sell,1,1,1417252,2026-01-06 10:46:00,10,646,0.00032399117599234405,140.64,True,56.0,20260106
LONG,1786,entry,buy,1,1,1417290,2026-01-06 11:24:00,11,684,0.00029739405169859395,-614.36,False,21.0,20260106
LONG,1786,exit,sell,1,1,1417311,2026-01-06 11:45:00,11,705,0.00030849193462628927,-614.36,False,21.0,20260106
LONG,1787,entry,buy,1,1,1417314,2026-01-06 11:48:00,11,708,0.0003152782044465233,1140.64,True,44.0,20260106
LONG,1787,exit,sell,1,1,1417358,2026-01-06 12:32:00,12,752,0.0002493720859173802,1140.64,True,44.0,20260106
LONG,1788,entry,buy,1,1,1417366,2026-01-06 12:40:00,12,760,0.00025018842229880897,-419.36,False,28.0,20260106
LONG,1788,exit,sell,1,1,1417394,2026-01-06 13:08:00,13,788,0.00017264055911027118,-419.36,False,28.0,20260106
LONG,1789,entry,buy,1,2,1417434,2026-01-06 13:48:00,13,828,0.00016198622595726516,771.28,True,172.0,20260106
LONG,1789,exit,sell,1,2,1417606,2026-01-06 16:40:00,16,1000,0.00013205570684413426,771.28,True,172.0,20260106
LONG,1790,entry,buy,1,1,1419510,2026-01-08 02:24:00,2,144,0.0002712865178143932,-509.36,False,7.0,20260108
LONG,1790,exit,sell,1,1,1419517,2026-01-08 02:31:00,2,151,0.0003052470405183401,-509.36,False,7.0,20260108
LONG,1791,entry,buy,1,1,1419524,2026-01-08 02:38:00,2,158,0.00031818145032274904,-309.36,False,120.0,20260108
LONG,1791,exit,sell,1,1,1419644,2026-01-08 04:38:00,4,278,0.00013347575275073537,-309.36,False,120.0,20260108
LONG,1792,entry,buy,1,1,1419865,2026-01-08 08:19:00,8,499,0.0001568375204026621,0.6399999999999997,True,46.0,20260108
LONG,1792,exit,sell,1,1,1419911,2026-01-08 09:05:00,9,545,0.00020763962890320097,0.6399999999999997,True,46.0,20260108
LONG,1793,entry,buy,1,1,1422698,2026-01-12 09:32:00,9,572,0.0003421980496411449,1065.64,True,62.0,20260112
LONG,1793,exit,sell,1,1,1422760,2026-01-12 10:34:00,10,634,0.0004140623411969832,1065.64,True,62.0,20260112
LONG,1794,entry,buy,1,1,1423617,2026-01-13 01:51:00,1,111,9.598952372289146e-05,-119.36,False,23.0,20260113
LONG,1794,exit,sell,1,1,1423640,2026-01-13 02:14:00,2,134,0.00012735666321017676,-119.36,False,23.0,20260113
LONG,1795,entry,buy,1,1,1424018,2026-01-13 08:32:00,8,512,0.000495498826277363,-1184.36,False,7.0,20260113
LONG,1795,exit,sell,1,1,1424025,2026-01-13 08:39:00,8,519,0.0005347584409449894,-1184.36,False,7.0,20260113
LONG,1796,entry,buy,1,1,1426339,2026-01-15 01:13:00,1,73,0.00021459147808790036,445.64,True,111.0,20260115
LONG,1796,exit,sell,1,1,1426450,2026-01-15 03:04:00,3,184,0.0001500603724006104,445.64,True,111.0,20260115
LONG,1797,entry,buy,1,2,1426455,2026-01-15 03:09:00,3,189,0.0001737790632504355,7731.28,True,382.0,20260115
LONG,1797,exit,sell,1,2,1426837,2026-01-15 09:31:00,9,571,0.00027421129400123867,7731.28,True,382.0,20260115
LONG,1798,entry,buy,1,1,1427341,2026-01-15 18:55:00,18,1135,0.00011412006023513784,-34.36,False,34.0,20260116
LONG,1798,exit,sell,1,1,1427375,2026-01-15 19:29:00,19,1169,0.00012524456107308068,-34.36,False,34.0,20260116
LONG,1799,entry,buy,1,1,1427389,2026-01-15 19:43:00,19,1183,0.00011929280544945111,1080.64,True,758.0,20260116
LONG,1799,exit,sell,1,1,1428147,2026-01-16 08:21:00,8,501,0.00016721565057668987,1080.64,True,758.0,20260116
LONG,1800,entry,buy,1,2,1431326,2026-01-20 20:20:00,20,1220,0.00012235898482188475,-558.72,False,492.0,20260121
LONG,1800,exit,sell,1,2,1431818,2026-01-21 04:32:00,4,272,0.000172130842967847,-558.72,False,492.0,20260121
LONG,1801,entry,buy,1,2,1431863,2026-01-21 05:17:00,5,317,0.00022806958608697183,-878.72,False,44.0,20260121
LONG,1801,exit,sell,1,2,1431907,2026-01-21 06:01:00,6,361,0.00018967945642328106,-878.72,False,44.0,20260121
LONG,1802,entry,buy,1,1,1432647,2026-01-21 19:21:00,19,1161,0.0001587394552989647,-124.36,False,29.0,20260122
LONG,1802,exit,sell,1,1,1432676,2026-01-21 19:50:00,19,1190,0.00016869091819256683,-124.36,False,29.0,20260122
LONG,1803,entry,buy,1,1,1432722,2026-01-21 20:36:00,20,1236,0.00012781406062377666,-339.36,False,56.0,20260122
LONG,1803,exit,sell,1,1,1432778,2026-01-21 21:32:00,21,1292,0.00010863951665673607,-339.36,False,56.0,20260122
LONG,1804,entry,buy,1,1,1433024,2026-01-22 01:38:00,1,98,0.00023020639164684012,-189.36,False,32.0,20260122
LONG,1804,exit,sell,1,1,1433056,2026-01-22 02:10:00,2,130,0.00024085724632885947,-189.36,False,32.0,20260122
LONG,1805,entry,buy,1,1,1433077,2026-01-22 02:31:00,2,151,0.00019304535123293472,2670.64,True,251.0,20260122
LONG,1805,exit,sell,1,1,1433328,2026-01-22 06:42:00,6,402,0.00021700004510025495,2670.64,True,251.0,20260122
LONG,1806,entry,buy,1,2,1434071,2026-01-22 20:05:00,20,1205,0.00011837560157971381,431.28,True,401.0,20260123
LONG,1806,exit,sell,1,2,1434472,2026-01-23 02:46:00,2,166,0.00014747949515816987,431.28,True,401.0,20260123
LONG,1807,entry,buy,1,1,1434670,2026-01-23 06:04:00,6,364,0.00022865344953548977,370.64,True,43.0,20260123
LONG,1807,exit,sell,1,1,1434713,2026-01-23 06:47:00,6,407,0.00022573108854486736,370.64,True,43.0,20260123
LONG,1808,entry,buy,1,1,1434877,2026-01-23 09:31:00,9,571,0.0002256279927791904,-634.36,False,5.0,20260123
LONG,1808,exit,sell,1,1,1434882,2026-01-23 09:36:00,9,576,0.0003608221739042127,-634.36,False,5.0,20260123
LONG,1809,entry,buy,1,1,1434889,2026-01-23 09:43:00,9,583,0.0004552575873958699,1615.64,True,27.0,20260123
LONG,1809,exit,sell,1,1,1434916,2026-01-23 10:10:00,10,610,0.0005038694157469296,1615.64,True,27.0,20260123
LONG,1810,entry,buy,1,1,1435378,2026-01-25 20:06:00,20,1206,0.00029364312528476494,-129.36,False,209.0,20260126
LONG,1810,exit,sell,1,1,1435587,2026-01-25 23:35:00,23,1415,0.00016954346014824196,-129.36,False,209.0,20260126
LONG,1811,entry,buy,1,1,1435605,2026-01-25 23:53:00,23,1433,0.00016814447406923993,560.64,True,280.0,20260126
LONG,1811,exit,sell,1,1,1435885,2026-01-26 04:33:00,4,273,0.00017090880599391484,560.64,True,280.0,20260126
LONG,1812,entry,buy,1,1,1435929,2026-01-26 05:17:00,5,317,0.00025077358645965355,-219.36,False,4.0,20260126
LONG,1812,exit,sell,1,1,1435933,2026-01-26 05:21:00,5,321,0.00025016446729382976,-219.36,False,4.0,20260126
LONG,1813,entry,buy,1,1,1435941,2026-01-26 05:29:00,5,329,0.000260798700372881,3805.64,True,628.0,20260126
LONG,1813,exit,sell,1,1,1436569,2026-01-26 15:57:00,15,957,0.00014353377942734279,3805.64,True,628.0,20260126
LONG,1814,entry,buy,1,1,1436656,2026-01-26 18:24:00,18,1104,0.000112331890140811,1700.64,True,541.0,20260127
LONG,1814,exit,sell,1,1,1437197,2026-01-27 03:25:00,3,205,0.00013007634057919366,1700.64,True,541.0,20260127
LONG,1815,entry,buy,1,1,1441712,2026-01-30 09:40:00,9,580,0.0006396364815984612,-1504.36,False,19.0,20260130
LONG,1815,exit,sell,1,1,1441731,2026-01-30 09:59:00,9,599,0.0006826136323629438,-1504.36,False,19.0,20260130
LONG,1816,entry,buy,1,1,1442226,2026-02-01 19:14:00,19,1154,0.0005622707577609428,-1314.36,False,57.0,20260202
LONG,1816,exit,sell,1,1,1442283,2026-02-01 20:11:00,20,1211,0.0004120557806249333,-1314.36,False,57.0,20260202
LONG,1817,entry,buy,1,1,1447835,2026-02-05 20:43:00,20,1243,0.0004645104700336996,12885.64,True,1197.0,20260206
LONG,1817,exit,sell,1,1,1449032,2026-02-06 16:40:00,16,1000,0.0003598563123559279,12885.64,True,1197.0,20260206
LONG,1818,entry,buy,1,1,1449053,2026-02-08 18:01:00,18,1081,0.00020574198295362267,1060.64,True,135.0,20260209
LONG,1818,exit,sell,1,1,1449188,2026-02-08 20:16:00,20,1216,0.00026553402289375124,1060.64,True,135.0,20260209
LONG,1819,entry,buy,1,1,1451244,2026-02-10 07:32:00,7,452,0.0001314593155765212,-559.36,False,7.0,20260210
LONG,1819,exit,sell,1,1,1451251,2026-02-10 07:39:00,7,459,0.00015735297416008553,-559.36,False,7.0,20260210
LONG,1820,entry,buy,1,1,1451946,2026-02-10 20:14:00,20,1214,0.0001042422776230604,-149.36,False,10.0,20260211
LONG,1820,exit,sell,1,1,1451956,2026-02-10 20:24:00,20,1224,0.00010276204773013995,-149.36,False,10.0,20260211
LONG,1821,entry,buy,1,1,1451979,2026-02-10 20:47:00,20,1247,0.00010002153903848324,-904.36,False,282.0,20260211
LONG,1821,exit,sell,1,1,1452261,2026-02-11 01:29:00,1,89,0.00014544659093752548,-904.36,False,282.0,20260211
LONG,1822,entry,buy,1,1,1452383,2026-02-11 03:31:00,3,211,0.0002119227988505698,-64.36,False,50.0,20260211
LONG,1822,exit,sell,1,1,1452433,2026-02-11 04:21:00,4,261,0.00018095754395242662,-64.36,False,50.0,20260211
LONG,1823,entry,buy,1,1,1452533,2026-02-11 06:01:00,6,361,0.00023553104923825204,280.64,True,48.0,20260211
LONG,1823,exit,sell,1,1,1452581,2026-02-11 06:49:00,6,409,0.00019453467436352878,280.64,True,48.0,20260211
LONG,1824,entry,buy,1,1,1452582,2026-02-11 06:50:00,6,410,0.00019568082637828364,-144.36,False,8.0,20260211
LONG,1824,exit,sell,1,1,1452590,2026-02-11 06:58:00,6,418,0.000195561115005284,-144.36,False,8.0,20260211
LONG,1825,entry,buy,1,1,1452595,2026-02-11 07:03:00,7,423,0.0002180388838851772,-279.36,False,50.0,20260211
LONG,1825,exit,sell,1,1,1452645,2026-02-11 07:53:00,7,473,0.00023722569592320744,-279.36,False,50.0,20260211
LONG,1826,entry,buy,1,1,1452683,2026-02-11 08:31:00,8,511,0.000348104317474923,1785.64,True,64.0,20260211
LONG,1826,exit,sell,1,1,1452747,2026-02-11 09:35:00,9,575,0.00044197311586150677,1785.64,True,64.0,20260211
LONG,1827,entry,buy,1,2,1456512,2026-02-16 03:22:00,3,202,0.00018794945788837695,-1428.72,False,14.0,20260216
LONG,1827,exit,sell,1,2,1456526,2026-02-16 03:36:00,3,216,0.00018060755790258839,-1428.72,False,14.0,20260216
LONG,1828,entry,buy,1,1,1458022,2026-02-17 09:32:00,9,572,0.0006877051375262569,170.64,True,12.0,20260217
LONG,1828,exit,sell,1,1,1458034,2026-02-17 09:44:00,9,584,0.0008454460469222111,170.64,True,12.0,20260217
LONG,1829,entry,buy,1,2,1459015,2026-02-18 03:05:00,3,185,0.00017340781878192113,1701.28,True,114.0,20260218
LONG,1829,exit,sell,1,2,1459129,2026-02-18 04:59:00,4,299,0.00016044512140641837,1701.28,True,114.0,20260218
LONG,1830,entry,buy,1,1,1462163,2026-02-20 09:33:00,9,573,0.00042251164405888585,2280.64,True,17.0,20260220
LONG,1830,exit,sell,1,1,1462180,2026-02-20 09:50:00,9,590,0.0006103408477882003,2280.64,True,17.0,20260220
LONG,1831,entry,buy,1,1,1463543,2026-02-23 09:33:00,9,573,0.0003902770740753029,-1824.36,False,8.0,20260223
LONG,1831,exit,sell,1,1,1463551,2026-02-23 09:41:00,9,581,0.0005454922299949558,-1824.36,False,8.0,20260223
LONG,1832,entry,buy,1,1,1464935,2026-02-24 09:45:00,9,585,0.0006389199068344663,-614.36,False,11.0,20260224
LONG,1832,exit,sell,1,1,1464946,2026-02-24 09:56:00,9,596,0.000695577207507266,-614.36,False,11.0,20260224
LONG,1833,entry,buy,1,1,1464962,2026-02-24 10:12:00,10,612,0.0007890145073756935,1295.64,True,81.0,20260224
LONG,1833,exit,sell,1,1,1465043,2026-02-24 11:33:00,11,693,0.00038654606484799344,1295.64,True,81.0,20260224
LONG,1834,entry,buy,1,2,1465069,2026-02-24 11:59:00,11,719,0.0003615205420059468,-1338.72,False,139.0,20260224
LONG,1834,exit,sell,1,2,1465208,2026-02-24 14:18:00,14,858,0.00021865017125856682,-1338.72,False,139.0,20260224
LONG,1835,entry,buy,1,1,1465483,2026-02-24 19:53:00,19,1193,0.00016135852920987908,-144.36,False,144.0,20260225
LONG,1835,exit,sell,1,1,1465627,2026-02-24 22:17:00,22,1337,0.00014747385996811944,-144.36,False,144.0,20260225
LONG,1836,entry,buy,1,1,1465663,2026-02-24 22:53:00,22,1373,0.0002659715827636189,-579.36,False,18.0,20260225
LONG,1836,exit,sell,1,1,1465681,2026-02-24 23:11:00,23,1391,0.00027458657358271036,-579.36,False,18.0,20260225
LONG,1837,entry,buy,1,1,1465916,2026-02-25 03:06:00,3,186,0.00016774422599125197,50.64,True,43.0,20260225
LONG,1837,exit,sell,1,1,1465959,2026-02-25 03:49:00,3,229,0.00019373790092144184,50.64,True,43.0,20260225
LONG,1838,entry,buy,1,2,1466172,2026-02-25 07:22:00,7,442,0.00016274451784126798,-288.72,False,81.0,20260225
LONG,1838,exit,sell,1,2,1466253,2026-02-25 08:43:00,8,523,0.0001335563494046358,-288.72,False,81.0,20260225
LONG,1839,entry,buy,1,2,1466267,2026-02-25 08:57:00,8,537,0.00014017101027871584,-808.72,False,21.0,20260225
LONG,1839,exit,sell,1,2,1466288,2026-02-25 09:18:00,9,558,0.00017950268409803747,-808.72,False,21.0,20260225
LONG,1840,entry,buy,1,1,1469063,2026-02-27 09:33:00,9,573,0.00042998841220355885,-134.36,False,6.0,20260227
LONG,1840,exit,sell,1,1,1469069,2026-02-27 09:39:00,9,579,0.0004720400060258422,-134.36,False,6.0,20260227
LONG,1841,entry,buy,1,1,1469070,2026-02-27 09:40:00,9,580,0.0004887239476348985,-1509.36,False,3.0,20260227
LONG,1841,exit,sell,1,1,1469073,2026-02-27 09:43:00,9,583,0.0005403013791173019,-1509.36,False,3.0,20260227
LONG,1842,entry,buy,1,1,1470442,2026-03-02 09:32:00,9,572,0.000523868634770762,2175.64,True,116.0,20260302
LONG,1842,exit,sell,1,1,1470558,2026-03-02 11:28:00,11,688,0.0004986170344946773,2175.64,True,116.0,20260302
LONG,1843,entry,buy,1,1,1471828,2026-03-03 09:38:00,9,578,0.0007322507289205138,-2789.36,False,12.0,20260303
LONG,1843,exit,sell,1,1,1471840,2026-03-03 09:50:00,9,590,0.0008782557391113303,-2789.36,False,12.0,20260303
LONG,1844,entry,buy,1,1,1472791,2026-03-04 02:41:00,2,161,0.00033338562622078525,3065.64,True,256.0,20260304
LONG,1844,exit,sell,1,1,1473047,2026-03-04 06:57:00,6,417,0.00034494096508199063,3065.64,True,256.0,20260304
LONG,1845,entry,buy,1,1,1473727,2026-03-04 19:17:00,19,1157,0.0002367375411712726,-1224.36,False,60.0,20260305
LONG,1845,exit,sell,1,1,1473787,2026-03-04 20:17:00,20,1217,0.00020463365209474687,-1224.36,False,60.0,20260305
LONG,1846,entry,buy,1,1,1474258,2026-03-05 04:08:00,4,248,0.0004045219739063305,-269.36,False,11.0,20260305
LONG,1846,exit,sell,1,1,1474269,2026-03-05 04:19:00,4,259,0.0004485641557079835,-269.36,False,11.0,20260305
LONG,1847,entry,buy,1,1,1476853,2026-03-09 01:23:00,1,83,0.00034443611081157464,3695.64,True,280.0,20260309
LONG,1847,exit,sell,1,1,1477133,2026-03-09 06:03:00,6,363,0.0006025571628769556,3695.64,True,280.0,20260309
LONG,1848,entry,buy,1,1,1478028,2026-03-09 21:58:00,21,1318,0.00031241251383844416,-159.36,False,2.0,20260310
LONG,1848,exit,sell,1,1,1478030,2026-03-09 22:00:00,22,1320,0.00031309685130792754,-159.36,False,2.0,20260310
LONG,1849,entry,buy,1,1,1478032,2026-03-09 22:02:00,22,1322,0.0003086938837014494,-119.36,False,1.0,20260310
LONG,1849,exit,sell,1,1,1478033,2026-03-09 22:03:00,22,1323,0.00030789206756615134,-119.36,False,1.0,20260310
LONG,1850,entry,buy,1,1,1478337,2026-03-10 03:07:00,3,187,0.00027657419743295483,-324.36,False,1.0,20260310
LONG,1850,exit,sell,1,1,1478338,2026-03-10 03:08:00,3,188,0.0002890353246218528,-324.36,False,1.0,20260310
LONG,1851,entry,buy,1,1,1478353,2026-03-10 03:23:00,3,203,0.00030234603426371556,865.64,True,159.0,20260310
LONG,1851,exit,sell,1,1,1478512,2026-03-10 06:02:00,6,362,0.00024946212453080927,865.64,True,159.0,20260310
LONG,1852,entry,buy,1,1,1478575,2026-03-10 07:05:00,7,425,0.0004249331148156926,-1014.36,False,4.0,20260310
LONG,1852,exit,sell,1,1,1478579,2026-03-10 07:09:00,7,429,0.00044688242182247225,-1014.36,False,4.0,20260310
LONG,1853,entry,buy,1,1,1478692,2026-03-10 09:02:00,9,542,0.00038552268317314985,70.64,True,1.0,20260310
LONG,1853,exit,sell,1,1,1478693,2026-03-10 09:03:00,9,543,0.00038521921939451255,70.64,True,1.0,20260310
LONG,1854,entry,buy,1,1,1478715,2026-03-10 09:25:00,9,565,0.0003479941250925808,-1459.36,False,36.0,20260310
LONG,1854,exit,sell,1,1,1478751,2026-03-10 10:01:00,10,601,0.0008049628370020631,-1459.36,False,36.0,20260310
LONG,1855,entry,buy,1,1,1479307,2026-03-10 20:17:00,20,1217,0.00026383510090148625,-749.36,False,329.0,20260311
LONG,1855,exit,sell,1,1,1479636,2026-03-11 01:46:00,1,106,0.00015285453156119427,-749.36,False,329.0,20260311
LONG,1856,entry,buy,1,1,1479772,2026-03-11 04:02:00,4,242,0.00029051106052982456,-39.36,False,27.0,20260311
LONG,1856,exit,sell,1,1,1479799,2026-03-11 04:29:00,4,269,0.00026800469765765627,-39.36,False,27.0,20260311
LONG,1857,entry,buy,1,1,1479800,2026-03-11 04:30:00,4,270,0.0002679863942621333,80.64,True,1.0,20260311
LONG,1857,exit,sell,1,1,1479801,2026-03-11 04:31:00,4,271,0.0002697299299533313,80.64,True,1.0,20260311
LONG,1858,entry,buy,1,1,1479802,2026-03-11 04:32:00,4,272,0.0002719804298871065,100.64,True,1.0,20260311
LONG,1858,exit,sell,1,1,1479803,2026-03-11 04:33:00,4,273,0.00027320160287974075,100.64,True,1.0,20260311
LONG,1859,entry,buy,1,1,1479805,2026-03-11 04:35:00,4,275,0.0002761712447194021,-449.36,False,3.0,20260311
LONG,1859,exit,sell,1,1,1479808,2026-03-11 04:38:00,4,278,0.00027410874076306874,-449.36,False,3.0,20260311
LONG,1860,entry,buy,1,1,1479900,2026-03-11 06:10:00,6,370,0.00030058659299181964,500.64,True,75.0,20260311
LONG,1860,exit,sell,1,1,1479975,2026-03-11 07:25:00,7,445,0.0002315921761053781,500.64,True,75.0,20260311
LONG,1861,entry,buy,1,1,1480076,2026-03-11 09:06:00,9,546,0.0003582203877758415,1680.64,True,76.0,20260311
LONG,1861,exit,sell,1,1,1480152,2026-03-11 10:22:00,10,622,0.0007099775854909719,1680.64,True,76.0,20260311
LONG,1862,entry,buy,1,1,1481997,2026-03-12 19:07:00,19,1147,0.0002127061355391248,-769.36,False,22.0,20260313
LONG,1862,exit,sell,1,1,1482019,2026-03-12 19:29:00,19,1169,0.00019320272509492983,-769.36,False,22.0,20260313
LONG,1863,entry,buy,1,1,1482020,2026-03-12 19:30:00,19,1170,0.00019469727193604662,-204.36,False,12.0,20260313
LONG,1863,exit,sell,1,1,1482032,2026-03-12 19:42:00,19,1182,0.0001875414858980708,-204.36,False,12.0,20260313
LONG,1864,entry,buy,1,1,1482068,2026-03-12 20:18:00,20,1218,0.0002912011083285516,105.64,True,1.0,20260313
LONG,1864,exit,sell,1,1,1482069,2026-03-12 20:19:00,20,1219,0.0002921850516199512,105.64,True,1.0,20260313
LONG,1865,entry,buy,1,1,1482073,2026-03-12 20:23:00,20,1223,0.00029743832249288685,40.64,True,1.0,20260313
LONG,1865,exit,sell,1,1,1482074,2026-03-12 20:24:00,20,1224,0.00029673308061698914,40.64,True,1.0,20260313
LONG,1866,entry,buy,1,1,1482077,2026-03-12 20:27:00,20,1227,0.0003073340537817219,-1419.36,False,285.0,20260313
LONG,1866,exit,sell,1,1,1482362,2026-03-13 01:12:00,1,72,0.00017399730873216934,-1419.36,False,285.0,20260313
LONG,1867,entry,buy,1,2,1483355,2026-03-15 18:45:00,18,1125,0.00045359637907404636,9391.28,True,1061.0,20260316
LONG,1867,exit,sell,1,2,1484416,2026-03-16 12:26:00,12,746,0.0004111852853566132,9391.28,True,1061.0,20260316
LONG,1868,entry,buy,1,1,1485564,2026-03-17 08:34:00,8,514,0.00026118857515797917,935.64,True,182.0,20260317
LONG,1868,exit,sell,1,1,1485746,2026-03-17 11:36:00,11,696,0.0003928695355613118,935.64,True,182.0,20260317
LONG,1869,entry,buy,1,1,1485757,2026-03-17 11:47:00,11,707,0.0004044012695760093,-774.36,False,17.0,20260317
LONG,1869,exit,sell,1,1,1485774,2026-03-17 12:04:00,12,724,0.00040785274791267705,-774.36,False,17.0,20260317
LONG,1870,entry,buy,1,1,1485777,2026-03-17 12:07:00,12,727,0.0004093569590608694,10.64,True,2.0,20260317
LONG,1870,exit,sell,1,1,1485779,2026-03-17 12:09:00,12,729,0.00040904726546312794,10.64,True,2.0,20260317
LONG,1871,entry,buy,1,1,1485780,2026-03-17 12:10:00,12,730,0.00040928690861888523,985.64,True,270.0,20260317
LONG,1871,exit,sell,1,1,1486050,2026-03-17 16:40:00,16,1000,0.0002323101912118162,985.64,True,270.0,20260317
LONG,1872,entry,buy,1,1,1487013,2026-03-18 09:43:00,9,583,0.00038676701187119613,-774.36,False,9.0,20260318
LONG,1872,exit,sell,1,1,1487022,2026-03-18 09:52:00,9,592,0.0004707476607093644,-774.36,False,9.0,20260318
LONG,1873,entry,buy,1,1,1487039,2026-03-18 10:09:00,10,609,0.0005381801778588899,-1024.36,False,3.0,20260318
LONG,1873,exit,sell,1,1,1487042,2026-03-18 10:12:00,10,612,0.0005646888718381055,-1024.36,False,3.0,20260318
LONG,1874,entry,buy,1,1,1487688,2026-03-18 21:58:00,21,1318,0.00016977750479987236,-419.36,False,2.0,20260319
LONG,1874,exit,sell,1,1,1487690,2026-03-18 22:00:00,22,1320,0.00018754635235501937,-419.36,False,2.0,20260319
LONG,1875,entry,buy,1,1,1487699,2026-03-18 22:09:00,22,1329,0.00027875361146894424,-439.36,False,117.0,20260319
LONG,1875,exit,sell,1,1,1487816,2026-03-19 00:06:00,0,6,0.00013799535049659287,-439.36,False,117.0,20260319
LONG,1876,entry,buy,1,1,1488113,2026-03-19 05:03:00,5,303,0.000446524282258278,-1564.36,False,23.0,20260319
LONG,1876,exit,sell,1,1,1488136,2026-03-19 05:26:00,5,326,0.0005495295992395271,-1564.36,False,23.0,20260319
LONG,1877,entry,buy,1,1,1491644,2026-03-23 18:54:00,18,1134,0.0002482393979852136,-1369.36,False,70.0,20260324
LONG,1877,exit,sell,1,1,1491714,2026-03-23 20:04:00,20,1204,0.0003083697921665669,-1369.36,False,70.0,20260324
LONG,1878,entry,buy,1,1,1493574,2026-03-25 04:04:00,4,244,0.0002847087578235998,220.64,True,49.0,20260325
LONG,1878,exit,sell,1,1,1493623,2026-03-25 04:53:00,4,293,0.0003796503086324501,220.64,True,49.0,20260325
LONG,1879,entry,buy,1,2,1493774,2026-03-25 07:24:00,7,444,0.00020918998224207376,-1828.72,False,24.0,20260325
LONG,1879,exit,sell,1,2,1493798,2026-03-25 07:48:00,7,468,0.0003647969573903775,-1828.72,False,24.0,20260325
LONG,1880,entry,buy,1,1,1494690,2026-03-25 23:40:00,23,1420,0.0002218677458348645,-209.36,False,7.0,20260326
LONG,1880,exit,sell,1,1,1494697,2026-03-25 23:47:00,23,1427,0.00022951453903510756,-209.36,False,7.0,20260326
LONG,1881,entry,buy,1,1,1495305,2026-03-26 09:55:00,9,595,0.0006036727060595447,-1819.36,False,49.0,20260326
LONG,1881,exit,sell,1,1,1495354,2026-03-26 10:44:00,10,644,0.0007000967646369162,-1819.36,False,49.0,20260326
LONG,1882,entry,buy,1,1,1495862,2026-03-26 20:12:00,20,1212,0.0002320593987077929,-109.36,False,2.0,20260327
LONG,1882,exit,sell,1,1,1495864,2026-03-26 20:14:00,20,1214,0.0002386656071946239,-109.36,False,2.0,20260327
LONG,1883,entry,buy,1,2,1496158,2026-03-27 01:08:00,1,68,0.0001249555180297828,-1228.72,False,100.0,20260327
LONG,1883,exit,sell,1,2,1496258,2026-03-27 02:48:00,2,168,0.00018038878973153485,-1228.72,False,100.0,20260327
LONG,1884,entry,buy,1,1,1497134,2026-03-29 18:24:00,18,1104,0.00036818602983704966,-24.36,False,1.0,20260330
LONG,1884,exit,sell,1,1,1497135,2026-03-29 18:25:00,18,1105,0.000363168251053053,-24.36,False,1.0,20260330
LONG,1885,entry,buy,1,1,1497250,2026-03-29 20:20:00,20,1220,0.0006001249889239532,-1584.36,False,21.0,20260330
LONG,1885,exit,sell,1,1,1497271,2026-03-29 20:41:00,20,1241,0.0006764552842935784,-1584.36,False,21.0,20260330
LONG,1886,entry,buy,1,2,1499422,2026-03-31 09:32:00,9,572,0.0004181329358621367,2081.28,True,72.0,20260331
LONG,1886,exit,sell,1,2,1499494,2026-03-31 10:44:00,10,644,0.000676161019443995,2081.28,True,72.0,20260331
LONG,1887,entry,buy,1,1,1500804,2026-04-01 09:34:00,9,574,0.0006671220334203299,-759.36,False,9.0,20260401
LONG,1887,exit,sell,1,1,1500813,2026-04-01 09:43:00,9,583,0.0007300904173695186,-759.36,False,9.0,20260401
LONG,1888,entry,buy,1,1,1500839,2026-04-01 10:09:00,10,609,0.000658205675855938,2025.64,True,230.0,20260401
LONG,1888,exit,sell,1,1,1501069,2026-04-01 13:59:00,13,839,0.00020125260477747768,2025.64,True,230.0,20260401
LONG,1889,entry,buy,1,1,1502182,2026-04-02 09:32:00,9,572,0.00033767197805674855,-1549.36,False,4.0,20260402
LONG,1889,exit,sell,1,1,1502186,2026-04-02 09:36:00,9,576,0.0004884877914537748,-1549.36,False,4.0,20260402
LONG,1890,entry,buy,1,1,1503569,2026-04-05 18:30:00,18,1110,0.0003377757431644419,0.6399999999999997,True,1.0,20260406
LONG,1890,exit,sell,1,1,1503570,2026-04-05 18:31:00,18,1111,0.00033784562608081445,0.6399999999999997,True,1.0,20260406
LONG,1891,entry,buy,1,1,1503604,2026-04-05 19:05:00,19,1145,0.0003540511698152446,225.64,True,1.0,20260406
LONG,1891,exit,sell,1,1,1503605,2026-04-05 19:06:00,19,1146,0.00035501342467905077,225.64,True,1.0,20260406
LONG,1892,entry,buy,1,1,1503606,2026-04-05 19:07:00,19,1147,0.0003480315839988872,-609.36,False,7.0,20260406
LONG,1892,exit,sell,1,1,1503613,2026-04-05 19:14:00,19,1154,0.00033039768782686314,-609.36,False,7.0,20260406
LONG,1893,entry,buy,1,1,1503614,2026-04-05 19:15:00,19,1155,0.00033278435325033,2375.64,True,161.0,20260406
LONG,1893,exit,sell,1,1,1503775,2026-04-05 21:56:00,21,1316,0.00019654277849137023,2375.64,True,161.0,20260406
LONG,1894,entry,buy,1,2,1508763,2026-04-09 12:04:00,12,724,0.000513285969923959,-2148.72,False,31.0,20260409
LONG,1894,exit,sell,1,2,1508794,2026-04-09 12:35:00,12,755,0.00043681696585982975,-2148.72,False,31.0,20260409
LONG,1895,entry,buy,1,2,1516962,2026-04-17 10:43:00,10,643,0.00040075736846973065,-1288.72,False,13.0,20260417
LONG,1895,exit,sell,1,2,1516975,2026-04-17 10:56:00,10,656,0.000367609118928679,-1288.72,False,13.0,20260417
LONG,1896,entry,buy,1,2,1516986,2026-04-17 11:07:00,11,667,0.00040292970906229743,-1268.72,False,37.0,20260417
LONG,1896,exit,sell,1,2,1517023,2026-04-17 11:44:00,11,704,0.0003964910541131935,-1268.72,False,37.0,20260417
LONG,1897,entry,buy,1,1,1517559,2026-04-19 21:40:00,21,1300,0.00014342570657431086,-729.36,False,161.0,20260420
LONG,1897,exit,sell,1,1,1517720,2026-04-20 00:21:00,0,21,0.00010320020374033809,-729.36,False,161.0,20260420
LONG,1898,entry,buy,1,1,1517824,2026-04-20 02:05:00,2,125,0.0001780334629178606,900.64,True,74.0,20260420
LONG,1898,exit,sell,1,1,1517898,2026-04-20 03:19:00,3,199,0.00023955119720193925,900.64,True,74.0,20260420
LONG,1899,entry,buy,1,2,1518249,2026-04-20 09:10:00,9,550,0.0002571072811820997,211.28,True,15.0,20260420
LONG,1899,exit,sell,1,2,1518264,2026-04-20 09:25:00,9,565,0.00026388675037068395,211.28,True,15.0,20260420
LONG,1900,entry,buy,1,2,1521099,2026-04-22 10:41:00,10,641,0.0004372316524397843,-998.72,False,19.0,20260422
LONG,1900,exit,sell,1,2,1521118,2026-04-22 11:00:00,11,660,0.000419046890798549,-998.72,False,19.0,20260422
LONG,1901,entry,buy,1,1,1521250,2026-04-22 13:12:00,13,792,0.0002558969560124664,-589.36,False,71.0,20260422
LONG,1901,exit,sell,1,1,1521321,2026-04-22 14:23:00,14,863,0.00016836148943034744,-589.36,False,71.0,20260422
LONG,1902,entry,buy,1,1,1522512,2026-04-23 11:14:00,11,674,0.0003512084762931684,-584.36,False,32.0,20260423
LONG,1902,exit,sell,1,1,1522544,2026-04-23 11:46:00,11,706,0.0002749857717807392,-584.36,False,32.0,20260423
LONG,1903,entry,buy,1,2,1523799,2026-04-24 09:41:00,9,581,0.0003605277230475944,-1948.72,False,13.0,20260424
LONG,1903,exit,sell,1,2,1523812,2026-04-24 09:54:00,9,594,0.0003761613166313586,-1948.72,False,13.0,20260424
LONG,1904,entry,buy,1,1,1526560,2026-04-28 09:42:00,9,582,0.0005393512958204673,-344.36,False,12.0,20260428
LONG,1904,exit,sell,1,1,1526572,2026-04-28 09:54:00,9,594,0.0005687110434964279,-344.36,False,12.0,20260428
LONG,1905,entry,buy,1,1,1528379,2026-04-29 18:01:00,18,1081,0.0010174677102177583,3540.64,True,270.0,20260430
LONG,1905,exit,sell,1,1,1528649,2026-04-29 22:31:00,22,1351,0.0004865787787832219,3540.64,True,270.0,20260430
LONG,1906,entry,buy,1,1,1531139,2026-05-03 18:01:00,18,1081,0.00017142847455225518,-674.36,False,606.0,20260504
LONG,1906,exit,sell,1,1,1531745,2026-05-04 04:07:00,4,247,0.00020126077860233027,-674.36,False,606.0,20260504
LONG,1907,entry,buy,1,1,1531764,2026-05-04 04:26:00,4,266,0.00021787031374222106,-1084.36,False,97.0,20260504
LONG,1907,exit,sell,1,1,1531861,2026-05-04 06:03:00,6,363,0.0002319487847188289,-1084.36,False,97.0,20260504
LONG,1908,entry,buy,1,2,1533454,2026-05-05 09:36:00,9,576,0.00018541683444803662,3201.28,True,381.0,20260505
LONG,1908,exit,sell,1,2,1533835,2026-05-05 15:57:00,15,957,0.0001549630924685711,3201.28,True,381.0,20260505
LONG,1909,entry,buy,1,1,1533899,2026-05-05 18:01:00,18,1081,0.000295898174324933,175.64,True,2.0,20260506
LONG,1909,exit,sell,1,1,1533901,2026-05-05 18:03:00,18,1083,0.00029451184961005474,175.64,True,2.0,20260506
LONG,1910,entry,buy,1,1,1533938,2026-05-05 18:40:00,18,1120,0.00016472470597080584,845.64,True,14.0,20260506
LONG,1910,exit,sell,1,1,1533952,2026-05-05 18:54:00,18,1134,0.000516295474941532,845.64,True,14.0,20260506
LONG,1911,entry,buy,1,2,1535831,2026-05-07 03:13:00,3,193,0.0001819674290058434,-518.72,False,42.0,20260507
LONG,1911,exit,sell,1,2,1535873,2026-05-07 03:55:00,3,235,0.0001945673852466927,-518.72,False,42.0,20260507
LONG,1912,entry,buy,1,2,1535882,2026-05-07 04:04:00,4,244,0.00021477249207737154,-1378.72,False,7.0,20260507
LONG,1912,exit,sell,1,2,1535889,2026-05-07 04:11:00,4,251,0.00022922419445822699,-1378.72,False,7.0,20260507
LONG,1913,entry,buy,1,1,1536785,2026-05-07 20:07:00,20,1207,0.00017189704722290816,2865.64,True,789.0,20260508
LONG,1913,exit,sell,1,1,1537574,2026-05-08 09:16:00,9,556,0.00026850182438602704,2865.64,True,789.0,20260508
LONG,1914,entry,buy,1,1,1539464,2026-05-11 18:46:00,18,1126,9.807994742932593e-05,-119.36,False,17.0,20260512
LONG,1914,exit,sell,1,1,1539481,2026-05-11 19:03:00,19,1143,8.928811331958817e-05,-119.36,False,17.0,20260512
LONG,1915,entry,buy,1,1,1540363,2026-05-12 09:45:00,9,585,0.00045863108160351413,-1459.36,False,3.0,20260512
LONG,1915,exit,sell,1,1,1540366,2026-05-12 09:48:00,9,588,0.00051637461125943,-1459.36,False,3.0,20260512
LONG,1916,entry,buy,1,2,1541906,2026-05-13 12:28:00,12,748,0.00036638300356726196,1871.28,True,151.0,20260513
LONG,1916,exit,sell,1,2,1542057,2026-05-13 14:59:00,14,899,0.00023851116642372027,1871.28,True,151.0,20260513
LONG,1917,entry,buy,1,1,1542228,2026-05-13 18:50:00,18,1130,0.00013792902237972447,390.64,True,177.0,20260514
LONG,1917,exit,sell,1,1,1542405,2026-05-13 21:47:00,21,1307,0.00020495614109747648,390.64,True,177.0,20260514
LONG,1918,entry,buy,1,1,1543121,2026-05-14 09:43:00,9,583,0.0003484085716393347,-114.36,False,13.0,20260514
LONG,1918,exit,sell,1,1,1543134,2026-05-14 09:56:00,9,596,0.0004267972295878941,-114.36,False,13.0,20260514
LONG,1919,entry,buy,1,2,1543190,2026-05-14 10:52:00,10,652,0.0004822129592357789,671.28,True,131.0,20260514
LONG,1919,exit,sell,1,2,1543321,2026-05-14 13:03:00,13,783,0.000311876228153131,671.28,True,131.0,20260514
LONG,1920,entry,buy,1,1,1544083,2026-05-15 02:45:00,2,165,0.0004447658261186423,-279.36,False,57.0,20260515
LONG,1920,exit,sell,1,1,1544140,2026-05-15 03:42:00,3,222,0.00029771858934239887,-279.36,False,57.0,20260515
LONG,1921,entry,buy,1,1,1544326,2026-05-15 06:48:00,6,408,0.00038453395614716145,-999.36,False,47.0,20260515
LONG,1921,exit,sell,1,1,1544373,2026-05-15 07:35:00,7,455,0.0003942235553795163,-999.36,False,47.0,20260515
LONG,1922,entry,buy,1,1,1544541,2026-05-15 10:23:00,10,623,0.0009421356698724907,155.64,True,1.0,20260515
LONG,1922,exit,sell,1,1,1544542,2026-05-15 10:24:00,10,624,0.0009424623180278991,155.64,True,1.0,20260515
LONG,1923,entry,buy,1,1,1544543,2026-05-15 10:25:00,10,625,0.0009491095887846455,-279.36,False,1.0,20260515
LONG,1923,exit,sell,1,1,1544544,2026-05-15 10:26:00,10,626,0.0009431021750193405,-279.36,False,1.0,20260515
LONG,1924,entry,buy,1,1,1544944,2026-05-17 18:06:00,18,1086,0.0003211662776455089,-1739.36,False,63.0,20260518
LONG,1924,exit,sell,1,1,1545007,2026-05-17 19:09:00,19,1149,0.0003542985405374123,-1739.36,False,63.0,20260518
LONG,1925,entry,buy,1,1,1547791,2026-05-19 19:33:00,19,1173,0.00022530022106481885,-1249.36,False,30.0,20260520
LONG,1925,exit,sell,1,1,1547821,2026-05-19 20:03:00,20,1203,0.000283860902076135,-1249.36,False,30.0,20260520
LONG,1926,entry,buy,1,1,1547822,2026-05-19 20:04:00,20,1204,0.00028324698746750107,-634.36,False,3.0,20260520
LONG,1926,exit,sell,1,1,1547825,2026-05-19 20:07:00,20,1207,0.00029547416184014583,-634.36,False,3.0,20260520
LONG,1927,entry,buy,1,1,1549295,2026-05-20 21:37:00,21,1297,0.00021123851197124671,810.64,True,251.0,20260521
LONG,1927,exit,sell,1,1,1549546,2026-05-21 01:48:00,1,108,0.0002658497969665906,810.64,True,251.0,20260521
LONG,1928,entry,buy,1,1,1549559,2026-05-21 02:01:00,2,121,0.0003311421667238994,-1059.36,False,43.0,20260521
LONG,1928,exit,sell,1,1,1549602,2026-05-21 02:44:00,2,164,0.00035454463619947926,-1059.36,False,43.0,20260521
LONG,1929,entry,buy,1,1,1549660,2026-05-21 03:42:00,3,222,0.00029160486428573347,2160.64,True,38.0,20260521
LONG,1929,exit,sell,1,1,1549698,2026-05-21 04:20:00,4,260,0.0003306281941462726,2160.64,True,38.0,20260521
LONG,1930,entry,buy,1,1,1551400,2026-05-22 09:42:00,9,582,0.0004309484741983824,-979.36,False,1.0,20260522
LONG,1930,exit,sell,1,1,1551401,2026-05-22 09:43:00,9,583,0.00048240317505410376,-979.36,False,1.0,20260522
LONG,1931,entry,buy,1,1,1551839,2026-05-24 18:01:00,18,1081,0.00014296900436905078,3575.64,True,1119.0,20260525
LONG,1931,exit,sell,1,1,1552958,2026-05-25 12:40:00,12,760,9.81101538461156e-05,3575.64,True,1119.0,20260525
LONG,1932,entry,buy,1,1,1554468,2026-05-26 19:50:00,19,1190,0.00012155130945928753,-69.36,False,9.0,20260527
LONG,1932,exit,sell,1,1,1554477,2026-05-26 19:59:00,19,1199,0.00012113146754031708,-69.36,False,9.0,20260527
LONG,1933,entry,buy,1,1,1554479,2026-05-26 20:01:00,20,1201,0.00011747911875238984,130.64,True,1.0,20260527
LONG,1933,exit,sell,1,1,1554480,2026-05-26 20:02:00,20,1202,0.00011925127766756643,130.64,True,1.0,20260527
LONG,1934,entry,buy,1,1,1554486,2026-05-26 20:08:00,20,1208,0.00012938016199232029,90.64,True,3.0,20260527
LONG,1934,exit,sell,1,1,1554489,2026-05-26 20:11:00,20,1211,0.0001336872254981477,90.64,True,3.0,20260527
LONG,1935,entry,buy,1,1,1554528,2026-05-26 20:50:00,20,1250,0.00021765505058077655,-109.36,False,13.0,20260527
LONG,1935,exit,sell,1,1,1554541,2026-05-26 21:03:00,21,1263,0.000229515167891188,-109.36,False,13.0,20260527
LONG,1936,entry,buy,1,1,1554550,2026-05-26 21:12:00,21,1272,0.0002406153405769172,-34.36,False,25.0,20260527
LONG,1936,exit,sell,1,1,1554575,2026-05-26 21:37:00,21,1297,0.0002080117286927409,-34.36,False,25.0,20260527
LONG,1937,entry,buy,1,2,1554982,2026-05-27 04:24:00,4,264,0.00018870407411694488,-1038.72,False,44.0,20260527
LONG,1937,exit,sell,1,2,1555026,2026-05-27 05:08:00,5,308,0.00019633064431714807,-1038.72,False,44.0,20260527
LONG,1938,entry,buy,1,2,1555084,2026-05-27 06:06:00,6,366,0.00013253637787066002,3401.28,True,149.0,20260527
LONG,1938,exit,sell,1,2,1555233,2026-05-27 08:35:00,8,515,0.00035199172356669783,3401.28,True,149.0,20260527
LONG,1939,entry,buy,1,1,1558064,2026-05-29 09:46:00,9,586,0.00033369056646615397,510.64,True,23.0,20260529
LONG,1939,exit,sell,1,1,1558087,2026-05-29 10:09:00,10,609,0.00038920395820977375,510.64,True,23.0,20260529
LONG,1940,entry,buy,1,1,1558136,2026-05-29 10:58:00,10,658,0.0006440595244556392,-859.36,False,3.0,20260529
LONG,1940,exit,sell,1,1,1558139,2026-05-29 11:01:00,11,661,0.0006479847517421456,-859.36,False,3.0,20260529
LONG,1941,entry,buy,1,1,1558147,2026-05-29 11:09:00,11,669,0.0006690677889685475,-304.36,False,12.0,20260529
LONG,1941,exit,sell,1,1,1558159,2026-05-29 11:21:00,11,681,0.0006236195070061407,-304.36,False,12.0,20260529
SHORT,0,entry,sell,-1,1,176906,2022-07-03 20:03:00,20,1203,0.0002765770142672772,-334.36,False,377.0,20220704
SHORT,0,exit,buy,-1,1,177283,2022-07-04 02:20:00,2,140,0.00019863652073419882,-334.36,False,377.0,20220704
SHORT,1,entry,sell,-1,1,177335,2022-07-04 03:12:00,3,192,0.0002519572368452627,115.64,True,133.0,20220704
SHORT,1,exit,buy,-1,1,177468,2022-07-04 05:25:00,5,325,0.00015730541011497293,115.64,True,133.0,20220704
SHORT,2,entry,sell,-1,1,178533,2022-07-05 04:10:00,4,250,0.00036771031170008354,1470.64,True,67.0,20220705
SHORT,2,exit,buy,-1,1,178600,2022-07-05 05:17:00,5,317,0.00036776433376238836,1470.64,True,67.0,20220705
SHORT,3,entry,sell,-1,1,179421,2022-07-05 19:58:00,19,1198,0.00013878948114790142,-229.36,False,3.0,20220706
SHORT,3,exit,buy,-1,1,179424,2022-07-05 20:01:00,20,1201,0.00014899918499973596,-229.36,False,3.0,20220706
SHORT,4,entry,sell,-1,1,179527,2022-07-05 21:44:00,21,1304,0.0003838406884685866,215.64,True,70.0,20220706
SHORT,4,exit,buy,-1,1,179597,2022-07-05 22:54:00,22,1374,0.00021600236639509804,215.64,True,70.0,20220706
SHORT,5,entry,sell,-1,1,179599,2022-07-05 22:56:00,22,1376,0.00021728941470041077,-94.36,False,2.0,20220706
SHORT,5,exit,buy,-1,1,179601,2022-07-05 22:58:00,22,1378,0.00021536903360744176,-94.36,False,2.0,20220706
SHORT,6,entry,sell,-1,1,179785,2022-07-06 02:02:00,2,122,0.00024260579189654117,-554.36,False,54.0,20220706
SHORT,6,exit,buy,-1,1,179839,2022-07-06 02:56:00,2,176,0.00031955081494220935,-554.36,False,54.0,20220706
SHORT,7,entry,sell,-1,1,179907,2022-07-06 04:04:00,4,244,0.0004135455033914178,-389.36,False,11.0,20220706
SHORT,7,exit,buy,-1,1,179918,2022-07-06 04:15:00,4,255,0.00040886454430875404,-389.36,False,11.0,20220706
SHORT,8,entry,sell,-1,1,179940,2022-07-06 04:37:00,4,277,0.000349425577649509,-74.36,False,1.0,20220706
SHORT,8,exit,buy,-1,1,179941,2022-07-06 04:38:00,4,278,0.00033800758358734347,-74.36,False,1.0,20220706
SHORT,9,entry,sell,-1,1,179946,2022-07-06 04:43:00,4,283,0.00034075856457308954,0.6399999999999997,True,1.0,20220706
SHORT,9,exit,buy,-1,1,179947,2022-07-06 04:44:00,4,284,0.0003403339199351564,0.6399999999999997,True,1.0,20220706
SHORT,10,entry,sell,-1,1,179949,2022-07-06 04:46:00,4,286,0.0003324794310890318,25.64,True,1.0,20220706
SHORT,10,exit,buy,-1,1,179950,2022-07-06 04:47:00,4,287,0.00033247897295662394,25.64,True,1.0,20220706
SHORT,11,entry,sell,-1,1,179952,2022-07-06 04:49:00,4,289,0.0003250585048309007,55.64,True,1.0,20220706
SHORT,11,exit,buy,-1,1,179953,2022-07-06 04:50:00,4,290,0.00032465641053828267,55.64,True,1.0,20220706
SHORT,12,entry,sell,-1,1,179954,2022-07-06 04:51:00,4,291,0.0003215177824720997,-99.36,False,1.0,20220706
SHORT,12,exit,buy,-1,1,179955,2022-07-06 04:52:00,4,292,0.0003278519951510957,-99.36,False,1.0,20220706
SHORT,13,entry,sell,-1,1,179968,2022-07-06 05:05:00,5,305,0.00029106691629001325,-194.36,False,3.0,20220706
SHORT,13,exit,buy,-1,1,179971,2022-07-06 05:08:00,5,308,0.00029419104460248177,-194.36,False,3.0,20220706
SHORT,14,entry,sell,-1,1,183459,2022-07-10 18:16:00,18,1096,0.00013795975968534526,-59.36,False,142.0,20220711
SHORT,14,exit,buy,-1,1,183601,2022-07-10 20:38:00,20,1238,0.00018906250073320768,-59.36,False,142.0,20220711
SHORT,15,entry,sell,-1,1,183648,2022-07-10 21:25:00,21,1285,0.00023837207032569268,405.64,True,371.0,20220711
SHORT,15,exit,buy,-1,1,184019,2022-07-11 03:36:00,3,216,0.0002919734665682933,405.64,True,371.0,20220711
SHORT,16,entry,sell,-1,1,184277,2022-07-11 07:54:00,7,474,0.00015745494395231184,-464.36,False,29.0,20220711
SHORT,16,exit,buy,-1,1,184306,2022-07-11 08:23:00,8,503,0.00018254928463554005,-464.36,False,29.0,20220711
SHORT,17,entry,sell,-1,1,184374,2022-07-11 09:31:00,9,571,0.00032093657521501464,2375.64,True,41.0,20220711
SHORT,17,exit,buy,-1,1,184415,2022-07-11 10:12:00,10,612,0.0007399925904078656,2375.64,True,41.0,20220711
SHORT,18,entry,sell,-1,1,184994,2022-07-11 20:51:00,20,1251,0.00024746216983422106,440.64,True,331.0,20220712
SHORT,18,exit,buy,-1,1,185325,2022-07-12 02:22:00,2,142,0.0002125987850390759,440.64,True,331.0,20220712
SHORT,19,entry,sell,-1,1,185377,2022-07-12 03:14:00,3,194,0.00022402843734052505,-14.36,False,31.0,20220712
SHORT,19,exit,buy,-1,1,185408,2022-07-12 03:45:00,3,225,0.00033306813731886277,-14.36,False,31.0,20220712
SHORT,20,entry,sell,-1,1,185783,2022-07-12 10:00:00,10,600,0.0007456815554078767,-74.36,False,21.0,20220712
SHORT,20,exit,buy,-1,1,185804,2022-07-12 10:21:00,10,621,0.0008671424781922384,-74.36,False,21.0,20220712
SHORT,21,entry,sell,-1,1,186097,2022-07-12 15:14:00,15,914,0.0003734864175452761,-154.36,False,1.0,20220712
SHORT,21,exit,buy,-1,1,186098,2022-07-12 15:15:00,15,915,0.00038003898334620424,-154.36,False,1.0,20220712
SHORT,22,entry,sell,-1,1,186106,2022-07-12 15:23:00,15,923,0.00038686256363859004,-144.36,False,29.0,20220712
SHORT,22,exit,buy,-1,1,186135,2022-07-12 15:52:00,15,952,0.00049857632703911,-144.36,False,29.0,20220712
SHORT,23,entry,sell,-1,1,187080,2022-07-13 08:37:00,8,517,0.0029320965851257525,-184.36,False,1.0,20220713
SHORT,23,exit,buy,-1,1,187081,2022-07-13 08:38:00,8,518,0.00293397891619951,-184.36,False,1.0,20220713
SHORT,24,entry,sell,-1,1,188522,2022-07-14 09:39:00,9,579,0.0008038551302622701,-499.36,False,16.0,20220714
SHORT,24,exit,buy,-1,1,188538,2022-07-14 09:55:00,9,595,0.0009901164147122046,-499.36,False,16.0,20220714
SHORT,25,entry,sell,-1,1,188539,2022-07-14 09:56:00,9,596,0.0009916036698528843,195.64,True,1.0,20220714
SHORT,25,exit,buy,-1,1,188540,2022-07-14 09:57:00,9,597,0.0009939862306507102,195.64,True,1.0,20220714
SHORT,26,entry,sell,-1,1,188541,2022-07-14 09:58:00,9,598,0.0009936147137167056,155.64,True,1.0,20220714
SHORT,26,exit,buy,-1,1,188542,2022-07-14 09:59:00,9,599,0.0009831666288517796,155.64,True,1.0,20220714
SHORT,27,entry,sell,-1,1,188543,2022-07-14 10:00:00,10,600,0.0009873740443747492,295.64,True,31.0,20220714
SHORT,27,exit,buy,-1,1,188574,2022-07-14 10:31:00,10,631,0.0009663719048742354,295.64,True,31.0,20220714
SHORT,28,entry,sell,-1,1,188575,2022-07-14 10:32:00,10,632,0.0008163670774390538,-644.36,False,3.0,20220714
SHORT,28,exit,buy,-1,1,188578,2022-07-14 10:35:00,10,635,0.0008276926379156033,-644.36,False,3.0,20220714
SHORT,29,entry,sell,-1,1,188581,2022-07-14 10:38:00,10,638,0.0008198563927224491,-289.36,False,4.0,20220714
SHORT,29,exit,buy,-1,1,188585,2022-07-14 10:42:00,10,642,0.0008226837815519093,-289.36,False,4.0,20220714
SHORT,30,entry,sell,-1,1,191598,2022-07-18 14:55:00,14,895,0.0004931301912614171,460.64,True,105.0,20220718
SHORT,30,exit,buy,-1,1,191703,2022-07-18 16:40:00,16,1000,0.0003297976955311551,460.64,True,105.0,20220718
SHORT,31,entry,sell,-1,1,192668,2022-07-19 09:47:00,9,587,0.0003334441073989031,-1009.36,False,11.0,20220719
SHORT,31,exit,buy,-1,1,192679,2022-07-19 09:58:00,9,598,0.00040254122067991235,-1009.36,False,11.0,20220719
SHORT,32,entry,sell,-1,1,193870,2022-07-20 06:49:00,6,409,0.0003154257861002888,-614.36,False,18.0,20220720
SHORT,32,exit,buy,-1,1,193888,2022-07-20 07:07:00,7,427,0.000332937486156659,-614.36,False,18.0,20220720
SHORT,33,entry,sell,-1,1,194228,2022-07-20 12:47:00,12,767,0.00043701153132456947,0.6399999999999997,True,3.0,20220720
SHORT,33,exit,buy,-1,1,194231,2022-07-20 12:50:00,12,770,0.00044327937660274566,0.6399999999999997,True,3.0,20220720
SHORT,34,entry,sell,-1,1,198219,2022-07-25 10:18:00,10,618,0.0007361694624391599,-664.36,False,29.0,20220725
SHORT,34,exit,buy,-1,1,198248,2022-07-25 10:47:00,10,647,0.0007375165893949211,-664.36,False,29.0,20220725
SHORT,35,entry,sell,-1,1,198251,2022-07-25 10:50:00,10,650,0.0007373277903868853,160.64,True,1.0,20220725
SHORT,35,exit,buy,-1,1,198252,2022-07-25 10:51:00,10,651,0.0007311171458087729,160.64,True,1.0,20220725
SHORT,36,entry,sell,-1,1,198253,2022-07-25 10:52:00,10,652,0.0007320738210571712,-69.36,False,1.0,20220725
SHORT,36,exit,buy,-1,1,198254,2022-07-25 10:53:00,10,653,0.0007317633880513222,-69.36,False,1.0,20220725
SHORT,37,entry,sell,-1,1,198274,2022-07-25 11:13:00,11,673,0.000644682868445881,-124.36,False,12.0,20220725
SHORT,37,exit,buy,-1,1,198286,2022-07-25 11:25:00,11,685,0.0005940926305551101,-124.36,False,12.0,20220725
SHORT,38,entry,sell,-1,1,199681,2022-07-26 11:40:00,11,700,0.0003598087474908348,110.64,True,143.0,20220726
SHORT,38,exit,buy,-1,1,199824,2022-07-26 14:03:00,14,843,0.0002828172438798635,110.64,True,143.0,20220726
SHORT,39,entry,sell,-1,1,199852,2022-07-26 14:31:00,14,871,0.0003274143650038963,-639.36,False,86.0,20220726
SHORT,39,exit,buy,-1,1,199938,2022-07-26 15:57:00,15,957,0.0003516516990504217,-639.36,False,86.0,20220726
SHORT,40,entry,sell,-1,1,201324,2022-07-27 16:04:00,16,964,0.0006198123229755456,85.64,True,36.0,20220727
SHORT,40,exit,buy,-1,1,201360,2022-07-27 16:40:00,16,1000,0.0004907414893425306,85.64,True,36.0,20220727
SHORT,41,entry,sell,-1,1,202324,2022-07-28 09:44:00,9,584,0.0006397573670438865,415.64,True,18.0,20220728
SHORT,41,exit,buy,-1,1,202342,2022-07-28 10:02:00,10,602,0.0007394823037066302,415.64,True,18.0,20220728
SHORT,42,entry,sell,-1,1,202349,2022-07-28 10:09:00,10,609,0.0007850871082046983,-764.36,False,38.0,20220728
SHORT,42,exit,buy,-1,1,202387,2022-07-28 10:47:00,10,647,0.0007403204093810352,-764.36,False,38.0,20220728
SHORT,43,entry,sell,-1,1,202762,2022-07-28 18:02:00,18,1082,0.0008108740616207238,-114.36,False,142.0,20220729
SHORT,43,exit,buy,-1,1,202904,2022-07-28 20:24:00,20,1224,0.00015588978289028218,-114.36,False,142.0,20220729
SHORT,44,entry,sell,-1,1,203632,2022-07-29 08:32:00,8,512,0.0002837285744621489,-349.36,False,70.0,20220729
SHORT,44,exit,buy,-1,1,203702,2022-07-29 09:42:00,9,582,0.0005037717614019089,-349.36,False,70.0,20220729
SHORT,45,entry,sell,-1,1,203798,2022-07-29 11:18:00,11,678,0.0004607216521400564,505.64,True,7.0,20220729
SHORT,45,exit,buy,-1,1,203805,2022-07-29 11:25:00,11,685,0.0004670940009630665,505.64,True,7.0,20220729
SHORT,46,entry,sell,-1,1,204144,2022-07-31 18:04:00,18,1084,0.0001806602945011318,-144.36,False,543.0,20220801
SHORT,46,exit,buy,-1,1,204687,2022-08-01 03:07:00,3,187,0.00015476203070804797,-144.36,False,543.0,20220801
SHORT,47,entry,sell,-1,1,205074,2022-08-01 09:34:00,9,574,0.0004051873754296035,-479.36,False,2.0,20220801
SHORT,47,exit,buy,-1,1,205076,2022-08-01 09:36:00,9,576,0.00042935362310730506,-479.36,False,2.0,20220801
SHORT,48,entry,sell,-1,1,205735,2022-08-01 21:35:00,21,1295,0.0001522927013277227,-29.36,False,173.0,20220802
SHORT,48,exit,buy,-1,1,205908,2022-08-02 00:28:00,0,28,0.00010889024400469444,-29.36,False,173.0,20220802
SHORT,49,entry,sell,-1,1,205911,2022-08-02 00:31:00,0,31,0.00011071707686025055,5.64,True,1.0,20220802
SHORT,49,exit,buy,-1,1,205912,2022-08-02 00:32:00,0,32,0.00011065087509473808,5.64,True,1.0,20220802
SHORT,50,entry,sell,-1,1,205917,2022-08-02 00:37:00,0,37,0.00010480542647811266,-24.36,False,2.0,20220802
SHORT,50,exit,buy,-1,1,205919,2022-08-02 00:39:00,0,39,0.0001060192339307306,-24.36,False,2.0,20220802
SHORT,51,entry,sell,-1,1,205928,2022-08-02 00:48:00,0,48,8.672991564585715e-05,0.6399999999999997,True,5.0,20220802
SHORT,51,exit,buy,-1,1,205933,2022-08-02 00:53:00,0,53,8.487735153571485e-05,0.6399999999999997,True,5.0,20220802
SHORT,52,entry,sell,-1,1,205934,2022-08-02 00:54:00,0,54,8.428311859222749e-05,5.64,True,1.0,20220802
SHORT,52,exit,buy,-1,1,205935,2022-08-02 00:55:00,0,55,8.42529749673398e-05,5.64,True,1.0,20220802
SHORT,53,entry,sell,-1,1,205939,2022-08-02 00:59:00,0,59,8.63978409966644e-05,-114.36,False,4.0,20220802
SHORT,53,exit,buy,-1,1,205943,2022-08-02 01:03:00,1,63,9.76459802420851e-05,-114.36,False,4.0,20220802
SHORT,54,entry,sell,-1,1,205945,2022-08-02 01:05:00,1,65,0.00010031836377956887,305.64,True,29.0,20220802
SHORT,54,exit,buy,-1,1,205974,2022-08-02 01:34:00,1,94,0.00013107236378116137,305.64,True,29.0,20220802
SHORT,55,entry,sell,-1,1,205975,2022-08-02 01:35:00,1,95,0.0001308752773826579,-24.36,False,5.0,20220802
SHORT,55,exit,buy,-1,1,205980,2022-08-02 01:40:00,1,100,0.00013009826407873527,-24.36,False,5.0,20220802
SHORT,56,entry,sell,-1,1,206068,2022-08-02 03:08:00,3,188,0.00020617976647402216,-69.36,False,235.0,20220802
SHORT,56,exit,buy,-1,1,206303,2022-08-02 07:03:00,7,423,0.0002577462442609417,-69.36,False,235.0,20220802
SHORT,57,entry,sell,-1,1,206402,2022-08-02 08:42:00,8,522,0.000247565301709279,95.64,True,7.0,20220802
SHORT,57,exit,buy,-1,1,206409,2022-08-02 08:49:00,8,529,0.00025236580907298943,95.64,True,7.0,20220802
SHORT,58,entry,sell,-1,1,210531,2022-08-05 08:32:00,8,512,0.0010884767350749394,835.64,True,61.0,20220805
SHORT,58,exit,buy,-1,1,210592,2022-08-05 09:33:00,9,573,0.0006126682252729122,835.64,True,61.0,20220805
SHORT,59,entry,sell,-1,1,210662,2022-08-05 10:43:00,10,643,0.0006627037909474515,2300.64,True,71.0,20220805
SHORT,59,exit,buy,-1,1,210733,2022-08-05 11:54:00,11,714,0.0004898617767834184,2300.64,True,71.0,20220805
SHORT,60,entry,sell,-1,1,211946,2022-08-08 09:07:00,9,547,0.0003935135559784434,-254.36,False,11.0,20220808
SHORT,60,exit,buy,-1,1,211957,2022-08-08 09:18:00,9,558,0.0004350262925049371,-254.36,False,11.0,20220808
SHORT,61,entry,sell,-1,1,213162,2022-08-09 06:23:00,6,383,0.00018657872724354359,-299.36,False,40.0,20220809
SHORT,61,exit,buy,-1,1,213202,2022-08-09 07:03:00,7,423,0.00024971193951261274,-299.36,False,40.0,20220809
SHORT,62,entry,sell,-1,1,213225,2022-08-09 07:26:00,7,446,0.00023769161615624367,235.64,True,101.0,20220809
SHORT,62,exit,buy,-1,1,213326,2022-08-09 09:07:00,9,547,0.00021693628756972068,235.64,True,101.0,20220809
SHORT,63,entry,sell,-1,1,213335,2022-08-09 09:16:00,9,556,0.00021430468211195523,1275.64,True,401.0,20220809
SHORT,63,exit,buy,-1,1,213736,2022-08-09 15:57:00,15,957,0.00028389744286693136,1275.64,True,401.0,20220809
SHORT,64,entry,sell,-1,1,214677,2022-08-10 08:38:00,8,518,0.0015568530185788823,-1639.36,False,439.0,20220810
SHORT,64,exit,buy,-1,1,215116,2022-08-10 15:57:00,15,957,0.0002639415394428452,-1639.36,False,439.0,20220810
SHORT,65,entry,sell,-1,1,215832,2022-08-11 04:53:00,4,293,0.00021342921850965683,-374.36,False,7.0,20220811
SHORT,65,exit,buy,-1,1,215839,2022-08-11 05:00:00,5,300,0.00021576747376673617,-374.36,False,7.0,20220811
SHORT,66,entry,sell,-1,1,215850,2022-08-11 05:11:00,5,311,0.00019679900032438282,-69.36,False,3.0,20220811
SHORT,66,exit,buy,-1,1,215853,2022-08-11 05:14:00,5,314,0.00019717027639822447,-69.36,False,3.0,20220811
SHORT,67,entry,sell,-1,1,216186,2022-08-11 10:47:00,10,647,0.000434310797068814,75.64,True,7.0,20220811
SHORT,67,exit,buy,-1,1,216193,2022-08-11 10:54:00,10,654,0.00045943569672333425,75.64,True,7.0,20220811
SHORT,68,entry,sell,-1,1,216196,2022-08-11 10:57:00,10,657,0.00046027019703042153,25.64,True,1.0,20220811
SHORT,68,exit,buy,-1,1,216197,2022-08-11 10:58:00,10,658,0.00045449068709536465,25.64,True,1.0,20220811
SHORT,69,entry,sell,-1,1,216198,2022-08-11 10:59:00,10,659,0.000456503544020815,65.64,True,1.0,20220811
SHORT,69,exit,buy,-1,1,216199,2022-08-11 11:00:00,11,660,0.000452038929060398,65.64,True,1.0,20220811
SHORT,70,entry,sell,-1,1,216200,2022-08-11 11:01:00,11,661,0.00040703382726315723,2815.64,True,339.0,20220811
SHORT,70,exit,buy,-1,1,216539,2022-08-11 16:40:00,16,1000,0.00023830005628226663,2815.64,True,339.0,20220811
SHORT,71,entry,sell,-1,1,220557,2022-08-16 14:39:00,14,879,0.0003220460086790303,100.64,True,45.0,20220816
SHORT,71,exit,buy,-1,1,220602,2022-08-16 15:24:00,15,924,0.0004635087220296532,100.64,True,45.0,20220816
SHORT,72,entry,sell,-1,1,221301,2022-08-17 04:03:00,4,243,0.00022543117852964693,-9.36,False,8.0,20220817
SHORT,72,exit,buy,-1,1,221309,2022-08-17 04:11:00,4,251,0.00023266740539357224,-9.36,False,8.0,20220817
SHORT,73,entry,sell,-1,1,221347,2022-08-17 04:49:00,4,289,0.00019400279287208892,-304.36,False,19.0,20220817
SHORT,73,exit,buy,-1,1,221366,2022-08-17 05:08:00,5,308,0.00018053443137472922,-304.36,False,19.0,20220817
SHORT,74,entry,sell,-1,1,221408,2022-08-17 05:50:00,5,350,0.0001551599307113327,680.64,True,134.0,20220817
SHORT,74,exit,buy,-1,1,221542,2022-08-17 08:04:00,8,484,0.00020716029793386718,680.64,True,134.0,20220817
SHORT,75,entry,sell,-1,1,221571,2022-08-17 08:33:00,8,513,0.00019082857687353715,-629.36,False,6.0,20220817
SHORT,75,exit,buy,-1,1,221577,2022-08-17 08:39:00,8,519,0.00022832991234862743,-629.36,False,6.0,20220817
SHORT,76,entry,sell,-1,1,221595,2022-08-17 08:57:00,8,537,0.0003000912557391917,-174.36,False,37.0,20220817
SHORT,76,exit,buy,-1,1,221632,2022-08-17 09:34:00,9,574,0.00033846790714535505,-174.36,False,37.0,20220817
SHORT,77,entry,sell,-1,1,221712,2022-08-17 10:54:00,10,654,0.0005207212449827067,-739.36,False,102.0,20220817
SHORT,77,exit,buy,-1,1,221814,2022-08-17 12:36:00,12,756,0.0003001763089662245,-739.36,False,102.0,20220817
SHORT,78,entry,sell,-1,1,221920,2022-08-17 14:22:00,14,862,0.0006216641333577754,-859.36,False,13.0,20220817
SHORT,78,exit,buy,-1,1,221933,2022-08-17 14:35:00,14,875,0.00064987066613008,-859.36,False,13.0,20220817
SHORT,79,entry,sell,-1,1,224399,2022-08-19 09:42:00,9,582,0.0003630043290204819,1350.64,True,126.0,20220819
SHORT,79,exit,buy,-1,1,224525,2022-08-19 11:48:00,11,708,0.0003064663355697229,1350.64,True,126.0,20220819
SHORT,80,entry,sell,-1,1,225772,2022-08-22 09:35:00,9,575,0.0003313295369858427,2725.64,True,382.0,20220822
SHORT,80,exit,buy,-1,1,226154,2022-08-22 15:57:00,15,957,0.00031144905217251424,2725.64,True,382.0,20220822
SHORT,81,entry,sell,-1,1,226653,2022-08-23 01:16:00,1,76,0.00011797381532169993,-59.36,False,29.0,20220823
SHORT,81,exit,buy,-1,1,226682,2022-08-23 01:45:00,1,105,0.0001668492570419239,-59.36,False,29.0,20220823
SHORT,82,entry,sell,-1,1,226709,2022-08-23 02:12:00,2,132,0.00027414971140302016,110.64,True,39.0,20220823
SHORT,82,exit,buy,-1,1,226748,2022-08-23 02:51:00,2,171,0.000341901982066103,110.64,True,39.0,20220823
SHORT,83,entry,sell,-1,1,226793,2022-08-23 03:36:00,3,216,0.00031040513641699693,-429.36,False,5.0,20220823
SHORT,83,exit,buy,-1,1,226798,2022-08-23 03:41:00,3,221,0.0003039868315176886,-429.36,False,5.0,20220823
SHORT,84,entry,sell,-1,1,226893,2022-08-23 05:16:00,5,316,0.00018317725924658638,110.64,True,1.0,20220823
SHORT,84,exit,buy,-1,1,226894,2022-08-23 05:17:00,5,317,0.00018655525746928258,110.64,True,1.0,20220823
SHORT,85,entry,sell,-1,1,226896,2022-08-23 05:19:00,5,319,0.0001814134282593884,-179.36,False,29.0,20220823
SHORT,85,exit,buy,-1,1,226925,2022-08-23 05:48:00,5,348,0.00018603202404165507,-179.36,False,29.0,20220823
SHORT,86,entry,sell,-1,1,226926,2022-08-23 05:49:00,5,349,0.00018656695556932087,0.6399999999999997,True,1.0,20220823
SHORT,86,exit,buy,-1,1,226927,2022-08-23 05:50:00,5,350,0.00018620969686957626,0.6399999999999997,True,1.0,20220823
SHORT,87,entry,sell,-1,1,226930,2022-08-23 05:53:00,5,353,0.00018765339142528167,-29.36,False,1.0,20220823
SHORT,87,exit,buy,-1,1,226931,2022-08-23 05:54:00,5,354,0.00018770735510404378,-29.36,False,1.0,20220823
SHORT,88,entry,sell,-1,1,226945,2022-08-23 06:08:00,6,368,0.00018410528516886777,-209.36,False,35.0,20220823
SHORT,88,exit,buy,-1,1,226980,2022-08-23 06:43:00,6,403,0.00022699972031804282,-209.36,False,35.0,20220823
SHORT,89,entry,sell,-1,1,227003,2022-08-23 07:06:00,7,426,0.0002445275799079949,-399.36,False,44.0,20220823
SHORT,89,exit,buy,-1,1,227047,2022-08-23 07:50:00,7,470,0.00021088559367073864,-399.36,False,44.0,20220823
SHORT,90,entry,sell,-1,1,227096,2022-08-23 08:39:00,8,519,0.00022329395441444817,-44.36,False,53.0,20220823
SHORT,90,exit,buy,-1,1,227149,2022-08-23 09:32:00,9,572,0.0002883519890527009,-44.36,False,53.0,20220823
SHORT,91,entry,sell,-1,1,229839,2022-08-25 08:22:00,8,502,0.00017026318580729412,-74.36,False,3.0,20220825
SHORT,91,exit,buy,-1,1,229842,2022-08-25 08:25:00,8,505,0.00016939417080752395,-74.36,False,3.0,20220825
SHORT,92,entry,sell,-1,1,229843,2022-08-25 08:26:00,8,506,0.00016943704418038834,-139.36,False,4.0,20220825
SHORT,92,exit,buy,-1,1,229847,2022-08-25 08:30:00,8,510,0.00018350599506935302,-139.36,False,4.0,20220825
SHORT,93,entry,sell,-1,1,229849,2022-08-25 08:32:00,8,512,0.0002703666336301801,-4.36,False,1.0,20220825
SHORT,93,exit,buy,-1,1,229850,2022-08-25 08:33:00,8,513,0.00026865814870745126,-4.36,False,1.0,20220825
SHORT,94,entry,sell,-1,1,229910,2022-08-25 09:33:00,9,573,0.00022748804216860279,-394.36,False,23.0,20220825
SHORT,94,exit,buy,-1,1,229933,2022-08-25 09:56:00,9,596,0.0003790707026174343,-394.36,False,23.0,20220825
SHORT,95,entry,sell,-1,1,230964,2022-08-26 04:07:00,4,247,0.0002141503472285507,65.64,True,5.0,20220826
SHORT,95,exit,buy,-1,1,230969,2022-08-26 04:12:00,4,252,0.00021330953197094441,65.64,True,5.0,20220826
SHORT,96,entry,sell,-1,1,230990,2022-08-26 04:33:00,4,273,0.0001908733466336544,-304.36,False,14.0,20220826
SHORT,96,exit,buy,-1,1,231004,2022-08-26 04:47:00,4,287,0.0001833764637150574,-304.36,False,14.0,20220826
SHORT,97,entry,sell,-1,1,231050,2022-08-26 05:33:00,5,333,0.0001812837195032525,70.64,True,23.0,20220826
SHORT,97,exit,buy,-1,1,231073,2022-08-26 05:56:00,5,356,0.00016903290427780778,70.64,True,23.0,20220826
SHORT,98,entry,sell,-1,1,231074,2022-08-26 05:57:00,5,357,0.0001679583274697558,-209.36,False,5.0,20220826
SHORT,98,exit,buy,-1,1,231079,2022-08-26 06:02:00,6,362,0.00017303751366494724,-209.36,False,5.0,20220826
SHORT,99,entry,sell,-1,1,231083,2022-08-26 06:06:00,6,366,0.0001745627014686995,-49.36,False,2.0,20220826
SHORT,99,exit,buy,-1,1,231085,2022-08-26 06:08:00,6,368,0.00017349639628800275,-49.36,False,2.0,20220826
SHORT,100,entry,sell,-1,1,231087,2022-08-26 06:10:00,6,370,0.0001631241624040095,80.64,True,6.0,20220826
SHORT,100,exit,buy,-1,1,231093,2022-08-26 06:16:00,6,376,0.0001637772283183402,80.64,True,6.0,20220826
SHORT,101,entry,sell,-1,1,231094,2022-08-26 06:17:00,6,377,0.0001676257640598807,-169.36,False,8.0,20220826
SHORT,101,exit,buy,-1,1,231102,2022-08-26 06:25:00,6,385,0.00016528497797774008,-169.36,False,8.0,20220826
SHORT,102,entry,sell,-1,1,231147,2022-08-26 07:10:00,7,430,0.00015788169819239373,-314.36,False,19.0,20220826
SHORT,102,exit,buy,-1,1,231166,2022-08-26 07:29:00,7,449,0.00014890942221499804,-314.36,False,19.0,20220826
SHORT,103,entry,sell,-1,1,231284,2022-08-26 09:27:00,9,567,0.000576159609865933,115.64,True,8.0,20220826
SHORT,103,exit,buy,-1,1,231292,2022-08-26 09:35:00,9,575,0.0004518686349785661,115.64,True,8.0,20220826
SHORT,104,entry,sell,-1,1,231296,2022-08-26 09:39:00,9,579,0.0004605978224451813,-169.36,False,2.0,20220826
SHORT,104,exit,buy,-1,1,231298,2022-08-26 09:41:00,9,581,0.0004601174106027159,-169.36,False,2.0,20220826
SHORT,105,entry,sell,-1,1,231320,2022-08-26 10:03:00,10,603,0.0008222821061920732,8100.64,True,397.0,20220826
SHORT,105,exit,buy,-1,1,231717,2022-08-26 16:40:00,16,1000,0.00027147045069495065,8100.64,True,397.0,20220826
SHORT,106,entry,sell,-1,1,235429,2022-08-31 09:33:00,9,573,0.0005285363734214522,380.64,True,4.0,20220831
SHORT,106,exit,buy,-1,1,235433,2022-08-31 09:37:00,9,577,0.0005966556165255409,380.64,True,4.0,20220831
SHORT,107,entry,sell,-1,1,235523,2022-08-31 11:07:00,11,667,0.0008303478279193094,-414.36,False,13.0,20220831
SHORT,107,exit,buy,-1,1,235536,2022-08-31 11:20:00,11,680,0.0007273805525825885,-414.36,False,13.0,20220831
SHORT,108,entry,sell,-1,1,235549,2022-08-31 11:33:00,11,693,0.0006603527445111906,-534.36,False,3.0,20220831
SHORT,108,exit,buy,-1,1,235552,2022-08-31 11:36:00,11,696,0.0006565953692746473,-534.36,False,3.0,20220831
SHORT,109,entry,sell,-1,1,235635,2022-08-31 12:59:00,12,779,0.00038934253037331914,-34.36,False,1.0,20220831
SHORT,109,exit,buy,-1,1,235636,2022-08-31 13:00:00,13,780,0.00038982372101678146,-34.36,False,1.0,20220831
SHORT,110,entry,sell,-1,1,235641,2022-08-31 13:05:00,13,785,0.0003893874121731524,-279.36,False,3.0,20220831
SHORT,110,exit,buy,-1,1,235644,2022-08-31 13:08:00,13,788,0.0003644356171828476,-279.36,False,3.0,20220831
SHORT,111,entry,sell,-1,1,235646,2022-08-31 13:10:00,13,790,0.0003601547599784562,10.64,True,1.0,20220831
SHORT,111,exit,buy,-1,1,235647,2022-08-31 13:11:00,13,791,0.0003533776423990312,10.64,True,1.0,20220831
SHORT,112,entry,sell,-1,1,235648,2022-08-31 13:12:00,13,792,0.00035527776610185197,-159.36,False,1.0,20220831
SHORT,112,exit,buy,-1,1,235649,2022-08-31 13:13:00,13,793,0.0003597787798846683,-159.36,False,1.0,20220831
SHORT,113,entry,sell,-1,1,235656,2022-08-31 13:20:00,13,800,0.0003409479151337997,450.64,True,200.0,20220831
SHORT,113,exit,buy,-1,1,235856,2022-08-31 16:40:00,16,1000,0.0003600293401036323,450.64,True,200.0,20220831
SHORT,114,entry,sell,-1,1,237740,2022-09-02 02:04:00,2,124,0.00021398633242513516,-414.36,False,18.0,20220902
SHORT,114,exit,buy,-1,1,237758,2022-09-02 02:22:00,2,142,0.00024250183319991146,-414.36,False,18.0,20220902
SHORT,115,entry,sell,-1,1,238139,2022-09-02 08:43:00,8,523,0.0008823265288356604,90.64,True,11.0,20220902
SHORT,115,exit,buy,-1,1,238150,2022-09-02 08:54:00,8,534,0.000931411174096031,90.64,True,11.0,20220902
SHORT,116,entry,sell,-1,1,238188,2022-09-02 09:32:00,9,572,0.0006454980337167388,-269.36,False,46.0,20220902
SHORT,116,exit,buy,-1,1,238234,2022-09-02 10:18:00,10,618,0.0008487807695120732,-269.36,False,46.0,20220902
SHORT,117,entry,sell,-1,1,238249,2022-09-02 10:33:00,10,633,0.0008338319443558357,330.64,True,66.0,20220902
SHORT,117,exit,buy,-1,1,238315,2022-09-02 11:39:00,11,699,0.0005937991999205003,330.64,True,66.0,20220902
SHORT,118,entry,sell,-1,1,238383,2022-09-02 12:47:00,12,767,0.0005550052014026252,2270.64,True,233.0,20220902
SHORT,118,exit,buy,-1,1,238616,2022-09-02 16:40:00,16,1000,0.00041667123011169356,2270.64,True,233.0,20220902
SHORT,119,entry,sell,-1,1,240715,2022-09-06 09:39:00,9,579,0.00059148625829407,1795.64,True,48.0,20220906
SHORT,119,exit,buy,-1,1,240763,2022-09-06 10:27:00,10,627,0.0009451023689428067,1795.64,True,48.0,20220906
SHORT,120,entry,sell,-1,1,241298,2022-09-06 20:22:00,20,1222,0.00030851480868044587,-889.36,False,272.0,20220907
SHORT,120,exit,buy,-1,1,241570,2022-09-07 00:54:00,0,54,0.0001297653598712804,-889.36,False,272.0,20220907
SHORT,121,entry,sell,-1,1,241722,2022-09-07 03:26:00,3,206,0.00031195486232992223,-394.36,False,12.0,20220907
SHORT,121,exit,buy,-1,1,241734,2022-09-07 03:38:00,3,218,0.00033070029933758533,-394.36,False,12.0,20220907
SHORT,122,entry,sell,-1,1,241977,2022-09-07 07:41:00,7,461,0.00033414832571786873,-579.36,False,4.0,20220907
SHORT,122,exit,buy,-1,1,241981,2022-09-07 07:45:00,7,465,0.0003662459120899942,-579.36,False,4.0,20220907
SHORT,123,entry,sell,-1,1,242882,2022-09-08 03:33:00,3,213,0.00031261452788013805,35.64,True,3.0,20220908
SHORT,123,exit,buy,-1,1,242885,2022-09-08 03:36:00,3,216,0.0003108332817732452,35.64,True,3.0,20220908
SHORT,124,entry,sell,-1,1,242905,2022-09-08 03:57:00,3,237,0.00037461935675504274,-279.36,False,3.0,20220908
SHORT,124,exit,buy,-1,1,242908,2022-09-08 04:00:00,4,240,0.0003821694622208368,-279.36,False,3.0,20220908
SHORT,125,entry,sell,-1,1,242911,2022-09-08 04:03:00,4,243,0.00038514550278904134,-399.36,False,17.0,20220908
SHORT,125,exit,buy,-1,1,242928,2022-09-08 04:20:00,4,260,0.0003858932094301105,-399.36,False,17.0,20220908
SHORT,126,entry,sell,-1,1,243165,2022-09-08 08:33:00,8,513,0.0003942079790595879,940.64,True,69.0,20220908
SHORT,126,exit,buy,-1,1,243234,2022-09-08 09:42:00,9,582,0.0008258308785599161,940.64,True,69.0,20220908
SHORT,127,entry,sell,-1,1,245195,2022-09-11 21:19:00,21,1279,0.00018849317776681437,-204.36,False,281.0,20220912
SHORT,127,exit,buy,-1,1,245475,2022-09-12 02:00:00,2,120,0.00012784215357359828,-204.36,False,281.0,20220912
SHORT,128,entry,sell,-1,1,245486,2022-09-12 02:11:00,2,131,0.00013909838759204333,-294.36,False,25.0,20220912
SHORT,128,exit,buy,-1,1,245511,2022-09-12 02:36:00,2,156,0.00016008785755780247,-294.36,False,25.0,20220912
SHORT,129,entry,sell,-1,1,245605,2022-09-12 04:10:00,4,250,0.00025578388852415983,-389.36,False,23.0,20220912
SHORT,129,exit,buy,-1,1,245628,2022-09-12 04:33:00,4,273,0.0002008319080944517,-389.36,False,23.0,20220912
SHORT,130,entry,sell,-1,1,245714,2022-09-12 05:59:00,5,359,0.0001542952654089679,10.64,True,1.0,20220912
SHORT,130,exit,buy,-1,1,245715,2022-09-12 06:00:00,6,360,0.0001545973417567033,10.64,True,1.0,20220912
SHORT,131,entry,sell,-1,1,245717,2022-09-12 06:02:00,6,362,0.00015822432914862895,-59.36,False,86.0,20220912
SHORT,131,exit,buy,-1,1,245803,2022-09-12 07:28:00,7,448,0.00020009173153894387,-59.36,False,86.0,20220912
SHORT,132,entry,sell,-1,1,245854,2022-09-12 08:19:00,8,499,0.00017106931098990157,105.64,True,30.0,20220912
SHORT,132,exit,buy,-1,1,245884,2022-09-12 08:49:00,8,529,0.00022300998044502023,105.64,True,30.0,20220912
SHORT,133,entry,sell,-1,1,247247,2022-09-13 08:32:00,8,512,0.0023346947814875856,-184.36,False,3.0,20220913
SHORT,133,exit,buy,-1,1,247250,2022-09-13 08:35:00,8,515,0.0023726879246848413,-184.36,False,3.0,20220913
SHORT,134,entry,sell,-1,1,247252,2022-09-13 08:37:00,8,517,0.0023848151985177038,1200.64,True,55.0,20220913
SHORT,134,exit,buy,-1,1,247307,2022-09-13 09:32:00,9,572,0.0008229951886438206,1200.64,True,55.0,20220913
SHORT,135,entry,sell,-1,1,248689,2022-09-14 09:34:00,9,574,0.00041319193118276505,-224.36,False,9.0,20220914
SHORT,135,exit,buy,-1,1,248698,2022-09-14 09:43:00,9,583,0.0004729036262196872,-224.36,False,9.0,20220914
SHORT,136,entry,sell,-1,1,249898,2022-09-15 06:43:00,6,403,0.00023936608114155956,-454.36,False,31.0,20220915
SHORT,136,exit,buy,-1,1,249929,2022-09-15 07:14:00,7,434,0.0002832847503434203,-454.36,False,31.0,20220915
SHORT,137,entry,sell,-1,1,249957,2022-09-15 07:42:00,7,462,0.00023484489503964573,90.64,True,49.0,20220915
SHORT,137,exit,buy,-1,1,250006,2022-09-15 08:31:00,8,511,0.00035761781474320087,90.64,True,49.0,20220915
SHORT,138,entry,sell,-1,1,250010,2022-09-15 08:35:00,8,515,0.0004042972624727204,-514.36,False,5.0,20220915
SHORT,138,exit,buy,-1,1,250015,2022-09-15 08:40:00,8,520,0.0004401506105196018,-514.36,False,5.0,20220915
SHORT,139,entry,sell,-1,1,250043,2022-09-15 09:08:00,9,548,0.0004717100442353796,40.64,True,34.0,20220915
SHORT,139,exit,buy,-1,1,250077,2022-09-15 09:42:00,9,582,0.0004973566684878523,40.64,True,34.0,20220915
SHORT,140,entry,sell,-1,1,250128,2022-09-15 10:33:00,10,633,0.0007521356202193473,1300.64,True,330.0,20220915
SHORT,140,exit,buy,-1,1,250458,2022-09-15 16:03:00,16,963,0.0005773293259775975,1300.64,True,330.0,20220915
SHORT,141,entry,sell,-1,1,251447,2022-09-16 09:32:00,9,572,0.00048743224982987217,-1239.36,False,42.0,20220916
SHORT,141,exit,buy,-1,1,251489,2022-09-16 10:14:00,10,614,0.0007820901180303573,-1239.36,False,42.0,20220916
SHORT,142,entry,sell,-1,1,251522,2022-09-16 10:47:00,10,647,0.0007808317950032637,-34.36,False,31.0,20220916
SHORT,142,exit,buy,-1,1,251553,2022-09-16 11:18:00,11,678,0.0006797731821904188,-34.36,False,31.0,20220916
SHORT,143,entry,sell,-1,1,251574,2022-09-16 11:39:00,11,699,0.0005352856224520815,-9.36,False,2.0,20220916
SHORT,143,exit,buy,-1,1,251576,2022-09-16 11:41:00,11,701,0.0005253871162439304,-9.36,False,2.0,20220916
SHORT,144,entry,sell,-1,1,251903,2022-09-18 18:08:00,18,1088,0.0003005351959295407,-1154.36,False,141.0,20220919
SHORT,144,exit,buy,-1,1,252044,2022-09-18 20:29:00,20,1229,0.00018045381887726,-1154.36,False,141.0,20220919
SHORT,145,entry,sell,-1,1,252045,2022-09-18 20:30:00,20,1230,0.0001805096867300345,-34.36,False,1.0,20220919
SHORT,145,exit,buy,-1,1,252046,2022-09-18 20:31:00,20,1231,0.00018175994034427625,-34.36,False,1.0,20220919
SHORT,146,entry,sell,-1,1,252049,2022-09-18 20:34:00,20,1234,0.00018380925343371946,-59.36,False,2.0,20220919
SHORT,146,exit,buy,-1,1,252051,2022-09-18 20:36:00,20,1236,0.00018188986500859217,-59.36,False,2.0,20220919
SHORT,147,entry,sell,-1,1,252052,2022-09-18 20:37:00,20,1237,0.00018053549734674563,-9.36,False,2.0,20220919
SHORT,147,exit,buy,-1,1,252054,2022-09-18 20:39:00,20,1239,0.0001792825957175423,-9.36,False,2.0,20220919
SHORT,148,entry,sell,-1,1,252056,2022-09-18 20:41:00,20,1241,0.00018425189648402828,-99.36,False,2.0,20220919
SHORT,148,exit,buy,-1,1,252058,2022-09-18 20:43:00,20,1243,0.00018414691917935697,-99.36,False,2.0,20220919
SHORT,149,entry,sell,-1,1,253499,2022-09-19 21:44:00,21,1304,0.00017205497983936014,-64.36,False,1.0,20220920
SHORT,149,exit,buy,-1,1,253500,2022-09-19 21:45:00,21,1305,0.00017388879177016695,-64.36,False,1.0,20220920
SHORT,150,entry,sell,-1,1,253503,2022-09-19 21:48:00,21,1308,0.0001780028519354423,-9.36,False,1.0,20220920
SHORT,150,exit,buy,-1,1,253504,2022-09-19 21:49:00,21,1309,0.00017744763605080505,-9.36,False,1.0,20220920
SHORT,151,entry,sell,-1,1,253758,2022-09-20 02:03:00,2,123,0.00013864408162013388,55.64,True,1.0,20220920
SHORT,151,exit,buy,-1,1,253759,2022-09-20 02:04:00,2,124,0.00014137715818953345,55.64,True,1.0,20220920
SHORT,152,entry,sell,-1,1,253858,2022-09-20 03:43:00,3,223,0.00028468392224739053,345.64,True,51.0,20220920
SHORT,152,exit,buy,-1,1,253909,2022-09-20 04:34:00,4,274,0.00028737109490638654,345.64,True,51.0,20220920
SHORT,153,entry,sell,-1,1,253930,2022-09-20 04:55:00,4,295,0.00024888996254146143,240.64,True,127.0,20220920
SHORT,153,exit,buy,-1,1,254057,2022-09-20 07:02:00,7,422,0.00018972291180367214,240.64,True,127.0,20220920
SHORT,154,entry,sell,-1,1,254096,2022-09-20 07:41:00,7,461,0.00025744945786932994,720.64,True,128.0,20220920
SHORT,154,exit,buy,-1,1,254224,2022-09-20 09:49:00,9,589,0.0004207875896177683,720.64,True,128.0,20220920
SHORT,155,entry,sell,-1,1,255138,2022-09-21 02:04:00,2,124,0.00031157404238687055,-474.36,False,1.0,20220921
SHORT,155,exit,buy,-1,1,255139,2022-09-21 02:05:00,2,125,0.00036651306493544554,-474.36,False,1.0,20220921
SHORT,156,entry,sell,-1,1,255167,2022-09-21 02:33:00,2,153,0.00041818360865449484,-469.36,False,16.0,20220921
SHORT,156,exit,buy,-1,1,255183,2022-09-21 02:49:00,2,169,0.00044810956602813704,-469.36,False,16.0,20220921
SHORT,157,entry,sell,-1,1,255192,2022-09-21 02:58:00,2,178,0.000407856173132094,-19.36,False,1.0,20220921
SHORT,157,exit,buy,-1,1,255193,2022-09-21 02:59:00,2,179,0.00040293009193596337,-19.36,False,1.0,20220921
SHORT,158,entry,sell,-1,1,255194,2022-09-21 03:00:00,3,180,0.0004032754483446403,75.64,True,3.0,20220921
SHORT,158,exit,buy,-1,1,255197,2022-09-21 03:03:00,3,183,0.0003949551675338874,75.64,True,3.0,20220921
SHORT,159,entry,sell,-1,1,255198,2022-09-21 03:04:00,3,184,0.00039437366061463054,-454.36,False,13.0,20220921
SHORT,159,exit,buy,-1,1,255211,2022-09-21 03:17:00,3,197,0.0003478184933359872,-454.36,False,13.0,20220921
SHORT,160,entry,sell,-1,1,258794,2022-09-25 18:03:00,18,1083,0.0003133937734482342,-649.36,False,261.0,20220926
SHORT,160,exit,buy,-1,1,259055,2022-09-25 22:24:00,22,1344,0.0002797999916100331,-649.36,False,261.0,20220926
SHORT,161,entry,sell,-1,1,259136,2022-09-25 23:45:00,23,1425,0.00022107955395588662,125.64,True,197.0,20220926
SHORT,161,exit,buy,-1,1,259333,2022-09-26 03:02:00,3,182,0.00037082571133579173,125.64,True,197.0,20220926
SHORT,162,entry,sell,-1,1,259384,2022-09-26 03:53:00,3,233,0.0006030763246293606,-534.36,False,33.0,20220926
SHORT,162,exit,buy,-1,1,259417,2022-09-26 04:26:00,4,266,0.000531052663978793,-534.36,False,33.0,20220926
SHORT,163,entry,sell,-1,1,259459,2022-09-26 05:08:00,5,308,0.0003556587891444933,595.64,True,82.0,20220926
SHORT,163,exit,buy,-1,1,259541,2022-09-26 06:30:00,6,390,0.000362814525698393,595.64,True,82.0,20220926
SHORT,164,entry,sell,-1,1,259553,2022-09-26 06:42:00,6,402,0.00034646160408682836,-74.36,False,2.0,20220926
SHORT,164,exit,buy,-1,1,259555,2022-09-26 06:44:00,6,404,0.00033376924204949664,-74.36,False,2.0,20220926
SHORT,165,entry,sell,-1,1,259556,2022-09-26 06:45:00,6,405,0.0003379544486992421,-4.36,False,1.0,20220926
SHORT,165,exit,buy,-1,1,259557,2022-09-26 06:46:00,6,406,0.0003350320362937733,-4.36,False,1.0,20220926
SHORT,166,entry,sell,-1,1,259558,2022-09-26 06:47:00,6,407,0.00033481689847877596,-24.36,False,1.0,20220926
SHORT,166,exit,buy,-1,1,259559,2022-09-26 06:48:00,6,408,0.00033487651616796125,-24.36,False,1.0,20220926
SHORT,167,entry,sell,-1,1,259574,2022-09-26 07:03:00,7,423,0.0003118924148016289,-704.36,False,84.0,20220926
SHORT,167,exit,buy,-1,1,259658,2022-09-26 08:27:00,8,507,0.0003148947928323776,-704.36,False,84.0,20220926
SHORT,168,entry,sell,-1,1,259837,2022-09-26 11:26:00,11,686,0.0006521092456797101,-659.36,False,33.0,20220926
SHORT,168,exit,buy,-1,1,259870,2022-09-26 11:59:00,11,719,0.0007158216731079097,-659.36,False,33.0,20220926
SHORT,169,entry,sell,-1,1,261218,2022-09-27 11:30:00,11,690,0.0006340683502231156,-404.36,False,5.0,20220927
SHORT,169,exit,buy,-1,1,261223,2022-09-27 11:35:00,11,695,0.0005935812089186883,-404.36,False,5.0,20220927
SHORT,170,entry,sell,-1,1,261242,2022-09-27 11:54:00,11,714,0.000547781716291206,1470.64,True,35.0,20220927
SHORT,170,exit,buy,-1,1,261277,2022-09-27 12:29:00,12,749,0.000624021544652616,1470.64,True,35.0,20220927
SHORT,171,entry,sell,-1,1,261756,2022-09-27 21:28:00,21,1288,0.0003379559301839985,1180.64,True,117.0,20220928
SHORT,171,exit,buy,-1,1,261873,2022-09-27 23:25:00,23,1405,0.0002933463274995379,1180.64,True,117.0,20220928
SHORT,172,entry,sell,-1,1,263179,2022-09-28 22:11:00,22,1331,0.00021508875962867,-764.36,False,105.0,20220929
SHORT,172,exit,buy,-1,1,263284,2022-09-28 23:56:00,23,1436,0.00016043182638685136,-764.36,False,105.0,20220929
SHORT,173,entry,sell,-1,1,263285,2022-09-28 23:57:00,23,1437,0.00016110580257456647,5.64,True,5.0,20220929
SHORT,173,exit,buy,-1,1,263290,2022-09-29 00:02:00,0,2,0.00016434702511670108,5.64,True,5.0,20220929
SHORT,174,entry,sell,-1,1,263291,2022-09-29 00:03:00,0,3,0.00016434323700697265,-29.36,False,10.0,20220929
SHORT,174,exit,buy,-1,1,263301,2022-09-29 00:13:00,0,13,0.0001523593267916458,-29.36,False,10.0,20220929
SHORT,175,entry,sell,-1,1,263383,2022-09-29 01:35:00,1,95,0.0002116283452366935,1290.64,True,63.0,20220929
SHORT,175,exit,buy,-1,1,263446,2022-09-29 02:38:00,2,158,0.00040433743679293245,1290.64,True,63.0,20220929
SHORT,176,entry,sell,-1,1,263472,2022-09-29 03:04:00,3,184,0.0004485638898594347,750.64,True,54.0,20220929
SHORT,176,exit,buy,-1,1,263526,2022-09-29 03:58:00,3,238,0.0004883748570365371,750.64,True,54.0,20220929
SHORT,177,entry,sell,-1,1,264471,2022-09-29 20:43:00,20,1243,0.00024323732940613525,-79.36,False,4.0,20220930
SHORT,177,exit,buy,-1,1,264475,2022-09-29 20:47:00,20,1247,0.0002497791501579479,-79.36,False,4.0,20220930
SHORT,178,entry,sell,-1,1,264477,2022-09-29 20:49:00,20,1249,0.00024738000687600476,-419.36,False,14.0,20220930
SHORT,178,exit,buy,-1,1,264491,2022-09-29 21:03:00,21,1263,0.00027705316376262854,-419.36,False,14.0,20220930
SHORT,179,entry,sell,-1,1,264492,2022-09-29 21:04:00,21,1264,0.00027844982566649096,-279.36,False,10.0,20220930
SHORT,179,exit,buy,-1,1,264502,2022-09-29 21:14:00,21,1274,0.00030669209533770915,-279.36,False,10.0,20220930
SHORT,180,entry,sell,-1,1,264506,2022-09-29 21:18:00,21,1278,0.00031414689123787263,-369.36,False,32.0,20220930
SHORT,180,exit,buy,-1,1,264538,2022-09-29 21:50:00,21,1310,0.00033831319704272895,-369.36,False,32.0,20220930
SHORT,181,entry,sell,-1,1,264567,2022-09-29 22:19:00,22,1339,0.0003247730538215034,-129.36,False,172.0,20220930
SHORT,181,exit,buy,-1,1,264739,2022-09-30 01:11:00,1,71,0.00021821207073723746,-129.36,False,172.0,20220930
SHORT,182,entry,sell,-1,1,264786,2022-09-30 01:58:00,1,118,0.0002596919340857211,-624.36,False,14.0,20220930
SHORT,182,exit,buy,-1,1,264800,2022-09-30 02:12:00,2,132,0.00028630851095797356,-624.36,False,14.0,20220930
SHORT,183,entry,sell,-1,1,268517,2022-10-04 19:09:00,19,1149,0.0001534552349196673,1815.64,True,864.0,20221005
SHORT,183,exit,buy,-1,1,269381,2022-10-05 09:33:00,9,573,0.00035343219837969346,1815.64,True,864.0,20221005
SHORT,184,entry,sell,-1,1,272590,2022-10-09 18:02:00,18,1082,0.0001232080214501534,-214.36,False,161.0,20221010
SHORT,184,exit,buy,-1,1,272751,2022-10-09 20:43:00,20,1243,0.0004088727118673753,-214.36,False,161.0,20221010
SHORT,185,entry,sell,-1,1,273122,2022-10-10 02:54:00,2,174,0.00027713712669630243,-554.36,False,10.0,20221010
SHORT,185,exit,buy,-1,1,273132,2022-10-10 03:04:00,3,184,0.0002869751959776963,-554.36,False,10.0,20221010
SHORT,186,entry,sell,-1,1,273182,2022-10-10 03:54:00,3,234,0.0004023161210167168,265.64,True,69.0,20221010
SHORT,186,exit,buy,-1,1,273251,2022-10-10 05:03:00,5,303,0.00029534726269529326,265.64,True,69.0,20221010
SHORT,187,entry,sell,-1,1,273365,2022-10-10 06:57:00,6,417,0.00023335595163872863,-709.36,False,24.0,20221010
SHORT,187,exit,buy,-1,1,273389,2022-10-10 07:21:00,7,441,0.0002553583479265133,-709.36,False,24.0,20221010
SHORT,188,entry,sell,-1,1,273521,2022-10-10 09:33:00,9,573,0.00043717684889947004,615.64,True,55.0,20221010
SHORT,188,exit,buy,-1,1,273576,2022-10-10 10:28:00,10,628,0.0007270447618505212,615.64,True,55.0,20221010
SHORT,189,entry,sell,-1,1,273582,2022-10-10 10:34:00,10,634,0.0006810716406107789,-194.36,False,77.0,20221010
SHORT,189,exit,buy,-1,1,273659,2022-10-10 11:51:00,11,711,0.0005495990453032001,-194.36,False,77.0,20221010
SHORT,190,entry,sell,-1,1,273677,2022-10-10 12:09:00,12,729,0.0005201833517040872,-789.36,False,271.0,20221010
SHORT,190,exit,buy,-1,1,273948,2022-10-10 16:40:00,16,1000,0.0004733958722218443,-789.36,False,271.0,20221010
SHORT,191,entry,sell,-1,1,274904,2022-10-11 09:36:00,9,576,0.0004057340623284232,670.64,True,41.0,20221011
SHORT,191,exit,buy,-1,1,274945,2022-10-11 10:17:00,10,617,0.0006833711034040306,670.64,True,41.0,20221011
SHORT,192,entry,sell,-1,1,275240,2022-10-11 15:12:00,15,912,0.0005937199781272921,-1334.36,False,25.0,20221011
SHORT,192,exit,buy,-1,1,275265,2022-10-11 15:37:00,15,937,0.0008058663860245308,-1334.36,False,25.0,20221011
SHORT,193,entry,sell,-1,1,275920,2022-10-12 03:32:00,3,212,0.00047461655822491884,-374.36,False,12.0,20221012
SHORT,193,exit,buy,-1,1,275932,2022-10-12 03:44:00,3,224,0.0004991351877615053,-374.36,False,12.0,20221012
SHORT,194,entry,sell,-1,1,275933,2022-10-12 03:45:00,3,225,0.0004996387147311718,-144.36,False,1.0,20221012
SHORT,194,exit,buy,-1,1,275934,2022-10-12 03:46:00,3,226,0.0005041239202251854,-144.36,False,1.0,20221012
SHORT,195,entry,sell,-1,1,276219,2022-10-12 08:31:00,8,511,0.0008567281934071158,-934.36,False,67.0,20221012
SHORT,195,exit,buy,-1,1,276286,2022-10-12 09:38:00,9,578,0.0006971594667721176,-934.36,False,67.0,20221012
SHORT,196,entry,sell,-1,1,278240,2022-10-13 20:13:00,20,1213,0.0002137816255064048,-329.36,False,13.0,20221014
SHORT,196,exit,buy,-1,1,278253,2022-10-13 20:26:00,20,1226,0.0002520145696722345,-329.36,False,13.0,20221014
SHORT,197,entry,sell,-1,1,278730,2022-10-14 04:23:00,4,263,0.0004762575819649239,115.64,True,1.0,20221014
SHORT,197,exit,buy,-1,1,278731,2022-10-14 04:24:00,4,264,0.00047825486340888807,115.64,True,1.0,20221014
SHORT,198,entry,sell,-1,1,278732,2022-10-14 04:25:00,4,265,0.00047258353077434787,-319.36,False,100.0,20221014
SHORT,198,exit,buy,-1,1,278832,2022-10-14 06:05:00,6,365,0.00042466545226003667,-319.36,False,100.0,20221014
SHORT,199,entry,sell,-1,1,278947,2022-10-14 08:00:00,8,480,0.00040722966494860025,-1119.36,False,23.0,20221014
SHORT,199,exit,buy,-1,1,278970,2022-10-14 08:23:00,8,503,0.0004152945182555828,-1119.36,False,23.0,20221014
SHORT,200,entry,sell,-1,1,281414,2022-10-18 03:07:00,3,187,0.00036901271233206345,-609.36,False,25.0,20221018
SHORT,200,exit,buy,-1,1,281439,2022-10-18 03:32:00,3,212,0.0004464774253959615,-609.36,False,25.0,20221018
SHORT,201,entry,sell,-1,1,281512,2022-10-18 04:45:00,4,285,0.00029744741774231237,-84.36,False,73.0,20221018
SHORT,201,exit,buy,-1,1,281585,2022-10-18 05:58:00,5,358,0.0003442909449715677,-84.36,False,73.0,20221018
SHORT,202,entry,sell,-1,1,281807,2022-10-18 09:40:00,9,580,0.0004775858375625358,3745.64,True,377.0,20221018
SHORT,202,exit,buy,-1,1,282184,2022-10-18 15:57:00,15,957,0.0005709969858992182,3745.64,True,377.0,20221018
SHORT,203,entry,sell,-1,1,282694,2022-10-19 01:27:00,1,87,0.0001564259272558113,945.64,True,146.0,20221019
SHORT,203,exit,buy,-1,1,282840,2022-10-19 03:53:00,3,233,0.00042393878091853763,945.64,True,146.0,20221019
SHORT,204,entry,sell,-1,1,282856,2022-10-19 04:09:00,4,249,0.0004096940837292064,-29.36,False,57.0,20221019
SHORT,204,exit,buy,-1,1,282913,2022-10-19 05:06:00,5,306,0.0003833237475782977,-29.36,False,57.0,20221019
SHORT,205,entry,sell,-1,1,282934,2022-10-19 05:27:00,5,327,0.0003187145598004615,-499.36,False,4.0,20221019
SHORT,205,exit,buy,-1,1,282938,2022-10-19 05:31:00,5,331,0.0003368126433348017,-499.36,False,4.0,20221019
SHORT,206,entry,sell,-1,1,282990,2022-10-19 06:23:00,6,383,0.0003293439030779821,1645.64,True,191.0,20221019
SHORT,206,exit,buy,-1,1,283181,2022-10-19 09:34:00,9,574,0.0005596478158564012,1645.64,True,191.0,20221019
SHORT,207,entry,sell,-1,1,283683,2022-10-19 18:56:00,18,1136,0.00019990182128794108,155.64,True,327.0,20221020
SHORT,207,exit,buy,-1,1,284010,2022-10-20 00:23:00,0,23,0.0005111806253944374,155.64,True,327.0,20221020
SHORT,208,entry,sell,-1,1,284028,2022-10-20 00:41:00,0,41,0.0005201041235317782,-474.36,False,13.0,20221020
SHORT,208,exit,buy,-1,1,284041,2022-10-20 00:54:00,0,54,0.0005272065521004531,-474.36,False,13.0,20221020
SHORT,209,entry,sell,-1,1,284099,2022-10-20 01:52:00,1,112,0.0004298243561725953,450.64,True,171.0,20221020
SHORT,209,exit,buy,-1,1,284270,2022-10-20 04:43:00,4,283,0.00035016039401489875,450.64,True,171.0,20221020
SHORT,210,entry,sell,-1,1,284505,2022-10-20 08:38:00,8,518,0.0005583008632262008,215.64,True,3.0,20221020
SHORT,210,exit,buy,-1,1,284508,2022-10-20 08:41:00,8,521,0.0005912694022137066,215.64,True,3.0,20221020
SHORT,211,entry,sell,-1,1,284509,2022-10-20 08:42:00,8,522,0.0006024885310435477,95.64,True,1.0,20221020
SHORT,211,exit,buy,-1,1,284510,2022-10-20 08:43:00,8,523,0.0006044369768641857,95.64,True,1.0,20221020
SHORT,212,entry,sell,-1,1,284512,2022-10-20 08:45:00,8,525,0.0006118519753083381,-689.36,False,47.0,20221020
SHORT,212,exit,buy,-1,1,284559,2022-10-20 09:32:00,9,572,0.0006425767142430134,-689.36,False,47.0,20221020
SHORT,213,entry,sell,-1,1,284969,2022-10-20 16:22:00,16,982,0.0006069436671649079,-194.36,False,18.0,20221020
SHORT,213,exit,buy,-1,1,284987,2022-10-20 16:40:00,16,1000,0.0005598503682564545,-194.36,False,18.0,20221020
SHORT,214,entry,sell,-1,1,286557,2022-10-23 20:50:00,20,1250,0.0003449884281841475,2025.64,True,543.0,20221024
SHORT,214,exit,buy,-1,1,287100,2022-10-24 05:53:00,5,353,0.0003573619997272069,2025.64,True,543.0,20221024
SHORT,215,entry,sell,-1,1,289091,2022-10-25 16:04:00,16,964,0.0005814037074641458,490.64,True,36.0,20221025
SHORT,215,exit,buy,-1,1,289127,2022-10-25 16:40:00,16,1000,0.0006993193456544102,490.64,True,36.0,20221025
SHORT,216,entry,sell,-1,1,289148,2022-10-25 18:01:00,18,1081,0.0006703284689009167,585.64,True,240.0,20221026
SHORT,216,exit,buy,-1,1,289388,2022-10-25 22:01:00,22,1321,0.0002131925522659547,585.64,True,240.0,20221026
SHORT,217,entry,sell,-1,1,289879,2022-10-26 06:12:00,6,372,0.0002854925515591967,-259.36,False,16.0,20221026
SHORT,217,exit,buy,-1,1,289895,2022-10-26 06:28:00,6,388,0.000266165360830363,-259.36,False,16.0,20221026
SHORT,218,entry,sell,-1,1,289941,2022-10-26 07:14:00,7,434,0.00022007628316562594,-549.36,False,11.0,20221026
SHORT,218,exit,buy,-1,1,289952,2022-10-26 07:25:00,7,445,0.00023733265674872432,-549.36,False,11.0,20221026
SHORT,219,entry,sell,-1,1,289978,2022-10-26 07:51:00,7,471,0.0002911271848354444,-114.36,False,8.0,20221026
SHORT,219,exit,buy,-1,1,289986,2022-10-26 07:59:00,7,479,0.00028718854846067343,-114.36,False,8.0,20221026
SHORT,220,entry,sell,-1,1,289988,2022-10-26 08:01:00,8,481,0.00028831502332829614,-24.36,False,1.0,20221026
SHORT,220,exit,buy,-1,1,289989,2022-10-26 08:02:00,8,482,0.00028572450315185883,-24.36,False,1.0,20221026
SHORT,221,entry,sell,-1,1,290028,2022-10-26 08:41:00,8,521,0.00030000037895406054,60.64,True,1.0,20221026
SHORT,221,exit,buy,-1,1,290029,2022-10-26 08:42:00,8,522,0.0002990845171923441,60.64,True,1.0,20221026
SHORT,222,entry,sell,-1,1,290030,2022-10-26 08:43:00,8,523,0.00029860240012362377,-159.36,False,8.0,20221026
SHORT,222,exit,buy,-1,1,290038,2022-10-26 08:51:00,8,531,0.000298952109483824,-159.36,False,8.0,20221026
SHORT,223,entry,sell,-1,1,290039,2022-10-26 08:52:00,8,532,0.0002990098400268321,-34.36,False,1.0,20221026
SHORT,223,exit,buy,-1,1,290040,2022-10-26 08:53:00,8,533,0.0002975712013681859,-34.36,False,1.0,20221026
SHORT,224,entry,sell,-1,1,290076,2022-10-26 09:29:00,9,569,0.0002684413296392572,-204.36,False,4.0,20221026
SHORT,224,exit,buy,-1,1,290080,2022-10-26 09:33:00,9,573,0.0004565258552769103,-204.36,False,4.0,20221026
SHORT,225,entry,sell,-1,1,290464,2022-10-26 15:57:00,15,957,0.00048254176551202173,-159.36,False,5.0,20221026
SHORT,225,exit,buy,-1,1,290469,2022-10-26 16:02:00,16,962,0.000471644728967902,-159.36,False,5.0,20221026
SHORT,226,entry,sell,-1,1,290477,2022-10-26 16:10:00,16,970,0.0007623735970099826,-489.36,False,30.0,20221026
SHORT,226,exit,buy,-1,1,290507,2022-10-26 16:40:00,16,1000,0.0007700860321743649,-489.36,False,30.0,20221026
SHORT,227,entry,sell,-1,1,291069,2022-10-27 03:02:00,3,182,0.00025325102567301213,-494.36,False,9.0,20221027
SHORT,227,exit,buy,-1,1,291078,2022-10-27 03:11:00,3,191,0.0003006282466096517,-494.36,False,9.0,20221027
SHORT,228,entry,sell,-1,1,291096,2022-10-27 03:29:00,3,209,0.0003603677936155977,-254.36,False,47.0,20221027
SHORT,228,exit,buy,-1,1,291143,2022-10-27 04:16:00,4,256,0.00034058311854167804,-254.36,False,47.0,20221027
SHORT,229,entry,sell,-1,1,291193,2022-10-27 05:06:00,5,306,0.0002865814926080396,560.64,True,132.0,20221027
SHORT,229,exit,buy,-1,1,291325,2022-10-27 07:18:00,7,438,0.00030191598797089654,560.64,True,132.0,20221027
SHORT,230,entry,sell,-1,1,291388,2022-10-27 08:21:00,8,501,0.0003471330268464608,-1224.36,False,10.0,20221027
SHORT,230,exit,buy,-1,1,291398,2022-10-27 08:31:00,8,511,0.0005078793343371124,-1224.36,False,10.0,20221027
SHORT,231,entry,sell,-1,1,292470,2022-10-28 03:23:00,3,203,0.0003517059834779445,-429.36,False,48.0,20221028
SHORT,231,exit,buy,-1,1,292518,2022-10-28 04:11:00,4,251,0.0003697040525741255,-429.36,False,48.0,20221028
SHORT,232,entry,sell,-1,1,292583,2022-10-28 05:16:00,5,316,0.0002571640281568596,-734.36,False,44.0,20221028
SHORT,232,exit,buy,-1,1,292627,2022-10-28 06:00:00,6,360,0.00025246763109730173,-734.36,False,44.0,20221028
SHORT,233,entry,sell,-1,1,292791,2022-10-28 08:44:00,8,524,0.0008326788961968241,-754.36,False,22.0,20221028
SHORT,233,exit,buy,-1,1,292813,2022-10-28 09:06:00,9,546,0.000853483619355044,-754.36,False,22.0,20221028
SHORT,234,entry,sell,-1,1,293291,2022-10-30 18:04:00,18,1084,0.00016721911082175398,810.64,True,553.0,20221031
SHORT,234,exit,buy,-1,1,293844,2022-10-31 03:17:00,3,197,0.00016358506312295123,810.64,True,553.0,20221031
SHORT,235,entry,sell,-1,1,293898,2022-10-31 04:11:00,4,251,0.0002457719521362108,80.64,True,262.0,20221031
SHORT,235,exit,buy,-1,1,294160,2022-10-31 08:33:00,8,513,0.0002472710866122724,80.64,True,262.0,20221031
SHORT,236,entry,sell,-1,1,294236,2022-10-31 09:49:00,9,589,0.0006916636704530669,170.64,True,1.0,20221031
SHORT,236,exit,buy,-1,1,294237,2022-10-31 09:50:00,9,590,0.0006951949455639328,170.64,True,1.0,20221031
SHORT,237,entry,sell,-1,1,295613,2022-11-01 09:46:00,9,586,0.0004831752097973688,185.64,True,4.0,20221101
SHORT,237,exit,buy,-1,1,295617,2022-11-01 09:50:00,9,590,0.0004990291947297818,185.64,True,4.0,20221101
SHORT,238,entry,sell,-1,1,295620,2022-11-01 09:53:00,9,593,0.0005194826203269694,185.64,True,1.0,20221101
SHORT,238,exit,buy,-1,1,295621,2022-11-01 09:54:00,9,594,0.0005256312694432944,185.64,True,1.0,20221101
SHORT,239,entry,sell,-1,1,295622,2022-11-01 09:55:00,9,595,0.0005261869570212251,1785.64,True,23.0,20221101
SHORT,239,exit,buy,-1,1,295645,2022-11-01 10:18:00,10,618,0.0007174542008379403,1785.64,True,23.0,20221101
SHORT,240,entry,sell,-1,1,299745,2022-11-04 09:38:00,9,578,0.0009634256166447171,135.64,True,19.0,20221104
SHORT,240,exit,buy,-1,1,299764,2022-11-04 09:57:00,9,597,0.0010116243347375034,135.64,True,19.0,20221104
SHORT,241,entry,sell,-1,1,299863,2022-11-04 11:36:00,11,696,0.0007351636230962071,-54.36,False,1.0,20221104
SHORT,241,exit,buy,-1,1,299864,2022-11-04 11:37:00,11,697,0.0007312891837521635,-54.36,False,1.0,20221104
SHORT,242,entry,sell,-1,1,299865,2022-11-04 11:38:00,11,698,0.0007438470636536732,1035.64,True,39.0,20221104
SHORT,242,exit,buy,-1,1,299904,2022-11-04 12:17:00,12,737,0.0007352850498611413,1035.64,True,39.0,20221104
SHORT,243,entry,sell,-1,1,300188,2022-11-06 18:01:00,18,1081,0.00022118808870389434,45.64,True,39.0,20221106
SHORT,243,exit,buy,-1,1,300227,2022-11-06 18:40:00,18,1120,0.00028707078907415877,45.64,True,39.0,20221106
SHORT,244,entry,sell,-1,1,301492,2022-11-08 03:18:00,3,198,0.00024682494311776784,-9.36,False,1.0,20221108
SHORT,244,exit,buy,-1,1,301493,2022-11-08 03:19:00,3,199,0.0002461229706512237,-9.36,False,1.0,20221108
SHORT,245,entry,sell,-1,1,301866,2022-11-08 09:32:00,9,572,0.00030185613350476527,-479.36,False,23.0,20221108
SHORT,245,exit,buy,-1,1,301889,2022-11-08 09:55:00,9,595,0.0005035639972558629,-479.36,False,23.0,20221108
SHORT,246,entry,sell,-1,1,301890,2022-11-08 09:56:00,9,596,0.0005069159038336065,315.64,True,1.0,20221108
SHORT,246,exit,buy,-1,1,301891,2022-11-08 09:57:00,9,597,0.0005250760363957383,315.64,True,1.0,20221108
SHORT,247,entry,sell,-1,1,301892,2022-11-08 09:58:00,9,598,0.0005251380052424604,-139.36,False,1.0,20221108
SHORT,247,exit,buy,-1,1,301893,2022-11-08 09:59:00,9,599,0.0005291560184677888,-139.36,False,1.0,20221108
SHORT,248,entry,sell,-1,1,301896,2022-11-08 10:02:00,10,602,0.000534166236442178,-84.36,False,5.0,20221108
SHORT,248,exit,buy,-1,1,301901,2022-11-08 10:07:00,10,607,0.0005778228582144664,-84.36,False,5.0,20221108
SHORT,249,entry,sell,-1,1,302134,2022-11-08 14:00:00,14,840,0.0006134558102148232,-274.36,False,1.0,20221108
SHORT,249,exit,buy,-1,1,302135,2022-11-08 14:01:00,14,841,0.0006303626147022383,-274.36,False,1.0,20221108
SHORT,250,entry,sell,-1,1,302138,2022-11-08 14:04:00,14,844,0.0006223717592636535,155.64,True,1.0,20221108
SHORT,250,exit,buy,-1,1,302139,2022-11-08 14:05:00,14,845,0.0006236038992885442,155.64,True,1.0,20221108
SHORT,251,entry,sell,-1,1,302140,2022-11-08 14:06:00,14,846,0.0006225386928378338,-854.36,False,154.0,20221108
SHORT,251,exit,buy,-1,1,302294,2022-11-08 16:40:00,16,1000,0.0003809502090875631,-854.36,False,154.0,20221108
SHORT,252,entry,sell,-1,1,303246,2022-11-09 09:32:00,9,572,0.00041708832760497904,-444.36,False,12.0,20221109
SHORT,252,exit,buy,-1,1,303258,2022-11-09 09:44:00,9,584,0.0005185025264510128,-444.36,False,12.0,20221109
SHORT,253,entry,sell,-1,1,303266,2022-11-09 09:52:00,9,592,0.0006093833048728167,-789.36,False,15.0,20221109
SHORT,253,exit,buy,-1,1,303281,2022-11-09 10:07:00,10,607,0.0006233885037525744,-789.36,False,15.0,20221109
SHORT,254,entry,sell,-1,1,303308,2022-11-09 10:34:00,10,634,0.0007010079746584565,-399.36,False,36.0,20221109
SHORT,254,exit,buy,-1,1,303344,2022-11-09 11:10:00,11,670,0.0005858083069333496,-399.36,False,36.0,20221109
SHORT,255,entry,sell,-1,1,305867,2022-11-11 07:13:00,7,433,0.0002515003113054418,-594.36,False,53.0,20221111
SHORT,255,exit,buy,-1,1,305920,2022-11-11 08:06:00,8,486,0.00025501467065752867,-594.36,False,53.0,20221111
SHORT,256,entry,sell,-1,1,305984,2022-11-11 09:10:00,9,550,0.00028433560630730897,-339.36,False,63.0,20221111
SHORT,256,exit,buy,-1,1,306047,2022-11-11 10:13:00,10,613,0.0008677517321425166,-339.36,False,63.0,20221111
SHORT,257,entry,sell,-1,1,306122,2022-11-11 11:28:00,11,688,0.0006299925549391987,-494.36,False,14.0,20221111
SHORT,257,exit,buy,-1,1,306136,2022-11-11 11:42:00,11,702,0.0006368321557405334,-494.36,False,14.0,20221111
SHORT,258,entry,sell,-1,1,306456,2022-11-13 18:02:00,18,1082,0.00016250235043571657,-599.36,False,267.0,20221114
SHORT,258,exit,buy,-1,1,306723,2022-11-13 22:29:00,22,1349,0.00013423815056838384,-599.36,False,267.0,20221114
SHORT,259,entry,sell,-1,1,306873,2022-11-14 00:59:00,0,59,0.0001500190716423106,-654.36,False,91.0,20221114
SHORT,259,exit,buy,-1,1,306964,2022-11-14 02:30:00,2,150,0.00016873541407682628,-654.36,False,91.0,20221114
SHORT,260,entry,sell,-1,1,308996,2022-11-15 13:22:00,13,802,0.0004917677344150291,1385.64,True,22.0,20221115
SHORT,260,exit,buy,-1,1,309018,2022-11-15 13:44:00,13,824,0.0008173039075940188,1385.64,True,22.0,20221115
SHORT,261,entry,sell,-1,1,309217,2022-11-15 18:03:00,18,1083,0.000273237097177792,-359.36,False,10.0,20221116
SHORT,261,exit,buy,-1,1,309227,2022-11-15 18:13:00,18,1093,0.00020074147336955752,-359.36,False,10.0,20221116
SHORT,262,entry,sell,-1,1,309366,2022-11-15 20:32:00,20,1232,0.0002848086000637112,170.64,True,1.0,20221116
SHORT,262,exit,buy,-1,1,309367,2022-11-15 20:33:00,20,1233,0.00029160957620285726,170.64,True,1.0,20221116
SHORT,263,entry,sell,-1,1,310113,2022-11-16 08:59:00,8,539,0.000512135767090755,1210.64,True,433.0,20221116
SHORT,263,exit,buy,-1,1,310546,2022-11-16 16:12:00,16,972,0.00037207939846634015,1210.64,True,433.0,20221116
SHORT,264,entry,sell,-1,1,311230,2022-11-17 04:36:00,4,276,0.00026505428496151416,-344.36,False,49.0,20221117
SHORT,264,exit,buy,-1,1,311279,2022-11-17 05:25:00,5,325,0.00028219111770442384,-344.36,False,49.0,20221117
SHORT,265,entry,sell,-1,1,311300,2022-11-17 05:46:00,5,346,0.00023076267527818748,920.64,True,65.0,20221117
SHORT,265,exit,buy,-1,1,311365,2022-11-17 06:51:00,6,411,0.0003818790371352911,920.64,True,65.0,20221117
SHORT,266,entry,sell,-1,1,311410,2022-11-17 07:36:00,7,456,0.00038958170357270396,1380.64,True,116.0,20221117
SHORT,266,exit,buy,-1,1,311526,2022-11-17 09:32:00,9,572,0.00042756619018290994,1380.64,True,116.0,20221117
SHORT,267,entry,sell,-1,1,312432,2022-11-18 01:38:00,1,98,0.00017103595602797886,-279.36,False,13.0,20221118
SHORT,267,exit,buy,-1,1,312445,2022-11-18 01:51:00,1,111,0.0001793442538119718,-279.36,False,13.0,20221118
SHORT,268,entry,sell,-1,1,312906,2022-11-18 09:32:00,9,572,0.00047668607358338383,285.64,True,11.0,20221118
SHORT,268,exit,buy,-1,1,312917,2022-11-18 09:43:00,9,583,0.000556158565138743,285.64,True,11.0,20221118
SHORT,269,entry,sell,-1,1,312918,2022-11-18 09:44:00,9,584,0.0005625427655252746,0.6399999999999997,True,3.0,20221118
SHORT,269,exit,buy,-1,1,312921,2022-11-18 09:47:00,9,587,0.000575475628865859,0.6399999999999997,True,3.0,20221118
SHORT,270,entry,sell,-1,1,312922,2022-11-18 09:48:00,9,588,0.000577572150440453,875.64,True,54.0,20221118
SHORT,270,exit,buy,-1,1,312976,2022-11-18 10:42:00,10,642,0.0006626381665674383,875.64,True,54.0,20221118
SHORT,271,entry,sell,-1,1,312992,2022-11-18 10:58:00,10,658,0.000693071876868223,-699.36,False,249.0,20221118
SHORT,271,exit,buy,-1,1,313241,2022-11-18 15:07:00,15,907,0.00035067174920509097,-699.36,False,249.0,20221118
SHORT,272,entry,sell,-1,1,313490,2022-11-20 20:16:00,20,1216,0.00017460116540749408,-154.36,False,437.0,20221121
SHORT,272,exit,buy,-1,1,313927,2022-11-21 03:33:00,3,213,0.00028334273469783877,-154.36,False,437.0,20221121
SHORT,273,entry,sell,-1,1,313941,2022-11-21 03:47:00,3,227,0.0002876591304083865,395.64,True,267.0,20221121
SHORT,273,exit,buy,-1,1,314208,2022-11-21 08:14:00,8,494,0.00016920976792088866,395.64,True,267.0,20221121
SHORT,274,entry,sell,-1,1,314360,2022-11-21 10:46:00,10,646,0.0005125252867342751,-219.36,False,19.0,20221121
SHORT,274,exit,buy,-1,1,314379,2022-11-21 11:05:00,11,665,0.0003998160680166135,-219.36,False,19.0,20221121
SHORT,275,entry,sell,-1,1,314433,2022-11-21 11:59:00,11,719,0.0003827667469162376,-209.36,False,15.0,20221121
SHORT,275,exit,buy,-1,1,314448,2022-11-21 12:14:00,12,734,0.00039121663689182525,-209.36,False,15.0,20221121
SHORT,276,entry,sell,-1,1,314457,2022-11-21 12:23:00,12,743,0.00037907917098553936,-199.36,False,46.0,20221121
SHORT,276,exit,buy,-1,1,314503,2022-11-21 13:09:00,13,789,0.0002884703127283153,-199.36,False,46.0,20221121
SHORT,277,entry,sell,-1,1,314504,2022-11-21 13:10:00,13,790,0.00028673862336068103,-84.36,False,1.0,20221121
SHORT,277,exit,buy,-1,1,314505,2022-11-21 13:11:00,13,791,0.0002885213666119302,-84.36,False,1.0,20221121
SHORT,278,entry,sell,-1,1,315318,2022-11-22 03:44:00,3,224,0.0002661041085614713,-244.36,False,4.0,20221122
SHORT,278,exit,buy,-1,1,315322,2022-11-22 03:48:00,3,228,0.00027148865512346114,-244.36,False,4.0,20221122
SHORT,279,entry,sell,-1,1,319542,2022-11-25 09:12:00,9,552,0.00014240019396303196,-339.36,False,66.0,20221125
SHORT,279,exit,buy,-1,1,319608,2022-11-25 10:18:00,10,618,0.00041291524161480176,-339.36,False,66.0,20221125
SHORT,280,entry,sell,-1,1,322195,2022-11-29 11:10:00,11,670,0.0005178334516737024,-504.36,False,182.0,20221129
SHORT,280,exit,buy,-1,1,322377,2022-11-29 14:12:00,14,852,0.0002967518853507749,-504.36,False,182.0,20221129
SHORT,281,entry,sell,-1,1,322389,2022-11-29 14:24:00,14,864,0.0002491106979030754,150.64,True,136.0,20221129
SHORT,281,exit,buy,-1,1,322525,2022-11-29 16:40:00,16,1000,0.00023044243400481679,150.64,True,136.0,20221129
SHORT,282,entry,sell,-1,1,324532,2022-12-01 04:07:00,4,247,0.0002497182934248918,-49.36,False,59.0,20221201
SHORT,282,exit,buy,-1,1,324591,2022-12-01 05:06:00,5,306,0.00022237517284634685,-49.36,False,59.0,20221201
SHORT,283,entry,sell,-1,1,324643,2022-12-01 05:58:00,5,358,0.00016054087543619592,-49.36,False,29.0,20221201
SHORT,283,exit,buy,-1,1,324672,2022-12-01 06:27:00,6,387,0.0001885966982873185,-49.36,False,29.0,20221201
SHORT,284,entry,sell,-1,1,324673,2022-12-01 06:28:00,6,388,0.00018848372206155785,-189.36,False,3.0,20221201
SHORT,284,exit,buy,-1,1,324676,2022-12-01 06:31:00,6,391,0.0001915978076235759,-189.36,False,3.0,20221201
SHORT,285,entry,sell,-1,1,324856,2022-12-01 09:31:00,9,571,0.000480042005156629,-619.36,False,3.0,20221201
SHORT,285,exit,buy,-1,1,324859,2022-12-01 09:34:00,9,574,0.00044046717191382356,-619.36,False,3.0,20221201
SHORT,286,entry,sell,-1,1,324898,2022-12-01 10:13:00,10,613,0.0006558429624703867,-694.36,False,90.0,20221201
SHORT,286,exit,buy,-1,1,324988,2022-12-01 11:43:00,11,703,0.000632967055792152,-694.36,False,90.0,20221201
SHORT,287,entry,sell,-1,1,327819,2022-12-05 12:54:00,12,774,0.00028841895384834366,585.64,True,183.0,20221205
SHORT,287,exit,buy,-1,1,328002,2022-12-05 15:57:00,15,957,0.0003665431887537198,585.64,True,183.0,20221205
SHORT,288,entry,sell,-1,1,329012,2022-12-06 09:47:00,9,587,0.00034286380383645926,-259.36,False,4.0,20221206
SHORT,288,exit,buy,-1,1,329016,2022-12-06 09:51:00,9,591,0.00037012809303353373,-259.36,False,4.0,20221206
SHORT,289,entry,sell,-1,1,329021,2022-12-06 09:56:00,9,596,0.00040781491293139264,2830.64,True,361.0,20221206
SHORT,289,exit,buy,-1,1,329382,2022-12-06 15:57:00,15,957,0.00042709148732337403,2830.64,True,361.0,20221206
SHORT,290,entry,sell,-1,1,330093,2022-12-07 04:48:00,4,288,0.0002412503607114769,-234.36,False,20.0,20221207
SHORT,290,exit,buy,-1,1,330113,2022-12-07 05:08:00,5,308,0.00025323182205208187,-234.36,False,20.0,20221207
SHORT,291,entry,sell,-1,1,330211,2022-12-07 06:46:00,6,406,0.00024554600543176536,745.64,True,84.0,20221207
SHORT,291,exit,buy,-1,1,330295,2022-12-07 08:10:00,8,490,0.00030518686116916814,745.64,True,84.0,20221207
SHORT,292,entry,sell,-1,1,330357,2022-12-07 09:12:00,9,552,0.0003906428574121146,-619.36,False,4.0,20221207
SHORT,292,exit,buy,-1,1,330361,2022-12-07 09:16:00,9,556,0.0004078580534770891,-619.36,False,4.0,20221207
SHORT,293,entry,sell,-1,1,330394,2022-12-07 09:49:00,9,589,0.0006757550925439281,270.64,True,1.0,20221207
SHORT,293,exit,buy,-1,1,330395,2022-12-07 09:50:00,9,590,0.000686516518348015,270.64,True,1.0,20221207
SHORT,294,entry,sell,-1,1,330396,2022-12-07 09:51:00,9,591,0.0006868995546591811,-9.36,False,1.0,20221207
SHORT,294,exit,buy,-1,1,330397,2022-12-07 09:52:00,9,592,0.0006769440297345049,-9.36,False,1.0,20221207
SHORT,295,entry,sell,-1,1,330399,2022-12-07 09:54:00,9,594,0.000718519451960987,0.6399999999999997,True,1.0,20221207
SHORT,295,exit,buy,-1,1,330400,2022-12-07 09:55:00,9,595,0.0007185196419449106,0.6399999999999997,True,1.0,20221207
SHORT,296,entry,sell,-1,1,330407,2022-12-07 10:02:00,10,602,0.0007344854207952986,-339.36,False,2.0,20221207
SHORT,296,exit,buy,-1,1,330409,2022-12-07 10:04:00,10,604,0.000745723336314959,-339.36,False,2.0,20221207
SHORT,297,entry,sell,-1,1,330417,2022-12-07 10:12:00,10,612,0.0008748450135739051,-889.36,False,3.0,20221207
SHORT,297,exit,buy,-1,1,330420,2022-12-07 10:15:00,10,615,0.0009211232477861276,-889.36,False,3.0,20221207
SHORT,298,entry,sell,-1,1,330421,2022-12-07 10:16:00,10,616,0.0009149436392556624,-159.36,False,1.0,20221207
SHORT,298,exit,buy,-1,1,330422,2022-12-07 10:17:00,10,617,0.0009163184182539937,-159.36,False,1.0,20221207
SHORT,299,entry,sell,-1,1,330430,2022-12-07 10:25:00,10,625,0.0009364137700904992,245.64,True,1.0,20221207
SHORT,299,exit,buy,-1,1,330431,2022-12-07 10:26:00,10,626,0.0009376793507126863,245.64,True,1.0,20221207
SHORT,300,entry,sell,-1,1,330432,2022-12-07 10:27:00,10,627,0.0009381524567353756,-964.36,False,4.0,20221207
SHORT,300,exit,buy,-1,1,330436,2022-12-07 10:31:00,10,631,0.0009648614547174286,-964.36,False,4.0,20221207
SHORT,301,entry,sell,-1,1,330948,2022-12-07 20:03:00,20,1203,0.000244028978783514,-784.36,False,134.0,20221208
SHORT,301,exit,buy,-1,1,331082,2022-12-07 22:17:00,22,1337,0.00013662414798850525,-784.36,False,134.0,20221208
SHORT,302,entry,sell,-1,1,331758,2022-12-08 09:33:00,9,573,0.0003040415141778515,415.64,True,15.0,20221208
SHORT,302,exit,buy,-1,1,331773,2022-12-08 09:48:00,9,588,0.00040481598656022186,415.64,True,15.0,20221208
SHORT,303,entry,sell,-1,1,333077,2022-12-09 08:32:00,8,512,0.0015573933716931266,-914.36,False,2.0,20221209
SHORT,303,exit,buy,-1,1,333079,2022-12-09 08:34:00,8,514,0.0015893501280503247,-914.36,False,2.0,20221209
SHORT,304,entry,sell,-1,1,333091,2022-12-09 08:46:00,8,526,0.001639246655119499,-239.36,False,1.0,20221209
SHORT,304,exit,buy,-1,1,333092,2022-12-09 08:47:00,8,527,0.0016434508125822956,-239.36,False,1.0,20221209
SHORT,305,entry,sell,-1,1,333137,2022-12-09 09:32:00,9,572,0.0007570875777382222,-1529.36,False,14.0,20221209
SHORT,305,exit,buy,-1,1,333151,2022-12-09 09:46:00,9,586,0.0007121586538432379,-1529.36,False,14.0,20221209
SHORT,306,entry,sell,-1,1,335835,2022-12-13 08:33:00,8,513,0.002757564327945557,-499.36,False,6.0,20221213
SHORT,306,exit,buy,-1,1,335841,2022-12-13 08:39:00,8,519,0.002863244441646806,-499.36,False,6.0,20221213
SHORT,307,entry,sell,-1,1,335894,2022-12-13 09:32:00,9,572,0.0016069963087422528,5880.64,True,385.0,20221213
SHORT,307,exit,buy,-1,1,336279,2022-12-13 15:57:00,15,957,0.0007350614151720692,5880.64,True,385.0,20221213
SHORT,308,entry,sell,-1,1,337577,2022-12-14 14:35:00,14,875,0.0015467406155415739,-2719.36,False,82.0,20221214
SHORT,308,exit,buy,-1,1,337659,2022-12-14 15:57:00,15,957,0.00134277076286666,-2719.36,False,82.0,20221214
SHORT,309,entry,sell,-1,1,338227,2022-12-15 02:25:00,2,145,0.00020515171774805363,7420.64,True,855.0,20221215
SHORT,309,exit,buy,-1,1,339082,2022-12-15 16:40:00,16,1000,0.00030162179829719594,7420.64,True,855.0,20221215
SHORT,310,entry,sell,-1,1,339653,2022-12-16 03:11:00,3,191,0.0002986033465849309,1085.64,True,32.0,20221216
SHORT,310,exit,buy,-1,1,339685,2022-12-16 03:43:00,3,223,0.0003945027511093919,1085.64,True,32.0,20221216
SHORT,311,entry,sell,-1,1,341784,2022-12-19 15:42:00,15,942,0.00046503776573493793,-594.36,False,12.0,20221219
SHORT,311,exit,buy,-1,1,341796,2022-12-19 15:54:00,15,954,0.00046082966027902276,-594.36,False,12.0,20221219
SHORT,312,entry,sell,-1,1,342109,2022-12-19 22:07:00,22,1327,0.00024075278172137088,1625.64,True,211.0,20221220
SHORT,312,exit,buy,-1,1,342320,2022-12-20 01:38:00,1,98,0.00019509455128590024,1625.64,True,211.0,20221220
SHORT,313,entry,sell,-1,1,345419,2022-12-22 07:18:00,7,438,0.00017962588689888977,280.64,True,4.0,20221222
SHORT,313,exit,buy,-1,1,345423,2022-12-22 07:22:00,7,442,0.0001947868249455933,280.64,True,4.0,20221222
SHORT,314,entry,sell,-1,1,345424,2022-12-22 07:23:00,7,443,0.00019322084569450932,4825.64,True,514.0,20221222
SHORT,314,exit,buy,-1,1,345938,2022-12-22 15:57:00,15,957,0.0005841066027805354,4825.64,True,514.0,20221222
SHORT,315,entry,sell,-1,1,346119,2022-12-22 19:58:00,19,1198,0.00013945467946212145,-909.36,False,48.0,20221223
SHORT,315,exit,buy,-1,1,346167,2022-12-22 20:46:00,20,1246,0.00018132632479748808,-909.36,False,48.0,20221223
SHORT,316,entry,sell,-1,1,346875,2022-12-23 08:34:00,8,514,0.00082916236936533,-754.36,False,4.0,20221223
SHORT,316,exit,buy,-1,1,346879,2022-12-23 08:38:00,8,518,0.0008734919192114334,-754.36,False,4.0,20221223
SHORT,317,entry,sell,-1,1,348000,2022-12-27 04:19:00,4,259,0.00015869134046856353,45.64,True,1.0,20221227
SHORT,317,exit,buy,-1,1,348001,2022-12-27 04:20:00,4,260,0.00015776775698749096,45.64,True,1.0,20221227
SHORT,318,entry,sell,-1,1,348220,2022-12-27 07:59:00,7,479,0.00022055566493405394,-304.36,False,26.0,20221227
SHORT,318,exit,buy,-1,1,348246,2022-12-27 08:25:00,8,505,0.00022181274649442278,-304.36,False,26.0,20221227
SHORT,319,entry,sell,-1,1,348263,2022-12-27 08:42:00,8,522,0.000237051947177513,-214.36,False,25.0,20221227
SHORT,319,exit,buy,-1,1,348288,2022-12-27 09:07:00,9,547,0.0002567338538749738,-214.36,False,25.0,20221227
SHORT,320,entry,sell,-1,1,348292,2022-12-27 09:11:00,9,551,0.00027479989851427063,-324.36,False,10.0,20221227
SHORT,320,exit,buy,-1,1,348302,2022-12-27 09:21:00,9,561,0.0002797917010226604,-324.36,False,10.0,20221227
SHORT,321,entry,sell,-1,1,348310,2022-12-27 09:29:00,9,569,0.0002965548236410719,2805.64,True,431.0,20221227
SHORT,321,exit,buy,-1,1,348741,2022-12-27 16:40:00,16,1000,0.00025922619560404266,2805.64,True,431.0,20221227
SHORT,322,entry,sell,-1,1,349799,2022-12-28 11:18:00,11,678,0.0005069218104813001,-224.36,False,76.0,20221228
SHORT,322,exit,buy,-1,1,349875,2022-12-28 12:34:00,12,754,0.0003277115039968941,-224.36,False,76.0,20221228
SHORT,323,entry,sell,-1,1,349933,2022-12-28 13:32:00,13,812,0.00041344285923062516,1055.64,True,188.0,20221228
SHORT,323,exit,buy,-1,1,350121,2022-12-28 16:40:00,16,1000,0.0002559089793266483,1055.64,True,188.0,20221228
SHORT,324,entry,sell,-1,1,351967,2022-12-30 01:29:00,1,89,0.0001438215253530625,5.64,True,9.0,20221230
SHORT,324,exit,buy,-1,1,351976,2022-12-30 01:38:00,1,98,0.00013622013674341368,5.64,True,9.0,20221230
SHORT,325,entry,sell,-1,1,351995,2022-12-30 01:57:00,1,117,0.00013469759386220263,-59.36,False,177.0,20221230
SHORT,325,exit,buy,-1,1,352172,2022-12-30 04:54:00,4,294,0.0002227649345878595,-59.36,False,177.0,20221230
SHORT,326,entry,sell,-1,1,352301,2022-12-30 07:03:00,7,423,0.00017526948727014164,740.64,True,42.0,20221230
SHORT,326,exit,buy,-1,1,352343,2022-12-30 07:45:00,7,465,0.00024483676883138247,740.64,True,42.0,20221230
SHORT,327,entry,sell,-1,1,352359,2022-12-30 08:01:00,8,481,0.0002552501052305443,15.64,True,54.0,20221230
SHORT,327,exit,buy,-1,1,352413,2022-12-30 08:55:00,8,535,0.00023019144404755378,15.64,True,54.0,20221230
SHORT,328,entry,sell,-1,1,352466,2022-12-30 09:48:00,9,588,0.0005048955774716127,-114.36,False,5.0,20221230
SHORT,328,exit,buy,-1,1,352471,2022-12-30 09:53:00,9,593,0.0005867425953252543,-114.36,False,5.0,20221230
SHORT,329,entry,sell,-1,1,352911,2023-01-02 18:13:00,18,1093,0.0002964244996798212,750.64,True,250.0,20230103
SHORT,329,exit,buy,-1,1,353161,2023-01-02 22:23:00,22,1343,0.0001590330115035556,750.64,True,250.0,20230103
SHORT,330,entry,sell,-1,1,353581,2023-01-03 05:23:00,5,323,0.0002951494510149346,-614.36,False,34.0,20230103
SHORT,330,exit,buy,-1,1,353615,2023-01-03 05:57:00,5,357,0.0002640492152909148,-614.36,False,34.0,20230103
SHORT,331,entry,sell,-1,1,353632,2023-01-03 06:14:00,6,374,0.0002569672834359531,590.64,True,78.0,20230103
SHORT,331,exit,buy,-1,1,353710,2023-01-03 07:32:00,7,452,0.0003942500066830092,590.64,True,78.0,20230103
SHORT,332,entry,sell,-1,1,353747,2023-01-03 08:09:00,8,489,0.00030197485781452047,-669.36,False,14.0,20230103
SHORT,332,exit,buy,-1,1,353761,2023-01-03 08:23:00,8,503,0.0003497391643382589,-669.36,False,14.0,20230103
SHORT,333,entry,sell,-1,1,353830,2023-01-03 09:32:00,9,572,0.0003208421618190123,-1604.36,False,10.0,20230103
SHORT,333,exit,buy,-1,1,353840,2023-01-03 09:42:00,9,582,0.0005983737485096747,-1604.36,False,10.0,20230103
SHORT,334,entry,sell,-1,1,355211,2023-01-04 09:33:00,9,573,0.00040746916567806755,-499.36,False,3.0,20230104
SHORT,334,exit,buy,-1,1,355214,2023-01-04 09:36:00,9,576,0.0005172508950101916,-499.36,False,3.0,20230104
SHORT,335,entry,sell,-1,1,355223,2023-01-04 09:45:00,9,585,0.0007193682129766636,-409.36,False,7.0,20230104
SHORT,335,exit,buy,-1,1,355230,2023-01-04 09:52:00,9,592,0.0007512429553556499,-409.36,False,7.0,20230104
SHORT,336,entry,sell,-1,1,355231,2023-01-04 09:53:00,9,593,0.0007514153813519186,135.64,True,1.0,20230104
SHORT,336,exit,buy,-1,1,355232,2023-01-04 09:54:00,9,594,0.0007527331838795123,135.64,True,1.0,20230104
SHORT,337,entry,sell,-1,1,355233,2023-01-04 09:55:00,9,595,0.0007541477827432622,400.64,True,7.0,20230104
SHORT,337,exit,buy,-1,1,355240,2023-01-04 10:02:00,10,602,0.0008220904440338156,400.64,True,7.0,20230104
SHORT,338,entry,sell,-1,1,355244,2023-01-04 10:06:00,10,606,0.0009785974349891297,-694.36,False,39.0,20230104
SHORT,338,exit,buy,-1,1,355283,2023-01-04 10:45:00,10,645,0.0009004846017509141,-694.36,False,39.0,20230104
SHORT,339,entry,sell,-1,1,355421,2023-01-04 13:03:00,13,783,0.0003542465091497717,-134.36,False,1.0,20230104
SHORT,339,exit,buy,-1,1,355422,2023-01-04 13:04:00,13,784,0.00036013350946696677,-134.36,False,1.0,20230104
SHORT,340,entry,sell,-1,1,355426,2023-01-04 13:08:00,13,788,0.00035987598682154734,100.64,True,1.0,20230104
SHORT,340,exit,buy,-1,1,355427,2023-01-04 13:09:00,13,789,0.0003597066285780723,100.64,True,1.0,20230104
SHORT,341,entry,sell,-1,1,355428,2023-01-04 13:10:00,13,790,0.00036153784767187214,-79.36,False,1.0,20230104
SHORT,341,exit,buy,-1,1,355429,2023-01-04 13:11:00,13,791,0.0003630761485665811,-79.36,False,1.0,20230104
SHORT,342,entry,sell,-1,1,355483,2023-01-04 14:05:00,14,845,0.0006854976120621631,-559.36,False,2.0,20230104
SHORT,342,exit,buy,-1,1,355485,2023-01-04 14:07:00,14,847,0.0007755416211944126,-559.36,False,2.0,20230104
SHORT,343,entry,sell,-1,1,355856,2023-01-04 21:18:00,21,1278,0.00018931114893931388,-594.36,False,132.0,20230105
SHORT,343,exit,buy,-1,1,355988,2023-01-04 23:30:00,23,1410,0.0001368890789239374,-594.36,False,132.0,20230105
SHORT,344,entry,sell,-1,1,356131,2023-01-05 01:53:00,1,113,0.00015098608367706615,20.64,True,40.0,20230105
SHORT,344,exit,buy,-1,1,356171,2023-01-05 02:33:00,2,153,0.00021704976442593377,20.64,True,40.0,20230105
SHORT,345,entry,sell,-1,1,356188,2023-01-05 02:50:00,2,170,0.00023278000593475231,-274.36,False,13.0,20230105
SHORT,345,exit,buy,-1,1,356201,2023-01-05 03:03:00,3,183,0.0002109545702007384,-274.36,False,13.0,20230105
SHORT,346,entry,sell,-1,1,356236,2023-01-05 03:38:00,3,218,0.0002699553807110578,-59.36,False,10.0,20230105
SHORT,346,exit,buy,-1,1,356246,2023-01-05 03:48:00,3,228,0.0002905776808195741,-59.36,False,10.0,20230105
SHORT,347,entry,sell,-1,1,356530,2023-01-05 08:32:00,8,512,0.0005729764647931754,1025.64,True,300.0,20230105
SHORT,347,exit,buy,-1,1,356830,2023-01-05 13:32:00,13,812,0.0004579189534096366,1025.64,True,300.0,20230105
SHORT,348,entry,sell,-1,1,356940,2023-01-05 15:22:00,15,922,0.0003144269510254642,155.64,True,78.0,20230105
SHORT,348,exit,buy,-1,1,357018,2023-01-05 16:40:00,16,1000,0.00030054487662207823,155.64,True,78.0,20230105
SHORT,349,entry,sell,-1,1,357977,2023-01-06 09:39:00,9,579,0.0010080136533970685,35.64,True,16.0,20230106
SHORT,349,exit,buy,-1,1,357993,2023-01-06 09:55:00,9,595,0.0008494013712122008,35.64,True,16.0,20230106
SHORT,350,entry,sell,-1,1,361664,2023-01-11 02:08:00,2,128,0.00012569762697311728,-254.36,False,27.0,20230111
SHORT,350,exit,buy,-1,1,361691,2023-01-11 02:35:00,2,155,0.00015293289751254832,-254.36,False,27.0,20230111
SHORT,351,entry,sell,-1,1,363427,2023-01-12 08:31:00,8,511,0.0012179749019575578,-699.36,False,2.0,20230112
SHORT,351,exit,buy,-1,1,363429,2023-01-12 08:33:00,8,513,0.0012410930839731912,-699.36,False,2.0,20230112
SHORT,352,entry,sell,-1,1,363434,2023-01-12 08:38:00,8,518,0.00138852318554974,170.64,True,8.0,20230112
SHORT,352,exit,buy,-1,1,363442,2023-01-12 08:46:00,8,526,0.0014990750804046765,170.64,True,8.0,20230112
SHORT,353,entry,sell,-1,1,363466,2023-01-12 09:10:00,9,550,0.0016010294240297325,300.64,True,21.0,20230112
SHORT,353,exit,buy,-1,1,363487,2023-01-12 09:31:00,9,571,0.0011486727275437558,300.64,True,21.0,20230112
SHORT,354,entry,sell,-1,1,363489,2023-01-12 09:33:00,9,573,0.0011982393120992844,-1424.36,False,427.0,20230112
SHORT,354,exit,buy,-1,1,363916,2023-01-12 16:40:00,16,1000,0.0003260305105411691,-1424.36,False,427.0,20230112
SHORT,355,entry,sell,-1,1,365863,2023-01-16 03:08:00,3,188,0.00011326750416584582,785.64,True,81.0,20230116
SHORT,355,exit,buy,-1,1,365944,2023-01-16 04:29:00,4,269,0.00021577640316185027,785.64,True,81.0,20230116
SHORT,356,entry,sell,-1,1,365956,2023-01-16 04:41:00,4,281,0.00021886623986940376,-204.36,False,42.0,20230116
SHORT,356,exit,buy,-1,1,365998,2023-01-16 05:23:00,5,323,0.00019073577997814344,-204.36,False,42.0,20230116
SHORT,357,entry,sell,-1,1,366092,2023-01-16 06:57:00,6,417,0.00015838472402276868,-109.36,False,20.0,20230116
SHORT,357,exit,buy,-1,1,366112,2023-01-16 07:17:00,7,437,0.00018003662703371744,-109.36,False,20.0,20230116
SHORT,358,entry,sell,-1,1,366120,2023-01-16 07:25:00,7,445,0.00017840865187989727,100.64,True,14.0,20230116
SHORT,358,exit,buy,-1,1,366134,2023-01-16 07:39:00,7,459,0.000166428925772492,100.64,True,14.0,20230116
SHORT,359,entry,sell,-1,1,367839,2023-01-17 18:04:00,18,1084,0.00010704511449711497,-4.36,False,215.0,20230118
SHORT,359,exit,buy,-1,1,368054,2023-01-17 21:39:00,21,1299,9.648508943902266e-05,-4.36,False,215.0,20230118
SHORT,360,entry,sell,-1,1,368840,2023-01-18 10:45:00,10,645,0.0006299407713461735,1700.64,True,224.0,20230118
SHORT,360,exit,buy,-1,1,369064,2023-01-18 14:29:00,14,869,0.00032685032513792266,1700.64,True,224.0,20230118
SHORT,361,entry,sell,-1,1,374237,2023-01-24 08:43:00,8,523,0.00019010779132467667,-289.36,False,40.0,20230124
SHORT,361,exit,buy,-1,1,374277,2023-01-24 09:23:00,9,563,0.00021360620926777935,-289.36,False,40.0,20230124
SHORT,362,entry,sell,-1,1,374740,2023-01-24 18:06:00,18,1086,0.00039646699913930053,4660.64,True,1029.0,20230125
SHORT,362,exit,buy,-1,1,375769,2023-01-25 11:15:00,11,675,0.0004782735355535489,4660.64,True,1029.0,20230125
SHORT,363,entry,sell,-1,1,377071,2023-01-26 09:57:00,9,597,0.0006802444265089719,-944.36,False,7.0,20230126
SHORT,363,exit,buy,-1,1,377078,2023-01-26 10:04:00,10,604,0.0007329743005919879,-944.36,False,7.0,20230126
SHORT,364,entry,sell,-1,1,377085,2023-01-26 10:11:00,10,611,0.0007748527574936699,-849.36,False,3.0,20230126
SHORT,364,exit,buy,-1,1,377088,2023-01-26 10:14:00,10,614,0.000804722598847108,-849.36,False,3.0,20230126
SHORT,365,entry,sell,-1,1,378811,2023-01-27 15:57:00,15,957,0.000392428255188663,215.64,True,43.0,20230127
SHORT,365,exit,buy,-1,1,378854,2023-01-27 16:40:00,16,1000,0.0003275584869194734,215.64,True,43.0,20230127
SHORT,366,entry,sell,-1,1,381649,2023-01-31 18:15:00,18,1095,0.00016218603783214498,-109.36,False,50.0,20230201
SHORT,366,exit,buy,-1,1,381699,2023-01-31 19:05:00,19,1145,0.0001458671395133049,-109.36,False,50.0,20230201
SHORT,367,entry,sell,-1,1,381707,2023-01-31 19:13:00,19,1153,0.00015201146920358456,-64.36,False,182.0,20230201
SHORT,367,exit,buy,-1,1,381889,2023-01-31 22:15:00,22,1335,8.537991430283467e-05,-64.36,False,182.0,20230201
SHORT,368,entry,sell,-1,1,381890,2023-01-31 22:16:00,22,1336,8.545588500095562e-05,-79.36,False,18.0,20230201
SHORT,368,exit,buy,-1,1,381908,2023-01-31 22:34:00,22,1354,8.80109447763276e-05,-79.36,False,18.0,20230201
SHORT,369,entry,sell,-1,1,382951,2023-02-01 15:57:00,15,957,0.0009463417474745038,-1659.36,False,10.0,20230201
SHORT,369,exit,buy,-1,1,382961,2023-02-01 16:07:00,16,967,0.0010538477230261618,-1659.36,False,10.0,20230201
SHORT,370,entry,sell,-1,1,384343,2023-02-02 16:09:00,16,969,0.0011055042545775082,1735.64,True,31.0,20230202
SHORT,370,exit,buy,-1,1,384374,2023-02-02 16:40:00,16,1000,0.0014391020860892066,1735.64,True,31.0,20230202
SHORT,371,entry,sell,-1,1,389527,2023-02-08 10:34:00,10,634,0.0006386019596704714,-684.36,False,5.0,20230208
SHORT,371,exit,buy,-1,1,389532,2023-02-08 10:39:00,10,639,0.0006460023942547304,-684.36,False,5.0,20230208
SHORT,372,entry,sell,-1,1,389556,2023-02-08 11:03:00,11,663,0.0005640243435860538,100.64,True,1.0,20230208
SHORT,372,exit,buy,-1,1,389557,2023-02-08 11:04:00,11,664,0.0005644879949905652,100.64,True,1.0,20230208
SHORT,373,entry,sell,-1,1,389558,2023-02-08 11:05:00,11,665,0.0005586918673833591,-29.36,False,1.0,20230208
SHORT,373,exit,buy,-1,1,389559,2023-02-08 11:06:00,11,666,0.0005584096552981195,-29.36,False,1.0,20230208
SHORT,374,entry,sell,-1,1,389562,2023-02-08 11:09:00,11,669,0.000552307549879999,-104.36,False,11.0,20230208
SHORT,374,exit,buy,-1,1,389573,2023-02-08 11:20:00,11,680,0.000537407636792885,-104.36,False,11.0,20230208
SHORT,375,entry,sell,-1,1,389574,2023-02-08 11:21:00,11,681,0.000533091307648999,370.64,True,36.0,20230208
SHORT,375,exit,buy,-1,1,389610,2023-02-08 11:57:00,11,717,0.0004783175643630029,370.64,True,36.0,20230208
SHORT,376,entry,sell,-1,1,389801,2023-02-08 15:08:00,15,908,0.0003793249051343877,105.64,True,5.0,20230208
SHORT,376,exit,buy,-1,1,389806,2023-02-08 15:13:00,15,913,0.00036643125756742227,105.64,True,5.0,20230208
SHORT,377,entry,sell,-1,1,389807,2023-02-08 15:14:00,15,914,0.00036481673145355616,-224.36,False,3.0,20230208
SHORT,377,exit,buy,-1,1,389810,2023-02-08 15:17:00,15,917,0.00036291514321698813,-224.36,False,3.0,20230208
SHORT,378,entry,sell,-1,1,389812,2023-02-08 15:19:00,15,919,0.0003584541386572941,-334.36,False,4.0,20230208
SHORT,378,exit,buy,-1,1,389816,2023-02-08 15:23:00,15,923,0.00037384497337118706,-334.36,False,4.0,20230208
SHORT,379,entry,sell,-1,1,390855,2023-02-09 09:42:00,9,582,0.0003947125186514615,-419.36,False,5.0,20230209
SHORT,379,exit,buy,-1,1,390860,2023-02-09 09:47:00,9,587,0.0004683005011981982,-419.36,False,5.0,20230209
SHORT,380,entry,sell,-1,1,390901,2023-02-09 10:28:00,10,628,0.0006571655436079077,505.64,True,103.0,20230209
SHORT,380,exit,buy,-1,1,391004,2023-02-09 12:11:00,12,731,0.00037978480076734396,505.64,True,103.0,20230209
SHORT,381,entry,sell,-1,1,391026,2023-02-09 12:33:00,12,753,0.0003870810385778537,2690.64,True,193.0,20230209
SHORT,381,exit,buy,-1,1,391219,2023-02-09 15:46:00,15,946,0.00041811609779345395,2690.64,True,193.0,20230209
SHORT,382,entry,sell,-1,1,391540,2023-02-09 22:07:00,22,1327,0.00012991718585722253,-704.36,False,307.0,20230210
SHORT,382,exit,buy,-1,1,391847,2023-02-10 03:14:00,3,194,0.0002316622039248013,-704.36,False,307.0,20230210
SHORT,383,entry,sell,-1,1,391890,2023-02-10 03:57:00,3,237,0.00027693949523634783,2340.64,True,212.0,20230210
SHORT,383,exit,buy,-1,1,392102,2023-02-10 07:29:00,7,449,0.00022001183194213407,2340.64,True,212.0,20230210
SHORT,384,entry,sell,-1,1,392712,2023-02-12 18:39:00,18,1119,0.00021766129063957075,-579.36,False,463.0,20230213
SHORT,384,exit,buy,-1,1,393175,2023-02-13 02:22:00,2,142,0.00013122831626180017,-579.36,False,463.0,20230213
SHORT,385,entry,sell,-1,1,393192,2023-02-13 02:39:00,2,159,0.00015444452923525046,-304.36,False,35.0,20230213
SHORT,385,exit,buy,-1,1,393227,2023-02-13 03:14:00,3,194,0.0001691704340977002,-304.36,False,35.0,20230213
SHORT,386,entry,sell,-1,1,393559,2023-02-13 08:46:00,8,526,0.0001581313317552196,-9.36,False,22.0,20230213
SHORT,386,exit,buy,-1,1,393581,2023-02-13 09:08:00,9,548,0.00017369248811820555,-9.36,False,22.0,20230213
SHORT,387,entry,sell,-1,1,393591,2023-02-13 09:18:00,9,558,0.00017305151825687702,-99.36,False,4.0,20230213
SHORT,387,exit,buy,-1,1,393595,2023-02-13 09:22:00,9,562,0.0001723336268970821,-99.36,False,4.0,20230213
SHORT,388,entry,sell,-1,1,393605,2023-02-13 09:32:00,9,572,0.00025659391457114717,145.64,True,1.0,20230213
SHORT,388,exit,buy,-1,1,393606,2023-02-13 09:33:00,9,573,0.0002625138555764734,145.64,True,1.0,20230213
SHORT,389,entry,sell,-1,1,393607,2023-02-13 09:34:00,9,574,0.00026373917138124907,-699.36,False,11.0,20230213
SHORT,389,exit,buy,-1,1,393618,2023-02-13 09:45:00,9,585,0.00047321925715995586,-699.36,False,11.0,20230213
SHORT,390,entry,sell,-1,1,394924,2023-02-14 08:31:00,8,511,0.000837193758603253,-1029.36,False,1.0,20230214
SHORT,390,exit,buy,-1,1,394925,2023-02-14 08:32:00,8,512,0.0009474458564197774,-1029.36,False,1.0,20230214
SHORT,391,entry,sell,-1,1,394929,2023-02-14 08:36:00,8,516,0.00134997269895578,645.64,True,1.0,20230214
SHORT,391,exit,buy,-1,1,394930,2023-02-14 08:37:00,8,517,0.0013789110957962028,645.64,True,1.0,20230214
SHORT,392,entry,sell,-1,1,394931,2023-02-14 08:38:00,8,518,0.0013944364691507339,605.64,True,6.0,20230214
SHORT,392,exit,buy,-1,1,394937,2023-02-14 08:44:00,8,524,0.0015028058472842363,605.64,True,6.0,20230214
SHORT,393,entry,sell,-1,1,394948,2023-02-14 08:55:00,8,535,0.0015371734070579429,-379.36,False,3.0,20230214
SHORT,393,exit,buy,-1,1,394951,2023-02-14 08:58:00,8,538,0.0015458980613341387,-379.36,False,3.0,20230214
SHORT,394,entry,sell,-1,1,394952,2023-02-14 08:59:00,8,539,0.0015486627610804317,-4.36,False,47.0,20230214
SHORT,394,exit,buy,-1,1,394999,2023-02-14 09:46:00,9,586,0.0009668685294478834,-4.36,False,47.0,20230214
SHORT,395,entry,sell,-1,1,395044,2023-02-14 10:31:00,10,631,0.0009204057872941109,350.64,True,1.0,20230214
SHORT,395,exit,buy,-1,1,395045,2023-02-14 10:32:00,10,632,0.0008997966061614049,350.64,True,1.0,20230214
SHORT,396,entry,sell,-1,1,395046,2023-02-14 10:33:00,10,633,0.0008963777498869006,1675.64,True,26.0,20230214
SHORT,396,exit,buy,-1,1,395072,2023-02-14 10:59:00,10,659,0.0007272334044807369,1675.64,True,26.0,20230214
SHORT,397,entry,sell,-1,1,395612,2023-02-14 20:59:00,20,1259,0.00013695783940646827,-89.36,False,412.0,20230215
SHORT,397,exit,buy,-1,1,396024,2023-02-15 03:51:00,3,231,0.00026600274425922396,-89.36,False,412.0,20230215
SHORT,398,entry,sell,-1,1,396097,2023-02-15 05:04:00,5,304,0.00020082191516291976,-384.36,False,123.0,20230215
SHORT,398,exit,buy,-1,1,396220,2023-02-15 07:07:00,7,427,0.0001514977736374064,-384.36,False,123.0,20230215
SHORT,399,entry,sell,-1,1,396254,2023-02-15 07:41:00,7,461,0.00020322835533425406,320.64,True,55.0,20230215
SHORT,399,exit,buy,-1,1,396309,2023-02-15 08:36:00,8,516,0.0004267290292183774,320.64,True,55.0,20230215
SHORT,400,entry,sell,-1,1,396313,2023-02-15 08:40:00,8,520,0.0004734721769596267,-44.36,False,1.0,20230215
SHORT,400,exit,buy,-1,1,396314,2023-02-15 08:41:00,8,521,0.00047349628790628465,-44.36,False,1.0,20230215
SHORT,401,entry,sell,-1,1,397481,2023-02-16 05:08:00,5,308,0.0001477476934731422,3580.64,True,264.0,20230216
SHORT,401,exit,buy,-1,1,397745,2023-02-16 09:32:00,9,572,0.0004023954889558094,3580.64,True,264.0,20230216
SHORT,402,entry,sell,-1,1,399133,2023-02-17 09:40:00,9,580,0.0004165620767754522,500.64,True,21.0,20230217
SHORT,402,exit,buy,-1,1,399154,2023-02-17 10:01:00,10,601,0.0005124497081238409,500.64,True,21.0,20230217
SHORT,403,entry,sell,-1,1,399201,2023-02-17 10:48:00,10,648,0.0005448276023898134,280.64,True,58.0,20230217
SHORT,403,exit,buy,-1,1,399259,2023-02-17 11:46:00,11,706,0.00040304921815239626,280.64,True,58.0,20230217
SHORT,404,entry,sell,-1,1,399326,2023-02-17 12:53:00,12,773,0.00034654066978437136,-824.36,False,18.0,20230217
SHORT,404,exit,buy,-1,1,399344,2023-02-17 13:11:00,13,791,0.00034467745456675614,-824.36,False,18.0,20230217
SHORT,405,entry,sell,-1,1,401210,2023-02-21 02:18:00,2,138,0.00015199933036637745,-129.36,False,49.0,20230221
SHORT,405,exit,buy,-1,1,401259,2023-02-21 03:07:00,3,187,0.0001904510391955181,-129.36,False,49.0,20230221
SHORT,406,entry,sell,-1,1,401265,2023-02-21 03:13:00,3,193,0.0001712758929637392,1345.64,True,56.0,20230221
SHORT,406,exit,buy,-1,1,401321,2023-02-21 04:09:00,4,249,0.00028917654063620126,1345.64,True,56.0,20230221
SHORT,407,entry,sell,-1,1,404096,2023-02-23 04:25:00,4,265,0.0003888247478387926,-334.36,False,1.0,20230223
SHORT,407,exit,buy,-1,1,404097,2023-02-23 04:26:00,4,266,0.00041171322961611233,-334.36,False,1.0,20230223
SHORT,408,entry,sell,-1,1,404407,2023-02-23 09:36:00,9,576,0.00029792207023030144,-354.36,False,14.0,20230223
SHORT,408,exit,buy,-1,1,404421,2023-02-23 09:50:00,9,590,0.0003409190947311027,-354.36,False,14.0,20230223
SHORT,409,entry,sell,-1,1,404422,2023-02-23 09:51:00,9,591,0.0003509541036847842,-159.36,False,3.0,20230223
SHORT,409,exit,buy,-1,1,404425,2023-02-23 09:54:00,9,594,0.000369152213241044,-159.36,False,3.0,20230223
SHORT,410,entry,sell,-1,1,404481,2023-02-23 10:50:00,10,650,0.0005461975167880127,-1819.36,False,254.0,20230223
SHORT,410,exit,buy,-1,1,404735,2023-02-23 15:04:00,15,904,0.0003469297600947464,-1819.36,False,254.0,20230223
SHORT,411,entry,sell,-1,1,405819,2023-02-24 10:08:00,10,608,0.0005422113510853518,-119.36,False,68.0,20230224
SHORT,411,exit,buy,-1,1,405887,2023-02-24 11:16:00,11,676,0.0004190643332246862,-119.36,False,68.0,20230224
SHORT,412,entry,sell,-1,1,405971,2023-02-24 12:40:00,12,760,0.0003900172229285583,-414.36,False,87.0,20230224
SHORT,412,exit,buy,-1,1,406058,2023-02-24 14:07:00,14,847,0.00026459750522111444,-414.36,False,87.0,20230224
SHORT,413,entry,sell,-1,1,407548,2023-02-27 15:57:00,15,957,0.0003168166634636288,-349.36,False,43.0,20230227
SHORT,413,exit,buy,-1,1,407591,2023-02-27 16:40:00,16,1000,0.00018857723218738257,-349.36,False,43.0,20230227
SHORT,414,entry,sell,-1,1,410488,2023-03-01 19:58:00,19,1198,0.00018347964582628526,980.64,True,68.0,20230302
SHORT,414,exit,buy,-1,1,410556,2023-03-01 21:06:00,21,1266,0.0003567796584441104,980.64,True,68.0,20230302
SHORT,415,entry,sell,-1,1,410757,2023-03-02 00:27:00,0,27,0.00011063777349029673,-339.36,False,75.0,20230302
SHORT,415,exit,buy,-1,1,410832,2023-03-02 01:42:00,1,102,0.00012787915452186615,-339.36,False,75.0,20230302
SHORT,416,entry,sell,-1,1,410850,2023-03-02 02:00:00,2,120,0.0001379473765357258,375.64,True,86.0,20230302
SHORT,416,exit,buy,-1,1,410936,2023-03-02 03:26:00,3,206,0.00024785703339731154,375.64,True,86.0,20230302
SHORT,417,entry,sell,-1,1,412682,2023-03-03 09:32:00,9,572,0.00021975742759705277,-799.36,False,14.0,20230303
SHORT,417,exit,buy,-1,1,412696,2023-03-03 09:46:00,9,586,0.0002758535541434982,-799.36,False,14.0,20230303
SHORT,418,entry,sell,-1,1,413132,2023-03-05 18:02:00,18,1082,0.0001166295175194362,-829.36,False,216.0,20230306
SHORT,418,exit,buy,-1,1,413348,2023-03-05 21:38:00,21,1298,0.00021337188623844658,-829.36,False,216.0,20230306
SHORT,419,entry,sell,-1,1,413463,2023-03-05 23:33:00,23,1413,0.00011771534366319352,-354.36,False,185.0,20230306
SHORT,419,exit,buy,-1,1,413648,2023-03-06 02:38:00,2,158,0.00021329854752512214,-354.36,False,185.0,20230306
SHORT,420,entry,sell,-1,1,413666,2023-03-06 02:56:00,2,176,0.00022539813299667715,-59.36,False,1.0,20230306
SHORT,420,exit,buy,-1,1,413667,2023-03-06 02:57:00,2,177,0.00022670403399685545,-59.36,False,1.0,20230306
SHORT,421,entry,sell,-1,1,413671,2023-03-06 03:01:00,3,181,0.00021523214304764024,-149.36,False,50.0,20230306
SHORT,421,exit,buy,-1,1,413721,2023-03-06 03:51:00,3,231,0.000218174696075558,-149.36,False,50.0,20230306
SHORT,422,entry,sell,-1,1,415472,2023-03-07 10:03:00,10,603,0.0005739087275318936,595.64,True,9.0,20230307
SHORT,422,exit,buy,-1,1,415481,2023-03-07 10:12:00,10,612,0.0006406496392742206,595.64,True,9.0,20230307
SHORT,423,entry,sell,-1,1,415514,2023-03-07 10:45:00,10,645,0.0008087153882133223,-589.36,False,4.0,20230307
SHORT,423,exit,buy,-1,1,415518,2023-03-07 10:49:00,10,649,0.0008148600789761718,-589.36,False,4.0,20230307
SHORT,424,entry,sell,-1,1,415522,2023-03-07 10:53:00,10,653,0.0008464987257049975,-264.36,False,14.0,20230307
SHORT,424,exit,buy,-1,1,415536,2023-03-07 11:07:00,11,667,0.0007367245905927469,-264.36,False,14.0,20230307
SHORT,425,entry,sell,-1,1,415656,2023-03-07 13:07:00,13,787,0.0005173838707846897,1440.64,True,170.0,20230307
SHORT,425,exit,buy,-1,1,415826,2023-03-07 15:57:00,15,957,0.0003127881811320858,1440.64,True,170.0,20230307
SHORT,426,entry,sell,-1,1,417362,2023-03-08 19:33:00,19,1173,0.0001692802631284088,-489.36,False,304.0,20230309
SHORT,426,exit,buy,-1,1,417666,2023-03-09 00:37:00,0,37,8.206026712572085e-05,-489.36,False,304.0,20230309
SHORT,427,entry,sell,-1,1,417750,2023-03-09 02:01:00,2,121,0.0001090689275035545,325.64,True,71.0,20230309
SHORT,427,exit,buy,-1,1,417821,2023-03-09 03:12:00,3,192,0.00010816215581299314,325.64,True,71.0,20230309
SHORT,428,entry,sell,-1,1,417824,2023-03-09 03:15:00,3,195,0.00010873884202793939,-89.36,False,23.0,20230309
SHORT,428,exit,buy,-1,1,417847,2023-03-09 03:38:00,3,218,0.0001538375078603073,-89.36,False,23.0,20230309
SHORT,429,entry,sell,-1,1,417856,2023-03-09 03:47:00,3,227,0.00017666976782666134,-239.36,False,11.0,20230309
SHORT,429,exit,buy,-1,1,417867,2023-03-09 03:58:00,3,238,0.00018480904382314994,-239.36,False,11.0,20230309
SHORT,430,entry,sell,-1,1,417872,2023-03-09 04:03:00,4,243,0.00019091915609376067,205.64,True,112.0,20230309
SHORT,430,exit,buy,-1,1,417984,2023-03-09 05:55:00,5,355,0.0001588741482574583,205.64,True,112.0,20230309
SHORT,431,entry,sell,-1,1,418067,2023-03-09 07:18:00,7,438,0.00014294644401009271,-799.36,False,73.0,20230309
SHORT,431,exit,buy,-1,1,418140,2023-03-09 08:31:00,8,511,0.0003108806747753161,-799.36,False,73.0,20230309
SHORT,432,entry,sell,-1,1,418435,2023-03-09 13:26:00,13,806,0.0003817855260111874,3335.64,True,194.0,20230309
SHORT,432,exit,buy,-1,1,418629,2023-03-09 16:40:00,16,1000,0.0003885013371255739,3335.64,True,194.0,20230309
SHORT,433,entry,sell,-1,1,419581,2023-03-10 09:32:00,9,572,0.0006974077952150664,870.64,True,29.0,20230310
SHORT,433,exit,buy,-1,1,419610,2023-03-10 10:01:00,10,601,0.0007974688458991882,870.64,True,29.0,20230310
SHORT,434,entry,sell,-1,1,419631,2023-03-10 10:22:00,10,622,0.0008836266155488066,-864.36,False,14.0,20230310
SHORT,434,exit,buy,-1,1,419645,2023-03-10 10:36:00,10,636,0.0008727019007442817,-864.36,False,14.0,20230310
SHORT,435,entry,sell,-1,1,419717,2023-03-10 11:48:00,11,708,0.0006949833614723264,-14.36,False,1.0,20230310
SHORT,435,exit,buy,-1,1,419718,2023-03-10 11:49:00,11,709,0.0006951129924573493,-14.36,False,1.0,20230310
SHORT,436,entry,sell,-1,1,419719,2023-03-10 11:50:00,11,710,0.0006918682409476319,125.64,True,1.0,20230310
SHORT,436,exit,buy,-1,1,419720,2023-03-10 11:51:00,11,711,0.0006908659534683487,125.64,True,1.0,20230310
SHORT,437,entry,sell,-1,1,419721,2023-03-10 11:52:00,11,712,0.0006889766436686639,2000.64,True,178.0,20230310
SHORT,437,exit,buy,-1,1,419899,2023-03-10 14:50:00,14,890,0.000683244038833539,2000.64,True,178.0,20230310
SHORT,438,entry,sell,-1,1,420660,2023-03-13 04:31:00,4,271,0.0003667165863470999,1600.64,True,71.0,20230313
SHORT,438,exit,buy,-1,1,420731,2023-03-13 05:42:00,5,342,0.0006551556078270123,1600.64,True,71.0,20230313
SHORT,439,entry,sell,-1,1,423474,2023-03-15 05:25:00,5,325,0.00027252126961102525,2930.64,True,90.0,20230315
SHORT,439,exit,buy,-1,1,423564,2023-03-15 06:55:00,6,415,0.000537316323583582,2930.64,True,90.0,20230315
SHORT,440,entry,sell,-1,1,425054,2023-03-16 08:45:00,8,525,0.0003574360441421604,-339.36,False,2.0,20230316
SHORT,440,exit,buy,-1,1,425056,2023-03-16 08:47:00,8,527,0.0003544669862169303,-339.36,False,2.0,20230316
SHORT,441,entry,sell,-1,1,425059,2023-03-16 08:50:00,8,530,0.00036009934860098793,-224.36,False,3.0,20230316
SHORT,441,exit,buy,-1,1,425062,2023-03-16 08:53:00,8,533,0.00037334973262874573,-224.36,False,3.0,20230316
SHORT,442,entry,sell,-1,1,425086,2023-03-16 09:17:00,9,557,0.00046854789218983816,-199.36,False,1.0,20230316
SHORT,442,exit,buy,-1,1,425087,2023-03-16 09:18:00,9,558,0.0004777086894649637,-199.36,False,1.0,20230316
SHORT,443,entry,sell,-1,1,425090,2023-03-16 09:21:00,9,561,0.0004958221580394227,-869.36,False,33.0,20230316
SHORT,443,exit,buy,-1,1,425123,2023-03-16 09:54:00,9,594,0.0005786112014677328,-869.36,False,33.0,20230316
SHORT,444,entry,sell,-1,1,426418,2023-03-17 08:29:00,8,509,0.0002760306149068511,-219.36,False,3.0,20230317
SHORT,444,exit,buy,-1,1,426421,2023-03-17 08:32:00,8,512,0.000286071064156869,-219.36,False,3.0,20230317
SHORT,445,entry,sell,-1,1,426535,2023-03-17 10:26:00,10,626,0.0006204970087929279,345.64,True,5.0,20230317
SHORT,445,exit,buy,-1,1,426540,2023-03-17 10:31:00,10,631,0.0006486777077098284,345.64,True,5.0,20230317
SHORT,446,entry,sell,-1,1,426545,2023-03-17 10:36:00,10,636,0.0006979592365845453,-244.36,False,321.0,20230317
SHORT,446,exit,buy,-1,1,426866,2023-03-17 15:57:00,15,957,0.00047234776294094964,-244.36,False,321.0,20230317
SHORT,447,entry,sell,-1,1,426867,2023-03-17 15:58:00,15,958,0.00047209231910912315,-419.36,False,3.0,20230317
SHORT,447,exit,buy,-1,1,426870,2023-03-17 16:01:00,16,961,0.0004774914503266671,-419.36,False,3.0,20230317
SHORT,448,entry,sell,-1,1,427162,2023-03-19 21:53:00,21,1313,0.00021298549620632322,1315.64,True,319.0,20230320
SHORT,448,exit,buy,-1,1,427481,2023-03-20 03:12:00,3,192,0.0004176178607832809,1315.64,True,319.0,20230320
SHORT,449,entry,sell,-1,1,428511,2023-03-20 21:22:00,21,1282,0.0003116283278876562,-599.36,False,70.0,20230321
SHORT,449,exit,buy,-1,1,428581,2023-03-20 22:32:00,22,1352,0.00013237789154506307,-599.36,False,70.0,20230321
SHORT,450,entry,sell,-1,1,430291,2023-03-22 04:02:00,4,242,0.0001347001723724476,85.64,True,67.0,20230322
SHORT,450,exit,buy,-1,1,430358,2023-03-22 05:09:00,5,309,0.00016417640120750416,85.64,True,67.0,20230322
SHORT,451,entry,sell,-1,1,431006,2023-03-22 15:57:00,15,957,0.0010278956026320203,895.64,True,43.0,20230322
SHORT,451,exit,buy,-1,1,431049,2023-03-22 16:40:00,16,1000,0.0006661881619558473,895.64,True,43.0,20230322
SHORT,452,entry,sell,-1,1,432643,2023-03-23 21:14:00,21,1274,0.00016679558910150861,-614.36,False,50.0,20230324
SHORT,452,exit,buy,-1,1,432693,2023-03-23 22:04:00,22,1324,0.0001586794795148982,-614.36,False,50.0,20230324
SHORT,453,entry,sell,-1,1,432768,2023-03-23 23:19:00,23,1399,9.154923091044147e-05,5.64,True,1.0,20230324
SHORT,453,exit,buy,-1,1,432769,2023-03-23 23:20:00,23,1400,9.150064257642558e-05,5.64,True,1.0,20230324
SHORT,454,entry,sell,-1,1,432772,2023-03-23 23:23:00,23,1403,9.021053684739779e-05,-14.36,False,1.0,20230324
SHORT,454,exit,buy,-1,1,432773,2023-03-23 23:24:00,23,1404,9.021063394332411e-05,-14.36,False,1.0,20230324
SHORT,455,entry,sell,-1,1,432823,2023-03-24 00:14:00,0,14,8.44783676463376e-05,-4.36,False,3.0,20230324
SHORT,455,exit,buy,-1,1,432826,2023-03-24 00:17:00,0,17,8.210333311507663e-05,-4.36,False,3.0,20230324
SHORT,456,entry,sell,-1,1,432829,2023-03-24 00:20:00,0,20,8.337248969827413e-05,-59.36,False,5.0,20230324
SHORT,456,exit,buy,-1,1,432834,2023-03-24 00:25:00,0,25,8.390868332190264e-05,-59.36,False,5.0,20230324
SHORT,457,entry,sell,-1,1,432867,2023-03-24 00:58:00,0,58,7.183467256268351e-05,-129.36,False,8.0,20230324
SHORT,457,exit,buy,-1,1,432875,2023-03-24 01:06:00,1,66,7.285397017346496e-05,-129.36,False,8.0,20230324
SHORT,458,entry,sell,-1,1,432879,2023-03-24 01:10:00,1,70,7.488531484922522e-05,30.64,True,1.0,20230324
SHORT,458,exit,buy,-1,1,432880,2023-03-24 01:11:00,1,71,7.503854200975885e-05,30.64,True,1.0,20230324
SHORT,459,entry,sell,-1,1,432882,2023-03-24 01:13:00,1,73,7.540317403137018e-05,-19.36,False,1.0,20230324
SHORT,459,exit,buy,-1,1,432883,2023-03-24 01:14:00,1,74,7.367971036338221e-05,-19.36,False,1.0,20230324
SHORT,460,entry,sell,-1,1,433058,2023-03-24 04:09:00,4,249,0.00028122006328371577,-44.36,False,3.0,20230324
SHORT,460,exit,buy,-1,1,433061,2023-03-24 04:12:00,4,252,0.0003128849009386295,-44.36,False,3.0,20230324
SHORT,461,entry,sell,-1,1,433089,2023-03-24 04:40:00,4,280,0.0003185815628886761,330.64,True,16.0,20230324
SHORT,461,exit,buy,-1,1,433105,2023-03-24 04:56:00,4,296,0.0003512087298239819,330.64,True,16.0,20230324
SHORT,462,entry,sell,-1,1,433132,2023-03-24 05:23:00,5,323,0.0003562243357577141,35.64,True,1.0,20230324
SHORT,462,exit,buy,-1,1,433133,2023-03-24 05:24:00,5,324,0.0003539184732641562,35.64,True,1.0,20230324
SHORT,463,entry,sell,-1,1,433134,2023-03-24 05:25:00,5,325,0.00035424158889874095,-4.36,False,1.0,20230324
SHORT,463,exit,buy,-1,1,433135,2023-03-24 05:26:00,5,326,0.0003520558242895218,-4.36,False,1.0,20230324
SHORT,464,entry,sell,-1,1,433142,2023-03-24 05:33:00,5,333,0.00036348879716500927,455.64,True,47.0,20230324
SHORT,464,exit,buy,-1,1,433189,2023-03-24 06:20:00,6,380,0.0003716625538707615,455.64,True,47.0,20230324
SHORT,465,entry,sell,-1,1,433207,2023-03-24 06:38:00,6,398,0.0003389657111634827,-524.36,False,8.0,20230324
SHORT,465,exit,buy,-1,1,433215,2023-03-24 06:46:00,6,406,0.00034907419197747114,-524.36,False,8.0,20230324
SHORT,466,entry,sell,-1,1,433241,2023-03-24 07:12:00,7,432,0.0003688703881075258,-559.36,False,19.0,20230324
SHORT,466,exit,buy,-1,1,433260,2023-03-24 07:31:00,7,451,0.0003419922536633686,-559.36,False,19.0,20230324
SHORT,467,entry,sell,-1,1,433287,2023-03-24 07:58:00,7,478,0.0003624134716865806,-509.36,False,49.0,20230324
SHORT,467,exit,buy,-1,1,433336,2023-03-24 08:47:00,8,527,0.00033322326245966165,-509.36,False,49.0,20230324
SHORT,468,entry,sell,-1,1,434394,2023-03-27 03:25:00,3,205,0.00024319192017739605,205.64,True,38.0,20230327
SHORT,468,exit,buy,-1,1,434432,2023-03-27 04:03:00,4,243,0.0002924222295706204,205.64,True,38.0,20230327
SHORT,469,entry,sell,-1,1,434723,2023-03-27 08:54:00,8,534,0.00018247495094788862,-564.36,False,53.0,20230327
SHORT,469,exit,buy,-1,1,434776,2023-03-27 09:47:00,9,587,0.00034081520126021526,-564.36,False,53.0,20230327
SHORT,470,entry,sell,-1,1,434805,2023-03-27 10:16:00,10,616,0.00045514393861868953,200.64,True,1.0,20230327
SHORT,470,exit,buy,-1,1,434806,2023-03-27 10:17:00,10,617,0.0004623587591741369,200.64,True,1.0,20230327
SHORT,471,entry,sell,-1,1,434807,2023-03-27 10:18:00,10,618,0.0004664218843675638,-319.36,False,6.0,20230327
SHORT,471,exit,buy,-1,1,434813,2023-03-27 10:24:00,10,624,0.00047313847837959484,-319.36,False,6.0,20230327
SHORT,472,entry,sell,-1,1,434815,2023-03-27 10:26:00,10,626,0.0004770603883399227,565.64,True,28.0,20230327
SHORT,472,exit,buy,-1,1,434843,2023-03-27 10:54:00,10,654,0.0004178316007109451,565.64,True,28.0,20230327
SHORT,473,entry,sell,-1,1,434856,2023-03-27 11:07:00,11,667,0.00039847933815181436,650.64,True,333.0,20230327
SHORT,473,exit,buy,-1,1,435189,2023-03-27 16:40:00,16,1000,0.0002575640245166227,650.64,True,333.0,20230327
SHORT,474,entry,sell,-1,1,436144,2023-03-28 09:35:00,9,575,0.00028122200475585405,750.64,True,101.0,20230328
SHORT,474,exit,buy,-1,1,436245,2023-03-28 11:16:00,11,676,0.0003292521663275712,750.64,True,101.0,20230328
SHORT,475,entry,sell,-1,1,436308,2023-03-28 12:19:00,12,739,0.0002448849609748831,80.64,True,123.0,20230328
SHORT,475,exit,buy,-1,1,436431,2023-03-28 14:22:00,14,862,0.00022255302928981304,80.64,True,123.0,20230328
SHORT,476,entry,sell,-1,1,438099,2023-03-29 20:10:00,20,1210,0.00010858652796726877,-229.36,False,34.0,20230330
SHORT,476,exit,buy,-1,1,438133,2023-03-29 20:44:00,20,1244,0.00010278960234016618,-229.36,False,34.0,20230330
SHORT,477,entry,sell,-1,1,438909,2023-03-30 09:40:00,9,580,0.00027506158254102155,-489.36,False,16.0,20230330
SHORT,477,exit,buy,-1,1,438925,2023-03-30 09:56:00,9,596,0.000315821634918897,-489.36,False,16.0,20230330
SHORT,478,entry,sell,-1,1,438942,2023-03-30 10:13:00,10,613,0.00038366021080057716,-574.36,False,9.0,20230330
SHORT,478,exit,buy,-1,1,438951,2023-03-30 10:22:00,10,622,0.0003954667534546952,-574.36,False,9.0,20230330
SHORT,479,entry,sell,-1,1,439822,2023-03-31 01:53:00,1,113,0.00010243120042786359,245.64,True,201.0,20230331
SHORT,479,exit,buy,-1,1,440023,2023-03-31 05:14:00,5,314,0.00012733308759260326,245.64,True,201.0,20230331
SHORT,480,entry,sell,-1,1,440062,2023-03-31 05:53:00,5,353,0.00010822778330938507,145.64,True,30.0,20230331
SHORT,480,exit,buy,-1,1,440092,2023-03-31 06:23:00,6,383,9.769697417663603e-05,145.64,True,30.0,20230331
SHORT,481,entry,sell,-1,1,440730,2023-04-02 18:01:00,18,1081,7.893221163173988e-05,230.64,True,596.0,20230403
SHORT,481,exit,buy,-1,1,441326,2023-04-03 03:57:00,3,237,0.00018963002777867374,230.64,True,596.0,20230403
SHORT,482,entry,sell,-1,1,441337,2023-04-03 04:08:00,4,248,0.00016571548076443698,-34.36,False,116.0,20230403
SHORT,482,exit,buy,-1,1,441453,2023-04-03 06:04:00,6,364,9.708293370805418e-05,-34.36,False,116.0,20230403
SHORT,483,entry,sell,-1,1,441517,2023-04-03 07:08:00,7,428,0.00011812453559863297,110.64,True,41.0,20230403
SHORT,483,exit,buy,-1,1,441558,2023-04-03 07:49:00,7,469,0.00012892551571414012,110.64,True,41.0,20230403
SHORT,484,entry,sell,-1,1,441580,2023-04-03 08:11:00,8,491,0.00011907384930185919,-129.36,False,44.0,20230403
SHORT,484,exit,buy,-1,1,441624,2023-04-03 08:55:00,8,535,0.00013527487806952573,-129.36,False,44.0,20230403
SHORT,485,entry,sell,-1,1,442997,2023-04-04 08:49:00,8,529,0.00012417528055767418,-54.36,False,13.0,20230404
SHORT,485,exit,buy,-1,1,443010,2023-04-04 09:02:00,9,542,0.00012626873614016338,-54.36,False,13.0,20230404
SHORT,486,entry,sell,-1,1,443043,2023-04-04 09:35:00,9,575,0.00018072823720714106,-14.36,False,4.0,20230404
SHORT,486,exit,buy,-1,1,443047,2023-04-04 09:39:00,9,579,0.00020365627662723737,-14.36,False,4.0,20230404
SHORT,487,entry,sell,-1,1,443048,2023-04-04 09:40:00,9,580,0.00022146602272298636,-4.36,False,13.0,20230404
SHORT,487,exit,buy,-1,1,443061,2023-04-04 09:53:00,9,593,0.0003122692594828628,-4.36,False,13.0,20230404
SHORT,488,entry,sell,-1,1,443062,2023-04-04 09:54:00,9,594,0.00032062449034878104,25.64,True,2.0,20230404
SHORT,488,exit,buy,-1,1,443064,2023-04-04 09:56:00,9,596,0.00032112615834673414,25.64,True,2.0,20230404
SHORT,489,entry,sell,-1,1,443148,2023-04-04 11:20:00,11,680,0.00042652779500923786,-19.36,False,1.0,20230404
SHORT,489,exit,buy,-1,1,443149,2023-04-04 11:21:00,11,681,0.00041608118965309624,-19.36,False,1.0,20230404
SHORT,490,entry,sell,-1,1,443198,2023-04-04 12:10:00,12,730,0.000305987259940432,-494.36,False,17.0,20230404
SHORT,490,exit,buy,-1,1,443215,2023-04-04 12:27:00,12,747,0.00030982582313331846,-494.36,False,17.0,20230404
SHORT,491,entry,sell,-1,1,443228,2023-04-04 12:40:00,12,760,0.00029956419477467555,-239.36,False,2.0,20230404
SHORT,491,exit,buy,-1,1,443230,2023-04-04 12:42:00,12,762,0.00030840830791096927,-239.36,False,2.0,20230404
SHORT,492,entry,sell,-1,1,443243,2023-04-04 12:55:00,12,775,0.00027806743804887745,-69.36,False,2.0,20230404
SHORT,492,exit,buy,-1,1,443245,2023-04-04 12:57:00,12,777,0.00027675835138480347,-69.36,False,2.0,20230404
SHORT,493,entry,sell,-1,1,443340,2023-04-04 14:32:00,14,872,0.00023525526489397806,-174.36,False,2.0,20230404
SHORT,493,exit,buy,-1,1,443342,2023-04-04 14:34:00,14,874,0.00023249498999805343,-174.36,False,2.0,20230404
SHORT,494,entry,sell,-1,1,444136,2023-04-05 04:48:00,4,288,0.0001702255272850489,-229.36,False,8.0,20230405
SHORT,494,exit,buy,-1,1,444144,2023-04-05 04:56:00,4,296,0.0001739906534912001,-229.36,False,8.0,20230405
SHORT,495,entry,sell,-1,1,444430,2023-04-05 09:42:00,9,582,0.00022488501359333455,2155.64,True,241.0,20230405
SHORT,495,exit,buy,-1,1,444671,2023-04-05 13:43:00,13,823,0.0002279530071787367,2155.64,True,241.0,20230405
SHORT,496,entry,sell,-1,1,444775,2023-04-05 21:24:00,21,1284,0.00011795996412538169,-89.36,False,43.0,20230406
SHORT,496,exit,buy,-1,1,444818,2023-04-05 22:07:00,22,1327,0.00010532124442113671,-89.36,False,43.0,20230406
SHORT,497,entry,sell,-1,1,445289,2023-04-06 05:58:00,5,358,0.00014521228623844577,10.64,True,14.0,20230406
SHORT,497,exit,buy,-1,1,445303,2023-04-06 06:12:00,6,372,0.00021665543547683843,10.64,True,14.0,20230406
SHORT,498,entry,sell,-1,1,445421,2023-04-06 08:10:00,8,490,0.00014439452740955424,480.64,True,52.0,20230406
SHORT,498,exit,buy,-1,1,445473,2023-04-06 09:02:00,9,542,0.00024886070899174937,480.64,True,52.0,20230406
SHORT,499,entry,sell,-1,1,445505,2023-04-06 09:34:00,9,574,0.00029256077207041675,-804.36,False,29.0,20230406
SHORT,499,exit,buy,-1,1,445534,2023-04-06 10:03:00,10,603,0.0003793576124971761,-804.36,False,29.0,20230406
SHORT,500,entry,sell,-1,1,446866,2023-04-09 18:02:00,18,1082,0.00030581464594973615,-309.36,False,13.0,20230410
SHORT,500,exit,buy,-1,1,446879,2023-04-09 18:15:00,18,1095,0.00030467907050595706,-309.36,False,13.0,20230410
SHORT,501,entry,sell,-1,1,446925,2023-04-09 19:01:00,19,1141,0.00017022005181928867,1105.64,True,497.0,20230410
SHORT,501,exit,buy,-1,1,447422,2023-04-10 03:18:00,3,198,0.00012636496931929875,1105.64,True,497.0,20230410
SHORT,502,entry,sell,-1,1,447646,2023-04-10 07:02:00,7,422,0.00010564797754481868,755.64,True,58.0,20230410
SHORT,502,exit,buy,-1,1,447704,2023-04-10 08:00:00,8,480,0.0001443175951148634,755.64,True,58.0,20230410
SHORT,503,entry,sell,-1,1,449064,2023-04-11 07:40:00,7,460,0.0002174890051121546,-59.36,False,1.0,20230411
SHORT,503,exit,buy,-1,1,449065,2023-04-11 07:41:00,7,461,0.00021923172076175016,-59.36,False,1.0,20230411
SHORT,504,entry,sell,-1,1,449188,2023-04-11 09:44:00,9,584,0.0003345238560541709,55.64,True,16.0,20230411
SHORT,504,exit,buy,-1,1,449204,2023-04-11 10:00:00,10,600,0.0003705541717681138,55.64,True,16.0,20230411
SHORT,505,entry,sell,-1,1,449205,2023-04-11 10:01:00,10,601,0.00037118478311519144,90.64,True,9.0,20230411
SHORT,505,exit,buy,-1,1,449214,2023-04-11 10:10:00,10,610,0.0003827659774925521,90.64,True,9.0,20230411
SHORT,506,entry,sell,-1,1,449218,2023-04-11 10:14:00,10,614,0.00039574173617856225,-169.36,False,14.0,20230411
SHORT,506,exit,buy,-1,1,449232,2023-04-11 10:28:00,10,628,0.00042105594864704133,-169.36,False,14.0,20230411
SHORT,507,entry,sell,-1,1,449240,2023-04-11 10:36:00,10,636,0.0003692039013132814,-274.36,False,95.0,20230411
SHORT,507,exit,buy,-1,1,449335,2023-04-11 12:11:00,12,731,0.0002683278612845542,-274.36,False,95.0,20230411
SHORT,508,entry,sell,-1,1,449350,2023-04-11 12:26:00,12,746,0.0002867625541355074,-664.36,False,65.0,20230411
SHORT,508,exit,buy,-1,1,449415,2023-04-11 13:31:00,13,811,0.00024469100630224264,-664.36,False,65.0,20230411
SHORT,509,entry,sell,-1,1,450564,2023-04-12 09:41:00,9,581,0.0005451238702536796,1060.64,True,9.0,20230412
SHORT,509,exit,buy,-1,1,450573,2023-04-12 09:50:00,9,590,0.0006293724574477359,1060.64,True,9.0,20230412
SHORT,510,entry,sell,-1,1,456107,2023-04-18 10:05:00,10,605,0.0003649433341978078,420.64,True,140.0,20230418
SHORT,510,exit,buy,-1,1,456247,2023-04-18 12:25:00,12,745,0.0003172211253789281,420.64,True,140.0,20230418
SHORT,511,entry,sell,-1,1,457014,2023-04-19 02:13:00,2,133,9.661623435563625e-05,200.64,True,29.0,20230419
SHORT,511,exit,buy,-1,1,457043,2023-04-19 02:42:00,2,162,0.00013219919428064038,200.64,True,29.0,20230419
SHORT,512,entry,sell,-1,1,457098,2023-04-19 03:37:00,3,217,0.0001595585071879975,-119.36,False,21.0,20230419
SHORT,512,exit,buy,-1,1,457119,2023-04-19 03:58:00,3,238,0.00017446921696735688,-119.36,False,21.0,20230419
SHORT,513,entry,sell,-1,1,457129,2023-04-19 04:08:00,4,248,0.00017815396472048182,60.64,True,24.0,20230419
SHORT,513,exit,buy,-1,1,457153,2023-04-19 04:32:00,4,272,0.00020834346783072042,60.64,True,24.0,20230419
SHORT,514,entry,sell,-1,1,457184,2023-04-19 05:03:00,5,303,0.00021137583086718148,465.64,True,88.0,20230419
SHORT,514,exit,buy,-1,1,457272,2023-04-19 06:31:00,6,391,0.0001679588032676118,465.64,True,88.0,20230419
SHORT,515,entry,sell,-1,1,457381,2023-04-19 08:20:00,8,500,0.00014879851343404374,-184.36,False,50.0,20230419
SHORT,515,exit,buy,-1,1,457431,2023-04-19 09:10:00,9,550,0.0001561323810246862,-184.36,False,50.0,20230419
SHORT,516,entry,sell,-1,1,459809,2023-04-21 02:48:00,2,168,0.00012827616994401432,-184.36,False,21.0,20230421
SHORT,516,exit,buy,-1,1,459830,2023-04-21 03:09:00,3,189,0.0001526220710320842,-184.36,False,21.0,20230421
SHORT,517,entry,sell,-1,1,459854,2023-04-21 03:33:00,3,213,0.0001924794454674345,-344.36,False,24.0,20230421
SHORT,517,exit,buy,-1,1,459878,2023-04-21 03:57:00,3,237,0.00019567306699036532,-344.36,False,24.0,20230421
SHORT,518,entry,sell,-1,1,459914,2023-04-21 04:33:00,4,273,0.00018679229584586256,-224.36,False,10.0,20230421
SHORT,518,exit,buy,-1,1,459924,2023-04-21 04:43:00,4,283,0.00019933431100546125,-224.36,False,10.0,20230421
SHORT,519,entry,sell,-1,1,460030,2023-04-21 06:29:00,6,389,0.00015629028893508819,430.64,True,64.0,20230421
SHORT,519,exit,buy,-1,1,460094,2023-04-21 07:33:00,7,453,0.00023822438694279824,430.64,True,64.0,20230421
SHORT,520,entry,sell,-1,1,460239,2023-04-21 09:58:00,9,598,0.0004106899722936126,-729.36,False,23.0,20230421
SHORT,520,exit,buy,-1,1,460262,2023-04-21 10:21:00,10,621,0.0004931861206332328,-729.36,False,23.0,20230421
SHORT,521,entry,sell,-1,1,461700,2023-04-24 11:19:00,11,679,0.0003579128235345763,310.64,True,67.0,20230424
SHORT,521,exit,buy,-1,1,461767,2023-04-24 12:26:00,12,746,0.0002761893023455699,310.64,True,67.0,20230424
SHORT,522,entry,sell,-1,1,462346,2023-04-24 23:05:00,23,1385,7.341198274642011e-05,-124.36,False,217.0,20230425
SHORT,522,exit,buy,-1,1,462563,2023-04-25 02:42:00,2,162,0.0001247448165261377,-124.36,False,217.0,20230425
SHORT,523,entry,sell,-1,1,462584,2023-04-25 03:03:00,3,183,0.00017080880024411576,135.64,True,96.0,20230425
SHORT,523,exit,buy,-1,1,462680,2023-04-25 04:39:00,4,279,0.0002188703135362924,135.64,True,96.0,20230425
SHORT,524,entry,sell,-1,1,462706,2023-04-25 05:05:00,5,305,0.00021240391167622372,-329.36,False,56.0,20230425
SHORT,524,exit,buy,-1,1,462762,2023-04-25 06:01:00,6,361,0.0001199168971996633,-329.36,False,56.0,20230425
SHORT,525,entry,sell,-1,1,462779,2023-04-25 06:18:00,6,378,0.0001336973592134963,-404.36,False,64.0,20230425
SHORT,525,exit,buy,-1,1,462843,2023-04-25 07:22:00,7,442,0.00013760974909053381,-404.36,False,64.0,20230425
SHORT,526,entry,sell,-1,1,463014,2023-04-25 10:13:00,10,613,0.00046117916747814104,-154.36,False,41.0,20230425
SHORT,526,exit,buy,-1,1,463055,2023-04-25 10:54:00,10,654,0.00037530394669988505,-154.36,False,41.0,20230425
SHORT,527,entry,sell,-1,1,463114,2023-04-25 11:53:00,11,713,0.00028615794456892025,1000.64,True,249.0,20230425
SHORT,527,exit,buy,-1,1,463363,2023-04-25 16:02:00,16,962,0.0005724058844382409,1000.64,True,249.0,20230425
SHORT,528,entry,sell,-1,1,464208,2023-04-26 07:07:00,7,427,0.00020290733750709232,-264.36,False,37.0,20230426
SHORT,528,exit,buy,-1,1,464245,2023-04-26 07:44:00,7,464,0.00026344847296088926,-264.36,False,37.0,20230426
SHORT,529,entry,sell,-1,1,464255,2023-04-26 07:54:00,7,474,0.00027922649869040244,-349.36,False,19.0,20230426
SHORT,529,exit,buy,-1,1,464274,2023-04-26 08:13:00,8,493,0.0002809867196643275,-349.36,False,19.0,20230426
SHORT,530,entry,sell,-1,1,464353,2023-04-26 09:32:00,9,572,0.00029265836514530495,-499.36,False,36.0,20230426
SHORT,530,exit,buy,-1,1,464389,2023-04-26 10:08:00,10,608,0.0005154343976098881,-499.36,False,36.0,20230426
SHORT,531,entry,sell,-1,1,468174,2023-05-01 04:13:00,4,253,0.0001398052028320276,-119.36,False,37.0,20230501
SHORT,531,exit,buy,-1,1,468211,2023-05-01 04:50:00,4,290,0.00015161654101714691,-119.36,False,37.0,20230501
SHORT,532,entry,sell,-1,1,468323,2023-05-01 06:42:00,6,402,0.0001282852694625733,-179.36,False,5.0,20230501
SHORT,532,exit,buy,-1,1,468328,2023-05-01 06:47:00,6,407,0.00013228724816777065,-179.36,False,5.0,20230501
SHORT,533,entry,sell,-1,1,468329,2023-05-01 06:48:00,6,408,0.00013175278884893418,15.64,True,4.0,20230501
SHORT,533,exit,buy,-1,1,468333,2023-05-01 06:52:00,6,412,0.00013220711471614881,15.64,True,4.0,20230501
SHORT,534,entry,sell,-1,1,468334,2023-05-01 06:53:00,6,413,0.00013528581465835747,-19.36,False,4.0,20230501
SHORT,534,exit,buy,-1,1,468338,2023-05-01 06:57:00,6,417,0.00013690433080604253,-19.36,False,4.0,20230501
SHORT,535,entry,sell,-1,1,468340,2023-05-01 06:59:00,6,419,0.00013599037960111685,-89.36,False,3.0,20230501
SHORT,535,exit,buy,-1,1,468343,2023-05-01 07:02:00,7,422,0.00013172900370041066,-89.36,False,3.0,20230501
SHORT,536,entry,sell,-1,1,468355,2023-05-01 07:14:00,7,434,0.0001321769486943071,-124.36,False,3.0,20230501
SHORT,536,exit,buy,-1,1,468358,2023-05-01 07:17:00,7,437,0.00012629618159627727,-124.36,False,3.0,20230501
SHORT,537,entry,sell,-1,1,468390,2023-05-01 07:49:00,7,469,0.0001272482916722413,0.6399999999999997,True,1.0,20230501
SHORT,537,exit,buy,-1,1,468391,2023-05-01 07:50:00,7,470,0.00012733657447784344,0.6399999999999997,True,1.0,20230501
SHORT,538,entry,sell,-1,1,468392,2023-05-01 07:51:00,7,471,0.00012929151342466391,-14.36,False,1.0,20230501
SHORT,538,exit,buy,-1,1,468393,2023-05-01 07:52:00,7,472,0.00012720704920675684,-14.36,False,1.0,20230501
SHORT,539,entry,sell,-1,1,468401,2023-05-01 08:00:00,8,480,0.000126809623663183,55.64,True,1.0,20230501
SHORT,539,exit,buy,-1,1,468402,2023-05-01 08:01:00,8,481,0.0001263089945029143,55.64,True,1.0,20230501
SHORT,540,entry,sell,-1,1,468403,2023-05-01 08:02:00,8,482,0.00012818378228885113,-119.36,False,12.0,20230501
SHORT,540,exit,buy,-1,1,468415,2023-05-01 08:14:00,8,494,0.00012355722742898057,-119.36,False,12.0,20230501
SHORT,541,entry,sell,-1,1,468417,2023-05-01 08:16:00,8,496,0.00014512116298787063,-219.36,False,24.0,20230501
SHORT,541,exit,buy,-1,1,468441,2023-05-01 08:40:00,8,520,0.00017170555733864794,-219.36,False,24.0,20230501
SHORT,542,entry,sell,-1,1,468443,2023-05-01 08:42:00,8,522,0.00016676101532528265,-54.36,False,1.0,20230501
SHORT,542,exit,buy,-1,1,468444,2023-05-01 08:43:00,8,523,0.00016815125248180747,-54.36,False,1.0,20230501
SHORT,543,entry,sell,-1,1,471612,2023-05-03 15:32:00,15,932,0.0011336242731798062,-89.36,False,68.0,20230503
SHORT,543,exit,buy,-1,1,471680,2023-05-03 16:40:00,16,1000,0.00033701165522735004,-89.36,False,68.0,20230503
SHORT,544,entry,sell,-1,1,474581,2023-05-07 20:01:00,20,1201,0.00013286864969081966,-244.36,False,14.0,20230508
SHORT,544,exit,buy,-1,1,474595,2023-05-07 20:15:00,20,1215,0.00013102856243019193,-244.36,False,14.0,20230508
SHORT,545,entry,sell,-1,1,474596,2023-05-07 20:16:00,20,1216,0.00012570613572191505,10.64,True,1.0,20230508
SHORT,545,exit,buy,-1,1,474597,2023-05-07 20:17:00,20,1217,0.00012555877839644472,10.64,True,1.0,20230508
SHORT,546,entry,sell,-1,1,474598,2023-05-07 20:18:00,20,1218,0.0001255221514112216,180.64,True,57.0,20230508
SHORT,546,exit,buy,-1,1,474655,2023-05-07 21:15:00,21,1275,9.131437789642147e-05,180.64,True,57.0,20230508
SHORT,547,entry,sell,-1,1,474656,2023-05-07 21:16:00,21,1276,8.933777443163177e-05,0.6399999999999997,True,3.0,20230508
SHORT,547,exit,buy,-1,1,474659,2023-05-07 21:19:00,21,1279,8.844096330795681e-05,0.6399999999999997,True,3.0,20230508
SHORT,548,entry,sell,-1,1,474660,2023-05-07 21:20:00,21,1280,8.756357479451263e-05,10.64,True,1.0,20230508
SHORT,548,exit,buy,-1,1,474661,2023-05-07 21:21:00,21,1281,8.722244512567522e-05,10.64,True,1.0,20230508
SHORT,549,entry,sell,-1,1,474662,2023-05-07 21:22:00,21,1282,8.517986488396908e-05,-99.36,False,4.0,20230508
SHORT,549,exit,buy,-1,1,474666,2023-05-07 21:26:00,21,1286,7.911209965992147e-05,-99.36,False,4.0,20230508
SHORT,550,entry,sell,-1,1,474692,2023-05-07 21:52:00,21,1312,8.48983366436145e-05,-29.36,False,7.0,20230508
SHORT,550,exit,buy,-1,1,474699,2023-05-07 21:59:00,21,1319,8.22001628563952e-05,-29.36,False,7.0,20230508
SHORT,551,entry,sell,-1,1,474700,2023-05-07 22:00:00,22,1320,8.20714410080305e-05,20.64,True,2.0,20230508
SHORT,551,exit,buy,-1,1,474702,2023-05-07 22:02:00,22,1322,8.206708685062822e-05,20.64,True,2.0,20230508
SHORT,552,entry,sell,-1,1,474703,2023-05-07 22:03:00,22,1323,8.201855439246297e-05,-24.36,False,1.0,20230508
SHORT,552,exit,buy,-1,1,474704,2023-05-07 22:04:00,22,1324,8.425961149694327e-05,-24.36,False,1.0,20230508
SHORT,553,entry,sell,-1,1,474707,2023-05-07 22:07:00,22,1327,8.783983166029574e-05,-59.36,False,3.0,20230508
SHORT,553,exit,buy,-1,1,474710,2023-05-07 22:10:00,22,1330,8.380379086815825e-05,-59.36,False,3.0,20230508
SHORT,554,entry,sell,-1,1,479534,2023-05-11 09:36:00,9,576,0.00028060593672432865,120.64,True,15.0,20230511
SHORT,554,exit,buy,-1,1,479549,2023-05-11 09:51:00,9,591,0.00029971913391365344,120.64,True,15.0,20230511
SHORT,555,entry,sell,-1,1,479550,2023-05-11 09:52:00,9,592,0.0003374528049141653,105.64,True,9.0,20230511
SHORT,555,exit,buy,-1,1,479559,2023-05-11 10:01:00,10,601,0.00035516164117862766,105.64,True,9.0,20230511
SHORT,556,entry,sell,-1,1,481082,2023-05-12 12:24:00,12,744,0.00024144515560076238,15.64,True,60.0,20230512
SHORT,556,exit,buy,-1,1,481142,2023-05-12 13:24:00,13,804,0.00024588526916163704,15.64,True,60.0,20230512
SHORT,557,entry,sell,-1,1,481171,2023-05-12 13:53:00,13,833,0.00025676712029774554,-369.36,False,70.0,20230512
SHORT,557,exit,buy,-1,1,481241,2023-05-12 15:03:00,15,903,0.00028684596907029063,-369.36,False,70.0,20230512
SHORT,558,entry,sell,-1,1,482298,2023-05-15 09:40:00,9,580,0.00021198109800937875,-419.36,False,5.0,20230515
SHORT,558,exit,buy,-1,1,482303,2023-05-15 09:45:00,9,585,0.00023064647675144874,-419.36,False,5.0,20230515
SHORT,559,entry,sell,-1,1,482309,2023-05-15 09:51:00,9,591,0.0002637569571423709,150.64,True,14.0,20230515
SHORT,559,exit,buy,-1,1,482323,2023-05-15 10:05:00,10,605,0.00028939798398882325,150.64,True,14.0,20230515
SHORT,560,entry,sell,-1,1,487091,2023-05-18 21:33:00,21,1293,7.853409698378513e-05,-34.36,False,1.0,20230519
SHORT,560,exit,buy,-1,1,487092,2023-05-18 21:34:00,21,1294,7.649580092733618e-05,-34.36,False,1.0,20230519
SHORT,561,entry,sell,-1,1,487094,2023-05-18 21:36:00,21,1296,7.727674589197103e-05,-174.36,False,9.0,20230519
SHORT,561,exit,buy,-1,1,487103,2023-05-18 21:45:00,21,1305,8.768643299989375e-05,-174.36,False,9.0,20230519
SHORT,562,entry,sell,-1,1,487247,2023-05-19 00:09:00,0,9,6.707341088439227e-05,85.64,True,263.0,20230519
SHORT,562,exit,buy,-1,1,487510,2023-05-19 04:32:00,4,272,0.00014074884180126728,85.64,True,263.0,20230519
SHORT,563,entry,sell,-1,1,487562,2023-05-19 05:24:00,5,324,0.0001247203901602304,265.64,True,103.0,20230519
SHORT,563,exit,buy,-1,1,487665,2023-05-19 07:07:00,7,427,0.00013394179181305948,265.64,True,103.0,20230519
SHORT,564,entry,sell,-1,1,487666,2023-05-19 07:08:00,7,428,0.00012743230022460193,-14.36,False,1.0,20230519
SHORT,564,exit,buy,-1,1,487667,2023-05-19 07:09:00,7,429,0.00012159875209165089,-14.36,False,1.0,20230519
SHORT,565,entry,sell,-1,1,487668,2023-05-19 07:10:00,7,430,0.00012072957374459986,30.64,True,1.0,20230519
SHORT,565,exit,buy,-1,1,487669,2023-05-19 07:11:00,7,431,0.00012082798757699314,30.64,True,1.0,20230519
SHORT,566,entry,sell,-1,1,487670,2023-05-19 07:12:00,7,432,0.00011987924078704831,-124.36,False,8.0,20230519
SHORT,566,exit,buy,-1,1,487678,2023-05-19 07:20:00,7,440,0.0001290060507751532,-124.36,False,8.0,20230519
SHORT,567,entry,sell,-1,1,487735,2023-05-19 08:17:00,8,497,0.00015961123692583308,-354.36,False,11.0,20230519
SHORT,567,exit,buy,-1,1,487746,2023-05-19 08:28:00,8,508,0.00016279783548106173,-354.36,False,11.0,20230519
SHORT,568,entry,sell,-1,1,487748,2023-05-19 08:30:00,8,510,0.0001625030873915423,-64.36,False,2.0,20230519
SHORT,568,exit,buy,-1,1,487750,2023-05-19 08:32:00,8,512,0.00016822808714475965,-64.36,False,2.0,20230519
SHORT,569,entry,sell,-1,1,487751,2023-05-19 08:33:00,8,513,0.0001701133370048338,25.64,True,1.0,20230519
SHORT,569,exit,buy,-1,1,487752,2023-05-19 08:34:00,8,514,0.00016845409754887987,25.64,True,1.0,20230519
SHORT,570,entry,sell,-1,1,487806,2023-05-19 09:28:00,9,568,0.0001965354428599205,10.64,True,4.0,20230519
SHORT,570,exit,buy,-1,1,487810,2023-05-19 09:32:00,9,572,0.0002095649819114123,10.64,True,4.0,20230519
SHORT,571,entry,sell,-1,1,487811,2023-05-19 09:33:00,9,573,0.00021177915844368777,-14.36,False,1.0,20230519
SHORT,571,exit,buy,-1,1,487812,2023-05-19 09:34:00,9,574,0.00021128179931532675,-14.36,False,1.0,20230519
SHORT,572,entry,sell,-1,1,487932,2023-05-19 11:34:00,11,694,0.0004807683768107248,-99.36,False,2.0,20230519
SHORT,572,exit,buy,-1,1,487934,2023-05-19 11:36:00,11,696,0.00047831346038581076,-99.36,False,2.0,20230519
SHORT,573,entry,sell,-1,1,487935,2023-05-19 11:37:00,11,697,0.00046552688635269004,-549.36,False,11.0,20230519
SHORT,573,exit,buy,-1,1,487946,2023-05-19 11:48:00,11,708,0.0004836180959931648,-549.36,False,11.0,20230519
SHORT,574,entry,sell,-1,1,487950,2023-05-19 11:52:00,11,712,0.00047805398260984493,-44.36,False,1.0,20230519
SHORT,574,exit,buy,-1,1,487951,2023-05-19 11:53:00,11,713,0.0004780243893610529,-44.36,False,1.0,20230519
SHORT,575,entry,sell,-1,1,487956,2023-05-19 11:58:00,11,718,0.00047736792306781963,395.64,True,6.0,20230519
SHORT,575,exit,buy,-1,1,487962,2023-05-19 12:04:00,12,724,0.000487577525764971,395.64,True,6.0,20230519
SHORT,576,entry,sell,-1,1,487963,2023-05-19 12:05:00,12,725,0.000489584656198827,80.64,True,1.0,20230519
SHORT,576,exit,buy,-1,1,487964,2023-05-19 12:06:00,12,726,0.00047168644146616616,80.64,True,1.0,20230519
SHORT,577,entry,sell,-1,1,487965,2023-05-19 12:07:00,12,727,0.0004724533697025628,-19.36,False,2.0,20230519
SHORT,577,exit,buy,-1,1,487967,2023-05-19 12:09:00,12,729,0.00046553767267505793,-19.36,False,2.0,20230519
SHORT,578,entry,sell,-1,1,487968,2023-05-19 12:10:00,12,730,0.00046538916399465664,90.64,True,1.0,20230519
SHORT,578,exit,buy,-1,1,487969,2023-05-19 12:11:00,12,731,0.0004604462982527829,90.64,True,1.0,20230519
SHORT,579,entry,sell,-1,1,487970,2023-05-19 12:12:00,12,732,0.00046149330213404716,85.64,True,1.0,20230519
SHORT,579,exit,buy,-1,1,487971,2023-05-19 12:13:00,12,733,0.0004572503329642712,85.64,True,1.0,20230519
SHORT,580,entry,sell,-1,1,487975,2023-05-19 12:17:00,12,737,0.0004362656530603159,-64.36,False,1.0,20230519
SHORT,580,exit,buy,-1,1,487976,2023-05-19 12:18:00,12,738,0.0004327408958529901,-64.36,False,1.0,20230519
SHORT,581,entry,sell,-1,1,487988,2023-05-19 12:30:00,12,750,0.00039971900209967247,-64.36,False,17.0,20230519
SHORT,581,exit,buy,-1,1,488005,2023-05-19 12:47:00,12,767,0.0003717514232521754,-64.36,False,17.0,20230519
SHORT,582,entry,sell,-1,1,488007,2023-05-19 12:49:00,12,769,0.00036717136024943853,75.64,True,2.0,20230519
SHORT,582,exit,buy,-1,1,488009,2023-05-19 12:51:00,12,771,0.0003654090514790788,75.64,True,2.0,20230519
SHORT,583,entry,sell,-1,1,488011,2023-05-19 12:53:00,12,773,0.00036770787844450745,-149.36,False,1.0,20230519
SHORT,583,exit,buy,-1,1,488012,2023-05-19 12:54:00,12,774,0.0003717045386940703,-149.36,False,1.0,20230519
SHORT,584,entry,sell,-1,1,488259,2023-05-21 18:01:00,18,1081,8.286576991451551e-05,-329.36,False,22.0,20230522
SHORT,584,exit,buy,-1,1,488281,2023-05-21 18:23:00,18,1103,0.00011133175804693498,-329.36,False,22.0,20230522
SHORT,585,entry,sell,-1,1,488282,2023-05-21 18:24:00,18,1104,0.00011721064441739847,-284.36,False,48.0,20230522
SHORT,585,exit,buy,-1,1,488330,2023-05-21 19:12:00,19,1152,0.00013103145041037627,-284.36,False,48.0,20230522
SHORT,586,entry,sell,-1,1,488331,2023-05-21 19:13:00,19,1153,0.00012817802325831024,-64.36,False,11.0,20230522
SHORT,586,exit,buy,-1,1,488342,2023-05-21 19:24:00,19,1164,0.00011366674184401243,-64.36,False,11.0,20230522
SHORT,587,entry,sell,-1,1,488343,2023-05-21 19:25:00,19,1165,0.00011226885764454684,-14.36,False,2.0,20230522
SHORT,587,exit,buy,-1,1,488345,2023-05-21 19:27:00,19,1167,0.00011049528425669706,-14.36,False,2.0,20230522
SHORT,588,entry,sell,-1,1,488346,2023-05-21 19:28:00,19,1168,0.00011022724082360102,10.64,True,2.0,20230522
SHORT,588,exit,buy,-1,1,488348,2023-05-21 19:30:00,19,1170,0.0001108482745754548,10.64,True,2.0,20230522
SHORT,589,entry,sell,-1,1,488349,2023-05-21 19:31:00,19,1171,0.00011105188733467428,15.64,True,1.0,20230522
SHORT,589,exit,buy,-1,1,488350,2023-05-21 19:32:00,19,1172,0.00011127507298444246,15.64,True,1.0,20230522
SHORT,590,entry,sell,-1,1,488351,2023-05-21 19:33:00,19,1173,0.00011136610304169581,-14.36,False,1.0,20230522
SHORT,590,exit,buy,-1,1,488352,2023-05-21 19:34:00,19,1174,0.00011132283717822392,-14.36,False,1.0,20230522
SHORT,591,entry,sell,-1,1,488354,2023-05-21 19:36:00,19,1176,0.0001066209703617361,-9.36,False,1.0,20230522
SHORT,591,exit,buy,-1,1,488355,2023-05-21 19:37:00,19,1177,0.00010630785921635269,-9.36,False,1.0,20230522
SHORT,592,entry,sell,-1,1,488953,2023-05-22 05:35:00,5,335,8.553765520018511e-05,15.64,True,39.0,20230522
SHORT,592,exit,buy,-1,1,488992,2023-05-22 06:14:00,6,374,0.00012063694958093106,15.64,True,39.0,20230522
SHORT,593,entry,sell,-1,1,490180,2023-05-23 03:02:00,3,182,0.00010535540400167955,75.64,True,1.0,20230523
SHORT,593,exit,buy,-1,1,490181,2023-05-23 03:03:00,3,183,0.0001110405578152748,75.64,True,1.0,20230523
SHORT,594,entry,sell,-1,1,490182,2023-05-23 03:04:00,3,184,0.0001110405578152748,-24.36,False,22.0,20230523
SHORT,594,exit,buy,-1,1,490204,2023-05-23 03:26:00,3,206,0.00011790699074521981,-24.36,False,22.0,20230523
SHORT,595,entry,sell,-1,1,490209,2023-05-23 03:31:00,3,211,0.00011744230783222429,-14.36,False,6.0,20230523
SHORT,595,exit,buy,-1,1,490215,2023-05-23 03:37:00,3,217,0.00012766300319105544,-14.36,False,6.0,20230523
SHORT,596,entry,sell,-1,1,490216,2023-05-23 03:38:00,3,218,0.00012932702071717357,-109.36,False,5.0,20230523
SHORT,596,exit,buy,-1,1,490221,2023-05-23 03:43:00,3,223,0.00012870754981008072,-109.36,False,5.0,20230523
SHORT,597,entry,sell,-1,1,490224,2023-05-23 03:46:00,3,226,0.00012807963696926576,-34.36,False,1.0,20230523
SHORT,597,exit,buy,-1,1,490225,2023-05-23 03:47:00,3,227,0.0001282818583365389,-34.36,False,1.0,20230523
SHORT,598,entry,sell,-1,1,490413,2023-05-23 06:55:00,6,415,9.579631167523106e-05,365.64,True,95.0,20230523
SHORT,598,exit,buy,-1,1,490508,2023-05-23 08:30:00,8,510,0.0001469666149509107,365.64,True,95.0,20230523
SHORT,599,entry,sell,-1,1,490525,2023-05-23 08:47:00,8,527,0.0001600937815924509,70.64,True,45.0,20230523
SHORT,599,exit,buy,-1,1,490570,2023-05-23 09:32:00,9,572,0.00022459290313528048,70.64,True,45.0,20230523
SHORT,600,entry,sell,-1,1,490855,2023-05-23 14:17:00,14,857,0.00031220707843991624,105.64,True,89.0,20230523
SHORT,600,exit,buy,-1,1,490944,2023-05-23 15:46:00,15,946,0.0002945502324353077,105.64,True,89.0,20230523
SHORT,601,entry,sell,-1,1,491634,2023-05-24 04:16:00,4,256,0.0002116493578526943,105.64,True,4.0,20230524
SHORT,601,exit,buy,-1,1,491638,2023-05-24 04:20:00,4,260,0.00021091454525738146,105.64,True,4.0,20230524
SHORT,602,entry,sell,-1,1,491761,2023-05-24 06:23:00,6,383,0.00012923021298316673,85.64,True,106.0,20230524
SHORT,602,exit,buy,-1,1,491867,2023-05-24 08:09:00,8,489,0.00017170402721399569,85.64,True,106.0,20230524
SHORT,603,entry,sell,-1,1,491890,2023-05-24 08:32:00,8,512,0.00017161202950018061,-154.36,False,64.0,20230524
SHORT,603,exit,buy,-1,1,491954,2023-05-24 09:36:00,9,576,0.00023281196837247287,-154.36,False,64.0,20230524
SHORT,604,entry,sell,-1,1,492003,2023-05-24 10:25:00,10,625,0.00039505412456453787,-34.36,False,48.0,20230524
SHORT,604,exit,buy,-1,1,492051,2023-05-24 11:13:00,11,673,0.0003819271614297336,-34.36,False,48.0,20230524
SHORT,605,entry,sell,-1,1,492082,2023-05-24 11:44:00,11,704,0.0003499859621284838,-589.36,False,113.0,20230524
SHORT,605,exit,buy,-1,1,492195,2023-05-24 13:37:00,13,817,0.00023965353797541757,-589.36,False,113.0,20230524
SHORT,606,entry,sell,-1,1,492325,2023-05-24 15:47:00,15,947,0.00035274452268315,-1319.36,False,34.0,20230524
SHORT,606,exit,buy,-1,1,492359,2023-05-24 16:21:00,16,981,0.0006482650297547592,-1319.36,False,34.0,20230524
SHORT,607,entry,sell,-1,1,492435,2023-05-24 18:37:00,18,1117,0.0002676853563264381,-949.36,False,492.0,20230525
SHORT,607,exit,buy,-1,1,492927,2023-05-25 02:49:00,2,169,0.00014909607645710634,-949.36,False,492.0,20230525
SHORT,608,entry,sell,-1,1,492970,2023-05-25 03:32:00,3,212,0.00018922574159917102,190.64,True,30.0,20230525
SHORT,608,exit,buy,-1,1,493000,2023-05-25 04:02:00,4,242,0.00021118036094583173,190.64,True,30.0,20230525
SHORT,609,entry,sell,-1,1,493167,2023-05-25 06:49:00,6,409,0.0001465804882515578,-429.36,False,56.0,20230525
SHORT,609,exit,buy,-1,1,493223,2023-05-25 07:45:00,7,465,0.0001583910610451971,-429.36,False,56.0,20230525
SHORT,610,entry,sell,-1,1,493272,2023-05-25 08:34:00,8,514,0.0002167887000288335,-594.36,False,8.0,20230525
SHORT,610,exit,buy,-1,1,493280,2023-05-25 08:42:00,8,522,0.0002626144348123974,-594.36,False,8.0,20230525
SHORT,611,entry,sell,-1,1,493983,2023-05-25 21:25:00,21,1285,0.00015834203856187517,-674.36,False,290.0,20230526
SHORT,611,exit,buy,-1,1,494273,2023-05-26 02:15:00,2,135,9.711285487007412e-05,-674.36,False,290.0,20230526
SHORT,612,entry,sell,-1,1,494326,2023-05-26 03:08:00,3,188,0.00012526501804815385,-234.36,False,6.0,20230526
SHORT,612,exit,buy,-1,1,494332,2023-05-26 03:14:00,3,194,0.00013200459658248452,-234.36,False,6.0,20230526
SHORT,613,entry,sell,-1,1,494342,2023-05-26 03:24:00,3,204,0.00013206312478482256,125.64,True,30.0,20230526
SHORT,613,exit,buy,-1,1,494372,2023-05-26 03:54:00,3,234,0.00016825640837297477,125.64,True,30.0,20230526
SHORT,614,entry,sell,-1,1,494508,2023-05-26 06:10:00,6,370,0.00012109800303735002,-284.36,False,15.0,20230526
SHORT,614,exit,buy,-1,1,494523,2023-05-26 06:25:00,6,385,0.00013289963408782374,-284.36,False,15.0,20230526
SHORT,615,entry,sell,-1,1,494650,2023-05-26 08:32:00,8,512,0.0001850100109557494,255.64,True,10.0,20230526
SHORT,615,exit,buy,-1,1,494660,2023-05-26 08:42:00,8,522,0.0002498067858899793,255.64,True,10.0,20230526
SHORT,616,entry,sell,-1,1,495333,2023-05-28 20:55:00,20,1255,0.00014264814070115358,-79.36,False,3.0,20230529
SHORT,616,exit,buy,-1,1,495336,2023-05-28 20:58:00,20,1258,0.0001414451423791459,-79.36,False,3.0,20230529
SHORT,617,entry,sell,-1,1,495371,2023-05-28 21:33:00,21,1293,0.00013293211380415717,-619.36,False,302.0,20230529
SHORT,617,exit,buy,-1,1,495673,2023-05-29 02:35:00,2,155,0.00010352307803106893,-619.36,False,302.0,20230529
SHORT,618,entry,sell,-1,1,495704,2023-05-29 03:06:00,3,186,0.0001262644250873934,145.64,True,187.0,20230529
SHORT,618,exit,buy,-1,1,495891,2023-05-29 06:13:00,6,373,0.00010727379258227747,145.64,True,187.0,20230529
SHORT,619,entry,sell,-1,1,495920,2023-05-29 06:42:00,6,402,0.00013060708608674345,220.64,True,42.0,20230529
SHORT,619,exit,buy,-1,1,495962,2023-05-29 07:24:00,7,444,0.00012873426972291005,220.64,True,42.0,20230529
SHORT,620,entry,sell,-1,1,495965,2023-05-29 07:27:00,7,447,0.00012989707841860694,-149.36,False,4.0,20230529
SHORT,620,exit,buy,-1,1,495969,2023-05-29 07:31:00,7,451,0.00013053424342655313,-149.36,False,4.0,20230529
SHORT,621,entry,sell,-1,1,495981,2023-05-29 07:43:00,7,463,9.754425251821576e-05,-319.36,False,46.0,20230529
SHORT,621,exit,buy,-1,1,496027,2023-05-29 08:29:00,8,509,0.000125691567373737,-319.36,False,46.0,20230529
SHORT,622,entry,sell,-1,1,496056,2023-05-29 08:58:00,8,538,0.00015470769701444428,25.64,True,1.0,20230529
SHORT,622,exit,buy,-1,1,496057,2023-05-29 08:59:00,8,539,0.00015459187680998593,25.64,True,1.0,20230529
SHORT,623,entry,sell,-1,1,496091,2023-05-29 09:33:00,9,573,0.00013268286680403636,-84.36,False,30.0,20230529
SHORT,623,exit,buy,-1,1,496121,2023-05-29 10:03:00,10,603,9.994559115512186e-05,-84.36,False,30.0,20230529
SHORT,624,entry,sell,-1,1,496340,2023-05-29 18:42:00,18,1122,0.0001376645112355492,-24.36,False,3.0,20230530
SHORT,624,exit,buy,-1,1,496343,2023-05-29 18:45:00,18,1125,0.00013799854149727043,-24.36,False,3.0,20230530
SHORT,625,entry,sell,-1,1,496383,2023-05-29 19:25:00,19,1165,9.90542421786341e-05,60.64,True,153.0,20230530
SHORT,625,exit,buy,-1,1,496536,2023-05-29 21:58:00,21,1318,8.074098719347568e-05,60.64,True,153.0,20230530
SHORT,626,entry,sell,-1,1,496573,2023-05-29 22:35:00,22,1355,7.226198852589321e-05,-94.36,False,22.0,20230530
SHORT,626,exit,buy,-1,1,496595,2023-05-29 22:57:00,22,1377,6.094137077555072e-05,-94.36,False,22.0,20230530
SHORT,627,entry,sell,-1,1,497167,2023-05-30 08:29:00,8,509,0.0002429395139912923,-139.36,False,71.0,20230530
SHORT,627,exit,buy,-1,1,497238,2023-05-30 09:40:00,9,580,0.0004264060860332778,-139.36,False,71.0,20230530
SHORT,628,entry,sell,-1,1,497252,2023-05-30 09:54:00,9,594,0.0005417220941521755,640.64,True,369.0,20230530
SHORT,628,exit,buy,-1,1,497621,2023-05-30 16:03:00,16,963,0.0002893835109142194,640.64,True,369.0,20230530
SHORT,629,entry,sell,-1,1,498129,2023-05-31 01:31:00,1,91,0.0001106140929440768,-74.36,False,100.0,20230531
SHORT,629,exit,buy,-1,1,498229,2023-05-31 03:11:00,3,191,0.00017615820779908378,-74.36,False,100.0,20230531
SHORT,630,entry,sell,-1,1,498665,2023-05-31 10:27:00,10,627,0.0005051841916734853,-594.36,False,7.0,20230531
SHORT,630,exit,buy,-1,1,498672,2023-05-31 10:34:00,10,634,0.00048051754121819273,-594.36,False,7.0,20230531
SHORT,631,entry,sell,-1,1,498674,2023-05-31 10:36:00,10,636,0.00047659308055751686,150.64,True,1.0,20230531
SHORT,631,exit,buy,-1,1,498675,2023-05-31 10:37:00,10,637,0.00047583339842897704,150.64,True,1.0,20230531
SHORT,632,entry,sell,-1,1,498676,2023-05-31 10:38:00,10,638,0.00045669577837951516,-384.36,False,6.0,20230531
SHORT,632,exit,buy,-1,1,498682,2023-05-31 10:44:00,10,644,0.0004442749491663765,-384.36,False,6.0,20230531
SHORT,633,entry,sell,-1,1,498704,2023-05-31 11:06:00,11,666,0.000404025593522756,-194.36,False,48.0,20230531
SHORT,633,exit,buy,-1,1,498752,2023-05-31 11:54:00,11,714,0.00030453287652712675,-194.36,False,48.0,20230531
SHORT,634,entry,sell,-1,1,498788,2023-05-31 12:30:00,12,750,0.00029049796655002087,-709.36,False,54.0,20230531
SHORT,634,exit,buy,-1,1,498842,2023-05-31 13:24:00,13,804,0.0002873328170238228,-709.36,False,54.0,20230531
SHORT,635,entry,sell,-1,1,499991,2023-06-01 09:33:00,9,573,0.0003154740738637564,-139.36,False,1.0,20230601
SHORT,635,exit,buy,-1,1,499992,2023-06-01 09:34:00,9,574,0.0003190005860599779,-139.36,False,1.0,20230601
SHORT,636,entry,sell,-1,1,499995,2023-06-01 09:37:00,9,577,0.0003878459161538571,-524.36,False,3.0,20230601
SHORT,636,exit,buy,-1,1,499998,2023-06-01 09:40:00,9,580,0.0004202440689708001,-524.36,False,3.0,20230601
SHORT,637,entry,sell,-1,1,501332,2023-06-02 08:54:00,8,534,0.00028051778720160646,-49.36,False,1.0,20230602
SHORT,637,exit,buy,-1,1,501333,2023-06-02 08:55:00,8,535,0.00028106549227242513,-49.36,False,1.0,20230602
SHORT,638,entry,sell,-1,1,501336,2023-06-02 08:58:00,8,538,0.00028534516162906153,45.64,True,1.0,20230602
SHORT,638,exit,buy,-1,1,501337,2023-06-02 08:59:00,8,539,0.0002853471606800943,45.64,True,1.0,20230602
SHORT,639,entry,sell,-1,1,501338,2023-06-02 09:00:00,9,540,0.00028529739608085784,-109.36,False,1.0,20230602
SHORT,639,exit,buy,-1,1,501339,2023-06-02 09:01:00,9,541,0.0002872932747961929,-109.36,False,1.0,20230602
SHORT,640,entry,sell,-1,1,501397,2023-06-02 09:59:00,9,599,0.0005958663895579454,-629.36,False,8.0,20230602
SHORT,640,exit,buy,-1,1,501405,2023-06-02 10:07:00,10,607,0.0006132270960280034,-629.36,False,8.0,20230602
SHORT,641,entry,sell,-1,1,501408,2023-06-02 10:10:00,10,610,0.000629318297519538,-699.36,False,3.0,20230602
SHORT,641,exit,buy,-1,1,501411,2023-06-02 10:13:00,10,613,0.0006668823017353268,-699.36,False,3.0,20230602
SHORT,642,entry,sell,-1,1,503296,2023-06-05 19:43:00,19,1183,8.378033465088377e-05,-79.36,False,28.0,20230606
SHORT,642,exit,buy,-1,1,503324,2023-06-05 20:11:00,20,1211,7.924932338916983e-05,-79.36,False,28.0,20230606
SHORT,643,entry,sell,-1,1,504125,2023-06-06 09:32:00,9,572,0.00020883028295316705,-334.36,False,16.0,20230606
SHORT,643,exit,buy,-1,1,504141,2023-06-06 09:48:00,9,588,0.0002903261083450565,-334.36,False,16.0,20230606
SHORT,644,entry,sell,-1,1,504145,2023-06-06 09:52:00,9,592,0.0003244989592071175,-754.36,False,19.0,20230606
SHORT,644,exit,buy,-1,1,504164,2023-06-06 10:11:00,10,611,0.00037357429568163304,-754.36,False,19.0,20230606
SHORT,645,entry,sell,-1,1,505138,2023-06-07 03:27:00,3,207,8.98692495145318e-05,-124.36,False,76.0,20230607
SHORT,645,exit,buy,-1,1,505214,2023-06-07 04:43:00,4,283,0.00012564642516352598,-124.36,False,76.0,20230607
SHORT,646,entry,sell,-1,1,505451,2023-06-07 08:40:00,8,520,0.00012823086004041902,-9.36,False,6.0,20230607
SHORT,646,exit,buy,-1,1,505457,2023-06-07 08:46:00,8,526,0.0001263459995764512,-9.36,False,6.0,20230607
SHORT,647,entry,sell,-1,1,505566,2023-06-07 10:35:00,10,635,0.00047758996534500564,990.64,True,29.0,20230607
SHORT,647,exit,buy,-1,1,505595,2023-06-07 11:04:00,11,664,0.000502130646458745,990.64,True,29.0,20230607
SHORT,648,entry,sell,-1,1,505609,2023-06-07 11:18:00,11,678,0.0004731363243555472,-869.36,False,13.0,20230607
SHORT,648,exit,buy,-1,1,505622,2023-06-07 11:31:00,11,691,0.0004793052154079493,-869.36,False,13.0,20230607
SHORT,649,entry,sell,-1,1,505634,2023-06-07 11:43:00,11,703,0.0004109739086105005,1275.64,True,158.0,20230607
SHORT,649,exit,buy,-1,1,505792,2023-06-07 14:21:00,14,861,0.00036322913881073603,1275.64,True,158.0,20230607
SHORT,650,entry,sell,-1,1,507459,2023-06-08 20:08:00,20,1208,9.411651854331418e-05,-319.36,False,228.0,20230609
SHORT,650,exit,buy,-1,1,507687,2023-06-08 23:56:00,23,1436,5.8855989272294506e-05,-319.36,False,228.0,20230609
SHORT,651,entry,sell,-1,1,507688,2023-06-08 23:57:00,23,1437,5.9173274325692076e-05,25.64,True,9.0,20230609
SHORT,651,exit,buy,-1,1,507697,2023-06-09 00:06:00,0,6,6.050070366779736e-05,25.64,True,9.0,20230609
SHORT,652,entry,sell,-1,1,507901,2023-06-09 03:30:00,3,210,0.000140123073015524,50.64,True,3.0,20230609
SHORT,652,exit,buy,-1,1,507904,2023-06-09 03:33:00,3,213,0.00013964475785573587,50.64,True,3.0,20230609
SHORT,653,entry,sell,-1,1,507913,2023-06-09 03:42:00,3,222,0.0001598836339620248,-534.36,False,13.0,20230609
SHORT,653,exit,buy,-1,1,507926,2023-06-09 03:55:00,3,235,0.00018314859016019334,-534.36,False,13.0,20230609
SHORT,654,entry,sell,-1,1,508028,2023-06-09 05:37:00,5,337,0.00013440226462643791,-219.36,False,43.0,20230609
SHORT,654,exit,buy,-1,1,508071,2023-06-09 06:20:00,6,380,0.00013174154378330498,-219.36,False,43.0,20230609
SHORT,655,entry,sell,-1,1,510825,2023-06-13 06:19:00,6,379,0.0001589675766273702,-19.36,False,130.0,20230613
SHORT,655,exit,buy,-1,1,510955,2023-06-13 08:29:00,8,509,0.00015188213979358393,-19.36,False,130.0,20230613
SHORT,656,entry,sell,-1,1,510961,2023-06-13 08:35:00,8,515,0.00037378439796087573,-639.36,False,9.0,20230613
SHORT,656,exit,buy,-1,1,510970,2023-06-13 08:44:00,8,524,0.0003965689154980754,-639.36,False,9.0,20230613
SHORT,657,entry,sell,-1,1,511007,2023-06-13 09:21:00,9,561,0.0004716765502549038,-89.36,False,15.0,20230613
SHORT,657,exit,buy,-1,1,511022,2023-06-13 09:36:00,9,576,0.0003720395798979974,-89.36,False,15.0,20230613
SHORT,658,entry,sell,-1,1,511024,2023-06-13 09:38:00,9,578,0.00039522255542593173,-224.36,False,6.0,20230613
SHORT,658,exit,buy,-1,1,511030,2023-06-13 09:44:00,9,584,0.0004636415056715024,-224.36,False,6.0,20230613
SHORT,659,entry,sell,-1,1,511031,2023-06-13 09:45:00,9,585,0.00045736019745187763,-259.36,False,377.0,20230613
SHORT,659,exit,buy,-1,1,511408,2023-06-13 16:02:00,16,962,0.00027726746983723253,-259.36,False,377.0,20230613
SHORT,660,entry,sell,-1,1,512402,2023-06-14 09:37:00,9,577,0.0002443228614742223,-634.36,False,7.0,20230614
SHORT,660,exit,buy,-1,1,512409,2023-06-14 09:44:00,9,584,0.0002931171149437293,-634.36,False,7.0,20230614
SHORT,661,entry,sell,-1,1,512410,2023-06-14 09:45:00,9,585,0.00029701102700858983,-149.36,False,1.0,20230614
SHORT,661,exit,buy,-1,1,512411,2023-06-14 09:46:00,9,586,0.0002998927032376924,-149.36,False,1.0,20230614
SHORT,662,entry,sell,-1,1,512673,2023-06-14 14:08:00,14,848,0.0005509276640365915,-4059.36,False,59.0,20230614
SHORT,662,exit,buy,-1,1,512732,2023-06-14 15:07:00,15,907,0.0008494268879538536,-4059.36,False,59.0,20230614
SHORT,663,entry,sell,-1,1,513049,2023-06-14 21:24:00,21,1284,0.0001209530251887,1130.64,True,689.0,20230615
SHORT,663,exit,buy,-1,1,513738,2023-06-15 08:53:00,8,533,0.00026572917222777173,1130.64,True,689.0,20230615
SHORT,664,entry,sell,-1,1,517726,2023-06-20 10:22:00,10,622,0.0005020588864375144,-294.36,False,24.0,20230620
SHORT,664,exit,buy,-1,1,517750,2023-06-20 10:46:00,10,646,0.00046215723676859604,-294.36,False,24.0,20230620
SHORT,665,entry,sell,-1,1,517940,2023-06-20 13:56:00,13,836,0.00028405126404546145,-294.36,False,121.0,20230620
SHORT,665,exit,buy,-1,1,518061,2023-06-20 15:57:00,15,957,0.0002760181762719761,-294.36,False,121.0,20230620
SHORT,666,entry,sell,-1,1,519073,2023-06-21 09:50:00,9,590,0.0003731670101458168,405.64,True,26.0,20230621
SHORT,666,exit,buy,-1,1,519099,2023-06-21 10:16:00,10,616,0.0004823313712695892,405.64,True,26.0,20230621
SHORT,667,entry,sell,-1,1,519103,2023-06-21 10:20:00,10,620,0.0005019825300535388,1300.64,True,68.0,20230621
SHORT,667,exit,buy,-1,1,519171,2023-06-21 11:28:00,11,688,0.0004752592547888541,1300.64,True,68.0,20230621
SHORT,668,entry,sell,-1,1,521095,2023-06-22 21:32:00,21,1292,9.998960288204262e-05,615.64,True,338.0,20230623
SHORT,668,exit,buy,-1,1,521433,2023-06-23 03:10:00,3,190,0.00014657107800546392,615.64,True,338.0,20230623
SHORT,669,entry,sell,-1,1,521451,2023-06-23 03:28:00,3,208,0.000173123811816485,255.64,True,28.0,20230623
SHORT,669,exit,buy,-1,1,521479,2023-06-23 03:56:00,3,236,0.00023613551897883352,255.64,True,28.0,20230623
SHORT,670,entry,sell,-1,1,521506,2023-06-23 04:23:00,4,263,0.0002134259217526164,120.64,True,50.0,20230623
SHORT,670,exit,buy,-1,1,521556,2023-06-23 05:13:00,5,313,0.00019551920699690815,120.64,True,50.0,20230623
SHORT,671,entry,sell,-1,1,521641,2023-06-23 06:38:00,6,398,0.0001273019341162567,-444.36,False,30.0,20230623
SHORT,671,exit,buy,-1,1,521671,2023-06-23 07:08:00,7,428,0.00013787098018412156,-444.36,False,30.0,20230623
SHORT,672,entry,sell,-1,1,521727,2023-06-23 08:04:00,8,484,0.00015799570302626464,1050.64,True,89.0,20230623
SHORT,672,exit,buy,-1,1,521816,2023-06-23 09:33:00,9,573,0.000272785751191034,1050.64,True,89.0,20230623
SHORT,673,entry,sell,-1,1,522811,2023-06-26 03:08:00,3,188,0.00011044388000064934,475.64,True,34.0,20230626
SHORT,673,exit,buy,-1,1,522845,2023-06-26 03:42:00,3,222,0.00021206744936137382,475.64,True,34.0,20230626
SHORT,674,entry,sell,-1,1,522869,2023-06-26 04:06:00,4,246,0.0002507386731557109,15.64,True,29.0,20230626
SHORT,674,exit,buy,-1,1,522898,2023-06-26 04:35:00,4,275,0.0002623925899429651,15.64,True,29.0,20230626
SHORT,675,entry,sell,-1,1,522913,2023-06-26 04:50:00,4,290,0.0002379716866985838,-364.36,False,19.0,20230626
SHORT,675,exit,buy,-1,1,522932,2023-06-26 05:09:00,5,309,0.00022533127118631,-364.36,False,19.0,20230626
SHORT,676,entry,sell,-1,1,523193,2023-06-26 09:30:00,9,570,0.00019230659999953663,110.64,True,2.0,20230626
SHORT,676,exit,buy,-1,1,523195,2023-06-26 09:32:00,9,572,0.00020688264768061956,110.64,True,2.0,20230626
SHORT,677,entry,sell,-1,1,523196,2023-06-26 09:33:00,9,573,0.00020889552528560325,-499.36,False,1.0,20230626
SHORT,677,exit,buy,-1,1,523197,2023-06-26 09:34:00,9,574,0.00027768860618387946,-499.36,False,1.0,20230626
SHORT,678,entry,sell,-1,1,523349,2023-06-26 12:06:00,12,726,0.00045659370020761507,350.64,True,152.0,20230626
SHORT,678,exit,buy,-1,1,523501,2023-06-26 14:38:00,14,878,0.0003373759807918982,350.64,True,152.0,20230626
SHORT,679,entry,sell,-1,1,523570,2023-06-26 15:47:00,15,947,0.0003226640673776667,285.64,True,53.0,20230626
SHORT,679,exit,buy,-1,1,523623,2023-06-26 16:40:00,16,1000,0.0002869844376896434,285.64,True,53.0,20230626
SHORT,680,entry,sell,-1,1,526947,2023-06-29 03:04:00,3,184,0.0001170269235963745,100.64,True,43.0,20230629
SHORT,680,exit,buy,-1,1,526990,2023-06-29 03:47:00,3,227,0.00016220931286009725,100.64,True,43.0,20230629
SHORT,681,entry,sell,-1,1,527057,2023-06-29 04:54:00,4,294,0.00016918222720142928,-219.36,False,3.0,20230629
SHORT,681,exit,buy,-1,1,527060,2023-06-29 04:57:00,4,297,0.00017267034930281336,-219.36,False,3.0,20230629
SHORT,682,entry,sell,-1,1,527088,2023-06-29 05:25:00,5,325,0.0001344072790594241,0.6399999999999997,True,1.0,20230629
SHORT,682,exit,buy,-1,1,527089,2023-06-29 05:26:00,5,326,0.0001310546611156412,0.6399999999999997,True,1.0,20230629
SHORT,683,entry,sell,-1,1,527279,2023-06-29 08:36:00,8,516,0.00018751980264955194,1675.64,True,400.0,20230629
SHORT,683,exit,buy,-1,1,527679,2023-06-29 15:16:00,15,916,0.00021344518053199703,1675.64,True,400.0,20230629
SHORT,684,entry,sell,-1,1,530349,2023-07-03 18:34:00,18,1114,0.0001501191020261719,-209.36,False,120.0,20230704
SHORT,684,exit,buy,-1,1,530468,2023-07-03 20:34:00,20,1234,6.26243241838438e-05,-209.36,False,120.0,20230704
SHORT,685,entry,sell,-1,1,533148,2023-07-05 23:15:00,23,1395,6.973137495317933e-05,505.64,True,170.0,20230706
SHORT,685,exit,buy,-1,1,533318,2023-07-06 02:05:00,2,125,0.00010279638739493788,505.64,True,170.0,20230706
SHORT,686,entry,sell,-1,1,533351,2023-07-06 02:38:00,2,158,0.00011457401492064903,145.64,True,83.0,20230706
SHORT,686,exit,buy,-1,1,533434,2023-07-06 04:01:00,4,241,0.00015566601646345793,145.64,True,83.0,20230706
SHORT,687,entry,sell,-1,1,533681,2023-07-06 08:08:00,8,488,0.00011567389788461154,1810.64,True,47.0,20230706
SHORT,687,exit,buy,-1,1,533728,2023-07-06 08:55:00,8,535,0.0002983323268581671,1810.64,True,47.0,20230706
SHORT,688,entry,sell,-1,1,534756,2023-07-07 03:04:00,3,184,0.00010292738933432407,-69.36,False,75.0,20230707
SHORT,688,exit,buy,-1,1,534831,2023-07-07 04:19:00,4,259,0.00018225756484688315,-69.36,False,75.0,20230707
SHORT,689,entry,sell,-1,1,534933,2023-07-07 06:01:00,6,361,0.00011376559719209899,-204.36,False,71.0,20230707
SHORT,689,exit,buy,-1,1,535004,2023-07-07 07:12:00,7,432,0.00011533854247973287,-204.36,False,71.0,20230707
SHORT,690,entry,sell,-1,1,535091,2023-07-07 08:39:00,8,519,0.00039110220668382923,650.64,True,12.0,20230707
SHORT,690,exit,buy,-1,1,535103,2023-07-07 08:51:00,8,531,0.0005049212779815751,650.64,True,12.0,20230707
SHORT,691,entry,sell,-1,1,535110,2023-07-07 08:58:00,8,538,0.0005235964228623857,-189.36,False,14.0,20230707
SHORT,691,exit,buy,-1,1,535124,2023-07-07 09:12:00,9,552,0.0005834060586793152,-189.36,False,14.0,20230707
SHORT,692,entry,sell,-1,1,535149,2023-07-07 09:37:00,9,577,0.0005105054231580468,-674.36,False,9.0,20230707
SHORT,692,exit,buy,-1,1,535158,2023-07-07 09:46:00,9,586,0.0004614253217688732,-674.36,False,9.0,20230707
SHORT,693,entry,sell,-1,1,535529,2023-07-07 15:57:00,15,957,0.000265813344465045,-299.36,False,43.0,20230707
SHORT,693,exit,buy,-1,1,535572,2023-07-07 16:40:00,16,1000,0.00023050608047790993,-299.36,False,43.0,20230707
SHORT,694,entry,sell,-1,1,537576,2023-07-11 04:04:00,4,244,0.00014874405277974078,-224.36,False,5.0,20230711
SHORT,694,exit,buy,-1,1,537581,2023-07-11 04:09:00,4,249,0.000146727293448646,-224.36,False,5.0,20230711
SHORT,695,entry,sell,-1,1,537615,2023-07-11 04:43:00,4,283,0.00013749089490551911,-279.36,False,13.0,20230711
SHORT,695,exit,buy,-1,1,537628,2023-07-11 04:56:00,4,296,0.00013556608907504215,-279.36,False,13.0,20230711
SHORT,696,entry,sell,-1,1,537916,2023-07-11 09:44:00,9,584,0.00038258804503104487,35.64,True,1.0,20230711
SHORT,696,exit,buy,-1,1,537917,2023-07-11 09:45:00,9,585,0.0003821605537448861,35.64,True,1.0,20230711
SHORT,697,entry,sell,-1,1,537918,2023-07-11 09:46:00,9,586,0.0003897205529248066,265.64,True,1.0,20230711
SHORT,697,exit,buy,-1,1,537919,2023-07-11 09:47:00,9,587,0.0004000909480434858,265.64,True,1.0,20230711
SHORT,698,entry,sell,-1,1,537920,2023-07-11 09:48:00,9,588,0.00040185967933181467,65.64,True,1.0,20230711
SHORT,698,exit,buy,-1,1,537921,2023-07-11 09:49:00,9,589,0.00040235110613999096,65.64,True,1.0,20230711
SHORT,699,entry,sell,-1,1,537922,2023-07-11 09:50:00,9,590,0.0004076273698286494,-224.36,False,5.0,20230711
SHORT,699,exit,buy,-1,1,537927,2023-07-11 09:55:00,9,595,0.000417858574856703,-224.36,False,5.0,20230711
SHORT,700,entry,sell,-1,1,537928,2023-07-11 09:56:00,9,596,0.0004172780968716176,-434.36,False,41.0,20230711
SHORT,700,exit,buy,-1,1,537969,2023-07-11 10:37:00,10,637,0.0005208763959888861,-434.36,False,41.0,20230711
SHORT,701,entry,sell,-1,1,539289,2023-07-12 09:38:00,9,578,0.00037965569599697263,30.64,True,1.0,20230712
SHORT,701,exit,buy,-1,1,539290,2023-07-12 09:39:00,9,579,0.0003613971553659977,30.64,True,1.0,20230712
SHORT,702,entry,sell,-1,1,539291,2023-07-12 09:40:00,9,580,0.0003474335158287212,-184.36,False,5.0,20230712
SHORT,702,exit,buy,-1,1,539296,2023-07-12 09:45:00,9,585,0.000362575196749172,-184.36,False,5.0,20230712
SHORT,703,entry,sell,-1,1,539408,2023-07-12 11:37:00,11,697,0.00025587195515464864,-489.36,False,303.0,20230712
SHORT,703,exit,buy,-1,1,539711,2023-07-12 16:40:00,16,1000,0.0001805304465734285,-489.36,False,303.0,20230712
SHORT,704,entry,sell,-1,1,544806,2023-07-18 09:35:00,9,575,0.00027856553061606496,-114.36,False,7.0,20230718
SHORT,704,exit,buy,-1,1,544813,2023-07-18 09:42:00,9,582,0.00032017047664718704,-114.36,False,7.0,20230718
SHORT,705,entry,sell,-1,1,544815,2023-07-18 09:44:00,9,584,0.00033105144879639177,-354.36,False,4.0,20230718
SHORT,705,exit,buy,-1,1,544819,2023-07-18 09:48:00,9,588,0.0003368890749272436,-354.36,False,4.0,20230718
SHORT,706,entry,sell,-1,1,544822,2023-07-18 09:51:00,9,591,0.00034915201889112226,-84.36,False,7.0,20230718
SHORT,706,exit,buy,-1,1,544829,2023-07-18 09:58:00,9,598,0.00036968291208470423,-84.36,False,7.0,20230718
SHORT,707,entry,sell,-1,1,544857,2023-07-18 10:26:00,10,626,0.00042135033841138975,-484.36,False,15.0,20230718
SHORT,707,exit,buy,-1,1,544872,2023-07-18 10:41:00,10,641,0.0003611459488519628,-484.36,False,15.0,20230718
SHORT,708,entry,sell,-1,1,546186,2023-07-19 09:35:00,9,575,0.0001930971494597664,-449.36,False,3.0,20230719
SHORT,708,exit,buy,-1,1,546189,2023-07-19 09:38:00,9,578,0.00021995156941054684,-449.36,False,3.0,20230719
SHORT,709,entry,sell,-1,1,546203,2023-07-19 09:52:00,9,592,0.00028624123100637507,-279.36,False,7.0,20230719
SHORT,709,exit,buy,-1,1,546210,2023-07-19 09:59:00,9,599,0.00032886384388674665,-279.36,False,7.0,20230719
SHORT,710,entry,sell,-1,1,547611,2023-07-20 10:20:00,10,620,0.00038632706192051527,1035.64,True,27.0,20230720
SHORT,710,exit,buy,-1,1,547638,2023-07-20 10:47:00,10,647,0.00039010385773747777,1035.64,True,27.0,20230720
SHORT,711,entry,sell,-1,1,548137,2023-07-20 20:06:00,20,1206,0.00010548195668029914,-529.36,False,86.0,20230721
SHORT,711,exit,buy,-1,1,548223,2023-07-20 21:32:00,21,1292,0.00010916372279556533,-529.36,False,86.0,20230721
SHORT,712,entry,sell,-1,1,548943,2023-07-21 09:32:00,9,572,0.0002318679189591719,-29.36,False,1.0,20230721
SHORT,712,exit,buy,-1,1,548944,2023-07-21 09:33:00,9,573,0.00023053097815351148,-29.36,False,1.0,20230721
SHORT,713,entry,sell,-1,1,548951,2023-07-21 09:40:00,9,580,0.00035403769019536687,2175.64,True,420.0,20230721
SHORT,713,exit,buy,-1,1,549371,2023-07-21 16:40:00,16,1000,0.0002624977280261746,2175.64,True,420.0,20230721
SHORT,714,entry,sell,-1,1,550346,2023-07-24 09:55:00,9,595,0.0005283226095592224,-454.36,False,6.0,20230724
SHORT,714,exit,buy,-1,1,550352,2023-07-24 10:01:00,10,601,0.0005404126165130489,-454.36,False,6.0,20230724
SHORT,715,entry,sell,-1,1,552155,2023-07-25 18:05:00,18,1085,0.00036184281669031067,840.64,True,690.0,20230726
SHORT,715,exit,buy,-1,1,552845,2023-07-26 05:35:00,5,335,0.00011192274965388984,840.64,True,690.0,20230726
SHORT,716,entry,sell,-1,1,552849,2023-07-26 05:39:00,5,339,0.0001242554349760855,545.64,True,622.0,20230726
SHORT,716,exit,buy,-1,1,553471,2023-07-26 16:01:00,16,961,0.0006079641480145475,545.64,True,622.0,20230726
SHORT,717,entry,sell,-1,1,554610,2023-07-27 12:00:00,12,720,0.0003285980064842623,-64.36,False,1.0,20230727
SHORT,717,exit,buy,-1,1,554611,2023-07-27 12:01:00,12,721,0.00031484383544777735,-64.36,False,1.0,20230727
SHORT,718,entry,sell,-1,1,554679,2023-07-27 13:09:00,13,789,0.0003356356383418633,-129.36,False,1.0,20230727
SHORT,718,exit,buy,-1,1,554680,2023-07-27 13:10:00,13,790,0.0003383947794388736,-129.36,False,1.0,20230727
SHORT,719,entry,sell,-1,1,554692,2023-07-27 13:22:00,13,802,0.0004241008439839448,-204.36,False,2.0,20230727
SHORT,719,exit,buy,-1,1,554694,2023-07-27 13:24:00,13,804,0.0004269427873857965,-204.36,False,2.0,20230727
SHORT,720,entry,sell,-1,1,554701,2023-07-27 13:31:00,13,811,0.00042754297331646534,2685.64,True,104.0,20230727
SHORT,720,exit,buy,-1,1,554805,2023-07-27 15:15:00,15,915,0.0005071623228911971,2685.64,True,104.0,20230727
SHORT,721,entry,sell,-1,1,555285,2023-07-28 00:15:00,0,15,0.00041672142770170624,-549.36,False,8.0,20230728
SHORT,721,exit,buy,-1,1,555293,2023-07-28 00:23:00,0,23,0.000433962840475415,-549.36,False,8.0,20230728
SHORT,722,entry,sell,-1,1,555850,2023-07-28 09:40:00,9,580,0.00037947225366523937,-414.36,False,1.0,20230728
SHORT,722,exit,buy,-1,1,555851,2023-07-28 09:41:00,9,581,0.0004011881149664481,-414.36,False,1.0,20230728
SHORT,723,entry,sell,-1,1,556480,2023-07-30 21:10:00,21,1270,0.00013245422704913695,-489.36,False,27.0,20230731
SHORT,723,exit,buy,-1,1,556507,2023-07-30 21:37:00,21,1297,0.00017229958616727387,-489.36,False,27.0,20230731
SHORT,724,entry,sell,-1,1,556518,2023-07-30 21:48:00,21,1308,0.00018559395539010956,30.64,True,264.0,20230731
SHORT,724,exit,buy,-1,1,556782,2023-07-31 02:12:00,2,132,0.0001396512136465451,30.64,True,264.0,20230731
SHORT,725,entry,sell,-1,1,556878,2023-07-31 03:48:00,3,228,0.00016592525540637214,-424.36,False,14.0,20230731
SHORT,725,exit,buy,-1,1,556892,2023-07-31 04:02:00,4,242,0.00016204547767878678,-424.36,False,14.0,20230731
SHORT,726,entry,sell,-1,1,557248,2023-07-31 09:58:00,9,598,0.0004688033608383891,-674.36,False,10.0,20230731
SHORT,726,exit,buy,-1,1,557258,2023-07-31 10:08:00,10,608,0.0005142206985009715,-674.36,False,10.0,20230731
SHORT,727,entry,sell,-1,1,558215,2023-08-01 03:05:00,3,185,8.738372638142918e-05,95.64,True,28.0,20230801
SHORT,727,exit,buy,-1,1,558243,2023-08-01 03:33:00,3,213,0.00012684943861153888,95.64,True,28.0,20230801
SHORT,728,entry,sell,-1,1,558262,2023-08-01 03:52:00,3,232,0.00013619171303265484,295.64,True,66.0,20230801
SHORT,728,exit,buy,-1,1,558328,2023-08-01 04:58:00,4,298,0.00016255760586933023,295.64,True,66.0,20230801
SHORT,729,entry,sell,-1,1,558345,2023-08-01 05:15:00,5,315,0.00015534624037871764,-204.36,False,47.0,20230801
SHORT,729,exit,buy,-1,1,558392,2023-08-01 06:02:00,6,362,0.0001297780568625951,-204.36,False,47.0,20230801
SHORT,730,entry,sell,-1,1,558465,2023-08-01 07:15:00,7,435,0.00010633813442821594,625.64,True,110.0,20230801
SHORT,730,exit,buy,-1,1,558575,2023-08-01 09:05:00,9,545,0.00018388641986015505,625.64,True,110.0,20230801
SHORT,731,entry,sell,-1,1,558602,2023-08-01 09:32:00,9,572,0.0001970236890433413,-859.36,False,385.0,20230801
SHORT,731,exit,buy,-1,1,558987,2023-08-01 15:57:00,15,957,0.00018237001698055455,-859.36,False,385.0,20230801
SHORT,732,entry,sell,-1,1,559051,2023-08-01 18:01:00,18,1081,0.00014434673329555885,-854.36,False,2.0,20230802
SHORT,732,exit,buy,-1,1,559053,2023-08-01 18:03:00,18,1083,0.0002562163898631613,-854.36,False,2.0,20230802
SHORT,733,entry,sell,-1,1,559337,2023-08-01 22:47:00,22,1367,0.00013818629764716868,2195.64,True,369.0,20230802
SHORT,733,exit,buy,-1,1,559706,2023-08-02 04:56:00,4,296,0.00021942854911805214,2195.64,True,369.0,20230802
SHORT,734,entry,sell,-1,1,562778,2023-08-04 10:08:00,10,608,0.0005631323881422709,-229.36,False,1.0,20230804
SHORT,734,exit,buy,-1,1,562779,2023-08-04 10:09:00,10,609,0.0005706949976781833,-229.36,False,1.0,20230804
SHORT,735,entry,sell,-1,1,564135,2023-08-07 09:45:00,9,585,0.00039054338568717494,-459.36,False,7.0,20230807
SHORT,735,exit,buy,-1,1,564142,2023-08-07 09:52:00,9,592,0.00044786444137266896,-459.36,False,7.0,20230807
SHORT,736,entry,sell,-1,1,564151,2023-08-07 10:01:00,10,601,0.0004886465584502106,-704.36,False,7.0,20230807
SHORT,736,exit,buy,-1,1,564158,2023-08-07 10:08:00,10,608,0.0005282003450749745,-704.36,False,7.0,20230807
SHORT,737,entry,sell,-1,1,564217,2023-08-07 11:07:00,11,667,0.0004730878857685272,-274.36,False,38.0,20230807
SHORT,737,exit,buy,-1,1,564255,2023-08-07 11:45:00,11,705,0.00045039643578642034,-274.36,False,38.0,20230807
SHORT,738,entry,sell,-1,1,564770,2023-08-07 21:20:00,21,1280,0.00010161211254944833,335.64,True,399.0,20230808
SHORT,738,exit,buy,-1,1,565169,2023-08-08 03:59:00,3,239,0.0001846130964803102,335.64,True,399.0,20230808
SHORT,739,entry,sell,-1,1,565182,2023-08-08 04:12:00,4,252,0.0001739973104543625,1225.64,True,249.0,20230808
SHORT,739,exit,buy,-1,1,565431,2023-08-08 08:21:00,8,501,0.0002651065975989419,1225.64,True,249.0,20230808
SHORT,740,entry,sell,-1,1,566882,2023-08-09 09:32:00,9,572,0.00020838368011751772,200.64,True,1.0,20230809
SHORT,740,exit,buy,-1,1,566883,2023-08-09 09:33:00,9,573,0.00021851270230770518,200.64,True,1.0,20230809
SHORT,741,entry,sell,-1,1,566884,2023-08-09 09:34:00,9,574,0.00022961395845413823,-29.36,False,1.0,20230809
SHORT,741,exit,buy,-1,1,566885,2023-08-09 09:35:00,9,575,0.0002236357247899135,-29.36,False,1.0,20230809
SHORT,742,entry,sell,-1,1,566889,2023-08-09 09:39:00,9,579,0.00026100209849583533,2445.64,True,421.0,20230809
SHORT,742,exit,buy,-1,1,567310,2023-08-09 16:40:00,16,1000,0.0002694247442538851,2445.64,True,421.0,20230809
SHORT,743,entry,sell,-1,1,568403,2023-08-10 11:53:00,11,713,0.0005342801581202308,-939.36,False,47.0,20230810
SHORT,743,exit,buy,-1,1,568450,2023-08-10 12:40:00,12,760,0.0005702471240338142,-939.36,False,47.0,20230810
SHORT,744,entry,sell,-1,1,568493,2023-08-10 13:23:00,13,803,0.0004915684949089298,-384.36,False,48.0,20230810
SHORT,744,exit,buy,-1,1,568541,2023-08-10 14:11:00,14,851,0.00045365151431041057,-384.36,False,48.0,20230810
SHORT,745,entry,sell,-1,1,569350,2023-08-11 04:40:00,4,280,0.00018635701614961868,-304.36,False,15.0,20230811
SHORT,745,exit,buy,-1,1,569365,2023-08-11 04:55:00,4,295,0.00020016083548114323,-304.36,False,15.0,20230811
SHORT,746,entry,sell,-1,1,569422,2023-08-11 05:52:00,5,352,0.00018260450435466524,-79.36,False,13.0,20230811
SHORT,746,exit,buy,-1,1,569435,2023-08-11 06:05:00,6,365,0.0001876582863920869,-79.36,False,13.0,20230811
SHORT,747,entry,sell,-1,1,569581,2023-08-11 08:31:00,8,511,0.00030429050406066254,205.64,True,13.0,20230811
SHORT,747,exit,buy,-1,1,569594,2023-08-11 08:44:00,8,524,0.0003325032862742875,205.64,True,13.0,20230811
SHORT,748,entry,sell,-1,1,569597,2023-08-11 08:47:00,8,527,0.0003415907368341357,40.64,True,18.0,20230811
SHORT,748,exit,buy,-1,1,569615,2023-08-11 09:05:00,9,545,0.0003849862572058008,40.64,True,18.0,20230811
SHORT,749,entry,sell,-1,1,569639,2023-08-11 09:29:00,9,569,0.00040130675334543647,-669.36,False,8.0,20230811
SHORT,749,exit,buy,-1,1,569647,2023-08-11 09:37:00,9,577,0.00039300886580875165,-669.36,False,8.0,20230811
SHORT,750,entry,sell,-1,1,569653,2023-08-11 09:43:00,9,583,0.0004277242187212154,-644.36,False,19.0,20230811
SHORT,750,exit,buy,-1,1,569672,2023-08-11 10:02:00,10,602,0.0004741998818204918,-644.36,False,19.0,20230811
SHORT,751,entry,sell,-1,1,570343,2023-08-13 22:13:00,22,1333,0.0002673731942262431,275.64,True,122.0,20230814
SHORT,751,exit,buy,-1,1,570465,2023-08-14 00:15:00,0,15,0.00020030958576783435,275.64,True,122.0,20230814
SHORT,752,entry,sell,-1,1,570699,2023-08-14 04:09:00,4,249,0.0004381208522266049,-219.36,False,1.0,20230814
SHORT,752,exit,buy,-1,1,570700,2023-08-14 04:10:00,4,250,0.00044564798882959505,-219.36,False,1.0,20230814
SHORT,753,entry,sell,-1,1,570704,2023-08-14 04:14:00,4,254,0.0004614712918781029,50.64,True,115.0,20230814
SHORT,753,exit,buy,-1,1,570819,2023-08-14 06:09:00,6,369,0.00017728302319163883,50.64,True,115.0,20230814
SHORT,754,entry,sell,-1,1,570820,2023-08-14 06:10:00,6,370,0.00017492375514760447,-179.36,False,11.0,20230814
SHORT,754,exit,buy,-1,1,570831,2023-08-14 06:21:00,6,381,0.0001700998309282225,-179.36,False,11.0,20230814
SHORT,755,entry,sell,-1,1,570881,2023-08-14 07:11:00,7,431,0.00016467229503883815,1170.64,True,148.0,20230814
SHORT,755,exit,buy,-1,1,571029,2023-08-14 09:39:00,9,579,0.00032396485048481153,1170.64,True,148.0,20230814
SHORT,756,entry,sell,-1,1,572017,2023-08-15 03:07:00,3,187,0.0001658011405224556,1175.64,True,91.0,20230815
SHORT,756,exit,buy,-1,1,572108,2023-08-15 04:38:00,4,278,0.0002311906941976374,1175.64,True,91.0,20230815
SHORT,757,entry,sell,-1,1,573783,2023-08-16 09:33:00,9,573,0.0002142177027433832,-544.36,False,5.0,20230816
SHORT,757,exit,buy,-1,1,573788,2023-08-16 09:38:00,9,578,0.0002669197461610313,-544.36,False,5.0,20230816
SHORT,758,entry,sell,-1,1,573812,2023-08-16 10:02:00,10,602,0.00035159779786453615,-624.36,False,5.0,20230816
SHORT,758,exit,buy,-1,1,573817,2023-08-16 10:07:00,10,607,0.00037799440916110445,-624.36,False,5.0,20230816
SHORT,759,entry,sell,-1,1,573930,2023-08-16 12:00:00,12,720,0.00027905340840764025,265.64,True,102.0,20230816
SHORT,759,exit,buy,-1,1,574032,2023-08-16 13:42:00,13,822,0.00026668797136407646,265.64,True,102.0,20230816
SHORT,760,entry,sell,-1,1,574061,2023-08-16 14:11:00,14,851,0.0004427993686338019,-889.36,False,7.0,20230816
SHORT,760,exit,buy,-1,1,574068,2023-08-16 14:18:00,14,858,0.0004736360311000728,-889.36,False,7.0,20230816
SHORT,761,entry,sell,-1,1,575168,2023-08-17 09:38:00,9,578,0.00026166016550547666,40.64,True,1.0,20230817
SHORT,761,exit,buy,-1,1,575169,2023-08-17 09:39:00,9,579,0.00025718208633174075,40.64,True,1.0,20230817
SHORT,762,entry,sell,-1,1,575170,2023-08-17 09:40:00,9,580,0.00025877697157423855,-74.36,False,4.0,20230817
SHORT,762,exit,buy,-1,1,575174,2023-08-17 09:44:00,9,584,0.00026754800198869897,-74.36,False,4.0,20230817
SHORT,763,entry,sell,-1,1,575175,2023-08-17 09:45:00,9,585,0.0002944585917534353,190.64,True,12.0,20230817
SHORT,763,exit,buy,-1,1,575187,2023-08-17 09:57:00,9,597,0.00037956174191925134,190.64,True,12.0,20230817
SHORT,764,entry,sell,-1,1,575203,2023-08-17 10:13:00,10,613,0.00045113284259243027,180.64,True,37.0,20230817
SHORT,764,exit,buy,-1,1,575240,2023-08-17 10:50:00,10,650,0.0004648596676350201,180.64,True,37.0,20230817
SHORT,765,entry,sell,-1,1,575259,2023-08-17 11:09:00,11,669,0.0003843003922828498,-474.36,False,44.0,20230817
SHORT,765,exit,buy,-1,1,575303,2023-08-17 11:53:00,11,713,0.00040571353704819436,-474.36,False,44.0,20230817
SHORT,766,entry,sell,-1,1,575402,2023-08-17 13:32:00,13,812,0.0002772682284229105,195.64,True,23.0,20230817
SHORT,766,exit,buy,-1,1,575425,2023-08-17 13:55:00,13,835,0.0002944482703680824,195.64,True,23.0,20230817
SHORT,767,entry,sell,-1,1,575449,2023-08-17 14:19:00,14,859,0.00027284610911781345,820.64,True,96.0,20230817
SHORT,767,exit,buy,-1,1,575545,2023-08-17 15:55:00,15,955,0.0004926097175246579,820.64,True,96.0,20230817
SHORT,768,entry,sell,-1,1,579310,2023-08-22 09:40:00,9,580,0.00030131307879536004,-54.36,False,6.0,20230822
SHORT,768,exit,buy,-1,1,579316,2023-08-22 09:46:00,9,586,0.00032598016879636883,-54.36,False,6.0,20230822
SHORT,769,entry,sell,-1,1,579317,2023-08-22 09:47:00,9,587,0.00032503964272109884,-294.36,False,1.0,20230822
SHORT,769,exit,buy,-1,1,579318,2023-08-22 09:48:00,9,588,0.00034466376090629646,-294.36,False,1.0,20230822
SHORT,770,entry,sell,-1,1,579324,2023-08-22 09:54:00,9,594,0.0003744222845604978,-399.36,False,19.0,20230822
SHORT,770,exit,buy,-1,1,579343,2023-08-22 10:13:00,10,613,0.00043977411531445697,-399.36,False,19.0,20230822
SHORT,771,entry,sell,-1,1,579358,2023-08-22 10:28:00,10,628,0.0005054792445576819,20.64,True,19.0,20230822
SHORT,771,exit,buy,-1,1,579377,2023-08-22 10:47:00,10,647,0.00047989341290584055,20.64,True,19.0,20230822
SHORT,772,entry,sell,-1,1,579430,2023-08-22 11:40:00,11,700,0.00046116256083168766,515.64,True,58.0,20230822
SHORT,772,exit,buy,-1,1,579488,2023-08-22 12:38:00,12,758,0.0003929213327805071,515.64,True,58.0,20230822
SHORT,773,entry,sell,-1,1,579526,2023-08-22 13:16:00,13,796,0.0003865402614933079,-709.36,False,73.0,20230822
SHORT,773,exit,buy,-1,1,579599,2023-08-22 14:29:00,14,869,0.0003377585011171119,-709.36,False,73.0,20230822
SHORT,774,entry,sell,-1,1,581146,2023-08-23 18:16:00,18,1096,0.0007036653193428321,-999.36,False,205.0,20230824
SHORT,774,exit,buy,-1,1,581351,2023-08-23 21:41:00,21,1301,0.0001440002214515043,-999.36,False,205.0,20230824
SHORT,775,entry,sell,-1,1,581823,2023-08-24 05:33:00,5,333,0.00017771054904559488,-439.36,False,55.0,20230824
SHORT,775,exit,buy,-1,1,581878,2023-08-24 06:28:00,6,388,0.00016526671334494752,-439.36,False,55.0,20230824
SHORT,776,entry,sell,-1,1,584831,2023-08-28 09:43:00,9,583,0.000543789904961975,-329.36,False,20.0,20230828
SHORT,776,exit,buy,-1,1,584851,2023-08-28 10:03:00,10,603,0.0006228832514676722,-329.36,False,20.0,20230828
SHORT,777,entry,sell,-1,1,584888,2023-08-28 10:40:00,10,640,0.0005202333713967896,405.64,True,123.0,20230828
SHORT,777,exit,buy,-1,1,585011,2023-08-28 12:43:00,12,763,0.0003171894946840751,405.64,True,123.0,20230828
SHORT,778,entry,sell,-1,1,585065,2023-08-28 13:37:00,13,817,0.00029656474401581627,680.64,True,33.0,20230828
SHORT,778,exit,buy,-1,1,585098,2023-08-28 14:10:00,14,850,0.00033548191620114305,680.64,True,33.0,20230828
SHORT,779,entry,sell,-1,1,585883,2023-08-29 04:16:00,4,256,0.0002193194717416848,-59.36,False,1.0,20230829
SHORT,779,exit,buy,-1,1,585884,2023-08-29 04:17:00,4,257,0.00022021681929582177,-59.36,False,1.0,20230829
SHORT,780,entry,sell,-1,1,586136,2023-08-29 08:29:00,8,509,0.00016267003335498746,50.64,True,3.0,20230829
SHORT,780,exit,buy,-1,1,586139,2023-08-29 08:32:00,8,512,0.00015455241225074363,50.64,True,3.0,20230829
SHORT,781,entry,sell,-1,1,587119,2023-08-30 01:52:00,1,112,9.582029334966134e-05,-89.36,False,3.0,20230830
SHORT,781,exit,buy,-1,1,587122,2023-08-30 01:55:00,1,115,9.674100581845042e-05,-89.36,False,3.0,20230830
SHORT,782,entry,sell,-1,1,587129,2023-08-30 02:02:00,2,122,9.66203677543995e-05,0.6399999999999997,True,37.0,20230830
SHORT,782,exit,buy,-1,1,587166,2023-08-30 02:39:00,2,159,0.0001093514392482087,0.6399999999999997,True,37.0,20230830
SHORT,783,entry,sell,-1,1,587174,2023-08-30 02:47:00,2,167,0.000106233076738246,30.64,True,17.0,20230830
SHORT,783,exit,buy,-1,1,587191,2023-08-30 03:04:00,3,184,0.00012578206378226106,30.64,True,17.0,20230830
SHORT,784,entry,sell,-1,1,587193,2023-08-30 03:06:00,3,186,0.0001251688788166019,290.64,True,41.0,20230830
SHORT,784,exit,buy,-1,1,587234,2023-08-30 03:47:00,3,227,0.00017506676629091376,290.64,True,41.0,20230830
SHORT,785,entry,sell,-1,1,587258,2023-08-30 04:11:00,4,251,0.00017162940092100353,235.64,True,102.0,20230830
SHORT,785,exit,buy,-1,1,587360,2023-08-30 05:53:00,5,353,0.00012646986434668438,235.64,True,102.0,20230830
SHORT,786,entry,sell,-1,1,587525,2023-08-30 08:38:00,8,518,0.0002792678153393652,-134.36,False,3.0,20230830
SHORT,786,exit,buy,-1,1,587528,2023-08-30 08:41:00,8,521,0.00028235133083500134,-134.36,False,3.0,20230830
SHORT,787,entry,sell,-1,1,587531,2023-08-30 08:44:00,8,524,0.00028703414409182216,70.64,True,1.0,20230830
SHORT,787,exit,buy,-1,1,587532,2023-08-30 08:45:00,8,525,0.0002890619739289354,70.64,True,1.0,20230830
SHORT,788,entry,sell,-1,1,587533,2023-08-30 08:46:00,8,526,0.0002896217139477601,-4.36,False,1.0,20230830
SHORT,788,exit,buy,-1,1,587534,2023-08-30 08:47:00,8,527,0.0002896215773701723,-4.36,False,1.0,20230830
SHORT,789,entry,sell,-1,1,587537,2023-08-30 08:50:00,8,530,0.00029656261977188697,-99.36,False,2.0,20230830
SHORT,789,exit,buy,-1,1,587539,2023-08-30 08:52:00,8,532,0.00029695004473110904,-99.36,False,2.0,20230830
SHORT,790,entry,sell,-1,1,590345,2023-09-01 09:38:00,9,578,0.0004331527885722044,640.64,True,18.0,20230901
SHORT,790,exit,buy,-1,1,590363,2023-09-01 09:56:00,9,596,0.00048758305913264896,640.64,True,18.0,20230901
SHORT,791,entry,sell,-1,1,590401,2023-09-01 10:34:00,10,634,0.0007224606956097886,770.64,True,110.0,20230901
SHORT,791,exit,buy,-1,1,590511,2023-09-01 12:24:00,12,744,0.000327566875044123,770.64,True,110.0,20230901
SHORT,792,entry,sell,-1,1,591936,2023-09-04 18:11:00,18,1091,0.00011250260320918024,-299.36,False,83.0,20230905
SHORT,792,exit,buy,-1,1,592019,2023-09-04 19:34:00,19,1174,7.743252345304026e-05,-299.36,False,83.0,20230905
SHORT,793,entry,sell,-1,1,592056,2023-09-04 20:11:00,20,1211,9.443446902371028e-05,110.64,True,83.0,20230905
SHORT,793,exit,buy,-1,1,592139,2023-09-04 21:34:00,21,1294,0.00010735943865806091,110.64,True,83.0,20230905
SHORT,794,entry,sell,-1,1,592156,2023-09-04 21:51:00,21,1311,0.00011891351218206563,-114.36,False,108.0,20230905
SHORT,794,exit,buy,-1,1,592264,2023-09-04 23:39:00,23,1419,7.233339707790567e-05,-114.36,False,108.0,20230905
SHORT,795,entry,sell,-1,1,592426,2023-09-05 02:21:00,2,141,0.000111845073525583,-79.36,False,63.0,20230905
SHORT,795,exit,buy,-1,1,592489,2023-09-05 03:24:00,3,204,0.0001962456371472322,-79.36,False,63.0,20230905
SHORT,796,entry,sell,-1,1,592501,2023-09-05 03:36:00,3,216,0.0001929467050888767,655.64,True,67.0,20230905
SHORT,796,exit,buy,-1,1,592568,2023-09-05 04:43:00,4,283,0.00019646571164707574,655.64,True,67.0,20230905
SHORT,797,entry,sell,-1,1,592708,2023-09-05 07:03:00,7,423,0.00014227942358216352,-129.36,False,39.0,20230905
SHORT,797,exit,buy,-1,1,592747,2023-09-05 07:42:00,7,462,0.00016348231937600473,-129.36,False,39.0,20230905
SHORT,798,entry,sell,-1,1,592793,2023-09-05 08:28:00,8,508,0.00014709159781039937,-414.36,False,16.0,20230905
SHORT,798,exit,buy,-1,1,592809,2023-09-05 08:44:00,8,524,0.00023373866120277777,-414.36,False,16.0,20230905
SHORT,799,entry,sell,-1,1,592835,2023-09-05 09:10:00,9,550,0.00032329204160024965,-339.36,False,20.0,20230905
SHORT,799,exit,buy,-1,1,592855,2023-09-05 09:30:00,9,570,0.00033718393416614273,-339.36,False,20.0,20230905
SHORT,800,entry,sell,-1,1,592870,2023-09-05 09:45:00,9,585,0.00041005336298287836,-639.36,False,2.0,20230905
SHORT,800,exit,buy,-1,1,592872,2023-09-05 09:47:00,9,587,0.00044447397177763343,-639.36,False,2.0,20230905
SHORT,801,entry,sell,-1,1,592884,2023-09-05 09:59:00,9,599,0.00044232711490667744,-209.36,False,3.0,20230905
SHORT,801,exit,buy,-1,1,592887,2023-09-05 10:02:00,10,602,0.0004502648905323486,-209.36,False,3.0,20230905
SHORT,802,entry,sell,-1,1,594273,2023-09-06 10:08:00,10,608,0.00043992215555992506,225.64,True,6.0,20230906
SHORT,802,exit,buy,-1,1,594279,2023-09-06 10:14:00,10,614,0.0004418232787071232,225.64,True,6.0,20230906
SHORT,803,entry,sell,-1,1,594280,2023-09-06 10:15:00,10,615,0.00044155912136637225,-629.36,False,3.0,20230906
SHORT,803,exit,buy,-1,1,594283,2023-09-06 10:18:00,10,618,0.00046537860325065246,-629.36,False,3.0,20230906
SHORT,804,entry,sell,-1,1,594297,2023-09-06 10:32:00,10,632,0.00045418830506600583,-384.36,False,6.0,20230906
SHORT,804,exit,buy,-1,1,594303,2023-09-06 10:38:00,10,638,0.0004546605795004726,-384.36,False,6.0,20230906
SHORT,805,entry,sell,-1,1,594319,2023-09-06 10:54:00,10,654,0.0004227865760581617,-119.36,False,2.0,20230906
SHORT,805,exit,buy,-1,1,594321,2023-09-06 10:56:00,10,656,0.00044530279440483603,-119.36,False,2.0,20230906
SHORT,806,entry,sell,-1,1,594326,2023-09-06 11:01:00,11,661,0.0004018475994571894,-244.36,False,23.0,20230906
SHORT,806,exit,buy,-1,1,594349,2023-09-06 11:24:00,11,684,0.00034930059902600586,-244.36,False,23.0,20230906
SHORT,807,entry,sell,-1,1,594415,2023-09-06 12:30:00,12,750,0.00024761518204375086,-194.36,False,45.0,20230906
SHORT,807,exit,buy,-1,1,594460,2023-09-06 13:15:00,13,795,0.0002589478862095314,-194.36,False,45.0,20230906
SHORT,808,entry,sell,-1,1,595099,2023-09-07 00:54:00,0,54,7.85690882697987e-05,-29.36,False,1.0,20230907
SHORT,808,exit,buy,-1,1,595100,2023-09-07 00:55:00,0,55,8.056969768307615e-05,-29.36,False,1.0,20230907
SHORT,809,entry,sell,-1,1,595112,2023-09-07 01:07:00,1,67,8.550264441123807e-05,360.64,True,120.0,20230907
SHORT,809,exit,buy,-1,1,595232,2023-09-07 03:07:00,3,187,0.0001491352674106649,360.64,True,120.0,20230907
SHORT,810,entry,sell,-1,1,595237,2023-09-07 03:12:00,3,192,0.00016430536950582192,-249.36,False,6.0,20230907
SHORT,810,exit,buy,-1,1,595243,2023-09-07 03:18:00,3,198,0.00018055534338936167,-249.36,False,6.0,20230907
SHORT,811,entry,sell,-1,1,595249,2023-09-07 03:24:00,3,204,0.00018366051919005197,-69.36,False,20.0,20230907
SHORT,811,exit,buy,-1,1,595269,2023-09-07 03:44:00,3,224,0.00019178688898845557,-69.36,False,20.0,20230907
SHORT,812,entry,sell,-1,1,595293,2023-09-07 04:08:00,4,248,0.0002074285182926901,395.64,True,45.0,20230907
SHORT,812,exit,buy,-1,1,595338,2023-09-07 04:53:00,4,293,0.0002074392831470183,395.64,True,45.0,20230907
SHORT,813,entry,sell,-1,1,595430,2023-09-07 06:25:00,6,385,0.00015424685883627925,1835.64,True,171.0,20230907
SHORT,813,exit,buy,-1,1,595601,2023-09-07 09:16:00,9,556,0.0002913331711567302,1835.64,True,171.0,20230907
SHORT,814,entry,sell,-1,1,596692,2023-09-08 04:27:00,4,267,0.0002386170977160198,-334.36,False,21.0,20230908
SHORT,814,exit,buy,-1,1,596713,2023-09-08 04:48:00,4,288,0.000249688969339204,-334.36,False,21.0,20230908
SHORT,815,entry,sell,-1,1,596716,2023-09-08 04:51:00,4,291,0.00024999764348947716,455.64,True,23.0,20230908
SHORT,815,exit,buy,-1,1,596739,2023-09-08 05:14:00,5,314,0.00027210689257135736,455.64,True,23.0,20230908
SHORT,816,entry,sell,-1,1,596752,2023-09-08 05:27:00,5,327,0.00024941393467074887,-274.36,False,54.0,20230908
SHORT,816,exit,buy,-1,1,596806,2023-09-08 06:21:00,6,381,0.00015371278782301082,-274.36,False,54.0,20230908
SHORT,817,entry,sell,-1,1,596867,2023-09-08 07:22:00,7,442,0.0001567488767713262,-184.36,False,45.0,20230908
SHORT,817,exit,buy,-1,1,596912,2023-09-08 08:07:00,8,487,0.0002047930834890601,-184.36,False,45.0,20230908
SHORT,818,entry,sell,-1,1,598386,2023-09-11 09:41:00,9,581,0.00028993412098370666,-29.36,False,184.0,20230911
SHORT,818,exit,buy,-1,1,598570,2023-09-11 12:45:00,12,765,0.00021068688941934695,-29.36,False,184.0,20230911
SHORT,819,entry,sell,-1,1,602541,2023-09-14 09:57:00,9,597,0.0003819535885208357,-839.36,False,3.0,20230914
SHORT,819,exit,buy,-1,1,602544,2023-09-14 10:00:00,10,600,0.0004267964944993016,-839.36,False,3.0,20230914
SHORT,820,entry,sell,-1,1,602555,2023-09-14 10:11:00,10,611,0.0004517725890434018,-174.36,False,6.0,20230914
SHORT,820,exit,buy,-1,1,602561,2023-09-14 10:17:00,10,617,0.0004721140662237467,-174.36,False,6.0,20230914
SHORT,821,entry,sell,-1,1,602565,2023-09-14 10:21:00,10,621,0.00047874280854341066,-854.36,False,10.0,20230914
SHORT,821,exit,buy,-1,1,602575,2023-09-14 10:31:00,10,631,0.0004749210004821697,-854.36,False,10.0,20230914
SHORT,822,entry,sell,-1,1,603626,2023-09-15 05:02:00,5,302,0.0001431402802160558,-164.36,False,36.0,20230915
SHORT,822,exit,buy,-1,1,603662,2023-09-15 05:38:00,5,338,0.0001612582867052122,-164.36,False,36.0,20230915
SHORT,823,entry,sell,-1,1,603845,2023-09-15 08:41:00,8,521,0.0001618441188819348,3580.64,True,234.0,20230915
SHORT,823,exit,buy,-1,1,604079,2023-09-15 12:35:00,12,755,0.000318027306610141,3580.64,True,234.0,20230915
SHORT,824,entry,sell,-1,1,605169,2023-09-18 07:46:00,7,466,0.00016265444243636048,-104.36,False,18.0,20230918
SHORT,824,exit,buy,-1,1,605187,2023-09-18 08:04:00,8,484,0.00016881411008583266,-104.36,False,18.0,20230918
SHORT,825,entry,sell,-1,1,606127,2023-09-19 00:44:00,0,44,4.7244837496042735e-05,25.64,True,142.0,20230919
SHORT,825,exit,buy,-1,1,606269,2023-09-19 03:06:00,3,186,0.00011472745249335828,25.64,True,142.0,20230919
SHORT,826,entry,sell,-1,1,606683,2023-09-19 10:00:00,10,600,0.00043027932074788506,90.64,True,18.0,20230919
SHORT,826,exit,buy,-1,1,606701,2023-09-19 10:18:00,10,618,0.0004625039483998215,90.64,True,18.0,20230919
SHORT,827,entry,sell,-1,1,606719,2023-09-19 10:36:00,10,636,0.00045650249713249393,60.64,True,39.0,20230919
SHORT,827,exit,buy,-1,1,606758,2023-09-19 11:15:00,11,675,0.0003685373194885064,60.64,True,39.0,20230919
SHORT,828,entry,sell,-1,1,606992,2023-09-19 15:09:00,15,909,0.00024105535101807114,-619.36,False,36.0,20230919
SHORT,828,exit,buy,-1,1,607028,2023-09-19 15:45:00,15,945,0.00024357010658185397,-619.36,False,36.0,20230919
SHORT,829,entry,sell,-1,1,607457,2023-09-19 23:55:00,23,1435,5.808578865221308e-05,-154.36,False,98.0,20230920
SHORT,829,exit,buy,-1,1,607555,2023-09-20 01:33:00,1,93,7.36833418549133e-05,-154.36,False,98.0,20230920
SHORT,830,entry,sell,-1,1,608034,2023-09-20 09:32:00,9,572,0.0002617097626328302,-504.36,False,6.0,20230920
SHORT,830,exit,buy,-1,1,608040,2023-09-20 09:38:00,9,578,0.0002770224170236652,-504.36,False,6.0,20230920
SHORT,831,entry,sell,-1,1,608305,2023-09-20 14:03:00,14,843,0.00043607335493473144,-634.36,False,23.0,20230920
SHORT,831,exit,buy,-1,1,608328,2023-09-20 14:26:00,14,866,0.0005433640174316756,-634.36,False,23.0,20230920
SHORT,832,entry,sell,-1,1,608349,2023-09-20 14:47:00,14,887,0.0007352794127860455,3850.64,True,113.0,20230920
SHORT,832,exit,buy,-1,1,608462,2023-09-20 16:40:00,16,1000,0.0002748545680228657,3850.64,True,113.0,20230920
SHORT,833,entry,sell,-1,1,610798,2023-09-22 09:36:00,9,576,0.00024154072138409056,-314.36,False,10.0,20230922
SHORT,833,exit,buy,-1,1,610808,2023-09-22 09:46:00,9,586,0.0003193100854713648,-314.36,False,10.0,20230922
SHORT,834,entry,sell,-1,1,610839,2023-09-22 10:17:00,10,617,0.00045669259230590335,-729.36,False,7.0,20230922
SHORT,834,exit,buy,-1,1,610846,2023-09-22 10:24:00,10,624,0.000490261187262085,-729.36,False,7.0,20230922
SHORT,835,entry,sell,-1,1,612761,2023-09-25 20:20:00,20,1220,9.755172703435595e-05,1130.64,True,445.0,20230926
SHORT,835,exit,buy,-1,1,613206,2023-09-26 03:45:00,3,225,0.00021702383482370346,1130.64,True,445.0,20230926
SHORT,836,entry,sell,-1,1,615020,2023-09-27 10:59:00,10,659,0.00041956196252815136,-774.36,False,219.0,20230927
SHORT,836,exit,buy,-1,1,615239,2023-09-27 14:38:00,14,878,0.0004298090377824869,-774.36,False,219.0,20230927
SHORT,837,entry,sell,-1,1,615302,2023-09-27 15:41:00,15,941,0.0004522064216697135,-554.36,False,20.0,20230927
SHORT,837,exit,buy,-1,1,615322,2023-09-27 16:01:00,16,961,0.0004875476729399821,-554.36,False,20.0,20230927
SHORT,838,entry,sell,-1,1,615749,2023-09-28 00:08:00,0,8,0.00010061932465866464,-199.36,False,52.0,20230928
SHORT,838,exit,buy,-1,1,615801,2023-09-28 01:00:00,1,60,0.00011110684422623257,-199.36,False,52.0,20230928
SHORT,839,entry,sell,-1,1,615874,2023-09-28 02:13:00,2,133,0.00014876970469863374,-274.36,False,28.0,20230928
SHORT,839,exit,buy,-1,1,615902,2023-09-28 02:41:00,2,161,0.0001421352577088963,-274.36,False,28.0,20230928
SHORT,840,entry,sell,-1,1,615913,2023-09-28 02:52:00,2,172,0.00014713278676799801,-79.36,False,29.0,20230928
SHORT,840,exit,buy,-1,1,615942,2023-09-28 03:21:00,3,201,0.0001944662530183244,-79.36,False,29.0,20230928
SHORT,841,entry,sell,-1,1,615974,2023-09-28 03:53:00,3,233,0.0002202662378768149,95.64,True,59.0,20230928
SHORT,841,exit,buy,-1,1,616033,2023-09-28 04:52:00,4,292,0.0002358524366946373,95.64,True,59.0,20230928
SHORT,842,entry,sell,-1,1,616043,2023-09-28 05:02:00,5,302,0.00025035260952520707,40.64,True,41.0,20230928
SHORT,842,exit,buy,-1,1,616084,2023-09-28 05:43:00,5,343,0.00024171294404354857,40.64,True,41.0,20230928
SHORT,843,entry,sell,-1,1,616170,2023-09-28 07:09:00,7,429,0.00018247552635561293,-144.36,False,55.0,20230928
SHORT,843,exit,buy,-1,1,616225,2023-09-28 08:04:00,8,484,0.00022777958293751743,-144.36,False,55.0,20230928
SHORT,844,entry,sell,-1,1,616261,2023-09-28 08:40:00,8,520,0.0003379357249769258,130.64,True,74.0,20230928
SHORT,844,exit,buy,-1,1,616335,2023-09-28 09:54:00,9,594,0.0005942723171723331,130.64,True,74.0,20230928
SHORT,845,entry,sell,-1,1,616953,2023-09-28 21:12:00,21,1272,0.0001275135312428458,-689.36,False,70.0,20230929
SHORT,845,exit,buy,-1,1,617023,2023-09-28 22:22:00,22,1342,0.00015184491723638926,-689.36,False,70.0,20230929
SHORT,846,entry,sell,-1,1,617835,2023-09-29 11:54:00,11,714,0.0004106864238040155,295.64,True,184.0,20230929
SHORT,846,exit,buy,-1,1,618019,2023-09-29 14:58:00,14,898,0.00040116969403884993,295.64,True,184.0,20230929
SHORT,847,entry,sell,-1,1,618077,2023-09-29 15:56:00,15,956,0.0005910668766141944,-249.36,False,3.0,20230929
SHORT,847,exit,buy,-1,1,618080,2023-09-29 15:59:00,15,959,0.0005954536487432623,-249.36,False,3.0,20230929
SHORT,848,entry,sell,-1,1,618081,2023-09-29 16:00:00,16,960,0.000589923064207737,15.64,True,1.0,20230929
SHORT,848,exit,buy,-1,1,618082,2023-09-29 16:01:00,16,961,0.0005898133523132203,15.64,True,1.0,20230929
SHORT,849,entry,sell,-1,1,618850,2023-10-02 05:49:00,5,349,0.00021347082156410516,215.64,True,29.0,20231002
SHORT,849,exit,buy,-1,1,618879,2023-10-02 06:18:00,6,378,0.00025087464787570447,215.64,True,29.0,20231002
SHORT,850,entry,sell,-1,1,618912,2023-10-02 06:51:00,6,411,0.0002132625883146907,-404.36,False,30.0,20231002
SHORT,850,exit,buy,-1,1,618942,2023-10-02 07:21:00,7,441,0.00019275966961627777,-404.36,False,30.0,20231002
SHORT,851,entry,sell,-1,1,618964,2023-10-02 07:43:00,7,463,0.00019966384567741353,215.64,True,60.0,20231002
SHORT,851,exit,buy,-1,1,619024,2023-10-02 08:43:00,8,523,0.0001973572742923303,215.64,True,60.0,20231002
SHORT,852,entry,sell,-1,1,619035,2023-10-02 08:54:00,8,534,0.0002209427699332493,-9.36,False,22.0,20231002
SHORT,852,exit,buy,-1,1,619057,2023-10-02 09:16:00,9,556,0.00024366111006515135,-9.36,False,22.0,20231002
SHORT,853,entry,sell,-1,1,619948,2023-10-03 01:07:00,1,67,0.00013373348420707561,-384.36,False,54.0,20231003
SHORT,853,exit,buy,-1,1,620002,2023-10-03 02:01:00,2,121,0.0001520083473262345,-384.36,False,54.0,20231003
SHORT,854,entry,sell,-1,1,620305,2023-10-03 07:04:00,7,424,0.00016327974797926718,1495.64,True,124.0,20231003
SHORT,854,exit,buy,-1,1,620429,2023-10-03 09:08:00,9,548,0.0002901597066059281,1495.64,True,124.0,20231003
SHORT,855,entry,sell,-1,1,621097,2023-10-03 21:16:00,21,1276,0.0002560942213976633,-139.36,False,201.0,20231004
SHORT,855,exit,buy,-1,1,621298,2023-10-04 00:37:00,0,37,0.00013608990665605472,-139.36,False,201.0,20231004
SHORT,856,entry,sell,-1,1,621340,2023-10-04 01:19:00,1,79,0.00014935200867063786,815.64,True,115.0,20231004
SHORT,856,exit,buy,-1,1,621455,2023-10-04 03:14:00,3,194,0.0002302261785706262,815.64,True,115.0,20231004
SHORT,857,entry,sell,-1,1,621478,2023-10-04 03:37:00,3,217,0.00022310712310888477,-794.36,False,7.0,20231004
SHORT,857,exit,buy,-1,1,621485,2023-10-04 03:44:00,3,224,0.0002638143717650728,-794.36,False,7.0,20231004
SHORT,858,entry,sell,-1,1,621668,2023-10-04 06:47:00,6,407,0.0001942452642996995,-494.36,False,20.0,20231004
SHORT,858,exit,buy,-1,1,621688,2023-10-04 07:07:00,7,427,0.00018636454428912536,-494.36,False,20.0,20231004
SHORT,859,entry,sell,-1,1,622845,2023-10-05 03:24:00,3,204,0.000183575719490358,-289.36,False,37.0,20231005
SHORT,859,exit,buy,-1,1,622882,2023-10-05 04:01:00,4,241,0.00018266109200286307,-289.36,False,37.0,20231005
SHORT,860,entry,sell,-1,1,622935,2023-10-05 04:54:00,4,294,0.00021187493877733617,10.64,True,63.0,20231005
SHORT,860,exit,buy,-1,1,622998,2023-10-05 05:57:00,5,357,0.00019328537427441877,10.64,True,63.0,20231005
SHORT,861,entry,sell,-1,1,623152,2023-10-05 08:31:00,8,511,0.0002719043807017425,10.64,True,2.0,20231005
SHORT,861,exit,buy,-1,1,623154,2023-10-05 08:33:00,8,513,0.0002716563007640384,10.64,True,2.0,20231005
SHORT,862,entry,sell,-1,1,623155,2023-10-05 08:34:00,8,514,0.00027907656160748633,110.64,True,19.0,20231005
SHORT,862,exit,buy,-1,1,623174,2023-10-05 08:53:00,8,533,0.00030300391698720377,110.64,True,19.0,20231005
SHORT,863,entry,sell,-1,1,623222,2023-10-05 09:41:00,9,581,0.0003817146917506754,1680.64,True,133.0,20231005
SHORT,863,exit,buy,-1,1,623355,2023-10-05 11:54:00,11,714,0.0004353437683592793,1680.64,True,133.0,20231005
SHORT,864,entry,sell,-1,1,624533,2023-10-06 08:32:00,8,512,0.0011600218405051826,345.64,True,5.0,20231006
SHORT,864,exit,buy,-1,1,624538,2023-10-06 08:37:00,8,517,0.0012212788914484345,345.64,True,5.0,20231006
SHORT,865,entry,sell,-1,1,624551,2023-10-06 08:50:00,8,530,0.0012359881502450169,-489.36,False,18.0,20231006
SHORT,865,exit,buy,-1,1,624569,2023-10-06 09:08:00,9,548,0.001266688885644698,-489.36,False,18.0,20231006
SHORT,866,entry,sell,-1,1,625042,2023-10-08 18:01:00,18,1081,0.00010239824871142331,310.64,True,707.0,20231009
SHORT,866,exit,buy,-1,1,625749,2023-10-09 05:48:00,5,348,0.0001845861761935597,310.64,True,707.0,20231009
SHORT,867,entry,sell,-1,1,626007,2023-10-09 10:06:00,10,606,0.000546550276196402,-94.36,False,1.0,20231009
SHORT,867,exit,buy,-1,1,626008,2023-10-09 10:07:00,10,607,0.0005479495848423192,-94.36,False,1.0,20231009
SHORT,868,entry,sell,-1,1,627736,2023-10-10 15:58:00,15,958,0.0002633578228818339,-339.36,False,24.0,20231010
SHORT,868,exit,buy,-1,1,627760,2023-10-10 16:22:00,16,982,0.0002134204680269824,-339.36,False,24.0,20231010
SHORT,869,entry,sell,-1,1,630383,2023-10-12 14:05:00,14,845,0.00034551673526271885,-1029.36,False,112.0,20231012
SHORT,869,exit,buy,-1,1,630495,2023-10-12 15:57:00,15,957,0.0003366047439923059,-1029.36,False,112.0,20231012
SHORT,870,entry,sell,-1,1,631233,2023-10-13 05:15:00,5,315,0.00019802057260008516,595.64,True,95.0,20231013
SHORT,870,exit,buy,-1,1,631328,2023-10-13 06:50:00,6,410,0.00020382426412566678,595.64,True,95.0,20231013
SHORT,871,entry,sell,-1,1,631495,2023-10-13 09:37:00,9,577,0.00026432702055954557,3945.64,True,423.0,20231013
SHORT,871,exit,buy,-1,1,631918,2023-10-13 16:40:00,16,1000,0.0002225695300504101,3945.64,True,423.0,20231013
SHORT,872,entry,sell,-1,1,632546,2023-10-16 04:08:00,4,248,0.0002880245719303952,-169.36,False,13.0,20231016
SHORT,872,exit,buy,-1,1,632559,2023-10-16 04:21:00,4,261,0.000295848885184449,-169.36,False,13.0,20231016
SHORT,873,entry,sell,-1,1,632660,2023-10-16 06:02:00,6,362,0.00018669392417394558,-134.36,False,18.0,20231016
SHORT,873,exit,buy,-1,1,632678,2023-10-16 06:20:00,6,380,0.00018645150356940394,-134.36,False,18.0,20231016
SHORT,874,entry,sell,-1,1,634190,2023-10-17 08:32:00,8,512,0.00022227780088499051,2005.64,True,95.0,20231017
SHORT,874,exit,buy,-1,1,634285,2023-10-17 10:07:00,10,607,0.00044834974548394737,2005.64,True,95.0,20231017
SHORT,875,entry,sell,-1,1,634830,2023-10-17 20:12:00,20,1212,0.0001021733803464985,-544.36,False,110.0,20231018
SHORT,875,exit,buy,-1,1,634940,2023-10-17 22:02:00,22,1322,0.00014227555700412926,-544.36,False,110.0,20231018
SHORT,876,entry,sell,-1,1,635199,2023-10-18 02:21:00,2,141,0.00012240118788095231,-234.36,False,16.0,20231018
SHORT,876,exit,buy,-1,1,635215,2023-10-18 02:37:00,2,157,0.00012754037571757992,-234.36,False,16.0,20231018
SHORT,877,entry,sell,-1,1,635230,2023-10-18 02:52:00,2,172,0.0001397442269222425,220.64,True,43.0,20231018
SHORT,877,exit,buy,-1,1,635273,2023-10-18 03:35:00,3,215,0.00017385823833036633,220.64,True,43.0,20231018
SHORT,878,entry,sell,-1,1,635312,2023-10-18 04:14:00,4,254,0.00017363579849234034,-304.36,False,34.0,20231018
SHORT,878,exit,buy,-1,1,635346,2023-10-18 04:48:00,4,288,0.00019925305778129528,-304.36,False,34.0,20231018
SHORT,879,entry,sell,-1,1,635386,2023-10-18 05:28:00,5,328,0.0001877360212094413,310.64,True,100.0,20231018
SHORT,879,exit,buy,-1,1,635486,2023-10-18 07:08:00,7,428,0.00018650364598339858,310.64,True,100.0,20231018
SHORT,880,entry,sell,-1,1,635542,2023-10-18 08:04:00,8,484,0.00014734304394324425,-354.36,False,12.0,20231018
SHORT,880,exit,buy,-1,1,635554,2023-10-18 08:16:00,8,496,0.000158210391528857,-354.36,False,12.0,20231018
SHORT,881,entry,sell,-1,1,635578,2023-10-18 08:40:00,8,520,0.00017111711608214241,-4.36,False,2.0,20231018
SHORT,881,exit,buy,-1,1,635580,2023-10-18 08:42:00,8,522,0.0001691526713924307,-4.36,False,2.0,20231018
SHORT,882,entry,sell,-1,1,635583,2023-10-18 08:45:00,8,525,0.00017387559003163267,-589.36,False,49.0,20231018
SHORT,882,exit,buy,-1,1,635632,2023-10-18 09:34:00,9,574,0.00029832789524023555,-589.36,False,49.0,20231018
SHORT,883,entry,sell,-1,1,636374,2023-10-18 22:56:00,22,1376,0.00010277084441752486,-74.36,False,258.0,20231019
SHORT,883,exit,buy,-1,1,636632,2023-10-19 03:14:00,3,194,0.0001943362168803143,-74.36,False,258.0,20231019
SHORT,884,entry,sell,-1,1,636647,2023-10-19 03:29:00,3,209,0.00022427743342798355,565.64,True,32.0,20231019
SHORT,884,exit,buy,-1,1,636679,2023-10-19 04:01:00,4,241,0.0003013427719085922,565.64,True,32.0,20231019
SHORT,885,entry,sell,-1,1,636739,2023-10-19 05:01:00,5,301,0.0002388297068327668,-514.36,False,30.0,20231019
SHORT,885,exit,buy,-1,1,636769,2023-10-19 05:31:00,5,331,0.00022563756278241835,-514.36,False,30.0,20231019
SHORT,886,entry,sell,-1,1,636865,2023-10-19 07:07:00,7,427,0.0001606133673909739,-469.36,False,85.0,20231019
SHORT,886,exit,buy,-1,1,636950,2023-10-19 08:32:00,8,512,0.00025318301556673207,-469.36,False,85.0,20231019
SHORT,887,entry,sell,-1,1,637015,2023-10-19 09:37:00,9,577,0.0003444918406838299,4195.64,True,423.0,20231019
SHORT,887,exit,buy,-1,1,637438,2023-10-19 16:40:00,16,1000,0.0003706022947007513,4195.64,True,423.0,20231019
SHORT,888,entry,sell,-1,1,643918,2023-10-26 09:40:00,9,580,0.0005540542666053089,-849.36,False,3.0,20231026
SHORT,888,exit,buy,-1,1,643921,2023-10-26 09:43:00,9,583,0.0005840737234707272,-849.36,False,3.0,20231026
SHORT,889,entry,sell,-1,1,643927,2023-10-26 09:49:00,9,589,0.0006348562500867771,635.64,True,40.0,20231026
SHORT,889,exit,buy,-1,1,643967,2023-10-26 10:29:00,10,629,0.0008618812149469489,635.64,True,40.0,20231026
SHORT,890,entry,sell,-1,1,644004,2023-10-26 11:06:00,11,666,0.0006492830803472486,445.64,True,51.0,20231026
SHORT,890,exit,buy,-1,1,644055,2023-10-26 11:57:00,11,717,0.000444235868679323,445.64,True,51.0,20231026
SHORT,891,entry,sell,-1,1,644065,2023-10-26 12:07:00,12,727,0.00045515986353740663,535.64,True,60.0,20231026
SHORT,891,exit,buy,-1,1,644125,2023-10-26 13:07:00,13,787,0.00047602349466545346,535.64,True,60.0,20231026
SHORT,892,entry,sell,-1,1,644142,2023-10-26 13:24:00,13,804,0.00046802612490330007,-1179.36,False,20.0,20231026
SHORT,892,exit,buy,-1,1,644162,2023-10-26 13:44:00,13,824,0.0004859108795971012,-1179.36,False,20.0,20231026
SHORT,893,entry,sell,-1,1,644274,2023-10-26 15:36:00,15,936,0.00045499507718411097,120.64,True,27.0,20231026
SHORT,893,exit,buy,-1,1,644301,2023-10-26 16:03:00,16,963,0.0004549179737094155,120.64,True,27.0,20231026
SHORT,894,entry,sell,-1,1,648051,2023-10-31 09:33:00,9,573,0.0003277493077222091,630.64,True,35.0,20231031
SHORT,894,exit,buy,-1,1,648086,2023-10-31 10:08:00,10,608,0.0005180474096869851,630.64,True,35.0,20231031
SHORT,895,entry,sell,-1,1,648116,2023-10-31 10:38:00,10,638,0.0005342445215992932,-749.36,False,6.0,20231031
SHORT,895,exit,buy,-1,1,648122,2023-10-31 10:44:00,10,644,0.0005422947096186991,-749.36,False,6.0,20231031
SHORT,896,entry,sell,-1,1,654985,2023-11-07 10:07:00,10,607,0.0004115143639262615,60.64,True,1.0,20231107
SHORT,896,exit,buy,-1,1,654986,2023-11-07 10:08:00,10,608,0.00041195948919763107,60.64,True,1.0,20231107
SHORT,897,entry,sell,-1,1,656780,2023-11-08 18:02:00,18,1082,6.780115740487628e-05,-139.36,False,20.0,20231109
SHORT,897,exit,buy,-1,1,656800,2023-11-08 18:22:00,18,1102,8.093152629852343e-05,-139.36,False,20.0,20231109
SHORT,898,entry,sell,-1,1,657927,2023-11-09 13:09:00,13,789,0.00048325267830642555,-1249.36,False,6.0,20231109
SHORT,898,exit,buy,-1,1,657933,2023-11-09 13:15:00,13,795,0.0005679660193242049,-1249.36,False,6.0,20231109
SHORT,899,entry,sell,-1,1,659577,2023-11-12 18:39:00,18,1119,0.00017325302632538277,-14.36,False,2.0,20231113
SHORT,899,exit,buy,-1,1,659579,2023-11-12 18:41:00,18,1121,0.00017165586205398356,-14.36,False,2.0,20231113
SHORT,900,entry,sell,-1,1,659580,2023-11-12 18:42:00,18,1122,0.0001707243091828064,-44.36,False,1.0,20231113
SHORT,900,exit,buy,-1,1,659581,2023-11-12 18:43:00,18,1123,0.0001711062549551249,-44.36,False,1.0,20231113
SHORT,901,entry,sell,-1,1,659589,2023-11-12 18:51:00,18,1131,0.00017752704529915751,235.64,True,573.0,20231113
SHORT,901,exit,buy,-1,1,660162,2023-11-13 04:24:00,4,264,0.00011645765366935438,235.64,True,573.0,20231113
SHORT,902,entry,sell,-1,1,660166,2023-11-13 04:28:00,4,268,0.00012161444584801047,-249.36,False,25.0,20231113
SHORT,902,exit,buy,-1,1,660191,2023-11-13 04:53:00,4,293,0.00012817715831129253,-249.36,False,25.0,20231113
SHORT,903,entry,sell,-1,1,660205,2023-11-13 05:07:00,5,307,0.00013412922359790555,-319.36,False,26.0,20231113
SHORT,903,exit,buy,-1,1,660231,2023-11-13 05:33:00,5,333,0.00010075754167779025,-319.36,False,26.0,20231113
SHORT,904,entry,sell,-1,1,660415,2023-11-13 08:37:00,8,517,0.00019126082595905184,-44.36,False,4.0,20231113
SHORT,904,exit,buy,-1,1,660419,2023-11-13 08:41:00,8,521,0.00019106462154172373,-44.36,False,4.0,20231113
SHORT,905,entry,sell,-1,1,660421,2023-11-13 08:43:00,8,523,0.0001917757008459885,120.64,True,49.0,20231113
SHORT,905,exit,buy,-1,1,660470,2023-11-13 09:32:00,9,572,0.00016783819801567294,120.64,True,49.0,20231113
SHORT,906,entry,sell,-1,1,660477,2023-11-13 09:39:00,9,579,0.00021511734675723856,155.64,True,1.0,20231113
SHORT,906,exit,buy,-1,1,660478,2023-11-13 09:40:00,9,580,0.00022190888985294262,155.64,True,1.0,20231113
SHORT,907,entry,sell,-1,1,660481,2023-11-13 09:43:00,9,583,0.00023079496102309624,-19.36,False,1.0,20231113
SHORT,907,exit,buy,-1,1,660482,2023-11-13 09:44:00,9,584,0.00023105688169604348,-19.36,False,1.0,20231113
SHORT,908,entry,sell,-1,1,660494,2023-11-13 09:56:00,9,596,0.0002623348128406574,-279.36,False,7.0,20231113
SHORT,908,exit,buy,-1,1,660501,2023-11-13 10:03:00,10,603,0.00027716642031092167,-279.36,False,7.0,20231113
SHORT,909,entry,sell,-1,1,663183,2023-11-15 08:45:00,8,525,0.00031194103774360413,165.64,True,1.0,20231115
SHORT,909,exit,buy,-1,1,663184,2023-11-15 08:46:00,8,526,0.0003165664282715275,165.64,True,1.0,20231115
SHORT,910,entry,sell,-1,1,663214,2023-11-15 09:16:00,9,556,0.0003458714120182095,-64.36,False,11.0,20231115
SHORT,910,exit,buy,-1,1,663225,2023-11-15 09:27:00,9,567,0.0003501015198183119,-64.36,False,11.0,20231115
SHORT,911,entry,sell,-1,1,663226,2023-11-15 09:28:00,9,568,0.00035070215848730194,-59.36,False,1.0,20231115
SHORT,911,exit,buy,-1,1,663227,2023-11-15 09:29:00,9,569,0.0003521083522602246,-59.36,False,1.0,20231115
SHORT,912,entry,sell,-1,1,663230,2023-11-15 09:32:00,9,572,0.00030358237853233834,150.64,True,1.0,20231115
SHORT,912,exit,buy,-1,1,663231,2023-11-15 09:33:00,9,573,0.000299961081364744,150.64,True,1.0,20231115
SHORT,913,entry,sell,-1,1,663232,2023-11-15 09:34:00,9,574,0.000294290843413025,-329.36,False,2.0,20231115
SHORT,913,exit,buy,-1,1,663234,2023-11-15 09:36:00,9,576,0.0002983870248797177,-329.36,False,2.0,20231115
SHORT,914,entry,sell,-1,1,663241,2023-11-15 09:43:00,9,583,0.0003498862524782641,-114.36,False,1.0,20231115
SHORT,914,exit,buy,-1,1,663242,2023-11-15 09:44:00,9,584,0.0003422309694948619,-114.36,False,1.0,20231115
SHORT,915,entry,sell,-1,1,663246,2023-11-15 09:48:00,9,588,0.0003244560761804868,-114.36,False,2.0,20231115
SHORT,915,exit,buy,-1,1,663248,2023-11-15 09:50:00,9,590,0.0003351967253596178,-114.36,False,2.0,20231115
SHORT,916,entry,sell,-1,1,663249,2023-11-15 09:51:00,9,591,0.00033370160703254873,170.64,True,1.0,20231115
SHORT,916,exit,buy,-1,1,663250,2023-11-15 09:52:00,9,592,0.0003377851549998724,170.64,True,1.0,20231115
SHORT,917,entry,sell,-1,1,663251,2023-11-15 09:53:00,9,593,0.000354341127740207,-644.36,False,30.0,20231115
SHORT,917,exit,buy,-1,1,663281,2023-11-15 10:23:00,10,623,0.00040524147903211083,-644.36,False,30.0,20231115
SHORT,918,entry,sell,-1,1,663290,2023-11-15 10:32:00,10,632,0.000420455363482416,-704.36,False,18.0,20231115
SHORT,918,exit,buy,-1,1,663308,2023-11-15 10:50:00,10,650,0.00034456414425194557,-704.36,False,18.0,20231115
SHORT,919,entry,sell,-1,1,668652,2023-11-21 07:54:00,7,474,0.00010834014617088301,610.64,True,77.0,20231121
SHORT,919,exit,buy,-1,1,668729,2023-11-21 09:11:00,9,551,0.00015682866628150777,610.64,True,77.0,20231121
SHORT,920,entry,sell,-1,1,668749,2023-11-21 09:31:00,9,571,0.00021045647985477495,-289.36,False,5.0,20231121
SHORT,920,exit,buy,-1,1,668754,2023-11-21 09:36:00,9,576,0.00022490953283406856,-289.36,False,5.0,20231121
SHORT,921,entry,sell,-1,1,668766,2023-11-21 09:48:00,9,588,0.00025619986965438207,720.64,True,122.0,20231121
SHORT,921,exit,buy,-1,1,668888,2023-11-21 11:50:00,11,710,0.00024636548311074283,720.64,True,122.0,20231121
SHORT,922,entry,sell,-1,1,669214,2023-11-21 18:16:00,18,1096,0.0003813119044334231,-219.36,False,47.0,20231122
SHORT,922,exit,buy,-1,1,669261,2023-11-21 19:03:00,19,1143,7.744609067431363e-05,-219.36,False,47.0,20231122
SHORT,923,entry,sell,-1,1,669271,2023-11-21 19:13:00,19,1153,8.385704974922108e-05,-14.36,False,1.0,20231122
SHORT,923,exit,buy,-1,1,669272,2023-11-21 19:14:00,19,1154,8.366052473316795e-05,-14.36,False,1.0,20231122
SHORT,924,entry,sell,-1,1,669277,2023-11-21 19:19:00,19,1159,7.271419592751973e-05,-104.36,False,35.0,20231122
SHORT,924,exit,buy,-1,1,669312,2023-11-21 19:54:00,19,1194,8.036667602096048e-05,-104.36,False,35.0,20231122
SHORT,925,entry,sell,-1,1,669320,2023-11-21 20:02:00,20,1202,8.272644360562125e-05,35.64,True,9.0,20231122
SHORT,925,exit,buy,-1,1,669329,2023-11-21 20:11:00,20,1211,8.011475381991518e-05,35.64,True,9.0,20231122
SHORT,926,entry,sell,-1,1,670161,2023-11-22 10:03:00,10,603,0.00048472174700087194,-304.36,False,20.0,20231122
SHORT,926,exit,buy,-1,1,670181,2023-11-22 10:23:00,10,623,0.0005280598305573411,-304.36,False,20.0,20231122
SHORT,927,entry,sell,-1,1,670211,2023-11-22 10:53:00,10,653,0.00046193808284560853,-469.36,False,41.0,20231122
SHORT,927,exit,buy,-1,1,670252,2023-11-22 11:34:00,11,694,0.0003527088773530391,-469.36,False,41.0,20231122
SHORT,928,entry,sell,-1,1,670435,2023-11-22 14:37:00,14,877,0.00019440334470033154,175.64,True,80.0,20231122
SHORT,928,exit,buy,-1,1,670515,2023-11-22 15:57:00,15,957,0.00014853096842924596,175.64,True,80.0,20231122
SHORT,929,entry,sell,-1,1,672202,2023-11-24 02:05:00,2,125,5.6893680526210164e-05,10.64,True,63.0,20231124
SHORT,929,exit,buy,-1,1,672265,2023-11-24 03:08:00,3,188,9.395017520759484e-05,10.64,True,63.0,20231124
SHORT,930,entry,sell,-1,1,672874,2023-11-26 18:02:00,18,1082,0.00014643155284395357,420.64,True,489.0,20231127
SHORT,930,exit,buy,-1,1,673363,2023-11-27 02:11:00,2,131,7.176088254896321e-05,420.64,True,489.0,20231127
SHORT,931,entry,sell,-1,1,673512,2023-11-27 04:40:00,4,280,8.279206013729325e-05,0.6399999999999997,True,28.0,20231127
SHORT,931,exit,buy,-1,1,673540,2023-11-27 05:08:00,5,308,0.00010027912001280072,0.6399999999999997,True,28.0,20231127
SHORT,932,entry,sell,-1,1,673806,2023-11-27 09:34:00,9,574,0.00035381109178657703,415.64,True,2.0,20231127
SHORT,932,exit,buy,-1,1,673808,2023-11-27 09:36:00,9,576,0.000366058020256426,415.64,True,2.0,20231127
SHORT,933,entry,sell,-1,1,676603,2023-11-29 10:11:00,10,611,0.0003318289732701039,530.64,True,166.0,20231129
SHORT,933,exit,buy,-1,1,676769,2023-11-29 12:57:00,12,777,0.0001425296799764719,530.64,True,166.0,20231129
SHORT,934,entry,sell,-1,1,677952,2023-11-30 09:40:00,9,580,0.000309535386171771,680.64,True,33.0,20231130
SHORT,934,exit,buy,-1,1,677985,2023-11-30 10:13:00,10,613,0.00047549196321745955,680.64,True,33.0,20231130
SHORT,935,entry,sell,-1,1,677998,2023-11-30 10:26:00,10,626,0.0005067409746354752,1135.64,True,258.0,20231130
SHORT,935,exit,buy,-1,1,678256,2023-11-30 14:44:00,14,884,0.00016615899182291887,1135.64,True,258.0,20231130
SHORT,936,entry,sell,-1,1,679194,2023-12-01 07:22:00,7,442,0.00011886540354919725,-164.36,False,8.0,20231201
SHORT,936,exit,buy,-1,1,679202,2023-12-01 07:30:00,7,450,0.0001303203349670996,-164.36,False,8.0,20231201
SHORT,937,entry,sell,-1,1,679220,2023-12-01 07:48:00,7,468,0.00013268919871132256,-59.36,False,1.0,20231201
SHORT,937,exit,buy,-1,1,679221,2023-12-01 07:49:00,7,469,0.00013213873305471734,-59.36,False,1.0,20231201
SHORT,938,entry,sell,-1,1,679222,2023-12-01 07:50:00,7,470,0.000138422389886695,-269.36,False,14.0,20231201
SHORT,938,exit,buy,-1,1,679236,2023-12-01 08:04:00,8,484,0.00014860995515919822,-269.36,False,14.0,20231201
SHORT,939,entry,sell,-1,1,679311,2023-12-01 09:19:00,9,559,0.0001489250921372564,245.64,True,14.0,20231201
SHORT,939,exit,buy,-1,1,679325,2023-12-01 09:33:00,9,573,0.0002154377389326328,245.64,True,14.0,20231201
SHORT,940,entry,sell,-1,1,679326,2023-12-01 09:34:00,9,574,0.0002180726300492341,-274.36,False,6.0,20231201
SHORT,940,exit,buy,-1,1,679332,2023-12-01 09:40:00,9,580,0.00029433714422575833,-274.36,False,6.0,20231201
SHORT,941,entry,sell,-1,1,679343,2023-12-01 09:51:00,9,591,0.000328226792577646,-579.36,False,11.0,20231201
SHORT,941,exit,buy,-1,1,679354,2023-12-01 10:02:00,10,602,0.0003849006171459285,-579.36,False,11.0,20231201
SHORT,942,entry,sell,-1,1,679358,2023-12-01 10:06:00,10,606,0.000408011747860118,260.64,True,30.0,20231201
SHORT,942,exit,buy,-1,1,679388,2023-12-01 10:36:00,10,636,0.00046465517902865064,260.64,True,30.0,20231201
SHORT,943,entry,sell,-1,1,679781,2023-12-03 18:09:00,18,1089,9.253147142738498e-05,-14.36,False,574.0,20231204
SHORT,943,exit,buy,-1,1,680355,2023-12-04 03:43:00,3,223,0.00014469439220303536,-14.36,False,574.0,20231204
SHORT,944,entry,sell,-1,1,680371,2023-12-04 03:59:00,3,239,0.00013816026670862498,285.64,True,82.0,20231204
SHORT,944,exit,buy,-1,1,680453,2023-12-04 05:21:00,5,321,0.000128227316451816,285.64,True,82.0,20231204
SHORT,945,entry,sell,-1,1,680474,2023-12-04 05:42:00,5,342,0.00010411780133357192,270.64,True,105.0,20231204
SHORT,945,exit,buy,-1,1,680579,2023-12-04 07:27:00,7,447,0.00014055320974783056,270.64,True,105.0,20231204
SHORT,946,entry,sell,-1,1,680640,2023-12-04 08:28:00,8,508,0.00013692900703067456,2525.64,True,210.0,20231204
SHORT,946,exit,buy,-1,1,680850,2023-12-04 11:58:00,11,718,0.0002289585334647924,2525.64,True,210.0,20231204
SHORT,947,entry,sell,-1,1,681535,2023-12-05 00:23:00,0,23,4.5188679248393956e-05,520.64,True,163.0,20231205
SHORT,947,exit,buy,-1,1,681698,2023-12-05 03:06:00,3,186,0.00016002206291552097,520.64,True,163.0,20231205
SHORT,948,entry,sell,-1,1,681738,2023-12-05 03:46:00,3,226,0.00019151784172376097,-324.36,False,12.0,20231205
SHORT,948,exit,buy,-1,1,681750,2023-12-05 03:58:00,3,238,0.00019393268532986023,-324.36,False,12.0,20231205
SHORT,949,entry,sell,-1,1,681792,2023-12-05 04:40:00,4,280,0.0001625315327229241,55.64,True,50.0,20231205
SHORT,949,exit,buy,-1,1,681842,2023-12-05 05:30:00,5,330,0.0001524827631514274,55.64,True,50.0,20231205
SHORT,950,entry,sell,-1,1,681858,2023-12-05 05:46:00,5,346,0.00015274672293295486,-189.36,False,23.0,20231205
SHORT,950,exit,buy,-1,1,681881,2023-12-05 06:09:00,6,369,0.00014945126669252214,-189.36,False,23.0,20231205
SHORT,951,entry,sell,-1,1,681906,2023-12-05 06:34:00,6,394,0.00015274123931314468,-414.36,False,32.0,20231205
SHORT,951,exit,buy,-1,1,681938,2023-12-05 07:06:00,7,426,0.00018035128855640098,-414.36,False,32.0,20231205
SHORT,952,entry,sell,-1,1,681975,2023-12-05 07:43:00,7,463,0.00017040890825409277,-414.36,False,12.0,20231205
SHORT,952,exit,buy,-1,1,681987,2023-12-05 07:55:00,7,475,0.0001677382160607352,-414.36,False,12.0,20231205
SHORT,953,entry,sell,-1,1,682071,2023-12-05 09:19:00,9,559,0.00016416422498747536,-429.36,False,12.0,20231205
SHORT,953,exit,buy,-1,1,682083,2023-12-05 09:31:00,9,571,0.00022205090932976335,-429.36,False,12.0,20231205
SHORT,954,entry,sell,-1,1,683464,2023-12-06 09:32:00,9,572,0.00029889060992522893,1415.64,True,96.0,20231206
SHORT,954,exit,buy,-1,1,683560,2023-12-06 11:08:00,11,668,0.0004124008357603554,1415.64,True,96.0,20231206
SHORT,955,entry,sell,-1,1,686823,2023-12-10 20:31:00,20,1231,0.00010694928381975314,-259.36,False,289.0,20231211
SHORT,955,exit,buy,-1,1,687110,2023-12-11 01:20:00,1,80,7.648854372072414e-05,-259.36,False,289.0,20231211
SHORT,956,entry,sell,-1,1,687137,2023-12-11 01:47:00,1,107,8.59232625526579e-05,-154.36,False,78.0,20231211
SHORT,956,exit,buy,-1,1,687215,2023-12-11 03:05:00,3,185,0.00012957280537223323,-154.36,False,78.0,20231211
SHORT,957,entry,sell,-1,1,687225,2023-12-11 03:15:00,3,195,0.00015205374239888377,-269.36,False,19.0,20231211
SHORT,957,exit,buy,-1,1,687244,2023-12-11 03:34:00,3,214,0.000165949475124358,-269.36,False,19.0,20231211
SHORT,958,entry,sell,-1,1,687327,2023-12-11 04:57:00,4,297,0.00011542788479978237,95.64,True,58.0,20231211
SHORT,958,exit,buy,-1,1,687385,2023-12-11 05:55:00,5,355,0.00012509892128462219,95.64,True,58.0,20231211
SHORT,959,entry,sell,-1,1,687416,2023-12-11 06:26:00,6,386,0.00012874327488201004,-194.36,False,12.0,20231211
SHORT,959,exit,buy,-1,1,687428,2023-12-11 06:38:00,6,398,0.00012415251651995185,-194.36,False,12.0,20231211
SHORT,960,entry,sell,-1,1,688936,2023-12-12 08:46:00,8,526,0.0003413733810901539,-249.36,False,123.0,20231212
SHORT,960,exit,buy,-1,1,689059,2023-12-12 10:49:00,10,649,0.00034204617140622915,-249.36,False,123.0,20231212
SHORT,961,entry,sell,-1,1,691447,2023-12-14 04:37:00,4,277,0.0001629532250723374,-444.36,False,44.0,20231214
SHORT,961,exit,buy,-1,1,691491,2023-12-14 05:21:00,5,321,0.00013415481528690896,-444.36,False,44.0,20231214
SHORT,962,entry,sell,-1,1,691656,2023-12-14 08:06:00,8,486,0.00011720074933823696,-464.36,False,38.0,20231214
SHORT,962,exit,buy,-1,1,691694,2023-12-14 08:44:00,8,524,0.00021456397269679458,-464.36,False,38.0,20231214
SHORT,963,entry,sell,-1,1,691728,2023-12-14 09:18:00,9,558,0.00023526364158000466,25.64,True,1.0,20231214
SHORT,963,exit,buy,-1,1,691729,2023-12-14 09:19:00,9,559,0.00023393876181075052,25.64,True,1.0,20231214
SHORT,964,entry,sell,-1,1,691731,2023-12-14 09:21:00,9,561,0.00023274988330335768,-444.36,False,11.0,20231214
SHORT,964,exit,buy,-1,1,691742,2023-12-14 09:32:00,9,572,0.0002966139852342998,-444.36,False,11.0,20231214
SHORT,965,entry,sell,-1,1,696903,2023-12-20 03:33:00,3,213,0.00015776739834244077,275.64,True,50.0,20231220
SHORT,965,exit,buy,-1,1,696953,2023-12-20 04:23:00,4,263,0.00017527190642163988,275.64,True,50.0,20231220
SHORT,966,entry,sell,-1,1,696978,2023-12-20 04:48:00,4,288,0.0001573130613938132,-229.36,False,4.0,20231220
SHORT,966,exit,buy,-1,1,696982,2023-12-20 04:52:00,4,292,0.0001631982575373584,-229.36,False,4.0,20231220
SHORT,967,entry,sell,-1,1,697025,2023-12-20 05:35:00,5,335,0.00010683302589129105,-244.36,False,10.0,20231220
SHORT,967,exit,buy,-1,1,697035,2023-12-20 05:45:00,5,345,0.00011320680356362299,-244.36,False,10.0,20231220
SHORT,968,entry,sell,-1,1,697094,2023-12-20 06:44:00,6,404,0.00010110745499787979,-274.36,False,34.0,20231220
SHORT,968,exit,buy,-1,1,697128,2023-12-20 07:18:00,7,438,0.00012128429170130024,-274.36,False,34.0,20231220
SHORT,969,entry,sell,-1,1,697582,2023-12-20 14:52:00,14,892,0.00031810295467114,825.64,True,20.0,20231220
SHORT,969,exit,buy,-1,1,697602,2023-12-20 15:12:00,15,912,0.0005199149261293529,825.64,True,20.0,20231220
SHORT,970,entry,sell,-1,1,697615,2023-12-20 15:25:00,15,925,0.0005986019840141557,870.64,True,75.0,20231220
SHORT,970,exit,buy,-1,1,697690,2023-12-20 16:40:00,16,1000,0.0003330271084962331,870.64,True,75.0,20231220
SHORT,971,entry,sell,-1,1,698676,2023-12-21 10:06:00,10,606,0.0004156873141821575,-129.36,False,8.0,20231221
SHORT,971,exit,buy,-1,1,698684,2023-12-21 10:14:00,10,614,0.00046791522800498377,-129.36,False,8.0,20231221
SHORT,972,entry,sell,-1,1,698698,2023-12-21 10:28:00,10,628,0.0005036804398941987,-404.36,False,68.0,20231221
SHORT,972,exit,buy,-1,1,698766,2023-12-21 11:36:00,11,696,0.0003622243580987516,-404.36,False,68.0,20231221
SHORT,973,entry,sell,-1,1,698791,2023-12-21 12:01:00,12,721,0.0003447788575121074,-139.36,False,82.0,20231221
SHORT,973,exit,buy,-1,1,698873,2023-12-21 13:23:00,13,803,0.0004322657299981273,-139.36,False,82.0,20231221
SHORT,974,entry,sell,-1,1,699218,2023-12-21 20:08:00,20,1208,0.00010349571725500457,-54.36,False,494.0,20231222
SHORT,974,exit,buy,-1,1,699712,2023-12-22 04:22:00,4,262,8.866310674614342e-05,-54.36,False,494.0,20231222
SHORT,975,entry,sell,-1,1,699963,2023-12-22 08:33:00,8,513,0.00015410062332733168,-299.36,False,1.0,20231222
SHORT,975,exit,buy,-1,1,699964,2023-12-22 08:34:00,8,514,0.0001822008283134127,-299.36,False,1.0,20231222
SHORT,976,entry,sell,-1,1,705618,2023-12-29 10:48:00,10,648,0.0002544398673269678,-359.36,False,15.0,20231229
SHORT,976,exit,buy,-1,1,705633,2023-12-29 11:03:00,11,663,0.00028153868094839886,-359.36,False,15.0,20231229
SHORT,977,entry,sell,-1,1,705637,2023-12-29 11:07:00,11,667,0.0002834495733776705,685.64,True,41.0,20231229
SHORT,977,exit,buy,-1,1,705678,2023-12-29 11:48:00,11,708,0.0003135165564897475,685.64,True,41.0,20231229
SHORT,978,entry,sell,-1,1,705705,2023-12-29 12:15:00,12,735,0.00028719985322401675,-459.36,False,31.0,20231229
SHORT,978,exit,buy,-1,1,705736,2023-12-29 12:46:00,12,766,0.00027465758660891914,-459.36,False,31.0,20231229
SHORT,979,entry,sell,-1,1,705925,2023-12-29 15:55:00,15,955,0.00024382869949880778,-419.36,False,5.0,20231229
SHORT,979,exit,buy,-1,1,705930,2023-12-29 16:00:00,16,960,0.0002659744750274954,-419.36,False,5.0,20231229
SHORT,980,entry,sell,-1,1,706925,2024-01-02 09:35:00,9,575,0.00023518345651822668,1370.64,True,25.0,20240102
SHORT,980,exit,buy,-1,1,706950,2024-01-02 10:00:00,10,600,0.00042019051291446006,1370.64,True,25.0,20240102
SHORT,981,entry,sell,-1,1,707714,2024-01-02 23:44:00,23,1424,3.493404330978026e-05,-299.36,False,99.0,20240103
SHORT,981,exit,buy,-1,1,707813,2024-01-03 01:23:00,1,83,5.8972508108986184e-05,-299.36,False,99.0,20240103
SHORT,982,entry,sell,-1,1,707857,2024-01-03 02:07:00,2,127,6.285489325545092e-05,-169.36,False,50.0,20240103
SHORT,982,exit,buy,-1,1,707907,2024-01-03 02:57:00,2,177,8.781699024301178e-05,-169.36,False,50.0,20240103
SHORT,983,entry,sell,-1,1,707937,2024-01-03 03:27:00,3,207,0.00010295771439328397,185.64,True,14.0,20240103
SHORT,983,exit,buy,-1,1,707951,2024-01-03 03:41:00,3,221,0.00010630665161362601,185.64,True,14.0,20240103
SHORT,984,entry,sell,-1,1,707961,2024-01-03 03:51:00,3,231,0.00013143408794646317,600.64,True,82.0,20240103
SHORT,984,exit,buy,-1,1,708043,2024-01-03 05:13:00,5,313,0.00014680879595321662,600.64,True,82.0,20240103
SHORT,985,entry,sell,-1,1,708056,2024-01-03 05:26:00,5,326,0.0001439879879016379,-349.36,False,9.0,20240103
SHORT,985,exit,buy,-1,1,708065,2024-01-03 05:35:00,5,335,0.00015592044603884864,-349.36,False,9.0,20240103
SHORT,986,entry,sell,-1,1,708086,2024-01-03 05:56:00,5,356,0.0001474569908476851,620.64,True,142.0,20240103
SHORT,986,exit,buy,-1,1,708228,2024-01-03 08:18:00,8,498,0.0001649753742190519,620.64,True,142.0,20240103
SHORT,987,entry,sell,-1,1,708269,2024-01-03 08:59:00,8,539,0.00017404845959407154,-219.36,False,37.0,20240103
SHORT,987,exit,buy,-1,1,708306,2024-01-03 09:36:00,9,576,0.00031852507538032617,-219.36,False,37.0,20240103
SHORT,988,entry,sell,-1,1,708328,2024-01-03 09:58:00,9,598,0.0003961032678637012,-619.36,False,3.0,20240103
SHORT,988,exit,buy,-1,1,708331,2024-01-03 10:01:00,10,601,0.00041743417564439324,-619.36,False,3.0,20240103
SHORT,989,entry,sell,-1,1,708332,2024-01-03 10:02:00,10,602,0.0004655272753267319,-579.36,False,1.0,20240103
SHORT,989,exit,buy,-1,1,708333,2024-01-03 10:03:00,10,603,0.0005035557622049566,-579.36,False,1.0,20240103
SHORT,990,entry,sell,-1,1,708341,2024-01-03 10:11:00,10,611,0.0005297011384893647,1145.64,True,389.0,20240103
SHORT,990,exit,buy,-1,1,708730,2024-01-03 16:40:00,16,1000,0.0002378382146475976,1145.64,True,389.0,20240103
SHORT,991,entry,sell,-1,1,711786,2024-01-07 22:36:00,22,1356,8.527651046326783e-05,-239.36,False,212.0,20240108
SHORT,991,exit,buy,-1,1,711998,2024-01-08 02:08:00,2,128,0.00012402668422728175,-239.36,False,212.0,20240108
SHORT,992,entry,sell,-1,1,712027,2024-01-08 02:37:00,2,157,0.0001088332242952645,-249.36,False,25.0,20240108
SHORT,992,exit,buy,-1,1,712052,2024-01-08 03:02:00,3,182,0.0001225237772457943,-249.36,False,25.0,20240108
SHORT,993,entry,sell,-1,1,712106,2024-01-08 03:56:00,3,236,0.0002059514447927269,-99.36,False,12.0,20240108
SHORT,993,exit,buy,-1,1,712118,2024-01-08 04:08:00,4,248,0.00019122179887855878,-99.36,False,12.0,20240108
SHORT,994,entry,sell,-1,1,712136,2024-01-08 04:26:00,4,266,0.0001650321145215876,255.64,True,19.0,20240108
SHORT,994,exit,buy,-1,1,712155,2024-01-08 04:45:00,4,285,0.00018056144261993645,255.64,True,19.0,20240108
SHORT,995,entry,sell,-1,1,712235,2024-01-08 06:05:00,6,365,0.0001457035790701759,20.64,True,4.0,20240108
SHORT,995,exit,buy,-1,1,712239,2024-01-08 06:09:00,6,369,0.00014497330904023097,20.64,True,4.0,20240108
SHORT,996,entry,sell,-1,1,712240,2024-01-08 06:10:00,6,370,0.00016770663983889066,-39.36,False,1.0,20240108
SHORT,996,exit,buy,-1,1,712241,2024-01-08 06:11:00,6,371,0.0001672910879541275,-39.36,False,1.0,20240108
SHORT,997,entry,sell,-1,1,713432,2024-01-09 03:03:00,3,183,9.287334657191283e-05,405.64,True,107.0,20240109
SHORT,997,exit,buy,-1,1,713539,2024-01-09 04:50:00,4,290,0.00013944228855792458,405.64,True,107.0,20240109
SHORT,998,entry,sell,-1,1,713552,2024-01-09 05:03:00,5,303,0.00013892414356090504,425.64,True,130.0,20240109
SHORT,998,exit,buy,-1,1,713682,2024-01-09 07:13:00,7,433,0.00011555074366812918,425.64,True,130.0,20240109
SHORT,999,entry,sell,-1,1,713747,2024-01-09 08:18:00,8,498,0.00014905696434898888,100.64,True,74.0,20240109
SHORT,999,exit,buy,-1,1,713821,2024-01-09 09:32:00,9,572,0.0002387311637030515,100.64,True,74.0,20240109
SHORT,1000,entry,sell,-1,1,715045,2024-01-10 06:56:00,6,416,0.00013137825550859483,-9.36,False,1.0,20240110
SHORT,1000,exit,buy,-1,1,715046,2024-01-10 06:57:00,6,417,0.00012914403442514444,-9.36,False,1.0,20240110
SHORT,1001,entry,sell,-1,1,715136,2024-01-10 08:27:00,8,507,0.00014425030485427736,-44.36,False,1.0,20240110
SHORT,1001,exit,buy,-1,1,715137,2024-01-10 08:28:00,8,508,0.00014388594225456572,-44.36,False,1.0,20240110
SHORT,1002,entry,sell,-1,1,715140,2024-01-10 08:31:00,8,511,0.00016269286795874468,-34.36,False,49.0,20240110
SHORT,1002,exit,buy,-1,1,715189,2024-01-10 09:20:00,9,560,0.00015424480850048688,-34.36,False,49.0,20240110
SHORT,1003,entry,sell,-1,1,716522,2024-01-11 08:33:00,8,513,0.0005968283969737618,-439.36,False,1.0,20240111
SHORT,1003,exit,buy,-1,1,716523,2024-01-11 08:34:00,8,514,0.0006160815600173722,-439.36,False,1.0,20240111
SHORT,1004,entry,sell,-1,1,716598,2024-01-11 09:49:00,9,589,0.0004434941121513948,1290.64,True,31.0,20240111
SHORT,1004,exit,buy,-1,1,716629,2024-01-11 10:20:00,10,620,0.0006418581575805628,1290.64,True,31.0,20240111
SHORT,1005,entry,sell,-1,1,716644,2024-01-11 10:35:00,10,635,0.0006482995782151748,-644.36,False,5.0,20240111
SHORT,1005,exit,buy,-1,1,716649,2024-01-11 10:40:00,10,640,0.0006461314149070864,-644.36,False,5.0,20240111
SHORT,1006,entry,sell,-1,1,716659,2024-01-11 10:50:00,10,650,0.0006199951264455314,840.64,True,113.0,20240111
SHORT,1006,exit,buy,-1,1,716772,2024-01-11 12:43:00,12,763,0.0003652266769368357,840.64,True,113.0,20240111
SHORT,1007,entry,sell,-1,1,717771,2024-01-12 06:22:00,6,382,0.00014527916148440446,235.64,True,39.0,20240112
SHORT,1007,exit,buy,-1,1,717810,2024-01-12 07:01:00,7,421,0.00021347805649881986,235.64,True,39.0,20240112
SHORT,1008,entry,sell,-1,1,717962,2024-01-12 09:33:00,9,573,0.00026276973247669935,-609.36,False,6.0,20240112
SHORT,1008,exit,buy,-1,1,717968,2024-01-12 09:39:00,9,579,0.00028712744984344914,-609.36,False,6.0,20240112
SHORT,1009,entry,sell,-1,1,717990,2024-01-12 10:01:00,10,601,0.000384684615553988,-349.36,False,70.0,20240112
SHORT,1009,exit,buy,-1,1,718060,2024-01-12 11:11:00,11,671,0.00042259899534423156,-349.36,False,70.0,20240112
SHORT,1010,entry,sell,-1,1,718087,2024-01-12 11:38:00,11,698,0.0003889009505583029,-979.36,False,154.0,20240112
SHORT,1010,exit,buy,-1,1,718241,2024-01-12 14:12:00,14,852,0.0001715432945755876,-979.36,False,154.0,20240112
SHORT,1011,entry,sell,-1,1,719579,2024-01-15 18:30:00,18,1110,8.492995876094725e-05,780.64,True,124.0,20240116
SHORT,1011,exit,buy,-1,1,719703,2024-01-15 20:34:00,20,1234,0.00014862112518721654,780.64,True,124.0,20240116
SHORT,1012,entry,sell,-1,1,719820,2024-01-15 22:31:00,22,1351,9.808586461271934e-05,155.64,True,248.0,20240116
SHORT,1012,exit,buy,-1,1,720068,2024-01-16 02:39:00,2,159,0.00010178782437585041,155.64,True,248.0,20240116
SHORT,1013,entry,sell,-1,1,720090,2024-01-16 03:01:00,3,181,0.00012498468244678866,635.64,True,9.0,20240116
SHORT,1013,exit,buy,-1,1,720099,2024-01-16 03:10:00,3,190,0.00023312597911874652,635.64,True,9.0,20240116
SHORT,1014,entry,sell,-1,1,721169,2024-01-16 22:00:00,22,1320,8.337091627883484e-05,1715.64,True,302.0,20240117
SHORT,1014,exit,buy,-1,1,721471,2024-01-17 03:02:00,3,182,0.00020930827161814132,1715.64,True,302.0,20240117
SHORT,1015,entry,sell,-1,1,722316,2024-01-17 18:07:00,18,1087,8.991570359537735e-05,-524.36,False,124.0,20240118
SHORT,1015,exit,buy,-1,1,722440,2024-01-17 20:11:00,20,1211,9.592692493999001e-05,-524.36,False,124.0,20240118
SHORT,1016,entry,sell,-1,1,722446,2024-01-17 20:17:00,20,1217,0.0001009736225560772,100.64,True,14.0,20240118
SHORT,1016,exit,buy,-1,1,722460,2024-01-17 20:31:00,20,1231,9.282627989155588e-05,100.64,True,14.0,20240118
SHORT,1017,entry,sell,-1,1,722461,2024-01-17 20:32:00,20,1232,9.478829527145357e-05,-164.36,False,49.0,20240118
SHORT,1017,exit,buy,-1,1,722510,2024-01-17 21:21:00,21,1281,0.00010615219046278367,-164.36,False,49.0,20240118
SHORT,1018,entry,sell,-1,1,722511,2024-01-17 21:22:00,21,1282,0.00010570775769332679,120.64,True,44.0,20240118
SHORT,1018,exit,buy,-1,1,722555,2024-01-17 22:06:00,22,1326,7.494250830024008e-05,120.64,True,44.0,20240118
SHORT,1019,entry,sell,-1,1,722556,2024-01-17 22:07:00,22,1327,7.635256336295984e-05,-69.36,False,2.0,20240118
SHORT,1019,exit,buy,-1,1,722558,2024-01-17 22:09:00,22,1329,7.77154138632684e-05,-69.36,False,2.0,20240118
SHORT,1020,entry,sell,-1,1,722562,2024-01-17 22:13:00,22,1333,8.256573493417097e-05,15.64,True,1.0,20240118
SHORT,1020,exit,buy,-1,1,722563,2024-01-17 22:14:00,22,1334,8.334157267001948e-05,15.64,True,1.0,20240118
SHORT,1021,entry,sell,-1,1,722633,2024-01-17 23:24:00,23,1404,7.509542919235346e-05,-4.36,False,1.0,20240118
SHORT,1021,exit,buy,-1,1,722634,2024-01-17 23:25:00,23,1405,7.39510766874471e-05,-4.36,False,1.0,20240118
SHORT,1022,entry,sell,-1,1,722649,2024-01-17 23:40:00,23,1420,6.638749182827253e-05,30.64,True,1.0,20240118
SHORT,1022,exit,buy,-1,1,722650,2024-01-17 23:41:00,23,1421,6.672331872700882e-05,30.64,True,1.0,20240118
SHORT,1023,entry,sell,-1,1,722652,2024-01-17 23:43:00,23,1423,6.512504148209888e-05,10.64,True,14.0,20240118
SHORT,1023,exit,buy,-1,1,722666,2024-01-17 23:57:00,23,1437,6.447372805369988e-05,10.64,True,14.0,20240118
SHORT,1024,entry,sell,-1,1,723451,2024-01-18 13:02:00,13,782,0.0003308258834891799,-99.36,False,35.0,20240118
SHORT,1024,exit,buy,-1,1,723486,2024-01-18 13:37:00,13,817,0.0003437498688809885,-99.36,False,35.0,20240118
SHORT,1025,entry,sell,-1,1,724621,2024-01-19 09:32:00,9,572,0.0002149113993315136,-754.36,False,29.0,20240119
SHORT,1025,exit,buy,-1,1,724650,2024-01-19 10:01:00,10,601,0.00031376397117782446,-754.36,False,29.0,20240119
SHORT,1026,entry,sell,-1,1,724658,2024-01-19 10:09:00,10,609,0.0003555982431179299,-734.36,False,12.0,20240119
SHORT,1026,exit,buy,-1,1,724670,2024-01-19 10:21:00,10,621,0.00037648639565258913,-734.36,False,12.0,20240119
SHORT,1027,entry,sell,-1,1,725619,2024-01-22 03:10:00,3,190,0.00016778258679897364,-329.36,False,50.0,20240122
SHORT,1027,exit,buy,-1,1,725669,2024-01-22 04:00:00,4,240,0.0001622430129784726,-329.36,False,50.0,20240122
SHORT,1028,entry,sell,-1,1,725709,2024-01-22 04:40:00,4,280,0.00012178114931860912,-239.36,False,4.0,20240122
SHORT,1028,exit,buy,-1,1,725713,2024-01-22 04:44:00,4,284,0.00012179193773055727,-239.36,False,4.0,20240122
SHORT,1029,entry,sell,-1,1,725716,2024-01-22 04:47:00,4,287,0.0001224520973687481,5.64,True,5.0,20240122
SHORT,1029,exit,buy,-1,1,725721,2024-01-22 04:52:00,4,292,0.00012390160510910696,5.64,True,5.0,20240122
SHORT,1030,entry,sell,-1,1,725722,2024-01-22 04:53:00,4,293,0.00012366961062704141,-104.36,False,3.0,20240122
SHORT,1030,exit,buy,-1,1,725725,2024-01-22 04:56:00,4,296,0.00012453500444735177,-104.36,False,3.0,20240122
SHORT,1031,entry,sell,-1,1,725735,2024-01-22 05:06:00,5,306,0.00011516652516493624,-244.36,False,8.0,20240122
SHORT,1031,exit,buy,-1,1,725743,2024-01-22 05:14:00,5,314,0.0001070606054934382,-244.36,False,8.0,20240122
SHORT,1032,entry,sell,-1,1,725766,2024-01-22 05:37:00,5,337,0.00011387546742319974,55.64,True,3.0,20240122
SHORT,1032,exit,buy,-1,1,725769,2024-01-22 05:40:00,5,340,0.00011600481753039334,55.64,True,3.0,20240122
SHORT,1033,entry,sell,-1,1,725770,2024-01-22 05:41:00,5,341,0.00011575005801505237,-164.36,False,6.0,20240122
SHORT,1033,exit,buy,-1,1,725776,2024-01-22 05:47:00,5,347,0.0001118714341219889,-164.36,False,6.0,20240122
SHORT,1034,entry,sell,-1,1,725948,2024-01-22 08:39:00,8,519,0.00013967120511199416,110.64,True,1.0,20240122
SHORT,1034,exit,buy,-1,1,725949,2024-01-22 08:40:00,8,520,0.00014258942111335397,110.64,True,1.0,20240122
SHORT,1035,entry,sell,-1,1,725950,2024-01-22 08:41:00,8,521,0.00014164423133526292,-79.36,False,1.0,20240122
SHORT,1035,exit,buy,-1,1,725951,2024-01-22 08:42:00,8,522,0.0001423149845811635,-79.36,False,1.0,20240122
SHORT,1036,entry,sell,-1,1,725953,2024-01-22 08:44:00,8,524,0.00014825094634343864,-354.36,False,47.0,20240122
SHORT,1036,exit,buy,-1,1,726000,2024-01-22 09:31:00,9,571,0.00019456257606473821,-354.36,False,47.0,20240122
SHORT,1037,entry,sell,-1,1,727381,2024-01-23 09:32:00,9,572,0.00023211753652676735,120.64,True,5.0,20240123
SHORT,1037,exit,buy,-1,1,727386,2024-01-23 09:37:00,9,577,0.0003295690865474157,120.64,True,5.0,20240123
SHORT,1038,entry,sell,-1,1,728761,2024-01-24 09:32:00,9,572,0.00019895384955355663,-1954.36,False,73.0,20240124
SHORT,1038,exit,buy,-1,1,728834,2024-01-24 10:45:00,10,645,0.0002905285672367709,-1954.36,False,73.0,20240124
SHORT,1039,entry,sell,-1,1,730167,2024-01-25 09:58:00,9,598,0.0003691666895646715,5.64,True,1.0,20240125
SHORT,1039,exit,buy,-1,1,730168,2024-01-25 09:59:00,9,599,0.0003689690688114647,5.64,True,1.0,20240125
SHORT,1040,entry,sell,-1,1,730171,2024-01-25 10:02:00,10,602,0.00037109036135881497,45.64,True,1.0,20240125
SHORT,1040,exit,buy,-1,1,730172,2024-01-25 10:03:00,10,603,0.00037031423413668384,45.64,True,1.0,20240125
SHORT,1041,entry,sell,-1,1,730173,2024-01-25 10:04:00,10,604,0.0003880546950512257,-714.36,False,5.0,20240125
SHORT,1041,exit,buy,-1,1,730178,2024-01-25 10:09:00,10,609,0.00041136249619033765,-714.36,False,5.0,20240125
SHORT,1042,entry,sell,-1,1,730310,2024-01-25 12:21:00,12,741,0.000305779293734538,-34.36,False,47.0,20240125
SHORT,1042,exit,buy,-1,1,730357,2024-01-25 13:08:00,13,788,0.0003344882310825832,-34.36,False,47.0,20240125
SHORT,1043,entry,sell,-1,1,730360,2024-01-25 13:11:00,13,791,0.0003368681224512331,1160.64,True,108.0,20240125
SHORT,1043,exit,buy,-1,1,730468,2024-01-25 14:59:00,14,899,0.0002925497620051186,1160.64,True,108.0,20240125
SHORT,1044,entry,sell,-1,1,731544,2024-01-26 09:55:00,9,595,0.0003404285271879493,-339.36,False,4.0,20240126
SHORT,1044,exit,buy,-1,1,731548,2024-01-26 09:59:00,9,599,0.0003511482991179929,-339.36,False,4.0,20240126
SHORT,1045,entry,sell,-1,1,731555,2024-01-26 10:06:00,10,606,0.0003520508040352644,-214.36,False,6.0,20240126
SHORT,1045,exit,buy,-1,1,731561,2024-01-26 10:12:00,10,612,0.0003720029740466551,-214.36,False,6.0,20240126
SHORT,1046,entry,sell,-1,1,731562,2024-01-26 10:13:00,10,613,0.00038049918038434,-24.36,False,1.0,20240126
SHORT,1046,exit,buy,-1,1,731563,2024-01-26 10:14:00,10,614,0.00036830938878792166,-24.36,False,1.0,20240126
SHORT,1047,entry,sell,-1,1,731568,2024-01-26 10:19:00,10,619,0.0003699734246697109,-229.36,False,2.0,20240126
SHORT,1047,exit,buy,-1,1,731570,2024-01-26 10:21:00,10,621,0.0003702529982940906,-229.36,False,2.0,20240126
SHORT,1048,entry,sell,-1,1,733840,2024-01-30 02:12:00,2,132,0.00012634577406151092,-94.36,False,46.0,20240130
SHORT,1048,exit,buy,-1,1,733886,2024-01-30 02:58:00,2,178,0.00013715702621042023,-94.36,False,46.0,20240130
SHORT,1049,entry,sell,-1,1,733887,2024-01-30 02:59:00,2,179,0.0001374826215469833,-9.36,False,1.0,20240130
SHORT,1049,exit,buy,-1,1,733888,2024-01-30 03:00:00,3,180,0.000137156814622503,-9.36,False,1.0,20240130
SHORT,1050,entry,sell,-1,1,733890,2024-01-30 03:02:00,3,182,0.00013623543760636527,-104.36,False,19.0,20240130
SHORT,1050,exit,buy,-1,1,733909,2024-01-30 03:21:00,3,201,0.00014615472947056404,-104.36,False,19.0,20240130
SHORT,1051,entry,sell,-1,1,733975,2024-01-30 04:27:00,4,267,0.00013998188486037926,-249.36,False,49.0,20240130
SHORT,1051,exit,buy,-1,1,734024,2024-01-30 05:16:00,5,316,0.00010790202302143842,-249.36,False,49.0,20240130
SHORT,1052,entry,sell,-1,1,734074,2024-01-30 06:06:00,6,366,0.0001096660925659718,-299.36,False,45.0,20240130
SHORT,1052,exit,buy,-1,1,734119,2024-01-30 06:51:00,6,411,0.00011869843993990596,-299.36,False,45.0,20240130
SHORT,1053,entry,sell,-1,1,734141,2024-01-30 07:13:00,7,433,0.00010938659388620749,50.64,True,1.0,20240130
SHORT,1053,exit,buy,-1,1,734142,2024-01-30 07:14:00,7,434,0.00010955004801058659,50.64,True,1.0,20240130
SHORT,1054,entry,sell,-1,1,734143,2024-01-30 07:15:00,7,435,0.00011121574909762579,35.64,True,1.0,20240130
SHORT,1054,exit,buy,-1,1,734144,2024-01-30 07:16:00,7,436,0.00010981911579925404,35.64,True,1.0,20240130
SHORT,1055,entry,sell,-1,1,734145,2024-01-30 07:17:00,7,437,0.00011093331599289938,-179.36,False,2.0,20240130
SHORT,1055,exit,buy,-1,1,734147,2024-01-30 07:19:00,7,439,0.00012117181448669235,-179.36,False,2.0,20240130
SHORT,1056,entry,sell,-1,1,734160,2024-01-30 07:32:00,7,452,0.00012134637180823592,50.64,True,1.0,20240130
SHORT,1056,exit,buy,-1,1,734161,2024-01-30 07:33:00,7,453,0.00011387681033088447,50.64,True,1.0,20240130
SHORT,1057,entry,sell,-1,1,734163,2024-01-30 07:35:00,7,455,0.00011472323013394172,0.6399999999999997,True,1.0,20240130
SHORT,1057,exit,buy,-1,1,734164,2024-01-30 07:36:00,7,456,0.00011481497939552536,0.6399999999999997,True,1.0,20240130
SHORT,1058,entry,sell,-1,1,734165,2024-01-30 07:37:00,7,457,0.00011586928226483066,415.64,True,109.0,20240130
SHORT,1058,exit,buy,-1,1,734274,2024-01-30 09:26:00,9,566,0.00014321772921019866,415.64,True,109.0,20240130
SHORT,1059,entry,sell,-1,1,734456,2024-01-30 12:28:00,12,748,0.00019387528862392542,-134.36,False,59.0,20240130
SHORT,1059,exit,buy,-1,1,734515,2024-01-30 13:27:00,13,807,0.0002323763888655462,-134.36,False,59.0,20240130
SHORT,1060,entry,sell,-1,1,734541,2024-01-30 13:53:00,13,833,0.00019736927810913658,-704.36,False,60.0,20240130
SHORT,1060,exit,buy,-1,1,734601,2024-01-30 14:53:00,14,893,0.00017494944352115707,-704.36,False,60.0,20240130
SHORT,1061,entry,sell,-1,1,734672,2024-01-30 16:04:00,16,964,0.0003349078002990116,-664.36,False,11.0,20240130
SHORT,1061,exit,buy,-1,1,734683,2024-01-30 16:15:00,16,975,0.0003622363474276658,-664.36,False,11.0,20240130
SHORT,1062,entry,sell,-1,1,737141,2024-02-01 11:13:00,11,673,0.0003630580530316321,-699.36,False,21.0,20240201
SHORT,1062,exit,buy,-1,1,737162,2024-02-01 11:34:00,11,694,0.000331199296615109,-699.36,False,21.0,20240201
SHORT,1063,entry,sell,-1,1,737494,2024-02-01 18:06:00,18,1086,0.00037130477009869714,-519.36,False,141.0,20240202
SHORT,1063,exit,buy,-1,1,737635,2024-02-01 20:27:00,20,1227,8.213937564795542e-05,-519.36,False,141.0,20240202
SHORT,1064,entry,sell,-1,1,737690,2024-02-01 21:22:00,21,1282,0.00010223320117058352,-239.36,False,42.0,20240202
SHORT,1064,exit,buy,-1,1,737732,2024-02-01 22:04:00,22,1324,7.952056455089102e-05,-239.36,False,42.0,20240202
SHORT,1065,entry,sell,-1,1,737734,2024-02-01 22:06:00,22,1326,7.955902710536488e-05,0.6399999999999997,True,2.0,20240202
SHORT,1065,exit,buy,-1,1,737736,2024-02-01 22:08:00,22,1328,7.832026130393195e-05,0.6399999999999997,True,2.0,20240202
SHORT,1066,entry,sell,-1,1,737737,2024-02-01 22:09:00,22,1329,7.827316821525325e-05,10.64,True,4.0,20240202
SHORT,1066,exit,buy,-1,1,737741,2024-02-01 22:13:00,22,1333,7.344105216164571e-05,10.64,True,4.0,20240202
SHORT,1067,entry,sell,-1,1,737747,2024-02-01 22:19:00,22,1339,8.169983678822385e-05,215.64,True,308.0,20240202
SHORT,1067,exit,buy,-1,1,738055,2024-02-02 03:27:00,3,207,0.00013521987393760887,215.64,True,308.0,20240202
SHORT,1068,entry,sell,-1,1,738058,2024-02-02 03:30:00,3,210,0.00013806231778609732,35.64,True,1.0,20240202
SHORT,1068,exit,buy,-1,1,738059,2024-02-02 03:31:00,3,211,0.00013793713149207906,35.64,True,1.0,20240202
SHORT,1069,entry,sell,-1,1,738060,2024-02-02 03:32:00,3,212,0.00013907416388166463,-94.36,False,2.0,20240202
SHORT,1069,exit,buy,-1,1,738062,2024-02-02 03:34:00,3,214,0.00014053110225593964,-94.36,False,2.0,20240202
SHORT,1070,entry,sell,-1,1,738065,2024-02-02 03:37:00,3,217,0.00014053510546301816,20.64,True,1.0,20240202
SHORT,1070,exit,buy,-1,1,738066,2024-02-02 03:38:00,3,218,0.00013957021870924477,20.64,True,1.0,20240202
SHORT,1071,entry,sell,-1,1,738067,2024-02-02 03:39:00,3,219,0.00014108335259593418,-94.36,False,1.0,20240202
SHORT,1071,exit,buy,-1,1,738068,2024-02-02 03:40:00,3,220,0.00014431318783756112,-94.36,False,1.0,20240202
SHORT,1072,entry,sell,-1,1,738359,2024-02-02 08:31:00,8,511,0.0005241156539924153,-334.36,False,67.0,20240202
SHORT,1072,exit,buy,-1,1,738426,2024-02-02 09:38:00,9,578,0.0004245638249981203,-334.36,False,67.0,20240202
SHORT,1073,entry,sell,-1,1,738809,2024-02-02 16:01:00,16,961,0.00029226085456059375,235.64,True,39.0,20240202
SHORT,1073,exit,buy,-1,1,738839,2024-02-02 16:40:00,16,1000,0.00025908262115301525,235.64,True,39.0,20240202
SHORT,1074,entry,sell,-1,1,739839,2024-02-05 10:20:00,10,620,0.00043681797887937956,430.64,True,37.0,20240205
SHORT,1074,exit,buy,-1,1,739876,2024-02-05 10:57:00,10,657,0.0004204002319271802,430.64,True,37.0,20240205
SHORT,1075,entry,sell,-1,1,741176,2024-02-06 09:37:00,9,577,0.000259350289636349,1405.64,True,39.0,20240206
SHORT,1075,exit,buy,-1,1,741215,2024-02-06 10:16:00,10,616,0.00039540852687015637,1405.64,True,39.0,20240206
SHORT,1076,entry,sell,-1,1,742069,2024-02-07 01:30:00,1,90,0.00010566519468559046,-279.36,False,140.0,20240207
SHORT,1076,exit,buy,-1,1,742209,2024-02-07 03:50:00,3,230,9.10148444695974e-05,-279.36,False,140.0,20240207
SHORT,1077,entry,sell,-1,1,742315,2024-02-07 05:36:00,5,336,0.00010162369325081739,-229.36,False,50.0,20240207
SHORT,1077,exit,buy,-1,1,742365,2024-02-07 06:26:00,6,386,0.00011143252282977059,-229.36,False,50.0,20240207
SHORT,1078,entry,sell,-1,1,742401,2024-02-07 07:02:00,7,422,0.00011249561705509513,-124.36,False,28.0,20240207
SHORT,1078,exit,buy,-1,1,742429,2024-02-07 07:30:00,7,450,0.00014389102595163504,-124.36,False,28.0,20240207
SHORT,1079,entry,sell,-1,1,742431,2024-02-07 07:32:00,7,452,0.0001427056689606365,-54.36,False,1.0,20240207
SHORT,1079,exit,buy,-1,1,742432,2024-02-07 07:33:00,7,453,0.00014361887008167913,-54.36,False,1.0,20240207
SHORT,1080,entry,sell,-1,1,742553,2024-02-07 09:34:00,9,574,0.00018567922239111738,-1119.36,False,40.0,20240207
SHORT,1080,exit,buy,-1,1,742593,2024-02-07 10:14:00,10,614,0.0003956483827589492,-1119.36,False,40.0,20240207
SHORT,1081,entry,sell,-1,1,743752,2024-02-08 06:33:00,6,393,0.00012262578237326926,-104.36,False,6.0,20240208
SHORT,1081,exit,buy,-1,1,743758,2024-02-08 06:39:00,6,399,0.0001226324946042845,-104.36,False,6.0,20240208
SHORT,1082,entry,sell,-1,1,745221,2024-02-09 08:03:00,8,483,9.79224257396809e-05,-124.36,False,1.0,20240209
SHORT,1082,exit,buy,-1,1,745222,2024-02-09 08:04:00,8,484,0.00010697619402472225,-124.36,False,1.0,20240209
SHORT,1083,entry,sell,-1,1,745226,2024-02-09 08:08:00,8,488,0.00010529173381385668,-44.36,False,13.0,20240209
SHORT,1083,exit,buy,-1,1,745239,2024-02-09 08:21:00,8,501,0.00010654638232189584,-44.36,False,13.0,20240209
SHORT,1084,entry,sell,-1,1,745249,2024-02-09 08:31:00,8,511,0.00011283754338145086,-399.36,False,1.0,20240209
SHORT,1084,exit,buy,-1,1,745250,2024-02-09 08:32:00,8,512,0.00016952063470725454,-399.36,False,1.0,20240209
SHORT,1085,entry,sell,-1,1,745307,2024-02-09 09:29:00,9,569,0.00028810301305039096,0.6399999999999997,True,1.0,20240209
SHORT,1085,exit,buy,-1,1,745308,2024-02-09 09:30:00,9,570,0.00028816410043879247,0.6399999999999997,True,1.0,20240209
SHORT,1086,entry,sell,-1,1,745309,2024-02-09 09:31:00,9,571,0.00029849137250026936,-914.36,False,29.0,20240209
SHORT,1086,exit,buy,-1,1,745338,2024-02-09 10:00:00,10,600,0.00024300225823164175,-914.36,False,29.0,20240209
SHORT,1087,entry,sell,-1,1,747010,2024-02-12 14:59:00,14,899,0.00031575629037093193,-709.36,False,12.0,20240212
SHORT,1087,exit,buy,-1,1,747022,2024-02-12 15:11:00,15,911,0.0003053085639287116,-709.36,False,12.0,20240212
SHORT,1088,entry,sell,-1,1,749450,2024-02-14 09:39:00,9,579,0.00021041237061461814,-1369.36,False,42.0,20240214
SHORT,1088,exit,buy,-1,1,749492,2024-02-14 10:21:00,10,621,0.00035730650644240727,-1369.36,False,42.0,20240214
SHORT,1089,entry,sell,-1,1,750847,2024-02-15 09:56:00,9,596,0.0003457726516480944,-874.36,False,152.0,20240215
SHORT,1089,exit,buy,-1,1,750999,2024-02-15 12:28:00,12,748,0.00023526770688786397,-874.36,False,152.0,20240215
SHORT,1090,entry,sell,-1,1,751431,2024-02-15 20:40:00,20,1240,8.207096698626376e-05,-479.36,False,138.0,20240216
SHORT,1090,exit,buy,-1,1,751569,2024-02-15 22:58:00,22,1378,4.838720639450799e-05,-479.36,False,138.0,20240216
SHORT,1091,entry,sell,-1,1,752142,2024-02-16 08:31:00,8,511,0.00029816732803009837,315.64,True,25.0,20240216
SHORT,1091,exit,buy,-1,1,752167,2024-02-16 08:56:00,8,536,0.00035283104988899323,315.64,True,25.0,20240216
SHORT,1092,entry,sell,-1,1,752196,2024-02-16 09:25:00,9,565,0.00036729135172276024,4045.64,True,435.0,20240216
SHORT,1092,exit,buy,-1,1,752631,2024-02-16 16:40:00,16,1000,0.0002220973003457932,4045.64,True,435.0,20240216
SHORT,1093,entry,sell,-1,1,753798,2024-02-19 18:07:00,18,1087,7.717359448297003e-05,595.64,True,134.0,20240220
SHORT,1093,exit,buy,-1,1,753932,2024-02-19 20:21:00,20,1221,0.0001251340743506298,595.64,True,134.0,20240220
SHORT,1094,entry,sell,-1,1,753946,2024-02-19 20:35:00,20,1235,0.00011128599214832028,800.64,True,280.0,20240220
SHORT,1094,exit,buy,-1,1,754226,2024-02-20 01:15:00,1,75,8.565580138442295e-05,800.64,True,280.0,20240220
SHORT,1095,entry,sell,-1,1,755293,2024-02-20 20:02:00,20,1202,0.00010056841539743916,-714.36,False,390.0,20240221
SHORT,1095,exit,buy,-1,1,755683,2024-02-21 02:32:00,2,152,0.00011668025423807557,-714.36,False,390.0,20240221
SHORT,1096,entry,sell,-1,1,755689,2024-02-21 02:38:00,2,158,0.00011358078551507022,-24.36,False,1.0,20240221
SHORT,1096,exit,buy,-1,1,755690,2024-02-21 02:39:00,2,159,0.00011291298468925035,-24.36,False,1.0,20240221
SHORT,1097,entry,sell,-1,1,755713,2024-02-21 03:02:00,3,182,0.00011308672391730565,270.64,True,11.0,20240221
SHORT,1097,exit,buy,-1,1,755724,2024-02-21 03:13:00,3,193,0.0001351419219212605,270.64,True,11.0,20240221
SHORT,1098,entry,sell,-1,1,755732,2024-02-21 03:21:00,3,201,0.0001431176205781781,150.64,True,756.0,20240221
SHORT,1098,exit,buy,-1,1,756488,2024-02-21 15:57:00,15,957,0.00032883300051055053,150.64,True,756.0,20240221
SHORT,1099,entry,sell,-1,1,756513,2024-02-21 16:22:00,16,982,0.0008186721903413162,-1594.36,False,2.0,20240221
SHORT,1099,exit,buy,-1,1,756515,2024-02-21 16:24:00,16,984,0.0009025219500245522,-1594.36,False,2.0,20240221
SHORT,1100,entry,sell,-1,1,757483,2024-02-22 09:32:00,9,572,0.00021470851178165889,-1229.36,False,14.0,20240222
SHORT,1100,exit,buy,-1,1,757497,2024-02-22 09:46:00,9,586,0.0003421618605493699,-1229.36,False,14.0,20240222
SHORT,1101,entry,sell,-1,1,758953,2024-02-23 11:02:00,11,662,0.0003926019020452863,575.64,True,19.0,20240223
SHORT,1101,exit,buy,-1,1,758972,2024-02-23 11:21:00,11,681,0.00046416832148715097,575.64,True,19.0,20240223
SHORT,1102,entry,sell,-1,1,759203,2024-02-23 15:12:00,15,912,0.0002547590814344025,-9.36,False,1.0,20240223
SHORT,1102,exit,buy,-1,1,759204,2024-02-23 15:13:00,15,913,0.00025304845144476923,-9.36,False,1.0,20240223
SHORT,1103,entry,sell,-1,1,759207,2024-02-23 15:16:00,15,916,0.0002587101378393079,-104.36,False,1.0,20240223
SHORT,1103,exit,buy,-1,1,759208,2024-02-23 15:17:00,15,917,0.00025942804571192955,-104.36,False,1.0,20240223
SHORT,1104,entry,sell,-1,1,759219,2024-02-23 15:28:00,15,928,0.0002401067390331311,-74.36,False,1.0,20240223
SHORT,1104,exit,buy,-1,1,759220,2024-02-23 15:29:00,15,929,0.0002370874532616093,-74.36,False,1.0,20240223
SHORT,1105,entry,sell,-1,1,759223,2024-02-23 15:32:00,15,932,0.00023871267514168987,-74.36,False,1.0,20240223
SHORT,1105,exit,buy,-1,1,759224,2024-02-23 15:33:00,15,933,0.00023683377311872682,-74.36,False,1.0,20240223
SHORT,1106,entry,sell,-1,1,762637,2024-02-28 03:26:00,3,206,0.00013436019481083932,-139.36,False,14.0,20240228
SHORT,1106,exit,buy,-1,1,762651,2024-02-28 03:40:00,3,220,0.00015468489375844116,-139.36,False,14.0,20240228
SHORT,1107,entry,sell,-1,1,762698,2024-02-28 04:27:00,4,267,0.0001727637587174396,610.64,True,60.0,20240228
SHORT,1107,exit,buy,-1,1,762758,2024-02-28 05:27:00,5,327,0.0002038554303128829,610.64,True,60.0,20240228
SHORT,1108,entry,sell,-1,1,762906,2024-02-28 07:55:00,7,475,0.00015423255171182737,-339.36,False,36.0,20240228
SHORT,1108,exit,buy,-1,1,762942,2024-02-28 08:31:00,8,511,0.00014798160817631876,-339.36,False,36.0,20240228
SHORT,1109,entry,sell,-1,1,762954,2024-02-28 08:43:00,8,523,0.00017086616210516562,-534.36,False,3.0,20240228
SHORT,1109,exit,buy,-1,1,762957,2024-02-28 08:46:00,8,526,0.00020063457927342395,-534.36,False,3.0,20240228
SHORT,1110,entry,sell,-1,1,763004,2024-02-28 09:33:00,9,573,0.00024278236625336805,-514.36,False,3.0,20240228
SHORT,1110,exit,buy,-1,1,763007,2024-02-28 09:36:00,9,576,0.0002988762553915752,-514.36,False,3.0,20240228
SHORT,1111,entry,sell,-1,1,763022,2024-02-28 09:51:00,9,591,0.00032629660480029015,-834.36,False,68.0,20240228
SHORT,1111,exit,buy,-1,1,763090,2024-02-28 10:59:00,10,659,0.0002730517534479321,-834.36,False,68.0,20240228
SHORT,1112,entry,sell,-1,1,764425,2024-02-29 10:14:00,10,614,0.00039203719423788275,-674.36,False,9.0,20240229
SHORT,1112,exit,buy,-1,1,764434,2024-02-29 10:23:00,10,623,0.0004137790432285314,-674.36,False,9.0,20240229
SHORT,1113,entry,sell,-1,1,764473,2024-02-29 11:02:00,11,662,0.0004132044017323894,-494.36,False,14.0,20240229
SHORT,1113,exit,buy,-1,1,764487,2024-02-29 11:16:00,11,676,0.00033246568355465504,-494.36,False,14.0,20240229
SHORT,1114,entry,sell,-1,1,764502,2024-02-29 11:31:00,11,691,0.00033887478593942457,560.64,True,17.0,20240229
SHORT,1114,exit,buy,-1,1,764519,2024-02-29 11:48:00,11,708,0.000424770904613812,560.64,True,17.0,20240229
SHORT,1115,entry,sell,-1,1,769908,2024-03-06 09:37:00,9,577,0.00026348770055184805,465.64,True,423.0,20240306
SHORT,1115,exit,buy,-1,1,770331,2024-03-06 16:40:00,16,1000,0.00031699514063312877,465.64,True,423.0,20240306
SHORT,1116,entry,sell,-1,1,771297,2024-03-07 09:46:00,9,586,0.0003087981735383882,-814.36,False,6.0,20240307
SHORT,1116,exit,buy,-1,1,771303,2024-03-07 09:52:00,9,592,0.00037368437669153945,-814.36,False,6.0,20240307
SHORT,1117,entry,sell,-1,1,772533,2024-03-08 07:22:00,7,442,0.00017930706637641876,-349.36,False,53.0,20240308
SHORT,1117,exit,buy,-1,1,772586,2024-03-08 08:15:00,8,495,0.00021796906492163948,-349.36,False,53.0,20240308
SHORT,1118,entry,sell,-1,1,772663,2024-03-08 09:32:00,9,572,0.0004281950951457833,-99.36,False,1.0,20240308
SHORT,1118,exit,buy,-1,1,772664,2024-03-08 09:33:00,9,573,0.00040202768933026545,-99.36,False,1.0,20240308
SHORT,1119,entry,sell,-1,1,772669,2024-03-08 09:38:00,9,578,0.0004438740336656468,-1304.36,False,12.0,20240308
SHORT,1119,exit,buy,-1,1,772681,2024-03-08 09:50:00,9,590,0.0004989927109920516,-1304.36,False,12.0,20240308
SHORT,1120,entry,sell,-1,1,775362,2024-03-12 08:31:00,8,511,0.00034137683883800584,-1444.36,False,2.0,20240312
SHORT,1120,exit,buy,-1,1,775364,2024-03-12 08:33:00,8,513,0.0004963421709172021,-1444.36,False,2.0,20240312
SHORT,1121,entry,sell,-1,1,776747,2024-03-13 08:36:00,8,516,0.00015542676280522096,60.64,True,3.0,20240313
SHORT,1121,exit,buy,-1,1,776750,2024-03-13 08:39:00,8,519,0.00016421062842108064,60.64,True,3.0,20240313
SHORT,1122,entry,sell,-1,1,776803,2024-03-13 09:32:00,9,572,0.00023062590656962908,880.64,True,428.0,20240313
SHORT,1122,exit,buy,-1,1,777231,2024-03-13 16:40:00,16,1000,0.00026356843200885127,880.64,True,428.0,20240313
SHORT,1123,entry,sell,-1,1,778123,2024-03-14 08:32:00,8,512,0.0002103836469454388,5.64,True,1.0,20240314
SHORT,1123,exit,buy,-1,1,778124,2024-03-14 08:33:00,8,513,0.0002102554132147133,5.64,True,1.0,20240314
SHORT,1124,entry,sell,-1,1,778200,2024-03-14 09:49:00,9,589,0.0004536558781239537,-149.36,False,23.0,20240314
SHORT,1124,exit,buy,-1,1,778223,2024-03-14 10:12:00,10,612,0.0005845847653569989,-149.36,False,23.0,20240314
SHORT,1125,entry,sell,-1,1,778232,2024-03-14 10:21:00,10,621,0.0005874652809990921,-689.36,False,9.0,20240314
SHORT,1125,exit,buy,-1,1,778241,2024-03-14 10:30:00,10,630,0.0006291154075610286,-689.36,False,9.0,20240314
SHORT,1126,entry,sell,-1,1,778252,2024-03-14 10:41:00,10,641,0.000617285103992247,955.64,True,316.0,20240314
SHORT,1126,exit,buy,-1,1,778568,2024-03-14 15:57:00,15,957,0.0003881916121589181,955.64,True,316.0,20240314
SHORT,1127,entry,sell,-1,1,779031,2024-03-15 00:40:00,0,40,7.141120624606517e-05,-464.36,False,212.0,20240315
SHORT,1127,exit,buy,-1,1,779243,2024-03-15 04:12:00,4,252,0.00016023137870200283,-464.36,False,212.0,20240315
SHORT,1128,entry,sell,-1,1,779471,2024-03-15 08:00:00,8,480,0.00015015707340834165,145.64,True,1.0,20240315
SHORT,1128,exit,buy,-1,1,779472,2024-03-15 08:01:00,8,481,0.00015215061720426015,145.64,True,1.0,20240315
SHORT,1129,entry,sell,-1,1,779473,2024-03-15 08:02:00,8,482,0.00015093353417675774,4085.64,True,518.0,20240315
SHORT,1129,exit,buy,-1,1,779991,2024-03-15 16:40:00,16,1000,0.0002246965149032673,4085.64,True,518.0,20240315
SHORT,1130,entry,sell,-1,1,782329,2024-03-19 09:38:00,9,578,0.00029910871007105726,125.64,True,14.0,20240319
SHORT,1130,exit,buy,-1,1,782343,2024-03-19 09:52:00,9,592,0.00034759302786404434,125.64,True,14.0,20240319
SHORT,1131,entry,sell,-1,1,782988,2024-03-19 21:37:00,21,1297,8.095946226375131e-05,-344.36,False,286.0,20240320
SHORT,1131,exit,buy,-1,1,783274,2024-03-20 02:23:00,2,143,7.393996973034485e-05,-344.36,False,286.0,20240320
SHORT,1132,entry,sell,-1,1,783712,2024-03-20 09:41:00,9,581,0.0002488917106285149,180.64,True,39.0,20240320
SHORT,1132,exit,buy,-1,1,783751,2024-03-20 10:20:00,10,620,0.0003214747277720278,180.64,True,39.0,20240320
SHORT,1133,entry,sell,-1,1,784820,2024-03-21 05:09:00,5,309,0.00017938211664161023,-344.36,False,113.0,20240321
SHORT,1133,exit,buy,-1,1,784933,2024-03-21 07:02:00,7,422,9.890569128265783e-05,-344.36,False,113.0,20240321
SHORT,1134,entry,sell,-1,1,785085,2024-03-21 09:34:00,9,574,0.00021797982447331832,1760.64,True,426.0,20240321
SHORT,1134,exit,buy,-1,1,785511,2024-03-21 16:40:00,16,1000,0.00018832691203573242,1760.64,True,426.0,20240321
SHORT,1135,entry,sell,-1,1,787853,2024-03-25 09:42:00,9,582,0.00022072816065361498,-389.36,False,5.0,20240325
SHORT,1135,exit,buy,-1,1,787858,2024-03-25 09:47:00,9,587,0.0002465130424629876,-389.36,False,5.0,20240325
SHORT,1136,entry,sell,-1,1,789597,2024-03-26 15:46:00,15,946,0.00023629646544118913,650.64,True,11.0,20240326
SHORT,1136,exit,buy,-1,1,789608,2024-03-26 15:57:00,15,957,0.0002614918706991046,650.64,True,11.0,20240326
SHORT,1137,entry,sell,-1,1,789609,2024-03-26 15:58:00,15,958,0.000263630721095464,-469.36,False,3.0,20240326
SHORT,1137,exit,buy,-1,1,789612,2024-03-26 16:01:00,16,961,0.0002908860243805826,-469.36,False,3.0,20240326
SHORT,1138,entry,sell,-1,1,790604,2024-03-27 09:33:00,9,573,0.0001622307891905205,1720.64,True,289.0,20240327
SHORT,1138,exit,buy,-1,1,790893,2024-03-27 14:22:00,14,862,0.0001807608075767629,1720.64,True,289.0,20240327
SHORT,1139,entry,sell,-1,1,791057,2024-03-27 18:07:00,18,1087,0.00011284424359745637,-9.36,False,57.0,20240328
SHORT,1139,exit,buy,-1,1,791114,2024-03-27 19:04:00,19,1144,0.0001161469072022118,-9.36,False,57.0,20240328
SHORT,1140,entry,sell,-1,1,791118,2024-03-27 19:08:00,19,1148,9.708610209538842e-05,-44.36,False,6.0,20240328
SHORT,1140,exit,buy,-1,1,791124,2024-03-27 19:14:00,19,1154,9.694567675433848e-05,-44.36,False,6.0,20240328
SHORT,1141,entry,sell,-1,1,791126,2024-03-27 19:16:00,19,1156,9.385863477221647e-05,20.64,True,1.0,20240328
SHORT,1141,exit,buy,-1,1,791127,2024-03-27 19:17:00,19,1157,9.488844989824578e-05,20.64,True,1.0,20240328
SHORT,1142,entry,sell,-1,1,791162,2024-03-27 19:52:00,19,1192,7.808326016723889e-05,-134.36,False,11.0,20240328
SHORT,1142,exit,buy,-1,1,791173,2024-03-27 20:03:00,20,1203,7.394884860964763e-05,-134.36,False,11.0,20240328
SHORT,1143,entry,sell,-1,1,793468,2024-04-01 11:18:00,11,678,0.00035174995153852635,-319.36,False,6.0,20240401
SHORT,1143,exit,buy,-1,1,793474,2024-04-01 11:24:00,11,684,0.00032883958143859485,-319.36,False,6.0,20240401
SHORT,1144,entry,sell,-1,1,793909,2024-04-01 19:39:00,19,1179,8.845102000276939e-05,-519.36,False,198.0,20240402
SHORT,1144,exit,buy,-1,1,794107,2024-04-01 22:57:00,22,1377,7.997384310827073e-05,-519.36,False,198.0,20240402
SHORT,1145,entry,sell,-1,1,794571,2024-04-02 06:41:00,6,401,0.00018354650884977341,1795.64,True,556.0,20240402
SHORT,1145,exit,buy,-1,1,795127,2024-04-02 15:57:00,15,957,0.0002499833813411771,1795.64,True,556.0,20240402
SHORT,1146,entry,sell,-1,1,795322,2024-04-02 20:12:00,20,1212,7.714433555155844e-05,350.64,True,410.0,20240403
SHORT,1146,exit,buy,-1,1,795732,2024-04-03 03:02:00,3,182,0.00013920255758946765,350.64,True,410.0,20240403
SHORT,1147,entry,sell,-1,1,795736,2024-04-03 03:06:00,3,186,0.0001681044011025473,-309.36,False,32.0,20240403
SHORT,1147,exit,buy,-1,1,795768,2024-04-03 03:38:00,3,218,0.000189593101317279,-309.36,False,32.0,20240403
SHORT,1148,entry,sell,-1,1,795780,2024-04-03 03:50:00,3,230,0.00021123152770345934,-269.36,False,42.0,20240403
SHORT,1148,exit,buy,-1,1,795822,2024-04-03 04:32:00,4,272,0.00020050118858253176,-269.36,False,42.0,20240403
SHORT,1149,entry,sell,-1,1,795878,2024-04-03 05:28:00,5,328,0.00014108511175306743,-104.36,False,95.0,20240403
SHORT,1149,exit,buy,-1,1,795973,2024-04-03 07:03:00,7,423,0.00013987616988665332,-104.36,False,95.0,20240403
SHORT,1150,entry,sell,-1,1,796055,2024-04-03 08:25:00,8,505,0.000197082345865387,565.64,True,67.0,20240403
SHORT,1150,exit,buy,-1,1,796122,2024-04-03 09:32:00,9,572,0.00022676500302045298,565.64,True,67.0,20240403
SHORT,1151,entry,sell,-1,1,797603,2024-04-04 11:13:00,11,673,0.0002199202937700244,-974.36,False,47.0,20240404
SHORT,1151,exit,buy,-1,1,797650,2024-04-04 12:00:00,12,720,0.0001824189220597983,-974.36,False,47.0,20240404
SHORT,1152,entry,sell,-1,1,797758,2024-04-04 13:48:00,13,828,0.00015053064323994905,8780.64,True,172.0,20240404
SHORT,1152,exit,buy,-1,1,797930,2024-04-04 16:40:00,16,1000,0.0003908937910164541,8780.64,True,172.0,20240404
SHORT,1153,entry,sell,-1,1,800263,2024-04-08 09:33:00,9,573,0.0002583895257690568,550.64,True,10.0,20240408
SHORT,1153,exit,buy,-1,1,800273,2024-04-08 09:43:00,9,583,0.00036435423728260584,550.64,True,10.0,20240408
SHORT,1154,entry,sell,-1,1,801307,2024-04-09 03:57:00,3,237,0.00016723702283163666,-299.36,False,6.0,20240409
SHORT,1154,exit,buy,-1,1,801313,2024-04-09 04:03:00,4,243,0.0001809786335486279,-299.36,False,6.0,20240409
SHORT,1155,entry,sell,-1,1,801470,2024-04-09 06:40:00,6,400,0.00019788812947516487,-289.36,False,9.0,20240409
SHORT,1155,exit,buy,-1,1,801479,2024-04-09 06:49:00,6,409,0.00019307086737647841,-289.36,False,9.0,20240409
SHORT,1156,entry,sell,-1,1,801645,2024-04-09 09:35:00,9,575,0.0002915580832330574,-929.36,False,6.0,20240409
SHORT,1156,exit,buy,-1,1,801651,2024-04-09 09:41:00,9,581,0.0003308770839514221,-929.36,False,6.0,20240409
SHORT,1157,entry,sell,-1,1,802960,2024-04-10 08:31:00,8,511,0.0015199631931630939,230.64,True,3.0,20240410
SHORT,1157,exit,buy,-1,1,802963,2024-04-10 08:34:00,8,514,0.0015645805285986988,230.64,True,3.0,20240410
SHORT,1158,entry,sell,-1,1,802965,2024-04-10 08:36:00,8,516,0.001569890104372257,-44.36,False,11.0,20240410
SHORT,1158,exit,buy,-1,1,802976,2024-04-10 08:47:00,8,527,0.0016369206953500426,-44.36,False,11.0,20240410
SHORT,1159,entry,sell,-1,1,802987,2024-04-10 08:58:00,8,538,0.0016523945392966561,-764.36,False,21.0,20240410
SHORT,1159,exit,buy,-1,1,803008,2024-04-10 09:19:00,9,559,0.0016825170781507564,-764.36,False,21.0,20240410
SHORT,1160,entry,sell,-1,1,804302,2024-04-11 07:53:00,7,473,0.00020372284732844627,-439.36,False,15.0,20240411
SHORT,1160,exit,buy,-1,1,804317,2024-04-11 08:08:00,8,488,0.00021803096149583854,-439.36,False,15.0,20240411
SHORT,1161,entry,sell,-1,1,804402,2024-04-11 09:33:00,9,573,0.0004319547754937311,-124.36,False,1.0,20240411
SHORT,1161,exit,buy,-1,1,804403,2024-04-11 09:34:00,9,574,0.0004326525045434462,-124.36,False,1.0,20240411
SHORT,1162,entry,sell,-1,1,804437,2024-04-11 10:08:00,10,608,0.0004938400521747581,-264.36,False,24.0,20240411
SHORT,1162,exit,buy,-1,1,804461,2024-04-11 10:32:00,10,632,0.0005391695884071387,-264.36,False,24.0,20240411
SHORT,1163,entry,sell,-1,1,805517,2024-04-12 05:09:00,5,309,0.00016175595563083952,650.64,True,155.0,20240412
SHORT,1163,exit,buy,-1,1,805672,2024-04-12 07:44:00,7,464,0.0002587983647982326,650.64,True,155.0,20240412
SHORT,1164,entry,sell,-1,1,805710,2024-04-12 08:22:00,8,502,0.0001822849041058318,1770.64,True,70.0,20240412
SHORT,1164,exit,buy,-1,1,805780,2024-04-12 09:32:00,9,572,0.00029051131756444086,1770.64,True,70.0,20240412
SHORT,1165,entry,sell,-1,1,807161,2024-04-15 09:33:00,9,573,0.0002950188889309576,-534.36,False,22.0,20240415
SHORT,1165,exit,buy,-1,1,807183,2024-04-15 09:55:00,9,595,0.0003607851884014638,-534.36,False,22.0,20240415
SHORT,1166,entry,sell,-1,1,807184,2024-04-15 09:56:00,9,596,0.0003623468608467242,9185.64,True,404.0,20240415
SHORT,1166,exit,buy,-1,1,807588,2024-04-15 16:40:00,16,1000,0.00022883955158249322,9185.64,True,404.0,20240415
SHORT,1167,entry,sell,-1,1,809472,2024-04-17 02:04:00,2,124,0.0002530553145467707,-329.36,False,6.0,20240417
SHORT,1167,exit,buy,-1,1,809478,2024-04-17 02:10:00,2,130,0.00026603372842496926,-329.36,False,6.0,20240417
SHORT,1168,entry,sell,-1,1,809485,2024-04-17 02:17:00,2,137,0.0002779683566244,-344.36,False,7.0,20240417
SHORT,1168,exit,buy,-1,1,809492,2024-04-17 02:24:00,2,144,0.00029211543370611943,-344.36,False,7.0,20240417
SHORT,1169,entry,sell,-1,1,809930,2024-04-17 09:42:00,9,582,0.00034550352083931166,1200.64,True,67.0,20240417
SHORT,1169,exit,buy,-1,1,809997,2024-04-17 10:49:00,10,649,0.00043450907163019757,1200.64,True,67.0,20240417
SHORT,1170,entry,sell,-1,1,810000,2024-04-17 10:52:00,10,652,0.00045891754870375294,-599.36,False,10.0,20240417
SHORT,1170,exit,buy,-1,1,810010,2024-04-17 11:02:00,11,662,0.0005059817927871693,-599.36,False,10.0,20240417
SHORT,1171,entry,sell,-1,1,810023,2024-04-17 11:15:00,11,675,0.0004834839321199128,2600.64,True,109.0,20240417
SHORT,1171,exit,buy,-1,1,810132,2024-04-17 13:04:00,13,784,0.00045347084919946995,2600.64,True,109.0,20240417
SHORT,1172,entry,sell,-1,1,814115,2024-04-22 10:27:00,10,627,0.0005487516350154944,-584.36,False,70.0,20240422
SHORT,1172,exit,buy,-1,1,814185,2024-04-22 11:37:00,11,697,0.0003258613427513342,-584.36,False,70.0,20240422
SHORT,1173,entry,sell,-1,1,814239,2024-04-22 12:31:00,12,751,0.0003123765978754282,-779.36,False,33.0,20240422
SHORT,1173,exit,buy,-1,1,814272,2024-04-22 13:04:00,13,784,0.00030843041249395674,-779.36,False,33.0,20240422
SHORT,1174,entry,sell,-1,1,816574,2024-04-24 05:26:00,5,326,0.00016433131763721995,-229.36,False,47.0,20240424
SHORT,1174,exit,buy,-1,1,816621,2024-04-24 06:13:00,6,373,0.00014452702473279294,-229.36,False,47.0,20240424
SHORT,1175,entry,sell,-1,1,816777,2024-04-24 08:49:00,8,529,0.0002068971995372674,-99.36,False,4.0,20240424
SHORT,1175,exit,buy,-1,1,816781,2024-04-24 08:53:00,8,533,0.00020447030560343907,-99.36,False,4.0,20240424
SHORT,1176,entry,sell,-1,1,816782,2024-04-24 08:54:00,8,534,0.00020443498828870088,185.64,True,12.0,20240424
SHORT,1176,exit,buy,-1,1,816794,2024-04-24 09:06:00,9,546,0.0002200441845020034,185.64,True,12.0,20240424
SHORT,1177,entry,sell,-1,1,816800,2024-04-24 09:12:00,9,552,0.00022394436392337395,90.64,True,1.0,20240424
SHORT,1177,exit,buy,-1,1,816801,2024-04-24 09:13:00,9,553,0.00022535236542309053,90.64,True,1.0,20240424
SHORT,1178,entry,sell,-1,1,816802,2024-04-24 09:14:00,9,554,0.0002247113299002893,-14.36,False,4.0,20240424
SHORT,1178,exit,buy,-1,1,816806,2024-04-24 09:18:00,9,558,0.00022517533411454033,-14.36,False,4.0,20240424
SHORT,1179,entry,sell,-1,1,816931,2024-04-24 11:23:00,11,683,0.00030873785954237235,85.64,True,1.0,20240424
SHORT,1179,exit,buy,-1,1,816932,2024-04-24 11:24:00,11,684,0.00030930269627285926,85.64,True,1.0,20240424
SHORT,1180,entry,sell,-1,1,816933,2024-04-24 11:25:00,11,685,0.0003128979851929288,-469.36,False,3.0,20240424
SHORT,1180,exit,buy,-1,1,816936,2024-04-24 11:28:00,11,688,0.00033205735396742674,-469.36,False,3.0,20240424
SHORT,1181,entry,sell,-1,1,816952,2024-04-24 11:44:00,11,704,0.0003506124302360742,-719.36,False,253.0,20240424
SHORT,1181,exit,buy,-1,1,817205,2024-04-24 15:57:00,15,957,0.000281275233746984,-719.36,False,253.0,20240424
SHORT,1182,entry,sell,-1,1,817214,2024-04-24 16:06:00,16,966,0.0008250294414715553,955.64,True,34.0,20240424
SHORT,1182,exit,buy,-1,1,817248,2024-04-24 16:40:00,16,1000,0.0008816017218494099,955.64,True,34.0,20240424
SHORT,1183,entry,sell,-1,1,818654,2024-04-25 18:06:00,18,1086,0.0003515852591334824,-624.36,False,865.0,20240426
SHORT,1183,exit,buy,-1,1,819519,2024-04-26 08:31:00,8,511,0.0005095103988765506,-624.36,False,865.0,20240426
SHORT,1184,entry,sell,-1,1,819522,2024-04-26 08:34:00,8,514,0.0005406272641128171,150.64,True,27.0,20240426
SHORT,1184,exit,buy,-1,1,819549,2024-04-26 09:01:00,9,541,0.0006960503817006813,150.64,True,27.0,20240426
SHORT,1185,entry,sell,-1,1,819555,2024-04-26 09:07:00,9,547,0.0007002891323434264,-339.36,False,28.0,20240426
SHORT,1185,exit,buy,-1,1,819583,2024-04-26 09:35:00,9,575,0.0006164766258451735,-339.36,False,28.0,20240426
SHORT,1186,entry,sell,-1,1,819987,2024-04-26 16:19:00,16,979,0.00018863273280819064,100.64,True,9.0,20240426
SHORT,1186,exit,buy,-1,1,819996,2024-04-26 16:28:00,16,988,0.00018028439565793747,100.64,True,9.0,20240426
SHORT,1187,entry,sell,-1,1,820973,2024-04-29 09:45:00,9,585,0.0003282899989789219,-199.36,False,2.0,20240429
SHORT,1187,exit,buy,-1,1,820975,2024-04-29 09:47:00,9,587,0.0003325361198075195,-199.36,False,2.0,20240429
SHORT,1188,entry,sell,-1,1,820983,2024-04-29 09:55:00,9,595,0.00035328576715417943,-524.36,False,4.0,20240429
SHORT,1188,exit,buy,-1,1,820987,2024-04-29 09:59:00,9,599,0.0003726621060343155,-524.36,False,4.0,20240429
SHORT,1189,entry,sell,-1,1,821867,2024-04-30 01:39:00,1,99,7.673407896758162e-05,-209.36,False,13.0,20240430
SHORT,1189,exit,buy,-1,1,821880,2024-04-30 01:52:00,1,112,9.095383744759926e-05,-209.36,False,13.0,20240430
SHORT,1190,entry,sell,-1,1,822280,2024-04-30 08:32:00,8,512,0.00045730525447559085,-24.36,False,7.0,20240430
SHORT,1190,exit,buy,-1,1,822287,2024-04-30 08:39:00,8,519,0.00048016422420385664,-24.36,False,7.0,20240430
SHORT,1191,entry,sell,-1,1,822288,2024-04-30 08:40:00,8,520,0.0004799107495658346,-469.36,False,13.0,20240430
SHORT,1191,exit,buy,-1,1,822301,2024-04-30 08:53:00,8,533,0.0004994273756765973,-469.36,False,13.0,20240430
SHORT,1192,entry,sell,-1,1,822312,2024-04-30 09:04:00,9,544,0.0005046976538662689,-379.36,False,7.0,20240430
SHORT,1192,exit,buy,-1,1,822319,2024-04-30 09:11:00,9,551,0.0005172512106720386,-379.36,False,7.0,20240430
SHORT,1193,entry,sell,-1,1,822347,2024-04-30 09:39:00,9,579,0.00026413525587167897,-619.36,False,2.0,20240430
SHORT,1193,exit,buy,-1,1,822349,2024-04-30 09:41:00,9,581,0.0002922253655840202,-619.36,False,2.0,20240430
SHORT,1194,entry,sell,-1,1,822798,2024-04-30 18:10:00,18,1090,0.0004961007967140321,-364.36,False,28.0,20240501
SHORT,1194,exit,buy,-1,1,822826,2024-04-30 18:38:00,18,1118,0.0001982547859422246,-364.36,False,28.0,20240501
SHORT,1195,entry,sell,-1,1,822828,2024-04-30 18:40:00,18,1120,0.00019778486492837748,-154.36,False,30.0,20240501
SHORT,1195,exit,buy,-1,1,822858,2024-04-30 19:10:00,19,1150,0.00014008297349904226,-154.36,False,30.0,20240501
SHORT,1196,entry,sell,-1,1,822859,2024-04-30 19:11:00,19,1151,0.0001404847653483427,-119.36,False,2.0,20240501
SHORT,1196,exit,buy,-1,1,822861,2024-04-30 19:13:00,19,1153,0.00013773462943556149,-119.36,False,2.0,20240501
SHORT,1197,entry,sell,-1,1,822863,2024-04-30 19:15:00,19,1155,0.00013970282783269376,-129.36,False,46.0,20240501
SHORT,1197,exit,buy,-1,1,822909,2024-04-30 20:01:00,20,1201,0.00013398615594311872,-129.36,False,46.0,20240501
SHORT,1198,entry,sell,-1,1,822945,2024-04-30 20:37:00,20,1237,0.00012498628686348677,10.64,True,1.0,20240501
SHORT,1198,exit,buy,-1,1,822946,2024-04-30 20:38:00,20,1238,0.0001249745021988488,10.64,True,1.0,20240501
SHORT,1199,entry,sell,-1,1,822956,2024-04-30 20:48:00,20,1248,0.00012075136109034535,-209.36,False,5.0,20240501
SHORT,1199,exit,buy,-1,1,822961,2024-04-30 20:53:00,20,1253,0.00012065942311862659,-209.36,False,5.0,20240501
SHORT,1200,entry,sell,-1,1,822970,2024-04-30 21:02:00,21,1262,0.00011931454791030911,25.64,True,1.0,20240501
SHORT,1200,exit,buy,-1,1,822971,2024-04-30 21:03:00,21,1263,0.00011931454791030911,25.64,True,1.0,20240501
SHORT,1201,entry,sell,-1,1,822988,2024-04-30 21:20:00,21,1280,0.00011449534539874936,-279.36,False,105.0,20240501
SHORT,1201,exit,buy,-1,1,823093,2024-04-30 23:05:00,23,1385,7.51554391066142e-05,-279.36,False,105.0,20240501
SHORT,1202,entry,sell,-1,1,823094,2024-04-30 23:06:00,23,1386,7.53011480058045e-05,-84.36,False,50.0,20240501
SHORT,1202,exit,buy,-1,1,823144,2024-04-30 23:56:00,23,1436,7.417371433923496e-05,-84.36,False,50.0,20240501
SHORT,1203,entry,sell,-1,1,825116,2024-05-02 09:49:00,9,589,0.00037460210059814193,-374.36,False,8.0,20240502
SHORT,1203,exit,buy,-1,1,825124,2024-05-02 09:57:00,9,597,0.0003952222763942976,-374.36,False,8.0,20240502
SHORT,1204,entry,sell,-1,1,825128,2024-05-02 10:01:00,10,601,0.0004076622318078856,1005.64,True,13.0,20240502
SHORT,1204,exit,buy,-1,1,825141,2024-05-02 10:14:00,10,614,0.0005947143562269585,1005.64,True,13.0,20240502
SHORT,1205,entry,sell,-1,1,825170,2024-05-02 10:43:00,10,643,0.0006508517063133709,-979.36,False,14.0,20240502
SHORT,1205,exit,buy,-1,1,825184,2024-05-02 10:57:00,10,657,0.0006470645335119142,-979.36,False,14.0,20240502
SHORT,1206,entry,sell,-1,1,825265,2024-05-02 12:18:00,12,738,0.00032210897123718794,-894.36,False,49.0,20240502
SHORT,1206,exit,buy,-1,1,825314,2024-05-02 13:07:00,13,787,0.00033545934041297757,-894.36,False,49.0,20240502
SHORT,1207,entry,sell,-1,1,826479,2024-05-03 09:32:00,9,572,0.0003490805380839041,-1254.36,False,15.0,20240503
SHORT,1207,exit,buy,-1,1,826494,2024-05-03 09:47:00,9,587,0.0003044942626899496,-1254.36,False,15.0,20240503
SHORT,1208,entry,sell,-1,1,826520,2024-05-03 10:13:00,10,613,0.0004951651940391071,-539.36,False,16.0,20240503
SHORT,1208,exit,buy,-1,1,826536,2024-05-03 10:29:00,10,629,0.0006139664842125971,-539.36,False,16.0,20240503
SHORT,1209,entry,sell,-1,1,827066,2024-05-05 20:19:00,20,1219,9.919540062024857e-05,-324.36,False,375.0,20240506
SHORT,1209,exit,buy,-1,1,827441,2024-05-06 02:34:00,2,154,9.210904389592317e-05,-324.36,False,375.0,20240506
SHORT,1210,entry,sell,-1,1,827491,2024-05-06 03:24:00,3,204,8.5265850423661e-05,-159.36,False,15.0,20240506
SHORT,1210,exit,buy,-1,1,827506,2024-05-06 03:39:00,3,219,8.665143985861343e-05,-159.36,False,15.0,20240506
SHORT,1211,entry,sell,-1,1,827518,2024-05-06 03:51:00,3,231,0.0001048468847308834,-164.36,False,21.0,20240506
SHORT,1211,exit,buy,-1,1,827539,2024-05-06 04:12:00,4,252,0.00012429128578491953,-164.36,False,21.0,20240506
SHORT,1212,entry,sell,-1,1,830536,2024-05-08 08:12:00,8,492,0.00014107389371549416,710.64,True,49.0,20240508
SHORT,1212,exit,buy,-1,1,830585,2024-05-08 09:01:00,9,541,0.0002244455868519949,710.64,True,49.0,20240508
SHORT,1213,entry,sell,-1,1,832002,2024-05-09 09:40:00,9,580,0.00019273504831811075,550.64,True,11.0,20240509
SHORT,1213,exit,buy,-1,1,832013,2024-05-09 09:51:00,9,591,0.0002616993070340775,550.64,True,11.0,20240509
SHORT,1214,entry,sell,-1,1,833338,2024-05-10 08:56:00,8,536,0.00013017705149469933,-369.36,False,25.0,20240510
SHORT,1214,exit,buy,-1,1,833363,2024-05-10 09:21:00,9,561,0.00014716472530665992,-369.36,False,25.0,20240510
SHORT,1215,entry,sell,-1,1,833433,2024-05-10 10:31:00,10,631,0.00041146786091148945,-259.36,False,200.0,20240510
SHORT,1215,exit,buy,-1,1,833633,2024-05-10 13:51:00,13,831,0.0001869741996602909,-259.36,False,200.0,20240510
SHORT,1216,entry,sell,-1,1,834758,2024-05-13 09:36:00,9,576,0.00020840415517341587,555.64,True,18.0,20240513
SHORT,1216,exit,buy,-1,1,834776,2024-05-13 09:54:00,9,594,0.00026893322838457786,555.64,True,18.0,20240513
SHORT,1217,entry,sell,-1,1,836074,2024-05-14 08:32:00,8,512,0.0005047165026259856,-619.36,False,1.0,20240514
SHORT,1217,exit,buy,-1,1,836075,2024-05-14 08:33:00,8,513,0.0005446428746280398,-619.36,False,1.0,20240514
SHORT,1218,entry,sell,-1,1,836104,2024-05-14 09:02:00,9,542,0.0005862389696158003,-294.36,False,9.0,20240514
SHORT,1218,exit,buy,-1,1,836113,2024-05-14 09:11:00,9,551,0.0005890000866604392,-294.36,False,9.0,20240514
SHORT,1219,entry,sell,-1,1,837533,2024-05-15 09:51:00,9,591,0.000319633668349642,-819.36,False,10.0,20240515
SHORT,1219,exit,buy,-1,1,837543,2024-05-15 10:01:00,10,601,0.0003324036550773209,-819.36,False,10.0,20240515
SHORT,1220,entry,sell,-1,1,844233,2024-05-22 06:34:00,6,394,0.00010282844982345846,-244.36,False,10.0,20240522
SHORT,1220,exit,buy,-1,1,844243,2024-05-22 06:44:00,6,404,0.00010255282515447389,-244.36,False,10.0,20240522
SHORT,1221,entry,sell,-1,1,844827,2024-05-22 16:28:00,16,988,0.0007681007005773649,-44.36,False,12.0,20240522
SHORT,1221,exit,buy,-1,1,844839,2024-05-22 16:40:00,16,1000,0.0007718629396920851,-44.36,False,12.0,20240522
SHORT,1222,entry,sell,-1,1,845792,2024-05-23 09:33:00,9,573,0.00018906015696953848,1435.64,True,28.0,20240523
SHORT,1222,exit,buy,-1,1,845820,2024-05-23 10:01:00,10,601,0.00035226372343237386,1435.64,True,28.0,20240523
SHORT,1223,entry,sell,-1,1,848761,2024-05-27 18:02:00,18,1082,0.00011233298670494969,570.64,True,206.0,20240528
SHORT,1223,exit,buy,-1,1,848967,2024-05-27 21:28:00,21,1288,8.322750408193156e-05,570.64,True,206.0,20240528
SHORT,1224,entry,sell,-1,1,849216,2024-05-28 01:37:00,1,97,4.7186011124941224e-05,-139.36,False,58.0,20240528
SHORT,1224,exit,buy,-1,1,849274,2024-05-28 02:35:00,2,155,8.682937584347595e-05,-139.36,False,58.0,20240528
SHORT,1225,entry,sell,-1,1,849313,2024-05-28 03:14:00,3,194,0.00010268264655167386,-79.36,False,49.0,20240528
SHORT,1225,exit,buy,-1,1,849362,2024-05-28 04:03:00,4,243,0.00013183312657514493,-79.36,False,49.0,20240528
SHORT,1226,entry,sell,-1,1,849493,2024-05-28 06:14:00,6,374,8.369536095427175e-05,515.64,True,62.0,20240528
SHORT,1226,exit,buy,-1,1,849555,2024-05-28 07:16:00,7,436,0.0001667367237963518,515.64,True,62.0,20240528
SHORT,1227,entry,sell,-1,1,849561,2024-05-28 07:22:00,7,442,0.00016534241966585886,-264.36,False,32.0,20240528
SHORT,1227,exit,buy,-1,1,849593,2024-05-28 07:54:00,7,474,0.0001435768046209217,-264.36,False,32.0,20240528
SHORT,1228,entry,sell,-1,1,849644,2024-05-28 08:45:00,8,525,0.0001296292571901617,140.64,True,3.0,20240528
SHORT,1228,exit,buy,-1,1,849647,2024-05-28 08:48:00,8,528,0.0001341229415948036,140.64,True,3.0,20240528
SHORT,1229,entry,sell,-1,1,849696,2024-05-28 09:37:00,9,577,0.00022140879186739837,-219.36,False,5.0,20240528
SHORT,1229,exit,buy,-1,1,849701,2024-05-28 09:42:00,9,582,0.0002524182392399143,-219.36,False,5.0,20240528
SHORT,1230,entry,sell,-1,1,849705,2024-05-28 09:46:00,9,586,0.0002935099952420938,-1254.36,False,160.0,20240528
SHORT,1230,exit,buy,-1,1,849865,2024-05-28 12:26:00,12,746,0.00017369703431485822,-1254.36,False,160.0,20240528
SHORT,1231,entry,sell,-1,1,850300,2024-05-28 20:41:00,20,1241,8.555567345285715e-05,1660.64,True,695.0,20240529
SHORT,1231,exit,buy,-1,1,850995,2024-05-29 08:16:00,8,496,0.00014312474318681784,1660.64,True,695.0,20240529
SHORT,1232,entry,sell,-1,1,853833,2024-05-31 09:34:00,9,574,0.00024754766828406825,-494.36,False,4.0,20240531
SHORT,1232,exit,buy,-1,1,853837,2024-05-31 09:38:00,9,578,0.0002704563632655313,-494.36,False,4.0,20240531
SHORT,1233,entry,sell,-1,1,853845,2024-05-31 09:46:00,9,586,0.0003341193263082823,5680.64,True,195.0,20240531
SHORT,1233,exit,buy,-1,1,854040,2024-05-31 13:01:00,13,781,0.0002780013802132441,5680.64,True,195.0,20240531
SHORT,1234,entry,sell,-1,1,854285,2024-06-02 18:06:00,18,1086,0.00023377796056816525,-724.36,False,14.0,20240603
SHORT,1234,exit,buy,-1,1,854299,2024-06-02 18:20:00,18,1100,0.0002447473746955987,-724.36,False,14.0,20240603
SHORT,1235,entry,sell,-1,1,854302,2024-06-02 18:23:00,18,1103,0.0002281652940380685,-64.36,False,2.0,20240603
SHORT,1235,exit,buy,-1,1,854304,2024-06-02 18:25:00,18,1105,0.00022831513164400208,-64.36,False,2.0,20240603
SHORT,1236,entry,sell,-1,1,854309,2024-06-02 18:30:00,18,1110,0.00023675026771670477,-129.36,False,35.0,20240603
SHORT,1236,exit,buy,-1,1,854344,2024-06-02 19:05:00,19,1145,0.00019927696454851397,-129.36,False,35.0,20240603
SHORT,1237,entry,sell,-1,1,854352,2024-06-02 19:13:00,19,1153,0.00019956783497918713,-34.36,False,1.0,20240603
SHORT,1237,exit,buy,-1,1,854353,2024-06-02 19:14:00,19,1154,0.0001967559944131465,-34.36,False,1.0,20240603
SHORT,1238,entry,sell,-1,1,855243,2024-06-03 10:04:00,10,604,0.0004380537896346844,-479.36,False,11.0,20240603
SHORT,1238,exit,buy,-1,1,855254,2024-06-03 10:15:00,10,615,0.00048722988377048235,-479.36,False,11.0,20240603
SHORT,1239,entry,sell,-1,1,856172,2024-06-04 02:33:00,2,153,9.387172615702254e-05,670.64,True,53.0,20240604
SHORT,1239,exit,buy,-1,1,856225,2024-06-04 03:26:00,3,206,0.00019476068574709795,670.64,True,53.0,20240604
SHORT,1240,entry,sell,-1,1,856262,2024-06-04 04:03:00,4,243,0.00021315425377347303,-24.36,False,5.0,20240604
SHORT,1240,exit,buy,-1,1,856267,2024-06-04 04:08:00,4,248,0.00024963811931717,-24.36,False,5.0,20240604
SHORT,1241,entry,sell,-1,1,856274,2024-06-04 04:15:00,4,255,0.00023945767883072562,1085.64,True,53.0,20240604
SHORT,1241,exit,buy,-1,1,856327,2024-06-04 05:08:00,5,308,0.0002891601689252285,1085.64,True,53.0,20240604
SHORT,1242,entry,sell,-1,1,858578,2024-06-05 20:39:00,20,1239,8.640883947677748e-05,-344.36,False,29.0,20240606
SHORT,1242,exit,buy,-1,1,858607,2024-06-05 21:08:00,21,1268,0.00010348468870229506,-344.36,False,29.0,20240606
SHORT,1243,entry,sell,-1,1,860673,2024-06-07 08:35:00,8,515,0.0005461444025904659,870.64,True,13.0,20240607
SHORT,1243,exit,buy,-1,1,860686,2024-06-07 08:48:00,8,528,0.0005905698971152771,870.64,True,13.0,20240607
SHORT,1244,entry,sell,-1,1,860733,2024-06-07 09:35:00,9,575,0.000494390989078774,-839.36,False,15.0,20240607
SHORT,1244,exit,buy,-1,1,860748,2024-06-07 09:50:00,9,590,0.00048669449742736804,-839.36,False,15.0,20240607
SHORT,1245,entry,sell,-1,1,861837,2024-06-10 05:00:00,5,300,0.00014187710023376722,-109.36,False,1.0,20240610
SHORT,1245,exit,buy,-1,1,861838,2024-06-10 05:01:00,5,301,0.00014405169446531674,-109.36,False,1.0,20240610
SHORT,1246,entry,sell,-1,1,861860,2024-06-10 05:23:00,5,323,0.00012166748159485994,-189.36,False,10.0,20240610
SHORT,1246,exit,buy,-1,1,861870,2024-06-10 05:33:00,5,333,0.00012073484270826339,-189.36,False,10.0,20240610
SHORT,1247,entry,sell,-1,1,863277,2024-06-11 06:00:00,6,360,0.00013304106359531389,-259.36,False,27.0,20240611
SHORT,1247,exit,buy,-1,1,863304,2024-06-11 06:27:00,6,387,0.00014724238434003686,-259.36,False,27.0,20240611
SHORT,1248,entry,sell,-1,1,863346,2024-06-11 07:09:00,7,429,0.00014755238843684637,-294.36,False,45.0,20240611
SHORT,1248,exit,buy,-1,1,863391,2024-06-11 07:54:00,7,474,0.0001563227327078583,-294.36,False,45.0,20240611
SHORT,1249,entry,sell,-1,1,863506,2024-06-11 09:49:00,9,589,0.0003228079204172634,-39.36,False,4.0,20240611
SHORT,1249,exit,buy,-1,1,863510,2024-06-11 09:53:00,9,593,0.00033886573255263107,-39.36,False,4.0,20240611
SHORT,1250,entry,sell,-1,1,863511,2024-06-11 09:54:00,9,594,0.00034446265528885803,-359.36,False,5.0,20240611
SHORT,1250,exit,buy,-1,1,863516,2024-06-11 09:59:00,9,599,0.00039161496539276105,-359.36,False,5.0,20240611
SHORT,1251,entry,sell,-1,1,864869,2024-06-12 09:32:00,9,572,0.00032073128835823095,-284.36,False,1.0,20240612
SHORT,1251,exit,buy,-1,1,864870,2024-06-12 09:33:00,9,573,0.00033015092430804436,-284.36,False,1.0,20240612
SHORT,1252,entry,sell,-1,1,866019,2024-06-13 05:42:00,5,342,0.00010931083940448449,-169.36,False,23.0,20240613
SHORT,1252,exit,buy,-1,1,866042,2024-06-13 06:05:00,6,365,0.00011528980338378216,-169.36,False,23.0,20240613
SHORT,1253,entry,sell,-1,1,866056,2024-06-13 06:19:00,6,379,0.000117903857851566,-259.36,False,8.0,20240613
SHORT,1253,exit,buy,-1,1,866064,2024-06-13 06:27:00,6,387,0.00012620496010376438,-259.36,False,8.0,20240613
SHORT,1254,entry,sell,-1,1,866149,2024-06-13 07:52:00,7,472,0.00011623101537686472,-474.36,False,21.0,20240613
SHORT,1254,exit,buy,-1,1,866170,2024-06-13 08:13:00,8,493,0.00012888513424592432,-474.36,False,21.0,20240613
SHORT,1255,entry,sell,-1,1,866292,2024-06-13 10:15:00,10,615,0.00033304845132965113,-109.36,False,257.0,20240613
SHORT,1255,exit,buy,-1,1,866549,2024-06-13 14:32:00,14,872,0.00021347015966629616,-109.36,False,257.0,20240613
SHORT,1256,entry,sell,-1,1,866553,2024-06-13 14:36:00,14,876,0.00020957925265841816,-184.36,False,10.0,20240613
SHORT,1256,exit,buy,-1,1,866563,2024-06-13 14:46:00,14,886,0.0001981941677636978,-184.36,False,10.0,20240613
SHORT,1257,entry,sell,-1,1,866564,2024-06-13 14:47:00,14,887,0.00019394006689249805,-124.36,False,12.0,20240613
SHORT,1257,exit,buy,-1,1,866576,2024-06-13 14:59:00,14,899,0.0001893469290517641,-124.36,False,12.0,20240613
SHORT,1258,entry,sell,-1,1,867398,2024-06-14 05:41:00,5,341,0.0001962158863993729,525.64,True,28.0,20240614
SHORT,1258,exit,buy,-1,1,867426,2024-06-14 06:09:00,6,369,0.00022886451623439064,525.64,True,28.0,20240614
SHORT,1259,entry,sell,-1,1,867441,2024-06-14 06:24:00,6,384,0.00024305982405201668,-349.36,False,7.0,20240614
SHORT,1259,exit,buy,-1,1,867448,2024-06-14 06:31:00,6,391,0.0002549493902396024,-349.36,False,7.0,20240614
SHORT,1260,entry,sell,-1,1,867478,2024-06-14 07:01:00,7,421,0.0002646233843132829,-104.36,False,13.0,20240614
SHORT,1260,exit,buy,-1,1,867491,2024-06-14 07:14:00,7,434,0.0002622465643671446,-104.36,False,13.0,20240614
SHORT,1261,entry,sell,-1,1,867540,2024-06-14 08:03:00,8,483,0.00022532207533361749,-539.36,False,20.0,20240614
SHORT,1261,exit,buy,-1,1,867560,2024-06-14 08:23:00,8,503,0.00019183150201687853,-539.36,False,20.0,20240614
SHORT,1262,entry,sell,-1,1,868654,2024-06-17 03:39:00,3,219,0.00013322142566193971,-69.36,False,10.0,20240617
SHORT,1262,exit,buy,-1,1,868664,2024-06-17 03:49:00,3,229,0.00012619834291992333,-69.36,False,10.0,20240617
SHORT,1263,entry,sell,-1,1,868665,2024-06-17 03:50:00,3,230,0.00012608963908346718,45.64,True,1.0,20240617
SHORT,1263,exit,buy,-1,1,868666,2024-06-17 03:51:00,3,231,0.000126442808695234,45.64,True,1.0,20240617
SHORT,1264,entry,sell,-1,1,868667,2024-06-17 03:52:00,3,232,0.00012589477042544884,-189.36,False,11.0,20240617
SHORT,1264,exit,buy,-1,1,868678,2024-06-17 04:03:00,4,243,0.00012642508196747892,-189.36,False,11.0,20240617
SHORT,1265,entry,sell,-1,1,868680,2024-06-17 04:05:00,4,245,0.00012334106505442792,-144.36,False,3.0,20240617
SHORT,1265,exit,buy,-1,1,868683,2024-06-17 04:08:00,4,248,0.00013106711080861097,-144.36,False,3.0,20240617
SHORT,1266,entry,sell,-1,1,868707,2024-06-17 04:32:00,4,272,0.00014535086859163838,70.64,True,19.0,20240617
SHORT,1266,exit,buy,-1,1,868726,2024-06-17 04:51:00,4,291,0.00016368238743002316,70.64,True,19.0,20240617
SHORT,1267,entry,sell,-1,1,868816,2024-06-17 06:21:00,6,381,8.763271958875591e-05,5.64,True,3.0,20240617
SHORT,1267,exit,buy,-1,1,868819,2024-06-17 06:24:00,6,384,8.799526946049888e-05,5.64,True,3.0,20240617
SHORT,1268,entry,sell,-1,1,868824,2024-06-17 06:29:00,6,389,8.974987126989099e-05,-234.36,False,18.0,20240617
SHORT,1268,exit,buy,-1,1,868842,2024-06-17 06:47:00,6,407,0.0001024248459476696,-234.36,False,18.0,20240617
SHORT,1269,entry,sell,-1,1,868847,2024-06-17 06:52:00,6,412,0.00010158884553719548,0.6399999999999997,True,1.0,20240617
SHORT,1269,exit,buy,-1,1,868848,2024-06-17 06:53:00,6,413,0.00010164638794705164,0.6399999999999997,True,1.0,20240617
SHORT,1270,entry,sell,-1,1,868849,2024-06-17 06:54:00,6,414,0.00010130997205120739,-154.36,False,7.0,20240617
SHORT,1270,exit,buy,-1,1,868856,2024-06-17 07:01:00,7,421,0.00010938346428396092,-154.36,False,7.0,20240617
SHORT,1271,entry,sell,-1,1,869026,2024-06-17 09:51:00,9,591,0.00022582192922659456,-84.36,False,5.0,20240617
SHORT,1271,exit,buy,-1,1,869031,2024-06-17 09:56:00,9,596,0.00024355564992211117,-84.36,False,5.0,20240617
SHORT,1272,entry,sell,-1,1,869032,2024-06-17 09:57:00,9,597,0.00025463829994669726,-224.36,False,1.0,20240617
SHORT,1272,exit,buy,-1,1,869033,2024-06-17 09:58:00,9,598,0.00026396336100267516,-224.36,False,1.0,20240617
SHORT,1273,entry,sell,-1,1,869392,2024-06-17 15:57:00,15,957,0.00021156964138181958,560.64,True,43.0,20240617
SHORT,1273,exit,buy,-1,1,869435,2024-06-17 16:40:00,16,1000,0.00019245515844437132,560.64,True,43.0,20240617
SHORT,1274,entry,sell,-1,1,872795,2024-06-20 07:40:00,7,460,9.907754729446696e-05,5330.64,True,497.0,20240620
SHORT,1274,exit,buy,-1,1,873292,2024-06-20 15:57:00,15,957,0.000384270721326913,5330.64,True,497.0,20240620
SHORT,1275,entry,sell,-1,1,873927,2024-06-21 03:32:00,3,212,0.0001758984217739889,-244.36,False,8.0,20240621
SHORT,1275,exit,buy,-1,1,873935,2024-06-21 03:40:00,3,220,0.00020077735097638098,-244.36,False,8.0,20240621
SHORT,1276,entry,sell,-1,1,873949,2024-06-21 03:54:00,3,234,0.00022324532188857974,150.64,True,1.0,20240621
SHORT,1276,exit,buy,-1,1,873950,2024-06-21 03:55:00,3,235,0.00022823492497499765,150.64,True,1.0,20240621
SHORT,1277,entry,sell,-1,1,873951,2024-06-21 03:56:00,3,236,0.00022812379936656347,-84.36,False,1.0,20240621
SHORT,1277,exit,buy,-1,1,873952,2024-06-21 03:57:00,3,237,0.00022977813718027545,-84.36,False,1.0,20240621
SHORT,1278,entry,sell,-1,1,873964,2024-06-21 04:09:00,4,249,0.000237624703259636,160.64,True,1.0,20240621
SHORT,1278,exit,buy,-1,1,873965,2024-06-21 04:10:00,4,250,0.00024132968818408197,160.64,True,1.0,20240621
SHORT,1279,entry,sell,-1,1,873966,2024-06-21 04:11:00,4,251,0.000242665386590359,5.64,True,1.0,20240621
SHORT,1279,exit,buy,-1,1,873967,2024-06-21 04:12:00,4,252,0.00024066095800551502,5.64,True,1.0,20240621
SHORT,1280,entry,sell,-1,1,873969,2024-06-21 04:14:00,4,254,0.0002485682907354061,435.64,True,31.0,20240621
SHORT,1280,exit,buy,-1,1,874000,2024-06-21 04:45:00,4,285,0.00027021920964415065,435.64,True,31.0,20240621
SHORT,1281,entry,sell,-1,1,874012,2024-06-21 04:57:00,4,297,0.00026315719120842163,-479.36,False,6.0,20240621
SHORT,1281,exit,buy,-1,1,874018,2024-06-21 05:03:00,5,303,0.00026295235675716894,-479.36,False,6.0,20240621
SHORT,1282,entry,sell,-1,1,874101,2024-06-21 06:26:00,6,386,0.00016870144958719554,-269.36,False,17.0,20240621
SHORT,1282,exit,buy,-1,1,874118,2024-06-21 06:43:00,6,403,0.0001821718970380872,-269.36,False,17.0,20240621
SHORT,1283,entry,sell,-1,1,874189,2024-06-21 07:54:00,7,474,0.00015351688252877285,-324.36,False,42.0,20240621
SHORT,1283,exit,buy,-1,1,874231,2024-06-21 08:36:00,8,516,0.0002129701287561563,-324.36,False,42.0,20240621
SHORT,1284,entry,sell,-1,1,874286,2024-06-21 09:31:00,9,571,0.0002584698252163588,-1244.36,False,141.0,20240621
SHORT,1284,exit,buy,-1,1,874427,2024-06-21 11:52:00,11,712,0.00030990831086283343,-1244.36,False,141.0,20240621
SHORT,1285,entry,sell,-1,1,874927,2024-06-23 21:15:00,21,1275,0.0001387403030390631,10.64,True,77.0,20240624
SHORT,1285,exit,buy,-1,1,875004,2024-06-23 22:32:00,22,1352,0.00014552853145140024,10.64,True,77.0,20240624
SHORT,1286,entry,sell,-1,1,875408,2024-06-24 05:16:00,5,316,0.00012654216818052514,580.64,True,49.0,20240624
SHORT,1286,exit,buy,-1,1,875457,2024-06-24 06:05:00,6,365,0.00015001163964282126,580.64,True,49.0,20240624
SHORT,1287,entry,sell,-1,1,875569,2024-06-24 07:57:00,7,477,0.00015734059070597207,-139.36,False,25.0,20240624
SHORT,1287,exit,buy,-1,1,875594,2024-06-24 08:22:00,8,502,0.00018128279687737968,-139.36,False,25.0,20240624
SHORT,1288,entry,sell,-1,1,875609,2024-06-24 08:37:00,8,517,0.00019584938820599746,195.64,True,46.0,20240624
SHORT,1288,exit,buy,-1,1,875655,2024-06-24 09:23:00,9,563,0.00020109958588623424,195.64,True,46.0,20240624
SHORT,1289,entry,sell,-1,1,875675,2024-06-24 09:43:00,9,583,0.00028589133383030094,-999.36,False,17.0,20240624
SHORT,1289,exit,buy,-1,1,875692,2024-06-24 10:00:00,10,600,0.00041861191066716054,-999.36,False,17.0,20240624
SHORT,1290,entry,sell,-1,1,875736,2024-06-24 10:44:00,10,644,0.000570042042141045,-569.36,False,15.0,20240624
SHORT,1290,exit,buy,-1,1,875751,2024-06-24 10:59:00,10,659,0.0005395244984454079,-569.36,False,15.0,20240624
SHORT,1291,entry,sell,-1,1,875855,2024-06-24 12:43:00,12,763,0.0002758555842576681,2620.64,True,237.0,20240624
SHORT,1291,exit,buy,-1,1,876092,2024-06-24 16:40:00,16,1000,0.00025034042914924,2620.64,True,237.0,20240624
SHORT,1292,entry,sell,-1,1,878278,2024-06-26 07:06:00,7,426,0.00015601353126351488,1320.64,True,141.0,20240626
SHORT,1292,exit,buy,-1,1,878419,2024-06-26 09:27:00,9,567,0.00022714481698605222,1320.64,True,141.0,20240626
SHORT,1293,entry,sell,-1,1,881136,2024-06-28 08:44:00,8,524,0.0002667669321929343,-84.36,False,1.0,20240628
SHORT,1293,exit,buy,-1,1,881137,2024-06-28 08:45:00,8,525,0.000267470583665823,-84.36,False,1.0,20240628
SHORT,1294,entry,sell,-1,1,881148,2024-06-28 08:56:00,8,536,0.0002850204686852352,-249.36,False,48.0,20240628
SHORT,1294,exit,buy,-1,1,881196,2024-06-28 09:44:00,9,584,0.00031288735908310096,-249.36,False,48.0,20240628
SHORT,1295,entry,sell,-1,1,881270,2024-06-28 10:58:00,10,658,0.000470924939001999,255.64,True,23.0,20240628
SHORT,1295,exit,buy,-1,1,881293,2024-06-28 11:21:00,11,681,0.0004586605985121252,255.64,True,23.0,20240628
SHORT,1296,entry,sell,-1,1,881339,2024-06-28 12:07:00,12,727,0.0003254436164219067,260.64,True,20.0,20240628
SHORT,1296,exit,buy,-1,1,881359,2024-06-28 12:27:00,12,747,0.00031761757238939805,260.64,True,20.0,20240628
SHORT,1297,entry,sell,-1,1,881371,2024-06-28 12:39:00,12,759,0.00032923549275855926,940.64,True,241.0,20240628
SHORT,1297,exit,buy,-1,1,881612,2024-06-28 16:40:00,16,1000,0.00032481936914397045,940.64,True,241.0,20240628
SHORT,1298,entry,sell,-1,1,882301,2024-07-01 05:09:00,5,309,0.00023235599230135538,-324.36,False,26.0,20240701
SHORT,1298,exit,buy,-1,1,882327,2024-07-01 05:35:00,5,335,0.000255692018617944,-324.36,False,26.0,20240701
SHORT,1299,entry,sell,-1,1,882565,2024-07-01 09:33:00,9,573,0.00025751359996661747,655.64,True,28.0,20240701
SHORT,1299,exit,buy,-1,1,882593,2024-07-01 10:01:00,10,601,0.0005040343012770673,655.64,True,28.0,20240701
SHORT,1300,entry,sell,-1,1,882604,2024-07-01 10:12:00,10,612,0.0005789935965362798,-874.36,False,7.0,20240701
SHORT,1300,exit,buy,-1,1,882611,2024-07-01 10:19:00,10,619,0.0006386596221438015,-874.36,False,7.0,20240701
SHORT,1301,entry,sell,-1,1,882634,2024-07-01 10:42:00,10,642,0.0006634236244423138,-914.36,False,31.0,20240701
SHORT,1301,exit,buy,-1,1,882665,2024-07-01 11:13:00,11,673,0.0006118129994655429,-914.36,False,31.0,20240701
SHORT,1302,entry,sell,-1,1,883149,2024-07-01 20:17:00,20,1217,9.855093709856382e-05,825.64,True,769.0,20240702
SHORT,1302,exit,buy,-1,1,883918,2024-07-02 09:06:00,9,546,0.00013970412931457333,825.64,True,769.0,20240702
SHORT,1303,entry,sell,-1,1,885551,2024-07-03 18:04:00,18,1084,0.0002668396940012439,-124.36,False,139.0,20240704
SHORT,1303,exit,buy,-1,1,885689,2024-07-03 20:23:00,20,1223,5.680772827587229e-05,-124.36,False,139.0,20240704
SHORT,1304,entry,sell,-1,1,889686,2024-07-08 22:04:00,22,1324,8.16455655003209e-05,40.64,True,1.0,20240709
SHORT,1304,exit,buy,-1,1,889687,2024-07-08 22:05:00,22,1325,8.124990325678116e-05,40.64,True,1.0,20240709
SHORT,1305,entry,sell,-1,1,889688,2024-07-08 22:06:00,22,1326,8.122770372946122e-05,-119.36,False,26.0,20240709
SHORT,1305,exit,buy,-1,1,889714,2024-07-08 22:32:00,22,1352,8.405952919777046e-05,-119.36,False,26.0,20240709
SHORT,1306,entry,sell,-1,1,889715,2024-07-08 22:33:00,22,1353,8.418435315346237e-05,-54.36,False,3.0,20240709
SHORT,1306,exit,buy,-1,1,889718,2024-07-08 22:36:00,22,1356,8.334622319760021e-05,-54.36,False,3.0,20240709
SHORT,1307,entry,sell,-1,1,889721,2024-07-08 22:39:00,22,1359,8.313001001976693e-05,-24.36,False,4.0,20240709
SHORT,1307,exit,buy,-1,1,889725,2024-07-08 22:43:00,22,1363,7.775734313906666e-05,-24.36,False,4.0,20240709
SHORT,1308,entry,sell,-1,1,889729,2024-07-08 22:47:00,22,1367,7.351902425101664e-05,-49.36,False,1.0,20240709
SHORT,1308,exit,buy,-1,1,889730,2024-07-08 22:48:00,22,1368,7.448359681319512e-05,-49.36,False,1.0,20240709
SHORT,1309,entry,sell,-1,1,889743,2024-07-08 23:01:00,23,1381,6.415409054822412e-05,-64.36,False,9.0,20240709
SHORT,1309,exit,buy,-1,1,889752,2024-07-08 23:10:00,23,1390,5.825521315567417e-05,-64.36,False,9.0,20240709
SHORT,1310,entry,sell,-1,1,889753,2024-07-08 23:11:00,23,1391,5.7234240453110745e-05,-109.36,False,6.0,20240709
SHORT,1310,exit,buy,-1,1,889759,2024-07-08 23:17:00,23,1397,5.78428255039381e-05,-109.36,False,6.0,20240709
SHORT,1311,entry,sell,-1,1,889925,2024-07-09 02:03:00,2,123,8.743618137725305e-05,10.64,True,16.0,20240709
SHORT,1311,exit,buy,-1,1,889941,2024-07-09 02:19:00,2,139,8.997550522820707e-05,10.64,True,16.0,20240709
SHORT,1312,entry,sell,-1,1,889961,2024-07-09 02:39:00,2,159,7.830497339226421e-05,-114.36,False,4.0,20240709
SHORT,1312,exit,buy,-1,1,889965,2024-07-09 02:43:00,2,163,8.211369364539987e-05,-114.36,False,4.0,20240709
SHORT,1313,entry,sell,-1,1,889969,2024-07-09 02:47:00,2,167,8.160421699296721e-05,-99.36,False,3.0,20240709
SHORT,1313,exit,buy,-1,1,889972,2024-07-09 02:50:00,2,170,8.469057392429611e-05,-99.36,False,3.0,20240709
SHORT,1314,entry,sell,-1,1,889974,2024-07-09 02:52:00,2,172,8.397522689637072e-05,-49.36,False,1.0,20240709
SHORT,1314,exit,buy,-1,1,889975,2024-07-09 02:53:00,2,173,8.471225133694003e-05,-49.36,False,1.0,20240709
SHORT,1315,entry,sell,-1,1,889984,2024-07-09 03:02:00,3,182,8.909736975203443e-05,-234.36,False,27.0,20240709
SHORT,1315,exit,buy,-1,1,890011,2024-07-09 03:29:00,3,209,0.00010224469582212246,-234.36,False,27.0,20240709
SHORT,1316,entry,sell,-1,1,890608,2024-07-09 13:26:00,13,806,0.00027441960784929117,-619.36,False,48.0,20240709
SHORT,1316,exit,buy,-1,1,890656,2024-07-09 14:14:00,14,854,0.00021222321069782216,-619.36,False,48.0,20240709
SHORT,1317,entry,sell,-1,1,892385,2024-07-10 21:03:00,21,1263,6.553733861876864e-05,-444.36,False,232.0,20240711
SHORT,1317,exit,buy,-1,1,892617,2024-07-11 00:55:00,0,55,3.882155807586702e-05,-444.36,False,232.0,20240711
SHORT,1318,entry,sell,-1,1,893078,2024-07-11 08:36:00,8,516,0.0004195431305841081,-344.36,False,3.0,20240711
SHORT,1318,exit,buy,-1,1,893081,2024-07-11 08:39:00,8,519,0.00042511498637763195,-344.36,False,3.0,20240711
SHORT,1319,entry,sell,-1,1,893086,2024-07-11 08:44:00,8,524,0.0004350344411526198,975.64,True,20.0,20240711
SHORT,1319,exit,buy,-1,1,893106,2024-07-11 09:04:00,9,544,0.0004878402448624034,975.64,True,20.0,20240711
SHORT,1320,entry,sell,-1,1,893133,2024-07-11 09:31:00,9,571,0.0003337327640179601,-169.36,False,14.0,20240711
SHORT,1320,exit,buy,-1,1,893147,2024-07-11 09:45:00,9,585,0.0003274331204182341,-169.36,False,14.0,20240711
SHORT,1321,entry,sell,-1,1,893151,2024-07-11 09:49:00,9,589,0.0003288904219705896,40.64,True,9.0,20240711
SHORT,1321,exit,buy,-1,1,893160,2024-07-11 09:58:00,9,598,0.00036460772835405055,40.64,True,9.0,20240711
SHORT,1322,entry,sell,-1,1,893171,2024-07-11 10:09:00,10,609,0.0003735970268451523,2640.64,True,18.0,20240711
SHORT,1322,exit,buy,-1,1,893189,2024-07-11 10:27:00,10,627,0.0005441282280035222,2640.64,True,18.0,20240711
SHORT,1323,entry,sell,-1,1,896889,2024-07-16 03:07:00,3,187,0.00012331154901810843,-104.36,False,18.0,20240716
SHORT,1323,exit,buy,-1,1,896907,2024-07-16 03:25:00,3,205,0.00014771722669263435,-104.36,False,18.0,20240716
SHORT,1324,entry,sell,-1,1,896941,2024-07-16 03:59:00,3,239,0.0001698617582458139,225.64,True,23.0,20240716
SHORT,1324,exit,buy,-1,1,896964,2024-07-16 04:22:00,4,262,0.0001992665649789788,225.64,True,23.0,20240716
SHORT,1325,entry,sell,-1,1,897033,2024-07-16 05:31:00,5,331,0.00017572341287254523,-419.36,False,30.0,20240716
SHORT,1325,exit,buy,-1,1,897063,2024-07-16 06:01:00,6,361,0.00014224957447789315,-419.36,False,30.0,20240716
SHORT,1326,entry,sell,-1,1,897233,2024-07-16 08:51:00,8,531,0.00014131285838688028,-419.36,False,39.0,20240716
SHORT,1326,exit,buy,-1,1,897272,2024-07-16 09:30:00,9,570,0.00019229807555581736,-419.36,False,39.0,20240716
SHORT,1327,entry,sell,-1,1,897274,2024-07-16 09:32:00,9,572,0.00019776121838927904,-69.36,False,1.0,20240716
SHORT,1327,exit,buy,-1,1,897275,2024-07-16 09:33:00,9,573,0.00019827087636755717,-69.36,False,1.0,20240716
SHORT,1328,entry,sell,-1,1,897289,2024-07-16 09:47:00,9,587,0.0003554564244206551,115.64,True,1.0,20240716
SHORT,1328,exit,buy,-1,1,897290,2024-07-16 09:48:00,9,588,0.00035657123044101536,115.64,True,1.0,20240716
SHORT,1329,entry,sell,-1,1,897292,2024-07-16 09:50:00,9,590,0.0003742741625210804,105.64,True,367.0,20240716
SHORT,1329,exit,buy,-1,1,897659,2024-07-16 15:57:00,15,957,0.00028983453342225254,105.64,True,367.0,20240716
SHORT,1330,entry,sell,-1,1,897906,2024-07-16 21:04:00,21,1264,8.177070770379655e-05,4180.64,True,485.0,20240717
SHORT,1330,exit,buy,-1,1,898391,2024-07-17 05:09:00,5,309,0.00023198976902868672,4180.64,True,485.0,20240717
SHORT,1331,entry,sell,-1,1,900034,2024-07-18 09:32:00,9,572,0.00023624420480738515,695.64,True,33.0,20240718
SHORT,1331,exit,buy,-1,1,900067,2024-07-18 10:05:00,10,605,0.0005389339859888698,695.64,True,33.0,20240718
SHORT,1332,entry,sell,-1,1,900093,2024-07-18 10:31:00,10,631,0.0005935405590011685,1135.64,True,20.0,20240718
SHORT,1332,exit,buy,-1,1,900113,2024-07-18 10:51:00,10,651,0.0006401414363918938,1135.64,True,20.0,20240718
SHORT,1333,entry,sell,-1,1,901024,2024-07-19 03:02:00,3,182,0.00027035010630058247,185.64,True,14.0,20240719
SHORT,1333,exit,buy,-1,1,901038,2024-07-19 03:16:00,3,196,0.0004021077332521038,185.64,True,14.0,20240719
SHORT,1334,entry,sell,-1,1,901045,2024-07-19 03:23:00,3,203,0.00040586237350428257,960.64,True,30.0,20240719
SHORT,1334,exit,buy,-1,1,901075,2024-07-19 03:53:00,3,233,0.00047263555618271724,960.64,True,30.0,20240719
SHORT,1335,entry,sell,-1,1,902786,2024-07-22 09:34:00,9,574,0.00034228108860382274,-964.36,False,3.0,20240722
SHORT,1335,exit,buy,-1,1,902789,2024-07-22 09:37:00,9,577,0.00039393659304957,-964.36,False,3.0,20240722
SHORT,1336,entry,sell,-1,1,902907,2024-07-22 11:35:00,11,695,0.0006884076443938065,-1214.36,False,34.0,20240722
SHORT,1336,exit,buy,-1,1,902941,2024-07-22 12:09:00,12,729,0.0006824478946267532,-1214.36,False,34.0,20240722
SHORT,1337,entry,sell,-1,1,904614,2024-07-23 18:02:00,18,1082,0.0005664007464974592,265.64,True,37.0,20240724
SHORT,1337,exit,buy,-1,1,904651,2024-07-23 18:39:00,18,1119,0.00024674667686245297,265.64,True,37.0,20240724
SHORT,1338,entry,sell,-1,1,904652,2024-07-23 18:40:00,18,1120,0.0002469896937521812,-64.36,False,2.0,20240724
SHORT,1338,exit,buy,-1,1,904654,2024-07-23 18:42:00,18,1122,0.0002425351996028297,-64.36,False,2.0,20240724
SHORT,1339,entry,sell,-1,1,904713,2024-07-23 19:41:00,19,1181,0.00011934333596993636,-44.36,False,1.0,20240724
SHORT,1339,exit,buy,-1,1,904714,2024-07-23 19:42:00,19,1182,0.00011966713336786586,-44.36,False,1.0,20240724
SHORT,1340,entry,sell,-1,1,904727,2024-07-23 19:55:00,19,1195,0.00010798755582656587,-4.36,False,2.0,20240724
SHORT,1340,exit,buy,-1,1,904729,2024-07-23 19:57:00,19,1197,0.00010965194851952453,-4.36,False,2.0,20240724
SHORT,1341,entry,sell,-1,1,904730,2024-07-23 19:58:00,19,1198,0.00011070650764523926,-589.36,False,13.0,20240724
SHORT,1341,exit,buy,-1,1,904743,2024-07-23 20:11:00,20,1211,0.00012884834839884036,-589.36,False,13.0,20240724
SHORT,1342,entry,sell,-1,1,904986,2024-07-24 00:14:00,0,14,0.00017527574507920186,10430.64,True,956.0,20240724
SHORT,1342,exit,buy,-1,1,905942,2024-07-24 16:10:00,16,970,0.0005432001943814944,10430.64,True,956.0,20240724
SHORT,1343,entry,sell,-1,1,906476,2024-07-25 02:04:00,2,124,0.00019669396055152236,310.64,True,15.0,20240725
SHORT,1343,exit,buy,-1,1,906491,2024-07-25 02:19:00,2,139,0.00027444264248166706,310.64,True,15.0,20240725
SHORT,1344,entry,sell,-1,1,906537,2024-07-25 03:05:00,3,185,0.0003642987375207806,155.64,True,35.0,20240725
SHORT,1344,exit,buy,-1,1,906572,2024-07-25 03:40:00,3,220,0.00045076744779030785,155.64,True,35.0,20240725
SHORT,1345,entry,sell,-1,1,906583,2024-07-25 03:51:00,3,231,0.00045582913345372825,1080.64,True,36.0,20240725
SHORT,1345,exit,buy,-1,1,906619,2024-07-25 04:27:00,4,267,0.0005002644470272143,1080.64,True,36.0,20240725
SHORT,1346,entry,sell,-1,1,909678,2024-07-29 09:32:00,9,572,0.00029548445308439817,-529.36,False,3.0,20240729
SHORT,1346,exit,buy,-1,1,909681,2024-07-29 09:35:00,9,575,0.000343718923666575,-529.36,False,3.0,20240729
SHORT,1347,entry,sell,-1,1,909778,2024-07-29 11:12:00,11,672,0.0005673771793095008,-809.36,False,37.0,20240729
SHORT,1347,exit,buy,-1,1,909815,2024-07-29 11:49:00,11,709,0.0006243130106271174,-809.36,False,37.0,20240729
SHORT,1348,entry,sell,-1,1,911071,2024-07-30 09:46:00,9,586,0.00041537269043008247,485.64,True,20.0,20240730
SHORT,1348,exit,buy,-1,1,911091,2024-07-30 10:06:00,10,606,0.0005554191265754446,485.64,True,20.0,20240730
SHORT,1349,entry,sell,-1,1,911108,2024-07-30 10:23:00,10,623,0.0006247977785583067,625.64,True,28.0,20240730
SHORT,1349,exit,buy,-1,1,911136,2024-07-30 10:51:00,10,651,0.0005506090404220377,625.64,True,28.0,20240730
SHORT,1350,entry,sell,-1,1,913495,2024-08-01 04:10:00,4,250,0.00033526198228217915,180.64,True,7.0,20240801
SHORT,1350,exit,buy,-1,1,913502,2024-08-01 04:17:00,4,257,0.0003903171256083135,180.64,True,7.0,20240801
SHORT,1351,entry,sell,-1,1,913507,2024-08-01 04:22:00,4,262,0.0004058695069826995,-519.36,False,8.0,20240801
SHORT,1351,exit,buy,-1,1,913515,2024-08-01 04:30:00,4,270,0.00043353825196752456,-519.36,False,8.0,20240801
SHORT,1352,entry,sell,-1,1,913526,2024-08-01 04:41:00,4,281,0.00046258251343454923,-584.36,False,24.0,20240801
SHORT,1352,exit,buy,-1,1,913550,2024-08-01 05:05:00,5,305,0.0004451321262234629,-584.36,False,24.0,20240801
SHORT,1353,entry,sell,-1,1,913793,2024-08-01 09:08:00,9,548,0.00035079014020537327,100.64,True,26.0,20240801
SHORT,1353,exit,buy,-1,1,913819,2024-08-01 09:34:00,9,574,0.00037418550470745413,100.64,True,26.0,20240801
SHORT,1354,entry,sell,-1,1,913882,2024-08-01 10:37:00,10,637,0.000891508979476995,7865.64,True,203.0,20240801
SHORT,1354,exit,buy,-1,1,914085,2024-08-01 14:00:00,14,840,0.0005777157679461318,7865.64,True,203.0,20240801
SHORT,1355,entry,sell,-1,1,914322,2024-08-01 18:57:00,18,1137,0.00045216901719442247,-869.36,False,15.0,20240802
SHORT,1355,exit,buy,-1,1,914337,2024-08-01 19:12:00,19,1152,0.0004344825256063977,-869.36,False,15.0,20240802
SHORT,1356,entry,sell,-1,1,914339,2024-08-01 19:14:00,19,1154,0.00043572221800816023,-609.36,False,15.0,20240802
SHORT,1356,exit,buy,-1,1,914354,2024-08-01 19:29:00,19,1169,0.00038996304393044094,-609.36,False,15.0,20240802
SHORT,1357,entry,sell,-1,1,915638,2024-08-04 18:01:00,18,1081,0.00025769045265430595,14900.64,True,511.0,20240805
SHORT,1357,exit,buy,-1,1,916149,2024-08-05 02:32:00,2,152,0.0015472287122234507,14900.64,True,511.0,20240805
SHORT,1358,entry,sell,-1,1,917690,2024-08-06 05:15:00,5,315,0.000592318521464778,15.64,True,1.0,20240806
SHORT,1358,exit,buy,-1,1,917691,2024-08-06 05:16:00,5,316,0.0005926688496176147,15.64,True,1.0,20240806
SHORT,1359,entry,sell,-1,1,917692,2024-08-06 05:17:00,5,317,0.000602731137215071,-899.36,False,6.0,20240806
SHORT,1359,exit,buy,-1,1,917698,2024-08-06 05:23:00,5,323,0.0006299667757792243,-899.36,False,6.0,20240806
SHORT,1360,entry,sell,-1,1,917700,2024-08-06 05:25:00,5,325,0.0006261171433694691,-299.36,False,1.0,20240806
SHORT,1360,exit,buy,-1,1,917701,2024-08-06 05:26:00,5,326,0.0006057706182127999,-299.36,False,1.0,20240806
SHORT,1361,entry,sell,-1,1,917704,2024-08-06 05:29:00,5,329,0.0006117739912525653,-274.36,False,1.0,20240806
SHORT,1361,exit,buy,-1,1,917705,2024-08-06 05:30:00,5,330,0.0006197389955710546,-274.36,False,1.0,20240806
SHORT,1362,entry,sell,-1,1,921309,2024-08-08 20:34:00,20,1234,0.0002873156397569184,-689.36,False,95.0,20240809
SHORT,1362,exit,buy,-1,1,921404,2024-08-08 22:09:00,22,1329,0.0002631322113938404,-689.36,False,95.0,20240809
SHORT,1363,entry,sell,-1,1,921405,2024-08-08 22:10:00,22,1330,0.0002625303928892893,-4.36,False,1.0,20240809
SHORT,1363,exit,buy,-1,1,921406,2024-08-08 22:11:00,22,1331,0.0002625804545415451,-4.36,False,1.0,20240809
SHORT,1364,entry,sell,-1,1,921558,2024-08-09 00:43:00,0,43,0.00028781553019349433,150.64,True,48.0,20240809
SHORT,1364,exit,buy,-1,1,921606,2024-08-09 01:31:00,1,91,0.00048650842761441255,150.64,True,48.0,20240809
SHORT,1365,entry,sell,-1,1,921698,2024-08-09 03:03:00,3,183,0.0003184340311975887,-539.36,False,8.0,20240809
SHORT,1365,exit,buy,-1,1,921706,2024-08-09 03:11:00,3,191,0.00032140965754408535,-539.36,False,8.0,20240809
SHORT,1366,entry,sell,-1,1,921722,2024-08-09 03:27:00,3,207,0.0003719294808423931,-619.36,False,3.0,20240809
SHORT,1366,exit,buy,-1,1,921725,2024-08-09 03:30:00,3,210,0.00038164462952721605,-619.36,False,3.0,20240809
SHORT,1367,entry,sell,-1,1,923480,2024-08-12 09:45:00,9,585,0.0004132571108572753,-529.36,False,21.0,20240812
SHORT,1367,exit,buy,-1,1,923501,2024-08-12 10:06:00,10,606,0.0005342160204882601,-529.36,False,21.0,20240812
SHORT,1368,entry,sell,-1,1,923578,2024-08-12 11:23:00,11,683,0.0005648294295907328,935.64,True,18.0,20240812
SHORT,1368,exit,buy,-1,1,923596,2024-08-12 11:41:00,11,701,0.0007205510411297611,935.64,True,18.0,20240812
SHORT,1369,entry,sell,-1,1,923672,2024-08-12 12:57:00,12,777,0.0004395552870949167,-244.36,False,22.0,20240812
SHORT,1369,exit,buy,-1,1,923694,2024-08-12 13:19:00,13,799,0.0004618013439005373,-244.36,False,22.0,20240812
SHORT,1370,entry,sell,-1,1,923728,2024-08-12 13:53:00,13,833,0.0004539882679905707,-394.36,False,126.0,20240812
SHORT,1370,exit,buy,-1,1,923854,2024-08-12 15:59:00,15,959,0.0003294975851175334,-394.36,False,126.0,20240812
SHORT,1371,entry,sell,-1,1,924672,2024-08-13 06:37:00,6,397,0.0002341748604718466,-144.36,False,4.0,20240813
SHORT,1371,exit,buy,-1,1,924676,2024-08-13 06:41:00,6,401,0.00023508030119233597,-144.36,False,4.0,20240813
SHORT,1372,entry,sell,-1,1,924677,2024-08-13 06:42:00,6,402,0.000235182645439203,-159.36,False,4.0,20240813
SHORT,1372,exit,buy,-1,1,924681,2024-08-13 06:46:00,6,406,0.00022342010427639963,-159.36,False,4.0,20240813
SHORT,1373,entry,sell,-1,1,924682,2024-08-13 06:47:00,6,407,0.00022162697568554917,15.64,True,4.0,20240813
SHORT,1373,exit,buy,-1,1,924686,2024-08-13 06:51:00,6,411,0.00022273393329414417,15.64,True,4.0,20240813
SHORT,1374,entry,sell,-1,1,924687,2024-08-13 06:52:00,6,412,0.00022550154221910728,-459.36,False,22.0,20240813
SHORT,1374,exit,buy,-1,1,924709,2024-08-13 07:14:00,7,434,0.0002372029990440413,-459.36,False,22.0,20240813
SHORT,1375,entry,sell,-1,1,925550,2024-08-13 22:15:00,22,1335,0.0002067979791628091,-399.36,False,212.0,20240814
SHORT,1375,exit,buy,-1,1,925762,2024-08-14 01:47:00,1,107,0.00011387232825949468,-399.36,False,212.0,20240814
SHORT,1376,entry,sell,-1,1,925906,2024-08-14 04:11:00,4,251,0.0001932664588019339,-389.36,False,22.0,20240814
SHORT,1376,exit,buy,-1,1,925928,2024-08-14 04:33:00,4,273,0.0002103668315593784,-389.36,False,22.0,20240814
SHORT,1377,entry,sell,-1,1,926168,2024-08-14 08:33:00,8,513,0.0003846098169177365,-1004.36,False,6.0,20240814
SHORT,1377,exit,buy,-1,1,926174,2024-08-14 08:39:00,8,519,0.0004635954491368297,-1004.36,False,6.0,20240814
SHORT,1378,entry,sell,-1,1,927179,2024-08-15 02:24:00,2,144,0.0001632619809738986,-119.36,False,3.0,20240815
SHORT,1378,exit,buy,-1,1,927182,2024-08-15 02:27:00,2,147,0.00015784858911383536,-119.36,False,3.0,20240815
SHORT,1379,entry,sell,-1,1,927186,2024-08-15 02:31:00,2,151,0.00015903069762781354,-64.36,False,1.0,20240815
SHORT,1379,exit,buy,-1,1,927187,2024-08-15 02:32:00,2,152,0.00016204309193143204,-64.36,False,1.0,20240815
SHORT,1380,entry,sell,-1,1,927306,2024-08-15 04:31:00,4,271,0.00016733809586244488,-289.36,False,35.0,20240815
SHORT,1380,exit,buy,-1,1,927341,2024-08-15 05:06:00,5,306,0.00019476639642824562,-289.36,False,35.0,20240815
SHORT,1381,entry,sell,-1,1,927342,2024-08-15 05:07:00,5,307,0.00019315926954280462,-174.36,False,5.0,20240815
SHORT,1381,exit,buy,-1,1,927347,2024-08-15 05:12:00,5,312,0.00019201880319800137,-174.36,False,5.0,20240815
SHORT,1382,entry,sell,-1,1,927414,2024-08-15 06:19:00,6,379,0.0001230216716514398,105.64,True,57.0,20240815
SHORT,1382,exit,buy,-1,1,927471,2024-08-15 07:16:00,7,436,0.00018454739048015528,105.64,True,57.0,20240815
SHORT,1383,entry,sell,-1,1,927586,2024-08-15 09:11:00,9,551,0.000604518225706158,-944.36,False,21.0,20240815
SHORT,1383,exit,buy,-1,1,927607,2024-08-15 09:32:00,9,572,0.00038212467200715995,-944.36,False,21.0,20240815
SHORT,1384,entry,sell,-1,1,928682,2024-08-16 04:27:00,4,267,0.0001762233427476898,-329.36,False,36.0,20240816
SHORT,1384,exit,buy,-1,1,928718,2024-08-16 05:03:00,5,303,0.0001860774428963355,-329.36,False,36.0,20240816
SHORT,1385,entry,sell,-1,1,928768,2024-08-16 05:53:00,5,353,0.00014253229106008774,2585.64,True,190.0,20240816
SHORT,1385,exit,buy,-1,1,928958,2024-08-16 09:03:00,9,543,0.0003202493070025577,2585.64,True,190.0,20240816
SHORT,1386,entry,sell,-1,1,929882,2024-08-19 01:28:00,1,88,0.0001933389829784952,-169.36,False,17.0,20240819
SHORT,1386,exit,buy,-1,1,929899,2024-08-19 01:45:00,1,105,0.00018890965364334257,-169.36,False,17.0,20240819
SHORT,1387,entry,sell,-1,1,929922,2024-08-19 02:08:00,2,128,0.00020838222235000615,-299.36,False,35.0,20240819
SHORT,1387,exit,buy,-1,1,929957,2024-08-19 02:43:00,2,163,0.00017048408347118864,-299.36,False,35.0,20240819
SHORT,1388,entry,sell,-1,1,929998,2024-08-19 03:24:00,3,204,0.00014653554589304848,-484.36,False,5.0,20240819
SHORT,1388,exit,buy,-1,1,930003,2024-08-19 03:29:00,3,209,0.00016913935183652764,-484.36,False,5.0,20240819
SHORT,1389,entry,sell,-1,1,930038,2024-08-19 04:04:00,4,244,0.00019240571024166573,125.64,True,7.0,20240819
SHORT,1389,exit,buy,-1,1,930045,2024-08-19 04:11:00,4,251,0.0002560262869754643,125.64,True,7.0,20240819
SHORT,1390,entry,sell,-1,1,930369,2024-08-19 09:35:00,9,575,0.00015821679582455004,75.64,True,6.0,20240819
SHORT,1390,exit,buy,-1,1,930375,2024-08-19 09:41:00,9,581,0.00022107360334826785,75.64,True,6.0,20240819
SHORT,1391,entry,sell,-1,1,930397,2024-08-19 10:03:00,10,603,0.0003828276330593654,-664.36,False,5.0,20240819
SHORT,1391,exit,buy,-1,1,930402,2024-08-19 10:08:00,10,608,0.00041402877944392107,-664.36,False,5.0,20240819
SHORT,1392,entry,sell,-1,1,931456,2024-08-20 04:42:00,4,282,0.00015121386008709072,-34.36,False,1.0,20240820
SHORT,1392,exit,buy,-1,1,931457,2024-08-20 04:43:00,4,283,0.00015062864551391425,-34.36,False,1.0,20240820
SHORT,1393,entry,sell,-1,1,931723,2024-08-20 09:09:00,9,549,0.00015029599351252415,-399.36,False,23.0,20240820
SHORT,1393,exit,buy,-1,1,931746,2024-08-20 09:32:00,9,572,0.0001804514733541358,-399.36,False,23.0,20240820
SHORT,1394,entry,sell,-1,1,933844,2024-08-21 22:31:00,22,1351,0.00011456718333857936,-269.36,False,134.0,20240822
SHORT,1394,exit,buy,-1,1,933978,2024-08-22 00:45:00,0,45,8.207403632321608e-05,-269.36,False,134.0,20240822
SHORT,1395,entry,sell,-1,1,934055,2024-08-22 02:02:00,2,122,7.474567435136422e-05,-404.36,False,9.0,20240822
SHORT,1395,exit,buy,-1,1,934064,2024-08-22 02:11:00,2,131,9.642834429821912e-05,-404.36,False,9.0,20240822
SHORT,1396,entry,sell,-1,1,934541,2024-08-22 10:08:00,10,608,0.00042536697301416576,6590.64,True,392.0,20240822
SHORT,1396,exit,buy,-1,1,934933,2024-08-22 16:40:00,16,1000,0.0003459290812020317,6590.64,True,392.0,20240822
SHORT,1397,entry,sell,-1,1,936370,2024-08-25 18:37:00,18,1117,0.00020707764172125703,185.64,True,1.0,20240826
SHORT,1397,exit,buy,-1,1,936371,2024-08-25 18:38:00,18,1118,0.00022074835273035715,185.64,True,1.0,20240826
SHORT,1398,entry,sell,-1,1,936372,2024-08-25 18:39:00,18,1119,0.00022271660192984863,480.64,True,5.0,20240826
SHORT,1398,exit,buy,-1,1,936377,2024-08-25 18:44:00,18,1124,0.0002641431122369709,480.64,True,5.0,20240826
SHORT,1399,entry,sell,-1,1,936378,2024-08-25 18:45:00,18,1125,0.0002750899909238468,-54.36,False,6.0,20240826
SHORT,1399,exit,buy,-1,1,936384,2024-08-25 18:51:00,18,1131,0.0002848561695077113,-54.36,False,6.0,20240826
SHORT,1400,entry,sell,-1,1,936393,2024-08-25 19:00:00,19,1140,0.0002905890599893713,-114.36,False,13.0,20240826
SHORT,1400,exit,buy,-1,1,936406,2024-08-25 19:13:00,19,1153,0.0003013476854968145,-114.36,False,13.0,20240826
SHORT,1401,entry,sell,-1,1,936407,2024-08-25 19:14:00,19,1154,0.00030204120768668276,-119.36,False,37.0,20240826
SHORT,1401,exit,buy,-1,1,936444,2024-08-25 19:51:00,19,1191,0.0001991313694962325,-119.36,False,37.0,20240826
SHORT,1402,entry,sell,-1,1,936768,2024-08-26 01:16:00,1,76,7.892966252199834e-05,-14.36,False,1.0,20240826
SHORT,1402,exit,buy,-1,1,936769,2024-08-26 01:17:00,1,77,7.691991527869906e-05,-14.36,False,1.0,20240826
SHORT,1403,entry,sell,-1,1,937086,2024-08-26 06:34:00,6,394,0.00012747290541033975,660.64,True,95.0,20240826
SHORT,1403,exit,buy,-1,1,937181,2024-08-26 08:09:00,8,489,0.0001817806197898478,660.64,True,95.0,20240826
SHORT,1404,entry,sell,-1,1,938651,2024-08-27 09:39:00,9,579,0.00041173112656246014,-329.36,False,10.0,20240827
SHORT,1404,exit,buy,-1,1,938661,2024-08-27 09:49:00,9,589,0.0005090248059523542,-329.36,False,10.0,20240827
SHORT,1405,entry,sell,-1,1,939114,2024-08-27 18:22:00,18,1102,0.0002007818393242645,-599.36,False,165.0,20240828
SHORT,1405,exit,buy,-1,1,939279,2024-08-27 21:07:00,21,1267,0.00012873857703688603,-599.36,False,165.0,20240828
SHORT,1406,entry,sell,-1,1,939311,2024-08-27 21:39:00,21,1299,0.00012114149488251404,-439.36,False,13.0,20240828
SHORT,1406,exit,buy,-1,1,939324,2024-08-27 21:52:00,21,1312,0.00011189623753430994,-439.36,False,13.0,20240828
SHORT,1407,entry,sell,-1,1,939923,2024-08-28 07:51:00,7,471,0.00011450732423042129,130.64,True,26.0,20240828
SHORT,1407,exit,buy,-1,1,939949,2024-08-28 08:17:00,8,497,0.00015667266266913008,130.64,True,26.0,20240828
SHORT,1408,entry,sell,-1,1,940008,2024-08-28 09:16:00,9,556,0.00015607758888187598,-214.36,False,7.0,20240828
SHORT,1408,exit,buy,-1,1,940015,2024-08-28 09:23:00,9,563,0.00017494073991883015,-214.36,False,7.0,20240828
SHORT,1409,entry,sell,-1,1,940029,2024-08-28 09:37:00,9,577,0.0002863058266397516,80.64,True,6.0,20240828
SHORT,1409,exit,buy,-1,1,940035,2024-08-28 09:43:00,9,583,0.0003594625387746843,80.64,True,6.0,20240828
SHORT,1410,entry,sell,-1,1,940036,2024-08-28 09:44:00,9,584,0.00035871808083918263,325.64,True,1.0,20240828
SHORT,1410,exit,buy,-1,1,940037,2024-08-28 09:45:00,9,585,0.0003710846475751584,325.64,True,1.0,20240828
SHORT,1411,entry,sell,-1,1,940038,2024-08-28 09:46:00,9,586,0.00037523011321246647,150.64,True,34.0,20240828
SHORT,1411,exit,buy,-1,1,940072,2024-08-28 10:20:00,10,620,0.00044157698681682715,150.64,True,34.0,20240828
SHORT,1412,entry,sell,-1,1,940093,2024-08-28 10:41:00,10,641,0.0003914390164557015,2865.64,True,56.0,20240828
SHORT,1412,exit,buy,-1,1,940149,2024-08-28 11:37:00,11,697,0.0004662398339711076,2865.64,True,56.0,20240828
SHORT,1413,entry,sell,-1,1,942834,2024-08-30 10:22:00,10,622,0.0006151675360681684,1345.64,True,195.0,20240830
SHORT,1413,exit,buy,-1,1,943029,2024-08-30 13:37:00,13,817,0.00027817272014988344,1345.64,True,195.0,20240830
SHORT,1414,entry,sell,-1,1,943608,2024-09-02 00:16:00,0,16,0.0001453429657376267,-104.36,False,25.0,20240902
SHORT,1414,exit,buy,-1,1,943633,2024-09-02 00:41:00,0,41,0.00010190086608578598,-104.36,False,25.0,20240902
SHORT,1415,entry,sell,-1,1,943773,2024-09-02 03:01:00,3,181,0.000140526271258804,90.64,True,60.0,20240902
SHORT,1415,exit,buy,-1,1,943833,2024-09-02 04:01:00,4,241,0.00021232946064446708,90.64,True,60.0,20240902
SHORT,1416,entry,sell,-1,1,944118,2024-09-02 08:46:00,8,526,9.435817414814537e-05,-144.36,False,4.0,20240902
SHORT,1416,exit,buy,-1,1,944122,2024-09-02 08:50:00,8,530,9.975654743243163e-05,-144.36,False,4.0,20240902
SHORT,1417,entry,sell,-1,1,944133,2024-09-02 09:01:00,9,541,9.861241561988457e-05,-39.36,False,1.0,20240902
SHORT,1417,exit,buy,-1,1,944134,2024-09-02 09:02:00,9,542,9.876819990103615e-05,-39.36,False,1.0,20240902
SHORT,1418,entry,sell,-1,1,945304,2024-09-03 09:33:00,9,573,0.0003442542913648323,4285.64,True,100.0,20240903
SHORT,1418,exit,buy,-1,1,945404,2024-09-03 11:13:00,11,673,0.00046911672371741006,4285.64,True,100.0,20240903
SHORT,1419,entry,sell,-1,1,945909,2024-09-03 20:38:00,20,1238,0.00022718161656551454,835.64,True,56.0,20240904
SHORT,1419,exit,buy,-1,1,945965,2024-09-03 21:34:00,21,1294,0.0004959745845264936,835.64,True,56.0,20240904
SHORT,1420,entry,sell,-1,1,946106,2024-09-03 23:55:00,23,1435,0.00022061928356496347,-779.36,False,14.0,20240904
SHORT,1420,exit,buy,-1,1,946120,2024-09-04 00:09:00,0,9,0.0002073709654024878,-779.36,False,14.0,20240904
SHORT,1421,entry,sell,-1,1,946162,2024-09-04 00:51:00,0,51,0.00022599553182131972,-929.36,False,98.0,20240904
SHORT,1421,exit,buy,-1,1,946260,2024-09-04 02:29:00,2,149,0.00033268605561003,-929.36,False,98.0,20240904
SHORT,1422,entry,sell,-1,1,946288,2024-09-04 02:57:00,2,177,0.0002983622339220586,-799.36,False,17.0,20240904
SHORT,1422,exit,buy,-1,1,946305,2024-09-04 03:14:00,3,194,0.00029350299183634587,-799.36,False,17.0,20240904
SHORT,1423,entry,sell,-1,1,951400,2024-09-09 20:09:00,20,1209,0.000140494516148147,285.64,True,451.0,20240910
SHORT,1423,exit,buy,-1,1,951851,2024-09-10 03:40:00,3,220,0.0002317651242517353,285.64,True,451.0,20240910
SHORT,1424,entry,sell,-1,1,951906,2024-09-10 04:35:00,4,275,0.0002234564882204221,155.64,True,68.0,20240910
SHORT,1424,exit,buy,-1,1,951974,2024-09-10 05:43:00,5,343,0.00027605359698266773,155.64,True,68.0,20240910
SHORT,1425,entry,sell,-1,1,952007,2024-09-10 06:16:00,6,376,0.00019698789564763608,-629.36,False,13.0,20240910
SHORT,1425,exit,buy,-1,1,952020,2024-09-10 06:29:00,6,389,0.00019714935571262353,-629.36,False,13.0,20240910
SHORT,1426,entry,sell,-1,1,952048,2024-09-10 06:57:00,6,417,0.00020530815123995876,-549.36,False,12.0,20240910
SHORT,1426,exit,buy,-1,1,952060,2024-09-10 07:09:00,7,429,0.00022314185251092332,-549.36,False,12.0,20240910
SHORT,1427,entry,sell,-1,1,952208,2024-09-10 09:37:00,9,577,0.00039047066919789997,-459.36,False,8.0,20240910
SHORT,1427,exit,buy,-1,1,952216,2024-09-10 09:45:00,9,585,0.00043286190875392567,-459.36,False,8.0,20240910
SHORT,1428,entry,sell,-1,1,952222,2024-09-10 09:51:00,9,591,0.00046828410382279104,-749.36,False,3.0,20240910
SHORT,1428,exit,buy,-1,1,952225,2024-09-10 09:54:00,9,594,0.0004935056907681802,-749.36,False,3.0,20240910
SHORT,1429,entry,sell,-1,1,952865,2024-09-10 21:34:00,21,1294,0.00024426095496861276,-454.36,False,10.0,20240911
SHORT,1429,exit,buy,-1,1,952875,2024-09-10 21:44:00,21,1304,0.0003152840473890238,-454.36,False,10.0,20240911
SHORT,1430,entry,sell,-1,1,952904,2024-09-10 22:13:00,22,1333,0.0003457768925201276,485.64,True,227.0,20240911
SHORT,1430,exit,buy,-1,1,953131,2024-09-11 02:00:00,2,120,0.000183728259421599,485.64,True,227.0,20240911
SHORT,1431,entry,sell,-1,1,953292,2024-09-11 04:41:00,4,281,0.0002446883609565679,-634.36,False,76.0,20240911
SHORT,1431,exit,buy,-1,1,953368,2024-09-11 05:57:00,5,357,0.00019046124254708485,-634.36,False,76.0,20240911
SHORT,1432,entry,sell,-1,1,953522,2024-09-11 08:31:00,8,511,0.0006447096283787329,-894.36,False,7.0,20240911
SHORT,1432,exit,buy,-1,1,953529,2024-09-11 08:38:00,8,518,0.0006881576416544312,-894.36,False,7.0,20240911
SHORT,1433,entry,sell,-1,1,954964,2024-09-12 09:33:00,9,573,0.00038633715098467035,-649.36,False,1.0,20240912
SHORT,1433,exit,buy,-1,1,954965,2024-09-12 09:34:00,9,574,0.0004249142591274699,-649.36,False,1.0,20240912
SHORT,1434,entry,sell,-1,1,954968,2024-09-12 09:37:00,9,577,0.00042956808012535917,-1109.36,False,37.0,20240912
SHORT,1434,exit,buy,-1,1,955005,2024-09-12 10:14:00,10,614,0.0006940445961125569,-1109.36,False,37.0,20240912
SHORT,1435,entry,sell,-1,1,957715,2024-09-16 09:33:00,9,573,0.00027868216254419115,570.64,True,6.0,20240916
SHORT,1435,exit,buy,-1,1,957721,2024-09-16 09:39:00,9,579,0.0003747312283761525,570.64,True,6.0,20240916
SHORT,1436,entry,sell,-1,1,957763,2024-09-16 10:21:00,10,621,0.0005730488466979631,855.64,True,21.0,20240916
SHORT,1436,exit,buy,-1,1,957784,2024-09-16 10:42:00,10,642,0.0006050182524897324,855.64,True,21.0,20240916
SHORT,1437,entry,sell,-1,1,959266,2024-09-17 12:24:00,12,744,0.00035463326822680966,-494.36,False,213.0,20240917
SHORT,1437,exit,buy,-1,1,959479,2024-09-17 15:57:00,15,957,0.0002933480236057111,-494.36,False,213.0,20240917
SHORT,1438,entry,sell,-1,1,960743,2024-09-18 14:02:00,14,842,0.0010028609195126745,4145.64,True,158.0,20240918
SHORT,1438,exit,buy,-1,1,960901,2024-09-18 16:40:00,16,1000,0.00048118786091056094,4145.64,True,158.0,20240918
SHORT,1439,entry,sell,-1,1,964612,2024-09-23 09:34:00,9,574,0.00029549253532554307,170.64,True,1.0,20240923
SHORT,1439,exit,buy,-1,1,964613,2024-09-23 09:35:00,9,575,0.0003009646328668753,170.64,True,1.0,20240923
SHORT,1440,entry,sell,-1,1,964615,2024-09-23 09:37:00,9,577,0.0003239054545532209,-149.36,False,2.0,20240923
SHORT,1440,exit,buy,-1,1,964617,2024-09-23 09:39:00,9,579,0.00032646566008064743,-149.36,False,2.0,20240923
SHORT,1441,entry,sell,-1,1,965310,2024-09-23 22:12:00,22,1332,0.00016701106519335934,-54.36,False,37.0,20240924
SHORT,1441,exit,buy,-1,1,965347,2024-09-23 22:49:00,22,1369,0.00015179467966411526,-54.36,False,37.0,20240924
SHORT,1442,entry,sell,-1,1,965840,2024-09-24 07:02:00,7,422,0.0001874196959744409,310.64,True,22.0,20240924
SHORT,1442,exit,buy,-1,1,965862,2024-09-24 07:24:00,7,444,0.00023999929233861305,310.64,True,22.0,20240924
SHORT,1443,entry,sell,-1,1,966019,2024-09-24 10:01:00,10,601,0.000414970626202886,-49.36,False,12.0,20240924
SHORT,1443,exit,buy,-1,1,966031,2024-09-24 10:13:00,10,613,0.00046556424367807426,-49.36,False,12.0,20240924
SHORT,1444,entry,sell,-1,1,966041,2024-09-24 10:23:00,10,623,0.0005013893955444087,-599.36,False,24.0,20240924
SHORT,1444,exit,buy,-1,1,966065,2024-09-24 10:47:00,10,647,0.0005803123774596234,-599.36,False,24.0,20240924
SHORT,1445,entry,sell,-1,1,966637,2024-09-24 21:19:00,21,1279,0.00016674003074291296,415.64,True,366.0,20240925
SHORT,1445,exit,buy,-1,1,967003,2024-09-25 03:25:00,3,205,0.00018455205362764558,415.64,True,366.0,20240925
SHORT,1446,entry,sell,-1,1,967082,2024-09-25 04:44:00,4,284,0.00014345119747666393,-389.36,False,58.0,20240925
SHORT,1446,exit,buy,-1,1,967140,2024-09-25 05:42:00,5,342,0.0001376575758670856,-389.36,False,58.0,20240925
SHORT,1447,entry,sell,-1,1,968750,2024-09-26 09:32:00,9,572,0.0002339356331784337,2815.64,True,385.0,20240926
SHORT,1447,exit,buy,-1,1,969135,2024-09-26 15:57:00,15,957,0.00022367356445318618,2815.64,True,385.0,20240926
SHORT,1448,entry,sell,-1,1,969321,2024-09-26 20:03:00,20,1203,0.00014824284637274742,-179.36,False,244.0,20240927
SHORT,1448,exit,buy,-1,1,969565,2024-09-27 00:07:00,0,7,0.00013656736833174744,-179.36,False,244.0,20240927
SHORT,1449,entry,sell,-1,1,969646,2024-09-27 01:28:00,1,88,0.00015186091071985145,-164.36,False,36.0,20240927
SHORT,1449,exit,buy,-1,1,969682,2024-09-27 02:04:00,2,124,0.00019571201401263777,-164.36,False,36.0,20240927
SHORT,1450,entry,sell,-1,1,969694,2024-09-27 02:16:00,2,136,0.00019396820594421097,5.64,True,1.0,20240927
SHORT,1450,exit,buy,-1,1,969695,2024-09-27 02:17:00,2,137,0.00019357183621692537,5.64,True,1.0,20240927
SHORT,1451,entry,sell,-1,1,969701,2024-09-27 02:23:00,2,143,0.00020811424562516172,45.64,True,43.0,20240927
SHORT,1451,exit,buy,-1,1,969744,2024-09-27 03:06:00,3,186,0.00027168316563402114,45.64,True,43.0,20240927
SHORT,1452,entry,sell,-1,1,969762,2024-09-27 03:24:00,3,204,0.00023843004436933745,-439.36,False,59.0,20240927
SHORT,1452,exit,buy,-1,1,969821,2024-09-27 04:23:00,4,263,0.0003097272829902043,-439.36,False,59.0,20240927
SHORT,1453,entry,sell,-1,1,969842,2024-09-27 04:44:00,4,284,0.00023946845017489184,-644.36,False,33.0,20240927
SHORT,1453,exit,buy,-1,1,969875,2024-09-27 05:17:00,5,317,0.0002102131080358844,-644.36,False,33.0,20240927
SHORT,1454,entry,sell,-1,1,972420,2024-10-01 01:42:00,1,102,0.0001086280426565676,-199.36,False,4.0,20241001
SHORT,1454,exit,buy,-1,1,972424,2024-10-01 01:46:00,1,106,0.00011670236989382775,-199.36,False,4.0,20241001
SHORT,1455,entry,sell,-1,1,972425,2024-10-01 01:47:00,1,107,0.00011742736161266703,-124.36,False,1.0,20241001
SHORT,1455,exit,buy,-1,1,972426,2024-10-01 01:48:00,1,108,0.00012122796832190527,-124.36,False,1.0,20241001
SHORT,1456,entry,sell,-1,1,972435,2024-10-01 01:57:00,1,117,0.00013968030019529182,150.64,True,6.0,20241001
SHORT,1456,exit,buy,-1,1,972441,2024-10-01 02:03:00,2,123,0.00014858606608073656,150.64,True,6.0,20241001
SHORT,1457,entry,sell,-1,1,972442,2024-10-01 02:04:00,2,124,0.00014982305012581752,-94.36,False,2.0,20241001
SHORT,1457,exit,buy,-1,1,972444,2024-10-01 02:06:00,2,126,0.000153205069204636,-94.36,False,2.0,20241001
SHORT,1458,entry,sell,-1,1,972445,2024-10-01 02:07:00,2,127,0.00015609543973408503,-79.36,False,8.0,20241001
SHORT,1458,exit,buy,-1,1,972453,2024-10-01 02:15:00,2,135,0.00016425733730074624,-79.36,False,8.0,20241001
SHORT,1459,entry,sell,-1,1,972457,2024-10-01 02:19:00,2,139,0.000163907188154671,-174.36,False,13.0,20241001
SHORT,1459,exit,buy,-1,1,972470,2024-10-01 02:32:00,2,152,0.0001666805793798538,-174.36,False,13.0,20241001
SHORT,1460,entry,sell,-1,1,972508,2024-10-01 03:10:00,3,190,0.00020044384283858378,-184.36,False,16.0,20241001
SHORT,1460,exit,buy,-1,1,972524,2024-10-01 03:26:00,3,206,0.0002433389836771103,-184.36,False,16.0,20241001
SHORT,1461,entry,sell,-1,1,972892,2024-10-01 09:34:00,9,574,0.0003407385698695978,2760.64,True,25.0,20241001
SHORT,1461,exit,buy,-1,1,972917,2024-10-01 09:59:00,9,599,0.0006015324576243866,2760.64,True,25.0,20241001
SHORT,1462,entry,sell,-1,1,974855,2024-10-02 20:17:00,20,1217,0.00026386456439615003,1730.64,True,481.0,20241003
SHORT,1462,exit,buy,-1,1,975336,2024-10-03 04:18:00,4,258,0.0003616129594390592,1730.64,True,481.0,20241003
SHORT,1463,entry,sell,-1,1,977053,2024-10-04 09:55:00,9,595,0.0004171898466221819,-1644.36,False,362.0,20241004
SHORT,1463,exit,buy,-1,1,977415,2024-10-04 15:57:00,15,957,0.0002452103303810992,-1644.36,False,362.0,20241004
SHORT,1464,entry,sell,-1,1,978039,2024-10-07 03:21:00,3,201,0.0002708057892783635,1205.64,True,212.0,20241007
SHORT,1464,exit,buy,-1,1,978251,2024-10-07 06:53:00,6,413,0.00014869340693526593,1205.64,True,212.0,20241007
SHORT,1465,entry,sell,-1,1,978893,2024-10-07 18:35:00,18,1115,0.0003723049800708652,-1394.36,False,94.0,20241008
SHORT,1465,exit,buy,-1,1,978987,2024-10-07 20:09:00,20,1209,0.00021184383100156682,-1394.36,False,94.0,20241008
SHORT,1466,entry,sell,-1,1,982568,2024-10-10 09:50:00,9,590,0.00037653378165777314,-1134.36,False,6.0,20241010
SHORT,1466,exit,buy,-1,1,982574,2024-10-10 09:56:00,9,596,0.00043668213938474363,-1134.36,False,6.0,20241010
SHORT,1467,entry,sell,-1,1,986750,2024-10-15 10:32:00,10,632,0.0004756601137014962,2115.64,True,10.0,20241015
SHORT,1467,exit,buy,-1,1,986760,2024-10-15 10:42:00,10,642,0.0006369142972098017,2115.64,True,10.0,20241015
SHORT,1468,entry,sell,-1,1,988084,2024-10-16 09:46:00,9,586,0.0004230664621324707,-1464.36,False,50.0,20241016
SHORT,1468,exit,buy,-1,1,988134,2024-10-16 10:36:00,10,636,0.000498504555333943,-1464.36,False,50.0,20241016
SHORT,1469,entry,sell,-1,1,989449,2024-10-17 09:32:00,9,572,0.0002513268018720684,1675.64,True,14.0,20241017
SHORT,1469,exit,buy,-1,1,989463,2024-10-17 09:46:00,9,586,0.00048144630963058025,1675.64,True,14.0,20241017
SHORT,1470,entry,sell,-1,1,990829,2024-10-18 09:32:00,9,572,0.0003420213089770408,-554.36,False,7.0,20241018
SHORT,1470,exit,buy,-1,1,990836,2024-10-18 09:39:00,9,579,0.00038148215117316805,-554.36,False,7.0,20241018
SHORT,1471,entry,sell,-1,1,990847,2024-10-18 09:50:00,9,590,0.00043605379023793834,-644.36,False,6.0,20241018
SHORT,1471,exit,buy,-1,1,990853,2024-10-18 09:56:00,9,596,0.0004589599594119961,-644.36,False,6.0,20241018
SHORT,1472,entry,sell,-1,1,990912,2024-10-18 10:55:00,10,655,0.00033720158206150113,-214.36,False,7.0,20241018
SHORT,1472,exit,buy,-1,1,990919,2024-10-18 11:02:00,11,662,0.00034388341358683667,-214.36,False,7.0,20241018
SHORT,1473,entry,sell,-1,1,991753,2024-10-21 01:56:00,1,116,8.716508320460938e-05,-39.36,False,22.0,20241021
SHORT,1473,exit,buy,-1,1,991775,2024-10-21 02:18:00,2,138,9.553578646726143e-05,-39.36,False,22.0,20241021
SHORT,1474,entry,sell,-1,1,991800,2024-10-21 02:43:00,2,163,0.00011779640009184086,-434.36,False,26.0,20241021
SHORT,1474,exit,buy,-1,1,991826,2024-10-21 03:09:00,3,189,0.00013410339365459148,-434.36,False,26.0,20241021
SHORT,1475,entry,sell,-1,1,991848,2024-10-21 03:31:00,3,211,0.0001478765529631098,-404.36,False,9.0,20241021
SHORT,1475,exit,buy,-1,1,991857,2024-10-21 03:40:00,3,220,0.00015136125232608372,-404.36,False,9.0,20241021
SHORT,1476,entry,sell,-1,1,991964,2024-10-21 05:27:00,5,327,0.00010030785504563746,45.64,True,14.0,20241021
SHORT,1476,exit,buy,-1,1,991978,2024-10-21 05:41:00,5,341,0.00017418364907032647,45.64,True,14.0,20241021
SHORT,1477,entry,sell,-1,1,992042,2024-10-21 06:45:00,6,405,0.00016316459369505247,470.64,True,89.0,20241021
SHORT,1477,exit,buy,-1,1,992131,2024-10-21 08:14:00,8,494,0.00019954934673171025,470.64,True,89.0,20241021
SHORT,1478,entry,sell,-1,1,992786,2024-10-21 20:09:00,20,1209,9.268528594138294e-05,250.64,True,455.0,20241022
SHORT,1478,exit,buy,-1,1,993240,2024-10-22 03:44:00,3,224,0.00015743713865452034,250.64,True,455.0,20241022
SHORT,1479,entry,sell,-1,1,993250,2024-10-22 03:54:00,3,234,0.00017029335091205806,975.64,True,149.0,20241022
SHORT,1479,exit,buy,-1,1,993399,2024-10-22 06:23:00,6,383,0.00019748201400397806,975.64,True,149.0,20241022
SHORT,1480,entry,sell,-1,1,995070,2024-10-23 11:14:00,11,674,0.0004121290566716909,-359.36,False,32.0,20241023
SHORT,1480,exit,buy,-1,1,995102,2024-10-23 11:46:00,11,706,0.00037145243069823015,-359.36,False,32.0,20241023
SHORT,1481,entry,sell,-1,1,995120,2024-10-23 12:04:00,12,724,0.00041366363423776445,315.64,True,46.0,20241023
SHORT,1481,exit,buy,-1,1,995166,2024-10-23 12:50:00,12,770,0.0003718617772658895,315.64,True,46.0,20241023
SHORT,1482,entry,sell,-1,1,995178,2024-10-23 13:02:00,13,782,0.0003659964594473909,1875.64,True,86.0,20241023
SHORT,1482,exit,buy,-1,1,995264,2024-10-23 14:28:00,14,868,0.00034615737456843653,1875.64,True,86.0,20241023
SHORT,1483,entry,sell,-1,1,996348,2024-10-24 09:32:00,9,572,0.0003090543985468651,-839.36,False,64.0,20241024
SHORT,1483,exit,buy,-1,1,996412,2024-10-24 10:36:00,10,636,0.0004631213223109191,-839.36,False,64.0,20241024
SHORT,1484,entry,sell,-1,1,1001407,2024-10-30 01:51:00,1,111,0.00010969048974253005,-554.36,False,23.0,20241030
SHORT,1484,exit,buy,-1,1,1001430,2024-10-30 02:14:00,2,134,0.00011811886193478172,-554.36,False,23.0,20241030
SHORT,1485,entry,sell,-1,1,1001842,2024-10-30 09:06:00,9,546,0.00023098402654471136,-299.36,False,6.0,20241030
SHORT,1485,exit,buy,-1,1,1001848,2024-10-30 09:12:00,9,552,0.00024244626515598262,-299.36,False,6.0,20241030
SHORT,1486,entry,sell,-1,1,1001867,2024-10-30 09:31:00,9,571,0.0002945430138907241,-569.36,False,1.0,20241030
SHORT,1486,exit,buy,-1,1,1001868,2024-10-30 09:32:00,9,572,0.0003391190428132051,-569.36,False,1.0,20241030
SHORT,1487,entry,sell,-1,1,1003248,2024-10-31 09:32:00,9,572,0.0003608406790417708,-44.36,False,6.0,20241031
SHORT,1487,exit,buy,-1,1,1003254,2024-10-31 09:38:00,9,578,0.0004340098179820012,-44.36,False,6.0,20241031
SHORT,1488,entry,sell,-1,1,1003261,2024-10-31 09:45:00,9,585,0.00046902671801878136,1815.64,True,32.0,20241031
SHORT,1488,exit,buy,-1,1,1003293,2024-10-31 10:17:00,10,617,0.0006089923821755706,1815.64,True,32.0,20241031
SHORT,1489,entry,sell,-1,1,1006010,2024-11-04 09:34:00,9,574,0.0003146590139245101,230.64,True,7.0,20241104
SHORT,1489,exit,buy,-1,1,1006017,2024-11-04 09:41:00,9,581,0.00041727146841899373,230.64,True,7.0,20241104
SHORT,1490,entry,sell,-1,1,1006138,2024-11-04 11:42:00,11,702,0.0003569295733997909,425.64,True,42.0,20241104
SHORT,1490,exit,buy,-1,1,1006180,2024-11-04 12:24:00,12,744,0.00040393937511049466,425.64,True,42.0,20241104
SHORT,1491,entry,sell,-1,1,1006372,2024-11-04 15:36:00,15,936,0.00019620680235227076,-559.36,False,34.0,20241104
SHORT,1491,exit,buy,-1,1,1006406,2024-11-04 16:10:00,16,970,0.0002938916257497963,-559.36,False,34.0,20241104
SHORT,1492,entry,sell,-1,1,1007910,2024-11-05 19:14:00,19,1154,0.00019794511398578708,-359.36,False,6.0,20241106
SHORT,1492,exit,buy,-1,1,1007916,2024-11-05 19:20:00,19,1160,0.00020541973663405687,-359.36,False,6.0,20241106
SHORT,1493,entry,sell,-1,1,1007917,2024-11-05 19:21:00,19,1161,0.0002064249745440401,90.64,True,1.0,20241106
SHORT,1493,exit,buy,-1,1,1007918,2024-11-05 19:22:00,19,1162,0.0002067037354172514,90.64,True,1.0,20241106
SHORT,1494,entry,sell,-1,1,1008207,2024-11-06 00:11:00,0,11,0.0005066293392922044,-1234.36,False,17.0,20241106
SHORT,1494,exit,buy,-1,1,1008224,2024-11-06 00:28:00,0,28,0.0005521771871963927,-1234.36,False,17.0,20241106
SHORT,1495,entry,sell,-1,1,1009319,2024-11-06 19:43:00,19,1183,0.00013003167559997244,-624.36,False,50.0,20241107
SHORT,1495,exit,buy,-1,1,1009369,2024-11-06 20:33:00,20,1233,0.00014176338131334057,-624.36,False,50.0,20241107
SHORT,1496,entry,sell,-1,1,1011296,2024-11-08 05:40:00,5,340,0.00015752854805578108,15.64,True,38.0,20241108
SHORT,1496,exit,buy,-1,1,1011334,2024-11-08 06:18:00,6,378,0.00022521041443042888,15.64,True,38.0,20241108
SHORT,1497,entry,sell,-1,1,1011453,2024-11-08 08:17:00,8,497,0.00012627686278019368,-949.36,False,74.0,20241108
SHORT,1497,exit,buy,-1,1,1011527,2024-11-08 09:31:00,9,571,0.00022414311130009975,-949.36,False,74.0,20241108
SHORT,1498,entry,sell,-1,1,1012923,2024-11-11 09:47:00,9,587,0.00033392863906636736,505.64,True,22.0,20241111
SHORT,1498,exit,buy,-1,1,1012945,2024-11-11 10:09:00,10,609,0.00039564384852737244,505.64,True,22.0,20241111
SHORT,1499,entry,sell,-1,1,1013118,2024-11-11 13:02:00,13,782,0.0002268150386142813,-199.36,False,34.0,20241111
SHORT,1499,exit,buy,-1,1,1013152,2024-11-11 13:36:00,13,816,0.0002917103699603185,-199.36,False,34.0,20241111
SHORT,1500,entry,sell,-1,1,1013589,2024-11-11 21:53:00,21,1313,0.00012343235100324072,-369.36,False,34.0,20241112
SHORT,1500,exit,buy,-1,1,1013623,2024-11-11 22:27:00,22,1347,0.0001232217333290049,-369.36,False,34.0,20241112
SHORT,1501,entry,sell,-1,1,1014022,2024-11-12 05:06:00,5,306,0.00019219996394531647,-4.36,False,47.0,20241112
SHORT,1501,exit,buy,-1,1,1014069,2024-11-12 05:53:00,5,353,0.0002298201179979564,-4.36,False,47.0,20241112
SHORT,1502,entry,sell,-1,1,1014198,2024-11-12 08:02:00,8,482,0.00016422248078178518,-664.36,False,20.0,20241112
SHORT,1502,exit,buy,-1,1,1014218,2024-11-12 08:22:00,8,502,0.00017500337047574792,-664.36,False,20.0,20241112
SHORT,1503,entry,sell,-1,1,1014289,2024-11-12 09:33:00,9,573,0.00017142407326227365,-949.36,False,3.0,20241112
SHORT,1503,exit,buy,-1,1,1014292,2024-11-12 09:36:00,9,576,0.00023215307544604755,-949.36,False,3.0,20241112
SHORT,1504,entry,sell,-1,1,1014765,2024-11-12 18:29:00,18,1109,0.0001202380675995371,195.64,True,101.0,20241113
SHORT,1504,exit,buy,-1,1,1014866,2024-11-12 20:10:00,20,1210,8.992283322493852e-05,195.64,True,101.0,20241113
SHORT,1505,entry,sell,-1,1,1015131,2024-11-13 00:35:00,0,35,7.784740770688896e-05,-479.36,False,176.0,20241113
SHORT,1505,exit,buy,-1,1,1015307,2024-11-13 03:31:00,3,211,0.00011521237031614496,-479.36,False,176.0,20241113
SHORT,1506,entry,sell,-1,1,1015625,2024-11-13 08:49:00,8,529,0.0003934099317598869,590.64,True,56.0,20241113
SHORT,1506,exit,buy,-1,1,1015681,2024-11-13 09:45:00,9,585,0.0003532727461051875,590.64,True,56.0,20241113
SHORT,1507,entry,sell,-1,1,1015685,2024-11-13 09:49:00,9,589,0.0003675423051916167,-29.36,False,6.0,20241113
SHORT,1507,exit,buy,-1,1,1015691,2024-11-13 09:55:00,9,595,0.0003977630757694608,-29.36,False,6.0,20241113
SHORT,1508,entry,sell,-1,1,1015692,2024-11-13 09:56:00,9,596,0.00039465540927136186,-529.36,False,116.0,20241113
SHORT,1508,exit,buy,-1,1,1015808,2024-11-13 11:52:00,11,712,0.0003428653064864157,-529.36,False,116.0,20241113
SHORT,1509,entry,sell,-1,1,1015809,2024-11-13 11:53:00,11,713,0.0003425400014629012,-64.36,False,1.0,20241113
SHORT,1509,exit,buy,-1,1,1015810,2024-11-13 11:54:00,11,714,0.00034247579372165873,-64.36,False,1.0,20241113
SHORT,1510,entry,sell,-1,1,1016000,2024-11-13 15:04:00,15,904,0.00029370730348590946,-469.36,False,8.0,20241113
SHORT,1510,exit,buy,-1,1,1016008,2024-11-13 15:12:00,15,912,0.0003049675332786046,-469.36,False,8.0,20241113
SHORT,1511,entry,sell,-1,1,1016052,2024-11-13 15:56:00,15,956,0.0003182842803248182,-634.36,False,4.0,20241113
SHORT,1511,exit,buy,-1,1,1016056,2024-11-13 16:00:00,16,960,0.00033833256720613715,-634.36,False,4.0,20241113
SHORT,1512,entry,sell,-1,1,1017097,2024-11-14 10:21:00,10,621,0.0005459287179302722,-389.36,False,7.0,20241114
SHORT,1512,exit,buy,-1,1,1017104,2024-11-14 10:28:00,10,628,0.0005619025576362512,-389.36,False,7.0,20241114
SHORT,1513,entry,sell,-1,1,1017384,2024-11-14 15:08:00,15,908,0.0003029412822960604,435.64,True,92.0,20241114
SHORT,1513,exit,buy,-1,1,1017476,2024-11-14 16:40:00,16,1000,0.00029518527211669756,435.64,True,92.0,20241114
SHORT,1514,entry,sell,-1,1,1018432,2024-11-15 09:36:00,9,576,0.00024311692870577258,-114.36,False,13.0,20241115
SHORT,1514,exit,buy,-1,1,1018445,2024-11-15 09:49:00,9,589,0.00030662128662788845,-114.36,False,13.0,20241115
SHORT,1515,entry,sell,-1,1,1018455,2024-11-15 09:59:00,9,599,0.00037637952263752005,2295.64,True,79.0,20241115
SHORT,1515,exit,buy,-1,1,1018534,2024-11-15 11:18:00,11,678,0.0004566238468796759,2295.64,True,79.0,20241115
SHORT,1516,entry,sell,-1,1,1019496,2024-11-18 04:20:00,4,260,0.0002379751022561812,-184.36,False,6.0,20241118
SHORT,1516,exit,buy,-1,1,1019502,2024-11-18 04:26:00,4,266,0.0002445510178081335,-184.36,False,6.0,20241118
SHORT,1517,entry,sell,-1,1,1019503,2024-11-18 04:27:00,4,267,0.00025076607185144415,-19.36,False,3.0,20241118
SHORT,1517,exit,buy,-1,1,1019506,2024-11-18 04:30:00,4,270,0.0002490857195958846,-19.36,False,3.0,20241118
SHORT,1518,entry,sell,-1,1,1019509,2024-11-18 04:33:00,4,273,0.0002487531232113584,-204.36,False,74.0,20241118
SHORT,1518,exit,buy,-1,1,1019583,2024-11-18 05:47:00,5,347,0.0001665628334494561,-204.36,False,74.0,20241118
SHORT,1519,entry,sell,-1,1,1019633,2024-11-18 06:37:00,6,397,0.00011660232163281971,765.64,True,115.0,20241118
SHORT,1519,exit,buy,-1,1,1019748,2024-11-18 08:32:00,8,512,0.0002245350672349383,765.64,True,115.0,20241118
SHORT,1520,entry,sell,-1,1,1019807,2024-11-18 09:31:00,9,571,0.0002379867116028439,-2334.36,False,59.0,20241118
SHORT,1520,exit,buy,-1,1,1019866,2024-11-18 10:30:00,10,630,0.0004200311488443395,-2334.36,False,59.0,20241118
SHORT,1521,entry,sell,-1,1,1020836,2024-11-19 03:40:00,3,220,0.00025879331203112723,-169.36,False,4.0,20241119
SHORT,1521,exit,buy,-1,1,1020840,2024-11-19 03:44:00,3,224,0.00026539043834827457,-169.36,False,4.0,20241119
SHORT,1522,entry,sell,-1,1,1020882,2024-11-19 04:26:00,4,266,0.0003845214082714458,825.64,True,9.0,20241119
SHORT,1522,exit,buy,-1,1,1020891,2024-11-19 04:35:00,4,275,0.00044656908300001177,825.64,True,9.0,20241119
SHORT,1523,entry,sell,-1,1,1021007,2024-11-19 06:31:00,6,391,0.00023231240037798688,-804.36,False,12.0,20241119
SHORT,1523,exit,buy,-1,1,1021019,2024-11-19 06:43:00,6,403,0.00023091559671781646,-804.36,False,12.0,20241119
SHORT,1524,entry,sell,-1,1,1021128,2024-11-19 08:32:00,8,512,0.00019705163690348027,2110.64,True,36.0,20241119
SHORT,1524,exit,buy,-1,1,1021164,2024-11-19 09:08:00,9,548,0.00037983654179193574,2110.64,True,36.0,20241119
SHORT,1525,entry,sell,-1,1,1022568,2024-11-20 09:32:00,9,572,0.00019823640114476372,240.64,True,1.0,20241120
SHORT,1525,exit,buy,-1,1,1022569,2024-11-20 09:33:00,9,573,0.00020673976255581317,240.64,True,1.0,20241120
SHORT,1526,entry,sell,-1,1,1022571,2024-11-20 09:35:00,9,575,0.00023123614134981803,-629.36,False,382.0,20241120
SHORT,1526,exit,buy,-1,1,1022953,2024-11-20 15:57:00,15,957,0.0003390938729702205,-629.36,False,382.0,20241120
SHORT,1527,entry,sell,-1,1,1022977,2024-11-20 16:21:00,16,981,0.000832998584426592,-1869.36,False,3.0,20241120
SHORT,1527,exit,buy,-1,1,1022980,2024-11-20 16:24:00,16,984,0.0009381335248186626,-1869.36,False,3.0,20241120
SHORT,1528,entry,sell,-1,1,1023107,2024-11-20 19:31:00,19,1171,0.0001707329848621945,-634.36,False,395.0,20241121
SHORT,1528,exit,buy,-1,1,1023502,2024-11-21 02:06:00,2,126,0.00013738224395360286,-634.36,False,395.0,20241121
SHORT,1529,entry,sell,-1,1,1023523,2024-11-21 02:27:00,2,147,0.00029183321807834615,-1014.36,False,217.0,20241121
SHORT,1529,exit,buy,-1,1,1023740,2024-11-21 06:04:00,6,364,0.00018873003961596653,-1014.36,False,217.0,20241121
SHORT,1530,entry,sell,-1,1,1025024,2024-11-22 04:28:00,4,268,0.0003045380510039015,-119.36,False,21.0,20241122
SHORT,1530,exit,buy,-1,1,1025045,2024-11-22 04:49:00,4,289,0.00032641257187678463,-119.36,False,21.0,20241122
SHORT,1531,entry,sell,-1,1,1025064,2024-11-22 05:08:00,5,308,0.000389073726190824,-449.36,False,25.0,20241122
SHORT,1531,exit,buy,-1,1,1025089,2024-11-22 05:33:00,5,333,0.00035032602002242055,-449.36,False,25.0,20241122
SHORT,1532,entry,sell,-1,1,1026708,2024-11-25 09:33:00,9,573,0.0003332462871806996,-249.36,False,1.0,20241125
SHORT,1532,exit,buy,-1,1,1026709,2024-11-25 09:34:00,9,574,0.0003385798170984817,-249.36,False,1.0,20241125
SHORT,1533,entry,sell,-1,1,1026727,2024-11-25 09:52:00,9,592,0.0004914373266846668,665.64,True,96.0,20241125
SHORT,1533,exit,buy,-1,1,1026823,2024-11-25 11:28:00,11,688,0.00039809776886613025,665.64,True,96.0,20241125
SHORT,1534,entry,sell,-1,1,1026831,2024-11-25 11:36:00,11,696,0.00037070525302065893,535.64,True,273.0,20241125
SHORT,1534,exit,buy,-1,1,1027104,2024-11-25 16:09:00,16,969,0.00018694086475105074,535.64,True,273.0,20241125
SHORT,1535,entry,sell,-1,1,1027199,2024-11-25 18:44:00,18,1124,0.0002382437971912667,480.64,True,129.0,20241126
SHORT,1535,exit,buy,-1,1,1027328,2024-11-25 20:53:00,20,1253,0.00028130914554075446,480.64,True,129.0,20241126
SHORT,1536,entry,sell,-1,1,1027682,2024-11-26 02:47:00,2,167,0.00020136504980853586,-424.36,False,136.0,20241126
SHORT,1536,exit,buy,-1,1,1027818,2024-11-26 05:03:00,5,303,0.00017281956489901743,-424.36,False,136.0,20241126
SHORT,1537,entry,sell,-1,1,1027845,2024-11-26 05:30:00,5,330,0.00016992997037912306,-569.36,False,38.0,20241126
SHORT,1537,exit,buy,-1,1,1027883,2024-11-26 06:08:00,6,368,0.00015312995267498396,-569.36,False,38.0,20241126
SHORT,1538,entry,sell,-1,1,1028009,2024-11-26 08:14:00,8,494,0.00016246190252093361,-564.36,False,51.0,20241126
SHORT,1538,exit,buy,-1,1,1028060,2024-11-26 09:05:00,9,545,0.000178230877090062,-564.36,False,51.0,20241126
SHORT,1539,entry,sell,-1,1,1028080,2024-11-26 09:25:00,9,565,0.00016495248198269513,-584.36,False,7.0,20241126
SHORT,1539,exit,buy,-1,1,1028087,2024-11-26 09:32:00,9,572,0.00024979058324725524,-584.36,False,7.0,20241126
SHORT,1540,entry,sell,-1,1,1029098,2024-11-27 03:23:00,3,203,0.00018546030201952078,-354.36,False,13.0,20241127
SHORT,1540,exit,buy,-1,1,1029111,2024-11-27 03:36:00,3,216,0.000203015807979288,-354.36,False,13.0,20241127
SHORT,1541,entry,sell,-1,1,1029119,2024-11-27 03:44:00,3,224,0.00021314732710366025,0.6399999999999997,True,8.0,20241127
SHORT,1541,exit,buy,-1,1,1029127,2024-11-27 03:52:00,3,232,0.0002252166380615646,0.6399999999999997,True,8.0,20241127
SHORT,1542,entry,sell,-1,1,1029131,2024-11-27 03:56:00,3,236,0.00022610095311391897,-514.36,False,9.0,20241127
SHORT,1542,exit,buy,-1,1,1029140,2024-11-27 04:05:00,4,245,0.00021903359867400958,-514.36,False,9.0,20241127
SHORT,1543,entry,sell,-1,1,1029155,2024-11-27 04:20:00,4,260,0.0002052687789112726,-209.36,False,98.0,20241127
SHORT,1543,exit,buy,-1,1,1029253,2024-11-27 05:58:00,5,358,0.0001231081409552719,-209.36,False,98.0,20241127
SHORT,1544,entry,sell,-1,1,1029467,2024-11-27 09:32:00,9,572,0.00030810959741724945,1700.64,True,428.0,20241127
SHORT,1544,exit,buy,-1,1,1029895,2024-11-27 16:40:00,16,1000,0.00019235972939116194,1700.64,True,428.0,20241127
SHORT,1545,entry,sell,-1,1,1031151,2024-11-28 19:36:00,19,1176,0.0001114563324622764,10.64,True,49.0,20241129
SHORT,1545,exit,buy,-1,1,1031200,2024-11-28 20:25:00,20,1225,0.00014540843359402673,10.64,True,49.0,20241129
SHORT,1546,entry,sell,-1,1,1031451,2024-11-29 00:36:00,0,36,8.220111703938335e-05,185.64,True,146.0,20241129
SHORT,1546,exit,buy,-1,1,1031597,2024-11-29 03:02:00,3,182,0.00014783402301263426,185.64,True,146.0,20241129
SHORT,1547,entry,sell,-1,1,1031872,2024-11-29 07:37:00,7,457,9.571349362793616e-05,315.64,True,86.0,20241129
SHORT,1547,exit,buy,-1,1,1031958,2024-11-29 09:03:00,9,543,0.00017023171150694412,315.64,True,86.0,20241129
SHORT,1548,entry,sell,-1,1,1031987,2024-11-29 09:32:00,9,572,0.00024659149386222265,15.64,True,1.0,20241129
SHORT,1548,exit,buy,-1,1,1031988,2024-11-29 09:33:00,9,573,0.00024680749383818566,15.64,True,1.0,20241129
SHORT,1549,entry,sell,-1,1,1031989,2024-11-29 09:34:00,9,574,0.00024676546142502067,-714.36,False,4.0,20241129
SHORT,1549,exit,buy,-1,1,1031993,2024-11-29 09:38:00,9,578,0.0002769176050068332,-714.36,False,4.0,20241129
SHORT,1550,entry,sell,-1,1,1032219,2024-12-01 18:09:00,18,1089,0.00023593387570341895,-269.36,False,8.0,20241202
SHORT,1550,exit,buy,-1,1,1032227,2024-12-01 18:17:00,18,1097,0.00022285951418502963,-269.36,False,8.0,20241202
SHORT,1551,entry,sell,-1,1,1032228,2024-12-01 18:18:00,18,1098,0.0002219338376487918,110.64,True,44.0,20241202
SHORT,1551,exit,buy,-1,1,1032272,2024-12-01 19:02:00,19,1142,0.00017049954093964056,110.64,True,44.0,20241202
SHORT,1552,entry,sell,-1,1,1032277,2024-12-01 19:07:00,19,1147,0.0001562841717590332,-9.36,False,1.0,20241202
SHORT,1552,exit,buy,-1,1,1032278,2024-12-01 19:08:00,19,1148,0.00014596303549392414,-9.36,False,1.0,20241202
SHORT,1553,entry,sell,-1,1,1032286,2024-12-01 19:16:00,19,1156,0.00013297817870631823,140.64,True,205.0,20241202
SHORT,1553,exit,buy,-1,1,1032491,2024-12-01 22:41:00,22,1361,7.369067069456108e-05,140.64,True,205.0,20241202
SHORT,1554,entry,sell,-1,1,1040122,2024-12-09 10:53:00,10,653,0.00039486806870449434,295.64,True,27.0,20241209
SHORT,1554,exit,buy,-1,1,1040149,2024-12-09 11:20:00,11,680,0.00046064688284350874,295.64,True,27.0,20241209
SHORT,1555,entry,sell,-1,1,1040331,2024-12-09 14:22:00,14,862,0.0001851560991624152,150.64,True,98.0,20241209
SHORT,1555,exit,buy,-1,1,1040429,2024-12-09 16:00:00,16,960,0.00023000330924156955,150.64,True,98.0,20241209
SHORT,1556,entry,sell,-1,1,1041444,2024-12-10 09:55:00,9,595,0.00027345193914272287,-414.36,False,5.0,20241210
SHORT,1556,exit,buy,-1,1,1041449,2024-12-10 10:00:00,10,600,0.00031822644702533896,-414.36,False,5.0,20241210
SHORT,1557,entry,sell,-1,1,1041480,2024-12-10 10:31:00,10,631,0.00036458897369922417,840.64,True,49.0,20241210
SHORT,1557,exit,buy,-1,1,1041529,2024-12-10 11:20:00,11,680,0.0003393742994677178,840.64,True,49.0,20241210
SHORT,1558,entry,sell,-1,1,1041539,2024-12-10 11:30:00,11,690,0.0003682842728898377,210.64,True,25.0,20241210
SHORT,1558,exit,buy,-1,1,1041564,2024-12-10 11:55:00,11,715,0.0002937943706177931,210.64,True,25.0,20241210
SHORT,1559,entry,sell,-1,1,1041729,2024-12-10 14:40:00,14,880,0.00015933949306176328,490.64,True,71.0,20241210
SHORT,1559,exit,buy,-1,1,1041800,2024-12-10 15:51:00,15,951,0.0002280364094878693,490.64,True,71.0,20241210
SHORT,1560,entry,sell,-1,1,1044180,2024-12-12 09:32:00,9,572,0.00025691029118081915,80.64,True,1.0,20241212
SHORT,1560,exit,buy,-1,1,1044181,2024-12-12 09:33:00,9,573,0.0002573748464348461,80.64,True,1.0,20241212
SHORT,1561,entry,sell,-1,1,1045645,2024-12-13 10:57:00,10,657,0.0004474789978589337,-29.36,False,20.0,20241213
SHORT,1561,exit,buy,-1,1,1045665,2024-12-13 11:17:00,11,677,0.0004858481441847047,-29.36,False,20.0,20241213
SHORT,1562,entry,sell,-1,1,1045689,2024-12-13 11:41:00,11,701,0.00048484139619245744,-159.36,False,4.0,20241213
SHORT,1562,exit,buy,-1,1,1045693,2024-12-13 11:45:00,11,705,0.0004928239371878005,-159.36,False,4.0,20241213
SHORT,1563,entry,sell,-1,1,1045694,2024-12-13 11:46:00,11,706,0.0004935159015973681,-299.36,False,21.0,20241213
SHORT,1563,exit,buy,-1,1,1045715,2024-12-13 12:07:00,12,727,0.0004492015772557285,-299.36,False,21.0,20241213
SHORT,1564,entry,sell,-1,1,1045739,2024-12-13 12:31:00,12,751,0.00036320433371461665,-594.36,False,23.0,20241213
SHORT,1564,exit,buy,-1,1,1045762,2024-12-13 12:54:00,12,774,0.0003059759685716126,-594.36,False,23.0,20241213
SHORT,1565,entry,sell,-1,1,1045766,2024-12-13 12:58:00,12,778,0.0003088633390504007,-589.36,False,11.0,20241213
SHORT,1565,exit,buy,-1,1,1045777,2024-12-13 13:09:00,13,789,0.0003158660661315217,-589.36,False,11.0,20241213
SHORT,1566,entry,sell,-1,1,1048313,2024-12-17 09:32:00,9,572,0.0002576760233988969,-599.36,False,12.0,20241217
SHORT,1566,exit,buy,-1,1,1048325,2024-12-17 09:44:00,9,584,0.0003567246268097954,-599.36,False,12.0,20241217
SHORT,1567,entry,sell,-1,1,1048341,2024-12-17 10:00:00,10,600,0.0004687223742185357,250.64,True,42.0,20241217
SHORT,1567,exit,buy,-1,1,1048383,2024-12-17 10:42:00,10,642,0.0004996496078323848,250.64,True,42.0,20241217
SHORT,1568,entry,sell,-1,1,1048463,2024-12-17 12:02:00,12,722,0.0003082195198837514,-909.36,False,42.0,20241217
SHORT,1568,exit,buy,-1,1,1048505,2024-12-17 12:44:00,12,764,0.0003022216211277613,-909.36,False,42.0,20241217
SHORT,1569,entry,sell,-1,1,1048571,2024-12-17 13:50:00,13,830,0.00020600785486046225,-104.36,False,116.0,20241217
SHORT,1569,exit,buy,-1,1,1048687,2024-12-17 15:46:00,15,946,0.000204976420044261,-104.36,False,116.0,20241217
SHORT,1570,entry,sell,-1,1,1048764,2024-12-17 18:03:00,18,1083,0.0002329381741270947,-839.36,False,43.0,20241218
SHORT,1570,exit,buy,-1,1,1048807,2024-12-17 18:46:00,18,1126,0.00029122151830741737,-839.36,False,43.0,20241218
SHORT,1571,entry,sell,-1,1,1049648,2024-12-18 08:47:00,8,527,0.0001204762975672845,1035.64,True,56.0,20241218
SHORT,1571,exit,buy,-1,1,1049704,2024-12-18 09:43:00,9,583,0.00039779519258437146,1035.64,True,56.0,20241218
SHORT,1572,entry,sell,-1,1,1049969,2024-12-18 14:08:00,14,848,0.0005158949578319427,10820.64,True,101.0,20241218
SHORT,1572,exit,buy,-1,1,1050070,2024-12-18 15:49:00,15,949,0.0010234345369069986,10820.64,True,101.0,20241218
SHORT,1573,entry,sell,-1,1,1051078,2024-12-19 09:37:00,9,577,0.0005352778468377249,75.64,True,12.0,20241219
SHORT,1573,exit,buy,-1,1,1051090,2024-12-19 09:49:00,9,589,0.000736832991180974,75.64,True,12.0,20241219
SHORT,1574,entry,sell,-1,1,1051091,2024-12-19 09:50:00,9,590,0.0007377377190805958,1085.64,True,12.0,20241219
SHORT,1574,exit,buy,-1,1,1051103,2024-12-19 10:02:00,10,602,0.0008190977812852662,1085.64,True,12.0,20241219
SHORT,1575,entry,sell,-1,1,1055984,2024-12-26 03:09:00,3,189,0.00013654620915656612,-109.36,False,2.0,20241226
SHORT,1575,exit,buy,-1,1,1055986,2024-12-26 03:11:00,3,191,0.00014021710649542472,-109.36,False,2.0,20241226
SHORT,1576,entry,sell,-1,1,1055989,2024-12-26 03:14:00,3,194,0.00013992810377915142,965.64,True,21.0,20241226
SHORT,1576,exit,buy,-1,1,1056010,2024-12-26 03:35:00,3,215,0.00027761099014613204,965.64,True,21.0,20241226
SHORT,1577,entry,sell,-1,1,1056021,2024-12-26 03:46:00,3,226,0.0003026907900182321,140.64,True,47.0,20241226
SHORT,1577,exit,buy,-1,1,1056068,2024-12-26 04:33:00,4,273,0.00028384929979245716,140.64,True,47.0,20241226
SHORT,1578,entry,sell,-1,1,1056086,2024-12-26 04:51:00,4,291,0.0002255413151338949,390.64,True,48.0,20241226
SHORT,1578,exit,buy,-1,1,1056134,2024-12-26 05:39:00,5,339,0.00025352388128399724,390.64,True,48.0,20241226
SHORT,1579,entry,sell,-1,1,1058588,2024-12-30 00:33:00,0,33,0.0001222961223284603,4800.64,True,513.0,20241230
SHORT,1579,exit,buy,-1,1,1059101,2024-12-30 09:06:00,9,546,0.00043113407796032354,4800.64,True,513.0,20241230
SHORT,1580,entry,sell,-1,1,1061889,2025-01-02 09:34:00,9,574,0.0004929584887505674,895.64,True,13.0,20250102
SHORT,1580,exit,buy,-1,1,1061902,2025-01-02 09:47:00,9,587,0.000603817283788992,895.64,True,13.0,20250102
SHORT,1581,entry,sell,-1,1,1061948,2025-01-02 10:33:00,10,633,0.0008701128343088295,85.64,True,1.0,20250102
SHORT,1581,exit,buy,-1,1,1061949,2025-01-02 10:34:00,10,634,0.0008103808960060138,85.64,True,1.0,20250102
SHORT,1582,entry,sell,-1,1,1061950,2025-01-02 10:35:00,10,635,0.0008035767004533254,300.64,True,1.0,20250102
SHORT,1582,exit,buy,-1,1,1061951,2025-01-02 10:36:00,10,636,0.0007712208204979396,300.64,True,1.0,20250102
SHORT,1583,entry,sell,-1,1,1063651,2025-01-03 15:57:00,15,957,0.0002666805710916313,485.64,True,43.0,20250103
SHORT,1583,exit,buy,-1,1,1063694,2025-01-03 16:40:00,16,1000,0.00019430867194529254,485.64,True,43.0,20250103
SHORT,1584,entry,sell,-1,1,1065336,2025-01-06 22:02:00,22,1322,0.00016272285610133277,-49.36,False,3.0,20250107
SHORT,1584,exit,buy,-1,1,1065339,2025-01-06 22:05:00,22,1325,0.00016262610750593829,-49.36,False,3.0,20250107
SHORT,1585,entry,sell,-1,1,1065340,2025-01-06 22:06:00,22,1326,0.0001628226475936276,-194.36,False,7.0,20250107
SHORT,1585,exit,buy,-1,1,1065347,2025-01-06 22:13:00,22,1333,0.00017151199761653358,-194.36,False,7.0,20250107
SHORT,1586,entry,sell,-1,1,1065382,2025-01-06 22:48:00,22,1368,0.00017435906209418666,10.64,True,1.0,20250107
SHORT,1586,exit,buy,-1,1,1065383,2025-01-06 22:49:00,22,1369,0.00017423398393086206,10.64,True,1.0,20250107
SHORT,1587,entry,sell,-1,1,1065384,2025-01-06 22:50:00,22,1370,0.00017441429565300066,35.64,True,1.0,20250107
SHORT,1587,exit,buy,-1,1,1065385,2025-01-06 22:51:00,22,1371,0.00016668650507722097,35.64,True,1.0,20250107
SHORT,1588,entry,sell,-1,1,1065386,2025-01-06 22:52:00,22,1372,0.0001577298418410187,-169.36,False,4.0,20250107
SHORT,1588,exit,buy,-1,1,1065390,2025-01-06 22:56:00,22,1376,0.00015689476715183208,-169.36,False,4.0,20250107
SHORT,1589,entry,sell,-1,1,1065402,2025-01-06 23:08:00,23,1388,0.00010995371203967303,60.64,True,1.0,20250107
SHORT,1589,exit,buy,-1,1,1065403,2025-01-06 23:09:00,23,1389,0.00011034112222792962,60.64,True,1.0,20250107
SHORT,1590,entry,sell,-1,1,1065404,2025-01-06 23:10:00,23,1390,0.0001103284017113246,260.64,True,182.0,20250107
SHORT,1590,exit,buy,-1,1,1065586,2025-01-07 02:12:00,2,132,0.0001506198653618664,260.64,True,182.0,20250107
SHORT,1591,entry,sell,-1,1,1065615,2025-01-07 02:41:00,2,161,0.00018380937058612662,-339.36,False,7.0,20250107
SHORT,1591,exit,buy,-1,1,1065622,2025-01-07 02:48:00,2,168,0.00017749498623598504,-339.36,False,7.0,20250107
SHORT,1592,entry,sell,-1,1,1065664,2025-01-07 03:30:00,3,210,0.00017167912345956185,25.64,True,1.0,20250107
SHORT,1592,exit,buy,-1,1,1065665,2025-01-07 03:31:00,3,211,0.00016985671316976938,25.64,True,1.0,20250107
SHORT,1593,entry,sell,-1,1,1065745,2025-01-07 04:51:00,4,291,0.00017884946832824543,-569.36,False,25.0,20250107
SHORT,1593,exit,buy,-1,1,1065770,2025-01-07 05:16:00,5,316,0.00017891244607409778,-569.36,False,25.0,20250107
SHORT,1594,entry,sell,-1,1,1066030,2025-01-07 09:36:00,9,576,0.00023453102217243978,-639.36,False,9.0,20250107
SHORT,1594,exit,buy,-1,1,1066039,2025-01-07 09:45:00,9,585,0.0003256286631811606,-639.36,False,9.0,20250107
SHORT,1595,entry,sell,-1,1,1067226,2025-01-08 06:32:00,6,392,0.0003086683261291068,80.64,True,14.0,20250108
SHORT,1595,exit,buy,-1,1,1067240,2025-01-08 06:46:00,6,406,0.00040542388475145805,80.64,True,14.0,20250108
SHORT,1596,entry,sell,-1,1,1067259,2025-01-08 07:05:00,7,425,0.0004563910790250982,930.64,True,33.0,20250108
SHORT,1596,exit,buy,-1,1,1067292,2025-01-08 07:38:00,7,458,0.0004587112617296147,930.64,True,33.0,20250108
SHORT,1597,entry,sell,-1,1,1067952,2025-01-08 19:38:00,19,1178,0.0001748345885529265,-799.36,False,53.0,20250109
SHORT,1597,exit,buy,-1,1,1068005,2025-01-08 20:31:00,20,1231,0.00015126712089906443,-799.36,False,53.0,20250109
SHORT,1598,entry,sell,-1,1,1068006,2025-01-08 20:32:00,20,1232,0.0001525118530840574,-284.36,False,46.0,20250109
SHORT,1598,exit,buy,-1,1,1068052,2025-01-08 21:18:00,21,1278,0.0001261683200248706,-284.36,False,46.0,20250109
SHORT,1599,entry,sell,-1,1,1068162,2025-01-08 23:08:00,23,1388,0.00013587843550311597,-524.36,False,71.0,20250109
SHORT,1599,exit,buy,-1,1,1068233,2025-01-09 00:19:00,0,19,0.00010101990120527623,-524.36,False,71.0,20250109
SHORT,1600,entry,sell,-1,1,1068801,2025-01-09 18:17:00,18,1097,0.00026415438105969037,1095.64,True,95.0,20250110
SHORT,1600,exit,buy,-1,1,1068896,2025-01-09 19:52:00,19,1192,0.0002452632387822644,1095.64,True,95.0,20250110
SHORT,1601,entry,sell,-1,1,1071716,2025-01-13 20:52:00,20,1252,0.00012978915772917954,-709.36,False,243.0,20250114
SHORT,1601,exit,buy,-1,1,1071959,2025-01-14 00:55:00,0,55,0.00012908050367082356,-709.36,False,243.0,20250114
SHORT,1602,entry,sell,-1,1,1072037,2025-01-14 02:13:00,2,133,0.00013862216046688132,-599.36,False,11.0,20250114
SHORT,1602,exit,buy,-1,1,1072048,2025-01-14 02:24:00,2,144,0.00014618902320429818,-599.36,False,11.0,20250114
SHORT,1603,entry,sell,-1,1,1075237,2025-01-16 09:33:00,9,573,0.0003210292340156602,-204.36,False,9.0,20250116
SHORT,1603,exit,buy,-1,1,1075246,2025-01-16 09:42:00,9,582,0.0003777442245757078,-204.36,False,9.0,20250116
SHORT,1604,entry,sell,-1,1,1075247,2025-01-16 09:43:00,9,583,0.00037820340264298994,715.64,True,27.0,20250116
SHORT,1604,exit,buy,-1,1,1075274,2025-01-16 10:10:00,10,610,0.0005864659168874844,715.64,True,27.0,20250116
SHORT,1605,entry,sell,-1,1,1075301,2025-01-16 10:37:00,10,637,0.0006171010368881301,-1339.36,False,23.0,20250116
SHORT,1605,exit,buy,-1,1,1075324,2025-01-16 11:00:00,11,660,0.0005682565127773872,-1339.36,False,23.0,20250116
SHORT,1606,entry,sell,-1,1,1075345,2025-01-16 11:21:00,11,681,0.0005061519799496573,-99.36,False,38.0,20250116
SHORT,1606,exit,buy,-1,1,1075383,2025-01-16 11:59:00,11,719,0.0005298577019986228,-99.36,False,38.0,20250116
SHORT,1607,entry,sell,-1,1,1075474,2025-01-16 13:30:00,13,810,0.00026677784940066953,-279.36,False,69.0,20250116
SHORT,1607,exit,buy,-1,1,1075543,2025-01-16 14:39:00,14,879,0.00037954759478491456,-279.36,False,69.0,20250116
SHORT,1608,entry,sell,-1,1,1075619,2025-01-16 15:55:00,15,955,0.0002940176604479583,1665.64,True,45.0,20250116
SHORT,1608,exit,buy,-1,1,1075664,2025-01-16 16:40:00,16,1000,0.00029233068534491286,1665.64,True,45.0,20250116
SHORT,1609,entry,sell,-1,1,1078315,2025-01-20 19:51:00,19,1191,0.00031226919004665333,2200.64,True,12.0,20250121
SHORT,1609,exit,buy,-1,1,1078327,2025-01-20 20:03:00,20,1203,0.0007203145276196984,2200.64,True,12.0,20250121
SHORT,1610,entry,sell,-1,1,1080909,2025-01-22 16:05:00,16,965,0.00024314884115993866,180.64,True,35.0,20250122
SHORT,1610,exit,buy,-1,1,1080944,2025-01-22 16:40:00,16,1000,0.0002190152559028594,180.64,True,35.0,20250122
SHORT,1611,entry,sell,-1,1,1082652,2025-01-23 23:26:00,23,1406,0.00013007788038106832,-439.36,False,52.0,20250124
SHORT,1611,exit,buy,-1,1,1082704,2025-01-24 00:18:00,0,18,9.43452872594983e-05,-439.36,False,52.0,20250124
SHORT,1612,entry,sell,-1,1,1082860,2025-01-24 02:54:00,2,174,0.00012463859842463314,-244.36,False,12.0,20250124
SHORT,1612,exit,buy,-1,1,1082872,2025-01-24 03:06:00,3,186,0.00012908319695360918,-244.36,False,12.0,20250124
SHORT,1613,entry,sell,-1,1,1083526,2025-01-24 14:00:00,14,840,0.0002808153939714729,-594.36,False,115.0,20250124
SHORT,1613,exit,buy,-1,1,1083641,2025-01-24 15:55:00,15,955,0.00024334463485092904,-594.36,False,115.0,20250124
SHORT,1614,entry,sell,-1,1,1083707,2025-01-26 18:01:00,18,1081,0.00010466819295246016,16005.64,True,715.0,20250127
SHORT,1614,exit,buy,-1,1,1084422,2025-01-27 05:56:00,5,356,0.0007295058852237844,16005.64,True,715.0,20250127
SHORT,1615,entry,sell,-1,1,1085115,2025-01-27 18:29:00,18,1109,0.0004004332191872627,-1424.36,False,245.0,20250128
SHORT,1615,exit,buy,-1,1,1085360,2025-01-27 22:34:00,22,1354,0.00018941618846904186,-1424.36,False,245.0,20250128
SHORT,1616,entry,sell,-1,1,1087339,2025-01-29 08:33:00,8,513,0.0002312678629846819,-254.36,False,6.0,20250129
SHORT,1616,exit,buy,-1,1,1087345,2025-01-29 08:39:00,8,519,0.00024640098186437786,-254.36,False,6.0,20250129
SHORT,1617,entry,sell,-1,1,1087350,2025-01-29 08:44:00,8,524,0.0002590788761335112,-239.36,False,10.0,20250129
SHORT,1617,exit,buy,-1,1,1087360,2025-01-29 08:54:00,8,534,0.0002645155896563843,-239.36,False,10.0,20250129
SHORT,1618,entry,sell,-1,1,1087362,2025-01-29 08:56:00,8,536,0.00026677592825213354,-129.36,False,1.0,20250129
SHORT,1618,exit,buy,-1,1,1087363,2025-01-29 08:57:00,8,537,0.0002685234683519972,-129.36,False,1.0,20250129
SHORT,1619,entry,sell,-1,1,1087399,2025-01-29 09:33:00,9,573,0.0002806568253740095,-49.36,False,30.0,20250129
SHORT,1619,exit,buy,-1,1,1087429,2025-01-29 10:03:00,10,603,0.0005000734156875433,-49.36,False,30.0,20250129
SHORT,1620,entry,sell,-1,1,1087440,2025-01-29 10:14:00,10,614,0.0005575604552708962,-284.36,False,1.0,20250129
SHORT,1620,exit,buy,-1,1,1087441,2025-01-29 10:15:00,10,615,0.0005646837559953516,-284.36,False,1.0,20250129
SHORT,1621,entry,sell,-1,1,1087444,2025-01-29 10:18:00,10,618,0.0005687546249587558,-724.36,False,6.0,20250129
SHORT,1621,exit,buy,-1,1,1087450,2025-01-29 10:24:00,10,624,0.0005885606146587584,-724.36,False,6.0,20250129
SHORT,1622,entry,sell,-1,1,1088644,2025-01-30 07:18:00,7,438,0.00020967511703143715,-319.36,False,18.0,20250130
SHORT,1622,exit,buy,-1,1,1088662,2025-01-30 07:36:00,7,456,0.00024008127338246652,-319.36,False,18.0,20250130
SHORT,1623,entry,sell,-1,1,1088724,2025-01-30 08:38:00,8,518,0.00023633736774425224,-289.36,False,14.0,20250130
SHORT,1623,exit,buy,-1,1,1088738,2025-01-30 08:52:00,8,532,0.00027977083419853245,-289.36,False,14.0,20250130
SHORT,1624,entry,sell,-1,1,1088772,2025-01-30 09:26:00,9,566,0.000308826357069814,-24.36,False,1.0,20250130
SHORT,1624,exit,buy,-1,1,1088773,2025-01-30 09:27:00,9,567,0.00030829342147320574,-24.36,False,1.0,20250130
SHORT,1625,entry,sell,-1,1,1088782,2025-01-30 09:36:00,9,576,0.0004003036030666434,-1024.36,False,5.0,20250130
SHORT,1625,exit,buy,-1,1,1088787,2025-01-30 09:41:00,9,581,0.0004217572486598551,-1024.36,False,5.0,20250130
SHORT,1626,entry,sell,-1,1,1090466,2025-01-31 14:40:00,14,880,0.0005450817102626701,-379.36,False,16.0,20250131
SHORT,1626,exit,buy,-1,1,1090482,2025-01-31 14:56:00,14,896,0.0005904203118856737,-379.36,False,16.0,20250131
SHORT,1627,entry,sell,-1,1,1090491,2025-01-31 15:05:00,15,905,0.000659203558189133,-1179.36,False,46.0,20250131
SHORT,1627,exit,buy,-1,1,1090537,2025-01-31 15:51:00,15,951,0.0006534312127786212,-1179.36,False,46.0,20250131
SHORT,1628,entry,sell,-1,1,1091581,2025-02-03 10:15:00,10,615,0.0007578571458109734,-1399.36,False,7.0,20250203
SHORT,1628,exit,buy,-1,1,1091588,2025-02-03 10:22:00,10,622,0.0009022194810402328,-1399.36,False,7.0,20250203
SHORT,1629,entry,sell,-1,1,1092140,2025-02-03 20:34:00,20,1234,0.0002133649579908581,3025.64,True,233.0,20250204
SHORT,1629,exit,buy,-1,1,1092373,2025-02-04 00:27:00,0,27,0.0006459519115449154,3025.64,True,233.0,20250204
SHORT,1630,entry,sell,-1,1,1095499,2025-02-06 06:33:00,6,393,0.00015622307385648358,-24.36,False,54.0,20250206
SHORT,1630,exit,buy,-1,1,1095553,2025-02-06 07:27:00,7,447,0.00020527739977684313,-24.36,False,54.0,20250206
SHORT,1631,entry,sell,-1,1,1095678,2025-02-06 09:32:00,9,572,0.00021570701812801936,-314.36,False,1.0,20250206
SHORT,1631,exit,buy,-1,1,1095679,2025-02-06 09:33:00,9,573,0.0002335839222026981,-314.36,False,1.0,20250206
SHORT,1632,entry,sell,-1,1,1096998,2025-02-07 08:32:00,8,512,0.00032339503978399584,5.64,True,2.0,20250207
SHORT,1632,exit,buy,-1,1,1097000,2025-02-07 08:34:00,8,514,0.00038504362807821764,5.64,True,2.0,20250207
SHORT,1633,entry,sell,-1,1,1097090,2025-02-07 10:04:00,10,604,0.0005481630274889579,3915.64,True,396.0,20250207
SHORT,1633,exit,buy,-1,1,1097486,2025-02-07 16:40:00,16,1000,0.00021769404437573688,3915.64,True,396.0,20250207
SHORT,1634,entry,sell,-1,1,1098912,2025-02-10 18:26:00,18,1106,0.0001379743643220463,-709.36,False,86.0,20250211
SHORT,1634,exit,buy,-1,1,1098998,2025-02-10 19:52:00,19,1192,9.479999721783061e-05,-709.36,False,86.0,20250211
SHORT,1635,entry,sell,-1,1,1099084,2025-02-10 21:18:00,21,1278,0.0001553525149771765,-664.36,False,168.0,20250211
SHORT,1635,exit,buy,-1,1,1099252,2025-02-11 00:06:00,0,6,7.082787063597056e-05,-664.36,False,168.0,20250211
SHORT,1636,entry,sell,-1,1,1102197,2025-02-13 03:12:00,3,192,0.00017933666129844113,835.64,True,60.0,20250213
SHORT,1636,exit,buy,-1,1,1102257,2025-02-13 04:12:00,4,252,0.00023700266571995406,835.64,True,60.0,20250213
SHORT,1637,entry,sell,-1,1,1102413,2025-02-13 06:48:00,6,408,0.0001880375034002404,-1074.36,False,106.0,20250213
SHORT,1637,exit,buy,-1,1,1102519,2025-02-13 08:34:00,8,514,0.000300003167040827,-1074.36,False,106.0,20250213
SHORT,1638,entry,sell,-1,1,1102584,2025-02-13 09:39:00,9,579,0.0004740288376689583,-889.36,False,5.0,20250213
SHORT,1638,exit,buy,-1,1,1102589,2025-02-13 09:44:00,9,584,0.0004954180727749969,-889.36,False,5.0,20250213
SHORT,1639,entry,sell,-1,1,1102805,2025-02-13 13:20:00,13,800,0.000310222895251837,-809.36,False,7.0,20250213
SHORT,1639,exit,buy,-1,1,1102812,2025-02-13 13:27:00,13,807,0.00032914515610297905,-809.36,False,7.0,20250213
SHORT,1640,entry,sell,-1,1,1103776,2025-02-14 06:31:00,6,391,0.00014141131354466775,-129.36,False,4.0,20250214
SHORT,1640,exit,buy,-1,1,1103780,2025-02-14 06:35:00,6,395,0.00014508745838566695,-129.36,False,4.0,20250214
SHORT,1641,entry,sell,-1,1,1103791,2025-02-14 06:46:00,6,406,0.00015692877989461132,-424.36,False,16.0,20250214
SHORT,1641,exit,buy,-1,1,1103807,2025-02-14 07:02:00,7,422,0.00015717570810001635,-424.36,False,16.0,20250214
SHORT,1642,entry,sell,-1,1,1105584,2025-02-17 18:39:00,18,1119,0.0001251536332408778,-224.36,False,11.0,20250218
SHORT,1642,exit,buy,-1,1,1105595,2025-02-17 18:50:00,18,1130,0.00011884467289431384,-224.36,False,11.0,20250218
SHORT,1643,entry,sell,-1,1,1106477,2025-02-18 09:32:00,9,572,0.00019863327746847827,-279.36,False,1.0,20250218
SHORT,1643,exit,buy,-1,1,1106478,2025-02-18 09:33:00,9,573,0.00021309330886537569,-279.36,False,1.0,20250218
SHORT,1644,entry,sell,-1,1,1106494,2025-02-18 09:49:00,9,589,0.0002954907733503958,-419.36,False,5.0,20250218
SHORT,1644,exit,buy,-1,1,1106499,2025-02-18 09:54:00,9,594,0.0003176003349320853,-419.36,False,5.0,20250218
SHORT,1645,entry,sell,-1,1,1106506,2025-02-18 10:01:00,10,601,0.0003331120617298182,-99.36,False,7.0,20250218
SHORT,1645,exit,buy,-1,1,1106513,2025-02-18 10:08:00,10,608,0.0003834269338386828,-99.36,False,7.0,20250218
SHORT,1646,entry,sell,-1,1,1106522,2025-02-18 10:17:00,10,617,0.00041905823881539496,25.64,True,22.0,20250218
SHORT,1646,exit,buy,-1,1,1106544,2025-02-18 10:39:00,10,639,0.00043347320948645843,25.64,True,22.0,20250218
SHORT,1647,entry,sell,-1,1,1106553,2025-02-18 10:48:00,10,648,0.0004169299897220799,-689.36,False,5.0,20250218
SHORT,1647,exit,buy,-1,1,1106558,2025-02-18 10:53:00,10,653,0.00041145949935742106,-689.36,False,5.0,20250218
SHORT,1648,entry,sell,-1,1,1107691,2025-02-19 06:46:00,6,406,0.0001196073416749294,-244.36,False,11.0,20250219
SHORT,1648,exit,buy,-1,1,1107702,2025-02-19 06:57:00,6,417,0.00013721787351318802,-244.36,False,11.0,20250219
SHORT,1649,entry,sell,-1,1,1107795,2025-02-19 08:30:00,8,510,0.00016592880795668956,-184.36,False,19.0,20250219
SHORT,1649,exit,buy,-1,1,1107814,2025-02-19 08:49:00,8,529,0.0001667518047859163,-184.36,False,19.0,20250219
SHORT,1650,entry,sell,-1,1,1107892,2025-02-19 10:07:00,10,607,0.00030349195301534033,-334.36,False,24.0,20250219
SHORT,1650,exit,buy,-1,1,1107916,2025-02-19 10:31:00,10,631,0.00033824898099488947,-334.36,False,24.0,20250219
SHORT,1651,entry,sell,-1,1,1110617,2025-02-21 09:32:00,9,572,0.00024911913567600186,9295.64,True,428.0,20250221
SHORT,1651,exit,buy,-1,1,1111045,2025-02-21 16:40:00,16,1000,0.0002679494866516417,9295.64,True,428.0,20250221
SHORT,1652,entry,sell,-1,1,1115021,2025-02-26 13:57:00,13,837,0.0005336337947283062,-1259.36,False,26.0,20250226
SHORT,1652,exit,buy,-1,1,1115047,2025-02-26 14:23:00,14,863,0.0005553658460322278,-1259.36,False,26.0,20250226
SHORT,1653,entry,sell,-1,1,1115228,2025-02-26 18:24:00,18,1104,0.0004950699426262261,-794.36,False,184.0,20250227
SHORT,1653,exit,buy,-1,1,1115412,2025-02-26 21:28:00,21,1288,0.00022438915603870306,-794.36,False,184.0,20250227
SHORT,1654,entry,sell,-1,1,1115526,2025-02-26 23:22:00,23,1402,0.00017869167456576387,-929.36,False,52.0,20250227
SHORT,1654,exit,buy,-1,1,1115578,2025-02-27 00:14:00,0,14,0.00012007825750719895,-929.36,False,52.0,20250227
SHORT,1655,entry,sell,-1,1,1117516,2025-02-28 09:32:00,9,572,0.000573119389273402,-699.36,False,4.0,20250228
SHORT,1655,exit,buy,-1,1,1117520,2025-02-28 09:36:00,9,576,0.00075673314815153,-699.36,False,4.0,20250228
SHORT,1656,entry,sell,-1,1,1118037,2025-03-02 19:13:00,19,1153,0.0003043123621550812,-1469.36,False,397.0,20250303
SHORT,1656,exit,buy,-1,1,1118434,2025-03-03 01:50:00,1,110,0.00019365688914361342,-1469.36,False,397.0,20250303
SHORT,1657,entry,sell,-1,1,1120144,2025-03-04 07:20:00,7,440,0.00028960749289095016,-9.36,False,3.0,20250304
SHORT,1657,exit,buy,-1,1,1120147,2025-03-04 07:23:00,7,443,0.000294732014889231,-9.36,False,3.0,20250304
SHORT,1658,entry,sell,-1,1,1120148,2025-03-04 07:24:00,7,444,0.000305677659902224,450.64,True,86.0,20250304
SHORT,1658,exit,buy,-1,1,1120234,2025-03-04 08:50:00,8,530,0.0004937157612420026,450.64,True,86.0,20250304
SHORT,1659,entry,sell,-1,1,1120236,2025-03-04 08:52:00,8,532,0.0005005347272465628,-334.36,False,2.0,20250304
SHORT,1659,exit,buy,-1,1,1120238,2025-03-04 08:54:00,8,534,0.000504117597992404,-334.36,False,2.0,20250304
SHORT,1660,entry,sell,-1,1,1120274,2025-03-04 09:30:00,9,570,0.0005590400853247498,205.64,True,1.0,20250304
SHORT,1660,exit,buy,-1,1,1120275,2025-03-04 09:31:00,9,571,0.0005406769762793662,205.64,True,1.0,20250304
SHORT,1661,entry,sell,-1,1,1120276,2025-03-04 09:32:00,9,572,0.0005724557707396429,-1709.36,False,5.0,20250304
SHORT,1661,exit,buy,-1,1,1120281,2025-03-04 09:37:00,9,577,0.0007130944570667218,-1709.36,False,5.0,20250304
SHORT,1662,entry,sell,-1,1,1121499,2025-03-05 06:55:00,6,415,0.0004261792227528386,-1059.36,False,8.0,20250305
SHORT,1662,exit,buy,-1,1,1121507,2025-03-05 07:03:00,7,423,0.0004573204856428571,-1059.36,False,8.0,20250305
SHORT,1663,entry,sell,-1,1,1121526,2025-03-05 07:22:00,7,442,0.00051225013125282,-959.36,False,14.0,20250305
SHORT,1663,exit,buy,-1,1,1121540,2025-03-05 07:36:00,7,456,0.0005310420109554694,-959.36,False,14.0,20250305
SHORT,1664,entry,sell,-1,1,1122638,2025-03-06 02:54:00,2,174,0.0001984663401910105,3550.64,True,433.0,20250306
SHORT,1664,exit,buy,-1,1,1123071,2025-03-06 10:07:00,10,607,0.0007448561414345501,3550.64,True,433.0,20250306
SHORT,1665,entry,sell,-1,1,1124310,2025-03-07 07:46:00,7,466,0.0002519287026295214,-499.36,False,12.0,20250307
SHORT,1665,exit,buy,-1,1,1124322,2025-03-07 07:58:00,7,478,0.0002758435200255758,-499.36,False,12.0,20250307
SHORT,1666,entry,sell,-1,1,1124338,2025-03-07 08:14:00,8,494,0.00024499749127518915,-2364.36,False,17.0,20250307
SHORT,1666,exit,buy,-1,1,1124355,2025-03-07 08:31:00,8,511,0.0006987677445149713,-2364.36,False,17.0,20250307
SHORT,1667,entry,sell,-1,1,1124866,2025-03-09 18:02:00,18,1082,0.0003569017933508488,1070.64,True,80.0,20250310
SHORT,1667,exit,buy,-1,1,1124946,2025-03-09 19:22:00,19,1162,0.0005373255114593247,1070.64,True,80.0,20250310
SHORT,1668,entry,sell,-1,1,1126254,2025-03-10 18:10:00,18,1090,0.0003271066883537094,1695.64,True,236.0,20250311
SHORT,1668,exit,buy,-1,1,1126490,2025-03-10 22:06:00,22,1326,0.0004721101231223242,1695.64,True,236.0,20250311
SHORT,1669,entry,sell,-1,1,1129340,2025-03-12 23:36:00,23,1416,0.00021588381010176257,1145.64,True,191.0,20250313
SHORT,1669,exit,buy,-1,1,1129531,2025-03-13 02:47:00,2,167,0.00036713859321521033,1145.64,True,191.0,20250313
SHORT,1670,entry,sell,-1,1,1135539,2025-03-19 10:55:00,10,655,0.00037932853052442816,-269.36,False,8.0,20250319
SHORT,1670,exit,buy,-1,1,1135547,2025-03-19 11:03:00,11,663,0.00036313064448748945,-269.36,False,8.0,20250319
SHORT,1671,entry,sell,-1,1,1137749,2025-03-21 01:45:00,1,105,0.00015342399761240658,-424.36,False,21.0,20250321
SHORT,1671,exit,buy,-1,1,1137770,2025-03-21 02:06:00,2,126,0.00018253961031958226,-424.36,False,21.0,20250321
SHORT,1672,entry,sell,-1,1,1137773,2025-03-21 02:09:00,2,129,0.00018283620919602993,-229.36,False,6.0,20250321
SHORT,1672,exit,buy,-1,1,1137779,2025-03-21 02:15:00,2,135,0.00018306768541351859,-229.36,False,6.0,20250321
SHORT,1673,entry,sell,-1,1,1137852,2025-03-21 03:28:00,3,208,0.00016514404639169077,340.64,True,27.0,20250321
SHORT,1673,exit,buy,-1,1,1137879,2025-03-21 03:55:00,3,235,0.0001896594601381753,340.64,True,27.0,20250321
SHORT,1674,entry,sell,-1,1,1137881,2025-03-21 03:57:00,3,237,0.00018447294055126738,30.64,True,1.0,20250321
SHORT,1674,exit,buy,-1,1,1137882,2025-03-21 03:58:00,3,238,0.00018418103382488138,30.64,True,1.0,20250321
SHORT,1675,entry,sell,-1,1,1137883,2025-03-21 03:59:00,3,239,0.00018520563658489298,25.64,True,1.0,20250321
SHORT,1675,exit,buy,-1,1,1137884,2025-03-21 04:00:00,4,240,0.00018495542593340413,25.64,True,1.0,20250321
SHORT,1676,entry,sell,-1,1,1137885,2025-03-21 04:01:00,4,241,0.00018962411737006053,-124.36,False,1.0,20250321
SHORT,1676,exit,buy,-1,1,1137886,2025-03-21 04:02:00,4,242,0.0001937024541719239,-124.36,False,1.0,20250321
SHORT,1677,entry,sell,-1,1,1137907,2025-03-21 04:23:00,4,263,0.0002618660016191033,-319.36,False,71.0,20250321
SHORT,1677,exit,buy,-1,1,1137978,2025-03-21 05:34:00,5,334,0.00031735827193573587,-319.36,False,71.0,20250321
SHORT,1678,entry,sell,-1,1,1138035,2025-03-21 06:31:00,6,391,0.00023359314032125335,-474.36,False,60.0,20250321
SHORT,1678,exit,buy,-1,1,1138095,2025-03-21 07:31:00,7,451,0.0001969020415956806,-474.36,False,60.0,20250321
SHORT,1679,entry,sell,-1,1,1138119,2025-03-21 07:55:00,7,475,0.00022527214367322538,-714.36,False,20.0,20250321
SHORT,1679,exit,buy,-1,1,1138139,2025-03-21 08:15:00,8,495,0.0002282898250469927,-714.36,False,20.0,20250321
SHORT,1680,entry,sell,-1,1,1141691,2025-03-25 22:29:00,22,1349,0.00012403159142888404,-49.36,False,65.0,20250326
SHORT,1680,exit,buy,-1,1,1141756,2025-03-25 23:34:00,23,1414,7.861760791627385e-05,-49.36,False,65.0,20250326
SHORT,1681,entry,sell,-1,1,1141771,2025-03-25 23:49:00,23,1429,7.742827978732196e-05,-34.36,False,33.0,20250326
SHORT,1681,exit,buy,-1,1,1141804,2025-03-26 00:22:00,0,22,6.722483152870583e-05,-34.36,False,33.0,20250326
SHORT,1682,entry,sell,-1,1,1141907,2025-03-26 02:05:00,2,125,8.512547984126664e-05,-4.36,False,7.0,20250326
SHORT,1682,exit,buy,-1,1,1141914,2025-03-26 02:12:00,2,132,8.976468510937982e-05,-4.36,False,7.0,20250326
SHORT,1683,entry,sell,-1,1,1141933,2025-03-26 02:31:00,2,151,9.879643775221807e-05,-299.36,False,21.0,20250326
SHORT,1683,exit,buy,-1,1,1141954,2025-03-26 02:52:00,2,172,9.614324775360144e-05,-299.36,False,21.0,20250326
SHORT,1684,entry,sell,-1,1,1142143,2025-03-26 06:01:00,6,361,0.00015825047050676956,-284.36,False,8.0,20250326
SHORT,1684,exit,buy,-1,1,1142151,2025-03-26 06:09:00,6,369,0.00014418806577258408,-284.36,False,8.0,20250326
SHORT,1685,entry,sell,-1,1,1142379,2025-03-26 09:57:00,9,597,0.00034820282938997313,4450.64,True,360.0,20250326
SHORT,1685,exit,buy,-1,1,1142739,2025-03-26 15:57:00,15,957,0.00035050329682011737,4450.64,True,360.0,20250326
SHORT,1686,entry,sell,-1,1,1142803,2025-03-26 18:01:00,18,1081,0.0001298372584302492,-864.36,False,7.0,20250327
SHORT,1686,exit,buy,-1,1,1142810,2025-03-26 18:08:00,18,1088,0.0001804309476427087,-864.36,False,7.0,20250327
SHORT,1687,entry,sell,-1,1,1142813,2025-03-26 18:11:00,18,1091,0.00021384171118043135,-444.36,False,146.0,20250327
SHORT,1687,exit,buy,-1,1,1142959,2025-03-26 20:37:00,20,1237,0.00018658993175601634,-444.36,False,146.0,20250327
SHORT,1688,entry,sell,-1,1,1146954,2025-03-31 18:12:00,18,1092,0.00024289385294874375,-599.36,False,423.0,20250401
SHORT,1688,exit,buy,-1,1,1147377,2025-04-01 01:15:00,1,75,0.00011593889536697667,-599.36,False,423.0,20250401
SHORT,1689,entry,sell,-1,1,1147408,2025-04-01 01:46:00,1,106,0.0001492191169190281,-624.36,False,59.0,20250401
SHORT,1689,exit,buy,-1,1,1147467,2025-04-01 02:45:00,2,165,0.00022444234236122362,-624.36,False,59.0,20250401
SHORT,1690,entry,sell,-1,1,1147508,2025-04-01 03:26:00,3,206,0.00029619949378157284,-109.36,False,54.0,20250401
SHORT,1690,exit,buy,-1,1,1147562,2025-04-01 04:20:00,4,260,0.0002695685652327434,-109.36,False,54.0,20250401
SHORT,1691,entry,sell,-1,1,1148455,2025-04-01 20:13:00,20,1213,0.00020170229262598445,3920.64,True,801.0,20250402
SHORT,1691,exit,buy,-1,1,1149256,2025-04-02 09:34:00,9,574,0.00044361409768053174,3920.64,True,801.0,20250402
SHORT,1692,entry,sell,-1,1,1149703,2025-04-02 18:04:00,18,1084,0.002835307371059711,1190.64,True,33.0,20250403
SHORT,1692,exit,buy,-1,1,1149736,2025-04-02 18:37:00,18,1117,0.0016470974667068842,1190.64,True,33.0,20250403
SHORT,1693,entry,sell,-1,1,1154873,2025-04-08 11:14:00,11,674,0.0009149530283292478,15625.64,True,289.0,20250408
SHORT,1693,exit,buy,-1,1,1155162,2025-04-08 16:03:00,16,963,0.001672309645553009,15625.64,True,289.0,20250408
SHORT,1694,entry,sell,-1,1,1155238,2025-04-08 18:19:00,18,1099,0.0007367305588326529,-1519.36,False,211.0,20250409
SHORT,1694,exit,buy,-1,1,1155449,2025-04-08 21:50:00,21,1310,0.0008732404439882943,-1519.36,False,211.0,20250409
SHORT,1695,entry,sell,-1,1,1156900,2025-04-09 23:01:00,23,1381,0.0003232636897862799,-1599.36,False,251.0,20250410
SHORT,1695,exit,buy,-1,1,1157151,2025-04-10 03:12:00,3,192,0.0005151122813252943,-1599.36,False,251.0,20250410
SHORT,1696,entry,sell,-1,1,1158093,2025-04-10 19:54:00,19,1194,0.0006615638568236643,-1839.36,False,154.0,20250411
SHORT,1696,exit,buy,-1,1,1158247,2025-04-10 22:28:00,22,1348,0.0007784566253262931,-1839.36,False,154.0,20250411
SHORT,1697,entry,sell,-1,1,1160293,2025-04-14 09:34:00,9,574,0.0004319819954816139,5665.64,True,426.0,20250414
SHORT,1697,exit,buy,-1,1,1160719,2025-04-14 16:40:00,16,1000,0.0008176584567212358,5665.64,True,426.0,20250414
SHORT,1698,entry,sell,-1,1,1162120,2025-04-15 18:01:00,18,1081,0.00018835554881343306,-354.36,False,627.0,20250416
SHORT,1698,exit,buy,-1,1,1162747,2025-04-16 04:28:00,4,268,0.0012520037175168214,-354.36,False,627.0,20250416
SHORT,1699,entry,sell,-1,1,1162748,2025-04-16 04:29:00,4,269,0.0013397681996730035,-1124.36,False,10.0,20250416
SHORT,1699,exit,buy,-1,1,1162758,2025-04-16 04:39:00,4,279,0.0014105281978393364,-1124.36,False,10.0,20250416
SHORT,1700,entry,sell,-1,1,1164431,2025-04-17 09:32:00,9,572,0.0005831483375105317,-469.36,False,19.0,20250417
SHORT,1700,exit,buy,-1,1,1164450,2025-04-17 09:51:00,9,591,0.0007467873169942603,-469.36,False,19.0,20250417
SHORT,1701,entry,sell,-1,1,1164467,2025-04-17 10:08:00,10,608,0.0008459020996246952,205.64,True,59.0,20250417
SHORT,1701,exit,buy,-1,1,1164526,2025-04-17 11:07:00,11,667,0.0007770847286941535,205.64,True,59.0,20250417
SHORT,1702,entry,sell,-1,1,1164548,2025-04-17 11:29:00,11,689,0.0007654972931131169,-1504.36,False,9.0,20250417
SHORT,1702,exit,buy,-1,1,1164557,2025-04-17 11:38:00,11,698,0.0008357679823710338,-1504.36,False,9.0,20250417
SHORT,1703,entry,sell,-1,1,1165156,2025-04-20 22:37:00,22,1357,0.0003272870070365746,825.64,True,504.0,20250421
SHORT,1703,exit,buy,-1,1,1165660,2025-04-21 07:01:00,7,421,0.00023173259235596984,825.64,True,504.0,20250421
SHORT,1704,entry,sell,-1,1,1165671,2025-04-21 07:12:00,7,432,0.0002450420760533233,1380.64,True,49.0,20250421
SHORT,1704,exit,buy,-1,1,1165720,2025-04-21 08:01:00,8,481,0.00038849096185005513,1380.64,True,49.0,20250421
SHORT,1705,entry,sell,-1,1,1167857,2025-04-22 21:38:00,21,1298,0.0003379039141004472,-829.36,False,68.0,20250423
SHORT,1705,exit,buy,-1,1,1167925,2025-04-22 22:46:00,22,1366,0.000278157157400887,-829.36,False,68.0,20250423
SHORT,1706,entry,sell,-1,1,1167943,2025-04-22 23:04:00,23,1384,0.000230862994909263,-94.36,False,5.0,20250423
SHORT,1706,exit,buy,-1,1,1167948,2025-04-22 23:09:00,23,1389,0.00021905363518341723,-94.36,False,5.0,20250423
SHORT,1707,entry,sell,-1,1,1167949,2025-04-22 23:10:00,23,1390,0.0002243401938102322,-79.36,False,3.0,20250423
SHORT,1707,exit,buy,-1,1,1167952,2025-04-22 23:13:00,23,1393,0.0002303824621825286,-79.36,False,3.0,20250423
SHORT,1708,entry,sell,-1,1,1167953,2025-04-22 23:14:00,23,1394,0.00023069885317123136,-344.36,False,12.0,20250423
SHORT,1708,exit,buy,-1,1,1167965,2025-04-22 23:26:00,23,1406,0.00021348983991708342,-344.36,False,12.0,20250423
SHORT,1709,entry,sell,-1,1,1169020,2025-04-23 18:01:00,18,1081,0.0005173908331780012,710.64,True,760.0,20250424
SHORT,1709,exit,buy,-1,1,1169780,2025-04-24 06:41:00,6,401,0.0002692436130942779,710.64,True,760.0,20250424
SHORT,1710,entry,sell,-1,1,1169823,2025-04-24 07:24:00,7,444,0.00035165415676791675,-974.36,False,39.0,20250424
SHORT,1710,exit,buy,-1,1,1169862,2025-04-24 08:03:00,8,483,0.00029185995373344297,-974.36,False,39.0,20250424
SHORT,1711,entry,sell,-1,1,1170671,2025-04-24 22:32:00,22,1352,0.00023390231018336367,-679.36,False,50.0,20250425
SHORT,1711,exit,buy,-1,1,1170721,2025-04-24 23:22:00,23,1402,0.0002262317869411819,-679.36,False,50.0,20250425
SHORT,1712,entry,sell,-1,1,1170846,2025-04-25 01:27:00,1,87,0.00024615962215211897,-129.36,False,14.0,20250425
SHORT,1712,exit,buy,-1,1,1170860,2025-04-25 01:41:00,1,101,0.00020015975602349337,-129.36,False,14.0,20250425
SHORT,1713,entry,sell,-1,1,1170861,2025-04-25 01:42:00,1,102,0.00020031712670295817,70.64,True,1.0,20250425
SHORT,1713,exit,buy,-1,1,1170862,2025-04-25 01:43:00,1,103,0.00019845297240497,70.64,True,1.0,20250425
SHORT,1714,entry,sell,-1,1,1170863,2025-04-25 01:44:00,1,104,0.00018974579505617786,-89.36,False,2.0,20250425
SHORT,1714,exit,buy,-1,1,1170865,2025-04-25 01:46:00,1,106,0.00019938849754842298,-89.36,False,2.0,20250425
SHORT,1715,entry,sell,-1,1,1170866,2025-04-25 01:47:00,1,107,0.0002003639981760809,-459.36,False,22.0,20250425
SHORT,1715,exit,buy,-1,1,1170888,2025-04-25 02:09:00,2,129,0.00021364517454581665,-459.36,False,22.0,20250425
SHORT,1716,entry,sell,-1,1,1170901,2025-04-25 02:22:00,2,142,0.00024541926769637394,-744.36,False,19.0,20250425
SHORT,1716,exit,buy,-1,1,1170920,2025-04-25 02:41:00,2,161,0.000257232933879776,-744.36,False,19.0,20250425
SHORT,1717,entry,sell,-1,1,1171781,2025-04-27 18:02:00,18,1082,0.000247944852914195,-459.36,False,531.0,20250428
SHORT,1717,exit,buy,-1,1,1172312,2025-04-28 02:53:00,2,173,0.00018457408362373775,-459.36,False,531.0,20250428
SHORT,1718,entry,sell,-1,1,1172737,2025-04-28 09:58:00,9,598,0.0006053409379678067,-319.36,False,8.0,20250428
SHORT,1718,exit,buy,-1,1,1172745,2025-04-28 10:06:00,10,606,0.0006546846715575681,-319.36,False,8.0,20250428
SHORT,1719,entry,sell,-1,1,1172822,2025-04-28 11:23:00,11,683,0.0007194100843806249,-3819.36,False,274.0,20250428
SHORT,1719,exit,buy,-1,1,1173096,2025-04-28 15:57:00,15,957,0.0003742479333033458,-3819.36,False,274.0,20250428
SHORT,1720,entry,sell,-1,1,1174848,2025-04-29 23:09:00,23,1389,0.00016067497551750833,-804.36,False,69.0,20250430
SHORT,1720,exit,buy,-1,1,1174917,2025-04-30 00:18:00,0,18,0.00014373710005521502,-804.36,False,69.0,20250430
SHORT,1721,entry,sell,-1,1,1175402,2025-04-30 08:23:00,8,503,0.0002754958019770769,-324.36,False,7.0,20250430
SHORT,1721,exit,buy,-1,1,1175409,2025-04-30 08:30:00,8,510,0.0003221859552884826,-324.36,False,7.0,20250430
SHORT,1722,entry,sell,-1,1,1175411,2025-04-30 08:32:00,8,512,0.0005258523934399997,1860.64,True,25.0,20250430
SHORT,1722,exit,buy,-1,1,1175436,2025-04-30 08:57:00,8,537,0.0006607562074720653,1860.64,True,25.0,20250430
SHORT,1723,entry,sell,-1,1,1175440,2025-04-30 09:01:00,9,541,0.0006679444878203661,-294.36,False,20.0,20250430
SHORT,1723,exit,buy,-1,1,1175460,2025-04-30 09:21:00,9,561,0.0007250888249829232,-294.36,False,20.0,20250430
SHORT,1724,entry,sell,-1,1,1175477,2025-04-30 09:38:00,9,578,0.0007495766329524096,270.64,True,12.0,20250430
SHORT,1724,exit,buy,-1,1,1175489,2025-04-30 09:50:00,9,590,0.0007902778212008843,270.64,True,12.0,20250430
SHORT,1725,entry,sell,-1,1,1175496,2025-04-30 09:57:00,9,597,0.0008300376438704803,-1144.36,False,5.0,20250430
SHORT,1725,exit,buy,-1,1,1175501,2025-04-30 10:02:00,10,602,0.0008899898871983499,-1144.36,False,5.0,20250430
SHORT,1726,entry,sell,-1,1,1175643,2025-04-30 12:24:00,12,744,0.0005710193072807919,-1369.36,False,65.0,20250430
SHORT,1726,exit,buy,-1,1,1175708,2025-04-30 13:29:00,13,809,0.0005561705097348776,-1369.36,False,65.0,20250430
SHORT,1727,entry,sell,-1,1,1176851,2025-05-01 09:32:00,9,572,0.0003703786886555714,-624.36,False,2.0,20250501
SHORT,1727,exit,buy,-1,1,1176853,2025-05-01 09:34:00,9,574,0.00039534553314262436,-624.36,False,2.0,20250501
SHORT,1728,entry,sell,-1,1,1176860,2025-05-01 09:41:00,9,581,0.0004655804722745641,165.64,True,1.0,20250501
SHORT,1728,exit,buy,-1,1,1176861,2025-05-01 09:42:00,9,582,0.00046440326981430074,165.64,True,1.0,20250501
SHORT,1729,entry,sell,-1,1,1176862,2025-05-01 09:43:00,9,583,0.0004672536554574053,-34.36,False,1.0,20250501
SHORT,1729,exit,buy,-1,1,1176863,2025-05-01 09:44:00,9,584,0.0004673429441775349,-34.36,False,1.0,20250501
SHORT,1730,entry,sell,-1,1,1176880,2025-05-01 10:01:00,10,601,0.0006071188287906413,-259.36,False,1.0,20250501
SHORT,1730,exit,buy,-1,1,1176881,2025-05-01 10:02:00,10,602,0.0006090100821361478,-259.36,False,1.0,20250501
SHORT,1731,entry,sell,-1,1,1176889,2025-05-01 10:10:00,10,610,0.0006583138369688546,-484.36,False,5.0,20250501
SHORT,1731,exit,buy,-1,1,1176894,2025-05-01 10:15:00,10,615,0.0006904261121348698,-484.36,False,5.0,20250501
SHORT,1732,entry,sell,-1,1,1177022,2025-05-01 12:23:00,12,743,0.0005550477831561007,95.64,True,1.0,20250501
SHORT,1732,exit,buy,-1,1,1177023,2025-05-01 12:24:00,12,744,0.0005551504674937391,95.64,True,1.0,20250501
SHORT,1733,entry,sell,-1,1,1177024,2025-05-01 12:25:00,12,745,0.0005585543391356053,-724.36,False,1.0,20250501
SHORT,1733,exit,buy,-1,1,1177025,2025-05-01 12:26:00,12,746,0.0006038139875601328,-724.36,False,1.0,20250501
SHORT,1734,entry,sell,-1,1,1182648,2025-05-07 14:09:00,14,849,0.0005544481219673257,-1134.36,False,12.0,20250507
SHORT,1734,exit,buy,-1,1,1182660,2025-05-07 14:21:00,14,861,0.0006399670501116533,-1134.36,False,12.0,20250507
SHORT,1735,entry,sell,-1,1,1182726,2025-05-07 15:27:00,15,927,0.0008664262677348775,-2564.36,False,15.0,20250507
SHORT,1735,exit,buy,-1,1,1182741,2025-05-07 15:42:00,15,942,0.000986869719122687,-2564.36,False,15.0,20250507
SHORT,1736,entry,sell,-1,1,1183754,2025-05-08 09:35:00,9,575,0.0004237258631917694,-3534.36,False,128.0,20250508
SHORT,1736,exit,buy,-1,1,1183882,2025-05-08 11:43:00,11,703,0.0006869621419563131,-3534.36,False,128.0,20250508
SHORT,1737,entry,sell,-1,1,1186511,2025-05-12 09:32:00,9,572,0.0004942954286868854,-184.36,False,22.0,20250512
SHORT,1737,exit,buy,-1,1,1186533,2025-05-12 09:54:00,9,594,0.0005925480843158279,-184.36,False,22.0,20250512
SHORT,1738,entry,sell,-1,1,1186567,2025-05-12 10:28:00,10,628,0.0006682966515275692,-674.36,False,17.0,20250512
SHORT,1738,exit,buy,-1,1,1186584,2025-05-12 10:45:00,10,645,0.0005710148079574297,-674.36,False,17.0,20250512
SHORT,1739,entry,sell,-1,1,1187090,2025-05-12 20:11:00,20,1211,0.00015104722701136163,300.64,True,505.0,20250513
SHORT,1739,exit,buy,-1,1,1187595,2025-05-13 04:36:00,4,276,0.00019652695302828835,300.64,True,505.0,20250513
SHORT,1740,entry,sell,-1,1,1187608,2025-05-13 04:49:00,4,289,0.0002098639669447845,-584.36,False,47.0,20250513
SHORT,1740,exit,buy,-1,1,1187655,2025-05-13 05:36:00,5,336,0.000157796448336502,-584.36,False,47.0,20250513
SHORT,1741,entry,sell,-1,1,1187891,2025-05-13 09:32:00,9,572,0.00036035652116421377,-339.36,False,1.0,20250513
SHORT,1741,exit,buy,-1,1,1187892,2025-05-13 09:33:00,9,573,0.0003424221408105771,-339.36,False,1.0,20250513
SHORT,1742,entry,sell,-1,1,1188276,2025-05-13 15:57:00,15,957,0.0002846592682422423,345.64,True,43.0,20250513
SHORT,1742,exit,buy,-1,1,1188319,2025-05-13 16:40:00,16,1000,0.0002926805710605645,345.64,True,43.0,20250513
SHORT,1743,entry,sell,-1,1,1190301,2025-05-15 03:42:00,3,222,0.0002202957097791447,1045.64,True,105.0,20250515
SHORT,1743,exit,buy,-1,1,1190406,2025-05-15 05:27:00,5,327,0.00025968351044941475,1045.64,True,105.0,20250515
SHORT,1744,entry,sell,-1,1,1194071,2025-05-19 21:32:00,21,1292,0.00023374463271561677,-184.36,False,220.0,20250520
SHORT,1744,exit,buy,-1,1,1194291,2025-05-20 01:12:00,1,72,0.00010560209010939146,-184.36,False,220.0,20250520
SHORT,1745,entry,sell,-1,1,1194327,2025-05-20 01:48:00,1,108,0.00015121802268444002,420.64,True,60.0,20250520
SHORT,1745,exit,buy,-1,1,1194387,2025-05-20 02:48:00,2,168,0.00023359054316024426,420.64,True,60.0,20250520
SHORT,1746,entry,sell,-1,1,1194442,2025-05-20 03:43:00,3,223,0.00020857287458169967,-574.36,False,19.0,20250520
SHORT,1746,exit,buy,-1,1,1194461,2025-05-20 04:02:00,4,242,0.00020014261035139588,-574.36,False,19.0,20250520
SHORT,1747,entry,sell,-1,1,1194472,2025-05-20 04:13:00,4,253,0.00021098211585773052,-334.36,False,8.0,20250520
SHORT,1747,exit,buy,-1,1,1194480,2025-05-20 04:21:00,4,261,0.00021928168184908174,-334.36,False,8.0,20250520
SHORT,1748,entry,sell,-1,1,1194481,2025-05-20 04:22:00,4,262,0.00022216384263207443,-4.36,False,1.0,20250520
SHORT,1748,exit,buy,-1,1,1194482,2025-05-20 04:23:00,4,263,0.0002191022084592965,-4.36,False,1.0,20250520
SHORT,1749,entry,sell,-1,1,1194485,2025-05-20 04:26:00,4,266,0.0002182598543443444,-179.36,False,17.0,20250520
SHORT,1749,exit,buy,-1,1,1194502,2025-05-20 04:43:00,4,283,0.0001956855089749949,-179.36,False,17.0,20250520
SHORT,1750,entry,sell,-1,1,1194537,2025-05-20 05:18:00,5,318,0.0001897654581754332,-394.36,False,90.0,20250520
SHORT,1750,exit,buy,-1,1,1194627,2025-05-20 06:48:00,6,408,0.0001275516970041946,-394.36,False,90.0,20250520
SHORT,1751,entry,sell,-1,1,1195246,2025-05-20 18:07:00,18,1087,0.0002548536901102276,-539.36,False,56.0,20250521
SHORT,1751,exit,buy,-1,1,1195302,2025-05-20 19:03:00,19,1143,0.00038615197983173923,-539.36,False,56.0,20250521
SHORT,1752,entry,sell,-1,1,1195719,2025-05-21 02:00:00,2,120,0.0001333914118044721,-184.36,False,109.0,20250521
SHORT,1752,exit,buy,-1,1,1195828,2025-05-21 03:49:00,3,229,0.00020933311470300504,-184.36,False,109.0,20250521
SHORT,1753,entry,sell,-1,1,1195875,2025-05-21 04:36:00,4,276,0.00019902479623910146,-474.36,False,25.0,20250521
SHORT,1753,exit,buy,-1,1,1195900,2025-05-21 05:01:00,5,301,0.00021265362418768668,-474.36,False,25.0,20250521
SHORT,1754,entry,sell,-1,1,1195928,2025-05-21 05:29:00,5,329,0.00018782087873425488,615.64,True,70.0,20250521
SHORT,1754,exit,buy,-1,1,1195998,2025-05-21 06:39:00,6,399,0.00022217101595653965,615.64,True,70.0,20250521
SHORT,1755,entry,sell,-1,1,1196084,2025-05-21 08:05:00,8,485,0.00021912432738177863,-189.36,False,87.0,20250521
SHORT,1755,exit,buy,-1,1,1196171,2025-05-21 09:32:00,9,572,0.00025890574943850976,-189.36,False,87.0,20250521
SHORT,1756,entry,sell,-1,1,1196506,2025-05-21 15:07:00,15,907,0.0005589855462427783,-394.36,False,50.0,20250521
SHORT,1756,exit,buy,-1,1,1196556,2025-05-21 15:57:00,15,957,0.0006397784749189205,-394.36,False,50.0,20250521
SHORT,1757,entry,sell,-1,1,1196572,2025-05-21 16:13:00,16,973,0.0005637998496752428,-469.36,False,27.0,20250521
SHORT,1757,exit,buy,-1,1,1196599,2025-05-21 16:40:00,16,1000,0.0003688515687073863,-469.36,False,27.0,20250521
SHORT,1758,entry,sell,-1,1,1200523,2025-05-26 18:04:00,18,1084,0.000160696217073218,-154.36,False,5.0,20250527
SHORT,1758,exit,buy,-1,1,1200528,2025-05-26 18:09:00,18,1089,0.00016913374526362492,-154.36,False,5.0,20250527
SHORT,1759,entry,sell,-1,1,1200663,2025-05-26 20:24:00,20,1224,0.00017178457276707058,-39.36,False,8.0,20250527
SHORT,1759,exit,buy,-1,1,1200671,2025-05-26 20:32:00,20,1232,0.0001594805137367832,-39.36,False,8.0,20250527
SHORT,1760,entry,sell,-1,1,1200719,2025-05-26 21:20:00,21,1280,0.00020040377024255383,-204.36,False,256.0,20250527
SHORT,1760,exit,buy,-1,1,1200975,2025-05-27 01:36:00,1,96,0.0001145722840043327,-204.36,False,256.0,20250527
SHORT,1761,entry,sell,-1,1,1201169,2025-05-27 04:50:00,4,290,0.00022444472966843821,-664.36,False,19.0,20250527
SHORT,1761,exit,buy,-1,1,1201188,2025-05-27 05:09:00,5,309,0.0001973792283351262,-664.36,False,19.0,20250527
SHORT,1762,entry,sell,-1,1,1201206,2025-05-27 05:27:00,5,327,0.00018407027555472681,-519.36,False,12.0,20250527
SHORT,1762,exit,buy,-1,1,1201218,2025-05-27 05:39:00,5,339,0.0002084879631232086,-519.36,False,12.0,20250527
SHORT,1763,entry,sell,-1,1,1204004,2025-05-29 06:05:00,6,365,0.0002357703331318873,1620.64,True,146.0,20250529
SHORT,1763,exit,buy,-1,1,1204150,2025-05-29 08:31:00,8,511,0.0003569756943766133,1620.64,True,146.0,20250529
SHORT,1764,entry,sell,-1,1,1204776,2025-05-29 19:57:00,19,1197,0.00018876823207237295,-304.36,False,7.0,20250530
SHORT,1764,exit,buy,-1,1,1204783,2025-05-29 20:04:00,20,1204,0.0001986437779909948,-304.36,False,7.0,20250530
SHORT,1765,entry,sell,-1,1,1204784,2025-05-29 20:05:00,20,1205,0.00019860316261902076,-249.36,False,13.0,20250530
SHORT,1765,exit,buy,-1,1,1204797,2025-05-29 20:18:00,20,1218,0.00019015308192928045,-249.36,False,13.0,20250530
SHORT,1766,entry,sell,-1,1,1204846,2025-05-29 21:07:00,21,1267,0.00025767458192371207,-739.36,False,95.0,20250530
SHORT,1766,exit,buy,-1,1,1204941,2025-05-29 22:42:00,22,1362,0.00014768400859487533,-739.36,False,95.0,20250530
SHORT,1767,entry,sell,-1,1,1205166,2025-05-30 02:27:00,2,147,0.000198861671472351,5.64,True,54.0,20250530
SHORT,1767,exit,buy,-1,1,1205220,2025-05-30 03:21:00,3,201,0.0002693233009040112,5.64,True,54.0,20250530
SHORT,1768,entry,sell,-1,1,1205512,2025-05-30 08:13:00,8,493,0.0005510674707316572,-584.36,False,3.0,20250530
SHORT,1768,exit,buy,-1,1,1205515,2025-05-30 08:16:00,8,496,0.0005772273503312221,-584.36,False,3.0,20250530
SHORT,1769,entry,sell,-1,1,1206347,2025-06-01 23:08:00,23,1388,0.00016223973375877184,-114.36,False,21.0,20250602
SHORT,1769,exit,buy,-1,1,1206368,2025-06-01 23:29:00,23,1409,0.00017246843557407266,-114.36,False,21.0,20250602
SHORT,1770,entry,sell,-1,1,1206391,2025-06-01 23:52:00,23,1432,0.00017317203921288714,-429.36,False,277.0,20250602
SHORT,1770,exit,buy,-1,1,1206668,2025-06-02 04:29:00,4,269,0.000292403000702968,-429.36,False,277.0,20250602
SHORT,1771,entry,sell,-1,1,1206702,2025-06-02 05:03:00,5,303,0.00022923784618058047,-299.36,False,66.0,20250602
SHORT,1771,exit,buy,-1,1,1206768,2025-06-02 06:09:00,6,369,0.0002065675664206274,-299.36,False,66.0,20250602
SHORT,1772,entry,sell,-1,1,1207506,2025-06-02 19:27:00,19,1167,0.00032839574612312654,-664.36,False,3.0,20250603
SHORT,1772,exit,buy,-1,1,1207509,2025-06-02 19:30:00,19,1170,0.0003431323346588616,-664.36,False,3.0,20250603
SHORT,1773,entry,sell,-1,1,1207533,2025-06-02 19:54:00,19,1194,0.0003633872435958942,280.64,True,76.0,20250603
SHORT,1773,exit,buy,-1,1,1207609,2025-06-02 21:10:00,21,1270,0.00010944116838272165,280.64,True,76.0,20250603
SHORT,1774,entry,sell,-1,1,1207677,2025-06-02 22:18:00,22,1338,0.00013516710693978342,-59.36,False,442.0,20250603
SHORT,1774,exit,buy,-1,1,1208119,2025-06-03 05:40:00,5,340,0.00016768826218844168,-59.36,False,442.0,20250603
SHORT,1775,entry,sell,-1,1,1211397,2025-06-05 14:18:00,14,858,0.0003823056442745903,-1324.36,False,8.0,20250605
SHORT,1775,exit,buy,-1,1,1211405,2025-06-05 14:26:00,14,866,0.0004309505142340889,-1324.36,False,8.0,20250605
SHORT,1776,entry,sell,-1,1,1215904,2025-06-10 21:25:00,21,1285,0.000139950077444116,-259.36,False,176.0,20250611
SHORT,1776,exit,buy,-1,1,1216080,2025-06-11 00:21:00,0,21,0.00010865507278097668,-259.36,False,176.0,20250611
SHORT,1777,entry,sell,-1,1,1216082,2025-06-11 00:23:00,0,23,0.00010959919682398314,-29.36,False,164.0,20250611
SHORT,1777,exit,buy,-1,1,1216246,2025-06-11 03:07:00,3,187,0.00015482889026521992,-29.36,False,164.0,20250611
SHORT,1778,entry,sell,-1,1,1216247,2025-06-11 03:08:00,3,188,0.00015709111172041465,-134.36,False,6.0,20250611
SHORT,1778,exit,buy,-1,1,1216253,2025-06-11 03:14:00,3,194,0.00016272716284012947,-134.36,False,6.0,20250611
SHORT,1779,entry,sell,-1,1,1216254,2025-06-11 03:15:00,3,195,0.00016230064043530894,10.64,True,1.0,20250611
SHORT,1779,exit,buy,-1,1,1216255,2025-06-11 03:16:00,3,196,0.00016217896236456355,10.64,True,1.0,20250611
SHORT,1780,entry,sell,-1,1,1216591,2025-06-11 08:52:00,8,532,0.0007050227321911663,550.64,True,47.0,20250611
SHORT,1780,exit,buy,-1,1,1216638,2025-06-11 09:39:00,9,579,0.0003776691095301333,550.64,True,47.0,20250611
SHORT,1781,entry,sell,-1,1,1216646,2025-06-11 09:47:00,9,587,0.0004334531354250216,-754.36,False,4.0,20250611
SHORT,1781,exit,buy,-1,1,1216650,2025-06-11 09:51:00,9,591,0.0004428233742573795,-754.36,False,4.0,20250611
SHORT,1782,entry,sell,-1,1,1216916,2025-06-11 14:17:00,14,857,0.00040723284529415487,-169.36,False,2.0,20250611
SHORT,1782,exit,buy,-1,1,1216918,2025-06-11 14:19:00,14,859,0.00041374128155040075,-169.36,False,2.0,20250611
SHORT,1783,entry,sell,-1,1,1216919,2025-06-11 14:20:00,14,860,0.0004258502529384597,-94.36,False,2.0,20250611
SHORT,1783,exit,buy,-1,1,1216921,2025-06-11 14:22:00,14,862,0.0004328777644224789,-94.36,False,2.0,20250611
SHORT,1784,entry,sell,-1,1,1216922,2025-06-11 14:23:00,14,863,0.0004329329697032112,-749.36,False,3.0,20250611
SHORT,1784,exit,buy,-1,1,1216925,2025-06-11 14:26:00,14,866,0.00045583236482152275,-749.36,False,3.0,20250611
SHORT,1785,entry,sell,-1,1,1217137,2025-06-11 18:58:00,18,1138,0.0001955645027741217,-199.36,False,390.0,20250612
SHORT,1785,exit,buy,-1,1,1217527,2025-06-12 01:28:00,1,88,0.0001326763168934045,-199.36,False,390.0,20250612
SHORT,1786,entry,sell,-1,1,1217665,2025-06-12 03:46:00,3,226,0.00019553401546462245,590.64,True,58.0,20250612
SHORT,1786,exit,buy,-1,1,1217723,2025-06-12 04:44:00,4,284,0.0003306879970119624,590.64,True,58.0,20250612
SHORT,1787,entry,sell,-1,1,1217809,2025-06-12 06:10:00,6,370,0.0002212195537776721,-344.36,False,42.0,20250612
SHORT,1787,exit,buy,-1,1,1217851,2025-06-12 06:52:00,6,412,0.00025748817791719936,-344.36,False,42.0,20250612
SHORT,1788,entry,sell,-1,1,1217882,2025-06-12 07:23:00,7,443,0.0002491483147914388,-329.36,False,70.0,20250612
SHORT,1788,exit,buy,-1,1,1217952,2025-06-12 08:33:00,8,513,0.0002475876144114724,-329.36,False,70.0,20250612
SHORT,1789,entry,sell,-1,1,1221251,2025-06-16 18:34:00,18,1114,0.0001279861879767722,1065.64,True,109.0,20250617
SHORT,1789,exit,buy,-1,1,1221360,2025-06-16 20:23:00,20,1223,0.0003495890583072126,1065.64,True,109.0,20250617
SHORT,1790,entry,sell,-1,1,1223530,2025-06-18 09:33:00,9,573,0.00024044980273325706,110.64,True,4.0,20250618
SHORT,1790,exit,buy,-1,1,1223534,2025-06-18 09:37:00,9,577,0.0002686151036411111,110.64,True,4.0,20250618
SHORT,1791,entry,sell,-1,1,1224114,2025-06-18 20:17:00,20,1217,0.00022626086106494492,-579.36,False,230.0,20250619
SHORT,1791,exit,buy,-1,1,1224344,2025-06-19 00:07:00,0,7,0.00011669274309082264,-579.36,False,230.0,20250619
SHORT,1792,entry,sell,-1,1,1224454,2025-06-19 01:57:00,1,117,0.00011024183035004327,75.64,True,63.0,20250619
SHORT,1792,exit,buy,-1,1,1224517,2025-06-19 03:00:00,3,180,0.00021264322511974868,75.64,True,63.0,20250619
SHORT,1793,entry,sell,-1,1,1224539,2025-06-19 03:22:00,3,202,0.00021595654050910674,-44.36,False,40.0,20250619
SHORT,1793,exit,buy,-1,1,1224579,2025-06-19 04:02:00,4,242,0.00029870693333471624,-44.36,False,40.0,20250619
SHORT,1794,entry,sell,-1,1,1224868,2025-06-19 08:51:00,8,531,0.00025025855243195874,-579.36,False,39.0,20250619
SHORT,1794,exit,buy,-1,1,1224907,2025-06-19 09:30:00,9,570,0.0002359741975994185,-579.36,False,39.0,20250619
SHORT,1795,entry,sell,-1,1,1224913,2025-06-19 09:36:00,9,576,0.00024076772641350543,370.64,True,184.0,20250619
SHORT,1795,exit,buy,-1,1,1225097,2025-06-19 12:40:00,12,760,0.00022433622684297363,370.64,True,184.0,20250619
SHORT,1796,entry,sell,-1,1,1226084,2025-06-20 10:07:00,10,607,0.0004303773403568927,915.64,True,31.0,20250620
SHORT,1796,exit,buy,-1,1,1226115,2025-06-20 10:38:00,10,638,0.00048726008016331543,915.64,True,31.0,20250620
SHORT,1797,entry,sell,-1,1,1226119,2025-06-20 10:42:00,10,642,0.0005299256673034224,990.64,True,32.0,20250620
SHORT,1797,exit,buy,-1,1,1226151,2025-06-20 11:14:00,11,674,0.000642452115993014,990.64,True,32.0,20250620
SHORT,1798,entry,sell,-1,1,1226498,2025-06-22 18:01:00,18,1081,0.00017868773435239675,-1509.36,False,11.0,20250623
SHORT,1798,exit,buy,-1,1,1226509,2025-06-22 18:12:00,18,1092,0.00026256998731631224,-1509.36,False,11.0,20250623
SHORT,1799,entry,sell,-1,1,1228454,2025-06-24 03:37:00,3,217,0.00032789118679876935,-739.36,False,24.0,20250624
SHORT,1799,exit,buy,-1,1,1228478,2025-06-24 04:01:00,4,241,0.0004158458434511349,-739.36,False,24.0,20250624
SHORT,1800,entry,sell,-1,1,1228604,2025-06-24 06:07:00,6,367,0.00016043800745024848,-219.36,False,85.0,20250624
SHORT,1800,exit,buy,-1,1,1228689,2025-06-24 07:32:00,7,452,0.0002033863273467286,-219.36,False,85.0,20250624
SHORT,1801,entry,sell,-1,1,1228736,2025-06-24 08:19:00,8,499,0.00021345174283925612,-849.36,False,83.0,20250624
SHORT,1801,exit,buy,-1,1,1228819,2025-06-24 09:42:00,9,582,0.0002727402592328987,-849.36,False,83.0,20250624
SHORT,1802,entry,sell,-1,1,1235785,2025-07-01 10:48:00,10,648,0.00037895608396707375,-159.36,False,17.0,20250701
SHORT,1802,exit,buy,-1,1,1235802,2025-07-01 11:05:00,11,665,0.00041549275875455056,-159.36,False,17.0,20250701
SHORT,1803,entry,sell,-1,1,1235805,2025-07-01 11:08:00,11,668,0.0004712841650114968,280.64,True,12.0,20250701
SHORT,1803,exit,buy,-1,1,1235817,2025-07-01 11:20:00,11,680,0.0004815041245345354,280.64,True,12.0,20250701
SHORT,1804,entry,sell,-1,1,1236038,2025-07-01 15:01:00,15,901,0.00022540248595080624,-714.36,False,22.0,20250701
SHORT,1804,exit,buy,-1,1,1236060,2025-07-01 15:23:00,15,923,0.00032243292311746506,-714.36,False,22.0,20250701
SHORT,1805,entry,sell,-1,1,1244932,2025-07-10 10:03:00,10,603,0.0003744074003152523,-494.36,False,67.0,20250710
SHORT,1805,exit,buy,-1,1,1244999,2025-07-10 11:10:00,11,670,0.0002907894626096376,-494.36,False,67.0,20250710
SHORT,1806,entry,sell,-1,1,1245488,2025-07-10 20:19:00,20,1219,0.0001856007635232635,1305.64,True,18.0,20250711
SHORT,1806,exit,buy,-1,1,1245506,2025-07-10 20:37:00,20,1237,0.0002726397209288711,1305.64,True,18.0,20250711
SHORT,1807,entry,sell,-1,1,1249043,2025-07-15 09:34:00,9,574,0.00022898235266155675,-159.36,False,12.0,20250715
SHORT,1807,exit,buy,-1,1,1249055,2025-07-15 09:46:00,9,586,0.0002926634663801552,-159.36,False,12.0,20250715
SHORT,1808,entry,sell,-1,1,1249058,2025-07-15 09:49:00,9,589,0.00031653611861377903,85.64,True,3.0,20250715
SHORT,1808,exit,buy,-1,1,1249061,2025-07-15 09:52:00,9,592,0.00034521359741762544,85.64,True,3.0,20250715
SHORT,1809,entry,sell,-1,1,1249062,2025-07-15 09:53:00,9,593,0.00034544690539410806,230.64,True,4.0,20250715
SHORT,1809,exit,buy,-1,1,1249066,2025-07-15 09:57:00,9,597,0.00034606251290515347,230.64,True,4.0,20250715
SHORT,1810,entry,sell,-1,1,1249067,2025-07-15 09:58:00,9,598,0.0003462141152458875,-214.36,False,9.0,20250715
SHORT,1810,exit,buy,-1,1,1249076,2025-07-15 10:07:00,10,607,0.00037065413043907224,-214.36,False,9.0,20250715
SHORT,1811,entry,sell,-1,1,1249110,2025-07-15 10:41:00,10,641,0.00037961707250614985,170.64,True,28.0,20250715
SHORT,1811,exit,buy,-1,1,1249138,2025-07-15 11:09:00,11,669,0.0003498265097936126,170.64,True,28.0,20250715
SHORT,1812,entry,sell,-1,1,1255960,2025-07-22 09:51:00,9,591,0.0003360010945403058,1005.64,True,5.0,20250722
SHORT,1812,exit,buy,-1,1,1255965,2025-07-22 09:56:00,9,596,0.0004201013644489892,1005.64,True,5.0,20250722
SHORT,1813,entry,sell,-1,1,1262954,2025-07-29 11:25:00,11,685,0.00027107457368005,680.64,True,315.0,20250729
SHORT,1813,exit,buy,-1,1,1263269,2025-07-29 16:40:00,16,1000,0.0001834538710358078,680.64,True,315.0,20250729
SHORT,1814,entry,sell,-1,1,1264549,2025-07-30 15:01:00,15,901,0.0004540349981508189,-534.36,False,11.0,20250730
SHORT,1814,exit,buy,-1,1,1264560,2025-07-30 15:12:00,15,912,0.0005117509106570482,-534.36,False,11.0,20250730
SHORT,1815,entry,sell,-1,1,1265472,2025-07-31 07:24:00,7,444,0.00016221017735503645,-334.36,False,47.0,20250731
SHORT,1815,exit,buy,-1,1,1265519,2025-07-31 08:11:00,8,491,0.00016003681382236771,-334.36,False,47.0,20250731
SHORT,1816,entry,sell,-1,1,1265597,2025-07-31 09:29:00,9,569,0.0002049170604269967,8145.64,True,431.0,20250731
SHORT,1816,exit,buy,-1,1,1266028,2025-07-31 16:40:00,16,1000,0.0004366397718587813,8145.64,True,431.0,20250731
SHORT,1817,entry,sell,-1,1,1266981,2025-08-01 09:33:00,9,573,0.0006358309965973413,3450.64,True,32.0,20250801
SHORT,1817,exit,buy,-1,1,1267013,2025-08-01 10:05:00,10,605,0.0007818298787542461,3450.64,True,32.0,20250801
SHORT,1818,entry,sell,-1,1,1269804,2025-08-05 10:36:00,10,636,0.00046315259373380283,3005.64,True,364.0,20250805
SHORT,1818,exit,buy,-1,1,1270168,2025-08-05 16:40:00,16,1000,0.00029729870813767744,3005.64,True,364.0,20250805
SHORT,1819,entry,sell,-1,1,1272554,2025-08-07 10:26:00,10,626,0.0005402962979540109,-854.36,False,20.0,20250807
SHORT,1819,exit,buy,-1,1,1272574,2025-08-07 10:46:00,10,646,0.0005330102296151943,-854.36,False,20.0,20250807
SHORT,1820,entry,sell,-1,1,1272584,2025-08-07 10:56:00,10,656,0.0005618870941134236,-679.36,False,25.0,20250807
SHORT,1820,exit,buy,-1,1,1272609,2025-08-07 11:21:00,11,681,0.000528635595842172,-679.36,False,25.0,20250807
SHORT,1821,entry,sell,-1,1,1274411,2025-08-10 19:23:00,19,1163,9.032482453934338e-05,-299.36,False,99.0,20250811
SHORT,1821,exit,buy,-1,1,1274510,2025-08-10 21:02:00,21,1262,0.00010019470368725999,-299.36,False,99.0,20250811
SHORT,1822,entry,sell,-1,1,1276612,2025-08-12 09:04:00,9,544,0.0005169088047729027,735.64,True,28.0,20250812
SHORT,1822,exit,buy,-1,1,1276640,2025-08-12 09:32:00,9,572,0.00037764613418452437,735.64,True,28.0,20250812
SHORT,1823,entry,sell,-1,1,1276641,2025-08-12 09:33:00,9,573,0.000372466301427841,-714.36,False,1.0,20250812
SHORT,1823,exit,buy,-1,1,1276642,2025-08-12 09:34:00,9,574,0.0004212208706354593,-714.36,False,1.0,20250812
SHORT,1824,entry,sell,-1,1,1276659,2025-08-12 09:51:00,9,591,0.0005230847206986816,-534.36,False,17.0,20250812
SHORT,1824,exit,buy,-1,1,1276676,2025-08-12 10:08:00,10,608,0.000635433287176188,-534.36,False,17.0,20250812
SHORT,1825,entry,sell,-1,1,1278051,2025-08-13 10:03:00,10,603,0.0003368505908533041,-9.36,False,19.0,20250813
SHORT,1825,exit,buy,-1,1,1278070,2025-08-13 10:22:00,10,622,0.00038264886311325174,-9.36,False,19.0,20250813
SHORT,1826,entry,sell,-1,1,1278125,2025-08-13 11:17:00,11,677,0.0002696664673966598,-454.36,False,73.0,20250813
SHORT,1826,exit,buy,-1,1,1278198,2025-08-13 12:30:00,12,750,0.00022795702843135006,-454.36,False,73.0,20250813
SHORT,1827,entry,sell,-1,1,1278220,2025-08-13 12:52:00,12,772,0.00023395316225278137,-654.36,False,70.0,20250813
SHORT,1827,exit,buy,-1,1,1278290,2025-08-13 14:02:00,14,842,0.00019660339278064875,-654.36,False,70.0,20250813
SHORT,1828,entry,sell,-1,1,1279339,2025-08-14 08:32:00,8,512,0.0004940710476967257,710.64,True,9.0,20250814
SHORT,1828,exit,buy,-1,1,1279348,2025-08-14 08:41:00,8,521,0.0005552323155780003,710.64,True,9.0,20250814
SHORT,1829,entry,sell,-1,1,1279361,2025-08-14 08:54:00,8,534,0.0005803037266103997,-309.36,False,36.0,20250814
SHORT,1829,exit,buy,-1,1,1279397,2025-08-14 09:30:00,9,570,0.0006210698469474083,-309.36,False,36.0,20250814
SHORT,1830,entry,sell,-1,1,1279515,2025-08-14 11:28:00,11,688,0.0002966180241437,-259.36,False,1.0,20250814
SHORT,1830,exit,buy,-1,1,1279516,2025-08-14 11:29:00,11,689,0.00029967705103992477,-259.36,False,1.0,20250814
SHORT,1831,entry,sell,-1,1,1279524,2025-08-14 11:37:00,11,697,0.00031280613777827376,50.64,True,1.0,20250814
SHORT,1831,exit,buy,-1,1,1279525,2025-08-14 11:38:00,11,698,0.00031194002336640633,50.64,True,1.0,20250814
SHORT,1832,entry,sell,-1,1,1279526,2025-08-14 11:39:00,11,699,0.000311946202329316,-144.36,False,6.0,20250814
SHORT,1832,exit,buy,-1,1,1279532,2025-08-14 11:45:00,11,705,0.00030661662188963084,-144.36,False,6.0,20250814
SHORT,1833,entry,sell,-1,1,1279794,2025-08-14 16:07:00,16,967,0.00024208946108324574,-69.36,False,2.0,20250814
SHORT,1833,exit,buy,-1,1,1279796,2025-08-14 16:09:00,16,969,0.00024019365312364678,-69.36,False,2.0,20250814
SHORT,1834,entry,sell,-1,1,1279797,2025-08-14 16:10:00,16,970,0.00023999141503386155,-79.36,False,30.0,20250814
SHORT,1834,exit,buy,-1,1,1279827,2025-08-14 16:40:00,16,1000,0.0002357975325237565,-79.36,False,30.0,20250814
SHORT,1835,entry,sell,-1,1,1280790,2025-08-15 09:43:00,9,583,0.0003391210761098082,715.64,True,13.0,20250815
SHORT,1835,exit,buy,-1,1,1280803,2025-08-15 09:56:00,9,596,0.0004553380777317936,715.64,True,13.0,20250815
SHORT,1836,entry,sell,-1,1,1280849,2025-08-15 10:42:00,10,642,0.0004872709109984924,-174.36,False,2.0,20250815
SHORT,1836,exit,buy,-1,1,1280851,2025-08-15 10:44:00,10,644,0.00048563908447786226,-174.36,False,2.0,20250815
SHORT,1837,entry,sell,-1,1,1280853,2025-08-15 10:46:00,10,646,0.00044965027563340597,645.64,True,65.0,20250815
SHORT,1837,exit,buy,-1,1,1280918,2025-08-15 11:51:00,11,711,0.0003114873117707395,645.64,True,65.0,20250815
SHORT,1838,entry,sell,-1,1,1282760,2025-08-18 20:33:00,20,1233,9.39378442103975e-05,160.64,True,389.0,20250819
SHORT,1838,exit,buy,-1,1,1283149,2025-08-19 03:02:00,3,182,7.454913681948901e-05,160.64,True,389.0,20250819
SHORT,1839,entry,sell,-1,1,1283183,2025-08-19 03:36:00,3,216,9.186987838400034e-05,-364.36,False,9.0,20250819
SHORT,1839,exit,buy,-1,1,1283192,2025-08-19 03:45:00,3,225,0.00010078501418186428,-364.36,False,9.0,20250819
SHORT,1840,entry,sell,-1,1,1283218,2025-08-19 04:11:00,4,251,0.00011130692907339513,-184.36,False,18.0,20250819
SHORT,1840,exit,buy,-1,1,1283236,2025-08-19 04:29:00,4,269,0.00012612599801272182,-184.36,False,18.0,20250819
SHORT,1841,entry,sell,-1,1,1283351,2025-08-19 06:24:00,6,384,9.305278282366626e-05,-94.36,False,5.0,20250819
SHORT,1841,exit,buy,-1,1,1283356,2025-08-19 06:29:00,6,389,9.437598280176245e-05,-94.36,False,5.0,20250819
SHORT,1842,entry,sell,-1,1,1283357,2025-08-19 06:30:00,6,390,9.439258897597024e-05,265.64,True,59.0,20250819
SHORT,1842,exit,buy,-1,1,1283416,2025-08-19 07:29:00,7,449,0.00013800950863044681,265.64,True,59.0,20250819
SHORT,1843,entry,sell,-1,1,1283417,2025-08-19 07:30:00,7,450,0.00013816107261307366,10.64,True,2.0,20250819
SHORT,1843,exit,buy,-1,1,1283419,2025-08-19 07:32:00,7,452,0.00013544036457847908,10.64,True,2.0,20250819
SHORT,1844,entry,sell,-1,1,1283420,2025-08-19 07:33:00,7,453,0.00013597083749770404,-64.36,False,5.0,20250819
SHORT,1844,exit,buy,-1,1,1283425,2025-08-19 07:38:00,7,458,0.0001381577099592437,-64.36,False,5.0,20250819
SHORT,1845,entry,sell,-1,1,1283427,2025-08-19 07:40:00,7,460,0.00013904318686767234,-54.36,False,4.0,20250819
SHORT,1845,exit,buy,-1,1,1283431,2025-08-19 07:44:00,7,464,0.00012948958325300928,-54.36,False,4.0,20250819
SHORT,1846,entry,sell,-1,1,1283433,2025-08-19 07:46:00,7,466,0.0001355122608687257,60.64,True,1.0,20250819
SHORT,1846,exit,buy,-1,1,1283434,2025-08-19 07:47:00,7,467,0.00013551316892463218,60.64,True,1.0,20250819
SHORT,1847,entry,sell,-1,1,1283541,2025-08-19 09:34:00,9,574,0.00026275548868910826,-354.36,False,4.0,20250819
SHORT,1847,exit,buy,-1,1,1283545,2025-08-19 09:38:00,9,578,0.00030293760817581134,-354.36,False,4.0,20250819
SHORT,1848,entry,sell,-1,1,1283552,2025-08-19 09:45:00,9,585,0.00035536522276564063,-149.36,False,9.0,20250819
SHORT,1848,exit,buy,-1,1,1283561,2025-08-19 09:54:00,9,594,0.00041092060820755767,-149.36,False,9.0,20250819
SHORT,1849,entry,sell,-1,1,1283584,2025-08-19 10:17:00,10,617,0.00047477714555393,2065.64,True,71.0,20250819
SHORT,1849,exit,buy,-1,1,1283655,2025-08-19 11:28:00,11,688,0.0004248561870777459,2065.64,True,71.0,20250819
SHORT,1850,entry,sell,-1,1,1284072,2025-08-19 19:25:00,19,1165,0.00014375758737114093,790.64,True,432.0,20250820
SHORT,1850,exit,buy,-1,1,1284504,2025-08-20 02:37:00,2,157,0.00013029042547900953,790.64,True,432.0,20250820
SHORT,1851,entry,sell,-1,1,1284601,2025-08-20 04:14:00,4,254,0.00017430739985453957,-339.36,False,19.0,20250820
SHORT,1851,exit,buy,-1,1,1284620,2025-08-20 04:33:00,4,273,0.00020112634054889248,-339.36,False,19.0,20250820
SHORT,1852,entry,sell,-1,1,1284804,2025-08-20 07:37:00,7,457,0.0001549954790461418,-179.36,False,15.0,20250820
SHORT,1852,exit,buy,-1,1,1284819,2025-08-20 07:52:00,7,472,0.00017824656745980117,-179.36,False,15.0,20250820
SHORT,1853,entry,sell,-1,1,1284918,2025-08-20 09:31:00,9,571,0.0002810239520239577,5200.64,True,50.0,20250820
SHORT,1853,exit,buy,-1,1,1284968,2025-08-20 10:21:00,10,621,0.0007297824084128823,5200.64,True,50.0,20250820
SHORT,1854,entry,sell,-1,1,1285513,2025-08-20 20:26:00,20,1226,0.000146742652558133,-1024.36,False,86.0,20250821
SHORT,1854,exit,buy,-1,1,1285599,2025-08-20 21:52:00,21,1312,0.00017479942720854025,-1024.36,False,86.0,20250821
SHORT,1855,entry,sell,-1,1,1285923,2025-08-21 03:16:00,3,196,0.0001798287829582742,-149.36,False,6.0,20250821
SHORT,1855,exit,buy,-1,1,1285929,2025-08-21 03:22:00,3,202,0.00018245769625265993,-149.36,False,6.0,20250821
SHORT,1856,entry,sell,-1,1,1286196,2025-08-21 07:49:00,7,469,0.00019204844376528423,-229.36,False,3.0,20250821
SHORT,1856,exit,buy,-1,1,1286199,2025-08-21 07:52:00,7,472,0.0002041850655824198,-229.36,False,3.0,20250821
SHORT,1857,entry,sell,-1,1,1287254,2025-08-22 02:28:00,2,148,0.00011952590354865204,1005.64,True,21.0,20250822
SHORT,1857,exit,buy,-1,1,1287275,2025-08-22 02:49:00,2,169,0.0002363680754800487,1005.64,True,21.0,20250822
SHORT,1858,entry,sell,-1,1,1289059,2025-08-25 09:33:00,9,573,0.0001826472819842215,-994.36,False,26.0,20250825
SHORT,1858,exit,buy,-1,1,1289085,2025-08-25 09:59:00,9,599,0.00038414693998977545,-994.36,False,26.0,20250825
SHORT,1859,entry,sell,-1,1,1291831,2025-08-27 09:45:00,9,585,0.00024703963694829435,-294.36,False,10.0,20250827
SHORT,1859,exit,buy,-1,1,1291841,2025-08-27 09:55:00,9,595,0.00031418658704240193,-294.36,False,10.0,20250827
SHORT,1860,entry,sell,-1,1,1292228,2025-08-27 16:22:00,16,982,0.0007257716004403585,-1659.36,False,4.0,20250827
SHORT,1860,exit,buy,-1,1,1292232,2025-08-27 16:26:00,16,986,0.0007708627082795883,-1659.36,False,4.0,20250827
SHORT,1861,entry,sell,-1,1,1293223,2025-08-28 09:57:00,9,597,0.0006426711231824428,-844.36,False,5.0,20250828
SHORT,1861,exit,buy,-1,1,1293228,2025-08-28 10:02:00,10,602,0.0006788498482476264,-844.36,False,5.0,20250828
SHORT,1862,entry,sell,-1,1,1293312,2025-08-28 11:26:00,11,686,0.0003685470827981882,-839.36,False,49.0,20250828
SHORT,1862,exit,buy,-1,1,1293361,2025-08-28 12:15:00,12,735,0.0003100396891745845,-839.36,False,49.0,20250828
SHORT,1863,entry,sell,-1,1,1294247,2025-08-29 04:01:00,4,241,0.00012063724302612009,415.64,True,270.0,20250829
SHORT,1863,exit,buy,-1,1,1294517,2025-08-29 08:31:00,8,511,0.0002598106584039801,415.64,True,270.0,20250829
SHORT,1864,entry,sell,-1,1,1294583,2025-08-29 09:37:00,9,577,0.00017120434058435748,2775.64,True,45.0,20250829
SHORT,1864,exit,buy,-1,1,1294628,2025-08-29 10:22:00,10,622,0.0005209498597927428,2775.64,True,45.0,20250829
SHORT,1865,entry,sell,-1,1,1295532,2025-09-01 02:26:00,2,146,0.00016235004211581145,-304.36,False,8.0,20250901
SHORT,1865,exit,buy,-1,1,1295540,2025-09-01 02:34:00,2,154,0.00019407009386323675,-304.36,False,8.0,20250901
SHORT,1866,entry,sell,-1,1,1295958,2025-09-01 09:32:00,9,572,0.0001435115375850262,-639.36,False,8.0,20250901
SHORT,1866,exit,buy,-1,1,1295966,2025-09-01 09:40:00,9,580,0.00015744073622597223,-639.36,False,8.0,20250901
SHORT,1867,entry,sell,-1,1,1296220,2025-09-01 18:54:00,18,1134,9.452381756919514e-05,265.64,True,112.0,20250902
SHORT,1867,exit,buy,-1,1,1296332,2025-09-01 20:46:00,20,1246,0.00012776910934303288,265.64,True,112.0,20250902
SHORT,1868,entry,sell,-1,1,1296400,2025-09-01 21:54:00,21,1314,8.411754853225003e-05,240.64,True,153.0,20250902
SHORT,1868,exit,buy,-1,1,1296553,2025-09-02 00:27:00,0,27,6.34791623775287e-05,240.64,True,153.0,20250902
SHORT,1869,entry,sell,-1,1,1296566,2025-09-02 00:40:00,0,40,8.963630203606941e-05,-254.36,False,128.0,20250902
SHORT,1869,exit,buy,-1,1,1296694,2025-09-02 02:48:00,2,168,0.0001376093562892115,-254.36,False,128.0,20250902
SHORT,1870,entry,sell,-1,1,1296716,2025-09-02 03:10:00,3,190,0.00014986334480062376,150.64,True,22.0,20250902
SHORT,1870,exit,buy,-1,1,1296738,2025-09-02 03:32:00,3,212,0.00020260769570125414,150.64,True,22.0,20250902
SHORT,1871,entry,sell,-1,1,1296741,2025-09-02 03:35:00,3,215,0.00021906084978997253,1375.64,True,29.0,20250902
SHORT,1871,exit,buy,-1,1,1296770,2025-09-02 04:04:00,4,244,0.00032231199954937414,1375.64,True,29.0,20250902
SHORT,1872,entry,sell,-1,1,1297720,2025-09-02 20:54:00,20,1254,0.00010300542862157436,-514.36,False,334.0,20250903
SHORT,1872,exit,buy,-1,1,1298054,2025-09-03 02:28:00,2,148,0.00013944673391069173,-514.36,False,334.0,20250903
SHORT,1873,entry,sell,-1,1,1298084,2025-09-03 02:58:00,2,178,0.00012916550311898778,-159.36,False,3.0,20250903
SHORT,1873,exit,buy,-1,1,1298087,2025-09-03 03:01:00,3,181,0.00012751346929045423,-159.36,False,3.0,20250903
SHORT,1874,entry,sell,-1,1,1298104,2025-09-03 03:18:00,3,198,0.0001358337812897032,375.64,True,4.0,20250903
SHORT,1874,exit,buy,-1,1,1298108,2025-09-03 03:22:00,3,202,0.00014833165562521167,375.64,True,4.0,20250903
SHORT,1875,entry,sell,-1,1,1298478,2025-09-03 09:32:00,9,572,0.00022738121057864615,-779.36,False,382.0,20250903
SHORT,1875,exit,buy,-1,1,1298860,2025-09-03 15:54:00,15,954,0.0002071645145162134,-779.36,False,382.0,20250903
SHORT,1876,entry,sell,-1,1,1298861,2025-09-03 15:55:00,15,955,0.00020667327422337994,-149.36,False,1.0,20250903
SHORT,1876,exit,buy,-1,1,1298862,2025-09-03 15:56:00,15,956,0.00020872833840519055,-149.36,False,1.0,20250903
SHORT,1877,entry,sell,-1,1,1301243,2025-09-05 09:37:00,9,577,0.00030972271675296895,3670.64,True,380.0,20250905
SHORT,1877,exit,buy,-1,1,1301623,2025-09-05 15:57:00,15,957,0.0002815470780136858,3670.64,True,380.0,20250905
SHORT,1878,entry,sell,-1,1,1304062,2025-09-09 10:36:00,10,636,0.000375629931697379,-284.36,False,10.0,20250909
SHORT,1878,exit,buy,-1,1,1304072,2025-09-09 10:46:00,10,646,0.0004119467463014268,-284.36,False,10.0,20250909
SHORT,1879,entry,sell,-1,1,1305348,2025-09-10 09:02:00,9,542,0.0003609477471377113,-394.36,False,15.0,20250910
SHORT,1879,exit,buy,-1,1,1305363,2025-09-10 09:17:00,9,557,0.00036042692216061415,-394.36,False,15.0,20250910
SHORT,1880,entry,sell,-1,1,1305377,2025-09-10 09:31:00,9,571,0.00038366909430246504,1130.64,True,386.0,20250910
SHORT,1880,exit,buy,-1,1,1305763,2025-09-10 15:57:00,15,957,0.00030609537210019814,1130.64,True,386.0,20250910
SHORT,1881,entry,sell,-1,1,1306762,2025-09-11 09:37:00,9,577,0.0003148788178742481,-889.36,False,30.0,20250911
SHORT,1881,exit,buy,-1,1,1306792,2025-09-11 10:07:00,10,607,0.0003676427296367238,-889.36,False,30.0,20250911
SHORT,1882,entry,sell,-1,1,1306793,2025-09-11 10:08:00,10,608,0.0003676545057125299,305.64,True,25.0,20250911
SHORT,1882,exit,buy,-1,1,1306818,2025-09-11 10:33:00,10,633,0.0004041825730751596,305.64,True,25.0,20250911
SHORT,1883,entry,sell,-1,1,1306822,2025-09-11 10:37:00,10,637,0.0003753460302212463,40.64,True,12.0,20250911
SHORT,1883,exit,buy,-1,1,1306834,2025-09-11 10:49:00,10,649,0.0003141056003356698,40.64,True,12.0,20250911
SHORT,1884,entry,sell,-1,1,1306864,2025-09-11 11:19:00,11,679,0.00023007597284717412,690.64,True,152.0,20250911
SHORT,1884,exit,buy,-1,1,1307016,2025-09-11 13:51:00,13,831,0.00017769789077174208,690.64,True,152.0,20250911
SHORT,1885,entry,sell,-1,1,1308733,2025-09-14 20:29:00,20,1229,0.00013203431542713204,-359.36,False,29.0,20250915
SHORT,1885,exit,buy,-1,1,1308762,2025-09-14 20:58:00,20,1258,0.00012043525677811023,-359.36,False,29.0,20250915
SHORT,1886,entry,sell,-1,1,1308763,2025-09-14 20:59:00,20,1259,0.00012087951573723504,20.64,True,4.0,20250915
SHORT,1886,exit,buy,-1,1,1308767,2025-09-14 21:03:00,21,1263,0.00012073397733699997,20.64,True,4.0,20250915
SHORT,1887,entry,sell,-1,1,1310892,2025-09-16 09:32:00,9,572,0.0001521962385006279,430.64,True,3.0,20250916
SHORT,1887,exit,buy,-1,1,1310895,2025-09-16 09:35:00,9,575,0.00017586436105494868,430.64,True,3.0,20250916
SHORT,1888,entry,sell,-1,1,1310901,2025-09-16 09:41:00,9,581,0.00018164019776587272,275.64,True,52.0,20250916
SHORT,1888,exit,buy,-1,1,1310953,2025-09-16 10:33:00,10,633,0.0002479038971914005,275.64,True,52.0,20250916
SHORT,1889,entry,sell,-1,1,1311978,2025-09-17 04:38:00,4,278,0.0001780370665737528,100.64,True,7.0,20250917
SHORT,1889,exit,buy,-1,1,1311985,2025-09-17 04:45:00,4,285,0.00021075383755001162,100.64,True,7.0,20250917
SHORT,1890,entry,sell,-1,1,1312097,2025-09-17 06:37:00,6,397,0.00010452933649378699,-364.36,False,35.0,20250917
SHORT,1890,exit,buy,-1,1,1312132,2025-09-17 07:12:00,7,432,0.0001251542194589076,-364.36,False,35.0,20250917
SHORT,1891,entry,sell,-1,1,1312347,2025-09-17 10:47:00,10,647,0.0002658462318099753,-264.36,False,30.0,20250917
SHORT,1891,exit,buy,-1,1,1312377,2025-09-17 11:17:00,11,677,0.00021630475641103196,-264.36,False,30.0,20250917
SHORT,1892,entry,sell,-1,1,1312389,2025-09-17 11:29:00,11,689,0.00020939857451599767,-249.36,False,124.0,20250917
SHORT,1892,exit,buy,-1,1,1312513,2025-09-17 13:33:00,13,813,0.0001624911259450508,-249.36,False,124.0,20250917
SHORT,1893,entry,sell,-1,1,1312550,2025-09-17 14:10:00,14,850,0.00036085099712551553,610.64,True,13.0,20250917
SHORT,1893,exit,buy,-1,1,1312563,2025-09-17 14:23:00,14,863,0.000556509791815186,610.64,True,13.0,20250917
SHORT,1894,entry,sell,-1,1,1312573,2025-09-17 14:33:00,14,873,0.0006338427393753653,765.64,True,24.0,20250917
SHORT,1894,exit,buy,-1,1,1312597,2025-09-17 14:57:00,14,897,0.0008668834339350887,765.64,True,24.0,20250917
SHORT,1895,entry,sell,-1,1,1312614,2025-09-17 15:14:00,15,914,0.0008663937617045734,-1579.36,False,10.0,20250917
SHORT,1895,exit,buy,-1,1,1312624,2025-09-17 15:24:00,15,924,0.0008496664029113626,-1579.36,False,10.0,20250917
SHORT,1896,entry,sell,-1,1,1312653,2025-09-17 15:53:00,15,953,0.0006926031655735328,-514.36,False,3.0,20250917
SHORT,1896,exit,buy,-1,1,1312656,2025-09-17 15:56:00,15,956,0.0006602691289294964,-514.36,False,3.0,20250917
SHORT,1897,entry,sell,-1,1,1313661,2025-09-18 09:41:00,9,581,0.0003507214952820182,-269.36,False,9.0,20250918
SHORT,1897,exit,buy,-1,1,1313670,2025-09-18 09:50:00,9,590,0.00039645082900404506,-269.36,False,9.0,20250918
SHORT,1898,entry,sell,-1,1,1315487,2025-09-21 18:07:00,18,1087,0.00010206318086839443,-459.36,False,120.0,20250922
SHORT,1898,exit,buy,-1,1,1315607,2025-09-21 20:07:00,20,1207,8.728356165553642e-05,-459.36,False,120.0,20250922
SHORT,1899,entry,sell,-1,1,1315608,2025-09-21 20:08:00,20,1208,8.601591980270199e-05,0.6399999999999997,True,1.0,20250922
SHORT,1899,exit,buy,-1,1,1315609,2025-09-21 20:09:00,20,1209,8.611847906432627e-05,0.6399999999999997,True,1.0,20250922
SHORT,1900,entry,sell,-1,1,1315610,2025-09-21 20:10:00,20,1210,8.58826506395609e-05,-114.36,False,1.0,20250922
SHORT,1900,exit,buy,-1,1,1315611,2025-09-21 20:11:00,20,1211,9.000904262389505e-05,-114.36,False,1.0,20250922
SHORT,1901,entry,sell,-1,1,1315655,2025-09-21 20:55:00,20,1255,0.00010601128784284408,15.64,True,9.0,20250922
SHORT,1901,exit,buy,-1,1,1315664,2025-09-21 21:04:00,21,1264,9.83810561525405e-05,15.64,True,9.0,20250922
SHORT,1902,entry,sell,-1,1,1316030,2025-09-22 03:11:00,3,191,0.00012285423356997,625.64,True,27.0,20250922
SHORT,1902,exit,buy,-1,1,1316057,2025-09-22 03:38:00,3,218,0.0001827159132177828,625.64,True,27.0,20250922
SHORT,1903,entry,sell,-1,1,1316131,2025-09-22 04:52:00,4,292,0.00013828682953751694,305.64,True,34.0,20250922
SHORT,1903,exit,buy,-1,1,1316165,2025-09-22 05:26:00,5,326,0.00014546711624161286,305.64,True,34.0,20250922
SHORT,1904,entry,sell,-1,1,1316258,2025-09-22 06:59:00,6,419,9.826122485045356e-05,-349.36,False,104.0,20250922
SHORT,1904,exit,buy,-1,1,1316362,2025-09-22 08:43:00,8,523,0.00011029828288236221,-349.36,False,104.0,20250922
SHORT,1905,entry,sell,-1,1,1318028,2025-09-23 13:29:00,13,809,0.00021138915186646304,770.64,True,20.0,20250923
SHORT,1905,exit,buy,-1,1,1318048,2025-09-23 13:49:00,13,829,0.0003246009125578886,770.64,True,20.0,20250923
SHORT,1906,entry,sell,-1,1,1318083,2025-09-23 14:24:00,14,864,0.0003435158309770938,-779.36,False,9.0,20250923
SHORT,1906,exit,buy,-1,1,1318092,2025-09-23 14:33:00,14,873,0.0003576902206609045,-779.36,False,9.0,20250923
SHORT,1907,entry,sell,-1,1,1318118,2025-09-23 14:59:00,14,899,0.00023463824163598,-899.36,False,47.0,20250923
SHORT,1907,exit,buy,-1,1,1318165,2025-09-23 15:46:00,15,946,0.0002033919575538999,-899.36,False,47.0,20250923
SHORT,1908,entry,sell,-1,1,1319171,2025-09-24 09:32:00,9,572,0.00013294908763164892,230.64,True,1.0,20250924
SHORT,1908,exit,buy,-1,1,1319172,2025-09-24 09:33:00,9,573,0.00014526336434513676,230.64,True,1.0,20250924
SHORT,1909,entry,sell,-1,1,1319191,2025-09-24 09:52:00,9,592,0.00025638017844861456,-139.36,False,51.0,20250924
SHORT,1909,exit,buy,-1,1,1319242,2025-09-24 10:43:00,10,643,0.0003011749116433793,-139.36,False,51.0,20250924
SHORT,1910,entry,sell,-1,1,1319272,2025-09-24 11:13:00,11,673,0.0002656930453313226,55.64,True,6.0,20250924
SHORT,1910,exit,buy,-1,1,1319278,2025-09-24 11:19:00,11,679,0.0002633855631706185,55.64,True,6.0,20250924
SHORT,1911,entry,sell,-1,1,1319294,2025-09-24 11:35:00,11,695,0.0002514744831663945,470.64,True,264.0,20250924
SHORT,1911,exit,buy,-1,1,1319558,2025-09-24 15:59:00,15,959,0.00017574496101572834,470.64,True,264.0,20250924
SHORT,1912,entry,sell,-1,1,1320141,2025-09-25 02:42:00,2,162,8.989049063462219e-05,30.64,True,42.0,20250925
SHORT,1912,exit,buy,-1,1,1320183,2025-09-25 03:24:00,3,204,0.000133067992130351,30.64,True,42.0,20250925
SHORT,1913,entry,sell,-1,1,1320209,2025-09-25 03:50:00,3,230,0.00013948294624947707,-294.36,False,12.0,20250925
SHORT,1913,exit,buy,-1,1,1320221,2025-09-25 04:02:00,4,242,0.0001442624528903476,-294.36,False,12.0,20250925
SHORT,1914,entry,sell,-1,1,1320262,2025-09-25 04:43:00,4,283,0.00010630359004142948,2530.64,True,216.0,20250925
SHORT,1914,exit,buy,-1,1,1320478,2025-09-25 08:19:00,8,499,0.00021891478735632257,2530.64,True,216.0,20250925
SHORT,1915,entry,sell,-1,1,1321205,2025-09-25 21:26:00,21,1286,0.00011890803599012515,-509.36,False,276.0,20250926
SHORT,1915,exit,buy,-1,1,1321481,2025-09-26 02:02:00,2,122,9.632147013232748e-05,-509.36,False,276.0,20250926
SHORT,1916,entry,sell,-1,1,1321542,2025-09-26 03:03:00,3,183,0.0001512204412522982,70.64,True,1.0,20250926
SHORT,1916,exit,buy,-1,1,1321543,2025-09-26 03:04:00,3,184,0.00015442021059939456,70.64,True,1.0,20250926
SHORT,1917,entry,sell,-1,1,1321560,2025-09-26 03:21:00,3,201,0.00016323073043343503,-129.36,False,2.0,20250926
SHORT,1917,exit,buy,-1,1,1321562,2025-09-26 03:23:00,3,203,0.00016363147317805744,-129.36,False,2.0,20250926
SHORT,1918,entry,sell,-1,1,1321597,2025-09-26 03:58:00,3,238,0.0001743197097992401,-29.36,False,1.0,20250926
SHORT,1918,exit,buy,-1,1,1321598,2025-09-26 03:59:00,3,239,0.0001728291042233899,-29.36,False,1.0,20250926
SHORT,1919,entry,sell,-1,1,1321646,2025-09-26 04:47:00,4,287,0.00013923211472831296,200.64,True,1.0,20250926
SHORT,1919,exit,buy,-1,1,1321647,2025-09-26 04:48:00,4,288,0.0001439217795423141,200.64,True,1.0,20250926
SHORT,1920,entry,sell,-1,1,1321648,2025-09-26 04:49:00,4,289,0.00014490846774804422,-144.36,False,25.0,20250926
SHORT,1920,exit,buy,-1,1,1321673,2025-09-26 05:14:00,5,314,0.00017519118475627093,-144.36,False,25.0,20250926
SHORT,1921,entry,sell,-1,1,1321725,2025-09-26 06:06:00,6,366,0.00016048865852073772,-424.36,False,66.0,20250926
SHORT,1921,exit,buy,-1,1,1321791,2025-09-26 07:12:00,7,432,0.0001276444089696155,-424.36,False,66.0,20250926
SHORT,1922,entry,sell,-1,1,1321804,2025-09-26 07:25:00,7,445,0.0001372386784181577,-599.36,False,15.0,20250926
SHORT,1922,exit,buy,-1,1,1321819,2025-09-26 07:40:00,7,460,0.00014477253467488332,-599.36,False,15.0,20250926
SHORT,1923,entry,sell,-1,1,1323417,2025-09-29 11:18:00,11,678,0.00021820384241641292,115.64,True,57.0,20250929
SHORT,1923,exit,buy,-1,1,1323474,2025-09-29 12:15:00,12,735,0.00024732153897021275,115.64,True,57.0,20250929
SHORT,1924,entry,sell,-1,1,1323477,2025-09-29 12:18:00,12,738,0.00026609744013269946,-364.36,False,95.0,20250929
SHORT,1924,exit,buy,-1,1,1323572,2025-09-29 13:53:00,13,833,0.00019649133508892278,-364.36,False,95.0,20250929
SHORT,1925,entry,sell,-1,1,1323655,2025-09-29 15:16:00,15,916,0.00018264678684891156,-764.36,False,25.0,20250929
SHORT,1925,exit,buy,-1,1,1323680,2025-09-29 15:41:00,15,941,0.00020956918584555913,-764.36,False,25.0,20250929
SHORT,1926,entry,sell,-1,1,1324342,2025-09-30 03:43:00,3,223,0.000175937637835047,-394.36,False,8.0,20250930
SHORT,1926,exit,buy,-1,1,1324350,2025-09-30 03:51:00,3,231,0.0002014801623695768,-394.36,False,8.0,20250930
SHORT,1927,entry,sell,-1,1,1324496,2025-09-30 06:17:00,6,377,0.0001356686472973101,-429.36,False,29.0,20250930
SHORT,1927,exit,buy,-1,1,1324525,2025-09-30 06:46:00,6,406,0.00013639561635592643,-429.36,False,29.0,20250930
SHORT,1928,entry,sell,-1,1,1324698,2025-09-30 09:39:00,9,579,0.00020359919012620861,-934.36,False,6.0,20250930
SHORT,1928,exit,buy,-1,1,1324704,2025-09-30 09:45:00,9,585,0.00025135051988568123,-934.36,False,6.0,20250930
SHORT,1929,entry,sell,-1,1,1327453,2025-10-02 09:34:00,9,574,0.00016792996863297327,1160.64,True,31.0,20251002
SHORT,1929,exit,buy,-1,1,1327484,2025-10-02 10:05:00,10,605,0.0003673600899880036,1160.64,True,31.0,20251002
SHORT,1930,entry,sell,-1,1,1327933,2025-10-02 18:34:00,18,1114,9.259065795568603e-05,-499.36,False,18.0,20251003
SHORT,1930,exit,buy,-1,1,1327951,2025-10-02 18:52:00,18,1132,9.718723647317502e-05,-499.36,False,18.0,20251003
SHORT,1931,entry,sell,-1,1,1328715,2025-10-03 07:36:00,7,456,0.00011553527355231708,-494.36,False,13.0,20251003
SHORT,1931,exit,buy,-1,1,1328728,2025-10-03 07:49:00,7,469,0.00012540226537544668,-494.36,False,13.0,20251003
SHORT,1932,entry,sell,-1,1,1328738,2025-10-03 07:59:00,7,479,0.0001621678947132655,-9.36,False,37.0,20251003
SHORT,1932,exit,buy,-1,1,1328775,2025-10-03 08:36:00,8,516,0.00015534818429312788,-9.36,False,37.0,20251003
SHORT,1933,entry,sell,-1,1,1328787,2025-10-03 08:48:00,8,528,0.0001624214815800239,-189.36,False,7.0,20251003
SHORT,1933,exit,buy,-1,1,1328794,2025-10-03 08:55:00,8,535,0.0001478566265459174,-189.36,False,7.0,20251003
SHORT,1934,entry,sell,-1,1,1328816,2025-10-03 09:17:00,9,557,0.0001273429455577954,-59.36,False,1.0,20251003
SHORT,1934,exit,buy,-1,1,1328817,2025-10-03 09:18:00,9,558,0.00012782428452221039,-59.36,False,1.0,20251003
SHORT,1935,entry,sell,-1,1,1328862,2025-10-03 10:03:00,10,603,0.0003306503960433664,-1134.36,False,94.0,20251003
SHORT,1935,exit,buy,-1,1,1328956,2025-10-03 11:37:00,11,697,0.00021254669630680283,-1134.36,False,94.0,20251003
SHORT,1936,entry,sell,-1,1,1330213,2025-10-06 09:34:00,9,574,0.0002111068073217043,25.64,True,13.0,20251006
SHORT,1936,exit,buy,-1,1,1330226,2025-10-06 09:47:00,9,587,0.00030968027846968037,25.64,True,13.0,20251006
SHORT,1937,entry,sell,-1,1,1330250,2025-10-06 10:11:00,10,611,0.0004035726762090217,-739.36,False,11.0,20251006
SHORT,1937,exit,buy,-1,1,1330261,2025-10-06 10:22:00,10,622,0.00041203676889390293,-739.36,False,11.0,20251006
SHORT,1938,entry,sell,-1,1,1330271,2025-10-06 10:32:00,10,632,0.00040353304241763166,-749.36,False,35.0,20251006
SHORT,1938,exit,buy,-1,1,1330306,2025-10-06 11:07:00,11,667,0.00026187718161145237,-749.36,False,35.0,20251006
SHORT,1939,entry,sell,-1,1,1333614,2025-10-08 21:15:00,21,1275,0.00010653894758035144,-199.36,False,128.0,20251009
SHORT,1939,exit,buy,-1,1,1333742,2025-10-08 23:23:00,23,1403,0.0001351042120934975,-199.36,False,128.0,20251009
SHORT,1940,entry,sell,-1,1,1333746,2025-10-08 23:27:00,23,1407,0.00014532972308895197,-449.36,False,98.0,20251009
SHORT,1940,exit,buy,-1,1,1333844,2025-10-09 01:05:00,1,65,7.233460441804181e-05,-449.36,False,98.0,20251009
SHORT,1941,entry,sell,-1,1,1333889,2025-10-09 01:50:00,1,110,9.024791982903835e-05,-404.36,False,15.0,20251009
SHORT,1941,exit,buy,-1,1,1333904,2025-10-09 02:05:00,2,125,9.361150022261097e-05,-404.36,False,15.0,20251009
SHORT,1942,entry,sell,-1,1,1333927,2025-10-09 02:28:00,2,148,0.00011198042680751866,410.64,True,186.0,20251009
SHORT,1942,exit,buy,-1,1,1334113,2025-10-09 05:34:00,5,334,0.0001369290842440931,410.64,True,186.0,20251009
SHORT,1943,entry,sell,-1,1,1334141,2025-10-09 06:02:00,6,362,0.00012068827783430478,-449.36,False,87.0,20251009
SHORT,1943,exit,buy,-1,1,1334228,2025-10-09 07:29:00,7,449,0.00010922043552465997,-449.36,False,87.0,20251009
SHORT,1944,entry,sell,-1,1,1334246,2025-10-09 07:47:00,7,467,0.00010437300662982287,-154.36,False,46.0,20251009
SHORT,1944,exit,buy,-1,1,1334292,2025-10-09 08:33:00,8,513,0.00011730599373666621,-154.36,False,46.0,20251009
SHORT,1945,entry,sell,-1,1,1334361,2025-10-09 09:42:00,9,582,0.00017241140731848244,-224.36,False,375.0,20251009
SHORT,1945,exit,buy,-1,1,1334736,2025-10-09 15:57:00,15,957,0.00013496172606681424,-224.36,False,375.0,20251009
SHORT,1946,entry,sell,-1,1,1335508,2025-10-10 05:49:00,5,349,0.00018023061954338396,-189.36,False,24.0,20251010
SHORT,1946,exit,buy,-1,1,1335532,2025-10-10 06:13:00,6,373,0.00017650835385466028,-189.36,False,24.0,20251010
SHORT,1947,entry,sell,-1,1,1335683,2025-10-10 08:44:00,8,524,0.00010620931611432912,-354.36,False,47.0,20251010
SHORT,1947,exit,buy,-1,1,1335730,2025-10-10 09:31:00,9,571,0.00012559134846302318,-354.36,False,47.0,20251010
SHORT,1948,entry,sell,-1,1,1335818,2025-10-10 10:59:00,10,659,0.0005472130327650217,15740.64,True,341.0,20251010
SHORT,1948,exit,buy,-1,1,1336159,2025-10-10 16:40:00,16,1000,0.0005287878747173663,15740.64,True,341.0,20251010
SHORT,1949,entry,sell,-1,1,1337870,2025-10-13 23:11:00,23,1391,0.00015197151449882016,2075.64,True,75.0,20251014
SHORT,1949,exit,buy,-1,1,1337945,2025-10-14 00:26:00,0,26,0.00034093772025894367,2075.64,True,75.0,20251014
SHORT,1950,entry,sell,-1,1,1339887,2025-10-15 09:49:00,9,589,0.00039961459375297703,-1164.36,False,3.0,20251015
SHORT,1950,exit,buy,-1,1,1339890,2025-10-15 09:52:00,9,592,0.00044605109818852224,-1164.36,False,3.0,20251015
SHORT,1951,entry,sell,-1,1,1340079,2025-10-15 13:01:00,13,781,0.0005319977338036687,1955.64,True,17.0,20251015
SHORT,1951,exit,buy,-1,1,1340096,2025-10-15 13:18:00,13,798,0.0006848586761130383,1955.64,True,17.0,20251015
SHORT,1952,entry,sell,-1,1,1340471,2025-10-15 20:33:00,20,1233,0.00021001256091894308,-484.36,False,22.0,20251016
SHORT,1952,exit,buy,-1,1,1340493,2025-10-15 20:55:00,20,1255,0.0002254184365552263,-484.36,False,22.0,20251016
SHORT,1953,entry,sell,-1,1,1340589,2025-10-15 22:31:00,22,1351,0.00014192523954964606,-489.36,False,29.0,20251016
SHORT,1953,exit,buy,-1,1,1340618,2025-10-15 23:00:00,23,1380,0.00015409634551233418,-489.36,False,29.0,20251016
SHORT,1954,entry,sell,-1,1,1340619,2025-10-15 23:01:00,23,1381,0.00015724972794835991,15.64,True,1.0,20251016
SHORT,1954,exit,buy,-1,1,1340620,2025-10-15 23:02:00,23,1382,0.00015715030148980559,15.64,True,1.0,20251016
SHORT,1955,entry,sell,-1,1,1340632,2025-10-15 23:14:00,23,1394,0.00014902311571802983,-904.36,False,137.0,20251016
SHORT,1955,exit,buy,-1,1,1340769,2025-10-16 01:31:00,1,91,0.00022199835226140716,-904.36,False,137.0,20251016
SHORT,1956,entry,sell,-1,1,1341788,2025-10-16 19:30:00,19,1170,0.000290795563861621,-864.36,False,37.0,20251017
SHORT,1956,exit,buy,-1,1,1341825,2025-10-16 20:07:00,20,1207,0.0002867114599673278,-864.36,False,37.0,20251017
SHORT,1957,entry,sell,-1,1,1341826,2025-10-16 20:08:00,20,1208,0.00028583824043711175,-69.36,False,1.0,20251017
SHORT,1957,exit,buy,-1,1,1341827,2025-10-16 20:09:00,20,1209,0.0002806143923268808,-69.36,False,1.0,20251017
SHORT,1958,entry,sell,-1,1,1341835,2025-10-16 20:17:00,20,1217,0.00028579516872585705,70.64,True,1.0,20251017
SHORT,1958,exit,buy,-1,1,1341836,2025-10-16 20:18:00,20,1218,0.0002855650128606138,70.64,True,1.0,20251017
SHORT,1959,entry,sell,-1,1,1341837,2025-10-16 20:19:00,20,1219,0.0002832918966156898,-119.36,False,2.0,20251017
SHORT,1959,exit,buy,-1,1,1341839,2025-10-16 20:21:00,20,1221,0.00026626981570932037,-119.36,False,2.0,20251017
SHORT,1960,entry,sell,-1,1,1341870,2025-10-16 20:52:00,20,1252,0.0002093484536470396,-644.36,False,11.0,20251017
SHORT,1960,exit,buy,-1,1,1341881,2025-10-16 21:03:00,21,1263,0.00021191567754670051,-644.36,False,11.0,20251017
SHORT,1961,entry,sell,-1,1,1343222,2025-10-19 20:24:00,20,1224,0.00017439691886166124,-1479.36,False,24.0,20251020
SHORT,1961,exit,buy,-1,1,1343246,2025-10-19 20:48:00,20,1248,0.00023578594727919163,-1479.36,False,24.0,20251020
SHORT,1962,entry,sell,-1,1,1345390,2025-10-21 09:32:00,9,572,0.00017664063174043063,-209.36,False,9.0,20251021
SHORT,1962,exit,buy,-1,1,1345399,2025-10-21 09:41:00,9,581,0.00020639333899847618,-209.36,False,9.0,20251021
SHORT,1963,entry,sell,-1,1,1345402,2025-10-21 09:44:00,9,584,0.0002493334674994504,-569.36,False,38.0,20251021
SHORT,1963,exit,buy,-1,1,1345440,2025-10-21 10:22:00,10,622,0.0003950119228291623,-569.36,False,38.0,20251021
SHORT,1964,entry,sell,-1,1,1345445,2025-10-21 10:27:00,10,627,0.0004267446175349831,-474.36,False,11.0,20251021
SHORT,1964,exit,buy,-1,1,1345456,2025-10-21 10:38:00,10,638,0.00044441264894533956,-474.36,False,11.0,20251021
SHORT,1965,entry,sell,-1,1,1345463,2025-10-21 10:45:00,10,645,0.0004281572966619227,120.64,True,1.0,20251021
SHORT,1965,exit,buy,-1,1,1345464,2025-10-21 10:46:00,10,646,0.0004193169162205528,120.64,True,1.0,20251021
SHORT,1966,entry,sell,-1,1,1345465,2025-10-21 10:47:00,10,647,0.0004083505141212652,-134.36,False,1.0,20251021
SHORT,1966,exit,buy,-1,1,1345466,2025-10-21 10:48:00,10,648,0.0003978244022382721,-134.36,False,1.0,20251021
SHORT,1967,entry,sell,-1,1,1346771,2025-10-22 09:33:00,9,573,0.00027085570637100907,-549.36,False,9.0,20251022
SHORT,1967,exit,buy,-1,1,1346780,2025-10-22 09:42:00,9,582,0.00033401337006985933,-549.36,False,9.0,20251022
SHORT,1968,entry,sell,-1,1,1346810,2025-10-22 10:12:00,10,612,0.00041500643929669905,2360.64,True,39.0,20251022
SHORT,1968,exit,buy,-1,1,1346849,2025-10-22 10:51:00,10,651,0.0004961377848417824,2360.64,True,39.0,20251022
SHORT,1969,entry,sell,-1,1,1347339,2025-10-22 20:01:00,20,1201,0.00015943844888481422,-1674.36,False,72.0,20251023
SHORT,1969,exit,buy,-1,1,1347411,2025-10-22 21:13:00,21,1273,0.00016915524201403814,-1674.36,False,72.0,20251023
SHORT,1970,entry,sell,-1,1,1349529,2025-10-24 09:31:00,9,571,0.0003121327910628003,-1079.36,False,4.0,20251024
SHORT,1970,exit,buy,-1,1,1349533,2025-10-24 09:35:00,9,575,0.0003154905775653334,-1079.36,False,4.0,20251024
SHORT,1971,entry,sell,-1,1,1351776,2025-10-28 00:58:00,0,58,6.803629478607464e-05,-329.36,False,93.0,20251028
SHORT,1971,exit,buy,-1,1,1351869,2025-10-28 02:31:00,2,151,0.00011011003054276224,-329.36,False,93.0,20251028
SHORT,1972,entry,sell,-1,1,1351961,2025-10-28 04:03:00,4,243,0.00012273036705638947,-19.36,False,5.0,20251028
SHORT,1972,exit,buy,-1,1,1351966,2025-10-28 04:08:00,4,248,0.0001178386550686443,-19.36,False,5.0,20251028
SHORT,1973,entry,sell,-1,1,1351971,2025-10-28 04:13:00,4,253,0.00011085649548747716,-504.36,False,40.0,20251028
SHORT,1973,exit,buy,-1,1,1352011,2025-10-28 04:53:00,4,293,0.00012615408122420126,-504.36,False,40.0,20251028
SHORT,1974,entry,sell,-1,1,1352675,2025-10-28 15:57:00,15,957,0.00020098490737396313,100.64,True,43.0,20251028
SHORT,1974,exit,buy,-1,1,1352718,2025-10-28 16:40:00,16,1000,0.00019979689718265501,100.64,True,43.0,20251028
SHORT,1975,entry,sell,-1,1,1354122,2025-10-29 18:04:00,18,1084,0.000749528323565361,-1164.36,False,83.0,20251030
SHORT,1975,exit,buy,-1,1,1354205,2025-10-29 19:27:00,19,1167,0.0001665557345558369,-1164.36,False,83.0,20251030
SHORT,1976,entry,sell,-1,1,1354206,2025-10-29 19:28:00,19,1168,0.00016512986163003636,-294.36,False,27.0,20251030
SHORT,1976,exit,buy,-1,1,1354233,2025-10-29 19:55:00,19,1195,0.00020466370457586987,-294.36,False,27.0,20251030
SHORT,1977,entry,sell,-1,1,1356429,2025-10-31 09:31:00,9,571,0.0002117957589590892,3980.64,True,429.0,20251031
SHORT,1977,exit,buy,-1,1,1356858,2025-10-31 16:40:00,16,1000,0.00031413095081978264,3980.64,True,429.0,20251031
SHORT,1978,entry,sell,-1,1,1358299,2025-11-03 18:41:00,18,1121,9.444269429162337e-05,5425.64,True,493.0,20251104
SHORT,1978,exit,buy,-1,1,1358792,2025-11-04 02:54:00,2,174,0.00023342551223172776,5425.64,True,493.0,20251104
SHORT,1979,entry,sell,-1,1,1363334,2025-11-07 09:36:00,9,576,0.0005392361020685438,875.64,True,8.0,20251107
SHORT,1979,exit,buy,-1,1,1363342,2025-11-07 09:44:00,9,584,0.0006745045668518705,875.64,True,8.0,20251107
SHORT,1980,entry,sell,-1,1,1363365,2025-11-07 10:07:00,10,607,0.0008873636422292374,-1524.36,False,3.0,20251107
SHORT,1980,exit,buy,-1,1,1363368,2025-11-07 10:10:00,10,610,0.0009299314445928263,-1524.36,False,3.0,20251107
SHORT,1981,entry,sell,-1,1,1363398,2025-11-07 10:40:00,10,640,0.0009182356748263729,1825.64,True,98.0,20251107
SHORT,1981,exit,buy,-1,1,1363496,2025-11-07 12:18:00,12,738,0.0005312845832327402,1825.64,True,98.0,20251107
SHORT,1982,entry,sell,-1,1,1365514,2025-11-10 23:56:00,23,1436,0.00013643736779270124,-99.36,False,97.0,20251111
SHORT,1982,exit,buy,-1,1,1365611,2025-11-11 01:33:00,1,93,0.00018711615973396307,-99.36,False,97.0,20251111
SHORT,1983,entry,sell,-1,1,1365648,2025-11-11 02:10:00,2,130,0.00016901250501334347,775.64,True,433.0,20251111
SHORT,1983,exit,buy,-1,1,1366081,2025-11-11 09:23:00,9,563,0.00022475950261050345,775.64,True,433.0,20251111
SHORT,1984,entry,sell,-1,1,1366101,2025-11-11 09:43:00,9,583,0.0002356073988851854,-1324.36,False,417.0,20251111
SHORT,1984,exit,buy,-1,1,1366518,2025-11-11 16:40:00,16,1000,0.000277112194092692,-1324.36,False,417.0,20251111
SHORT,1985,entry,sell,-1,1,1367319,2025-11-12 07:01:00,7,421,0.00019843875061780177,-639.36,False,4.0,20251112
SHORT,1985,exit,buy,-1,1,1367323,2025-11-12 07:05:00,7,425,0.0002168391011295374,-639.36,False,4.0,20251112
SHORT,1986,entry,sell,-1,1,1367469,2025-11-12 09:31:00,9,571,0.00024146337984291545,2660.64,True,386.0,20251112
SHORT,1986,exit,buy,-1,1,1367855,2025-11-12 15:57:00,15,957,0.00031334103588005665,2660.64,True,386.0,20251112
SHORT,1987,entry,sell,-1,1,1367922,2025-11-12 18:04:00,18,1084,0.00019722665605639484,-1449.36,False,122.0,20251113
SHORT,1987,exit,buy,-1,1,1368044,2025-11-12 20:06:00,20,1206,0.0003292736458754563,-1449.36,False,122.0,20251113
SHORT,1988,entry,sell,-1,1,1369629,2025-11-13 23:31:00,23,1411,0.00022079848752450877,-134.36,False,53.0,20251114
SHORT,1988,exit,buy,-1,1,1369682,2025-11-14 00:24:00,0,24,0.00031902063958208634,-134.36,False,53.0,20251114
SHORT,1989,entry,sell,-1,1,1369759,2025-11-14 01:41:00,1,101,0.00023604054129158103,-294.36,False,5.0,20251114
SHORT,1989,exit,buy,-1,1,1369764,2025-11-14 01:46:00,1,106,0.0002561953396223553,-294.36,False,5.0,20251114
SHORT,1990,entry,sell,-1,1,1369765,2025-11-14 01:47:00,1,107,0.00025186723423610037,-474.36,False,9.0,20251114
SHORT,1990,exit,buy,-1,1,1369774,2025-11-14 01:56:00,1,116,0.00027344086743770924,-474.36,False,9.0,20251114
SHORT,1991,entry,sell,-1,1,1369787,2025-11-14 02:09:00,2,129,0.00029871119733456796,-79.36,False,43.0,20251114
SHORT,1991,exit,buy,-1,1,1369830,2025-11-14 02:52:00,2,172,0.0003542544891788866,-79.36,False,43.0,20251114
SHORT,1992,entry,sell,-1,1,1369854,2025-11-14 03:16:00,3,196,0.0003739427512304145,-874.36,False,45.0,20251114
SHORT,1992,exit,buy,-1,1,1369899,2025-11-14 04:01:00,4,241,0.00042884417111264695,-874.36,False,45.0,20251114
SHORT,1993,entry,sell,-1,1,1371918,2025-11-17 14:40:00,14,880,0.0005261424476121082,-964.36,False,68.0,20251117
SHORT,1993,exit,buy,-1,1,1371986,2025-11-17 15:48:00,15,948,0.000522300475141511,-964.36,False,68.0,20251117
SHORT,1994,entry,sell,-1,1,1372152,2025-11-17 19:34:00,19,1174,0.00027061242682535603,5.64,True,4.0,20251118
SHORT,1994,exit,buy,-1,1,1372156,2025-11-17 19:38:00,19,1178,0.0002734797585986795,5.64,True,4.0,20251118
SHORT,1995,entry,sell,-1,1,1372157,2025-11-17 19:39:00,19,1179,0.0002734827340549586,-9.36,False,1.0,20251118
SHORT,1995,exit,buy,-1,1,1372158,2025-11-17 19:40:00,19,1180,0.0002713799710351735,-9.36,False,1.0,20251118
SHORT,1996,entry,sell,-1,1,1372159,2025-11-17 19:41:00,19,1181,0.0002719773011359254,-114.36,False,2.0,20251118
SHORT,1996,exit,buy,-1,1,1372161,2025-11-17 19:43:00,19,1183,0.0002756278235968887,-114.36,False,2.0,20251118
SHORT,1997,entry,sell,-1,1,1372163,2025-11-17 19:45:00,19,1185,0.0002804934277936102,-954.36,False,3.0,20251118
SHORT,1997,exit,buy,-1,1,1372166,2025-11-17 19:48:00,19,1188,0.00031345166112295853,-954.36,False,3.0,20251118
SHORT,1998,entry,sell,-1,1,1372178,2025-11-17 20:00:00,20,1200,0.0003354026165539777,-199.36,False,3.0,20251118
SHORT,1998,exit,buy,-1,1,1372181,2025-11-17 20:03:00,20,1203,0.00036613041352816515,-199.36,False,3.0,20251118
SHORT,1999,entry,sell,-1,1,1372183,2025-11-17 20:05:00,20,1205,0.0003864208622291862,-19.36,False,1.0,20251118
SHORT,1999,exit,buy,-1,1,1372184,2025-11-17 20:06:00,20,1206,0.0003842882590008876,-19.36,False,1.0,20251118
SHORT,2000,entry,sell,-1,1,1372185,2025-11-17 20:07:00,20,1207,0.0003900631499520821,-134.36,False,1.0,20251118
SHORT,2000,exit,buy,-1,1,1372186,2025-11-17 20:08:00,20,1208,0.0003914509771084464,-134.36,False,1.0,20251118
SHORT,2001,entry,sell,-1,1,1375465,2025-11-20 04:47:00,4,287,0.00026972490608456837,-669.36,False,45.0,20251120
SHORT,2001,exit,buy,-1,1,1375510,2025-11-20 05:32:00,5,332,0.00026460209601227307,-669.36,False,45.0,20251120
SHORT,2002,entry,sell,-1,1,1375565,2025-11-20 06:27:00,6,387,0.00024216831056798058,-1279.36,False,13.0,20251120
SHORT,2002,exit,buy,-1,1,1375578,2025-11-20 06:40:00,6,400,0.0002566796287023923,-1279.36,False,13.0,20251120
SHORT,2003,entry,sell,-1,1,1379430,2025-11-25 01:52:00,1,112,0.00011754958993318662,-284.36,False,47.0,20251125
SHORT,2003,exit,buy,-1,1,1379477,2025-11-25 02:39:00,2,159,0.00012854103094338295,-284.36,False,47.0,20251125
SHORT,2004,entry,sell,-1,1,1379510,2025-11-25 03:12:00,3,192,0.00017359045079506588,-269.36,False,5.0,20251125
SHORT,2004,exit,buy,-1,1,1379515,2025-11-25 03:17:00,3,197,0.00019616563794895033,-269.36,False,5.0,20251125
SHORT,2005,entry,sell,-1,1,1379547,2025-11-25 03:49:00,3,229,0.00019529677159746284,555.64,True,54.0,20251125
SHORT,2005,exit,buy,-1,1,1379601,2025-11-25 04:43:00,4,283,0.00023560345254043693,555.64,True,54.0,20251125
SHORT,2006,entry,sell,-1,1,1379711,2025-11-25 06:33:00,6,393,0.0001885535111442044,-689.36,False,29.0,20251125
SHORT,2006,exit,buy,-1,1,1379740,2025-11-25 07:02:00,7,422,0.000206182801990255,-689.36,False,29.0,20251125
SHORT,2007,entry,sell,-1,1,1379776,2025-11-25 07:38:00,7,458,0.00023494629883506215,-759.36,False,5.0,20251125
SHORT,2007,exit,buy,-1,1,1379781,2025-11-25 07:43:00,7,463,0.0003056091230395139,-759.36,False,5.0,20251125
SHORT,2008,entry,sell,-1,1,1381299,2025-11-26 10:01:00,10,601,0.00047741431177667713,-574.36,False,4.0,20251126
SHORT,2008,exit,buy,-1,1,1381303,2025-11-26 10:05:00,10,605,0.0004958967778039678,-574.36,False,4.0,20251126
SHORT,2009,entry,sell,-1,1,1381304,2025-11-26 10:06:00,10,606,0.000510224106054533,-1159.36,False,3.0,20251126
SHORT,2009,exit,buy,-1,1,1381307,2025-11-26 10:09:00,10,609,0.0005384244618441984,-1159.36,False,3.0,20251126
SHORT,2010,entry,sell,-1,1,1383399,2025-11-30 18:33:00,18,1113,0.00028141269540689183,65.64,True,24.0,20251201
SHORT,2010,exit,buy,-1,1,1383423,2025-11-30 18:57:00,18,1137,0.0002549535961702064,65.64,True,24.0,20251201
SHORT,2011,entry,sell,-1,1,1383424,2025-11-30 18:58:00,18,1138,0.0002547107492988861,3695.64,True,451.0,20251201
SHORT,2011,exit,buy,-1,1,1383875,2025-12-01 02:29:00,2,149,0.0001693972055136959,3695.64,True,451.0,20251201
SHORT,2012,entry,sell,-1,1,1387032,2025-12-03 09:06:00,9,546,0.0003349346839556623,960.64,True,12.0,20251203
SHORT,2012,exit,buy,-1,1,1387044,2025-12-03 09:18:00,9,558,0.0004318138190502919,960.64,True,12.0,20251203
SHORT,2013,entry,sell,-1,1,1387061,2025-12-03 09:35:00,9,575,0.0005356151909729814,-799.36,False,2.0,20251203
SHORT,2013,exit,buy,-1,1,1387063,2025-12-03 09:37:00,9,577,0.0005562193328578816,-799.36,False,2.0,20251203
SHORT,2014,entry,sell,-1,1,1387066,2025-12-03 09:40:00,9,580,0.000569338425079834,-514.36,False,15.0,20251203
SHORT,2014,exit,buy,-1,1,1387081,2025-12-03 09:55:00,9,595,0.0006641128087913194,-514.36,False,15.0,20251203
SHORT,2015,entry,sell,-1,1,1387099,2025-12-03 10:13:00,10,613,0.0006078991771517824,-1114.36,False,6.0,20251203
SHORT,2015,exit,buy,-1,1,1387105,2025-12-03 10:19:00,10,619,0.0006079260339725231,-1114.36,False,6.0,20251203
SHORT,2016,entry,sell,-1,1,1388442,2025-12-04 09:36:00,9,576,0.0005039261883722225,225.64,True,55.0,20251204
SHORT,2016,exit,buy,-1,1,1388497,2025-12-04 10:31:00,10,631,0.0006554065240008391,225.64,True,55.0,20251204
SHORT,2017,entry,sell,-1,1,1388532,2025-12-04 11:06:00,11,666,0.000457858748391747,-314.36,False,3.0,20251204
SHORT,2017,exit,buy,-1,1,1388535,2025-12-04 11:09:00,11,669,0.0004409343830668177,-314.36,False,3.0,20251204
SHORT,2018,entry,sell,-1,1,1388539,2025-12-04 11:13:00,11,673,0.00044396204350956396,-199.36,False,1.0,20251204
SHORT,2018,exit,buy,-1,1,1388540,2025-12-04 11:14:00,11,674,0.00044624170083709734,-199.36,False,1.0,20251204
SHORT,2019,entry,sell,-1,1,1388730,2025-12-04 14:24:00,14,864,0.00026049342686403396,-234.36,False,1.0,20251204
SHORT,2019,exit,buy,-1,1,1388731,2025-12-04 14:25:00,14,865,0.0002658234833199847,-234.36,False,1.0,20251204
SHORT,2020,entry,sell,-1,1,1389766,2025-12-05 08:40:00,8,520,0.00013766438745380067,-74.36,False,2.0,20251205
SHORT,2020,exit,buy,-1,1,1389768,2025-12-05 08:42:00,8,522,0.00014013756651003577,-74.36,False,2.0,20251205
SHORT,2021,entry,sell,-1,1,1389769,2025-12-05 08:43:00,8,523,0.00016527546979872276,-294.36,False,13.0,20251205
SHORT,2021,exit,buy,-1,1,1389782,2025-12-05 08:56:00,8,536,0.0002210220765496324,-294.36,False,13.0,20251205
SHORT,2022,entry,sell,-1,1,1391253,2025-12-08 10:27:00,10,627,0.0004376414256381608,-1059.36,False,7.0,20251208
SHORT,2022,exit,buy,-1,1,1391260,2025-12-08 10:34:00,10,634,0.0004327138423845468,-1059.36,False,7.0,20251208
SHORT,2023,entry,sell,-1,1,1391277,2025-12-08 10:51:00,10,651,0.00033028785049861,225.64,True,126.0,20251208
SHORT,2023,exit,buy,-1,1,1391403,2025-12-08 12:57:00,12,777,0.0002791662189076293,225.64,True,126.0,20251208
SHORT,2024,entry,sell,-1,1,1391436,2025-12-08 13:30:00,13,810,0.0002875208245681441,200.64,True,147.0,20251208
SHORT,2024,exit,buy,-1,1,1391583,2025-12-08 15:57:00,15,957,0.00017338786984985897,200.64,True,147.0,20251208
SHORT,2025,entry,sell,-1,1,1392347,2025-12-09 05:41:00,5,341,0.0003100373998168217,-44.36,False,14.0,20251209
SHORT,2025,exit,buy,-1,1,1392361,2025-12-09 05:55:00,5,355,0.00033274083496191286,-44.36,False,14.0,20251209
SHORT,2026,entry,sell,-1,1,1392379,2025-12-09 06:13:00,6,373,0.00034904225568186943,-514.36,False,29.0,20251209
SHORT,2026,exit,buy,-1,1,1392408,2025-12-09 06:42:00,6,402,0.00018828304309604862,-514.36,False,29.0,20251209
SHORT,2027,entry,sell,-1,1,1392519,2025-12-09 08:33:00,8,513,0.00013901836847407775,95.64,True,9.0,20251209
SHORT,2027,exit,buy,-1,1,1392528,2025-12-09 08:42:00,8,522,0.00015877384194934896,95.64,True,9.0,20251209
SHORT,2028,entry,sell,-1,1,1392574,2025-12-09 09:28:00,9,568,0.00018326260700658582,-339.36,False,25.0,20251209
SHORT,2028,exit,buy,-1,1,1392599,2025-12-09 09:53:00,9,593,0.0003856382678383757,-339.36,False,25.0,20251209
SHORT,2029,entry,sell,-1,1,1395340,2025-12-11 09:34:00,9,574,0.00034456805049207,2145.64,True,32.0,20251211
SHORT,2029,exit,buy,-1,1,1395372,2025-12-11 10:06:00,10,606,0.000570782226429794,2145.64,True,32.0,20251211
SHORT,2030,entry,sell,-1,1,1395787,2025-12-11 18:01:00,18,1081,0.00043805985654867246,705.64,True,581.0,20251212
SHORT,2030,exit,buy,-1,1,1396368,2025-12-12 03:42:00,3,222,0.00013559448538932688,705.64,True,581.0,20251212
SHORT,2031,entry,sell,-1,1,1396396,2025-12-12 04:10:00,4,250,0.00016440132269161285,330.64,True,330.0,20251212
SHORT,2031,exit,buy,-1,1,1396726,2025-12-12 09:40:00,9,580,0.0003134895985831243,330.64,True,330.0,20251212
SHORT,2032,entry,sell,-1,1,1398101,2025-12-15 09:35:00,9,575,0.0003222867431266637,-979.36,False,2.0,20251215
SHORT,2032,exit,buy,-1,1,1398103,2025-12-15 09:37:00,9,577,0.0003656608069915623,-979.36,False,2.0,20251215
SHORT,2033,entry,sell,-1,1,1398106,2025-12-15 09:40:00,9,580,0.0004420397863975559,-194.36,False,10.0,20251215
SHORT,2033,exit,buy,-1,1,1398116,2025-12-15 09:50:00,9,590,0.0004984632566269063,-194.36,False,10.0,20251215
SHORT,2034,entry,sell,-1,1,1398119,2025-12-15 09:53:00,9,593,0.0005314622469896808,350.64,True,13.0,20251215
SHORT,2034,exit,buy,-1,1,1398132,2025-12-15 10:06:00,10,606,0.0006158349753426132,350.64,True,13.0,20251215
SHORT,2035,entry,sell,-1,1,1398138,2025-12-15 10:12:00,10,612,0.0006351953117049566,1265.64,True,20.0,20251215
SHORT,2035,exit,buy,-1,1,1398158,2025-12-15 10:32:00,10,632,0.0007192705365632123,1265.64,True,20.0,20251215
SHORT,2036,entry,sell,-1,1,1398180,2025-12-15 10:54:00,10,654,0.0007580210755094713,-1019.36,False,13.0,20251215
SHORT,2036,exit,buy,-1,1,1398193,2025-12-15 11:07:00,11,667,0.0007277542424106265,-1019.36,False,13.0,20251215
SHORT,2037,entry,sell,-1,1,1398223,2025-12-15 11:37:00,11,697,0.0006437976651194848,-574.36,False,18.0,20251215
SHORT,2037,exit,buy,-1,1,1398241,2025-12-15 11:55:00,11,715,0.000519178939791984,-574.36,False,18.0,20251215
SHORT,2038,entry,sell,-1,1,1398297,2025-12-15 12:51:00,12,771,0.00043601101932562214,-1389.36,False,66.0,20251215
SHORT,2038,exit,buy,-1,1,1398363,2025-12-15 13:57:00,13,837,0.00035544791302940165,-1389.36,False,66.0,20251215
SHORT,2039,entry,sell,-1,1,1400862,2025-12-17 09:36:00,9,576,0.00031221544806439084,850.64,True,22.0,20251217
SHORT,2039,exit,buy,-1,1,1400884,2025-12-17 09:58:00,9,598,0.0005196986065649511,850.64,True,22.0,20251217
SHORT,2040,entry,sell,-1,1,1400921,2025-12-17 10:35:00,10,635,0.0006268650966742719,3620.64,True,110.0,20251217
SHORT,2040,exit,buy,-1,1,1401031,2025-12-17 12:25:00,12,745,0.0006148324543034962,3620.64,True,110.0,20251217
SHORT,2041,entry,sell,-1,1,1401564,2025-12-17 22:18:00,22,1338,0.0001870697920379392,-1159.36,False,65.0,20251218
SHORT,2041,exit,buy,-1,1,1401629,2025-12-17 23:23:00,23,1403,0.00015728470523874224,-1159.36,False,65.0,20251218
SHORT,2042,entry,sell,-1,1,1402248,2025-12-18 09:42:00,9,582,0.0004514462579681146,-1449.36,False,13.0,20251218
SHORT,2042,exit,buy,-1,1,1402261,2025-12-18 09:55:00,9,595,0.000542515258716926,-1449.36,False,13.0,20251218
SHORT,2043,entry,sell,-1,1,1415803,2026-01-05 09:36:00,9,576,0.0003269475980979741,-489.36,False,8.0,20260105
SHORT,2043,exit,buy,-1,1,1415811,2026-01-05 09:44:00,9,584,0.0004053934234094793,-489.36,False,8.0,20260105
SHORT,2044,entry,sell,-1,1,1415816,2026-01-05 09:49:00,9,589,0.0004468346137959078,-1194.36,False,16.0,20260105
SHORT,2044,exit,buy,-1,1,1415832,2026-01-05 10:05:00,10,605,0.0005009373923397597,-1194.36,False,16.0,20260105
SHORT,2045,entry,sell,-1,1,1418237,2026-01-07 04:11:00,4,251,0.000130565897044733,-209.36,False,32.0,20260107
SHORT,2045,exit,buy,-1,1,1418269,2026-01-07 04:43:00,4,283,0.00013968987311627069,-209.36,False,32.0,20260107
SHORT,2046,entry,sell,-1,1,1420443,2026-01-08 18:57:00,18,1137,0.00011590932172558121,-199.36,False,24.0,20260109
SHORT,2046,exit,buy,-1,1,1420467,2026-01-08 19:21:00,19,1161,9.209233876602879e-05,-199.36,False,24.0,20260109
SHORT,2047,entry,sell,-1,1,1420506,2026-01-08 20:00:00,20,1200,0.00012845926698301597,-79.36,False,14.0,20260109
SHORT,2047,exit,buy,-1,1,1420520,2026-01-08 20:14:00,20,1214,0.00013410053589126561,-79.36,False,14.0,20260109
SHORT,2048,entry,sell,-1,1,1420524,2026-01-08 20:18:00,20,1218,0.00013670334096677053,-524.36,False,71.0,20260109
SHORT,2048,exit,buy,-1,1,1420595,2026-01-08 21:29:00,21,1289,0.0001353123854236256,-524.36,False,71.0,20260109
SHORT,2049,entry,sell,-1,1,1421299,2026-01-09 09:13:00,9,553,0.00028322314268005536,-69.36,False,25.0,20260109
SHORT,2049,exit,buy,-1,1,1421324,2026-01-09 09:38:00,9,578,0.0004198231960272484,-69.36,False,25.0,20260109
SHORT,2050,entry,sell,-1,1,1421355,2026-01-09 10:09:00,10,609,0.0007232730647945969,-2334.36,False,7.0,20260109
SHORT,2050,exit,buy,-1,1,1421362,2026-01-09 10:16:00,10,616,0.0007731966873956145,-2334.36,False,7.0,20260109
SHORT,2051,entry,sell,-1,1,1421770,2026-01-11 18:04:00,18,1084,0.00012031245683673303,2595.64,True,539.0,20260112
SHORT,2051,exit,buy,-1,1,1422309,2026-01-12 03:03:00,3,183,0.00011829493727669493,2595.64,True,539.0,20260112
SHORT,2052,entry,sell,-1,1,1425208,2026-01-14 05:22:00,5,322,0.00015663861693824513,765.64,True,62.0,20260114
SHORT,2052,exit,buy,-1,1,1425270,2026-01-14 06:24:00,6,384,0.00025139350124761767,765.64,True,62.0,20260114
SHORT,2053,entry,sell,-1,1,1425307,2026-01-14 07:01:00,7,421,0.00018352306521151533,-424.36,False,16.0,20260114
SHORT,2053,exit,buy,-1,1,1425323,2026-01-14 07:17:00,7,437,0.0002526816393438797,-424.36,False,16.0,20260114
SHORT,2054,entry,sell,-1,1,1425400,2026-01-14 08:34:00,8,514,0.0002157410038192463,-369.36,False,61.0,20260114
SHORT,2054,exit,buy,-1,1,1425461,2026-01-14 09:35:00,9,575,0.0004660001475758482,-369.36,False,61.0,20260114
SHORT,2055,entry,sell,-1,1,1425463,2026-01-14 09:37:00,9,577,0.0005426026605293896,2230.64,True,355.0,20260114
SHORT,2055,exit,buy,-1,1,1425818,2026-01-14 15:32:00,15,932,0.0004319449704453764,2230.64,True,355.0,20260114
SHORT,2056,entry,sell,-1,1,1426913,2026-01-15 10:47:00,10,647,0.0005222533110286651,-814.36,False,11.0,20260115
SHORT,2056,exit,buy,-1,1,1426924,2026-01-15 10:58:00,10,658,0.0004900109682963726,-814.36,False,11.0,20260115
SHORT,2057,entry,sell,-1,1,1427044,2026-01-15 12:58:00,12,778,0.00018794991056241973,-824.36,False,38.0,20260115
SHORT,2057,exit,buy,-1,1,1427082,2026-01-15 13:36:00,13,816,0.0002142236400279395,-824.36,False,38.0,20260115
SHORT,2058,entry,sell,-1,1,1429600,2026-01-19 09:34:00,9,574,0.00025555097193169713,-589.36,False,21.0,20260119
SHORT,2058,exit,buy,-1,1,1429621,2026-01-19 09:55:00,9,595,0.0002834608380722368,-589.36,False,21.0,20260119
SHORT,2059,entry,sell,-1,1,1429869,2026-01-19 19:03:00,19,1143,0.0001934316915099842,-154.36,False,1.0,20260120
SHORT,2059,exit,buy,-1,1,1429870,2026-01-19 19:04:00,19,1144,0.00019061486636850707,-154.36,False,1.0,20260120
SHORT,2060,entry,sell,-1,1,1429874,2026-01-19 19:08:00,19,1148,0.00018462129309528976,-759.36,False,31.0,20260120
SHORT,2060,exit,buy,-1,1,1429905,2026-01-19 19:39:00,19,1179,0.0002286326596385489,-759.36,False,31.0,20260120
SHORT,2061,entry,sell,-1,1,1429926,2026-01-19 20:00:00,20,1200,0.000249350905487896,-649.36,False,6.0,20260120
SHORT,2061,exit,buy,-1,1,1429932,2026-01-19 20:06:00,20,1206,0.0002657697093090329,-649.36,False,6.0,20260120
SHORT,2062,entry,sell,-1,1,1433501,2026-01-22 09:35:00,9,575,0.00034573090826462365,980.64,True,18.0,20260122
SHORT,2062,exit,buy,-1,1,1433519,2026-01-22 09:53:00,9,593,0.000459837869509472,980.64,True,18.0,20260122
SHORT,2063,entry,sell,-1,1,1433524,2026-01-22 09:58:00,9,598,0.00048208288714083453,-454.36,False,24.0,20260122
SHORT,2063,exit,buy,-1,1,1433548,2026-01-22 10:22:00,10,622,0.0005797522492661164,-454.36,False,24.0,20260122
SHORT,2064,entry,sell,-1,1,1433856,2026-01-22 15:30:00,15,930,0.0002138161702694842,-749.36,False,23.0,20260122
SHORT,2064,exit,buy,-1,1,1433879,2026-01-22 15:53:00,15,953,0.0002552238439598809,-749.36,False,23.0,20260122
SHORT,2065,entry,sell,-1,1,1433947,2026-01-22 18:01:00,18,1081,0.00015500391258689466,-694.36,False,24.0,20260123
SHORT,2065,exit,buy,-1,1,1433971,2026-01-22 18:25:00,18,1105,0.00016354835673175643,-694.36,False,24.0,20260123
SHORT,2066,entry,sell,-1,1,1434011,2026-01-22 19:05:00,19,1145,0.00016903015149961976,20.64,True,1.0,20260123
SHORT,2066,exit,buy,-1,1,1434012,2026-01-22 19:06:00,19,1146,0.00016867670129027223,20.64,True,1.0,20260123
SHORT,2067,entry,sell,-1,1,1434510,2026-01-23 03:24:00,3,204,0.00020193390409852985,620.64,True,37.0,20260123
SHORT,2067,exit,buy,-1,1,1434547,2026-01-23 04:01:00,4,241,0.0002420870724641919,620.64,True,37.0,20260123
SHORT,2068,entry,sell,-1,1,1434582,2026-01-23 04:36:00,4,276,0.00024011810386137595,235.64,True,51.0,20260123
SHORT,2068,exit,buy,-1,1,1434633,2026-01-23 05:27:00,5,327,0.0002071964305690523,235.64,True,51.0,20260123
SHORT,2069,entry,sell,-1,1,1434725,2026-01-23 06:59:00,6,419,0.00024381220630476235,-299.36,False,3.0,20260123
SHORT,2069,exit,buy,-1,1,1434728,2026-01-23 07:02:00,7,422,0.0002453999308661384,-299.36,False,3.0,20260123
SHORT,2070,entry,sell,-1,1,1434748,2026-01-23 07:22:00,7,442,0.00017825724772408007,-49.36,False,1.0,20260123
SHORT,2070,exit,buy,-1,1,1434749,2026-01-23 07:23:00,7,443,0.0001773228929507027,-49.36,False,1.0,20260123
SHORT,2071,entry,sell,-1,1,1434762,2026-01-23 07:36:00,7,456,0.00019975079614340167,-249.36,False,5.0,20260123
SHORT,2071,exit,buy,-1,1,1434767,2026-01-23 07:41:00,7,461,0.0002047478022377684,-249.36,False,5.0,20260123
SHORT,2072,entry,sell,-1,1,1434768,2026-01-23 07:42:00,7,462,0.00020461390008586172,-379.36,False,3.0,20260123
SHORT,2072,exit,buy,-1,1,1434771,2026-01-23 07:45:00,7,465,0.00021245809024991727,-379.36,False,3.0,20260123
SHORT,2073,entry,sell,-1,1,1434816,2026-01-23 08:30:00,8,510,0.0002289503816231035,-379.36,False,3.0,20260123
SHORT,2073,exit,buy,-1,1,1434819,2026-01-23 08:33:00,8,513,0.00021379489850167446,-379.36,False,3.0,20260123
SHORT,2074,entry,sell,-1,1,1434823,2026-01-23 08:37:00,8,517,0.00021623411369154085,-144.36,False,1.0,20260123
SHORT,2074,exit,buy,-1,1,1434824,2026-01-23 08:38:00,8,518,0.00021468903857971188,-144.36,False,1.0,20260123
SHORT,2075,entry,sell,-1,1,1437569,2026-01-27 09:37:00,9,577,0.00024336576323855496,-329.36,False,4.0,20260127
SHORT,2075,exit,buy,-1,1,1437573,2026-01-27 09:41:00,9,581,0.00027658331991527125,-329.36,False,4.0,20260127
SHORT,2076,entry,sell,-1,1,1438571,2026-01-28 03:19:00,3,199,0.00017713065750680885,-194.36,False,112.0,20260128
SHORT,2076,exit,buy,-1,1,1438683,2026-01-28 05:11:00,5,311,0.00016518924394260412,-194.36,False,112.0,20260128
SHORT,2077,entry,sell,-1,1,1438808,2026-01-28 07:16:00,7,436,0.0001697733257605901,110.64,True,137.0,20260128
SHORT,2077,exit,buy,-1,1,1438945,2026-01-28 09:33:00,9,573,0.00021362621684308848,110.64,True,137.0,20260128
SHORT,2078,entry,sell,-1,1,1438948,2026-01-28 09:36:00,9,576,0.0002512934757399875,-559.36,False,5.0,20260128
SHORT,2078,exit,buy,-1,1,1438953,2026-01-28 09:41:00,9,581,0.00028096387021024676,-559.36,False,5.0,20260128
SHORT,2079,entry,sell,-1,1,1438987,2026-01-28 10:15:00,10,615,0.0003853639765414709,-19.36,False,23.0,20260128
SHORT,2079,exit,buy,-1,1,1439010,2026-01-28 10:38:00,10,638,0.0003975489292370803,-19.36,False,23.0,20260128
SHORT,2080,entry,sell,-1,1,1439017,2026-01-28 10:45:00,10,645,0.00038335678294384925,0.6399999999999997,True,264.0,20260128
SHORT,2080,exit,buy,-1,1,1439281,2026-01-28 15:09:00,15,909,0.00047240609000176714,0.6399999999999997,True,264.0,20260128
SHORT,2081,entry,sell,-1,1,1439282,2026-01-28 15:10:00,15,910,0.00047733158700044944,-179.36,False,1.0,20260128
SHORT,2081,exit,buy,-1,1,1439283,2026-01-28 15:11:00,15,911,0.00047833568762432893,-179.36,False,1.0,20260128
SHORT,2082,entry,sell,-1,1,1439288,2026-01-28 15:16:00,15,916,0.00046891597275226804,660.64,True,23.0,20260128
SHORT,2082,exit,buy,-1,1,1439311,2026-01-28 15:39:00,15,939,0.00033979615205508126,660.64,True,23.0,20260128
SHORT,2083,entry,sell,-1,1,1439334,2026-01-28 16:02:00,16,962,0.00045017725690454143,-909.36,False,6.0,20260128
SHORT,2083,exit,buy,-1,1,1439340,2026-01-28 16:08:00,16,968,0.0005989816558401362,-909.36,False,6.0,20260128
SHORT,2084,entry,sell,-1,1,1439405,2026-01-28 18:13:00,18,1093,0.00031105242449204143,310.64,True,301.0,20260129
SHORT,2084,exit,buy,-1,1,1439706,2026-01-28 23:14:00,23,1394,9.632036681980904e-05,310.64,True,301.0,20260129
SHORT,2085,entry,sell,-1,1,1440055,2026-01-29 05:03:00,5,303,0.00017106341203737292,-579.36,False,26.0,20260129
SHORT,2085,exit,buy,-1,1,1440081,2026-01-29 05:29:00,5,329,0.00016447947391242992,-579.36,False,26.0,20260129
SHORT,2086,entry,sell,-1,1,1440109,2026-01-29 05:57:00,5,357,0.00014461354897437264,-109.36,False,167.0,20260129
SHORT,2086,exit,buy,-1,1,1440276,2026-01-29 08:44:00,8,524,0.00014974911601977947,-109.36,False,167.0,20260129
SHORT,2087,entry,sell,-1,1,1440296,2026-01-29 09:04:00,9,544,0.00016825893720385173,3270.64,True,413.0,20260129
SHORT,2087,exit,buy,-1,1,1440709,2026-01-29 15:57:00,15,957,0.0002781626120348124,3270.64,True,413.0,20260129
SHORT,2088,entry,sell,-1,1,1440785,2026-01-29 18:13:00,18,1093,0.0003386825206164103,75.64,True,1.0,20260130
SHORT,2088,exit,buy,-1,1,1440786,2026-01-29 18:14:00,18,1094,0.00033860814999322694,75.64,True,1.0,20260130
SHORT,2089,entry,sell,-1,1,1440787,2026-01-29 18:15:00,18,1095,0.00034882589106309596,-464.36,False,7.0,20260130
SHORT,2089,exit,buy,-1,1,1440794,2026-01-29 18:22:00,18,1102,0.00035526768323706316,-464.36,False,7.0,20260130
SHORT,2090,entry,sell,-1,1,1440803,2026-01-29 18:31:00,18,1111,0.00038465893833416397,-149.36,False,2.0,20260130
SHORT,2090,exit,buy,-1,1,1440805,2026-01-29 18:33:00,18,1113,0.00037958515115154695,-149.36,False,2.0,20260130
SHORT,2091,entry,sell,-1,1,1440854,2026-01-29 19:22:00,19,1162,0.00036101425150122593,1385.64,True,160.0,20260130
SHORT,2091,exit,buy,-1,1,1441014,2026-01-29 22:02:00,22,1322,0.0003719717141677141,1385.64,True,160.0,20260130
SHORT,2092,entry,sell,-1,1,1441197,2026-01-30 01:05:00,1,65,0.00021986707565454814,640.64,True,170.0,20260130
SHORT,2092,exit,buy,-1,1,1441367,2026-01-30 03:55:00,3,235,0.00036899257373845416,640.64,True,170.0,20260130
SHORT,2093,entry,sell,-1,1,1442153,2026-02-01 18:01:00,18,1081,0.00019126530552659595,185.64,True,35.0,20260202
SHORT,2093,exit,buy,-1,1,1442188,2026-02-01 18:36:00,18,1116,0.0005841366067072997,185.64,True,35.0,20260202
SHORT,2094,entry,sell,-1,1,1442322,2026-02-01 20:50:00,20,1250,0.0005183371335575074,-274.36,False,1.0,20260202
SHORT,2094,exit,buy,-1,1,1442323,2026-02-01 20:51:00,20,1251,0.0005245639090144873,-274.36,False,1.0,20260202
SHORT,2095,entry,sell,-1,1,1442330,2026-02-01 20:58:00,20,1258,0.0005444870835063443,-814.36,False,7.0,20260202
SHORT,2095,exit,buy,-1,1,1442337,2026-02-01 21:05:00,21,1265,0.0005411802334007612,-814.36,False,7.0,20260202
SHORT,2096,entry,sell,-1,1,1442344,2026-02-01 21:12:00,21,1272,0.0005233014936772625,-354.36,False,4.0,20260202
SHORT,2096,exit,buy,-1,1,1442348,2026-02-01 21:16:00,21,1276,0.0005050831484128095,-354.36,False,4.0,20260202
SHORT,2097,entry,sell,-1,1,1442351,2026-02-01 21:19:00,21,1279,0.0005218843842121087,50.64,True,1.0,20260202
SHORT,2097,exit,buy,-1,1,1442352,2026-02-01 21:20:00,21,1280,0.0005218806351192491,50.64,True,1.0,20260202
SHORT,2098,entry,sell,-1,1,1442353,2026-02-01 21:21:00,21,1281,0.0005227754253187928,120.64,True,1.0,20260202
SHORT,2098,exit,buy,-1,1,1442354,2026-02-01 21:22:00,21,1282,0.0005227621347411357,120.64,True,1.0,20260202
SHORT,2099,entry,sell,-1,1,1442355,2026-02-01 21:23:00,21,1283,0.0005238146564732757,-124.36,False,1.0,20260202
SHORT,2099,exit,buy,-1,1,1442356,2026-02-01 21:24:00,21,1284,0.0005177042729886306,-124.36,False,1.0,20260202
SHORT,2100,entry,sell,-1,1,1442383,2026-02-01 21:51:00,21,1311,0.00042097729693893227,1325.64,True,89.0,20260202
SHORT,2100,exit,buy,-1,1,1442472,2026-02-01 23:20:00,23,1400,0.0004108250870184629,1325.64,True,89.0,20260202
SHORT,2101,entry,sell,-1,1,1442558,2026-02-02 00:46:00,0,46,0.000353520897706227,-874.36,False,83.0,20260202
SHORT,2101,exit,buy,-1,1,1442641,2026-02-02 02:09:00,2,129,0.0004239636019870735,-874.36,False,83.0,20260202
SHORT,2102,entry,sell,-1,1,1444467,2026-02-03 09:35:00,9,575,0.00033095033657531937,130.64,True,1.0,20260203
SHORT,2102,exit,buy,-1,1,1444468,2026-02-03 09:36:00,9,576,0.00032671470360024656,130.64,True,1.0,20260203
SHORT,2103,entry,sell,-1,1,1444469,2026-02-03 09:37:00,9,577,0.00032629549937383736,6325.64,True,50.0,20260203
SHORT,2103,exit,buy,-1,1,1444519,2026-02-03 10:27:00,10,627,0.0008527033238715222,6325.64,True,50.0,20260203
SHORT,2104,entry,sell,-1,1,1445531,2026-02-04 04:19:00,4,259,0.00032239863300543897,-204.36,False,17.0,20260204
SHORT,2104,exit,buy,-1,1,1445548,2026-02-04 04:36:00,4,276,0.00033030999268645044,-204.36,False,17.0,20260204
SHORT,2105,entry,sell,-1,1,1445783,2026-02-04 08:31:00,8,511,0.0002656700188814143,10.64,True,3.0,20260204
SHORT,2105,exit,buy,-1,1,1445786,2026-02-04 08:34:00,8,514,0.0002573851879047049,10.64,True,3.0,20260204
SHORT,2106,entry,sell,-1,1,1445803,2026-02-04 08:51:00,8,531,0.0002684519940585429,-754.36,False,39.0,20260204
SHORT,2106,exit,buy,-1,1,1445842,2026-02-04 09:30:00,9,570,0.00029481387881243564,-754.36,False,39.0,20260204
SHORT,2107,entry,sell,-1,1,1445843,2026-02-04 09:31:00,9,571,0.00047732873496042445,-899.36,False,9.0,20260204
SHORT,2107,exit,buy,-1,1,1445852,2026-02-04 09:40:00,9,580,0.0006228399599460119,-899.36,False,9.0,20260204
SHORT,2108,entry,sell,-1,1,1446486,2026-02-04 21:14:00,21,1274,0.00034609886541506,-1169.36,False,288.0,20260205
SHORT,2108,exit,buy,-1,1,1446774,2026-02-05 02:02:00,2,122,0.00029031799371956443,-1169.36,False,288.0,20260205
SHORT,2109,entry,sell,-1,1,1446886,2026-02-05 03:54:00,3,234,0.00038280686205029396,-1379.36,False,38.0,20260205
SHORT,2109,exit,buy,-1,1,1446924,2026-02-05 04:32:00,4,272,0.00045354842443919745,-1379.36,False,38.0,20260205
SHORT,2110,entry,sell,-1,1,1449703,2026-02-09 04:51:00,4,291,0.0002122870350135883,1935.64,True,59.0,20260209
SHORT,2110,exit,buy,-1,1,1449762,2026-02-09 05:50:00,5,350,0.00031577610840293494,1935.64,True,59.0,20260209
SHORT,2111,entry,sell,-1,1,1452770,2026-02-11 09:58:00,9,598,0.0006195253977088123,3550.64,True,38.0,20260211
SHORT,2111,exit,buy,-1,1,1452808,2026-02-11 10:36:00,10,636,0.0007836069545646339,3550.64,True,38.0,20260211
SHORT,2112,entry,sell,-1,1,1453221,2026-02-11 18:29:00,18,1109,0.00017968089472183703,-1399.36,False,130.0,20260212
SHORT,2112,exit,buy,-1,1,1453351,2026-02-11 20:39:00,20,1239,0.00019737780581381822,-1399.36,False,130.0,20260212
SHORT,2113,entry,sell,-1,1,1454960,2026-02-13 00:28:00,0,28,0.00018508407253916445,115.64,True,85.0,20260213
SHORT,2113,exit,buy,-1,1,1455045,2026-02-13 01:53:00,1,113,0.0003361788816148483,115.64,True,85.0,20260213
SHORT,2114,entry,sell,-1,1,1455130,2026-02-13 03:18:00,3,198,0.00033851254059905756,-1204.36,False,8.0,20260213
SHORT,2114,exit,buy,-1,1,1455138,2026-02-13 03:26:00,3,206,0.0003640278958958981,-1204.36,False,8.0,20260213
SHORT,2115,entry,sell,-1,1,1455293,2026-02-13 06:01:00,6,361,0.0002355474451962617,450.64,True,35.0,20260213
SHORT,2115,exit,buy,-1,1,1455328,2026-02-13 06:36:00,6,396,0.0003828481716108176,450.64,True,35.0,20260213
SHORT,2116,entry,sell,-1,1,1455424,2026-02-13 08:12:00,8,492,0.00039800663438636685,-929.36,False,12.0,20260213
SHORT,2116,exit,buy,-1,1,1455436,2026-02-13 08:24:00,8,504,0.0004449724348604184,-929.36,False,12.0,20260213
SHORT,2117,entry,sell,-1,1,1457263,2026-02-16 20:53:00,20,1253,0.0002596330244478907,1635.64,True,258.0,20260217
SHORT,2117,exit,buy,-1,1,1457521,2026-02-17 01:11:00,1,71,0.00025469188252759026,1635.64,True,258.0,20260217
SHORT,2118,entry,sell,-1,1,1459402,2026-02-18 09:32:00,9,572,0.00033065698664149943,-489.36,False,7.0,20260218
SHORT,2118,exit,buy,-1,1,1459409,2026-02-18 09:39:00,9,579,0.0005131945954242451,-489.36,False,7.0,20260218
SHORT,2119,entry,sell,-1,1,1460488,2026-02-19 04:38:00,4,278,0.00030391596727235025,330.64,True,17.0,20260219
SHORT,2119,exit,buy,-1,1,1460505,2026-02-19 04:55:00,4,295,0.0003092499671117885,330.64,True,17.0,20260219
SHORT,2120,entry,sell,-1,1,1460518,2026-02-19 05:08:00,5,308,0.00031229170945508753,-154.36,False,40.0,20260219
SHORT,2120,exit,buy,-1,1,1460558,2026-02-19 05:48:00,5,348,0.0003204086568208238,-154.36,False,40.0,20260219
SHORT,2121,entry,sell,-1,1,1460562,2026-02-19 05:52:00,5,352,0.000330290563804521,-759.36,False,19.0,20260219
SHORT,2121,exit,buy,-1,1,1460581,2026-02-19 06:11:00,6,371,0.0002960576136329219,-759.36,False,19.0,20260219
SHORT,2122,entry,sell,-1,1,1460632,2026-02-19 07:02:00,7,422,0.0002783580698105779,-629.36,False,9.0,20260219
SHORT,2122,exit,buy,-1,1,1460641,2026-02-19 07:11:00,7,431,0.0002887254314951323,-629.36,False,9.0,20260219
SHORT,2123,entry,sell,-1,1,1460709,2026-02-19 08:19:00,8,499,0.00023252569258658167,-794.36,False,18.0,20260219
SHORT,2123,exit,buy,-1,1,1460727,2026-02-19 08:37:00,8,517,0.00027859868692275085,-794.36,False,18.0,20260219
SHORT,2124,entry,sell,-1,1,1462009,2026-02-20 06:59:00,6,419,0.0002637029463375181,-214.36,False,77.0,20260220
SHORT,2124,exit,buy,-1,1,1462086,2026-02-20 08:16:00,8,496,0.000254526196694088,-214.36,False,77.0,20260220
SHORT,2125,entry,sell,-1,1,1462103,2026-02-20 08:33:00,8,513,0.00034690139849878366,-144.36,False,30.0,20260220
SHORT,2125,exit,buy,-1,1,1462133,2026-02-20 09:03:00,9,543,0.0004134575813080741,-144.36,False,30.0,20260220
SHORT,2126,entry,sell,-1,1,1462142,2026-02-20 09:12:00,9,552,0.0004133469591317168,-674.36,False,21.0,20260220
SHORT,2126,exit,buy,-1,1,1462163,2026-02-20 09:33:00,9,573,0.00042251164405888585,-674.36,False,21.0,20260220
SHORT,2127,entry,sell,-1,1,1462638,2026-02-22 18:28:00,18,1108,0.00023803049779096063,675.64,True,573.0,20260223
SHORT,2127,exit,buy,-1,1,1463211,2026-02-23 04:01:00,4,241,0.00020763271790557453,675.64,True,573.0,20260223
SHORT,2128,entry,sell,-1,1,1463368,2026-02-23 06:38:00,6,398,0.00014223291594438065,390.64,True,92.0,20260223
SHORT,2128,exit,buy,-1,1,1463460,2026-02-23 08:10:00,8,490,0.0002096120040974631,390.64,True,92.0,20260223
SHORT,2129,entry,sell,-1,1,1464580,2026-02-24 03:50:00,3,230,0.00027869465169375296,-554.36,False,8.0,20260224
SHORT,2129,exit,buy,-1,1,1464588,2026-02-24 03:58:00,3,238,0.00029060090246060924,-554.36,False,8.0,20260224
SHORT,2130,entry,sell,-1,1,1464928,2026-02-24 09:38:00,9,578,0.0004046139778852475,-1509.36,False,1.0,20260224
SHORT,2130,exit,buy,-1,1,1464929,2026-02-24 09:39:00,9,579,0.0005614310305108032,-1509.36,False,1.0,20260224
SHORT,2131,entry,sell,-1,1,1466752,2026-02-25 18:02:00,18,1082,0.00039114594663420995,1275.64,True,86.0,20260226
SHORT,2131,exit,buy,-1,1,1466838,2026-02-25 19:28:00,19,1168,0.00028825621497444,1275.64,True,86.0,20260226
SHORT,2132,entry,sell,-1,1,1468134,2026-02-26 18:04:00,18,1084,0.0001941130425232966,-874.36,False,18.0,20260227
SHORT,2132,exit,buy,-1,1,1468152,2026-02-26 18:22:00,18,1102,0.00024016985012111344,-874.36,False,18.0,20260227
SHORT,2133,entry,sell,-1,1,1468153,2026-02-26 18:23:00,18,1103,0.00024017106468486162,650.64,True,99.0,20260227
SHORT,2133,exit,buy,-1,1,1468252,2026-02-26 20:02:00,20,1202,0.00022732070889962253,650.64,True,99.0,20260227
SHORT,2134,entry,sell,-1,1,1468261,2026-02-26 20:11:00,20,1211,0.00022865235919339148,-124.36,False,1.0,20260227
SHORT,2134,exit,buy,-1,1,1468262,2026-02-26 20:12:00,20,1212,0.0002276288257353431,-124.36,False,1.0,20260227
SHORT,2135,entry,sell,-1,1,1468281,2026-02-26 20:31:00,20,1231,0.00025812888064364237,-249.36,False,3.0,20260227
SHORT,2135,exit,buy,-1,1,1468284,2026-02-26 20:34:00,20,1234,0.0002478266885237016,-249.36,False,3.0,20260227
SHORT,2136,entry,sell,-1,1,1468293,2026-02-26 20:43:00,20,1243,0.00024173895925193005,25.64,True,1.0,20260227
SHORT,2136,exit,buy,-1,1,1468294,2026-02-26 20:44:00,20,1244,0.00023486119082961532,25.64,True,1.0,20260227
SHORT,2137,entry,sell,-1,1,1468295,2026-02-26 20:45:00,20,1245,0.0002321568933920658,-744.36,False,47.0,20260227
SHORT,2137,exit,buy,-1,1,1468342,2026-02-26 21:32:00,21,1292,0.00019821136174419631,-744.36,False,47.0,20260227
SHORT,2138,entry,sell,-1,1,1469511,2026-03-01 18:01:00,18,1081,0.00020626025153835305,-1884.36,False,10.0,20260302
SHORT,2138,exit,buy,-1,1,1469521,2026-03-01 18:11:00,18,1091,0.00044364135627919835,-1884.36,False,10.0,20260302
SHORT,2139,entry,sell,-1,1,1473813,2026-03-04 20:43:00,20,1243,0.0003945051016374189,-84.36,False,28.0,20260305
SHORT,2139,exit,buy,-1,1,1473841,2026-03-04 21:11:00,21,1271,0.0004504989911934121,-84.36,False,28.0,20260305
SHORT,2140,entry,sell,-1,1,1473919,2026-03-04 22:29:00,22,1349,0.0002452725277658236,-534.36,False,27.0,20260305
SHORT,2140,exit,buy,-1,1,1473946,2026-03-04 22:56:00,22,1376,0.0002773688265328343,-534.36,False,27.0,20260305
SHORT,2141,entry,sell,-1,1,1474071,2026-03-05 01:01:00,1,61,0.00016931972995732264,-589.36,False,50.0,20260305
SHORT,2141,exit,buy,-1,1,1474121,2026-03-05 01:51:00,1,111,0.00030782015741730596,-589.36,False,50.0,20260305
SHORT,2142,entry,sell,-1,1,1474195,2026-03-05 03:05:00,3,185,0.0002947048261757368,-494.36,False,52.0,20260305
SHORT,2142,exit,buy,-1,1,1474247,2026-03-05 03:57:00,3,237,0.0004227995366373035,-494.36,False,52.0,20260305
SHORT,2143,entry,sell,-1,1,1475655,2026-03-06 04:25:00,4,265,0.0003625230878923557,685.64,True,39.0,20260306
SHORT,2143,exit,buy,-1,1,1475694,2026-03-06 05:04:00,5,304,0.00038040332247731695,685.64,True,39.0,20260306
SHORT,2144,entry,sell,-1,1,1475754,2026-03-06 06:04:00,6,364,0.00036415982791789106,-779.36,False,18.0,20260306
SHORT,2144,exit,buy,-1,1,1475772,2026-03-06 06:22:00,6,382,0.00039521412701068725,-779.36,False,18.0,20260306
SHORT,2145,entry,sell,-1,1,1475785,2026-03-06 06:35:00,6,395,0.00034291263677536715,4265.64,True,178.0,20260306
SHORT,2145,exit,buy,-1,1,1475963,2026-03-06 09:33:00,9,573,0.0005799132483057818,4265.64,True,178.0,20260306
SHORT,2146,entry,sell,-1,1,1477354,2026-03-09 09:44:00,9,584,0.0006895453692722691,5.64,True,1.0,20260309
SHORT,2146,exit,buy,-1,1,1477355,2026-03-09 09:45:00,9,585,0.0006895453531330242,5.64,True,1.0,20260309
SHORT,2147,entry,sell,-1,1,1477356,2026-03-09 09:46:00,9,586,0.0007074951226667824,-1069.36,False,3.0,20260309
SHORT,2147,exit,buy,-1,1,1477359,2026-03-09 09:49:00,9,589,0.0007335277053821459,-1069.36,False,3.0,20260309
SHORT,2148,entry,sell,-1,1,1477361,2026-03-09 09:51:00,9,591,0.0007674801399719099,350.64,True,3.0,20260309
SHORT,2148,exit,buy,-1,1,1477364,2026-03-09 09:54:00,9,594,0.0007776230205615647,350.64,True,3.0,20260309
SHORT,2149,entry,sell,-1,1,1477365,2026-03-09 09:55:00,9,595,0.0007824023326938137,-729.36,False,1.0,20260309
SHORT,2149,exit,buy,-1,1,1477366,2026-03-09 09:56:00,9,596,0.000805191092792126,-729.36,False,1.0,20260309
SHORT,2150,entry,sell,-1,1,1477924,2026-03-09 20:14:00,20,1214,0.0002372658421150178,-1894.36,False,24.0,20260310
SHORT,2150,exit,buy,-1,1,1477948,2026-03-09 20:38:00,20,1238,0.0003245994818048742,-1894.36,False,24.0,20260310
SHORT,2151,entry,sell,-1,1,1480556,2026-03-11 18:06:00,18,1086,0.00013524194989044552,1420.64,True,212.0,20260312
SHORT,2151,exit,buy,-1,1,1480768,2026-03-11 21:38:00,21,1298,0.00021404277451957712,1420.64,True,212.0,20260312
SHORT,2152,entry,sell,-1,1,1486914,2026-03-18 08:04:00,8,484,0.0002972028514776973,1880.64,True,37.0,20260318
SHORT,2152,exit,buy,-1,1,1486951,2026-03-18 08:41:00,8,521,0.000388622852396953,1880.64,True,37.0,20260318
SHORT,2153,entry,sell,-1,1,1488382,2026-03-19 09:32:00,9,572,0.0005246786843228711,-1749.36,False,10.0,20260319
SHORT,2153,exit,buy,-1,1,1488392,2026-03-19 09:42:00,9,582,0.0006410251724788467,-1749.36,False,10.0,20260319
SHORT,2154,entry,sell,-1,1,1489371,2026-03-20 03:01:00,3,181,0.00022264112737532208,-839.36,False,17.0,20260320
SHORT,2154,exit,buy,-1,1,1489388,2026-03-20 03:18:00,3,198,0.00026093863996018825,-839.36,False,17.0,20260320
SHORT,2155,entry,sell,-1,1,1489491,2026-03-20 05:01:00,5,301,0.0002593062177766644,-609.36,False,9.0,20260320
SHORT,2155,exit,buy,-1,1,1489500,2026-03-20 05:10:00,5,310,0.0003286387812252398,-609.36,False,9.0,20260320
SHORT,2156,entry,sell,-1,1,1490211,2026-03-22 18:01:00,18,1081,0.0002450807332482032,-2844.36,False,28.0,20260323
SHORT,2156,exit,buy,-1,1,1490239,2026-03-22 18:29:00,18,1109,0.00041155186767461333,-2844.36,False,28.0,20260323
SHORT,2157,entry,sell,-1,1,1492531,2026-03-24 09:41:00,9,581,0.0005812129339526254,-1264.36,False,20.0,20260324
SHORT,2157,exit,buy,-1,1,1492551,2026-03-24 10:01:00,10,601,0.000792068206910577,-1264.36,False,20.0,20260324
SHORT,2158,entry,sell,-1,1,1494625,2026-03-25 22:35:00,22,1355,0.0002532895339178413,-494.36,False,12.0,20260326
SHORT,2158,exit,buy,-1,1,1494637,2026-03-25 22:47:00,22,1367,0.00025450891836391207,-494.36,False,12.0,20260326
SHORT,2159,entry,sell,-1,1,1494783,2026-03-26 01:13:00,1,73,0.00019724138589731653,255.64,True,77.0,20260326
SHORT,2159,exit,buy,-1,1,1494860,2026-03-26 02:30:00,2,150,0.00027198973220756724,255.64,True,77.0,20260326
SHORT,2160,entry,sell,-1,1,1494911,2026-03-26 03:21:00,3,201,0.0003086877087980226,-824.36,False,2.0,20260326
SHORT,2160,exit,buy,-1,1,1494913,2026-03-26 03:23:00,3,203,0.0003461022120732071,-824.36,False,2.0,20260326
SHORT,2161,entry,sell,-1,1,1494964,2026-03-26 04:14:00,4,254,0.00034439422981206183,390.64,True,43.0,20260326
SHORT,2161,exit,buy,-1,1,1495007,2026-03-26 04:57:00,4,297,0.00036170506964151503,390.64,True,43.0,20260326
SHORT,2162,entry,sell,-1,1,1495030,2026-03-26 05:20:00,5,320,0.00036535411824345314,-79.36,False,38.0,20260326
SHORT,2162,exit,buy,-1,1,1495068,2026-03-26 05:58:00,5,358,0.0003521980910266,-79.36,False,38.0,20260326
SHORT,2163,entry,sell,-1,1,1495174,2026-03-26 07:44:00,7,464,0.00028452122712366003,-344.36,False,28.0,20260326
SHORT,2163,exit,buy,-1,1,1495202,2026-03-26 08:12:00,8,492,0.00026049071786408073,-344.36,False,28.0,20260326
SHORT,2164,entry,sell,-1,1,1495226,2026-03-26 08:36:00,8,516,0.0002616882279906198,-1039.36,False,25.0,20260326
SHORT,2164,exit,buy,-1,1,1495251,2026-03-26 09:01:00,9,541,0.00027881750540300563,-1039.36,False,25.0,20260326
SHORT,2165,entry,sell,-1,1,1498558,2026-03-30 19:08:00,19,1148,0.00021533059539405314,-769.36,False,91.0,20260331
SHORT,2165,exit,buy,-1,1,1498649,2026-03-30 20:39:00,20,1239,0.0005750592612208906,-769.36,False,91.0,20260331
SHORT,2166,entry,sell,-1,1,1498669,2026-03-30 20:59:00,20,1259,0.000839724823984101,-1009.36,False,22.0,20260331
SHORT,2166,exit,buy,-1,1,1498691,2026-03-30 21:21:00,21,1281,0.0008467984819155601,-1009.36,False,22.0,20260331
SHORT,2167,entry,sell,-1,1,1500541,2026-04-01 05:11:00,5,311,0.00032902135068728117,-549.36,False,36.0,20260401
SHORT,2167,exit,buy,-1,1,1500577,2026-04-01 05:47:00,5,347,0.0002780863551691226,-549.36,False,36.0,20260401
SHORT,2168,entry,sell,-1,1,1500737,2026-04-01 08:27:00,8,507,0.0002190160754598962,-1044.36,False,18.0,20260401
SHORT,2168,exit,buy,-1,1,1500755,2026-04-01 08:45:00,8,525,0.00046136835462285894,-1044.36,False,18.0,20260401
SHORT,2169,entry,sell,-1,1,1501435,2026-04-01 21:05:00,21,1265,0.0005012056263764908,-784.36,False,6.0,20260402
SHORT,2169,exit,buy,-1,1,1501441,2026-04-01 21:11:00,21,1271,0.0006323414969485573,-784.36,False,6.0,20260402
SHORT,2170,entry,sell,-1,1,1501446,2026-04-01 21:16:00,21,1276,0.0006999347756626408,5520.64,True,360.0,20260402
SHORT,2170,exit,buy,-1,1,1501806,2026-04-02 03:16:00,3,196,0.00022826694411258412,5520.64,True,360.0,20260402
SHORT,2171,entry,sell,-1,1,1503541,2026-04-05 18:02:00,18,1082,0.0004341216142905272,685.64,True,12.0,20260406
SHORT,2171,exit,buy,-1,1,1503553,2026-04-05 18:14:00,18,1094,0.0004667132803503699,685.64,True,12.0,20260406
SHORT,2172,entry,sell,-1,1,1504953,2026-04-06 18:34:00,18,1114,0.0002511655263374026,-904.36,False,103.0,20260407
SHORT,2172,exit,buy,-1,1,1505056,2026-04-06 20:17:00,20,1217,0.00024183198220551903,-904.36,False,103.0,20260407
SHORT,2173,entry,sell,-1,1,1505076,2026-04-06 20:37:00,20,1237,0.0002611227250850301,1395.64,True,229.0,20260407
SHORT,2173,exit,buy,-1,1,1505305,2026-04-07 00:26:00,0,26,0.00015033398570776357,1395.64,True,229.0,20260407
SHORT,2174,entry,sell,-1,1,1505370,2026-04-07 01:31:00,1,91,0.00015518058510734128,-1119.36,False,150.0,20260407
SHORT,2174,exit,buy,-1,1,1505520,2026-04-07 04:01:00,4,241,0.00023847911271728325,-1119.36,False,150.0,20260407
SHORT,2175,entry,sell,-1,1,1505524,2026-04-07 04:05:00,4,245,0.0004138582461643973,-1139.36,False,11.0,20260407
SHORT,2175,exit,buy,-1,1,1505535,2026-04-07 04:16:00,4,256,0.00042016745335296264,-1139.36,False,11.0,20260407
SHORT,2176,entry,sell,-1,1,1506332,2026-04-07 18:33:00,18,1113,0.0009317218500577247,-3399.36,False,1.0,20260408
SHORT,2176,exit,buy,-1,1,1506333,2026-04-07 18:34:00,18,1114,0.0014156352096599584,-3399.36,False,1.0,20260408
SHORT,2177,entry,sell,-1,1,1510440,2026-04-12 18:01:00,18,1081,9.361783976238036e-05,-1074.36,False,168.0,20260413
SHORT,2177,exit,buy,-1,1,1510608,2026-04-12 20:49:00,20,1249,0.00027153625581399733,-1074.36,False,168.0,20260413
SHORT,2178,entry,sell,-1,1,1511277,2026-04-13 07:58:00,7,478,0.00021076032471259313,245.64,True,6.0,20260413
SHORT,2178,exit,buy,-1,1,1511283,2026-04-13 08:04:00,8,484,0.0002061315575040623,245.64,True,6.0,20260413
SHORT,2179,entry,sell,-1,1,1511284,2026-04-13 08:05:00,8,485,0.00020679472910862867,-149.36,False,2.0,20260413
SHORT,2179,exit,buy,-1,1,1511286,2026-04-13 08:07:00,8,487,0.00021275473723949442,-149.36,False,2.0,20260413
SHORT,2180,entry,sell,-1,1,1511287,2026-04-13 08:08:00,8,488,0.00020980412834200061,-109.36,False,1.0,20260413
SHORT,2180,exit,buy,-1,1,1511288,2026-04-13 08:09:00,8,489,0.00021199681317727584,-109.36,False,1.0,20260413
SHORT,2181,entry,sell,-1,1,1511387,2026-04-13 09:48:00,9,588,0.0003073230763784498,-2104.36,False,2.0,20260413
SHORT,2181,exit,buy,-1,1,1511389,2026-04-13 09:50:00,9,590,0.00048239173299515696,-2104.36,False,2.0,20260413
SHORT,2182,entry,sell,-1,1,1516892,2026-04-17 09:33:00,9,573,0.00047976390264979705,-1354.36,False,28.0,20260417
SHORT,2182,exit,buy,-1,1,1516920,2026-04-17 10:01:00,10,601,0.0005572544649845847,-1354.36,False,28.0,20260417
SHORT,2183,entry,sell,-1,1,1517341,2026-04-19 18:02:00,18,1082,0.00014566986100778803,-1429.36,False,8.0,20260420
SHORT,2183,exit,buy,-1,1,1517349,2026-04-19 18:10:00,18,1090,0.0003098208737361732,-1429.36,False,8.0,20260420
SHORT,2184,entry,sell,-1,1,1520023,2026-04-21 15:45:00,15,945,0.0005696216477364027,-3184.36,False,25.0,20260421
SHORT,2184,exit,buy,-1,1,1520048,2026-04-21 16:10:00,16,970,0.0008059217653037363,-3184.36,False,25.0,20260421
SHORT,2185,entry,sell,-1,1,1521611,2026-04-22 20:13:00,20,1213,0.00027308725901670845,1530.64,True,5.0,20260423
SHORT,2185,exit,buy,-1,1,1521616,2026-04-22 20:18:00,20,1218,0.000491873444117841,1530.64,True,5.0,20260423
SHORT,2186,entry,sell,-1,1,1523752,2026-04-24 08:54:00,8,534,0.00026412170009013037,-969.36,False,23.0,20260424
SHORT,2186,exit,buy,-1,1,1523775,2026-04-24 09:17:00,9,557,0.0002644021809641514,-969.36,False,23.0,20260424
SHORT,2187,entry,sell,-1,1,1523788,2026-04-24 09:30:00,9,570,0.00028276396843836173,-739.36,False,10.0,20260424
SHORT,2187,exit,buy,-1,1,1523798,2026-04-24 09:40:00,9,580,0.00036109547891490635,-739.36,False,10.0,20260424
SHORT,2188,entry,sell,-1,1,1524241,2026-04-26 18:03:00,18,1083,0.00012327320236132344,-639.36,False,142.0,20260427
SHORT,2188,exit,buy,-1,1,1524383,2026-04-26 20:25:00,20,1225,0.000152367405231511,-639.36,False,142.0,20260427
SHORT,2189,entry,sell,-1,1,1524684,2026-04-27 01:26:00,1,86,0.00014393767860582728,660.64,True,199.0,20260427
SHORT,2189,exit,buy,-1,1,1524883,2026-04-27 04:45:00,4,285,0.00014145795603062784,660.64,True,199.0,20260427
SHORT,2190,entry,sell,-1,1,1525100,2026-04-27 08:22:00,8,502,0.000134933189194558,35.64,True,1.0,20260427
SHORT,2190,exit,buy,-1,1,1525101,2026-04-27 08:23:00,8,503,0.00013310526326079476,35.64,True,1.0,20260427
SHORT,2191,entry,sell,-1,1,1525102,2026-04-27 08:24:00,8,504,0.00013351740815612296,60.64,True,27.0,20260427
SHORT,2191,exit,buy,-1,1,1525129,2026-04-27 08:51:00,8,531,0.00021472568139065465,60.64,True,27.0,20260427
SHORT,2192,entry,sell,-1,1,1525191,2026-04-27 09:53:00,9,593,0.0003918427164596051,-1359.36,False,4.0,20260427
SHORT,2192,exit,buy,-1,1,1525195,2026-04-27 09:57:00,9,597,0.00044577764831901133,-1359.36,False,4.0,20260427
SHORT,2193,entry,sell,-1,1,1525901,2026-04-27 22:43:00,22,1363,0.0001866768181051113,-399.36,False,48.0,20260428
SHORT,2193,exit,buy,-1,1,1525949,2026-04-27 23:31:00,23,1411,0.00013043751970082264,-399.36,False,48.0,20260428
SHORT,2194,entry,sell,-1,1,1526045,2026-04-28 01:07:00,1,67,9.677334454073716e-05,1195.64,True,194.0,20260428
SHORT,2194,exit,buy,-1,1,1526239,2026-04-28 04:21:00,4,261,0.0001881277535349916,1195.64,True,194.0,20260428
SHORT,2195,entry,sell,-1,1,1526303,2026-04-28 05:25:00,5,325,0.00013751563967151948,4490.64,True,196.0,20260428
SHORT,2195,exit,buy,-1,1,1526499,2026-04-28 08:41:00,8,521,0.000346697406440024,4490.64,True,196.0,20260428
SHORT,2196,entry,sell,-1,1,1534047,2026-05-05 20:29:00,20,1229,0.00025708095666196484,-999.36,False,51.0,20260506
SHORT,2196,exit,buy,-1,1,1534098,2026-05-05 21:20:00,21,1280,0.0002202990687349189,-999.36,False,51.0,20260506
SHORT,2197,entry,sell,-1,1,1534830,2026-05-06 09:32:00,9,572,0.0004334265907639486,-644.36,False,1.0,20260506
SHORT,2197,exit,buy,-1,1,1534831,2026-05-06 09:33:00,9,573,0.0004577869594391297,-644.36,False,1.0,20260506
SHORT,2198,entry,sell,-1,1,1536440,2026-05-07 13:22:00,13,802,0.00042389967222570564,-594.36,False,2.0,20260507
SHORT,2198,exit,buy,-1,1,1536442,2026-05-07 13:24:00,13,804,0.0004241235720843513,-594.36,False,2.0,20260507
SHORT,2199,entry,sell,-1,1,1536445,2026-05-07 13:27:00,13,807,0.00050504331834066,-1604.36,False,12.0,20260507
SHORT,2199,exit,buy,-1,1,1536457,2026-05-07 13:39:00,13,819,0.0005592486759199948,-1604.36,False,12.0,20260507
SHORT,2200,entry,sell,-1,1,1538040,2026-05-10 18:02:00,18,1082,0.00023508636858930601,-1559.36,False,68.0,20260511
SHORT,2200,exit,buy,-1,1,1538108,2026-05-10 19:10:00,19,1150,0.0002401070239135211,-1559.36,False,68.0,20260511
SHORT,2201,entry,sell,-1,1,1539622,2026-05-11 21:24:00,21,1284,0.00020611063761393001,1100.64,True,23.0,20260512
SHORT,2201,exit,buy,-1,1,1539645,2026-05-11 21:47:00,21,1307,0.0002561992130941723,1100.64,True,23.0,20260512
SHORT,2202,entry,sell,-1,1,1541672,2026-05-13 08:34:00,8,514,0.0003602714980734626,220.64,True,12.0,20260513
SHORT,2202,exit,buy,-1,1,1541684,2026-05-13 08:46:00,8,526,0.00042458822697901116,220.64,True,12.0,20260513
SHORT,2203,entry,sell,-1,1,1541730,2026-05-13 09:32:00,9,572,0.00043090692812434116,880.64,True,21.0,20260513
SHORT,2203,exit,buy,-1,1,1541751,2026-05-13 09:53:00,9,593,0.0006486239208626985,880.64,True,21.0,20260513
SHORT,2204,entry,sell,-1,1,1542466,2026-05-13 22:48:00,22,1368,0.0001826885766896526,440.64,True,97.0,20260514
SHORT,2204,exit,buy,-1,1,1542563,2026-05-14 00:25:00,0,25,0.00020557293135857127,440.64,True,97.0,20260514
SHORT,2205,entry,sell,-1,1,1542781,2026-05-14 04:03:00,4,243,0.00019014766726031682,-674.36,False,12.0,20260514
SHORT,2205,exit,buy,-1,1,1542793,2026-05-14 04:15:00,4,255,0.00021473456233527015,-674.36,False,12.0,20260514
SHORT,2206,entry,sell,-1,1,1542824,2026-05-14 04:46:00,4,286,0.00025400153845703526,230.64,True,64.0,20260514
SHORT,2206,exit,buy,-1,1,1542888,2026-05-14 05:50:00,5,350,0.0002377336626801332,230.64,True,64.0,20260514
SHORT,2207,entry,sell,-1,1,1543073,2026-05-14 08:55:00,8,535,0.00019994577305685696,-504.36,False,38.0,20260514
SHORT,2207,exit,buy,-1,1,1543111,2026-05-14 09:33:00,9,573,0.0003104698230264022,-504.36,False,38.0,20260514
SHORT,2208,entry,sell,-1,1,1544496,2026-05-15 09:38:00,9,578,0.0005417020056003245,-1924.36,False,17.0,20260515
SHORT,2208,exit,buy,-1,1,1544513,2026-05-15 09:55:00,9,595,0.0007962115943290367,-1924.36,False,17.0,20260515
SHORT,2209,entry,sell,-1,1,1545876,2026-05-18 09:38:00,9,578,0.0005152857643424448,-139.36,False,1.0,20260518
SHORT,2209,exit,buy,-1,1,1545877,2026-05-18 09:39:00,9,579,0.0005163432898385253,-139.36,False,1.0,20260518
SHORT,2210,entry,sell,-1,1,1545880,2026-05-18 09:42:00,9,582,0.0005083670185387515,200.64,True,10.0,20260518
SHORT,2210,exit,buy,-1,1,1545890,2026-05-18 09:52:00,9,592,0.0006988242121913716,200.64,True,10.0,20260518
SHORT,2211,entry,sell,-1,1,1545901,2026-05-18 10:03:00,10,603,0.0007530853230206338,-1904.36,False,6.0,20260518
SHORT,2211,exit,buy,-1,1,1545907,2026-05-18 10:09:00,10,609,0.0008578758633859799,-1904.36,False,6.0,20260518
SHORT,2212,entry,sell,-1,1,1546518,2026-05-18 21:20:00,21,1280,0.0003254387086383613,365.64,True,341.0,20260519
SHORT,2212,exit,buy,-1,1,1546859,2026-05-19 03:01:00,3,181,0.00025997913874695953,365.64,True,341.0,20260519
SHORT,2213,entry,sell,-1,1,1546860,2026-05-19 03:02:00,3,182,0.00025907166409533253,-589.36,False,5.0,20260519
SHORT,2213,exit,buy,-1,1,1546865,2026-05-19 03:07:00,3,187,0.00026496676049008014,-589.36,False,5.0,20260519
SHORT,2214,entry,sell,-1,1,1546944,2026-05-19 04:26:00,4,266,0.0002791640611328961,1245.64,True,306.0,20260519
SHORT,2214,exit,buy,-1,1,1547250,2026-05-19 09:32:00,9,572,0.0005109562885072934,1245.64,True,306.0,20260519
SHORT,2215,entry,sell,-1,1,1552980,2026-05-25 18:02:00,18,1082,0.00011831531553651507,-164.36,False,21.0,20260526
SHORT,2215,exit,buy,-1,1,1553001,2026-05-25 18:23:00,18,1103,0.00017875346420445057,-164.36,False,21.0,20260526
SHORT,2216,entry,sell,-1,1,1553010,2026-05-25 18:32:00,18,1112,0.0002038923802617301,440.64,True,74.0,20260526
SHORT,2216,exit,buy,-1,1,1553084,2026-05-25 19:46:00,19,1186,0.000220328510204814,440.64,True,74.0,20260526
SHORT,2217,entry,sell,-1,1,1553099,2026-05-25 20:01:00,20,1201,0.0002322751215641328,360.64,True,373.0,20260526
SHORT,2217,exit,buy,-1,1,1553472,2026-05-26 02:14:00,2,134,0.00011903955084757114,360.64,True,373.0,20260526
SHORT,2218,entry,sell,-1,1,1553523,2026-05-26 03:05:00,3,185,0.00021064380435246278,-274.36,False,116.0,20260526
SHORT,2218,exit,buy,-1,1,1553639,2026-05-26 05:01:00,5,301,0.00014631889684334518,-274.36,False,116.0,20260526
SHORT,2219,entry,sell,-1,1,1553745,2026-05-26 06:47:00,6,407,0.00016719568163868246,-169.36,False,77.0,20260526
SHORT,2219,exit,buy,-1,1,1553822,2026-05-26 08:04:00,8,484,0.00021428247193205032,-169.36,False,77.0,20260526
SHORT,2220,entry,sell,-1,1,1554055,2026-05-26 11:57:00,11,717,0.0003856531630499874,-319.36,False,1.0,20260526
SHORT,2220,exit,buy,-1,1,1554056,2026-05-26 11:58:00,11,718,0.00039423088529058045,-319.36,False,1.0,20260526
SHORT,2221,entry,sell,-1,1,1555294,2026-05-27 09:36:00,9,576,0.00030141917099103305,1500.64,True,15.0,20260527
SHORT,2221,exit,buy,-1,1,1555309,2026-05-27 09:51:00,9,591,0.0006331264430060213,1500.64,True,15.0,20260527
SHORT,2222,entry,sell,-1,1,1555769,2026-05-27 18:31:00,18,1111,0.0002025782249883518,-1069.36,False,148.0,20260528
SHORT,2222,exit,buy,-1,1,1555917,2026-05-27 20:59:00,20,1259,0.0002957705464813454,-1069.36,False,148.0,20260528
SHORT,2223,entry,sell,-1,1,1555994,2026-05-27 22:16:00,22,1336,0.00022525044868075658,3285.64,True,195.0,20260528
SHORT,2223,exit,buy,-1,1,1556189,2026-05-28 01:31:00,1,91,0.00022955255998579363,3285.64,True,195.0,20260528
SHORT,2224,entry,sell,-1,1,1557279,2026-05-28 20:41:00,20,1241,0.00014333459071722086,-569.36,False,215.0,20260529
SHORT,2224,exit,buy,-1,1,1557494,2026-05-29 00:16:00,0,16,0.00011785677496952717,-569.36,False,215.0,20260529
